Iteration,Loss
0,6753205.7771064015
1,6153670.816222307
2,1461587.1543189262
3,384744.32755958766
4,214737.6491233084
5,206807.3560095999
6,416025.73007118434
7,310200.7383490774
8,478209.8731375906
9,748363.9053870413
