Iteration,Loss
0,1316531721.314765
1,1107632701.1255486
2,1126953357.553069
3,1279531582.6718512
4,1224788984.4164343
5,1259014097.8945837
6,1174095004.8695822
7,948230007.9180899
8,819231124.0271064
9,530993390.7776176
