Day,Task Loss,RMSE Loss
1.0,177.5775146484375,8.230361938476562
2.0,621.37744140625,15.566768646240234
3.0,935.80615234375,19.148448944091797
4.0,1584.784912109375,24.978443145751953
5.0,1857.675048828125,27.060043334960938
6.0,3348.222412109375,36.39684295654297
7.0,4663.94140625,42.99278259277344
