Day,Task Loss,RMSE Loss
1.0,829.2574462890625,16.32219886779785
2.0,405.1775207519531,10.88685417175293
3.0,301.9894714355469,9.17120361328125
4.0,117.69422912597656,5.1468658447265625
5.0,105.00257873535156,4.782405853271484
6.0,24.816692352294922,2.9570045471191406
7.0,172.53773498535156,8.109939575195312
