Day,Task Loss,RMSE Loss
1.0,70.00157928466797,3.656909942626953
2.0,14.169760704040527,1.1093254089355469
3.0,42.10508346557617,2.5653076171875
4.0,30.458114624023438,2.0228404998779297
5.0,129.88746643066406,5.480306625366211
6.0,28.738176345825195,1.9364032745361328
7.0,18.732017517089844,1.3901042938232422
