Day,Task Loss,RMSE Loss
1.0,491.7851257324219,12.1673583984375
2.0,149.42831420898438,5.985694885253906
3.0,63.084007263183594,3.406810760498047
4.0,8.130247116088867,1.6144142150878906
5.0,27.59585189819336,3.1284141540527344
6.0,383.77850341796875,12.191585540771484
7.0,908.7711791992188,18.866947174072266
