Day,Task Loss,RMSE Loss
1.0,621.7288818359375,13.89627456665039
2.0,241.50811767578125,8.03011703491211
3.0,142.77175903320312,5.817205429077148
4.0,15.918193817138672,1.2198257446289062
5.0,2.0556118488311768,0.19596099853515625
6.0,180.5757293701172,8.301193237304688
7.0,527.248779296875,14.32375717163086
