Day,Task Loss,RMSE Loss
1.0,554.7088623046875,13.029422760009766
2.0,192.768310546875,7.005960464477539
3.0,99.25523376464844,4.610755920410156
4.0,0.29509568214416504,0.197540283203125
5.0,6.831230163574219,1.4650802612304688
6.0,272.55975341796875,10.243366241455078
7.0,704.6494140625,16.58987045288086
