Day,Task Loss,RMSE Loss
1.0,686.9248657226562,14.696405410766602
2.0,291.0636901855469,8.973854064941406
3.0,189.228759765625,6.927009582519531
4.0,41.106834411621094,2.521364212036133
5.0,24.568923950195312,1.7185440063476562
6.0,112.93435668945312,6.524116516113281
7.0,387.659912109375,12.254074096679688
