Day,Task Loss,RMSE Loss
1.0,0.22961275279521942,0.022830963134765625
2.0,22.51044464111328,2.807353973388672
3.0,8.05146312713623,1.6057090759277344
4.0,16.485454559326172,2.375690460205078
5.0,10.729204177856445,0.8795280456542969
6.0,23.048032760620117,2.8428955078125
7.0,34.97345733642578,3.545581817626953
