Day,Task Loss,RMSE Loss
1.0,49.93064498901367,4.273506164550781
2.0,190.17669677734375,8.52414321899414
3.0,200.78204345703125,8.763973236083984
4.0,312.9830322265625,10.990764617919922
5.0,220.91390991210938,9.202423095703125
6.0,532.579345703125,14.396976470947266
7.0,703.19970703125,16.572593688964844
