Day,Task Loss,RMSE Loss
1.0,143.49388122558594,5.835659027099609
2.0,61.257179260253906,3.338808059692383
3.0,106.77764892578125,4.8345489501953125
4.0,89.94364929199219,4.322772979736328
5.0,230.26840209960938,7.803436279296875
6.0,88.48753356933594,4.276544570922852
7.0,72.430419921875,3.7421398162841797
