Day,Task Loss,RMSE Loss
1.0,1599.477783203125,25.09488296508789
2.0,2890.289794921875,33.80229187011719
3.0,3796.975341796875,38.77217102050781
4.0,5336.197265625,46.0008544921875
5.0,6171.34326171875,49.484779357910156
6.0,9126.494140625,60.22050476074219
7.0,11697.9375,68.20478820800781
