41,48
41,27459
41,51
41,27455
41,27454
41,90
41,27450
41,100
41,27444
41,106
41,27442
41,114
41,27440
41,115
41,27438
41,139
41,27437
41,145
41,27435
41,25385
48,51
48,59
48,27459
48,90
48,27455
48,27454
48,106
48,27450
48,114
48,27444
48,115
48,27442
48,139
48,27440
48,145
48,27438
48,160
48,27437
48,20623
48,21109
48,16022
51,59
51,90
51,100
51,27459
51,106
51,27455
51,114
51,27454
51,115
51,27450
51,139
51,27444
51,145
51,27442
51,160
51,27440
51,167
51,27438
59,90
59,100
59,106
59,114
59,27459
59,115
59,27455
59,139
59,27454
59,145
59,27450
59,160
59,27444
59,167
59,27442
59,176
59,27440
90,100
90,106
90,114
90,139
90,27459
90,145
90,27455
90,160
90,27454
90,167
90,27450
90,176
90,27444
90,177
90,27442
90,298
100,106
100,114
100,115
100,139
100,145
100,160
100,27459
100,167
100,27455
100,176
100,27454
100,27450
100,185
100,27444
100,12416
100,7729
100,26149
100,2830
100,21417
100,20937
106,114
106,115
106,145
106,160
106,176
106,27459
106,177
106,27455
106,185
106,27454
106,195
106,27450
106,22984
106,19621
114,139
114,145
114,160
114,167
114,176
114,177
114,185
114,27459
114,195
114,27455
114,223
114,21106
114,12008
115,145
115,167
115,176
115,177
115,185
115,195
115,223
115,27459
115,233
115,27455
115,9753
115,21231
139,160
139,167
139,176
139,177
139,185
139,195
139,233
139,261
139,27459
139,23658
139,18617
145,160
145,167
145,176
145,177
145,185
145,195
145,223
145,233
145,261
145,268
145,19868
160,167
160,176
160,177
160,185
160,195
160,223
160,261
160,268
160,275
160,21049
167,176
167,177
167,185
167,223
167,233
167,261
167,268
167,275
167,298
167,16955
167,8312
167,18635
176,177
176,185
176,195
176,223
176,233
176,268
176,275
176,298
176,15100
176,15659
177,185
177,195
177,223
177,233
177,261
177,268
177,275
177,298
177,307
177,319
177,27112
177,3962
185,195
185,223
185,268
185,275
185,298
185,307
185,319
185,328
185,19869
185,17471
195,223
195,233
195,261
195,268
195,275
195,298
195,307
195,319
195,328
195,344
223,233
223,261
223,268
223,275
223,298
223,307
223,319
223,328
223,344
223,345
233,261
233,275
233,298
233,307
233,319
233,328
233,344
233,345
233,353
233,20652
233,9483
261,275
261,298
261,307
261,319
261,328
261,344
261,345
261,353
261,361
261,8946
268,275
268,298
268,307
268,319
268,328
268,344
268,345
268,353
268,361
268,370
275,298
275,307
275,319
275,328
275,344
275,345
275,361
275,370
275,376
275,18669
275,8330
298,307
298,319
298,328
298,344
298,345
298,353
298,361
298,376
298,389
298,12547
298,12063
307,319
307,328
307,344
307,345
307,353
307,361
307,370
307,376
307,389
307,392
307,15674
319,344
319,345
319,353
319,361
319,370
319,376
319,389
319,392
319,395
319,22192
319,17140
319,7765
328,344
328,345
328,353
328,361
328,370
328,376
328,389
328,392
328,395
328,397
344,345
344,353
344,361
344,389
344,392
344,395
344,397
344,404
344,25981
344,5030
344,19194
345,353
345,361
345,370
345,376
345,389
345,392
345,395
345,397
345,404
345,411
345,3141
353,361
353,376
353,389
353,392
353,395
353,397
353,404
353,411
353,424
353,15684
361,370
361,376
361,392
361,395
361,397
361,404
361,411
361,424
361,441
361,9104
361,26736
370,376
370,389
370,392
370,395
370,397
370,404
370,411
370,424
370,441
370,455
370,12978
376,389
376,392
376,395
376,397
376,404
376,424
376,441
376,455
376,506
376,26375
389,392
389,395
389,397
389,404
389,411
389,424
389,441
389,455
389,506
389,518
389,18828
389,16749
392,397
392,404
392,411
392,441
392,455
392,506
392,518
392,527
392,11780
392,8283
392,11975
392,17625
395,397
395,404
395,411
395,424
395,441
395,455
395,506
395,518
395,527
395,529
395,23525
397,404
397,424
397,441
397,455
397,506
397,518
397,527
397,529
397,537
397,2223
397,11073
404,411
404,424
404,441
404,455
404,506
404,518
404,527
404,529
404,537
404,555
404,19789
411,424
411,441
411,506
411,518
411,527
411,529
411,537
411,555
411,576
411,19580
411,21221
424,441
424,455
424,506
424,518
424,527
424,529
424,537
424,555
424,576
424,609
424,674
424,23864
441,455
441,506
441,518
441,527
441,529
441,537
441,576
441,609
441,623
441,17834
441,12326
441,11904
441,23759
455,506
455,518
455,527
455,576
455,609
455,623
455,624
455,26684
455,9543
455,15845
506,518
506,527
506,529
506,555
506,576
506,609
506,623
506,624
506,626
506,20014
506,10347
518,527
518,529
518,537
518,555
518,576
518,609
518,623
518,624
518,626
518,630
518,24273
518,18279
527,529
527,537
527,555
527,576
527,609
527,623
527,624
527,626
527,630
527,634
529,537
529,555
529,576
529,609
529,623
529,624
529,626
529,630
529,634
529,641
529,7743
529,23889
537,555
537,576
537,609
537,623
537,624
537,626
537,630
537,634
537,641
537,670
555,576
555,609
555,623
555,624
555,626
555,630
555,634
555,670
555,8244
555,22113
555,24418
576,609
576,623
576,624
576,626
576,641
576,670
576,671
576,12883
576,21388
576,8421
576,12001
609,623
609,624
609,626
609,630
609,634
609,641
609,670
609,671
609,674
609,678
623,624
623,626
623,630
623,634
623,641
623,670
623,671
623,674
623,678
623,685
623,25460
624,626
624,630
624,641
624,670
624,671
624,674
624,678
624,685
624,695
624,22288
626,630
626,634
626,641
626,670
626,671
626,674
626,678
626,695
626,699
626,26166
626,27177
626,11961
626,21647
630,634
630,641
630,670
630,671
630,674
630,678
630,685
630,699
630,707
630,14874
630,23452
634,641
634,678
634,695
634,699
634,707
634,719
634,15917
634,17740
634,23249
634,12032
634,19239
634,8938
641,670
641,671
641,674
641,678
641,685
641,695
641,699
641,707
641,719
641,723
670,671
670,674
670,678
670,685
670,695
670,699
670,707
670,719
670,723
670,20499
670,23206
671,674
671,678
671,685
671,695
671,699
671,707
671,723
671,802
671,809
671,16733
671,1094
674,678
674,695
674,699
674,707
674,719
674,723
674,802
674,809
674,813
674,24878
678,685
678,695
678,699
678,707
678,719
678,723
678,802
678,809
678,813
678,837
678,11963
685,699
685,707
685,723
685,802
685,809
685,813
685,840
685,11719
685,17557
685,6242
685,18524
695,699
695,707
695,723
695,802
695,809
695,813
695,837
695,840
695,841
695,18069
699,707
699,719
699,723
699,802
699,809
699,813
699,837
699,840
699,841
699,842
699,4096
699,895
699,18708
699,27177
707,719
707,723
707,802
707,809
707,813
707,837
707,840
707,841
707,842
707,859
707,5709
719,723
719,802
719,809
719,813
719,837
719,840
719,841
719,842
719,859
719,895
719,17209
723,813
723,837
723,840
723,841
723,842
723,859
723,916
723,25196
723,23707
723,14979
802,809
802,837
802,840
802,841
802,842
802,859
802,895
802,916
802,24215
802,22478
809,813
809,837
809,840
809,841
809,842
809,859
809,895
809,916
809,920
809,922
813,837
813,840
813,841
813,842
813,859
813,916
813,920
813,922
813,924
813,25525
837,840
837,841
837,842
837,859
837,895
837,916
837,920
837,922
837,924
837,933
840,842
840,859
840,895
840,920
840,922
840,924
840,933
840,939
840,12768
840,23800
840,2525
841,842
841,859
841,895
841,916
841,920
841,922
841,924
841,933
841,939
841,941
842,859
842,895
842,916
842,920
842,922
842,924
842,933
842,939
842,941
842,942
842,14796
859,895
859,916
859,920
859,922
859,924
859,933
859,939
859,941
859,954
859,15358
859,21895
895,916
895,920
895,922
895,924
895,933
895,939
895,941
895,972
895,7888
916,920
916,922
916,924
916,939
916,941
916,942
916,954
916,972
916,976
916,26760
920,922
920,924
920,933
920,939
920,941
920,942
920,972
920,976
920,26778
920,16855
920,23660
922,924
922,933
922,939
922,941
922,942
922,954
922,972
922,976
922,1000
922,1012
924,939
924,942
924,954
924,972
924,976
924,1000
924,1012
924,1022
924,24764
924,22850
924,9247
933,939
933,941
933,942
933,954
933,972
933,1000
933,1012
933,1063
933,7195
933,18884
933,26247
939,941
939,942
939,954
939,972
939,976
939,1000
939,1012
939,1022
939,1063
939,1088
939,18948
939,8543
941,942
941,954
941,972
941,976
941,1000
941,1012
941,1022
941,1088
941,1092
941,19400
941,3535
942,954
942,972
942,976
942,1000
942,1012
942,1022
942,1063
942,1088
942,1092
942,1094
942,25236
942,24261
954,972
954,976
954,1000
954,1012
954,1022
954,1063
954,1088
954,1092
954,1094
954,1113
954,23245
972,976
972,1000
972,1012
972,1022
972,1063
972,1088
972,1092
972,1094
972,1113
972,1127
976,1012
976,1022
976,1063
976,1088
976,1092
976,1094
976,1113
976,1127
976,1128
976,20224
1000,1022
1000,1063
1000,1092
1000,1094
1000,1113
1000,1127
1000,1151
1000,6122
1000,12663
1000,24651
1012,1022
1012,1063
1012,1088
1012,1092
1012,1094
1012,1113
1012,1127
1012,1128
1012,1160
1012,20554
1022,1063
1022,1088
1022,1092
1022,1094
1022,1113
1022,1127
1022,1151
1022,1160
1022,22675
1022,25100
1063,1088
1063,1092
1063,1094
1063,1113
1063,1127
1063,1128
1063,1151
1063,1176
1063,1187
1063,24410
1063,9725
1063,12913
1088,1092
1088,1094
1088,1113
1088,1128
1088,1151
1088,1160
1088,1176
1088,1187
1088,1191
1088,11498
1088,20175
1088,26506
1092,1094
1092,1113
1092,1127
1092,1128
1092,1151
1092,1160
1092,1176
1092,1187
1092,1191
1092,1211
1092,8466
1092,14983
1094,1127
1094,1160
1094,1176
1094,1187
1094,1191
1094,1211
1094,24517
1094,9588
1094,9022
1094,10015
1094,22441
1113,1127
1113,1160
1113,1176
1113,1187
1113,1211
1113,1213
1113,17517
1113,18922
1113,16383
1113,26082
1127,1128
1127,1151
1127,1160
1127,1176
1127,1187
1127,1191
1127,1211
1127,1213
1127,1221
1127,8155
1128,1151
1128,1160
1128,1176
1128,1187
1128,1191
1128,1211
1128,1213
1128,1221
1128,1258
1128,1261
1128,25176
1128,13350
1151,1176
1151,1187
1151,1211
1151,1213
1151,1221
1151,1258
1151,1261
1151,1277
1151,13488
1151,21782
1160,1176
1160,1187
1160,1191
1160,1211
1160,1221
1160,1258
1160,1277
1160,1283
1160,3727
1160,8683
1176,1187
1176,1191
1176,1211
1176,1213
1176,1221
1176,1258
1176,1277
1176,1283
1176,1308
1176,25501
1176,26152
1187,1191
1187,1211
1187,1213
1187,1221
1187,1258
1187,1261
1187,1277
1187,1283
1187,1308
1187,1319
1187,10254
1191,1211
1191,1213
1191,1258
1191,1261
1191,1277
1191,1283
1191,1308
1191,1319
1191,1332
1191,3539
1211,1213
1211,1221
1211,1258
1211,1277
1211,1283
1211,1319
1211,1332
1211,1337
1211,19959
1211,25470
1211,19866
1211,16359
1213,1221
1213,1261
1213,1277
1213,1283
1213,1308
1213,1319
1213,1332
1213,1337
1213,1340
1213,10142
1221,1258
1221,1277
1221,1283
1221,1319
1221,1332
1221,1337
1221,1340
1221,1393
1221,11333
1221,20623
1221,12336
1258,1261
1258,1277
1258,1283
1258,1308
1258,1332
1258,1337
1258,1340
1258,1393
1258,1397
1258,24167
1261,1277
1261,1283
1261,1308
1261,1319
1261,1332
1261,1337
1261,1340
1261,1393
1261,1397
1261,1407
1261,23681
1277,1283
1277,1308
1277,1319
1277,1332
1277,1337
1277,1393
1277,1397
1277,1407
1277,1413
1277,18332
1283,1308
1283,1319
1283,1332
1283,1337
1283,1340
1283,1393
1283,1397
1283,1407
1283,1413
1283,1430
1283,2902
1308,1319
1308,1332
1308,1337
1308,1340
1308,1393
1308,1397
1308,1407
1308,1413
1308,1430
1308,1432
1308,26609
1319,1332
1319,1337
1319,1340
1319,1393
1319,1397
1319,1407
1319,1413
1319,1430
1319,1432
1319,1443
1319,23281
1319,18083
1332,1337
1332,1340
1332,1393
1332,1397
1332,1407
1332,1413
1332,1430
1332,1432
1332,1443
1332,1448
1332,23890
1337,1340
1337,1393
1337,1397
1337,1407
1337,1413
1337,1430
1337,1432
1337,1443
1337,1448
1337,1473
1340,1393
1340,1397
1340,1413
1340,1430
1340,1432
1340,1443
1340,1448
1340,1473
1340,1484
1340,12755
1340,20316
1393,1413
1393,1430
1393,1432
1393,1443
1393,1448
1393,1484
1393,19452
1393,20029
1393,9250
1393,13236
1397,1407
1397,1430
1397,1443
1397,1448
1397,1473
1397,1484
1397,1508
1397,1510
1397,24489
1397,16620
1397,27012
1407,1413
1407,1432
1407,1443
1407,1448
1407,1473
1407,1484
1407,1508
1407,1510
1407,1512
1407,18676
1407,27285
1413,1430
1413,1443
1413,1448
1413,1473
1413,1484
1413,1508
1413,1512
1413,1577
1413,14344
1413,11365
1413,19925
1413,21756
1413,23973
1430,1432
1430,1443
1430,1473
1430,1508
1430,1510
1430,1512
1430,1577
1430,1583
1430,20626
1430,15421
1430,16996
1430,21570
1432,1443
1432,1448
1432,1473
1432,1484
1432,1508
1432,1510
1432,1512
1432,1577
1432,1583
1432,1586
1432,12024
1432,11819
1443,1448
1443,1473
1443,1484
1443,1508
1443,1510
1443,1512
1443,1577
1443,1583
1443,1586
1443,1589
1448,1473
1448,1484
1448,1508
1448,1510
1448,1512
1448,1577
1448,1583
1448,1586
1448,1589
1448,1600
1473,1508
1473,1510
1473,1512
1473,1577
1473,1583
1473,1586
1473,1589
1473,1600
1473,1627
1473,22221
1473,7089
1473,8871
1473,13918
1473,21706
1473,23596
1484,1508
1484,1510
1484,1512
1484,1577
1484,1583
1484,1586
1484,1589
1484,1600
1484,1627
1484,1695
1484,11497
1484,13792
1508,1510
1508,1512
1508,1577
1508,1583
1508,1586
1508,1589
1508,1600
1508,1627
1508,1695
1508,1701
1508,22994
1510,1512
1510,1577
1510,1583
1510,1586
1510,1589
1510,1600
1510,1627
1510,1695
1510,1701
1510,1724
1512,1577
1512,1583
1512,1586
1512,1589
1512,1627
1512,1695
1512,1701
1512,1724
1512,25910
1512,11203
1512,8103
1577,1583
1577,1586
1577,1589
1577,1600
1577,1627
1577,1695
1577,1701
1577,1724
1577,1778
1577,8685
1577,2176
1583,1586
1583,1589
1583,1600
1583,1627
1583,1695
1583,1701
1583,1724
1583,1761
1583,1779
1583,12080
1586,1589
1586,1600
1586,1627
1586,1695
1586,1701
1586,1724
1586,1761
1586,1782
1586,19262
1586,6383
1586,9063
1586,16306
1586,12243
1589,1600
1589,1627
1589,1701
1589,1761
1589,1778
1589,1779
1589,1782
1589,1791
1589,10053
1589,9156
1589,15351
1589,24176
1600,1627
1600,1701
1600,1724
1600,1761
1600,1778
1600,1779
1600,1782
1600,1791
1600,1797
1600,17884
1600,12151
1627,1695
1627,1701
1627,1724
1627,1761
1627,1778
1627,1779
1627,1782
1627,1791
1627,1816
1627,16004
1695,1724
1695,1761
1695,1778
1695,1779
1695,1782
1695,1791
1695,1797
1695,1820
1695,5134
1695,19620
1701,1724
1701,1761
1701,1778
1701,1779
1701,1782
1701,1797
1701,1816
1701,1834
1701,16052
1701,24217
1701,23980
1701,17087
1724,1761
1724,1778
1724,1779
1724,1782
1724,1791
1724,1797
1724,1816
1724,1820
1724,1834
1724,1853
1724,12293
1761,1778
1761,1779
1761,1782
1761,1791
1761,1797
1761,1816
1761,1820
1761,1834
1761,1853
1761,1859
1761,12122
1778,1779
1778,1782
1778,1791
1778,1797
1778,1816
1778,1820
1778,1834
1778,1859
1778,1885
1778,10373
1778,27182
1778,21150
1779,1782
1779,1816
1779,1820
1779,1834
1779,1853
1779,1859
1779,1885
1779,1897
1779,14886
1779,18154
1782,1791
1782,1797
1782,1816
1782,1820
1782,1834
1782,1853
1782,1859
1782,1885
1782,1897
1782,1926
1782,9467
1791,1797
1791,1816
1791,1834
1791,1853
1791,1859
1791,1885
1791,1897
1791,1926
1791,1929
1791,9500
1797,1816
1797,1820
1797,1834
1797,1853
1797,1859
1797,1885
1797,1897
1797,1926
1797,1929
1797,1935
1797,22944
1797,21838
1816,1820
1816,1853
1816,1859
1816,1885
1816,1897
1816,1926
1816,1929
1816,1935
1816,1938
1816,19544
1816,15205
1820,1834
1820,1853
1820,1859
1820,1885
1820,1926
1820,1929
1820,1935
1820,1938
1820,1984
1820,22478
1820,7818
1834,1853
1834,1859
1834,1885
1834,1897
1834,1926
1834,1929
1834,1935
1834,1938
1834,1984
1834,2007
1834,24425
1853,1859
1853,1885
1853,1897
1853,1926
1853,1929
1853,1935
1853,1938
1853,1984
1853,2007
1853,2012
1853,24756
1853,16435
1859,1885
1859,1897
1859,1926
1859,1929
1859,1935
1859,1938
1859,1984
1859,2007
1859,2012
1859,2023
1859,3599
1859,11436
1859,19328
1885,1897
1885,1926
1885,1929
1885,1935
1885,1938
1885,2007
1885,2012
1885,2023
1885,2031
1885,11483
1885,14113
1897,1926
1897,1929
1897,1935
1897,1938
1897,1984
1897,2012
1897,2023
1897,2031
1897,2039
1897,11719
1897,7395
1926,1929
1926,1935
1926,1938
1926,1984
1926,2007
1926,2012
1926,2023
1926,2039
1926,2057
1926,9972
1929,1938
1929,1984
1929,2007
1929,2012
1929,2023
1929,2031
1929,2039
1929,2057
1929,2061
1929,9251
1935,1938
1935,1984
1935,2007
1935,2012
1935,2023
1935,2031
1935,2039
1935,2057
1935,2061
1935,2070
1935,25298
1938,1984
1938,2007
1938,2012
1938,2031
1938,2039
1938,2057
1938,2061
1938,2070
1938,2092
1938,19172
1938,20008
1984,2023
1984,2031
1984,2039
1984,2057
1984,2061
1984,2070
1984,2092
1984,2096
1984,24717
1984,16926
2007,2012
2007,2023
2007,2031
2007,2039
2007,2057
2007,2070
2007,2092
2007,2167
2007,25894
2007,16751
2012,2031
2012,2039
2012,2057
2012,2061
2012,2070
2012,2092
2012,2167
2012,2176
2012,2295
2012,15273
2023,2031
2023,2039
2023,2057
2023,2061
2023,2070
2023,2092
2023,2096
2023,2167
2023,2195
2023,19809
2031,2039
2031,2057
2031,2061
2031,2070
2031,2092
2031,2096
2031,2167
2031,2176
2031,2195
2031,2197
2039,2057
2039,2061
2039,2070
2039,2092
2039,2096
2039,2167
2039,2176
2039,2195
2039,2197
2039,2198
2039,20876
2057,2061
2057,2092
2057,2096
2057,2167
2057,2176
2057,2195
2057,2197
2057,2198
2057,2207
2057,11311
2061,2070
2061,2096
2061,2167
2061,2176
2061,2195
2061,2197
2061,2198
2061,2207
2061,2210
2061,3176
2061,20425
2070,2092
2070,2096
2070,2167
2070,2176
2070,2195
2070,2197
2070,2198
2070,2207
2070,2210
2070,2218
2070,13449
2092,2096
2092,2167
2092,2176
2092,2195
2092,2197
2092,2198
2092,2210
2092,2218
2092,2223
2092,18524
2096,2167
2096,2176
2096,2197
2096,2198
2096,2210
2096,2218
2096,2237
2096,20987
2096,24255
2096,26582
2096,13921
2167,2176
2167,2195
2167,2197
2167,2198
2167,2207
2167,2218
2167,2223
2167,2237
2167,2239
2167,17774
2167,24354
2176,2195
2176,2197
2176,2198
2176,2207
2176,2210
2176,2218
2176,2237
2176,2239
2176,2249
2176,13386
2176,24462
2176,12284
2195,2197
2195,2198
2195,2207
2195,2210
2195,2218
2195,2223
2195,2237
2195,2239
2195,2255
2195,24153
2195,18336
2197,2198
2197,2207
2197,2210
2197,2218
2197,2223
2197,2249
2197,2255
2197,2260
2197,7710
2197,24992
2197,24215
2197,5651
2198,2207
2198,2210
2198,2218
2198,2223
2198,2237
2198,2239
2198,2249
2198,2255
2198,2260
2198,2267
2198,11494
2207,2210
2207,2218
2207,2223
2207,2239
2207,2249
2207,2255
2207,2260
2207,2267
2207,2280
2207,15983
2210,2218
2210,2223
2210,2237
2210,2239
2210,2249
2210,2255
2210,2267
2210,2280
2210,10696
2210,9066
2210,11875
2218,2223
2218,2237
2218,2239
2218,2249
2218,2255
2218,2260
2218,2267
2218,2280
2218,2281
2218,2295
2223,2237
2223,2239
2223,2249
2223,2255
2223,2260
2223,2267
2223,2280
2223,2281
2223,2295
2223,18422
2223,15100
2223,11362
2237,2239
2237,2249
2237,2255
2237,2260
2237,2267
2237,2280
2237,2281
2237,2308
2237,2323
2237,24822
2237,20937
2237,21446
2237,8923
2239,2249
2239,2255
2239,2260
2239,2267
2239,2280
2239,2281
2239,2295
2239,2308
2239,2323
2239,2327
2239,16929
2249,2255
2249,2260
2249,2280
2249,2281
2249,2295
2249,2308
2249,2323
2249,2327
2249,2380
2249,23480
2255,2260
2255,2280
2255,2281
2255,2295
2255,2308
2255,2323
2255,2327
2255,2380
2255,2390
2255,21221
2260,2280
2260,2281
2260,2295
2260,2308
2260,2323
2260,2327
2260,2380
2260,2390
2260,2409
2260,12347
2260,16733
2260,25298
2260,25952
2260,25323
2267,2280
2267,2281
2267,2295
2267,2323
2267,2380
2267,2409
2267,2410
2267,13158
2267,18987
2267,22500
2267,21983
2267,22067
2280,2281
2280,2295
2280,2308
2280,2323
2280,2327
2280,2380
2280,2390
2280,2409
2280,2410
2280,2411
2281,2295
2281,2308
2281,2327
2281,2409
2281,2410
2281,2413
2281,13100
2281,11450
2281,17365
2281,10077
2281,23217
2295,2323
2295,2327
2295,2390
2295,2409
2295,2410
2295,2411
2295,2415
2295,9104
2295,19194
2295,22899
2295,19171
2308,2323
2308,2327
2308,2380
2308,2409
2308,2410
2308,2411
2308,2415
2308,2427
2308,8655
2308,20746
2323,2327
2323,2380
2323,2390
2323,2409
2323,2410
2323,2411
2323,2413
2323,2415
2323,2427
2323,26070
2323,19773
2327,2380
2327,2390
2327,2409
2327,2411
2327,2413
2327,2415
2327,2427
2327,2430
2327,2431
2327,18198
2380,2390
2380,2409
2380,2410
2380,2411
2380,2415
2380,2427
2380,2430
2380,2431
2380,2432
2380,24770
2390,2409
2390,2410
2390,2411
2390,2413
2390,2415
2390,2427
2390,2430
2390,2431
2390,2432
2390,2446
2390,12181
2409,2410
2409,2411
2409,2413
2409,2427
2409,2430
2409,2431
2409,2432
2409,2446
2409,2451
2409,11994
2410,2411
2410,2413
2410,2415
2410,2427
2410,2430
2410,2432
2410,2446
2410,2454
2410,10845
2410,15401
2410,25564
2411,2413
2411,2415
2411,2427
2411,2430
2411,2431
2411,2432
2411,2446
2411,2451
2411,2454
2411,2469
2411,9442
2411,25204
2411,24049
2411,23047
2413,2415
2413,2427
2413,2430
2413,2431
2413,2446
2413,2451
2413,2454
2413,2469
2413,2471
2413,11498
2415,2427
2415,2430
2415,2431
2415,2432
2415,2446
2415,2451
2415,2454
2415,2469
2415,2471
2415,2492
2415,14080
2427,2430
2427,2431
2427,2432
2427,2446
2427,2451
2427,2454
2427,2469
2427,2471
2427,2492
2427,2522
2430,2431
2430,2432
2430,2446
2430,2451
2430,2454
2430,2469
2430,2492
2430,2522
2430,2525
2430,12984
2431,2432
2431,2454
2431,2469
2431,2471
2431,2492
2431,2522
2431,2525
2431,2539
2431,11819
2431,23474
2431,12536
2432,2446
2432,2451
2432,2471
2432,2492
2432,2522
2432,2525
2432,2539
2432,2544
2432,15520
2432,8856
2432,20738
2446,2451
2446,2454
2446,2469
2446,2492
2446,2522
2446,2525
2446,2539
2446,2544
2446,2551
2446,19654
2446,26429
2451,2454
2451,2469
2451,2471
2451,2492
2451,2522
2451,2525
2451,2539
2451,2544
2451,2551
2451,2555
2451,17864
2451,16817
2451,17900
2454,2469
2454,2471
2454,2492
2454,2522
2454,2525
2454,2539
2454,2544
2454,2551
2454,2561
2454,2950
2454,23480
2454,13126
2454,15022
2469,2471
2469,2492
2469,2525
2469,2539
2469,2551
2469,2555
2469,2561
2469,2634
2469,13762
2469,6902
2469,26691
2469,18018
2469,12181
2469,24096
2471,2522
2471,2525
2471,2539
2471,2544
2471,2551
2471,2555
2471,2561
2471,2634
2471,2637
2471,16068
2492,2522
2492,2539
2492,2544
2492,2551
2492,2555
2492,2561
2492,2637
2492,2638
2492,8301
2492,20948
2492,24091
2522,2525
2522,2539
2522,2544
2522,2551
2522,2561
2522,2634
2522,2637
2522,2638
2522,2689
2522,23907
2522,17552
2522,21803
2525,2539
2525,2544
2525,2551
2525,2555
2525,2561
2525,2634
2525,2638
2525,2689
2525,2694
2525,24388
2539,2544
2539,2551
2539,2555
2539,2634
2539,2637
2539,2638
2539,2689
2539,2694
2539,2734
2539,9947
2539,25867
2539,13420
2539,14674
2544,2551
2544,2555
2544,2561
2544,2634
2544,2637
2544,2638
2544,2689
2544,2694
2544,2750
2544,24651
2544,8979
2544,16830
2551,2561
2551,2634
2551,2637
2551,2638
2551,2689
2551,2750
2551,2757
2551,25881
2551,3281
2551,25635
2551,5111
2555,2561
2555,2634
2555,2638
2555,2689
2555,2694
2555,2734
2555,2750
2555,2783
2555,23322
2555,8292
2561,2634
2561,2637
2561,2689
2561,2694
2561,2734
2561,2750
2561,2757
2561,2783
2561,2830
2561,14184
2561,13989
2634,2637
2634,2689
2634,2694
2634,2734
2634,2750
2634,2757
2634,2783
2634,2830
2634,2856
2634,18760
2634,20948
2637,2638
2637,2689
2637,2694
2637,2734
2637,2750
2637,2783
2637,2830
2637,2856
2637,2866
2637,25910
2637,10655
2638,2689
2638,2734
2638,2757
2638,2783
2638,2830
2638,2856
2638,2867
2638,15965
2638,15026
2638,11155
2638,25983
2638,23727
2638,20663
2638,11710
2689,2694
2689,2734
2689,2750
2689,2757
2689,2830
2689,2856
2689,2866
2689,2867
2689,2882
2689,14426
2689,20026
2689,17795
2694,2734
2694,2750
2694,2757
2694,2783
2694,2830
2694,2856
2694,2866
2694,2867
2694,2882
2694,2902
2734,2750
2734,2783
2734,2830
2734,2856
2734,2866
2734,2882
2734,2902
2734,2908
2734,8419
2734,7897
2734,21706
2734,25084
2734,14488
2734,6232
2750,2757
2750,2783
2750,2830
2750,2856
2750,2866
2750,2867
2750,2882
2750,2902
2750,2908
2750,2933
2750,17886
2750,7631
2750,9310
2757,2783
2757,2830
2757,2856
2757,2866
2757,2867
2757,2882
2757,2902
2757,2908
2757,2933
2757,2934
2757,11628
2783,2830
2783,2866
2783,2882
2783,2902
2783,2908
2783,2933
2783,2934
2783,2941
2783,21080
2783,13854
2783,6242
2830,2856
2830,2866
2830,2867
2830,2882
2830,2902
2830,2908
2830,2933
2830,2941
2830,2950
2830,11987
2856,2866
2856,2882
2856,2902
2856,2908
2856,2933
2856,2934
2856,2941
2856,2950
2856,2951
2856,12938
2866,2867
2866,2882
2866,2902
2866,2908
2866,2933
2866,2934
2866,2941
2866,2950
2866,2951
2866,2985
2866,19984
2866,17334
2867,2882
2867,2902
2867,2933
2867,2934
2867,2941
2867,2950
2867,2951
2867,2985
2867,3004
2867,12600
2882,2902
2882,2933
2882,2934
2882,2941
2882,2950
2882,2951
2882,2985
2882,3004
2882,3016
2882,25422
2882,18443
2902,2908
2902,2933
2902,2934
2902,2950
2902,2951
2902,2985
2902,3004
2902,3016
2902,25641
2902,22878
2908,2933
2908,2934
2908,2941
2908,2950
2908,2951
2908,2985
2908,3004
2908,3021
2908,3038
2908,16016
2908,10686
2908,15926
2908,12154
2933,2934
2933,2941
2933,2950
2933,2951
2933,2985
2933,3004
2933,3016
2933,3021
2933,3038
2933,3046
2934,2941
2934,2950
2934,2985
2934,3004
2934,3016
2934,3021
2934,3038
2934,3046
2934,3047
2934,24215
2941,2950
2941,2951
2941,2985
2941,3004
2941,3016
2941,3021
2941,3038
2941,3046
2941,3047
2941,3049
2941,12912
2950,2985
2950,3004
2950,3016
2950,3038
2950,3046
2950,3047
2950,3049
2950,3050
2950,13419
2951,2985
2951,3004
2951,3016
2951,3021
2951,3038
2951,3046
2951,3049
2951,3050
2951,3071
2951,3258
2951,18544
2985,3004
2985,3016
2985,3021
2985,3038
2985,3046
2985,3047
2985,3049
2985,3050
2985,3071
2985,3092
2985,10289
2985,18542
3004,3016
3004,3021
3004,3038
3004,3046
3004,3047
3004,3049
3004,3050
3004,3071
3004,3092
3004,3094
3016,3021
3016,3038
3016,3046
3016,3047
3016,3049
3016,3050
3016,3071
3016,3092
3016,3094
3016,3102
3016,20832
3016,26509
3016,26940
3021,3038
3021,3046
3021,3047
3021,3049
3021,3050
3021,3071
3021,3092
3021,3094
3021,15306
3021,15499
3021,22542
3038,3046
3038,3047
3038,3049
3038,3050
3038,3071
3038,3092
3038,3094
3038,3102
3038,3106
3038,3125
3046,3047
3046,3049
3046,3050
3046,3071
3046,3092
3046,3094
3046,3102
3046,3106
3046,3125
3046,3141
3047,3049
3047,3050
3047,3071
3047,3092
3047,3094
3047,3102
3047,3106
3047,3125
3047,3141
3047,24398
3049,3050
3049,3071
3049,3094
3049,3102
3049,3106
3049,3125
3049,3141
3049,3146
3049,3176
3049,9193
3049,19176
3050,3071
3050,3094
3050,3102
3050,3106
3050,3125
3050,3141
3050,3146
3050,3176
3050,3188
3050,11724
3050,25796
3071,3092
3071,3094
3071,3102
3071,3106
3071,3125
3071,3141
3071,3176
3071,3188
3071,3199
3071,25983
3071,19888
3071,24964
3071,26456
3071,24367
3092,3094
3092,3102
3092,3106
3092,3125
3092,3141
3092,3146
3092,3176
3092,3188
3092,3199
3092,3215
3092,22861
3094,3102
3094,3106
3094,3125
3094,3141
3094,3146
3094,3176
3094,3188
3094,3199
3094,3215
3094,3236
3094,12223
3102,3106
3102,3125
3102,3141
3102,3146
3102,3176
3102,3188
3102,3199
3102,3215
3102,3236
3102,3256
3106,3125
3106,3141
3106,3146
3106,3176
3106,3199
3106,3215
3106,3236
3106,3256
3106,3258
3106,8903
3106,15156
3106,24058
3106,25196
3125,3146
3125,3199
3125,3215
3125,3236
3125,3256
3125,3258
3125,3265
3125,8113
3125,11965
3125,15968
3125,9107
3125,11010
3141,3146
3141,3176
3141,3199
3141,3236
3141,3256
3141,3258
3141,3265
3141,3270
3141,14822
3141,5945
3146,3176
3146,3188
3146,3199
3146,3215
3146,3236
3146,3256
3146,3258
3146,3265
3146,3270
3146,3272
3176,3188
3176,3199
3176,3215
3176,3236
3176,3256
3176,3265
3176,3272
3176,3281
3176,17817
3176,22441
3176,19745
3176,21854
3188,3199
3188,3215
3188,3236
3188,3256
3188,3258
3188,3265
3188,3270
3188,3272
3188,3281
3188,3292
3199,3236
3199,3256
3199,3258
3199,3265
3199,3270
3199,3272
3199,3281
3199,3293
3199,17035
3199,7789
3199,13662
3215,3236
3215,3256
3215,3258
3215,3265
3215,3270
3215,3272
3215,3281
3215,3292
3215,3293
3215,3304
3215,25346
3236,3256
3236,3258
3236,3265
3236,3270
3236,3272
3236,3281
3236,3292
3236,3293
3236,3304
3236,3316
3236,17662
3256,3258
3256,3265
3256,3270
3256,3281
3256,3292
3256,3293
3256,3304
3256,3316
3256,3321
3256,3679
3258,3265
3258,3272
3258,3281
3258,3292
3258,3293
3258,3304
3258,3316
3258,3321
3258,3329
3265,3270
3265,3272
3265,3281
3265,3292
3265,3293
3265,3304
3265,3316
3265,3321
3265,3329
3265,3340
3265,20930
3270,3272
3270,3281
3270,3292
3270,3293
3270,3304
3270,3316
3270,3321
3270,3329
3270,3340
3270,3364
3270,24064
3270,13170
3270,23758
3272,3281
3272,3292
3272,3293
3272,3304
3272,3316
3272,3321
3272,3329
3272,3340
3272,3364
3272,3367
3272,17575
3281,3292
3281,3293
3281,3304
3281,3321
3281,3329
3281,3340
3281,3364
3281,3367
3281,20939
3292,3293
3292,3304
3292,3316
3292,3329
3292,3340
3292,3364
3292,3367
3292,3379
3292,3380
3292,16447
3292,26509
3292,14080
3292,25738
3293,3304
3293,3316
3293,3321
3293,3329
3293,3340
3293,3367
3293,3379
3293,3380
3293,3398
3293,20439
3293,24870
3304,3316
3304,3321
3304,3329
3304,3340
3304,3379
3304,3380
3304,3398
3304,3402
3304,24623
3304,27455
3304,14647
3316,3321
3316,3329
3316,3340
3316,3364
3316,3367
3316,3379
3316,3380
3316,3398
3316,3402
3316,3403
3321,3329
3321,3340
3321,3364
3321,3367
3321,3379
3321,3380
3321,3398
3321,3402
3321,3403
3321,3445
3321,25369
3329,3340
3329,3364
3329,3367
3329,3380
3329,3398
3329,3402
3329,3403
3329,25118
3329,8541
3329,15430
3340,3364
3340,3367
3340,3380
3340,3398
3340,3402
3340,3445
3340,3452
3340,25370
3340,22621
3340,22321
3340,7765
3364,3367
3364,3379
3364,3380
3364,3398
3364,3403
3364,3445
3364,3452
3364,3485
3364,3509
3364,5298
3364,14486
3367,3379
3367,3380
3367,3398
3367,3402
3367,3403
3367,3445
3367,3452
3367,3485
3367,3509
3367,3515
3379,3380
3379,3398
3379,3402
3379,3445
3379,3452
3379,3485
3379,3509
3379,3515
3379,3516
3379,25140
3379,21285
3380,3398
3380,3402
3380,3403
3380,3445
3380,3452
3380,3485
3380,3509
3380,3515
3380,3516
3380,3535
3380,3699
3398,3402
3398,3403
3398,3445
3398,3452
3398,3485
3398,3509
3398,3515
3398,3516
3398,3535
3398,3539
3402,3403
3402,3445
3402,3515
3402,3516
3402,3535
3402,3539
3402,3545
3402,23241
3402,23165
3402,18643
3402,25318
3403,3445
3403,3452
3403,3485
3403,3509
3403,3515
3403,3516
3403,3535
3403,3539
3403,3545
3403,3568
3403,7710
3445,3452
3445,3485
3445,3509
3445,3535
3445,3539
3445,3545
3445,3568
3445,3593
3445,8058
3445,6053
3445,8195
3452,3485
3452,3509
3452,3515
3452,3516
3452,3535
3452,3539
3452,3545
3452,3568
3452,3593
3452,3599
3452,21651
3452,10015
3485,3509
3485,3515
3485,3516
3485,3535
3485,3539
3485,3545
3485,3593
3485,3599
3485,3609
3485,26526
3509,3515
3509,3516
3509,3535
3509,3539
3509,3545
3509,3593
3509,3599
3509,3609
3509,3611
3509,25784
3515,3516
3515,3535
3515,3539
3515,3545
3515,3568
3515,3593
3515,3599
3515,3609
3515,3611
3515,3634
3516,3535
3516,3568
3516,3593
3516,3599
3516,3609
3516,3611
3516,3634
3516,3663
3516,7906
3516,9588
3516,26556
3516,9889
3516,15509
3535,3539
3535,3568
3535,3593
3535,3599
3535,3609
3535,3611
3535,3634
3535,3663
3535,26925
3535,15725
3539,3545
3539,3568
3539,3593
3539,3599
3539,3609
3539,3611
3539,3634
3539,3663
3539,3679
3539,3699
3545,3568
3545,3593
3545,3599
3545,3609
3545,3611
3545,3634
3545,3663
3545,3699
3545,3701
3545,18894
3568,3593
3568,3599
3568,3609
3568,3611
3568,3634
3568,3663
3568,3679
3568,3699
3568,3701
3568,3718
3593,3599
3593,3609
3593,3611
3593,3634
3593,3679
3593,3699
3593,3701
3593,3718
3593,3726
3593,27418
3599,3609
3599,3634
3599,3663
3599,3679
3599,3699
3599,3701
3599,3718
3599,3727
3599,25273
3599,22989
3609,3611
3609,3634
3609,3663
3609,3679
3609,3699
3609,3701
3609,3718
3609,3726
3609,3727
3609,3738
3611,3634
3611,3663
3611,3679
3611,3699
3611,3701
3611,3718
3611,3726
3611,3727
3611,3738
3611,3747
3634,3663
3634,3679
3634,3699
3634,3701
3634,3718
3634,3726
3634,3727
3634,3738
3634,3747
3634,3829
3634,19272
3663,3679
3663,3699
3663,3701
3663,3718
3663,3726
3663,3727
3663,3738
3663,3747
3663,3829
3663,14346
3663,20277
3679,3699
3679,3701
3679,3718
3679,3726
3679,3727
3679,3747
3679,3829
3679,3830
3679,3834
3679,23249
3699,3701
3699,3718
3699,3726
3699,3738
3699,3747
3699,3829
3699,3830
3699,3834
3699,18101
3701,3726
3701,3727
3701,3738
3701,3747
3701,3829
3701,3830
3701,3834
3701,3835
3701,3836
3701,17591
3701,14251
3718,3726
3718,3727
3718,3738
3718,3829
3718,3830
3718,3834
3718,3836
3718,20751
3718,13471
3718,8520
3726,3727
3726,3738
3726,3747
3726,3829
3726,3830
3726,3834
3726,3835
3726,3836
3726,3838
3726,3865
3727,3738
3727,3747
3727,3829
3727,3830
3727,3834
3727,3835
3727,3836
3727,3838
3727,3865
3727,3894
3727,22216
3727,16022
3727,16243
3738,3747
3738,3829
3738,3830
3738,3834
3738,3835
3738,3836
3738,3838
3738,3865
3738,3894
3738,3895
3738,27260
3738,16850
3738,16734
3747,3830
3747,3834
3747,3835
3747,3836
3747,3838
3747,3865
3747,3894
3747,3895
3747,3909
3747,21285
3829,3830
3829,3834
3829,3835
3829,3836
3829,3838
3829,3865
3829,3894
3829,3895
3829,3909
3829,3923
3829,22883
3830,3834
3830,3835
3830,3836
3830,3838
3830,3894
3830,3895
3830,3931
3830,4359
3830,16405
3830,16956
3830,23365
3834,3835
3834,3836
3834,3838
3834,3865
3834,3894
3834,3895
3834,3909
3834,3923
3834,3931
3834,3934
3835,3836
3835,3838
3835,3865
3835,3894
3835,3895
3835,3909
3835,3923
3835,3931
3835,3934
3835,3946
3835,14962
3835,25196
3836,3838
3836,3865
3836,3894
3836,3895
3836,3909
3836,3923
3836,3931
3836,3934
3836,3946
3836,11797
3836,16859
3836,19885
3836,27071
3836,11044
3838,3865
3838,3894
3838,3895
3838,3909
3838,3923
3838,3931
3838,3934
3838,3946
3838,3954
3838,3959
3865,3894
3865,3895
3865,3909
3865,3923
3865,3934
3865,3946
3865,3954
3865,3959
3865,3962
3865,26207
3865,21610
3894,3895
3894,3909
3894,3923
3894,3931
3894,3934
3894,3946
3894,3954
3894,3959
3894,3962
3894,4969
3894,8773
3894,19353
3894,18038
3894,18878
3895,3931
3895,3934
3895,3946
3895,3954
3895,3959
3895,3962
3895,3979
3895,3994
3895,24278
3895,19143
3909,3923
3909,3931
3909,3934
3909,3946
3909,3954
3909,3959
3909,3962
3909,3979
3909,4005
3909,25330
3923,3931
3923,3934
3923,3946
3923,3954
3923,3959
3923,3994
3923,4005
3923,4006
3923,22172
3923,19505
3923,24083
3931,3946
3931,3954
3931,3962
3931,3979
3931,3994
3931,4005
3931,4006
3931,4021
3931,12546
3931,24252
3931,13868
3934,3946
3934,3954
3934,3959
3934,3962
3934,3979
3934,3994
3934,4005
3934,4006
3934,4028
3934,11687
3934,8347
3934,12139
3946,3954
3946,3959
3946,3962
3946,3979
3946,3994
3946,4005
3946,4006
3946,4021
3946,4028
3946,4038
3954,3959
3954,3962
3954,3979
3954,3994
3954,4005
3954,4006
3954,4021
3954,4028
3954,4038
3954,4040
3959,3962
3959,3979
3959,3994
3959,4005
3959,4006
3959,4021
3959,4028
3959,4038
3959,4040
3959,4049
3959,14596
3962,3979
3962,3994
3962,4005
3962,4006
3962,4021
3962,4028
3962,4038
3962,4049
3962,4053
3962,21829
3962,4343
3979,3994
3979,4005
3979,4006
3979,4021
3979,4028
3979,4040
3979,4049
3979,4053
3979,4061
3979,13960
3994,4005
3994,4006
3994,4021
3994,4028
3994,4038
3994,4040
3994,4049
3994,4053
3994,4061
3994,4079
3994,7862
4005,4006
4005,4021
4005,4028
4005,4038
4005,4040
4005,4053
4005,4061
4005,4079
4005,4085
4005,17588
4006,4021
4006,4028
4006,4038
4006,4040
4006,4049
4006,4053
4006,4061
4006,4079
4006,4085
4006,4086
4021,4028
4021,4038
4021,4049
4021,4053
4021,4061
4021,4079
4021,4086
4021,4096
4021,15361
4021,20206
4021,11141
4021,14388
4028,4038
4028,4040
4028,4049
4028,4053
4028,4061
4028,4079
4028,4085
4028,4086
4028,4096
4028,21180
4038,4040
4038,4049
4038,4053
4038,4061
4038,4079
4038,4085
4038,4086
4038,4096
4038,4110
4038,4116
4038,26204
4040,4049
4040,4053
4040,4061
4040,4079
4040,4085
4040,4086
4040,4096
4040,4110
4040,4116
4040,4137
4040,12517
4049,4053
4049,4061
4049,4079
4049,4085
4049,4086
4049,4096
4049,4110
4049,4137
4049,4162
4049,11041
4049,17140
4049,26825
4049,4684
4053,4061
4053,4079
4053,4085
4053,4086
4053,4096
4053,4110
4053,4116
4053,4162
4053,4183
4053,10667
4061,4079
4061,4085
4061,4086
4061,4096
4061,4110
4061,4116
4061,4137
4061,4183
4061,4203
4061,12924
4061,16454
4061,15891
4061,17140
4079,4085
4079,4086
4079,4096
4079,4110
4079,4116
4079,4137
4079,4162
4079,4183
4079,4203
4079,4237
4079,21205
4085,4096
4085,4110
4085,4116
4085,4137
4085,4162
4085,4183
4085,4203
4085,4237
4085,4245
4085,13162
4085,16452
4085,12103
4086,4096
4086,4110
4086,4116
4086,4137
4086,4183
4086,4237
4086,4245
4086,4275
4086,15290
4086,22275
4086,14794
4086,8224
4086,10473
4096,4110
4096,4116
4096,4137
4096,4162
4096,4183
4096,4203
4096,4245
4096,4275
4096,4281
4096,11019
4096,15857
4110,4116
4110,4137
4110,4162
4110,4183
4110,4203
4110,4245
4110,4275
4110,4281
4110,4308
4110,23822
4110,23555
4116,4137
4116,4162
4116,4183
4116,4203
4116,4237
4116,4275
4116,4281
4116,4308
4116,4318
4116,8290
4137,4162
4137,4183
4137,4203
4137,4237
4137,4245
4137,4275
4137,4318
4137,4340
4137,11318
4137,14515
4137,22278
4137,12484
4162,4183
4162,4203
4162,4237
4162,4281
4162,4308
4162,4318
4162,4340
4162,4342
4162,24742
4162,8879
4183,4203
4183,4237
4183,4245
4183,4275
4183,4281
4183,4318
4183,4340
4183,4342
4183,4343
4183,18956
4183,12912
4203,4237
4203,4245
4203,4275
4203,4281
4203,4308
4203,4318
4203,4340
4203,4342
4203,4343
4203,4359
4203,23252
4237,4245
4237,4275
4237,4281
4237,4308
4237,4318
4237,4340
4237,4342
4237,4343
4237,4359
4237,4373
4237,22115
4237,10050
4245,4275
4245,4281
4245,4308
4245,4318
4245,4340
4245,4342
4245,4343
4245,4359
4245,4400
4245,24795
4245,8205
4245,9009
4275,4281
4275,4308
4275,4318
4275,4340
4275,4343
4275,4359
4275,4373
4275,4400
4275,4413
4275,15461
4281,4308
4281,4318
4281,4340
4281,4342
4281,4343
4281,4359
4281,4373
4281,4400
4281,4423
4281,22347
4308,4318
4308,4340
4308,4342
4308,4343
4308,4359
4308,4373
4308,4400
4308,4413
4308,4423
4308,4425
4308,19194
4318,4340
4318,4342
4318,4343
4318,4359
4318,4373
4318,4400
4318,4413
4318,4423
4318,4425
4318,10431
4318,24091
4318,16468
4340,4342
4340,4343
4340,4359
4340,4400
4340,4413
4340,4423
4340,4425
4340,4426
4340,20029
4340,21838
4342,4343
4342,4359
4342,4373
4342,4400
4342,4413
4342,4423
4342,4425
4342,4426
4342,4449
4342,4452
4343,4359
4343,4373
4343,4400
4343,4413
4343,4423
4343,4425
4343,4426
4343,4452
4343,4507
4343,25118
4343,8975
4343,15857
4359,4373
4359,4400
4359,4423
4359,4425
4359,4426
4359,4449
4359,4452
4359,4519
4359,11719
4373,4400
4373,4413
4373,4423
4373,4426
4373,4449
4373,4507
4373,4519
4373,4596
4373,20558
4373,24430
4373,13159
4400,4413
4400,4423
4400,4425
4400,4426
4400,4449
4400,4452
4400,4507
4400,4519
4400,4596
4400,4599
4400,13223
4400,14643
4413,4423
4413,4425
4413,4426
4413,4449
4413,4452
4413,4507
4413,4596
4413,19409
4413,17137
4413,13886
4423,4425
4423,4426
4423,4449
4423,4452
4423,4507
4423,4519
4423,4596
4423,4599
4423,4619
4423,4632
4423,14915
4423,21543
4425,4426
4425,4449
4425,4452
4425,4507
4425,4519
4425,4596
4425,4599
4425,4619
4425,4632
4425,9797
4425,14171
4425,9543
4425,21837
4426,4449
4426,4452
4426,4507
4426,4519
4426,4596
4426,4599
4426,4619
4426,4632
4426,4638
4426,4666
4426,12934
4449,4452
4449,4507
4449,4519
4449,4596
4449,4599
4449,4619
4449,4632
4449,4638
4449,4666
4449,4670
4452,4507
4452,4519
4452,4596
4452,4599
4452,4632
4452,4638
4452,4666
4452,4670
4452,15418
4452,10450
4452,27313
4452,15521
4452,15176
4507,4596
4507,4599
4507,4619
4507,4638
4507,4666
4507,4684
4507,4704
4507,11065
4507,9500
4507,25735
4519,4596
4519,4599
4519,4619
4519,4632
4519,4638
4519,4666
4519,4670
4519,4684
4519,4705
4519,9719
4519,26060
4596,4599
4596,4619
4596,4632
4596,4638
4596,4670
4596,4704
4596,4705
4596,4724
4596,11412
4596,10310
4596,24064
4596,8466
4596,16598
4599,4619
4599,4632
4599,4638
4599,4666
4599,4684
4599,4704
4599,4705
4599,4724
4599,4750
4599,12000
4619,4632
4619,4638
4619,4666
4619,4670
4619,4684
4619,4704
4619,4705
4619,4724
4619,4750
4619,4770
4632,4638
4632,4666
4632,4670
4632,4684
4632,4704
4632,4705
4632,4724
4632,4750
4632,4770
4632,4782
4632,19353
4632,23121
4632,16419
4638,4666
4638,4670
4638,4684
4638,4704
4638,4705
4638,4724
4638,4750
4638,4782
4638,4783
4638,15765
4638,21771
4638,8563
4638,8102
4666,4670
4666,4684
4666,4704
4666,4705
4666,4750
4666,4770
4666,4782
4666,4783
4666,4787
4666,15457
4670,4684
4670,4704
4670,4705
4670,4750
4670,4770
4670,4782
4670,4783
4670,4787
4670,22275
4670,20430
4670,16059
4670,23822
4684,4704
4684,4705
4684,4724
4684,4750
4684,4782
4684,4783
4684,4787
4684,4794
4684,4819
4684,24240
4704,4705
4704,4724
4704,4750
4704,4770
4704,4782
4704,4783
4704,4787
4704,4794
4704,4819
4704,4846
4705,4724
4705,4750
4705,4770
4705,4782
4705,4787
4705,4819
4705,4846
4705,4847
4705,24825
4705,18693
4724,4770
4724,4782
4724,4783
4724,4787
4724,4794
4724,4819
4724,4846
4724,4847
4724,4853
4724,17365
4724,17102
4724,7897
4750,4770
4750,4782
4750,4783
4750,4787
4750,4794
4750,4819
4750,4846
4750,4847
4750,15855
4750,23649
4770,4782
4770,4783
4770,4787
4770,4794
4770,4819
4770,4846
4770,4847
4770,4853
4770,4876
4770,4888
4770,10841
4782,4783
4782,4787
4782,4794
4782,4819
4782,4846
4782,4847
4782,4853
4782,4876
4782,4888
4782,4899
4782,11365
4782,25174
4782,21381
4783,4787
4783,4794
4783,4819
4783,4846
4783,4847
4783,4853
4783,4876
4783,4888
4783,4899
4783,4921
4783,24521
4787,4794
4787,4819
4787,4846
4787,4847
4787,4853
4787,4876
4787,4888
4787,4899
4787,4921
4787,4932
4787,13721
4794,4819
4794,4846
4794,4847
4794,4853
4794,4876
4794,4888
4794,4899
4794,4921
4794,4932
4794,26978
4794,24556
4794,18719
4819,4846
4819,4847
4819,4853
4819,4876
4819,4899
4819,4921
4819,4932
4819,4935
4819,4969
4819,15331
4819,14520
4819,15758
4819,27138
4846,4847
4846,4853
4846,4888
4846,4899
4846,4921
4846,4932
4846,4935
4846,4969
4846,4983
4846,11323
4846,8107
4847,4853
4847,4876
4847,4888
4847,4899
4847,4932
4847,4935
4847,4969
4847,4983
4847,5029
4847,14598
4847,7075
4853,4888
4853,4899
4853,4921
4853,4932
4853,4935
4853,4969
4853,4983
4853,5029
4853,5030
4853,25680
4853,20362
4853,15516
4876,4921
4876,4932
4876,4935
4876,4969
4876,4983
4876,5029
4876,5030
4876,5051
4876,14069
4876,14211
4876,13419
4888,4899
4888,4921
4888,4932
4888,4935
4888,4969
4888,5029
4888,5030
4888,5051
4888,15176
4888,13998
4899,4921
4899,4932
4899,4935
4899,4969
4899,4983
4899,5029
4899,5030
4899,5051
4899,5089
4899,5101
4899,24306
4899,18340
4921,4935
4921,4969
4921,4983
4921,5029
4921,5030
4921,5089
4921,5101
4921,5102
4921,26070
4921,16803
4921,26998
4932,4969
4932,4983
4932,5029
4932,5051
4932,5089
4932,5101
4932,5102
4932,5111
4932,20691
4932,10290
4935,4969
4935,4983
4935,5029
4935,5051
4935,5089
4935,5101
4935,5102
4935,5111
4935,5115
4935,22748
4935,15100
4935,18088
4969,4983
4969,5029
4969,5051
4969,5101
4969,5102
4969,5111
4969,5115
4969,5122
4969,9393
4983,5029
4983,5030
4983,5051
4983,5089
4983,5101
4983,5102
4983,5111
4983,5115
4983,5122
4983,5130
4983,9442
4983,14132
5029,5030
5029,5051
5029,5089
5029,5101
5029,5102
5029,5111
5029,5122
5029,5130
5029,5134
5029,20188
5030,5051
5030,5089
5030,5101
5030,5102
5030,5111
5030,5115
5030,5122
5030,5130
5030,5134
5030,5135
5030,17853
5030,14587
5030,25079
5051,5089
5051,5101
5051,5102
5051,5111
5051,5115
5051,5122
5051,5130
5051,5135
5051,5142
5051,23235
5051,24886
5051,9102
5089,5101
5089,5102
5089,5111
5089,5115
5089,5122
5089,5130
5089,5134
5089,5142
5089,5145
5089,20734
5089,16334
5101,5102
5101,5111
5101,5115
5101,5122
5101,5130
5101,5134
5101,5135
5101,5142
5101,5145
5101,17702
5102,5111
5102,5115
5102,5122
5102,5130
5102,5134
5102,5135
5102,5169
5102,5187
5102,20897
5102,23346
5102,17919
5102,20950
5111,5115
5111,5122
5111,5130
5111,5134
5111,5135
5111,5142
5111,5145
5111,5169
5111,5187
5111,5189
5111,5369
5115,5122
5115,5130
5115,5134
5115,5135
5115,5142
5115,5145
5115,5169
5115,5187
5115,5189
5115,11991
5122,5130
5122,5134
5122,5135
5122,5142
5122,5169
5122,5187
5122,5202
5122,5213
5122,16035
5122,15894
5130,5134
5130,5135
5130,5142
5130,5145
5130,5187
5130,5189
5130,5202
5130,5213
5130,5219
5130,25444
5134,5135
5134,5142
5134,5145
5134,5187
5134,5189
5134,5202
5134,5213
5134,5219
5134,16087
5134,25207
5134,16150
5135,5142
5135,5145
5135,5169
5135,5187
5135,5189
5135,5202
5135,5213
5135,5219
5135,5236
5135,5242
5142,5145
5142,5169
5142,5187
5142,5189
5142,5202
5142,5213
5142,5219
5142,5236
5142,5242
5142,5266
5142,26944
5145,5169
5145,5187
5145,5189
5145,5202
5145,5213
5145,5219
5145,5236
5145,5242
5145,5266
5145,5268
5145,25675
5169,5187
5169,5189
5169,5202
5169,5219
5169,5236
5169,5242
5169,5266
5169,5268
5169,5286
5169,26009
5169,25809
5187,5189
5187,5202
5187,5213
5187,5219
5187,5236
5187,5242
5187,5266
5187,5268
5187,5286
5187,19393
5187,10050
5187,13401
5189,5213
5189,5219
5189,5236
5189,5242
5189,5266
5189,5268
5189,5286
5189,5298
5189,5312
5189,13275
5189,20046
5202,5213
5202,5219
5202,5236
5202,5242
5202,5266
5202,5268
5202,5286
5202,5298
5202,15622
5202,11864
5202,20928
5202,14172
5202,12697
5213,5219
5213,5236
5213,5242
5213,5266
5213,5268
5213,5286
5213,5298
5213,5312
5213,5339
5213,5369
5213,21098
5219,5236
5219,5242
5219,5266
5219,5268
5219,5286
5219,5298
5219,5312
5219,5339
5219,5369
5219,5398
5219,23245
5236,5242
5236,5266
5236,5268
5236,5286
5236,5298
5236,5339
5236,5369
5236,24937
5236,25700
5236,23612
5236,15618
5242,5266
5242,5268
5242,5286
5242,5298
5242,5312
5242,5339
5242,5369
5242,5398
5242,5407
5242,5415
5242,17274
5242,19511
5242,18486
5266,5268
5266,5286
5266,5298
5266,5312
5266,5339
5266,5369
5266,5398
5266,5407
5266,5415
5266,5447
5268,5286
5268,5298
5268,5312
5268,5339
5268,5369
5268,5398
5268,5415
5268,14848
5268,6813
5268,18486
5286,5298
5286,5312
5286,5339
5286,5369
5286,5398
5286,5407
5286,5415
5286,5447
5286,5452
5286,21695
5286,21714
5298,5312
5298,5369
5298,5398
5298,5407
5298,5415
5298,5447
5298,5452
5298,5475
5298,5476
5298,17504
5298,15742
5298,12748
5312,5339
5312,5369
5312,5407
5312,5415
5312,5447
5312,5452
5312,5475
5312,5480
5312,27323
5312,17532
5339,5369
5339,5398
5339,5407
5339,5415
5339,5447
5339,5452
5339,5475
5339,5476
5339,5480
5339,5522
5369,5398
5369,5407
5369,5415
5369,5447
5369,5452
5369,5475
5369,5476
5369,5522
5369,5538
5369,19819
5398,5407
5398,5415
5398,5447
5398,5452
5398,5475
5398,5476
5398,5480
5398,5522
5398,5538
5398,5559
5407,5447
5407,5452
5407,5475
5407,5476
5407,5480
5407,5522
5407,5538
5407,5559
5407,18494
5407,11354
5415,5447
5415,5452
5415,5475
5415,5476
5415,5480
5415,5522
5415,5538
5415,5559
5415,5575
5415,5576
5415,11642
5415,26685
5447,5452
5447,5475
5447,5476
5447,5480
5447,5538
5447,5559
5447,5575
5447,5576
5447,5584
5447,10969
5447,22013
5452,5475
5452,5476
5452,5480
5452,5522
5452,5538
5452,5559
5452,5575
5452,5576
5452,5584
5452,5601
5452,8892
5452,26230
5475,5476
5475,5480
5475,5538
5475,5559
5475,5575
5475,5576
5475,5584
5475,5601
5475,5603
5475,26902
5475,23245
5475,17620
5475,18659
5475,18693
5475,21455
5476,5480
5476,5522
5476,5538
5476,5559
5476,5575
5476,5576
5476,5584
5476,5601
5476,5603
5476,11598
5480,5522
5480,5538
5480,5559
5480,5575
5480,5576
5480,5584
5480,5601
5480,5603
5480,5651
5480,5709
5522,5538
5522,5575
5522,5576
5522,5584
5522,5603
5522,5651
5522,5709
5522,5719
5522,8103
5522,22435
5522,20163
5522,14532
5538,5559
5538,5575
5538,5576
5538,5584
5538,5601
5538,5603
5538,5651
5538,5709
5538,5719
5538,5726
5538,6275
5538,13735
5538,25680
5538,7098
5559,5575
5559,5576
5559,5584
5559,5603
5559,5651
5559,5709
5559,5719
5559,5726
5559,5728
5559,23282
5559,16052
5559,23383
5575,5576
5575,5584
5575,5601
5575,5651
5575,5709
5575,5719
5575,5726
5575,5728
5575,5744
5575,20554
5576,5584
5576,5601
5576,5603
5576,5651
5576,5709
5576,5728
5576,5748
5576,10086
5576,26497
5576,9034
5584,5601
5584,5603
5584,5651
5584,5709
5584,5719
5584,5726
5584,5744
5584,5748
5584,5772
5584,12012
5601,5603
5601,5651
5601,5709
5601,5719
5601,5726
5601,5728
5601,5744
5601,5748
5601,5772
5601,5782
5601,15862
5603,5651
5603,5709
5603,5719
5603,5726
5603,5728
5603,5744
5603,5772
5603,5782
5603,5825
5603,23952
5603,27263
5651,5709
5651,5719
5651,5726
5651,5728
5651,5748
5651,5772
5651,5782
5651,5825
5651,26082
5651,11316
5651,20869
5709,5719
5709,5728
5709,5744
5709,5748
5709,5772
5709,5782
5709,5825
5709,5853
5709,23206
5709,15842
5709,13080
5719,5726
5719,5728
5719,5744
5719,5748
5719,5772
5719,5782
5719,5825
5719,5853
5719,19128
5719,11497
5726,5728
5726,5744
5726,5772
5726,5782
5726,5825
5726,5869
5726,9664
5726,17989
5726,23402
5726,19946
5728,5748
5728,5825
5728,5831
5728,5853
5728,5869
5728,5871
5728,18831
5728,11184
5728,16712
5728,20707
5744,5748
5744,5772
5744,5782
5744,5831
5744,5853
5744,5861
5744,5869
5744,5871
5744,5876
5744,19941
5748,5772
5748,5782
5748,5825
5748,5831
5748,5853
5748,5861
5748,5869
5748,5876
5748,5887
5748,9467
5748,15845
5772,5782
5772,5825
5772,5831
5772,5853
5772,5869
5772,5871
5772,5876
5772,5903
5772,14304
5772,18303
5772,25411
5782,5825
5782,5831
5782,5853
5782,5869
5782,5871
5782,5876
5782,5887
5782,5903
5782,5924
5782,17538
5825,5831
5825,5861
5825,5869
5825,5871
5825,5903
5825,5924
5825,5933
5825,25785
5825,20324
5825,9681
5831,5853
5831,5861
5831,5869
5831,5871
5831,5876
5831,5887
5831,5903
5831,5924
5831,5933
5831,5940
5853,5861
5853,5869
5853,5871
5853,5876
5853,5887
5853,5903
5853,5924
5853,5933
5853,5940
5853,5945
5853,16708
5853,25423
5861,5869
5861,5871
5861,5876
5861,5887
5861,5903
5861,5924
5861,5933
5861,5940
5861,5945
5861,5976
5861,15047
5869,5871
5869,5887
5869,5903
5869,5924
5869,5933
5869,5940
5869,5945
5869,5976
5869,5987
5869,15347
5869,13945
5869,14568
5871,5876
5871,5887
5871,5924
5871,5933
5871,5940
5871,5945
5871,5976
5871,5987
5871,6006
5871,12301
5876,5887
5876,5903
5876,5924
5876,5933
5876,5945
5876,5976
5876,6006
5876,6009
5876,8735
5876,13892
5887,5903
5887,5924
5887,5933
5887,5940
5887,5945
5887,5976
5887,5987
5887,6006
5887,6015
5887,6314
5887,27252
5887,12779
5903,5933
5903,5940
5903,5945
5903,5976
5903,5987
5903,6006
5903,6009
5903,6015
5903,6024
5903,23725
5903,17987
5924,5933
5924,5940
5924,5945
5924,5976
5924,5987
5924,6006
5924,6009
5924,6015
5924,6024
5924,6027
5924,11764
5924,21109
5933,5940
5933,5945
5933,5987
5933,6006
5933,6009
5933,6015
5933,6024
5933,6027
5933,6030
5933,13652
5933,16136
5933,13623
5940,5945
5940,5976
5940,5987
5940,6006
5940,6015
5940,6024
5940,6027
5940,6034
5940,24336
5940,23806
5940,13369
5945,5976
5945,5987
5945,6009
5945,6015
5945,6024
5945,6027
5945,6053
5945,15045
5945,13287
5945,15684
5976,5987
5976,6006
5976,6009
5976,6015
5976,6024
5976,6027
5976,6030
5976,6034
5976,6056
5976,19960
5976,9193
5987,6006
5987,6009
5987,6015
5987,6024
5987,6027
5987,6030
5987,6034
5987,6053
5987,6056
5987,6058
5987,26734
5987,6300
6006,6015
6006,6024
6006,6027
6006,6030
6006,6034
6006,6053
6006,6058
6006,6073
6006,26144
6006,22142
6006,17536
6009,6015
6009,6024
6009,6027
6009,6030
6009,6034
6009,6053
6009,6056
6009,6058
6009,6073
6009,6122
6009,16117
6009,14973
6015,6024
6015,6027
6015,6030
6015,6034
6015,6053
6015,6056
6015,6058
6015,6073
6015,6122
6015,6144
6015,23195
6024,6030
6024,6034
6024,6053
6024,6056
6024,6058
6024,6073
6024,6122
6024,6144
6024,6145
6024,9715
6027,6030
6027,6034
6027,6053
6027,6058
6027,6122
6027,6144
6027,22039
6027,16133
6027,14248
6027,26544
6027,13080
6027,10438
6030,6034
6030,6053
6030,6056
6030,6122
6030,6144
6030,6145
6030,6171
6030,6185
6030,9498
6030,13239
6030,9310
6030,27235
6034,6053
6034,6056
6034,6058
6034,6073
6034,6144
6034,6145
6034,6185
6034,6232
6034,21182
6034,11316
6053,6056
6053,6058
6053,6073
6053,6122
6053,6144
6053,6145
6053,6171
6053,6185
6053,6232
6053,6234
6053,7786
6053,10699
6056,6058
6056,6073
6056,6122
6056,6144
6056,6145
6056,6171
6056,6185
6056,6232
6056,6234
6056,6242
6058,6073
6058,6122
6058,6144
6058,6145
6058,6232
6058,6234
6058,6242
6058,6256
6058,19445
6058,15639
6058,23146
6058,25686
6058,16447
6073,6122
6073,6144
6073,6145
6073,6171
6073,6185
6073,6232
6073,6234
6073,6242
6073,6256
6073,6259
6122,6144
6122,6145
6122,6171
6122,6185
6122,6232
6122,6234
6122,6242
6122,6256
6122,6259
6122,9115
6144,6145
6144,6185
6144,6232
6144,6234
6144,6242
6144,6256
6144,6259
6144,6267
6144,6275
6144,20452
6144,12735
6145,6171
6145,6185
6145,6232
6145,6234
6145,6242
6145,6256
6145,6259
6145,6267
6145,6275
6145,6285
6145,8683
6171,6185
6171,6232
6171,6234
6171,6242
6171,6256
6171,6259
6171,6267
6171,6275
6171,6300
6171,19652
6171,22554
6171,25711
6171,20750
6171,27091
6185,6232
6185,6234
6185,6242
6185,6256
6185,6259
6185,6267
6185,6275
6185,6285
6185,6300
6185,6304
6185,12325
6185,12544
6232,6234
6232,6242
6232,6256
6232,6259
6232,6267
6232,6275
6232,6285
6232,6300
6232,6304
6232,6879
6232,10887
6234,6242
6234,6256
6234,6259
6234,6275
6234,6285
6234,6300
6234,6306
6234,6311
6234,24943
6234,20578
6234,24945
6242,6256
6242,6267
6242,6275
6242,6304
6242,6306
6242,6311
6242,6314
6242,13101
6242,24798
6256,6259
6256,6267
6256,6275
6256,6285
6256,6300
6256,6304
6256,6306
6256,6314
6256,6330
6256,24633
6259,6267
6259,6275
6259,6285
6259,6300
6259,6304
6259,6306
6259,6311
6259,6314
6259,6330
6259,6334
6259,25660
6267,6275
6267,6285
6267,6300
6267,6304
6267,6306
6267,6311
6267,6314
6267,6330
6267,6334
6267,6337
6267,18954
6275,6285
6275,6300
6275,6306
6275,6311
6275,6314
6275,6330
6275,6337
6275,21247
6275,25947
6275,11652
6285,6300
6285,6304
6285,6306
6285,6311
6285,6314
6285,6330
6285,6350
6285,6368
6285,27402
6285,22586
6300,6304
6300,6306
6300,6311
6300,6314
6300,6334
6300,6337
6300,6350
6300,6368
6300,18238
6300,21587
6304,6306
6304,6311
6304,6314
6304,6330
6304,6334
6304,6337
6304,6350
6304,6368
6304,6381
6304,6383
6304,25077
6306,6311
6306,6314
6306,6330
6306,6334
6306,6337
6306,6350
6306,6368
6306,6381
6306,6383
6306,21144
6311,6330
6311,6334
6311,6350
6311,6368
6311,6381
6311,6383
6311,6385
6311,6405
6311,25747
6311,20947
6311,22355
6311,15289
6314,6330
6314,6334
6314,6350
6314,6368
6314,6381
6314,6383
6314,6385
6314,6405
6314,6442
6314,9001
6314,11988
6314,11598
6330,6334
6330,6350
6330,6368
6330,6381
6330,6385
6330,6405
6330,6442
6330,17356
6330,13065
6330,19315
6330,19844
6334,6337
6334,6350
6334,6368
6334,6385
6334,6442
6334,6480
6334,16210
6334,16918
6334,8553
6334,13508
6337,6350
6337,6368
6337,6381
6337,6383
6337,6385
6337,6405
6337,6442
6337,6450
6337,6480
6337,6506
6337,7213
6337,26610
6350,6368
6350,6381
6350,6383
6350,6405
6350,6442
6350,6450
6350,6480
6350,6506
6350,6513
6350,23049
6350,15725
6350,18927
6368,6381
6368,6383
6368,6385
6368,6405
6368,6442
6368,6450
6368,6506
6368,6513
6368,6518
6368,24395
6368,23629
6381,6383
6381,6450
6381,6480
6381,6506
6381,6518
6381,6520
6381,10875
6381,26462
6381,21166
6381,23916
6381,11538
6383,6385
6383,6442
6383,6450
6383,6506
6383,6513
6383,6518
6383,6520
6383,6528
6383,23818
6383,16006
6383,9146
6383,23765
6385,6405
6385,6442
6385,6480
6385,6506
6385,6513
6385,6518
6385,6520
6385,6528
6385,6542
6385,15742
6405,6450
6405,6480
6405,6506
6405,6513
6405,6518
6405,6520
6405,6528
6405,6542
6405,6549
6405,10655
6442,6450
6442,6480
6442,6506
6442,6513
6442,6518
6442,6520
6442,6528
6442,6549
6442,6568
6442,6751
6450,6480
6450,6506
6450,6513
6450,6518
6450,6520
6450,6528
6450,6542
6450,6568
6450,6570
6450,11470
6480,6506
6480,6513
6480,6518
6480,6520
6480,6528
6480,6542
6480,6549
6480,6568
6480,6570
6480,6573
6506,6513
6506,6518
6506,6520
6506,6528
6506,6549
6506,6570
6506,6573
6506,6579
6506,27144
6506,27112
6513,6518
6513,6520
6513,6542
6513,6568
6513,6570
6513,6573
6513,6594
6513,23629
6513,18583
6513,8388
6518,6520
6518,6528
6518,6542
6518,6549
6518,6568
6518,6573
6518,6579
6518,6594
6518,6598
6518,23121
6518,18300
6520,6528
6520,6542
6520,6549
6520,6568
6520,6573
6520,6579
6520,6594
6520,6598
6520,6608
6520,27112
6520,18498
6520,14842
6520,22277
6528,6542
6528,6549
6528,6568
6528,6570
6528,6573
6528,6579
6528,6594
6528,6598
6528,6608
6528,6616
6542,6549
6542,6568
6542,6570
6542,6573
6542,6579
6542,6594
6542,6608
6542,6616
6542,15882
6542,13102
6549,6568
6549,6573
6549,6579
6549,6594
6549,6598
6549,6608
6549,6616
6549,6632
6549,6647
6549,8657
6549,15103
6568,6570
6568,6573
6568,6579
6568,6594
6568,6608
6568,6616
6568,6632
6568,6647
6568,6649
6568,21599
6570,6573
6570,6579
6570,6594
6570,6598
6570,6608
6570,6616
6570,6632
6570,6647
6570,6649
6570,6656
6570,11307
6570,11991
6570,14062
6570,14231
6573,6579
6573,6594
6573,6598
6573,6608
6573,6616
6573,6647
6573,6649
6573,6656
6573,6664
6573,12772
6579,6594
6579,6598
6579,6608
6579,6616
6579,6632
6579,6647
6579,6649
6579,6692
6579,6902
6579,7618
6594,6598
6594,6616
6594,6632
6594,6647
6594,6649
6594,6656
6594,6664
6594,6692
6594,6699
6594,8630
6594,17529
6594,19317
6594,8151
6598,6608
6598,6616
6598,6632
6598,6647
6598,6649
6598,6656
6598,6692
6598,6699
6598,6705
6598,10263
6608,6632
6608,6647
6608,6649
6608,6692
6608,6699
6608,6705
6608,6722
6608,13339
6608,21074
6608,24366
6616,6632
6616,6647
6616,6649
6616,6656
6616,6692
6616,6699
6616,6705
6616,6722
6616,6743
6616,9724
6616,13275
6616,19649
6632,6647
6632,6649
6632,6656
6632,6664
6632,6692
6632,6699
6632,6705
6632,6722
6632,6743
6632,6751
6647,6649
6647,6656
6647,6664
6647,6692
6647,6699
6647,6705
6647,6722
6647,6743
6647,6751
6647,6755
6647,24215
6649,6656
6649,6664
6649,6692
6649,6699
6649,6705
6649,6722
6649,6743
6649,6755
6649,6758
6649,13291
6649,13640
6649,15073
6656,6664
6656,6692
6656,6705
6656,6722
6656,6743
6656,6751
6656,6755
6656,6811
6656,22766
6656,23064
6656,17554
6656,14634
6656,9661
6664,6692
6664,6699
6664,6705
6664,6743
6664,6751
6664,6755
6664,6758
6664,6811
6664,6813
6664,26202
6664,9297
6692,6705
6692,6722
6692,6743
6692,6751
6692,6755
6692,6758
6692,6811
6692,6813
6692,6815
6692,9905
6692,14208
6692,25456
6699,6705
6699,6722
6699,6743
6699,6751
6699,6755
6699,6758
6699,6811
6699,6813
6699,6815
6699,6816
6699,13612
6705,6722
6705,6743
6705,6751
6705,6755
6705,6758
6705,6811
6705,6813
6705,6815
6705,6816
6705,6828
6705,13078
6705,22808
6722,6743
6722,6751
6722,6755
6722,6758
6722,6813
6722,6815
6722,6816
6722,6833
6722,10583
6722,18279
6743,6755
6743,6758
6743,6811
6743,6813
6743,6815
6743,6816
6743,6828
6743,6833
6743,6861
6743,8563
6751,6755
6751,6758
6751,6811
6751,6813
6751,6815
6751,6816
6751,6828
6751,6833
6751,6861
6751,6879
6751,25878
6755,6758
6755,6811
6755,6813
6755,6815
6755,6816
6755,6828
6755,6833
6755,6861
6755,6879
6755,6902
6755,20366
6755,15902
6758,6811
6758,6813
6758,6815
6758,6816
6758,6828
6758,6833
6758,6861
6758,6879
6758,6902
6758,23305
6758,20178
6758,13899
6811,6813
6811,6815
6811,6816
6811,6828
6811,6833
6811,6861
6811,6879
6811,6902
6811,6939
6811,6953
6811,17357
6811,9332
6813,6815
6813,6816
6813,6828
6813,6833
6813,6861
6813,6879
6813,6902
6813,6939
6813,6953
6813,6956
6815,6816
6815,6828
6815,6833
6815,6861
6815,6879
6815,6902
6815,6939
6815,6953
6815,6956
6815,6961
6815,14147
6815,9627
6816,6828
6816,6833
6816,6861
6816,6879
6816,6902
6816,6939
6816,6953
6816,6956
6816,6961
6816,6978
6816,26776
6828,6879
6828,6902
6828,6939
6828,6953
6828,6956
6828,6961
6828,7004
6828,14634
6828,24430
6828,14248
6828,10969
6833,6861
6833,6879
6833,6902
6833,6953
6833,6956
6833,6961
6833,6978
6833,7004
6833,7025
6833,26208
6833,16362
6833,20423
6833,21154
6861,6879
6861,6902
6861,6939
6861,6953
6861,6956
6861,6961
6861,6978
6861,7004
6861,7025
6861,7026
6861,25431
6861,8049
6861,22016
6879,6902
6879,6939
6879,6953
6879,6961
6879,6978
6879,7004
6879,7025
6879,7026
6879,7041
6902,6939
6902,6956
6902,6961
6902,7004
6902,7025
6902,7026
6902,7041
6902,7052
6902,14341
6902,9461
6902,15373
6939,6953
6939,6956
6939,6961
6939,7004
6939,7025
6939,7026
6939,7041
6939,7052
6939,7058
6939,12542
6953,6956
6953,6978
6953,7004
6953,7025
6953,7026
6953,7052
6953,7058
6953,7071
6953,15513
6953,21054
6953,8010
6956,6961
6956,6978
6956,7004
6956,7025
6956,7026
6956,7041
6956,7052
6956,7058
6956,7075
6956,20590
6956,23525
6961,7004
6961,7026
6961,7041
6961,7052
6961,7058
6961,7071
6961,7075
6961,7089
6961,12390
6961,11289
6978,7004
6978,7025
6978,7026
6978,7041
6978,7052
6978,7058
6978,7071
6978,7075
6978,7089
6978,7098
6978,23253
7004,7025
7004,7026
7004,7041
7004,7052
7004,7058
7004,7071
7004,7098
7004,7112
7004,25747
7004,16178
7004,15073
7025,7026
7025,7052
7025,7058
7025,7071
7025,7075
7025,7089
7025,7098
7025,7112
7025,7139
7025,8871
7025,8949
7026,7052
7026,7071
7026,7075
7026,7089
7026,7098
7026,7112
7026,7139
7026,7151
7026,17983
7026,17940
7026,26601
7041,7058
7041,7071
7041,7075
7041,7089
7041,7098
7041,7112
7041,7139
7041,7151
7041,7173
7041,17840
7052,7058
7052,7071
7052,7075
7052,7089
7052,7098
7052,7112
7052,7139
7052,7151
7052,7173
7052,7181
7058,7071
7058,7075
7058,7089
7058,7098
7058,7112
7058,7139
7058,7151
7058,7173
7058,7181
7058,26497
7058,12517
7058,20430
7071,7075
7071,7089
7071,7098
7071,7112
7071,7139
7071,7151
7071,7173
7071,7181
7071,7195
7071,7213
7071,13555
7071,12658
7071,23940
7075,7089
7075,7098
7075,7139
7075,7151
7075,7173
7075,7195
7075,7213
7075,7293
7075,10798
7075,11150
7075,24683
7089,7098
7089,7139
7089,7151
7089,7173
7089,7181
7089,7195
7089,7213
7089,7293
7089,7300
7098,7112
7098,7139
7098,7151
7098,7181
7098,7195
7098,7213
7098,7293
7098,7324
7098,21212
7112,7139
7112,7151
7112,7173
7112,7181
7112,7195
7112,7213
7112,7293
7112,7300
7112,7324
7112,7326
7112,17752
7139,7151
7139,7173
7139,7181
7139,7213
7139,7293
7139,7300
7139,7324
7139,7326
7139,7395
7139,24836
7139,17179
7151,7173
7151,7181
7151,7195
7151,7213
7151,7293
7151,7300
7151,7324
7151,7326
7151,7395
7151,7415
7151,21470
7151,24153
7173,7181
7173,7195
7173,7213
7173,7293
7173,7300
7173,7324
7173,7326
7173,7415
7173,7417
7173,22435
7173,13277
7181,7195
7181,7213
7181,7293
7181,7300
7181,7324
7181,7326
7181,7395
7181,7415
7181,7417
7181,7447
7181,8961
7195,7213
7195,7293
7195,7300
7195,7324
7195,7395
7195,7415
7195,7417
7195,7447
7195,7476
7195,8534
7213,7293
7213,7300
7213,7324
7213,7326
7213,7395
7213,7415
7213,7447
7213,7476
7213,7480
7293,7300
7293,7324
7293,7326
7293,7395
7293,7415
7293,7417
7293,7447
7293,7476
7293,7480
7293,7485
7293,8959
7300,7326
7300,7395
7300,7415
7300,7417
7300,7447
7300,7480
7300,7485
7300,7526
7300,24711
7300,15545
7300,24261
7300,24215
7300,14541
7324,7326
7324,7395
7324,7415
7324,7417
7324,7447
7324,7476
7324,7480
7324,7485
7324,7526
7324,7528
7326,7395
7326,7417
7326,7447
7326,7476
7326,7485
7326,7526
7326,7528
7326,7533
7326,10672
7326,14463
7326,23938
7395,7415
7395,7417
7395,7447
7395,7476
7395,7480
7395,7485
7395,7526
7395,7528
7395,7533
7395,7545
7395,8171
7415,7417
7415,7476
7415,7480
7415,7485
7415,7526
7415,7533
7415,7545
7415,7584
7415,14647
7415,16789
7417,7447
7417,7476
7417,7480
7417,7526
7417,7528
7417,7533
7417,7545
7417,7584
7417,7618
7417,18130
7417,18935
7447,7476
7447,7485
7447,7526
7447,7528
7447,7533
7447,7545
7447,7584
7447,7618
7447,7630
7447,23225
7447,13387
7476,7480
7476,7485
7476,7526
7476,7528
7476,7545
7476,7584
7476,7618
7476,7630
7476,7631
7476,13706
7476,21614
7480,7485
7480,7526
7480,7528
7480,7545
7480,7584
7480,7618
7480,7630
7480,7631
7480,7642
7480,16779
7480,22912
7480,23307
7485,7526
7485,7528
7485,7533
7485,7545
7485,7584
7485,7618
7485,7630
7485,7631
7485,7646
7485,18036
7485,19220
7526,7528
7526,7533
7526,7545
7526,7584
7526,7618
7526,7631
7526,7646
7526,7665
7526,23424
7526,18989
7526,21934
7528,7533
7528,7584
7528,7630
7528,7631
7528,7642
7528,7646
7528,7665
7528,7673
7528,15290
7528,14700
7528,26431
7528,9084
7528,25772
7533,7584
7533,7618
7533,7630
7533,7631
7533,7642
7533,7646
7533,7673
7533,21839
7533,13162
7533,14395
7545,7584
7545,7618
7545,7630
7545,7631
7545,7646
7545,7665
7545,7673
7545,7688
7545,20510
7545,16006
7545,10535
7545,27307
7545,27317
7545,27400
7545,27418
7545,27423
7545,27432
7545,27437
7545,27442
7545,7558
7545,7562
7545,7570
7545,7571
7545,7590
7545,7599
7545,7600
7545,7602
7545,7611
7584,7631
7584,7642
7584,7646
7584,7665
7584,7673
7584,7688
7584,7710
7584,7722
7584,24499
7584,21548
7584,25232
7584,27210
7584,27418
7584,27423
7584,27432
7584,27437
7584,27442
7584,7558
7584,7562
7584,7570
7584,7571
7584,7590
7584,7600
7584,7602
7584,7611
7584,7612
7584,7617
7584,7626
7584,7627
7584,17819
7584,23637
7618,7630
7618,7642
7618,7646
7618,7665
7618,7673
7618,7688
7618,7710
7618,7729
7618,24323
7618,17834
7618,10629
7618,7570
7618,7590
7618,7599
7618,7600
7618,7602
7618,7611
7618,7612
7618,7626
7618,7627
7618,7631
7618,7649
7618,7656
7618,7658
7618,11043
7618,12325
7618,22039
7618,21510
7630,7631
7630,7642
7630,7646
7630,7665
7630,7673
7630,7688
7630,7710
7630,7722
7630,11060
7630,10396
7630,22214
7630,13376
7630,7590
7630,7599
7630,7600
7630,7602
7630,7612
7630,7617
7630,7626
7630,7627
7630,7647
7630,7649
7630,7656
7630,7658
7630,7664
7631,7642
7631,7646
7631,7665
7631,7673
7631,7710
7631,7722
7631,7729
7631,7743
7631,20070
7631,8735
7631,7600
7631,7602
7631,7612
7631,7617
7631,7626
7631,7627
7631,7647
7631,7649
7631,7658
7631,7664
7631,7687
7631,20262
7642,7646
7642,7665
7642,7673
7642,7688
7642,7710
7642,7722
7642,7729
7642,7743
7642,7746
7642,7757
7642,7600
7642,7602
7642,7611
7642,7612
7642,7617
7642,7626
7642,7627
7642,7647
7642,7649
7642,7656
7642,7658
7642,7664
7642,7687
7642,26757
7646,7688
7646,7710
7646,7722
7646,7729
7646,7743
7646,7746
7646,7757
7646,7764
7646,10306
7646,26382
7646,21318
7646,7602
7646,7611
7646,7612
7646,7626
7646,7647
7646,7649
7646,7656
7646,7658
7646,7664
7646,7665
7646,7673
7646,7687
7646,7689
7665,7673
7665,7688
7665,7710
7665,7722
7665,7729
7665,7743
7665,7746
7665,7757
7665,7764
7665,7786
7665,12384
7665,23970
7665,7647
7665,7649
7665,7656
7665,7658
7665,7664
7665,7687
7665,7689
7665,7691
7665,7692
7665,7695
7665,7698
7665,7700
7665,10002
7673,7688
7673,7710
7673,7722
7673,7729
7673,7743
7673,7746
7673,7757
7673,7764
7673,7786
7673,7789
7673,7647
7673,7649
7673,7656
7673,7658
7673,7664
7673,7687
7673,7689
7673,7691
7673,7692
7673,7693
7673,7695
7673,7698
7673,7700
7673,7706
7673,26028
7688,7729
7688,7743
7688,7746
7688,7757
7688,7764
7688,7786
7688,7789
7688,7822
7688,26857
7688,23945
7688,21838
7688,20263
7688,17923
7688,7647
7688,7649
7688,7656
7688,7658
7688,7664
7688,7687
7688,7689
7688,7691
7688,7692
7688,7695
7688,7698
7688,7700
7688,7706
7688,7707
7688,7709
7688,9597
7710,7722
7710,7729
7710,7743
7710,7746
7710,7757
7710,7764
7710,7786
7710,7789
7710,7822
7710,7835
7710,7689
7710,7691
7710,7692
7710,7695
7710,7698
7710,7700
7710,7706
7710,7707
7710,7709
7710,7712
7710,7717
7710,7718
7710,7721
7710,7723
7710,7725
7710,7734
7710,9456
7722,7729
7722,7743
7722,7746
7722,7757
7722,7764
7722,7786
7722,7789
7722,7822
7722,7835
7722,7871
7722,25307
7722,21374
7722,7698
7722,7700
7722,7706
7722,7709
7722,7712
7722,7717
7722,7718
7722,7721
7722,7723
7722,7725
7722,7727
7722,7734
7722,7740
7722,7753
7722,17956
7729,7743
7729,7746
7729,7757
7729,7764
7729,7786
7729,7789
7729,7822
7729,7835
7729,7871
7729,7929
7729,14323
7729,17532
7729,20743
7729,7709
7729,7712
7729,7717
7729,7718
7729,7721
7729,7723
7729,7725
7729,7727
7729,7734
7729,7740
7729,7760
7729,7765
7729,7766
7743,7746
7743,7757
7743,7786
7743,7789
7743,7822
7743,7835
7743,7871
7743,7929
7743,7975
7743,7717
7743,7718
7743,7721
7743,7723
7743,7725
7743,7727
7743,7734
7743,7740
7743,7753
7743,7760
7743,7764
7743,7765
7743,7766
7743,7777
7743,7782
7743,16088
7743,13566
7743,24347
7746,7757
7746,7764
7746,7786
7746,7789
7746,7822
7746,7871
7746,7929
7746,7975
7746,7981
7746,7656
7746,14135
7746,7718
7746,7721
7746,7723
7746,7725
7746,7727
7746,7734
7746,7740
7746,7753
7746,7760
7746,7765
7746,7766
7746,7777
7746,7783
7746,9483
7757,7764
7757,7786
7757,7789
7757,7822
7757,7835
7757,7871
7757,7929
7757,7975
7757,7981
7757,7984
7757,14230
7757,25102
7757,22662
7757,7723
7757,7725
7757,7727
7757,7734
7757,7740
7757,7753
7757,7766
7757,7777
7757,7781
7757,7782
7757,7783
7757,7784
7757,7785
7757,14452
7757,27364
7764,7786
7764,7789
7764,7822
7764,7835
7764,7929
7764,7975
7764,7981
7764,7984
7764,7993
7764,20546
7764,19400
7764,7727
7764,7734
7764,7740
7764,7753
7764,7760
7764,7765
7764,7777
7764,7781
7764,7782
7764,7784
7764,7785
7764,24268
7764,13968
7764,16485
7786,7789
7786,7835
7786,7871
7786,7929
7786,7975
7786,7981
7786,7984
7786,7993
7786,21247
7786,19792
7786,24547
7786,12301
7786,7760
7786,7765
7786,7766
7786,7777
7786,7781
7786,7782
7786,7783
7786,7784
7786,7785
7786,7794
7786,7796
7786,7797
7786,7798
7786,7805
7786,7806
7786,7811
7786,7815
7786,23452
7786,22816
7786,24433
7786,25444
7786,12902
7789,7822
7789,7835
7789,7871
7789,7929
7789,7975
7789,7981
7789,7984
7789,8010
7789,8013
7789,9449
7789,26411
7789,7765
7789,7766
7789,7777
7789,7781
7789,7782
7789,7783
7789,7784
7789,7785
7789,7794
7789,7797
7789,7798
7789,7803
7789,7805
7789,7806
7789,7811
7789,7815
7789,7818
7789,14918
7822,7835
7822,7871
7822,7929
7822,7981
7822,7984
7822,7993
7822,8010
7822,8013
7822,8036
7822,18662
7822,12282
7822,8990
7822,15331
7822,24943
7822,7794
7822,7796
7822,7797
7822,7798
7822,7803
7822,7805
7822,7806
7822,7811
7822,7815
7822,7818
7822,7824
7822,7828
7822,7836
7822,7838
7822,7845
7822,7847
7822,20425
7822,26138
7822,8849
7835,7929
7835,7975
7835,7981
7835,7984
7835,7993
7835,8010
7835,8013
7835,8036
7835,8052
7835,24800
7835,21705
7835,26290
7835,10889
7835,7798
7835,7803
7835,7805
7835,7806
7835,7811
7835,7815
7835,7818
7835,7824
7835,7828
7835,7836
7835,7838
7835,7844
7835,7845
7835,7847
7835,7849
7835,7857
7835,7862
7835,7863
7835,17022
7871,7929
7871,7975
7871,7981
7871,7984
7871,7993
7871,8013
7871,8036
7871,8052
7871,8058
7871,9397
7871,7845
7871,7847
7871,7849
7871,7857
7871,7863
7871,7865
7871,7874
7871,7878
7871,7888
7871,7895
7871,7897
7871,7903
7871,7904
7871,7908
7871,7922
7871,14754
7871,15598
7929,7975
7929,7981
7929,7984
7929,7993
7929,8010
7929,8013
7929,8036
7929,8052
7929,8058
7929,8071
7929,18538
7929,7895
7929,7897
7929,7903
7929,7904
7929,7906
7929,7908
7929,7922
7929,7925
7929,7927
7929,7935
7929,7937
7929,7966
7929,7967
7929,7968
7929,7969
7929,7973
7929,19642
7975,7981
7975,7984
7975,7993
7975,8010
7975,8013
7975,8036
7975,8052
7975,8071
7975,8085
7975,21116
7975,7927
7975,7935
7975,7956
7975,7966
7975,7967
7975,7968
7975,7973
7975,8006
7975,8007
7975,8026
7975,17305
7975,26220
7975,21180
7981,7984
7981,7993
7981,8010
7981,8013
7981,8036
7981,8052
7981,8058
7981,8071
7981,8085
7981,8086
7981,12347
7981,8338
7981,14633
7981,7935
7981,7937
7981,7956
7981,7966
7981,7967
7981,7969
7981,7973
7981,7983
7981,7995
7981,8006
7981,8007
7981,8026
7981,8027
7981,10199
7984,7993
7984,8010
7984,8013
7984,8036
7984,8052
7984,8071
7984,8085
7984,8086
7984,8102
7984,17366
7984,7937
7984,7956
7984,7966
7984,7967
7984,7968
7984,7969
7984,7973
7984,7995
7984,8007
7984,8026
7984,8027
7984,8030
7984,8032
7984,27099
7993,8010
7993,8013
7993,8036
7993,8052
7993,8058
7993,8071
7993,8086
7993,8102
7993,8103
7993,25232
7993,7956
7993,7966
7993,7967
7993,7968
7993,7969
7993,7973
7993,7983
7993,7995
7993,8006
7993,8007
7993,8026
7993,8027
7993,8030
7993,8032
7993,21700
8010,8013
8010,8036
8010,8052
8010,8058
8010,8071
8010,8085
8010,8086
8010,8102
8010,8103
8010,8108
8010,7969
8010,7973
8010,7983
8010,7995
8010,8007
8010,8026
8010,8027
8010,8030
8010,8032
8010,8041
8010,8046
8010,8049
8010,16889
8013,8052
8013,8058
8013,8071
8013,8085
8013,8086
8013,8103
8013,8108
8013,8112
8013,26183
8013,14889
8013,7973
8013,7983
8013,7995
8013,8006
8013,8007
8013,8026
8013,8027
8013,8030
8013,8032
8013,8036
8013,8041
8013,8046
8013,8049
8013,8056
8013,19512
8036,8052
8036,8058
8036,8085
8036,8086
8036,8102
8036,8103
8036,8108
8036,8112
8036,8141
8036,13566
8036,8006
8036,8007
8036,8026
8036,8030
8036,8032
8036,8041
8036,8046
8036,8049
8036,8056
8036,8061
8036,8071
8036,8080
8052,8058
8052,8071
8052,8085
8052,8086
8052,8102
8052,8103
8052,8108
8052,8112
8052,8141
8052,8144
8052,8026
8052,8027
8052,8030
8052,8032
8052,8041
8052,8046
8052,8049
8052,8056
8052,8061
8052,8080
8052,8107
8052,14622
8052,25443
8052,23291
8058,8071
8058,8086
8058,8102
8058,8103
8058,8108
8058,8112
8058,8141
8058,8144
8058,8151
8058,15972
8058,20175
8058,8026
8058,8027
8058,8030
8058,8032
8058,8041
8058,8046
8058,8056
8058,8061
8058,8080
8058,8085
8058,8107
8058,15078
8071,8086
8071,8102
8071,8103
8071,8108
8071,8112
8071,8141
8071,8144
8071,8151
8071,8152
8071,17878
8071,23464
8071,14399
8071,8030
8071,8032
8071,8041
8071,8046
8071,8049
8071,8056
8071,8061
8071,8080
8071,8085
8071,8107
8071,8128
8071,13431
8085,8086
8085,8102
8085,8108
8085,8112
8085,8141
8085,8144
8085,8151
8085,8152
8085,8153
8085,11690
8085,18038
8085,11716
8085,8041
8085,8046
8085,8056
8085,8061
8085,8080
8085,8103
8085,8107
8085,8113
8085,8128
8085,8134
8085,8137
8085,16016
8085,11189
8085,24795
8086,8102
8086,8103
8086,8108
8086,8112
8086,8141
8086,8144
8086,8151
8086,8152
8086,8153
8086,8160
8086,26419
8086,8041
8086,8046
8086,8049
8086,8056
8086,8061
8086,8080
8086,8107
8086,8113
8086,8128
8086,8134
8086,8137
8086,8140
8086,9187
8102,8103
8102,8108
8102,8112
8102,8141
8102,8144
8102,8151
8102,8152
8102,8160
8102,18686
8102,8046
8102,8049
8102,8056
8102,8061
8102,8080
8102,8107
8102,8113
8102,8128
8102,8134
8102,8137
8102,8140
8102,12325
8103,8108
8103,8112
8103,8141
8103,8151
8103,8152
8103,8153
8103,8160
8103,8182
8103,14901
8103,16575
8103,11436
8103,8049
8103,8056
8103,8061
8103,8080
8103,8107
8103,8128
8103,8134
8103,8137
8103,8140
8103,8144
8108,8112
8108,8141
8108,8144
8108,8151
8108,8152
8108,8153
8108,8160
8108,8182
8108,8212
8108,10151
8108,13101
8108,8056
8108,8061
8108,8080
8108,8107
8108,8113
8108,8128
8108,8134
8108,8137
8108,8140
8108,8145
8108,21877
8112,8141
8112,8144
8112,8152
8112,8153
8112,8160
8112,8182
8112,8195
8112,8212
8112,8222
8112,22940
8112,8061
8112,8080
8112,8107
8112,8113
8112,8128
8112,8134
8112,8137
8112,8140
8112,8145
8112,8151
8141,8144
8141,8151
8141,8160
8141,8182
8141,8195
8141,8212
8141,8222
8141,24631
8141,9913
8141,23686
8141,19602
8141,8113
8141,8128
8141,8134
8141,8137
8141,8145
8141,8152
8141,8153
8141,8155
8141,8158
8141,8161
8141,8164
8144,8151
8144,8152
8144,8153
8144,8160
8144,8182
8144,8195
8144,8212
8144,8222
8144,8244
8144,8252
8144,12909
8144,8107
8144,8113
8144,8134
8144,8140
8144,8145
8144,8155
8144,8161
8144,8164
8144,8171
8151,8152
8151,8153
8151,8160
8151,8182
8151,8212
8151,8222
8151,8244
8151,8252
8151,8264
8151,9467
8151,9972
8151,8113
8151,8128
8151,8134
8151,8137
8151,8140
8151,8145
8151,8155
8151,8158
8151,8161
8151,8164
8151,8173
8152,8153
8152,8160
8152,8182
8152,8195
8152,8212
8152,8222
8152,8244
8152,8252
8152,8264
8152,8280
8152,9142
8152,8113
8152,8128
8152,8134
8152,8137
8152,8145
8152,8155
8152,8158
8152,8161
8152,8164
8152,8171
8152,8173
8152,8185
8153,8160
8153,8182
8153,8212
8153,8222
8153,8244
8153,8252
8153,8264
8153,8280
8153,8286
8153,26284
8153,8113
8153,8128
8153,8134
8153,8137
8153,8140
8153,8145
8153,8155
8153,8158
8153,8161
8153,8164
8153,8173
8153,21879
8153,19856
8153,8487
8153,24195
8160,8195
8160,8212
8160,8222
8160,8244
8160,8252
8160,8264
8160,8280
8160,8286
8160,8292
8160,25739
8160,23316
8160,8137
8160,8140
8160,8145
8160,8155
8160,8158
8160,8161
8160,8164
8160,8171
8160,8173
8160,8182
8160,8185
8160,8192
8160,8196
8160,8200
8182,8195
8182,8212
8182,8222
8182,8244
8182,8252
8182,8264
8182,8280
8182,8286
8182,8292
8182,8301
8182,19731
8182,23755
8182,18534
8182,8155
8182,8158
8182,8161
8182,8164
8182,8171
8182,8173
8182,8185
8182,8192
8182,8196
8182,8200
8182,8205
8182,8209
8182,8216
8182,8219
8195,8212
8195,8222
8195,8244
8195,8252
8195,8264
8195,8280
8195,8286
8195,8292
8195,8301
8195,8327
8195,11714
8195,18494
8195,8155
8195,8158
8195,8161
8195,8164
8195,8171
8195,8173
8195,8185
8195,8192
8195,8196
8195,8200
8195,8205
8195,8209
8195,8227
8195,25092
8212,8222
8212,8244
8212,8252
8212,8264
8212,8280
8212,8286
8212,8292
8212,8301
8212,8327
8212,8330
8212,24611
8212,8171
8212,8173
8212,8185
8212,8192
8212,8196
8212,8200
8212,8205
8212,8209
8212,8219
8212,8224
8212,8227
8212,8237
8212,8241
8212,8247
8212,16477
8212,13068
8222,8244
8222,8252
8222,8264
8222,8280
8222,8286
8222,8292
8222,8301
8222,8327
8222,8330
8222,8336
8222,12495
8222,19139
8222,22989
8222,8185
8222,8192
8222,8196
8222,8200
8222,8205
8222,8209
8222,8216
8222,8224
8222,8237
8222,8241
8222,8253
8222,8256
8222,8258
8222,10367
8244,8252
8244,8264
8244,8280
8244,8286
8244,8292
8244,8301
8244,8330
8244,8336
8244,8338
8244,17660
8244,17591
8244,21205
8244,8205
8244,8209
8244,8216
8244,8219
8244,8224
8244,8227
8244,8237
8244,8241
8244,8247
8244,8253
8244,8256
8244,8258
8244,8259
8244,8260
8244,8267
8244,21599
8244,10393
8252,8264
8252,8280
8252,8286
8252,8292
8252,8301
8252,8327
8252,8330
8252,8336
8252,8338
8252,18207
8252,8216
8252,8219
8252,8224
8252,8237
8252,8241
8252,8247
8252,8253
8252,8256
8252,8258
8252,8259
8252,8260
8252,8265
8252,8267
8252,8281
8264,8280
8264,8286
8264,8292
8264,8301
8264,8327
8264,8330
8264,8336
8264,8338
8264,8356
8264,8374
8264,8237
8264,8241
8264,8253
8264,8256
8264,8258
8264,8259
8264,8260
8264,8265
8264,8267
8264,8281
8264,8290
8264,8297
8264,20732
8264,21578
8280,8286
8280,8292
8280,8301
8280,8327
8280,8330
8280,8336
8280,8338
8280,8356
8280,8374
8280,8386
8280,13303
8280,8247
8280,8253
8280,8256
8280,8258
8280,8259
8280,8260
8280,8265
8280,8267
8280,8281
8280,8283
8280,8290
8280,8297
8280,8302
8280,8309
8280,8312
8286,8292
8286,8301
8286,8327
8286,8330
8286,8336
8286,8338
8286,8356
8286,8374
8286,8386
8286,8388
8286,8256
8286,8258
8286,8259
8286,8260
8286,8265
8286,8267
8286,8281
8286,8290
8286,8297
8286,8302
8286,8309
8286,8312
8286,8315
8286,8319
8286,8323
8292,8327
8292,8336
8292,8338
8292,8356
8292,8374
8292,8386
8292,8388
8292,8407
8292,15904
8292,15008
8292,8875
8292,8259
8292,8260
8292,8265
8292,8267
8292,8281
8292,8283
8292,8290
8292,8297
8292,8301
8292,8302
8292,8309
8292,8312
8292,8315
8292,8319
8292,8323
8292,8326
8292,11106
8301,8327
8301,8330
8301,8336
8301,8338
8301,8356
8301,8374
8301,8386
8301,8388
8301,8407
8301,8413
8301,8265
8301,8267
8301,8281
8301,8283
8301,8297
8301,8302
8301,8309
8301,8312
8301,8315
8301,8319
8301,8323
8301,8326
8301,8329
8301,10078
8301,11314
8327,8330
8327,8336
8327,8338
8327,8356
8327,8374
8327,8386
8327,8388
8327,8407
8327,8413
8327,8443
8327,8297
8327,8302
8327,8309
8327,8312
8327,8315
8327,8319
8327,8323
8327,8326
8327,8329
8327,8334
8327,8343
8327,8347
8327,8355
8327,19244
8327,12208
8327,12865
8327,15638
8330,8336
8330,8338
8330,8356
8330,8374
8330,8386
8330,8407
8330,8413
8330,8443
8330,8448
8330,23195
8330,8302
8330,8309
8330,8312
8330,8315
8330,8319
8330,8323
8330,8326
8330,8329
8330,8334
8330,8341
8330,8343
8330,8355
8330,8361
8330,25340
8336,8338
8336,8356
8336,8374
8336,8386
8336,8388
8336,8407
8336,8413
8336,8443
8336,8448
8336,8457
8336,25181
8336,23812
8336,8312
8336,8315
8336,8319
8336,8323
8336,8326
8336,8329
8336,8333
8336,8334
8336,8341
8336,8343
8336,8347
8336,8355
8336,8367
8336,8373
8336,20627
8336,14365
8338,8374
8338,8388
8338,8407
8338,8413
8338,8443
8338,8448
8338,8457
8338,8466
8338,24633
8338,27402
8338,8315
8338,8319
8338,8326
8338,8329
8338,8333
8338,8347
8338,8355
8338,8361
8338,8367
8338,8373
8338,8382
8338,13205
8338,18512
8338,13503
8356,8374
8356,8386
8356,8388
8356,8407
8356,8413
8356,8443
8356,8448
8356,8457
8356,8466
8356,8503
8356,8329
8356,8341
8356,8343
8356,8347
8356,8355
8356,8361
8356,8367
8356,8373
8356,8382
8356,8383
8356,8387
8356,8394
8374,8386
8374,8388
8374,8407
8374,8413
8374,8443
8374,8448
8374,8457
8374,8466
8374,8503
8374,8534
8374,8113
8374,8341
8374,8343
8374,8347
8374,8355
8374,8361
8374,8367
8374,8382
8374,8383
8374,8387
8374,8394
8374,8405
8374,8410
8386,8388
8386,8407
8386,8413
8386,8443
8386,8448
8386,8457
8386,8466
8386,8503
8386,8534
8386,8541
8386,22172
8386,8343
8386,8347
8386,8355
8386,8361
8386,8367
8386,8373
8386,8382
8386,8383
8386,8387
8386,8394
8386,8405
8386,8410
8386,8417
8386,8418
8386,8419
8386,26443
8388,8407
8388,8413
8388,8443
8388,8448
8388,8457
8388,8466
8388,8503
8388,8541
8388,8543
8388,23759
8388,12183
8388,19040
8388,8355
8388,8361
8388,8367
8388,8373
8388,8382
8388,8383
8388,8387
8388,8394
8388,8405
8388,8410
8388,8417
8388,8418
8388,8419
8388,8441
8388,24910
8388,13946
8407,8413
8407,8443
8407,8466
8407,8503
8407,8534
8407,8541
8407,8543
8407,8547
8407,9142
8407,12934
8407,8367
8407,8373
8407,8382
8407,8383
8407,8387
8407,8394
8407,8417
8407,8418
8407,8419
8407,8421
8407,8441
8407,8448
8407,8450
8407,10101
8413,8443
8413,8457
8413,8466
8413,8503
8413,8534
8413,8541
8413,8543
8413,8547
8413,8552
8413,9959
8413,21221
8413,8382
8413,8383
8413,8387
8413,8394
8413,8405
8413,8410
8413,8419
8413,8441
8413,8448
8413,8450
8413,8453
8413,8456
8413,11255
8413,18280
8413,12375
8443,8448
8443,8457
8443,8466
8443,8503
8443,8534
8443,8541
8443,8543
8443,8552
8443,8575
8443,24062
8443,21712
8443,8355
8443,8394
8443,8405
8443,8410
8443,8417
8443,8418
8443,8419
8443,8421
8443,8441
8443,8450
8443,8453
8443,8456
8443,8461
8443,8476
8443,8487
8443,13629
8443,24449
8443,19342
8448,8457
8448,8466
8448,8503
8448,8534
8448,8541
8448,8543
8448,8547
8448,8552
8448,8575
8448,11470
8448,24680
8448,8405
8448,8410
8448,8417
8448,8418
8448,8419
8448,8421
8448,8441
8448,8450
8448,8453
8448,8456
8448,8461
8448,8484
8448,8487
8448,8491
8448,11222
8457,8466
8457,8503
8457,8534
8457,8541
8457,8543
8457,8547
8457,8552
8457,8575
8457,8583
8457,8603
8457,8418
8457,8419
8457,8421
8457,8441
8457,8450
8457,8453
8457,8456
8457,8461
8457,8476
8457,8484
8457,8487
8457,8491
8457,8494
8457,8497
8457,8501
8457,13554
8466,8503
8466,8534
8466,8541
8466,8547
8466,8575
8466,8583
8466,8607
8466,14234
8466,7612
8466,8419
8466,8421
8466,8441
8466,8450
8466,8453
8466,8456
8466,8461
8466,8476
8466,8484
8466,8487
8466,8491
8466,8494
8466,8501
8466,8504
8466,8509
8466,10907
8503,8534
8503,8541
8503,8543
8503,8547
8503,8552
8503,8575
8503,8583
8503,8603
8503,8607
8503,8615
8503,10773
8503,13678
8503,24105
8503,18802
8503,8476
8503,8484
8503,8487
8503,8491
8503,8494
8503,8497
8503,8501
8503,8504
8503,8509
8503,8511
8503,8515
8503,8518
8503,8520
8503,8521
8503,8523
8503,8524
8503,12135
8534,8541
8534,8547
8534,8552
8534,8575
8534,8583
8534,8607
8534,8615
8534,8634
8534,8453
8534,14658
8534,17349
8534,9959
8534,8504
8534,8509
8534,8511
8534,8515
8534,8518
8534,8520
8534,8521
8534,8523
8534,8524
8534,8533
8534,8542
8534,8543
8534,8553
8534,8556
8534,8558
8534,25723
8534,24620
8534,24185
8541,8543
8541,8547
8541,8552
8541,8575
8541,8583
8541,8603
8541,8607
8541,8615
8541,8634
8541,8655
8541,24772
8541,26671
8541,8515
8541,8518
8541,8520
8541,8521
8541,8523
8541,8524
8541,8533
8541,8537
8541,8542
8541,8553
8541,8556
8541,8557
8541,8563
8541,8566
8541,25761
8541,12171
8543,8547
8543,8552
8543,8575
8543,8583
8543,8603
8543,8607
8543,8634
8543,8655
8543,8657
8543,24688
8543,8518
8543,8520
8543,8521
8543,8523
8543,8524
8543,8533
8543,8537
8543,8542
8543,8556
8543,8557
8543,8558
8543,8563
8543,8566
8543,8571
8543,16272
8543,22187
8547,8552
8547,8575
8547,8603
8547,8607
8547,8615
8547,8634
8547,8655
8547,8683
8547,11396
8547,24861
8547,24089
8547,16572
8547,8520
8547,8521
8547,8523
8547,8524
8547,8533
8547,8537
8547,8542
8547,8553
8547,8556
8547,8557
8547,8563
8547,8566
8547,8567
8547,8571
8547,23968
8547,15353
8552,8575
8552,8583
8552,8603
8552,8607
8552,8615
8552,8634
8552,8655
8552,8657
8552,8693
8552,12126
8552,23464
8552,8521
8552,8523
8552,8533
8552,8537
8552,8542
8552,8556
8552,8557
8552,8558
8552,8563
8552,8566
8552,8567
8552,8571
8552,8576
8552,23132
8575,8603
8575,8607
8575,8615
8575,8634
8575,8655
8575,8657
8575,8693
8575,8714
8575,17337
8575,22899
8575,18287
8575,8553
8575,8556
8575,8557
8575,8558
8575,8563
8575,8566
8575,8567
8575,8571
8575,8576
8575,8583
8575,8584
8575,8589
8575,8598
8575,8619
8575,8624
8575,14547
8583,8603
8583,8607
8583,8615
8583,8634
8583,8657
8583,8683
8583,8693
8583,8714
8583,16551
8583,13295
8583,8823
8583,25019
8583,10023
8583,13574
8583,8556
8583,8557
8583,8558
8583,8563
8583,8566
8583,8571
8583,8576
8583,8589
8583,8598
8583,8619
8583,8624
8583,8625
8583,8630
8583,25952
8583,8997
8583,10822
8583,11141
8603,8607
8603,8615
8603,8634
8603,8655
8603,8657
8603,8683
8603,8693
8603,8714
8603,8716
8603,8735
8603,20983
8603,8563
8603,8566
8603,8567
8603,8571
8603,8576
8603,8584
8603,8589
8603,8598
8603,8619
8603,8624
8603,8625
8603,8653
8603,8654
8603,8682
8603,23080
8603,25773
8607,8615
8607,8634
8607,8655
8607,8683
8607,8693
8607,8714
8607,8716
8607,8735
8607,8773
8607,8801
8607,8566
8607,8567
8607,8571
8607,8576
8607,8584
8607,8589
8607,8598
8607,8619
8607,8624
8607,8625
8607,8653
8607,8657
8607,14609
8607,15353
8607,13454
8615,8634
8615,8655
8615,8657
8615,8683
8615,8693
8615,8714
8615,8716
8615,8735
8615,8780
8615,17146
8615,19092
8615,11016
8615,15190
8615,8567
8615,8571
8615,8576
8615,8584
8615,8589
8615,8598
8615,8619
8615,8624
8615,8625
8615,8630
8615,8653
8615,8654
8615,8662
8634,8655
8634,8657
8634,8683
8634,8714
8634,8735
8634,8773
8634,8780
8634,8809
8634,16994
8634,18966
8634,13314
8634,14406
8634,14875
8634,8584
8634,8589
8634,8598
8634,8624
8634,8625
8634,8653
8634,8654
8634,8662
8634,8671
8634,8672
8634,8675
8634,8677
8634,26462
8655,8683
8655,8693
8655,8714
8655,8716
8655,8735
8655,8780
8655,8809
8655,8812
8655,14700
8655,18279
8655,13287
8655,26735
8655,8619
8655,8624
8655,8630
8655,8653
8655,8654
8655,8657
8655,8662
8655,8666
8655,8671
8655,8672
8655,8675
8655,8677
8655,8678
8655,8682
8655,9329
8657,8683
8657,8693
8657,8714
8657,8716
8657,8773
8657,8780
8657,8809
8657,8812
8657,8821
8657,10310
8657,18019
8657,10847
8657,8624
8657,8625
8657,8630
8657,8654
8657,8662
8657,8671
8657,8672
8657,8675
8657,8677
8657,8678
8657,8680
8657,8682
8657,18253
8657,11034
8683,8693
8683,8716
8683,8735
8683,8780
8683,8809
8683,8812
8683,8821
8683,8832
8683,24556
8683,27290
8683,16117
8683,8662
8683,8666
8683,8671
8683,8672
8683,8675
8683,8678
8683,8680
8683,8682
8683,8684
8683,8685
8683,8703
8683,8705
8683,8710
8683,8711
8683,8712
8683,8714
8683,8715
8683,16806
8693,8714
8693,8716
8693,8735
8693,8773
8693,8780
8693,8809
8693,8812
8693,8821
8693,8832
8693,8838
8693,17408
8693,8671
8693,8672
8693,8677
8693,8678
8693,8680
8693,8682
8693,8684
8693,8685
8693,8705
8693,8710
8693,8711
8693,8712
8693,8715
8693,22535
8693,19319
8714,8716
8714,8735
8714,8773
8714,8780
8714,8809
8714,8812
8714,8821
8714,8832
8714,8838
8714,8848
8714,22121
8714,22839
8714,24252
8714,9193
8714,8682
8714,8684
8714,8685
8714,8703
8714,8705
8714,8710
8714,8711
8714,8712
8714,8715
8714,8745
8714,8751
8714,8753
8714,8756
8714,8757
8714,8762
8714,8767
8714,19599
8714,19882
8716,8735
8716,8773
8716,8780
8716,8812
8716,8821
8716,8832
8716,8838
8716,8848
8716,8849
8716,23646
8716,18775
8716,8684
8716,8685
8716,8703
8716,8705
8716,8710
8716,8711
8716,8712
8716,8715
8716,8745
8716,8751
8716,8753
8716,8756
8716,8757
8716,8762
8716,8767
8716,8769
8716,21586
8735,8773
8735,8780
8735,8809
8735,8812
8735,8821
8735,8832
8735,8838
8735,8848
8735,8849
8735,8856
8735,7707
8735,24275
8735,8685
8735,8703
8735,8710
8735,8711
8735,8712
8735,8715
8735,8745
8735,8751
8735,8753
8735,8756
8735,8762
8735,8767
8735,8769
8735,8774
8773,8780
8773,8809
8773,8821
8773,8832
8773,8838
8773,8848
8773,8849
8773,8856
8773,8863
8773,15489
8773,8745
8773,8751
8773,8753
8773,8756
8773,8757
8773,8762
8773,8767
8773,8769
8773,8774
8773,8776
8773,8778
8773,8788
8773,8796
8773,8797
8773,8801
8773,8805
8773,16162
8780,8809
8780,8812
8780,8821
8780,8832
8780,8838
8780,8849
8780,8856
8780,8863
8780,8870
8780,24861
8780,8756
8780,8757
8780,8762
8780,8767
8780,8769
8780,8774
8780,8776
8780,8778
8780,8788
8780,8796
8780,8797
8780,8801
8780,8804
8780,8823
8780,23799
8780,25794
8780,16638
8809,8812
8809,8821
8809,8832
8809,8838
8809,8848
8809,8849
8809,8856
8809,8863
8809,8870
8809,8871
8809,8774
8809,8776
8809,8778
8809,8788
8809,8796
8809,8797
8809,8801
8809,8804
8809,8805
8809,8827
8809,8841
8809,8844
8809,8847
8809,11485
8812,8821
8812,8832
8812,8838
8812,8848
8812,8849
8812,8856
8812,8863
8812,8870
8812,8871
8812,8875
8812,8776
8812,8778
8812,8788
8812,8796
8812,8797
8812,8801
8812,8804
8812,8805
8812,8823
8812,8827
8812,8841
8812,8844
8812,8847
8821,8832
8821,8838
8821,8848
8821,8849
8821,8856
8821,8863
8821,8870
8821,8871
8821,8875
8821,8877
8821,27071
8821,15983
8821,8778
8821,8788
8821,8796
8821,8797
8821,8801
8821,8804
8821,8805
8821,8823
8821,8827
8821,8841
8821,8844
8821,8847
8821,8855
8821,10447
8832,8838
8832,8849
8832,8856
8832,8863
8832,8870
8832,8871
8832,8875
8832,8877
8832,8879
8832,15418
8832,17617
8832,8796
8832,8797
8832,8801
8832,8804
8832,8805
8832,8827
8832,8844
8832,8847
8832,8848
8832,8855
8832,8867
8832,21399
8832,9867
8838,8848
8838,8849
8838,8856
8838,8863
8838,8870
8838,8871
8838,8875
8838,8877
8838,8903
8838,19815
8838,15077
8838,24846
8838,18789
8838,8797
8838,8804
8838,8805
8838,8823
8838,8827
8838,8841
8838,8844
8838,8847
8838,8855
8838,8867
8838,26213
8838,24554
8848,8849
8848,8856
8848,8863
8848,8870
8848,8871
8848,8875
8848,8877
8848,8879
8848,8918
8848,25436
8848,18684
8848,8823
8848,8827
8848,8841
8848,8844
8848,8847
8848,8855
8848,8867
8848,24194
8848,26845
8849,8856
8849,8863
8849,8870
8849,8871
8849,8875
8849,8877
8849,8903
8849,8918
8849,8919
8849,17703
8849,8823
8849,8827
8849,8841
8849,8847
8849,8855
8849,8867
8849,8879
8849,8885
8856,8863
8856,8871
8856,8875
8856,8877
8856,8879
8856,8903
8856,8918
8856,8919
8856,8923
8856,11316
8856,16796
8856,15077
8856,18987
8856,8823
8856,8827
8856,8844
8856,8847
8856,8870
8856,8885
8856,8892
8856,8894
8856,12909
8863,8870
8863,8871
8863,8875
8863,8877
8863,8879
8863,8903
8863,8918
8863,8919
8863,8933
8863,14479
8863,16294
8863,26949
8863,8827
8863,8841
8863,8844
8863,8847
8863,8855
8863,8867
8863,8885
8863,8892
8863,8894
8863,8902
8863,11932
8870,8871
8870,8875
8870,8877
8870,8879
8870,8903
8870,8918
8870,8919
8870,8923
8870,8933
8870,8938
8870,9104
8870,14382
8870,8841
8870,8844
8870,8847
8870,8855
8870,8867
8870,8885
8870,8892
8870,8902
8870,8908
8870,12446
8870,23735
8870,27093
8871,8875
8871,8877
8871,8879
8871,8903
8871,8918
8871,8919
8871,8923
8871,8933
8871,8938
8871,8955
8871,15555
8871,19870
8871,9630
8871,8841
8871,8844
8871,8847
8871,8855
8871,8867
8871,8885
8871,8892
8871,8894
8871,8908
8871,8912
8871,14364
8875,8877
8875,8879
8875,8903
8875,8918
8875,8919
8875,8923
8875,8933
8875,8938
8875,8975
8875,16597
8875,8844
8875,8855
8875,8867
8875,8892
8875,8894
8875,8902
8875,8908
8875,8912
8875,8916
8877,8879
8877,8903
8877,8918
8877,8919
8877,8923
8877,8933
8877,8938
8877,8975
8877,8979
8877,23923
8877,9467
8877,26524
8877,8847
8877,8855
8877,8885
8877,8892
8877,8894
8877,8902
8877,8908
8877,8912
8877,8916
8877,11744
8877,16364
8877,17153
8879,8918
8879,8919
8879,8923
8879,8933
8879,8938
8879,8955
8879,8975
8879,8979
8879,8983
8879,14017
8879,20447
8879,8855
8879,8867
8879,8885
8879,8892
8879,8894
8879,8902
8879,8903
8879,8908
8879,8916
8879,23162
8903,8918
8903,8919
8903,8933
8903,8938
8903,8975
8903,8979
8903,8984
8903,26888
8903,11953
8903,8867
8903,8885
8903,8892
8903,8894
8903,8902
8903,8908
8903,8912
8903,8916
8903,8923
8903,8932
8903,8936
8903,9993
8918,8919
8918,8923
8918,8933
8918,8938
8918,8955
8918,8975
8918,8979
8918,8983
8918,8984
8918,8987
8918,15738
8918,8885
8918,8902
8918,8908
8918,8912
8918,8916
8918,8932
8918,8936
8918,8942
8918,8946
8918,8949
8918,8951
8919,8923
8919,8933
8919,8938
8919,8975
8919,8983
8919,8984
8919,8990
8919,12906
8919,23370
8919,11638
8919,25080
8919,26610
8919,7698
8919,8885
8919,8892
8919,8894
8919,8902
8919,8908
8919,8912
8919,8916
8919,8932
8919,8936
8919,8942
8919,8946
8919,8949
8919,8951
8919,8954
8919,13478
8923,8933
8923,8938
8923,8955
8923,8975
8923,8979
8923,8983
8923,8984
8923,8987
8923,8990
8923,9034
8923,13400
8923,23365
8923,8885
8923,8892
8923,8894
8923,8908
8923,8912
8923,8916
8923,8932
8923,8936
8923,8942
8923,8946
8923,8949
8923,8951
8923,8954
8923,14946
8923,25479
8933,8938
8933,8955
8933,8975
8933,8979
8933,8983
8933,8984
8933,8987
8933,8990
8933,9034
8933,9044
8933,25205
8933,8894
8933,8902
8933,8908
8933,8912
8933,8916
8933,8932
8933,8936
8933,8942
8933,8946
8933,8951
8933,8954
8933,8959
8933,8961
8933,20170
8938,8955
8938,8975
8938,8979
8938,8983
8938,8984
8938,8987
8938,8990
8938,9044
8938,9052
8938,22202
8938,8908
8938,8912
8938,8936
8938,8942
8938,8946
8938,8949
8938,8951
8938,8954
8938,8959
8938,8966
8938,8971
8938,26187
8938,16908
8955,8975
8955,8979
8955,8987
8955,8990
8955,9034
8955,9044
8955,9052
8955,9066
8955,11316
8955,22711
8955,9247
8955,8932
8955,8936
8955,8942
8955,8946
8955,8949
8955,8951
8955,8954
8955,8959
8955,8961
8955,8966
8955,8971
8955,8974
8955,8976
8955,8977
8955,8983
8955,11601
8955,24187
8975,8979
8975,8983
8975,8984
8975,8990
8975,9034
8975,9044
8975,9052
8975,9066
8975,9078
8975,14769
8975,8946
8975,8951
8975,8954
8975,8959
8975,8961
8975,8966
8975,8971
8975,8974
8975,8976
8975,8987
8975,8992
8975,8997
8975,9001
8979,8983
8979,8984
8979,8990
8979,9034
8979,9044
8979,9052
8979,9066
8979,9078
8979,9084
8979,13057
8979,19138
8979,25467
8979,17657
8979,8959
8979,8961
8979,8966
8979,8971
8979,8974
8979,8976
8979,8977
8979,8987
8979,8992
8979,8997
8979,9001
8979,9008
8979,9009
8979,9011
8979,22229
8979,13096
8983,8984
8983,8987
8983,8990
8983,9034
8983,9044
8983,9052
8983,9066
8983,9078
8983,9084
8983,9086
8983,12486
8983,8347
8983,8961
8983,8971
8983,8974
8983,8976
8983,8977
8983,9001
8983,9008
8983,9009
8983,9011
8983,9016
8983,18534
8984,8990
8984,9034
8984,9044
8984,9052
8984,9066
8984,9078
8984,9084
8984,9086
8984,9102
8984,21023
8984,25992
8984,8959
8984,8961
8984,8966
8984,8971
8984,8974
8984,8976
8984,8977
8984,8987
8984,8992
8984,8997
8984,9001
8984,9008
8984,9009
8984,9011
8984,9016
8984,9022
8984,19875
8984,13334
8987,8990
8987,9034
8987,9044
8987,9052
8987,9066
8987,9078
8987,9102
8987,9104
8987,22516
8987,14052
8987,8961
8987,8966
8987,8974
8987,8976
8987,8977
8987,8992
8987,8997
8987,9001
8987,9008
8987,9009
8987,9011
8987,9016
8987,9022
8987,9024
8990,9044
8990,9066
8990,9078
8990,9084
8990,9086
8990,9102
8990,9104
8990,21146
8990,25269
8990,23906
8990,8966
8990,8971
8990,8974
8990,8977
8990,8992
8990,9001
8990,9008
8990,9011
8990,9016
8990,9022
8990,9024
8990,9032
8990,19033
9034,9044
9034,9052
9034,9066
9034,9078
9034,9084
9034,9086
9034,9102
9034,9104
9034,9105
9034,21091
9034,23970
9034,8992
9034,8997
9034,9001
9034,9008
9034,9009
9034,9011
9034,9016
9034,9024
9034,9032
9034,9058
9034,9063
9034,9065
9044,9052
9044,9066
9044,9078
9044,9086
9044,9102
9044,9104
9044,9105
9044,9137
9044,9139
9044,14514
9044,23901
9044,8997
9044,9001
9044,9008
9044,9009
9044,9011
9044,9016
9044,9022
9044,9024
9044,9032
9044,9058
9044,9063
9044,9065
9044,9084
9052,9066
9052,9078
9052,9086
9052,9102
9052,9104
9052,9105
9052,9139
9052,9146
9052,9661
9052,24240
9052,9008
9052,9009
9052,9011
9052,9016
9052,9022
9052,9024
9052,9032
9052,9058
9052,9063
9052,9065
9052,9084
9052,17868
9066,9078
9066,9084
9066,9086
9066,9104
9066,9105
9066,9139
9066,9146
9066,9156
9066,12349
9066,26275
9066,8347
9066,9016
9066,9022
9066,9024
9066,9032
9066,9058
9066,9063
9066,9065
9066,9102
9066,9107
9066,9109
9066,9113
9066,9115
9078,9084
9078,9086
9078,9102
9078,9104
9078,9105
9078,9137
9078,9139
9078,9146
9078,9156
9078,9180
9078,9992
9078,26587
9078,9022
9078,9024
9078,9032
9078,9058
9078,9063
9078,9065
9078,9107
9078,9109
9078,9113
9078,9115
9078,9126
9078,10946
9078,25050
9084,9086
9084,9102
9084,9105
9084,9137
9084,9139
9084,9146
9084,9156
9084,9193
9084,8309
9084,9024
9084,9032
9084,9058
9084,9063
9084,9065
9084,9104
9084,9107
9084,9109
9084,9113
9084,9115
9084,9126
9084,9131
9086,9102
9086,9104
9086,9105
9086,9137
9086,9139
9086,9146
9086,9180
9086,9193
9086,9209
9086,24089
9086,9032
9086,9058
9086,9063
9086,9065
9086,9107
9086,9109
9086,9113
9086,9115
9086,9126
9086,9131
9086,16122
9086,13472
9102,9105
9102,9137
9102,9139
9102,9146
9102,9156
9102,9180
9102,9193
9102,9209
9102,9218
9102,14520
9102,23907
9102,9058
9102,9065
9102,9104
9102,9107
9102,9109
9102,9113
9102,9126
9102,9131
9102,9603
9102,25140
9104,9105
9104,9137
9104,9146
9104,9156
9104,9180
9104,9193
9104,9209
9104,9218
9104,9219
9104,26988
9104,9058
9104,9063
9104,9065
9104,9109
9104,9113
9104,9115
9104,9126
9104,9131
9104,9139
9104,9141
9105,9137
9105,9139
9105,9156
9105,9180
9105,9193
9105,9209
9105,9218
9105,25179
9105,10965
9105,13105
9105,20826
9105,9058
9105,9063
9105,9065
9105,9107
9105,9109
9105,9113
9105,9115
9105,9126
9105,9131
9105,9141
9105,9142
9137,9139
9137,9146
9137,9156
9137,9180
9137,9193
9137,9209
9137,9218
9137,9219
9137,9247
9137,9254
9137,14549
9137,9107
9137,9109
9137,9113
9137,9115
9137,9131
9137,9141
9137,9142
9137,9144
9137,9159
9137,9167
9137,10355
9139,9146
9139,9156
9139,9180
9139,9193
9139,9218
9139,9219
9139,9247
9139,9255
9139,22222
9139,13170
9139,9113
9139,9115
9139,9126
9139,9131
9139,9141
9139,9142
9139,9144
9139,9155
9139,9159
9139,9161
9139,9167
9139,9170
9146,9156
9146,9180
9146,9193
9146,9209
9146,9218
9146,9247
9146,9254
9146,9255
9146,22223
9146,10686
9146,16393
9146,9109
9146,9113
9146,9115
9146,9126
9146,9131
9146,9141
9146,9142
9146,9144
9146,9155
9146,9159
9146,9161
9146,9167
9146,9174
9146,9175
9146,9178
9146,12208
9146,23494
9156,9180
9156,9193
9156,9209
9156,9218
9156,9219
9156,9247
9156,9254
9156,9255
9156,9258
9156,9274
9156,15797
9156,14397
9156,9115
9156,9126
9156,9131
9156,9141
9156,9142
9156,9144
9156,9155
9156,9159
9156,9161
9156,9167
9156,9170
9156,9174
9156,9175
9156,9178
9156,9185
9156,9187
9156,17563
9156,27410
9180,9193
9180,9209
9180,9219
9180,9247
9180,9254
9180,9255
9180,9258
9180,9274
9180,9304
9180,11498
9180,9155
9180,9159
9180,9161
9180,9167
9180,9170
9180,9174
9180,9178
9180,9185
9180,9187
9180,9188
9180,9189
9180,9191
9180,9195
9180,9197
9180,10924
9193,9209
9193,9218
9193,9219
9193,9247
9193,9254
9193,9255
9193,9258
9193,9274
9193,9304
9193,9321
9193,23535
9193,9174
9193,9178
9193,9185
9193,9187
9193,9188
9193,9189
9193,9191
9193,9192
9193,9195
9193,9197
9193,9216
9193,9228
9193,9229
9193,9234
9209,9218
9209,9219
9209,9254
9209,9255
9209,9258
9209,9274
9209,9321
9209,9330
9209,24477
9209,17579
9209,9185
9209,9187
9209,9188
9209,9189
9209,9191
9209,9192
9209,9195
9209,9197
9209,9210
9209,9216
9209,9229
9209,9234
9209,9247
9209,9250
9209,9251
9209,24671
9218,9219
9218,9254
9218,9258
9218,9274
9218,9304
9218,9321
9218,9330
9218,9337
9218,10976
9218,21768
9218,9262
9218,8666
9218,9188
9218,9189
9218,9191
9218,9192
9218,9195
9218,9197
9218,9210
9218,9229
9218,9234
9218,9247
9218,9250
9218,9251
9218,9255
9218,25630
9219,9247
9219,9254
9219,9255
9219,9258
9219,9274
9219,9304
9219,9330
9219,9337
9219,9350
9219,16232
9219,22080
9219,9189
9219,9191
9219,9192
9219,9195
9219,9197
9219,9210
9219,9216
9219,9228
9219,9229
9219,9234
9219,9250
9219,9251
9219,9262
9219,14764
9247,9254
9247,9255
9247,9258
9247,9321
9247,9330
9247,9350
9247,9352
9247,14794
9247,15398
9247,9719
9247,10969
9247,9195
9247,9197
9247,9210
9247,9216
9247,9229
9247,9234
9247,9250
9247,9251
9247,9262
9247,9270
9247,9271
9247,9274
9247,9277
9247,20764
9254,9255
9254,9258
9254,9274
9254,9304
9254,9321
9254,9330
9254,9350
9254,9352
9254,9372
9254,20209
9254,16881
9254,9210
9254,9216
9254,9228
9254,9229
9254,9234
9254,9250
9254,9251
9254,9262
9254,9270
9254,9277
9254,9282
9254,9285
9254,9290
9255,9258
9255,9274
9255,9304
9255,9321
9255,9330
9255,9337
9255,9350
9255,9372
9255,9393
9255,12032
9255,14595
9255,9216
9255,9228
9255,9229
9255,9234
9255,9250
9255,9251
9255,9262
9255,9270
9255,9271
9255,9277
9255,9282
9255,9285
9255,9290
9255,9297
9258,9274
9258,9304
9258,9321
9258,9330
9258,9337
9258,9350
9258,9352
9258,9372
9258,9395
9258,13078
9258,25333
9258,9228
9258,9229
9258,9234
9258,9250
9258,9262
9258,9270
9258,9277
9258,9282
9258,9285
9258,9290
9258,9297
9258,9298
9258,18200
9258,13454
9274,9304
9274,9321
9274,9330
9274,9337
9274,9350
9274,9352
9274,9372
9274,9393
9274,9395
9274,9404
9274,9234
9274,9250
9274,9251
9274,9262
9274,9270
9274,9271
9274,9277
9274,9282
9274,9285
9274,9290
9274,9297
9274,9298
9274,9299
9274,9301
9274,9309
9304,9321
9304,9330
9304,9337
9304,9350
9304,9352
9304,9372
9304,9393
9304,9395
9304,9404
9304,9412
9304,17989
9304,9271
9304,9277
9304,9282
9304,9285
9304,9290
9304,9297
9304,9298
9304,9299
9304,9301
9304,9309
9304,9312
9304,9316
9304,9317
9304,9318
9304,9323
9304,9329
9304,16652
9321,9330
9321,9337
9321,9350
9321,9352
9321,9395
9321,9404
9321,9412
9321,9442
9321,9718
9321,23940
9321,9703
9321,9298
9321,9299
9321,9301
9321,9309
9321,9316
9321,9317
9321,9318
9321,9323
9321,9331
9321,9332
9321,9335
9321,9336
9330,9337
9330,9350
9330,9352
9330,9372
9330,9393
9330,9395
9330,9404
9330,9412
9330,9442
9330,9446
9330,12906
9330,9309
9330,9310
9330,9312
9330,9316
9330,9317
9330,9318
9330,9323
9330,9329
9330,9331
9330,9332
9330,9336
9330,9357
9330,9364
9330,19885
9330,15261
9337,9350
9337,9352
9337,9372
9337,9393
9337,9395
9337,9404
9337,9412
9337,9442
9337,9446
9337,9452
9337,19439
9337,9887
9337,11152
9337,8450
9337,9317
9337,9318
9337,9323
9337,9329
9337,9331
9337,9332
9337,9335
9337,9336
9337,9357
9337,9364
9337,9389
9350,9352
9350,9372
9350,9393
9350,9395
9350,9404
9350,9412
9350,9442
9350,9446
9350,9452
9350,9461
9350,7968
9350,9318
9350,9323
9350,9329
9350,9331
9350,9332
9350,9335
9350,9336
9350,9357
9350,9364
9350,9386
9350,9389
9350,9397
9350,25622
9350,22424
9352,9372
9352,9393
9352,9395
9352,9404
9352,9442
9352,9452
9352,9467
9352,25662
9352,23195
9352,25000
9352,12359
9352,9323
9352,9329
9352,9331
9352,9332
9352,9335
9352,9336
9352,9357
9352,9386
9352,9387
9352,9389
9352,9397
9352,15513
9352,12201
9352,25183
9372,9393
9372,9395
9372,9404
9372,9412
9372,9442
9372,9446
9372,9452
9372,9461
9372,9467
9372,9475
9372,17665
9372,10038
9372,15259
9372,9331
9372,9332
9372,9336
9372,9357
9372,9364
9372,9386
9372,9387
9372,9389
9372,9397
9372,9411
9372,9420
9372,21700
9393,9395
9393,9404
9393,9412
9393,9442
9393,9446
9393,9452
9393,9461
9393,9467
9393,9475
9393,9478
9393,9336
9393,9357
9393,9364
9393,9386
9393,9387
9393,9389
9393,9397
9393,9411
9393,9420
9393,9425
9393,9426
9393,9430
9393,9435
9393,13109
9393,22899
9395,9404
9395,9412
9395,9442
9395,9452
9395,9467
9395,9475
9395,9478
9395,9479
9395,11801
9395,12146
9395,12485
9395,9357
9395,9364
9395,9386
9395,9389
9395,9397
9395,9411
9395,9425
9395,9426
9395,9430
9395,9435
9395,9437
9404,9412
9404,9442
9404,9446
9404,9452
9404,9461
9404,9467
9404,9475
9404,9478
9404,9479
9404,9498
9404,14680
9404,16151
9404,18192
9404,9357
9404,9364
9404,9387
9404,9389
9404,9397
9404,9411
9404,9420
9404,9426
9404,9430
9404,9435
9404,20411
9404,24509
9404,19018
9412,9442
9412,9446
9412,9452
9412,9461
9412,9467
9412,9475
9412,9478
9412,9479
9412,9498
9412,15899
9412,21116
9412,23730
9412,9364
9412,9386
9412,9387
9412,9389
9412,9397
9412,9411
9412,9420
9412,9425
9412,9426
9412,9430
9412,9435
9412,9437
9412,9449
9412,9451
9412,18719
9442,9446
9442,9452
9442,9461
9442,9475
9442,9498
9442,9500
9442,9502
9442,10367
9442,9397
9442,9420
9442,9425
9442,9430
9442,9435
9442,9437
9442,9449
9442,9451
9442,9455
9442,9456
9442,9467
9442,9478
9446,9452
9446,9461
9446,9467
9446,9475
9446,9478
9446,9479
9446,9498
9446,9500
9446,9502
9446,9532
9446,9411
9446,9420
9446,9425
9446,9426
9446,9430
9446,9435
9446,9449
9446,9451
9446,9456
9446,19765
9452,9467
9452,9475
9452,9478
9452,9479
9452,9498
9452,9500
9452,9543
9452,8912
9452,25025
9452,21116
9452,19027
9452,13662
9452,8205
9452,14634
9452,9420
9452,9425
9452,9426
9452,9430
9452,9435
9452,9437
9452,9449
9452,9451
9452,9455
9452,9456
9452,9461
9452,9483
9452,9489
9452,11438
9461,9475
9461,9478
9461,9479
9461,9498
9461,9500
9461,9502
9461,9532
9461,9543
9461,9580
9461,26688
9461,9430
9461,9435
9461,9437
9461,9449
9461,9451
9461,9455
9461,9456
9461,9467
9461,9483
9461,9496
9461,9497
9461,15008
9467,9498
9467,9500
9467,9502
9467,9532
9467,9580
9467,9585
9467,18149
9467,25305
9467,18276
9467,10821
9467,13387
9467,20880
9467,9435
9467,9437
9467,9449
9467,9451
9467,9455
9467,9456
9467,9475
9467,9478
9467,9479
9467,9489
9467,9497
9467,17359
9475,9478
9475,9479
9475,9498
9475,9500
9475,9502
9475,9543
9475,9599
9475,14946
9475,22406
9475,24229
9475,9437
9475,9449
9475,9455
9475,9483
9475,9489
9475,9496
9475,9497
9475,9508
9475,23573
9478,9479
9478,9498
9478,9500
9478,9502
9478,9532
9478,9580
9478,9585
9478,9599
9478,20976
9478,26095
9478,23031
9478,9449
9478,9451
9478,9456
9478,9483
9478,9489
9478,9496
9478,9497
9478,9508
9478,9515
9479,9498
9479,9500
9479,9502
9479,9532
9479,9543
9479,9580
9479,9585
9479,9599
9479,9629
9479,9630
9479,9451
9479,9455
9479,9456
9479,9483
9479,9489
9479,9496
9479,9497
9479,9508
9479,9515
9479,9516
9479,23446
9498,9502
9498,9532
9498,9543
9498,9580
9498,9585
9498,9599
9498,9629
9498,9630
9498,9661
9498,11099
9498,16038
9498,9456
9498,9483
9498,9496
9498,9497
9498,9500
9498,9515
9498,9516
9498,9525
9498,9536
9498,9540
9498,26868
9498,26230
9500,9502
9500,9532
9500,9543
9500,9580
9500,9585
9500,9599
9500,9629
9500,9630
9500,9661
9500,20747
9500,16529
9500,25490
9500,12084
9500,9483
9500,9489
9500,9496
9500,9497
9500,9508
9500,9515
9500,9516
9500,9525
9500,9536
9500,9540
9500,9546
9502,9532
9502,9543
9502,9580
9502,9585
9502,9599
9502,9629
9502,9661
9502,9681
9502,9703
9502,22186
9502,9483
9502,9489
9502,9496
9502,9497
9502,9508
9502,9515
9502,9516
9502,9525
9502,9536
9502,9540
9502,9546
9502,9548
9532,9543
9532,9580
9532,9599
9532,9629
9532,9630
9532,9661
9532,9681
9532,9703
9532,9719
9532,21446
9532,9489
9532,9496
9532,9508
9532,9515
9532,9516
9532,9525
9532,9536
9532,9546
9532,9548
9532,9553
9532,9556
9532,9565
9532,9569
9532,15119
9532,13954
9532,27420
9543,9580
9543,9585
9543,9599
9543,9629
9543,9630
9543,9661
9543,9681
9543,9703
9543,9719
9543,9724
9543,8341
9543,9508
9543,9515
9543,9516
9543,9525
9543,9536
9543,9540
9543,9546
9543,9548
9543,9553
9543,9556
9543,9559
9543,9565
9543,9572
9543,17305
9580,9585
9580,9599
9580,9629
9580,9661
9580,9681
9580,9703
9580,9719
9580,9724
9580,9759
9580,24456
9580,15678
9580,14147
9580,9546
9580,9548
9580,9553
9580,9556
9580,9559
9580,9565
9580,9569
9580,9571
9580,9572
9580,9588
9580,9592
9580,9594
9580,9597
9580,9603
9580,9606
9580,9607
9580,10745
9585,9599
9585,9629
9585,9630
9585,9661
9585,9681
9585,9703
9585,9719
9585,9724
9585,9759
9585,9776
9585,16087
9585,18542
9585,24509
9585,14387
9585,12179
9585,15096
9585,9546
9585,9548
9585,9553
9585,9556
9585,9559
9585,9565
9585,9571
9585,9572
9585,9588
9585,9590
9585,9592
9585,9594
9585,9597
9585,9603
9585,9607
9585,9616
9585,19552
9599,9629
9599,9630
9599,9661
9599,9681
9599,9703
9599,9719
9599,9724
9599,9759
9599,9776
9599,9789
9599,9569
9599,9571
9599,9572
9599,9588
9599,9590
9599,9592
9599,9594
9599,9597
9599,9603
9599,9606
9599,9607
9599,9616
9599,9618
9599,9622
9599,9623
9599,9624
9599,9627
9599,23025
9629,9630
9629,9661
9629,9681
9629,9703
9629,9719
9629,9724
9629,9759
9629,9776
9629,9789
9629,9797
9629,19459
9629,18062
9629,9606
9629,9607
9629,9616
9629,9618
9629,9622
9629,9623
9629,9624
9629,9627
9629,9635
9629,9640
9629,9643
9629,9660
9629,9664
9629,9665
9629,19252
9629,17335
9629,27060
9630,9661
9630,9681
9630,9703
9630,9719
9630,9724
9630,9759
9630,9776
9630,9797
9630,9800
9630,13156
9630,9603
9630,9606
9630,9607
9630,9616
9630,9622
9630,9623
9630,9624
9630,9627
9630,9635
9630,9640
9630,9641
9630,9643
9630,9652
9630,9660
9630,9664
9630,9665
9630,9670
9630,17356
9661,9703
9661,9719
9661,9724
9661,9759
9661,9776
9661,9789
9661,9797
9661,9800
9661,9812
9661,25701
9661,25672
9661,9624
9661,9627
9661,9635
9661,9640
9661,9641
9661,9643
9661,9652
9661,9660
9661,9664
9661,9665
9661,9670
9661,9675
9661,9683
9661,9685
9661,9710
9661,25939
9681,9703
9681,9719
9681,9724
9681,9759
9681,9776
9681,9789
9681,9797
9681,9800
9681,9812
9681,9818
9681,18597
9681,9640
9681,9641
9681,9643
9681,9652
9681,9664
9681,9665
9681,9670
9681,9675
9681,9683
9681,9685
9681,9710
9681,9712
9681,9714
9681,9715
9681,9716
9681,9718
9681,15544
9681,12470
9703,9719
9703,9724
9703,9759
9703,9776
9703,9789
9703,9797
9703,9800
9703,9812
9703,9818
9703,9887
9703,9660
9703,9665
9703,9670
9703,9683
9703,9685
9703,9710
9703,9712
9703,9714
9703,9715
9703,9716
9703,9718
9703,9725
9703,25080
9719,9724
9719,9759
9719,9776
9719,9789
9719,9812
9719,9818
9719,9906
9719,26205
9719,9683
9719,9685
9719,9710
9719,9712
9719,9714
9719,9715
9719,9716
9719,9718
9719,9725
9719,9729
9719,9747
9719,9750
9719,9768
9719,9772
9719,16334
9724,9759
9724,9776
9724,9797
9724,9800
9724,9812
9724,9818
9724,9887
9724,23555
9724,11447
9724,24049
9724,8682
9724,9683
9724,9685
9724,9710
9724,9712
9724,9714
9724,9715
9724,9716
9724,9718
9724,9725
9724,9729
9724,9747
9724,9750
9724,9753
9724,9768
9724,9772
9724,9789
9759,9776
9759,9789
9759,9797
9759,9800
9759,9812
9759,9818
9759,9887
9759,9906
9759,9911
9759,21934
9759,19886
9759,9715
9759,9716
9759,9718
9759,9725
9759,9729
9759,9747
9759,9750
9759,9753
9759,9768
9759,9772
9759,9801
9759,9803
9759,9807
9759,9808
9759,19018
9759,24756
9776,9789
9776,9797
9776,9800
9776,9812
9776,9818
9776,9887
9776,9906
9776,9911
9776,9919
9776,9932
9776,8567
9776,9725
9776,9729
9776,9747
9776,9750
9776,9753
9776,9768
9776,9772
9776,9801
9776,9807
9776,9808
9776,9815
9776,9817
9776,18908
9776,25664
9789,9797
9789,9800
9789,9812
9789,9818
9789,9887
9789,9906
9789,9911
9789,9932
9789,9940
9789,14365
9789,9189
9789,9725
9789,9729
9789,9747
9789,9750
9789,9753
9789,9768
9789,9772
9789,9801
9789,9803
9789,9807
9789,9808
9789,9815
9789,9817
9789,24167
9789,10071
9789,22118
9797,9800
9797,9812
9797,9887
9797,9906
9797,9911
9797,9919
9797,9932
9797,9940
9797,9959
9797,7721
9797,9725
9797,9729
9797,9747
9797,9750
9797,9753
9797,9768
9797,9772
9797,9801
9797,9803
9797,9807
9797,9808
9797,9817
9797,9818
9797,9829
9797,26073
9800,9812
9800,9818
9800,9887
9800,9906
9800,9911
9800,9919
9800,9932
9800,9940
9800,9959
9800,9962
9800,9729
9800,9747
9800,9750
9800,9753
9800,9768
9800,9772
9800,9803
9800,9807
9800,9808
9800,9815
9800,9817
9800,9829
9800,9832
9800,11942
9812,9818
9812,9887
9812,9906
9812,9911
9812,9919
9812,9932
9812,9940
9812,9959
9812,9962
9812,9975
9812,9768
9812,9772
9812,9801
9812,9803
9812,9807
9812,9815
9812,9817
9812,9829
9812,9832
9812,9834
9812,9844
9812,9845
9812,9848
9812,9851
9812,13494
9818,9887
9818,9911
9818,9919
9818,9932
9818,9940
9818,9959
9818,9962
9818,9975
9818,9983
9818,24684
9818,25735
9818,9801
9818,9803
9818,9807
9818,9808
9818,9815
9818,9817
9818,9829
9818,9832
9818,9834
9818,9844
9818,9845
9818,9848
9818,9851
9818,9852
9818,9854
9887,9906
9887,9911
9887,9919
9887,9932
9887,9940
9887,9962
9887,9975
9887,9983
9887,15996
9887,17521
9887,19544
9887,9411
9887,15342
9887,12122
9887,9848
9887,9851
9887,9852
9887,9854
9887,9856
9887,9860
9887,9864
9887,9867
9887,9870
9887,9874
9887,9889
9887,9890
9887,9901
9887,9905
9887,9907
9887,9910
9887,9913
9887,9914
9887,24425
9906,9911
9906,9919
9906,9932
9906,9940
9906,9959
9906,9962
9906,9975
9906,9983
9906,9993
9906,10002
9906,14645
9906,9860
9906,9864
9906,9867
9906,9870
9906,9874
9906,9889
9906,9890
9906,9905
9906,9907
9906,9910
9906,9913
9906,9914
9906,9915
9906,9933
9911,9919
9911,9932
9911,9940
9911,9959
9911,9962
9911,9975
9911,9983
9911,10002
9911,10004
9911,18303
9911,21770
9911,12610
9911,9870
9911,9874
9911,9889
9911,9890
9911,9901
9911,9905
9911,9907
9911,9910
9911,9913
9911,9914
9911,9915
9911,9933
9911,9947
9911,9948
9911,20413
9911,26034
9911,10447
9919,9932
9919,9940
9919,9959
9919,9962
9919,9975
9919,9983
9919,9993
9919,10004
9919,26137
9919,23640
9919,10481
9919,9890
9919,9901
9919,9905
9919,9907
9919,9910
9919,9913
9919,9914
9919,9915
9919,9946
9919,9947
9919,9948
9919,9952
9919,9955
9919,9957
9919,9958
9919,12067
9919,21255
9919,10603
9932,9940
9932,9959
9932,9962
9932,9975
9932,9983
9932,9993
9932,10002
9932,10004
9932,10026
9932,10038
9932,23970
9932,9901
9932,9905
9932,9907
9932,9910
9932,9913
9932,9914
9932,9915
9932,9933
9932,9946
9932,9947
9932,9948
9932,9952
9932,9957
9932,9958
9932,26524
9940,9959
9940,9962
9940,9975
9940,9983
9940,9993
9940,10002
9940,10004
9940,10038
9940,10050
9940,27202
9940,9907
9940,9910
9940,9913
9940,9914
9940,9915
9940,9933
9940,9946
9940,9947
9940,9948
9940,9955
9940,9957
9940,9958
9940,9960
9940,20428
9959,9975
9959,9993
9959,10002
9959,10004
9959,10038
9959,10050
9959,20688
9959,15222
9959,9933
9959,9946
9959,9947
9959,9948
9959,9952
9959,9955
9959,9957
9959,9958
9959,9960
9959,9962
9959,9965
9959,9969
9959,9971
9959,9972
9959,9983
9959,9987
9959,9989
9962,9975
9962,9983
9962,9993
9962,10002
9962,10004
9962,10026
9962,10038
9962,10050
9962,10068
9962,10086
9962,12772
9962,12891
9962,9946
9962,9947
9962,9948
9962,9952
9962,9955
9962,9957
9962,9958
9962,9960
9962,9969
9962,9971
9962,9972
9962,9987
9962,9989
9962,9992
9962,13699
9962,18510
9975,9983
9975,9993
9975,10002
9975,10026
9975,10050
9975,10068
9975,10086
9975,10095
9975,15228
9975,20351
9975,24410
9975,9957
9975,9958
9975,9960
9975,9969
9975,9972
9975,9987
9975,9989
9975,9992
9975,9997
9975,10004
9975,25459
9975,12327
9975,20054
9975,11463
9983,9993
9983,10002
9983,10004
9983,10026
9983,10038
9983,10050
9983,10068
9983,10086
9983,10095
9983,10107
9983,26998
9983,9958
9983,9960
9983,9965
9983,9969
9983,9971
9983,9972
9983,9987
9983,9989
9983,9992
9983,9997
9983,10001
9983,10010
9983,10015
9983,24213
9983,22662
9993,10002
9993,10004
9993,10026
9993,10050
9993,10068
9993,10086
9993,10095
9993,10107
9993,10126
9993,25728
9993,22344
9993,9965
9993,9969
9993,9971
9993,9972
9993,9987
9993,9989
9993,9992
9993,9997
9993,10001
9993,10010
9993,10015
9993,10023
9993,10029
9993,10033
10002,10004
10002,10026
10002,10038
10002,10050
10002,10068
10002,10086
10002,10095
10002,10107
10002,10126
10002,10136
10002,23850
10002,25892
10002,20452
10002,9971
10002,9972
10002,9987
10002,9992
10002,9997
10002,10015
10002,10023
10002,10029
10002,10033
10002,10034
10002,10042
10002,13819
10002,20419
10002,13248
10004,10026
10004,10038
10004,10050
10004,10086
10004,10095
10004,10107
10004,10126
10004,10136
10004,10142
10004,19229
10004,9987
10004,9989
10004,9992
10004,9997
10004,10001
10004,10010
10004,10015
10004,10023
10004,10029
10004,10033
10004,10034
10004,10042
10004,10046
10026,10038
10026,10050
10026,10068
10026,10086
10026,10095
10026,10107
10026,10126
10026,10142
10026,10151
10026,19536
10026,9989
10026,9992
10026,9997
10026,10001
10026,10010
10026,10015
10026,10029
10026,10033
10026,10034
10026,10042
10026,10046
10026,10047
10026,10053
10026,10062
10038,10050
10038,10086
10038,10095
10038,10107
10038,10126
10038,10136
10038,10151
10038,16252
10038,26749
10038,22066
10038,10001
10038,10010
10038,10023
10038,10029
10038,10033
10038,10034
10038,10042
10038,10047
10038,10053
10038,10066
10038,10068
10038,10071
10038,10073
10038,24840
10038,22647
10038,21541
10038,10723
10050,10068
10050,10086
10050,10095
10050,10107
10050,10126
10050,10136
10050,10142
10050,10151
10050,10160
10050,10163
10050,23289
10050,11688
10050,10015
10050,10023
10050,10033
10050,10034
10050,10042
10050,10046
10050,10047
10050,10053
10050,10062
10050,10066
10050,10071
10050,10077
10050,10080
10050,10083
10068,10086
10068,10095
10068,10107
10068,10126
10068,10136
10068,10142
10068,10151
10068,10160
10068,10163
10068,10171
10068,10033
10068,10034
10068,10042
10068,10046
10068,10047
10068,10053
10068,10062
10068,10066
10068,10071
10068,10073
10068,10077
10068,10078
10068,10080
10068,10083
10068,10087
10068,10101
10068,26968
10086,10095
10086,10107
10086,10126
10086,10136
10086,10142
10086,10151
10086,10160
10086,10163
10086,10171
10086,10175
10086,22223
10086,10053
10086,10062
10086,10066
10086,10071
10086,10073
10086,10077
10086,10078
10086,10080
10086,10087
10086,10101
10086,10105
10086,10121
10086,10124
10086,10130
10086,16675
10086,16329
10086,23191
10095,10126
10095,10136
10095,10160
10095,10163
10095,10171
10095,10175
10095,10191
10095,21388
10095,22808
10095,19256
10095,10431
10095,9387
10095,10066
10095,10071
10095,10073
10095,10077
10095,10078
10095,10080
10095,10083
10095,10087
10095,10101
10095,10105
10095,10130
10095,10140
10095,10142
10095,17754
10095,12291
10095,16208
10107,10126
10107,10136
10107,10142
10107,10151
10107,10160
10107,10163
10107,10171
10107,10175
10107,10191
10107,10200
10107,24817
10107,11873
10107,9058
10107,10073
10107,10077
10107,10078
10107,10080
10107,10083
10107,10087
10107,10101
10107,10121
10107,10124
10107,10130
10107,10140
10107,10143
10107,10145
10126,10136
10126,10142
10126,10151
10126,10160
10126,10171
10126,10175
10126,10191
10126,10200
10126,10241
10126,11498
10126,8290
10126,10080
10126,10083
10126,10087
10126,10101
10126,10105
10126,10121
10126,10124
10126,10130
10126,10140
10126,10145
10126,10149
10126,10150
10126,15961
10126,17157
10126,12003
10126,15634
10136,10142
10136,10151
10136,10160
10136,10163
10136,10175
10136,10191
10136,10200
10136,10241
10136,10251
10136,23314
10136,10087
10136,10101
10136,10105
10136,10121
10136,10124
10136,10130
10136,10140
10136,10143
10136,10144
10136,10145
10136,10149
10136,10150
10136,10159
10136,24489
10136,26958
10142,10160
10142,10163
10142,10171
10142,10175
10142,10191
10142,10200
10142,10241
10142,10251
10142,10254
10142,18332
10142,10101
10142,10105
10142,10121
10142,10124
10142,10140
10142,10143
10142,10144
10142,10145
10142,10149
10142,10150
10142,10151
10142,10157
10142,10159
10151,10160
10151,10163
10151,10200
10151,10241
10151,10251
10151,10254
10151,10266
10151,17579
10151,11961
10151,24183
10151,18169
10151,10130
10151,10140
10151,10143
10151,10144
10151,10145
10151,10149
10151,10150
10151,10157
10151,10159
10151,10166
10151,10171
10151,10172
10151,10175
10151,10177
10151,10178
10151,15991
10151,20422
10160,10163
10160,10171
10160,10191
10160,10200
10160,10241
10160,10251
10160,10254
10160,10266
10160,10288
10160,17536
10160,23206
10160,10140
10160,10143
10160,10144
10160,10145
10160,10149
10160,10150
10160,10157
10160,10159
10160,10172
10160,10175
10160,10177
10160,10178
10160,10184
10160,10187
10160,16455
10160,10622
10163,10171
10163,10175
10163,10191
10163,10241
10163,10251
10163,10254
10163,10288
10163,10289
10163,27253
10163,22172
10163,10087
10163,24065
10163,25152
10163,10143
10163,10144
10163,10145
10163,10149
10163,10150
10163,10157
10163,10159
10163,10166
10163,10172
10163,10177
10163,10178
10163,10184
10163,10187
10163,10197
10171,10175
10171,10191
10171,10241
10171,10251
10171,10254
10171,10266
10171,10288
10171,10381
10171,9189
10171,16599
10171,10144
10171,10145
10171,10149
10171,10150
10171,10157
10171,10166
10171,10172
10171,10177
10171,10178
10171,10184
10171,10187
10171,10197
10171,10199
10171,10200
10171,17302
10175,10191
10175,10200
10175,10241
10175,10251
10175,10254
10175,10266
10175,10288
10175,10289
10175,10381
10175,10431
10175,27256
10175,8625
10175,10149
10175,10150
10175,10157
10175,10159
10175,10172
10175,10177
10175,10178
10175,10184
10175,10187
10175,10197
10175,10199
10175,10203
10191,10200
10191,10241
10191,10251
10191,10254
10191,10266
10191,10288
10191,10289
10191,10381
10191,10431
10191,10435
10191,21061
10191,25672
10191,10166
10191,10172
10191,10177
10191,10178
10191,10184
10191,10187
10191,10199
10191,10203
10191,10209
10191,10221
10191,10222
10191,10224
10191,10227
10191,10236
10191,21850
10191,12003
10191,11716
10200,10251
10200,10254
10200,10266
10200,10288
10200,10289
10200,10381
10200,10431
10200,10435
10200,10437
10200,20381
10200,13809
10200,22832
10200,10172
10200,10177
10200,10187
10200,10197
10200,10199
10200,10209
10200,10221
10200,10222
10200,10224
10200,10227
10200,10236
10200,10239
10200,10241
10200,10242
10200,23644
10241,10251
10241,10254
10241,10266
10241,10288
10241,10289
10241,10381
10241,10431
10241,10435
10241,10437
10241,10450
10241,17090
10241,26655
10241,10199
10241,10203
10241,10209
10241,10221
10241,10222
10241,10224
10241,10227
10241,10236
10241,10239
10241,10242
10241,10245
10241,10257
10241,10263
10241,10268
10241,10269
10241,10270
10251,10254
10251,10266
10251,10288
10251,10289
10251,10431
10251,10435
10251,10437
10251,10450
10251,10463
10251,11225
10251,19550
10251,11307
10251,24932
10251,10209
10251,10222
10251,10227
10251,10239
10251,10242
10251,10245
10251,10257
10251,10263
10251,10268
10251,10269
10251,10270
10251,10277
10251,10281
10251,22435
10254,10266
10254,10288
10254,10289
10254,10381
10254,10431
10254,10435
10254,10437
10254,10503
10254,15460
10254,19946
10254,23952
10254,10221
10254,10222
10254,10227
10254,10236
10254,10239
10254,10242
10254,10245
10254,10257
10254,10263
10254,10268
10254,10269
10254,10270
10254,10277
10254,10281
10254,12964
10266,10288
10266,10289
10266,10381
10266,10431
10266,10435
10266,10437
10266,10450
10266,10463
10266,10505
10266,21698
10266,25747
10266,10227
10266,10236
10266,10239
10266,10242
10266,10245
10266,10257
10266,10263
10266,10268
10266,10269
10266,10270
10266,10277
10266,10281
10266,10290
10266,10296
10266,10306
10266,19401
10288,10289
10288,10381
10288,10431
10288,10435
10288,10450
10288,10463
10288,10503
10288,10505
10288,10515
10288,16741
10288,10263
10288,10268
10288,10269
10288,10270
10288,10277
10288,10281
10288,10296
10288,10306
10288,10309
10288,10310
10288,10315
10288,10321
10288,10322
10288,10325
10288,10643
10288,17864
10289,10431
10289,10435
10289,10437
10289,10450
10289,10463
10289,10505
10289,10515
10289,10555
10289,21537
10289,10257
10289,10263
10289,10268
10289,10269
10289,10270
10289,10277
10289,10281
10289,10290
10289,10296
10289,10306
10289,10310
10289,10315
10289,10321
10289,10322
10289,10325
10289,10329
10289,21290
10289,17131
10381,10431
10381,10435
10381,10437
10381,10450
10381,10463
10381,10505
10381,10515
10381,10555
10381,10607
10381,26938
10381,10337
10381,10340
10381,10342
10381,10347
10381,10355
10381,10364
10381,10367
10381,10368
10381,10370
10381,10393
10381,10396
10381,10403
10381,10404
10381,10413
10381,10429
10381,21991
10381,25303
10381,11854
10381,18276
10431,10435
10431,10437
10431,10450
10431,10463
10431,10503
10431,10505
10431,10515
10431,10555
10431,10607
10431,25406
10431,10373
10431,10393
10431,10395
10431,10396
10431,10403
10431,10404
10431,10413
10431,10414
10431,10429
10431,10440
10431,10447
10431,10474
10431,10481
10431,22395
10431,18287
10431,18442
10435,10437
10435,10450
10435,10463
10435,10503
10435,10505
10435,10515
10435,10555
10435,10607
10435,10629
10435,10632
10435,12834
10435,20676
10435,13773
10435,10393
10435,10395
10435,10396
10435,10403
10435,10404
10435,10413
10435,10414
10435,10429
10435,10438
10435,10447
10435,10473
10435,10474
10435,10481
10435,10488
10437,10450
10437,10463
10437,10503
10437,10505
10437,10515
10437,10555
10437,10607
10437,10629
10437,10632
10437,10643
10437,17575
10437,10393
10437,10395
10437,10403
10437,10404
10437,10413
10437,10414
10437,10438
10437,10440
10437,10447
10437,10473
10437,10474
10437,10481
10437,10488
10437,10490
10437,13711
10437,21033
10450,10463
10450,10503
10450,10505
10450,10515
10450,10555
10450,10607
10450,10629
10450,10632
10450,10643
10450,10652
10450,17952
10450,20657
10450,10404
10450,10413
10450,10414
10450,10429
10450,10438
10450,10440
10450,10447
10450,10473
10450,10474
10450,10488
10450,10493
10450,10501
10450,14034
10450,24775
10450,11248
10463,10505
10463,10555
10463,10607
10463,10629
10463,10632
10463,10643
10463,10652
10463,10653
10463,10976
10463,22424
10463,10413
10463,10414
10463,10429
10463,10438
10463,10440
10463,10447
10463,10473
10463,10474
10463,10488
10463,10490
10463,10493
10463,10501
10463,10503
10463,26092
10463,12504
10503,10505
10503,10515
10503,10555
10503,10607
10503,10629
10503,10632
10503,10652
10503,10653
10503,10655
10503,15244
10503,17194
10503,24167
10503,24831
10503,7734
10503,10481
10503,10488
10503,10490
10503,10493
10503,10501
10503,10511
10503,10533
10503,10534
10503,10535
10503,10549
10503,20776
10505,10515
10505,10555
10505,10607
10505,10629
10505,10632
10505,10643
10505,10652
10505,10653
10505,10655
10505,10675
10505,11591
10505,10474
10505,10481
10505,10488
10505,10490
10505,10493
10505,10501
10505,10511
10505,10533
10505,10534
10505,10535
10505,10549
10505,10559
10505,12005
10505,12231
10515,10555
10515,10607
10515,10629
10515,10632
10515,10643
10515,10652
10515,10653
10515,10655
10515,10675
10515,22883
10515,25693
10515,15697
10515,10474
10515,10488
10515,10490
10515,10501
10515,10511
10515,10512
10515,10529
10515,10534
10515,10535
10515,10549
10515,10559
10515,10561
10515,10567
10515,10571
10515,13660
10555,10607
10555,10629
10555,10632
10555,10643
10555,10652
10555,10655
10555,10675
10555,10686
10555,10695
10555,14178
10555,22142
10555,14391
10555,10511
10555,10512
10555,10529
10555,10533
10555,10534
10555,10535
10555,10549
10555,10559
10555,10567
10555,10571
10555,10579
10555,10583
10555,10596
10555,10597
10555,10599
10555,10603
10555,26259
10607,10629
10607,10632
10607,10643
10607,10652
10607,10653
10607,10675
10607,10686
10607,10695
10607,10723
10607,17146
10607,8247
10607,10561
10607,10571
10607,10583
10607,10596
10607,10597
10607,10599
10607,10605
10607,10610
10607,10622
10607,10624
10607,10641
10607,10642
10607,10645
10607,23458
10629,10632
10629,10643
10629,10652
10629,10653
10629,10655
10629,10675
10629,10686
10629,10695
10629,10723
10629,10726
10629,10583
10629,10596
10629,10597
10629,10603
10629,10605
10629,10610
10629,10622
10629,10624
10629,10635
10629,10641
10629,10642
10629,10648
10629,10651
10629,24398
10632,10643
10632,10652
10632,10653
10632,10655
10632,10675
10632,10686
10632,10695
10632,10723
10632,10726
10632,10745
10632,8598
10632,12542
10632,7895
10632,10596
10632,10597
10632,10599
10632,10603
10632,10605
10632,10610
10632,10622
10632,10624
10632,10635
10632,10641
10632,10642
10632,10651
10632,10645
10643,10652
10643,10653
10643,10655
10643,10675
10643,10695
10643,10723
10643,10726
10643,10745
10643,10761
10643,11465
10643,15045
10643,10605
10643,10610
10643,10624
10643,10635
10643,10641
10643,10642
10643,10648
10643,10651
10643,10658
10643,10659
10643,10663
10643,10667
10652,10653
10652,10655
10652,10675
10652,10686
10652,10695
10652,10723
10652,10745
10652,10761
10652,10776
10652,23173
10652,24803
10652,10624
10652,10635
10652,10641
10652,10642
10652,10648
10652,10651
10652,10658
10652,10659
10652,10663
10652,10667
10652,10673
10652,10674
10652,23116
10652,22579
10653,10655
10653,10686
10653,10695
10653,10723
10653,10726
10653,10745
10653,10761
10653,10776
10653,10778
10653,20413
10653,19620
10653,10635
10653,10642
10653,10645
10653,10648
10653,10651
10653,10658
10653,10659
10653,10663
10653,10667
10653,10672
10653,10673
10653,10674
10653,10677
10653,12522
10655,10675
10655,10695
10655,10723
10655,10726
10655,10745
10655,10761
10655,10776
10655,10778
10655,10821
10655,23530
10655,12767
10655,25423
10655,10635
10655,10641
10655,10642
10655,10648
10655,10658
10655,10659
10655,10663
10655,10667
10655,10672
10655,10673
10655,10674
10655,10677
10675,10686
10675,10695
10675,10723
10675,10745
10675,10761
10675,10776
10675,10778
10675,10821
10675,10823
10675,14579
10675,12063
10675,12182
10675,21471
10675,10658
10675,10659
10675,10663
10675,10667
10675,10672
10675,10673
10675,10674
10675,10677
10675,10683
10675,10688
10675,10696
10675,10698
10675,10699
10675,21988
10686,10695
10686,10723
10686,10726
10686,10745
10686,10761
10686,10776
10686,10778
10686,10821
10686,10823
10686,10837
10686,11598
10686,7599
10686,10659
10686,10667
10686,10672
10686,10673
10686,10674
10686,10677
10686,10680
10686,10683
10686,10688
10686,10690
10686,10696
10686,10698
10686,10699
10686,10700
10686,10715
10686,10724
10686,24775
10686,10874
10695,10723
10695,10761
10695,10776
10695,10778
10695,10821
10695,10823
10695,10837
10695,10865
10695,11882
10695,22397
10695,23805
10695,10672
10695,10673
10695,10674
10695,10677
10695,10683
10695,10688
10695,10690
10695,10696
10695,10698
10695,10699
10695,10700
10695,10715
10695,10724
10695,10726
10695,10729
10695,10735
10723,10726
10723,10745
10723,10761
10723,10776
10723,10778
10723,10821
10723,10823
10723,10837
10723,10865
10723,10886
10723,7691
10723,8762
10723,10242
10723,10325
10723,10683
10723,10688
10723,10690
10723,10696
10723,10698
10723,10699
10723,10700
10723,10724
10723,10738
10723,10759
10723,10760
10723,17153
10726,10745
10726,10776
10726,10778
10726,10821
10726,10823
10726,10837
10726,10865
10726,10886
10726,10887
10726,25629
10726,24594
10726,19566
10726,23761
10726,10688
10726,10690
10726,10696
10726,10698
10726,10699
10726,10715
10726,10724
10726,10729
10726,10735
10726,10738
10726,10759
10726,10760
10726,10761
10726,10764
10726,10773
10726,10774
10726,12776
10745,10761
10745,10778
10745,10821
10745,10823
10745,10837
10745,10865
10745,10886
10745,10887
10745,10898
10745,10321
10745,23117
10745,10698
10745,10699
10745,10700
10745,10724
10745,10729
10745,10735
10745,10738
10745,10759
10745,10760
10745,10764
10745,10773
10745,10774
10745,10776
10745,10779
10745,16615
10745,18350
10761,10776
10761,10778
10761,10821
10761,10823
10761,10837
10761,10865
10761,10886
10761,10887
10761,10898
10761,10914
10761,10715
10761,10724
10761,10729
10761,10735
10761,10738
10761,10759
10761,10760
10761,10764
10761,10773
10761,10774
10761,10779
10761,10798
10761,10810
10761,10815
10761,24628
10776,10778
10776,10823
10776,10837
10776,10886
10776,10887
10776,10914
10776,10924
10776,14433
10776,12840
10776,22111
10776,7995
10776,10729
10776,10735
10776,10738
10776,10759
10776,10760
10776,10764
10776,10773
10776,10774
10776,10779
10776,10784
10776,10798
10776,10810
10776,10815
10776,10821
10776,10822
10776,10824
10776,23573
10778,10821
10778,10823
10778,10837
10778,10865
10778,10886
10778,10887
10778,10898
10778,10914
10778,10924
10778,10941
10778,23171
10778,10735
10778,10738
10778,10759
10778,10760
10778,10764
10778,10773
10778,10774
10778,10779
10778,10784
10778,10798
10778,10810
10778,10815
10778,10822
10778,10824
10778,10828
10821,10823
10821,10837
10821,10865
10821,10886
10821,10887
10821,10898
10821,10914
10821,10924
10821,22758
10821,12542
10821,10764
10821,10773
10821,10774
10821,10779
10821,10784
10821,10798
10821,10810
10821,10815
10821,10822
10821,10824
10821,10828
10821,10829
10821,10834
10821,10840
10821,10841
10821,10843
10821,19188
10823,10837
10823,10865
10823,10887
10823,10898
10823,10914
10823,10924
10823,10941
10823,10957
10823,10965
10823,17890
10823,10774
10823,10779
10823,10784
10823,10798
10823,10810
10823,10815
10823,10822
10823,10824
10823,10828
10823,10829
10823,10834
10823,10840
10823,10841
10823,10843
10823,10845
10823,10846
10837,10865
10837,10886
10837,10887
10837,10914
10837,10924
10837,10941
10837,10957
10837,10965
10837,17603
10837,17271
10837,8494
10837,10798
10837,10810
10837,10815
10837,10824
10837,10828
10837,10829
10837,10834
10837,10840
10837,10841
10837,10843
10837,10846
10837,10850
10837,10851
10837,10852
10837,10855
10837,17704
10837,12479
10865,10887
10865,10898
10865,10914
10865,10924
10865,10941
10865,10957
10865,10969
10865,10976
10865,14431
10865,14006
10865,21850
10865,10841
10865,10845
10865,10846
10865,10850
10865,10851
10865,10852
10865,10855
10865,10861
10865,10870
10865,10874
10865,10880
10865,10886
10865,10889
10865,10890
10865,10895
10865,19954
10865,20751
10865,20911
10886,10887
10886,10898
10886,10924
10886,10957
10886,10965
10886,10969
10886,10976
10886,10977
10886,10501
10886,7734
10886,25870
10886,26589
10886,10105
10886,10852
10886,10855
10886,10861
10886,10870
10886,10871
10886,10874
10886,10875
10886,10880
10886,10889
10886,10890
10886,10895
10886,10904
10886,10907
10886,10914
10886,10916
10886,19211
10886,13201
10887,10898
10887,10914
10887,10924
10887,10941
10887,10965
10887,10969
10887,10976
10887,10977
10887,10980
10887,23632
10887,25859
10887,10852
10887,10855
10887,10861
10887,10870
10887,10871
10887,10874
10887,10875
10887,10880
10887,10889
10887,10890
10887,10895
10887,10904
10887,10907
10887,10916
10887,10937
10898,10914
10898,10924
10898,10941
10898,10957
10898,10976
10898,10977
10898,10980
10898,11008
10898,21919
10898,11485
10898,7718
10898,10130
10898,10870
10898,10871
10898,10874
10898,10875
10898,10880
10898,10889
10898,10890
10898,10895
10898,10904
10898,10907
10898,10916
10898,10937
10898,10946
10898,10950
10914,10924
10914,10941
10914,10957
10914,10965
10914,10969
10914,10976
10914,10977
10914,10980
10914,11008
10914,11009
10914,11993
10914,10875
10914,10880
10914,10889
10914,10890
10914,10895
10914,10904
10914,10907
10914,10916
10914,10937
10914,10946
10914,10950
10914,10960
10914,14255
10924,10941
10924,10957
10924,10965
10924,10969
10924,10976
10924,10977
10924,10980
10924,11008
10924,11009
10924,11010
10924,24992
10924,17625
10924,26460
10924,10889
10924,10890
10924,10895
10924,10904
10924,10907
10924,10937
10924,10946
10924,10950
10924,10960
10924,10970
10924,10975
10941,10957
10941,10965
10941,10969
10941,10977
10941,10980
10941,11008
10941,11010
10941,11016
10941,15099
10941,12367
10941,19259
10941,10889
10941,10890
10941,10895
10941,10904
10941,10907
10941,10916
10941,10937
10941,10946
10941,10950
10941,10960
10941,10970
10941,10975
10941,10976
10941,16116
10941,15075
10957,10965
10957,10976
10957,10977
10957,10980
10957,11008
10957,11010
10957,11016
10957,11034
10957,27004
10957,22967
10957,18093
10957,24856
10957,10904
10957,10916
10957,10937
10957,10950
10957,10970
10957,10975
10957,10979
10957,10982
10957,20209
10965,10969
10965,10976
10965,10977
10965,11008
10965,11009
10965,11010
10965,11016
10965,11034
10965,11056
10965,16707
10965,10907
10965,10916
10965,10937
10965,10946
10965,10950
10965,10960
10965,10970
10965,10975
10965,10979
10965,10980
10965,10982
10965,10983
10965,10988
10969,10976
10969,10977
10969,10980
10969,11008
10969,11009
10969,11010
10969,11034
10969,11056
10969,11061
10969,19209
10969,8916
10969,10916
10969,10937
10969,10950
10969,10960
10969,10970
10969,10975
10969,10982
10969,10983
10969,10988
10969,23946
10969,16596
10976,10977
10976,11008
10976,11009
10976,11010
10976,11016
10976,11034
10976,11056
10976,11061
10976,11065
10976,22092
10976,25381
10976,10937
10976,10946
10976,10950
10976,10960
10976,10970
10976,10975
10976,10979
10976,10980
10976,10982
10976,10983
10976,10988
10976,10990
10976,10992
10976,24651
10977,10980
10977,11009
10977,11010
10977,11016
10977,11034
10977,11056
10977,11061
10977,11065
10977,11113
10977,15458
10977,17938
10977,10946
10977,10960
10977,10970
10977,10975
10977,10979
10977,10982
10977,10983
10977,10988
10977,10990
10977,10992
10977,11004
10977,11008
10980,11008
10980,11009
10980,11010
10980,11016
10980,11034
10980,11056
10980,11061
10980,11141
10980,18280
10980,13158
10980,17635
10980,10950
10980,10970
10980,10975
10980,10979
10980,10982
10980,10983
10980,10990
10980,10992
10980,11004
10980,11011
10980,22777
10980,20346
11008,11009
11008,11016
11008,11034
11008,11056
11008,11061
11008,11065
11008,11113
11008,11141
11008,11144
11008,12836
11008,8323
11008,10979
11008,10983
11008,10988
11008,10990
11008,10992
11008,11004
11008,11010
11008,11011
11008,11014
11008,11019
11008,11021
11008,11024
11008,11027
11009,11010
11009,11016
11009,11034
11009,11056
11009,11061
11009,11065
11009,11113
11009,11144
11009,11152
11009,14565
11009,23880
11009,13078
11009,24142
11009,10979
11009,10982
11009,10983
11009,10988
11009,10990
11009,10992
11009,11011
11009,11014
11009,11021
11009,11024
11009,11027
11009,11039
11009,26996
11010,11016
11010,11034
11010,11056
11010,11061
11010,11065
11010,11113
11010,11141
11010,11144
11010,11152
11010,11189
11010,10979
11010,10982
11010,10983
11010,10988
11010,10990
11010,10992
11010,11011
11010,11014
11010,11019
11010,11021
11010,11024
11010,11027
11010,11041
11010,22788
11010,11053
11016,11034
11016,11056
11016,11061
11016,11065
11016,11113
11016,11141
11016,11144
11016,11152
11016,11189
11016,23696
11016,16850
11016,10983
11016,10988
11016,10990
11016,10992
11016,11004
11016,11011
11016,11014
11016,11019
11016,11021
11016,11024
11016,11027
11016,11039
11016,11041
11016,11043
11016,11044
11016,11047
11034,11056
11034,11061
11034,11065
11034,11113
11034,11144
11034,11189
11034,11722
11034,17463
11034,20122
11034,14498
11034,23649
11034,11014
11034,11019
11034,11021
11034,11024
11034,11027
11034,11039
11034,11041
11034,11043
11034,11044
11034,11047
11034,11050
11034,11053
11034,11058
11034,11060
11056,11061
11056,11065
11056,11113
11056,11141
11056,11144
11056,11152
11056,11189
11056,11190
11056,11202
11056,11203
11056,11024
11056,11027
11056,11039
11056,11041
11056,11043
11056,11044
11056,11047
11056,11050
11056,11053
11056,11058
11056,11060
11056,11064
11056,11066
11056,11067
11056,11073
11056,11092
11056,11099
11056,25658
11061,11065
11061,11113
11061,11141
11061,11144
11061,11152
11061,11189
11061,11190
11061,11202
11061,11254
11061,27278
11061,11039
11061,11041
11061,11043
11061,11044
11061,11047
11061,11050
11061,11053
11061,11058
11061,11060
11061,11064
11061,11066
11061,11067
11061,11073
11061,11092
11061,11099
11061,11106
11061,11107
11061,11112
11061,17594
11065,11113
11065,11141
11065,11144
11065,11152
11065,11189
11065,11190
11065,11202
11065,11203
11065,11254
11065,11286
11065,21604
11065,11043
11065,11044
11065,11047
11065,11050
11065,11058
11065,11060
11065,11066
11065,11067
11065,11073
11065,11092
11065,11099
11065,11106
11065,11107
11065,11112
11065,11114
11113,11141
11113,11152
11113,11190
11113,11202
11113,11203
11113,11254
11113,11286
11113,11289
11113,20324
11113,20371
11113,11064
11113,11066
11113,11067
11113,11073
11113,11092
11113,11106
11113,11107
11113,11112
11113,11114
11113,11130
11113,11144
11113,11145
11113,11150
11113,11151
11113,11153
11113,11154
11113,12822
11141,11144
11141,11152
11141,11189
11141,11190
11141,11202
11141,11203
11141,11254
11141,11286
11141,11289
11141,11301
11141,16436
11141,19176
11141,11067
11141,11073
11141,11092
11141,11099
11141,11106
11141,11107
11141,11112
11141,11114
11141,11130
11141,11145
11141,11150
11141,11151
11141,11153
11141,24541
11141,25104
11144,11190
11144,11202
11144,11203
11144,11254
11144,11286
11144,11289
11144,11301
11144,11307
11144,17251
11144,19275
11144,10224
11144,15078
11144,11092
11144,11099
11144,11106
11144,11107
11144,11112
11144,11114
11144,11145
11144,11150
11144,11151
11144,11152
11144,11153
11144,11165
11144,11167
11144,11169
11144,21321
11144,15915
11144,15740
11152,11189
11152,11190
11152,11202
11152,11203
11152,11254
11152,11286
11152,11289
11152,11301
11152,11314
11152,9618
11152,11092
11152,11107
11152,11114
11152,11130
11152,11150
11152,11151
11152,11154
11152,11155
11152,11165
11152,11167
11152,11169
11152,11170
11152,11176
11152,11184
11152,12978
11152,27336
11189,11190
11189,11202
11189,11203
11189,11286
11189,11289
11189,11301
11189,11307
11189,11314
11189,11323
11189,15880
11189,12470
11189,12927
11189,11154
11189,11155
11189,11165
11189,11167
11189,11169
11189,11170
11189,11176
11189,11177
11189,11184
11189,11185
11189,11196
11189,11210
11189,11214
11189,11216
11189,11222
11189,11225
11190,11202
11190,11203
11190,11254
11190,11286
11190,11289
11190,11301
11190,11307
11190,11314
11190,11335
11190,18635
11190,23612
11190,11155
11190,11165
11190,11167
11190,11169
11190,11170
11190,11176
11190,11177
11190,11184
11190,11185
11190,11196
11190,11199
11190,11210
11190,11214
11190,11216
11190,11225
11190,11226
11190,20426
11202,11203
11202,11254
11202,11286
11202,11289
11202,11301
11202,11307
11202,11314
11202,11323
11202,11335
11202,11349
11202,11170
11202,11176
11202,11184
11202,11185
11202,11196
11202,11199
11202,11210
11202,11214
11202,11216
11202,11222
11202,11225
11202,11226
11202,11227
11202,11228
11202,17498
11203,11254
11203,11286
11203,11289
11203,11301
11203,11314
11203,11323
11203,11335
11203,11349
11203,11354
11203,15968
11203,12265
11203,11170
11203,11176
11203,11177
11203,11184
11203,11185
11203,11196
11203,11199
11203,11210
11203,11214
11203,11216
11203,11222
11203,11225
11203,11226
11203,11230
11203,11231
11203,21786
11254,11286
11254,11289
11254,11301
11254,11307
11254,11314
11254,11323
11254,11335
11254,11349
11254,11354
11254,11359
11254,11227
11254,11230
11254,11231
11254,11233
11254,11236
11254,11245
11254,11246
11254,11247
11254,11248
11254,11255
11254,11257
11254,11263
11254,11270
11254,11273
11254,11277
11254,11300
11254,21706
11286,11289
11286,11301
11286,11307
11286,11314
11286,11323
11286,11335
11286,11349
11286,11354
11286,11359
11286,11360
11286,26395
11286,11247
11286,11248
11286,11255
11286,11257
11286,11263
11286,11270
11286,11277
11286,11300
11286,11311
11286,11316
11286,11318
11286,11320
11286,14135
11289,11301
11289,11307
11289,11314
11289,11323
11289,11335
11289,11349
11289,11354
11289,11359
11289,11360
11289,23822
11289,12571
11289,20880
11289,24241
11289,25367
11289,11248
11289,11255
11289,11257
11289,11260
11289,11263
11289,11270
11289,11277
11289,11300
11289,11311
11289,11316
11289,11320
11289,11324
11301,11307
11301,11314
11301,11335
11301,11349
11301,11359
11301,11360
11301,11365
11301,11379
11301,16287
11301,18294
11301,20945
11301,21895
11301,10567
11301,11255
11301,11257
11301,11260
11301,11263
11301,11270
11301,11273
11301,11277
11301,11300
11301,11311
11301,11316
11301,11318
11301,11320
11301,11323
11301,11324
11301,11333
11307,11314
11307,11335
11307,11349
11307,11354
11307,11359
11307,11365
11307,11379
11307,11396
11307,9832
11307,11257
11307,11260
11307,11263
11307,11270
11307,11277
11307,11300
11307,11311
11307,11316
11307,11318
11307,11320
11307,11323
11307,11324
11307,11333
11307,11340
11307,19631
11314,11323
11314,11335
11314,11349
11314,11354
11314,11359
11314,11360
11314,11365
11314,11379
11314,11412
11314,11210
11314,25423
11314,22982
11314,10309
11314,11263
11314,11270
11314,11273
11314,11277
11314,11311
11314,11316
11314,11318
11314,11320
11314,11324
11314,11333
11314,11340
11314,11345
11323,11335
11323,11349
11323,11359
11323,11360
11323,11365
11323,11379
11323,11396
11323,11412
11323,11436
11323,19122
11323,13137
11323,11300
11323,11311
11323,11316
11323,11320
11323,11324
11323,11333
11323,11340
11323,11345
11323,11352
11323,11354
11335,11349
11335,11354
11335,11359
11335,11360
11335,11365
11335,11379
11335,11396
11335,11412
11335,11436
11335,11454
11335,18775
11335,11311
11335,11316
11335,11318
11335,11320
11335,11324
11335,11333
11335,11340
11335,11345
11335,11352
11335,11362
11335,11364
11335,24164
11349,11354
11349,11359
11349,11360
11349,11365
11349,11379
11349,11396
11349,11412
11349,11454
11349,11463
11349,22105
11349,17102
11349,11316
11349,11320
11349,11324
11349,11333
11349,11340
11349,11352
11349,11362
11349,11364
11349,11372
11349,11386
11349,17363
11354,11359
11354,11360
11354,11379
11354,11396
11354,11436
11354,11454
11354,11463
11354,11470
11354,21587
11354,14205
11354,20487
11354,12265
11354,8961
11354,10583
11354,11324
11354,11333
11354,11340
11354,11345
11354,11352
11354,11364
11354,11365
11354,11372
11354,11386
11354,11389
11354,11394
11354,20550
11359,11360
11359,11365
11359,11379
11359,11396
11359,11412
11359,11436
11359,11454
11359,11463
11359,11470
11359,11480
11359,11320
11359,11345
11359,11352
11359,11362
11359,11364
11359,11372
11359,11386
11359,11389
11359,11394
11360,11365
11360,11379
11360,11396
11360,11412
11360,11436
11360,11454
11360,11463
11360,11470
11360,11480
11360,9624
11360,25135
11360,12213
11360,21471
11360,11324
11360,11333
11360,11340
11360,11345
11360,11352
11360,11362
11360,11364
11360,11372
11360,11386
11360,11389
11360,11394
11360,11407
11365,11379
11365,11396
11365,11412
11365,11436
11365,11454
11365,11463
11365,11470
11365,11480
11365,11485
11365,11498
11365,8774
11365,11340
11365,11352
11365,11362
11365,11372
11365,11386
11365,11389
11365,11418
11365,11431
11365,22137
11379,11396
11379,11412
11379,11436
11379,11454
11379,11463
11379,11470
11379,11480
11379,11485
11379,11498
11379,11502
11379,11345
11379,11352
11379,11362
11379,11364
11379,11372
11379,11386
11379,11389
11379,11394
11379,11407
11379,11418
11379,11431
11379,11433
11379,16298
11396,11454
11396,11463
11396,11470
11396,11480
11396,11498
11396,11502
11396,11522
11396,22864
11396,10651
11396,22405
11396,24669
11396,26388
11396,16054
11396,11041
11396,11362
11396,11364
11396,11372
11396,11389
11396,11394
11396,11407
11396,11412
11396,11418
11396,11431
11396,11432
11396,11433
11396,11436
11396,11438
11396,11442
11412,11436
11412,11454
11412,11463
11412,11470
11412,11480
11412,11485
11412,11498
11412,11502
11412,11522
11412,11527
11412,11362
11412,11364
11412,11372
11412,11386
11412,11389
11412,11394
11412,11407
11412,11418
11412,11431
11412,11433
11412,11438
11412,11444
11412,11445
11412,11447
11412,26007
11412,24688
11436,11454
11436,11463
11436,11470
11436,11480
11436,11485
11436,11502
11436,11522
11436,11527
11436,11529
11436,23501
11436,20358
11436,23553
11436,11386
11436,11389
11436,11407
11436,11418
11436,11431
11436,11432
11436,11433
11436,11438
11436,11442
11436,11444
11436,11447
11436,11450
11436,11459
11436,21106
11454,11463
11454,11470
11454,11480
11454,11485
11454,11498
11454,11502
11454,11522
11454,11527
11454,11529
11454,11534
11454,8260
11454,11431
11454,11432
11454,11433
11454,11438
11454,11442
11454,11445
11454,11447
11454,11450
11454,11459
11454,11465
11454,11483
11454,11494
11454,11496
11463,11470
11463,11480
11463,11485
11463,11498
11463,11502
11463,11522
11463,11527
11463,11529
11463,11538
11463,18130
11463,11438
11463,11442
11463,11444
11463,11445
11463,11447
11463,11450
11463,11457
11463,11459
11463,11465
11463,11483
11463,11494
11463,11496
11463,11497
11463,26778
11463,26406
11470,11480
11470,11485
11470,11498
11470,11502
11470,11522
11470,11527
11470,11529
11470,11534
11470,11538
11470,11591
11470,7863
11470,11442
11470,11444
11470,11445
11470,11447
11470,11450
11470,11457
11470,11459
11470,11465
11470,11483
11470,11494
11470,11496
11470,11513
11470,11515
11470,12927
11480,11485
11480,11498
11480,11502
11480,11522
11480,11527
11480,11529
11480,11538
11480,11591
11480,11637
11480,19353
11480,11226
11480,11444
11480,11445
11480,11447
11480,11450
11480,11457
11480,11459
11480,11483
11480,11494
11480,11496
11480,11497
11480,11513
11480,11515
11480,11521
11480,17787
11480,16432
11480,17145
11480,22275
11485,11498
11485,11502
11485,11522
11485,11529
11485,11534
11485,11538
11485,11591
11485,11637
11485,11646
11485,11222
11485,11447
11485,11450
11485,11457
11485,11459
11485,11465
11485,11483
11485,11494
11485,11496
11485,11497
11485,11513
11485,11515
11485,11521
11485,11527
11498,11502
11498,11529
11498,11534
11498,11538
11498,11591
11498,11637
11498,11646
11498,11667
11498,22598
11498,11459
11498,11483
11498,11494
11498,11496
11498,11497
11498,11513
11498,11515
11498,11521
11498,11522
11498,11530
11498,23629
11502,11522
11502,11527
11502,11529
11502,11534
11502,11538
11502,11591
11502,11637
11502,11646
11502,11667
11502,11674
11502,7617
11502,8684
11502,11483
11502,11496
11502,11497
11502,11513
11502,11521
11502,11530
11502,11539
11522,11527
11522,11529
11522,11534
11522,11538
11522,11591
11522,11637
11522,11646
11522,11667
11522,11674
11522,11676
11522,14200
11522,20644
11522,11483
11522,11494
11522,11496
11522,11497
11522,11513
11522,11515
11522,11521
11522,11530
11522,11539
11522,11540
11522,11546
11522,11555
11522,11556
11527,11534
11527,11538
11527,11591
11527,11637
11527,11646
11527,11667
11527,11674
11527,11676
11527,11687
11527,26073
11527,9312
11527,11496
11527,11497
11527,11515
11527,11521
11527,11529
11527,11530
11527,11539
11527,11540
11527,11546
11527,11555
11527,11556
11527,11557
11527,21030
11529,11534
11529,11538
11529,11591
11529,11637
11529,11646
11529,11667
11529,11674
11529,11676
11529,11687
11529,11690
11529,12789
11529,16652
11529,11494
11529,11496
11529,11497
11529,11513
11529,11521
11529,11530
11529,11539
11529,11540
11529,11546
11529,11555
11529,11556
11529,11557
11529,13764
11534,11538
11534,11591
11534,11637
11534,11646
11534,11674
11534,11676
11534,11687
11534,11690
11534,13215
11534,27252
11534,8841
11534,11497
11534,11513
11534,11515
11534,11530
11534,11539
11534,11540
11534,11546
11534,11555
11534,11556
11534,11557
11534,11558
11534,11567
11534,11570
11538,11591
11538,11637
11538,11646
11538,11674
11538,11676
11538,11687
11538,11697
11538,11714
11538,25585
11538,15141
11538,26785
11538,11513
11538,11515
11538,11521
11538,11530
11538,11539
11538,11540
11538,11546
11538,11555
11538,11556
11538,11557
11538,11558
11538,11567
11538,11570
11538,11578
11591,11637
11591,11646
11591,11667
11591,11674
11591,11676
11591,11687
11591,11690
11591,11697
11591,11714
11591,11719
11591,18580
11591,19496
11591,11555
11591,11556
11591,11557
11591,11558
11591,11567
11591,11570
11591,11578
11591,11583
11591,11589
11591,11590
11591,11592
11591,11593
11591,11596
11591,11598
11591,11600
11591,11601
11591,11603
11591,11605
11591,11617
11591,11620
11637,11646
11637,11667
11637,11674
11637,11676
11637,11687
11637,11690
11637,11697
11637,11714
11637,11719
11637,11735
11637,9197
11637,14397
11637,11596
11637,11598
11637,11600
11637,11601
11637,11603
11637,11617
11637,11621
11637,11628
11637,11638
11637,11642
11637,11649
11637,11652
11637,11653
11637,11654
11637,11669
11637,23288
11637,15343
11646,11667
11646,11674
11646,11676
11646,11687
11646,11690
11646,11697
11646,11714
11646,11735
11646,11750
11646,20393
11646,9516
11646,11601
11646,11603
11646,11605
11646,11617
11646,11620
11646,11621
11646,11628
11646,11638
11646,11649
11646,11652
11646,11653
11646,11654
11646,11669
11646,11675
11646,11681
11646,22576
11646,26411
11667,11674
11667,11676
11667,11687
11667,11690
11667,11697
11667,11714
11667,11719
11667,11735
11667,11750
11667,11754
11667,20061
11667,10364
11667,11621
11667,11628
11667,11638
11667,11642
11667,11649
11667,11652
11667,11654
11667,11669
11667,11675
11667,11684
11667,11688
11667,11694
11667,24372
11667,13424
11674,11676
11674,11687
11674,11690
11674,11697
11674,11714
11674,11719
11674,11735
11674,11750
11674,11754
11674,11758
11674,10033
11674,11638
11674,11642
11674,11649
11674,11652
11674,11653
11674,11654
11674,11669
11674,11675
11674,11684
11674,11688
11674,11694
11674,11696
11674,18256
11676,11687
11676,11690
11676,11697
11676,11714
11676,11719
11676,11735
11676,11750
11676,11754
11676,11764
11676,23324
11676,18069
11676,11642
11676,11649
11676,11652
11676,11653
11676,11654
11676,11669
11676,11681
11676,11684
11676,11688
11676,11694
11676,11696
11676,11700
11676,11702
11687,11690
11687,11697
11687,11714
11687,11719
11687,11750
11687,11754
11687,11758
11687,11764
11687,11776
11687,10403
11687,11654
11687,11669
11687,11681
11687,11684
11687,11688
11687,11694
11687,11696
11687,11700
11687,11702
11687,11703
11687,11708
11687,11709
11687,13892
11690,11697
11690,11714
11690,11719
11690,11735
11690,11750
11690,11754
11690,11758
11690,11764
11690,11776
11690,11780
11690,11654
11690,11669
11690,11675
11690,11681
11690,11684
11690,11688
11690,11696
11690,11700
11690,11702
11690,11703
11690,11708
11690,11709
11690,11710
11690,11711
11697,11714
11697,11719
11697,11735
11697,11750
11697,11754
11697,11758
11697,11764
11697,11776
11697,11780
11697,11800
11697,11675
11697,11681
11697,11684
11697,11688
11697,11694
11697,11696
11697,11700
11697,11702
11697,11703
11697,11708
11697,11709
11697,11710
11697,11711
11697,11713
11697,11716
11714,11719
11714,11735
11714,11750
11714,11754
11714,11758
11714,11764
11714,11776
11714,11780
11714,11800
11714,11819
11714,11696
11714,11700
11714,11702
11714,11703
11714,11708
11714,11709
11714,11710
11714,11711
11714,11713
11714,11716
11714,11722
11714,11724
11714,11726
11714,11730
11714,11731
11714,11733
11714,11740
11719,11735
11719,11754
11719,11758
11719,11764
11719,11776
11719,11780
11719,11800
11719,11819
11719,11846
11719,26587
11719,8751
11719,11700
11719,11702
11719,11703
11719,11708
11719,11709
11719,11710
11719,11711
11719,11716
11719,11722
11719,11724
11719,11726
11719,11733
11719,11742
11719,24804
11719,23660
11735,11750
11735,11754
11735,11758
11735,11764
11735,11776
11735,11780
11735,11800
11735,11819
11735,11846
11735,11873
11735,12080
11735,11713
11735,11722
11735,11724
11735,11726
11735,11730
11735,11731
11735,11733
11735,11740
11735,11741
11735,11742
11735,11743
11735,11749
11735,24628
11735,21034
11735,19239
11750,11754
11750,11758
11750,11764
11750,11776
11750,11780
11750,11800
11750,11819
11750,11846
11750,11873
11750,11877
11750,22805
11750,11731
11750,11733
11750,11740
11750,11741
11750,11742
11750,11744
11750,11745
11750,11749
11750,11759
11750,11787
11750,11788
11750,11797
11750,19227
11754,11758
11754,11764
11754,11776
11754,11780
11754,11800
11754,11819
11754,11873
11754,11877
11754,11905
11754,18242
11754,23940
11754,10724
11754,11733
11754,11740
11754,11742
11754,11743
11754,11749
11754,11759
11754,11787
11754,11788
11754,11797
11758,11764
11758,11776
11758,11780
11758,11800
11758,11819
11758,11846
11758,11873
11758,11877
11758,11905
11758,11931
11758,19427
11758,20694
11758,12884
11758,27066
11758,14132
11758,11740
11758,11741
11758,11742
11758,11743
11758,11744
11758,11745
11758,11749
11758,11759
11758,11767
11758,11787
11758,11788
11758,11797
11758,11801
11758,15291
11758,12401
11764,11776
11764,11780
11764,11800
11764,11819
11764,11846
11764,11873
11764,11877
11764,11905
11764,11931
11764,11938
11764,11741
11764,11743
11764,11744
11764,11745
11764,11749
11764,11759
11764,11767
11764,11787
11764,11788
11764,11797
11764,11801
11764,11802
11764,11810
11764,16063
11764,16200
11776,11780
11776,11819
11776,11846
11776,11873
11776,11877
11776,11905
11776,11931
11776,11938
11776,11942
11776,25761
11776,11743
11776,11744
11776,11745
11776,11749
11776,11759
11776,11787
11776,11788
11776,11797
11776,11800
11776,11801
11776,11802
11776,11810
11776,11823
11776,20854
11780,11800
11780,11819
11780,11873
11780,11877
11780,11905
11780,11931
11780,11938
11780,11942
11780,11988
11780,14955
11780,17349
11780,14774
11780,11744
11780,11745
11780,11749
11780,11759
11780,11787
11780,11788
11780,11797
11780,11801
11780,11802
11780,11810
11780,11823
11780,11829
11800,11819
11800,11846
11800,11873
11800,11877
11800,11905
11800,11931
11800,11942
11800,11988
11800,11990
11800,23728
11800,11759
11800,11767
11800,11787
11800,11788
11800,11801
11800,11802
11800,11810
11800,11823
11800,11829
11800,11831
11800,11841
11800,11844
11800,11845
11800,15531
11819,11846
11819,11873
11819,11877
11819,11905
11819,11931
11819,11938
11819,11942
11819,11988
11819,11990
11819,11993
11819,22437
11819,17662
11819,11638
11819,16276
11819,21718
11819,11767
11819,11787
11819,11788
11819,11797
11819,11801
11819,11802
11819,11810
11819,11823
11819,11831
11819,11841
11819,11850
11819,11854
11819,11858
11819,19459
11819,24043
11819,24440
11819,12822
11819,25207
11846,11873
11846,11877
11846,11905
11846,11931
11846,11938
11846,11942
11846,11988
11846,11990
11846,11993
11846,12000
11846,27161
11846,18797
11846,11801
11846,11802
11846,11810
11846,11823
11846,11829
11846,11844
11846,11845
11846,11850
11846,11854
11846,11858
11846,11860
11846,11864
11846,11869
11846,11875
11846,11880
11873,11877
11873,11905
11873,11942
11873,11988
11873,11990
11873,11993
11873,12000
11873,12003
11873,13768
11873,16901
11873,21231
11873,17203
11873,8113
11873,11745
11873,11841
11873,11844
11873,11845
11873,11850
11873,11854
11873,11858
11873,11860
11873,11864
11873,11869
11873,11875
11873,11880
11873,11882
11873,11884
11873,11886
11873,11890
11873,11893
11873,11896
11873,15402
11877,11905
11877,11931
11877,11938
11877,11942
11877,11988
11877,11990
11877,11993
11877,12000
11877,12003
11877,12005
11877,23055
11877,11845
11877,11850
11877,11854
11877,11858
11877,11860
11877,11864
11877,11869
11877,11875
11877,11880
11877,11882
11877,11884
11877,11886
11877,11890
11877,11892
11877,11893
11877,11896
11877,11901
11877,11904
11905,11931
11905,11938
11905,11988
11905,11990
11905,11993
11905,12000
11905,12003
11905,12005
11905,7862
11905,21626
11905,11880
11905,11882
11905,11884
11905,11886
11905,11890
11905,11892
11905,11893
11905,11896
11905,11901
11905,11904
11905,11909
11905,11913
11905,11914
11905,11925
11905,11932
11905,11933
11905,11937
11905,27290
11905,13024
11931,11938
11931,11942
11931,11988
11931,11993
11931,12000
11931,12003
11931,12005
11931,12032
11931,12058
11931,12137
11931,11892
11931,11893
11931,11896
11931,11901
11931,11909
11931,11913
11931,11914
11931,11925
11931,11932
11931,11933
11931,11936
11931,11937
11931,11950
11931,11953
11931,11957
11931,11959
11938,11942
11938,11988
11938,11990
11938,11993
11938,12000
11938,12003
11938,12005
11938,12032
11938,12058
11938,12063
11938,17271
11938,23442
11938,11909
11938,11913
11938,11914
11938,11925
11938,11932
11938,11933
11938,11936
11938,11937
11938,11950
11938,11957
11938,11959
11938,11961
11938,11962
11938,11963
11938,11964
11938,11965
11938,27053
11942,11988
11942,11990
11942,11993
11942,12000
11942,12003
11942,12005
11942,12032
11942,12058
11942,12063
11942,12083
11942,16929
11942,18303
11942,11909
11942,11914
11942,11925
11942,11933
11942,11936
11942,11937
11942,11957
11942,11959
11942,11961
11942,11962
11942,11964
11942,11975
11942,19331
11942,23145
11988,11990
11988,11993
11988,12000
11988,12003
11988,12005
11988,12032
11988,12058
11988,12063
11988,12083
11988,24795
11988,23316
11988,25369
11988,11957
11988,11959
11988,11962
11988,11963
11988,11964
11988,11965
11988,11975
11988,11976
11988,11991
11988,11994
11988,11997
11988,12001
11988,12008
11988,19297
11990,11993
11990,12000
11990,12003
11990,12005
11990,12032
11990,12058
11990,12063
11990,12083
11990,12084
11990,12108
11990,17221
11990,23479
11990,11959
11990,11961
11990,11962
11990,11963
11990,11964
11990,11965
11990,11976
11990,11991
11990,11994
11990,11997
11990,12001
11990,12008
11990,12012
11993,12000
11993,12005
11993,12032
11993,12063
11993,12083
11993,12084
11993,12108
11993,12110
11993,8916
11993,7865
11993,11963
11993,11964
11993,11965
11993,11975
11993,11976
11993,11987
11993,11991
11993,11994
11993,11997
11993,12001
11993,12003
11993,12012
11993,12021
11993,12024
11993,21919
12000,12003
12000,12005
12000,12032
12000,12058
12000,12083
12000,12084
12000,12108
12000,12110
12000,12122
12000,22766
12000,22013
12000,11965
12000,11975
12000,11976
12000,11987
12000,11991
12000,11994
12000,11997
12000,12001
12000,12008
12000,12012
12000,12021
12000,12024
12000,12025
12000,12036
12000,18137
12000,21089
12000,15752
12003,12005
12003,12032
12003,12058
12003,12063
12003,12083
12003,12084
12003,12108
12003,12122
12003,12146
12003,13201
12003,11976
12003,11987
12003,11991
12003,11994
12003,12001
12003,12008
12003,12012
12003,12021
12003,12024
12003,12025
12003,12036
12003,12038
12003,12048
12003,16849
12005,12032
12005,12058
12005,12063
12005,12083
12005,12084
12005,12108
12005,12110
12005,12122
12005,12146
12005,23610
12005,24598
12005,25629
12005,11987
12005,11991
12005,11994
12005,11997
12005,12001
12005,12008
12005,12012
12005,12021
12005,12024
12005,12025
12005,12036
12005,12048
12005,12051
12005,12191
12005,25726
12005,16462
12032,12058
12032,12063
12032,12083
12032,12084
12032,12108
12032,12110
12032,12122
12032,12151
12032,12154
12032,15067
12032,12001
12032,12008
12032,12012
12032,12021
12032,12025
12032,12036
12032,12038
12032,12048
12032,12051
12032,12060
12032,12067
12032,12069
12032,12074
12058,12063
12058,12083
12058,12084
12058,12110
12058,12122
12058,12151
12058,12154
12058,12181
12058,26165
12058,19608
12058,24714
12058,12008
12058,12012
12058,12021
12058,12025
12058,12036
12058,12038
12058,12048
12058,12051
12058,12060
12058,12067
12058,12069
12058,12074
12058,12076
12058,12080
12058,12103
12058,20937
12063,12083
12063,12084
12063,12108
12063,12110
12063,12122
12063,12146
12063,12151
12063,12154
12063,12181
12063,12182
12063,13846
12063,9312
12063,12021
12063,12025
12063,12036
12063,12038
12063,12048
12063,12051
12063,12067
12063,12069
12063,12076
12063,12080
12063,12103
12063,18760
12083,12084
12083,12108
12083,12110
12083,12122
12083,12146
12083,12151
12083,12154
12083,12181
12083,12182
12083,12191
12083,12048
12083,12051
12083,12060
12083,12067
12083,12069
12083,12074
12083,12080
12083,12103
12083,12124
12083,12126
12083,12127
12083,12135
12083,12137
12083,23355
12084,12110
12084,12122
12084,12146
12084,12151
12084,12181
12084,12191
12084,17209
12084,23067
12084,14230
12084,18494
12084,7857
12084,12051
12084,12060
12084,12067
12084,12069
12084,12076
12084,12080
12084,12103
12084,12124
12084,12126
12084,12127
12084,12135
12084,12137
12084,12139
12108,12110
12108,12122
12108,12146
12108,12151
12108,12154
12108,12181
12108,12182
12108,12191
12108,12209
12108,12213
12108,14349
12108,23093
12108,24440
12108,12060
12108,12067
12108,12069
12108,12076
12108,12080
12108,12103
12108,12124
12108,12126
12108,12127
12108,12135
12108,12137
12108,12149
12108,27150
12108,16339
12108,22016
12110,12122
12110,12146
12110,12151
12110,12154
12110,12182
12110,12191
12110,12209
12110,12213
12110,7723
12110,23206
12110,15249
12110,12067
12110,12069
12110,12074
12110,12076
12110,12103
12110,12124
12110,12126
12110,12127
12110,12135
12110,12137
12110,12139
12110,12149
12110,22839
12122,12146
12122,12182
12122,12191
12122,12209
12122,12213
12122,12223
12122,12241
12122,20590
12122,12067
12122,12069
12122,12074
12122,12076
12122,12080
12122,12103
12122,12124
12122,12127
12122,12135
12122,12137
12122,12139
12122,12149
12122,12151
12122,12154
12122,22944
12146,12151
12146,12154
12146,12181
12146,12182
12146,12191
12146,12209
12146,12213
12146,12223
12146,12241
12146,12248
12146,12982
12146,12103
12146,12124
12146,12126
12146,12127
12146,12135
12146,12137
12146,12139
12146,12149
12146,12158
12146,12166
12146,12167
12146,12171
12146,12179
12146,12180
12146,14579
12151,12154
12151,12182
12151,12191
12151,12209
12151,12213
12151,12223
12151,12241
12151,12265
12151,16353
12151,14096
12151,20800
12151,25892
12151,12124
12151,12126
12151,12127
12151,12135
12151,12137
12151,12139
12151,12149
12151,12158
12151,12166
12151,12167
12151,12171
12151,12179
12151,12181
12151,24611
12154,12181
12154,12182
12154,12191
12154,12209
12154,12213
12154,12223
12154,12241
12154,12248
12154,12265
12154,12291
12154,12124
12154,12127
12154,12135
12154,12137
12154,12139
12154,12149
12154,12158
12154,12166
12154,12167
12154,12171
12154,12179
12154,12180
12154,12183
12154,12187
12154,20116
12181,12191
12181,12209
12181,12213
12181,12223
12181,12241
12181,12248
12181,12265
12181,12293
12181,18440
12181,12149
12181,12158
12181,12166
12181,12167
12181,12179
12181,12180
12181,12182
12181,12183
12181,12187
12181,12201
12181,12211
12181,19735
12181,16670
12181,16059
12182,12191
12182,12209
12182,12213
12182,12223
12182,12241
12182,12248
12182,12265
12182,12291
12182,12309
12182,8137
12182,10677
12182,12149
12182,12158
12182,12166
12182,12167
12182,12179
12182,12180
12182,12183
12182,12187
12182,12201
12182,12208
12182,12211
12182,12224
12191,12209
12191,12223
12191,12241
12191,12248
12191,12265
12191,12291
12191,12293
12191,12309
12191,12325
12191,22989
12191,12158
12191,12166
12191,12171
12191,12179
12191,12180
12191,12183
12191,12187
12191,12201
12191,12208
12191,12211
12191,12213
12191,12227
12191,12231
12191,12232
12209,12213
12209,12223
12209,12241
12209,12248
12209,12265
12209,12293
12209,12309
12209,12325
12209,12331
12209,22813
12209,7647
12209,23347
12209,27244
12209,12171
12209,12179
12209,12180
12209,12183
12209,12201
12209,12211
12209,12224
12209,12227
12209,12231
12209,12232
12209,12234
12209,12243
12213,12223
12213,12241
12213,12248
12213,12265
12213,12291
12213,12293
12213,12309
12213,12331
12213,12359
12213,12180
12213,12183
12213,12187
12213,12201
12213,12208
12213,12211
12213,12224
12213,12227
12213,12231
12213,12232
12213,12234
12213,12243
12213,12257
12223,12241
12223,12265
12223,12291
12223,12309
12223,12325
12223,12331
12223,12359
12223,12416
12223,16454
12223,16370
12223,27260
12223,19550
12223,9641
12223,12201
12223,12208
12223,12211
12223,12224
12223,12227
12223,12232
12223,12234
12223,12243
12223,12248
12223,12260
12241,12248
12241,12265
12241,12291
12241,12293
12241,12309
12241,12325
12241,12331
12241,12359
12241,12416
12241,12431
12241,25427
12241,12208
12241,12211
12241,12224
12241,12227
12241,12231
12241,12232
12241,12234
12241,12243
12241,12257
12241,12260
12241,12268
12241,12281
12241,12282
12241,12284
12241,12289
12241,19885
12248,12265
12248,12291
12248,12293
12248,12309
12248,12331
12248,12359
12248,12416
12248,12445
12248,16337
12248,16130
12248,16255
12248,12431
12248,19844
12248,12834
12248,25788
12248,10535
12248,12211
12248,12224
12248,12227
12248,12231
12248,12232
12248,12234
12248,12243
12248,12257
12248,12268
12248,12281
12248,12282
12248,12289
12248,12290
12265,12291
12265,12293
12265,12309
12265,12331
12265,12359
12265,12416
12265,12431
12265,18478
12265,22137
12265,12224
12265,12227
12265,12231
12265,12232
12265,12234
12265,12243
12265,12257
12265,12260
12265,12268
12265,12281
12265,12282
12265,12284
12265,12289
12265,12290
12265,12294
12265,12297
12291,12293
12291,12309
12291,12325
12291,12359
12291,12416
12291,12431
12291,12445
12291,12446
12291,12455
12291,19692
12291,9590
12291,12257
12291,12260
12291,12268
12291,12281
12291,12282
12291,12284
12291,12289
12291,12294
12291,12301
12291,12312
12291,12315
12291,12318
12291,12326
12291,15754
12291,23138
12291,21838
12293,12309
12293,12325
12293,12331
12293,12359
12293,12416
12293,12431
12293,12445
12293,12446
12293,12485
12293,10239
12293,12257
12293,12260
12293,12268
12293,12281
12293,12284
12293,12289
12293,12294
12293,12297
12293,12301
12293,12312
12293,12315
12293,12318
12293,12326
12293,12327
12309,12331
12309,12359
12309,12416
12309,12445
12309,12446
12309,12455
12309,12485
12309,12486
12309,10447
12309,15475
12309,13899
12309,12281
12309,12282
12309,12289
12309,12290
12309,12294
12309,12297
12309,12301
12309,12312
12309,12315
12309,12318
12309,12325
12309,12326
12309,12327
12309,12336
12309,12337
12309,12346
12309,23912
12325,12331
12325,12416
12325,12431
12325,12445
12325,12446
12325,12455
12325,12485
12325,12486
12325,12517
12325,10979
12325,12290
12325,12294
12325,12297
12325,12301
12325,12312
12325,12315
12325,12318
12325,12327
12325,12336
12325,12346
12325,12349
12325,12359
12325,12362
12325,20178
12331,12359
12331,12416
12331,12431
12331,12445
12331,12446
12331,12455
12331,12486
12331,12517
12331,12518
12331,23442
12331,17195
12331,24943
12331,12294
12331,12297
12331,12301
12331,12312
12331,12318
12331,12326
12331,12337
12331,12346
12331,12347
12331,12349
12331,12362
12331,12367
12331,12372
12331,12375
12331,21790
12331,16683
12331,16971
12359,12416
12359,12431
12359,12445
12359,12446
12359,12455
12359,12486
12359,12517
12359,12518
12359,12542
12359,15503
12359,8653
12359,8461
12359,10599
12359,12318
12359,12326
12359,12327
12359,12336
12359,12337
12359,12346
12359,12347
12359,12349
12359,12362
12359,12367
12359,12372
12359,12376
12359,12378
12359,12384
12359,12390
12359,12393
12359,12401
12416,12431
12416,12445
12416,12446
12416,12455
12416,12486
12416,12517
12416,12518
12416,12542
12416,12547
12416,12372
12416,12375
12416,12376
12416,12378
12416,12384
12416,12390
12416,12401
12416,12404
12416,12408
12416,12418
12416,12421
12416,12429
12416,12453
12416,12457
12416,12458
12416,21194
12431,12455
12431,12485
12431,12486
12431,12517
12431,12518
12431,12548
12431,11964
12431,18159
12431,15738
12431,15489
12431,12390
12431,12393
12431,12401
12431,12404
12431,12408
12431,12418
12431,12421
12431,12429
12431,12445
12431,12446
12431,12457
12431,12458
12431,12460
12431,12463
12431,12467
12431,12470
12431,24774
12445,12446
12445,12455
12445,12485
12445,12486
12445,12517
12445,12518
12445,12542
12445,12547
12445,12548
12445,12567
12445,13817
12445,23553
12445,12390
12445,12393
12445,12404
12445,12408
12445,12418
12445,12421
12445,12429
12445,12453
12445,12457
12445,12458
12445,12460
12445,12463
12445,12467
12445,12470
12445,12477
12445,13284
12445,26914
12446,12455
12446,12485
12446,12517
12446,12518
12446,12542
12446,12547
12446,12548
12446,12567
12446,12571
12446,23954
12446,16628
12446,12393
12446,12401
12446,12404
12446,12408
12446,12418
12446,12421
12446,12429
12446,12453
12446,12457
12446,12458
12446,12463
12446,12467
12446,12470
12446,12477
12446,12478
12446,27244
12455,12485
12455,12486
12455,12517
12455,12518
12455,12542
12455,12547
12455,12548
12455,12567
12455,12571
12455,12572
12455,21838
12455,12404
12455,12408
12455,12421
12455,12429
12455,12453
12455,12457
12455,12458
12455,12460
12455,12463
12455,12470
12455,12477
12455,12478
12455,12479
12455,12481
12485,12486
12485,12517
12485,12518
12485,12542
12485,12547
12485,12548
12485,12571
12485,12572
12485,12585
12485,11260
12485,18977
12485,17478
12485,12458
12485,12463
12485,12467
12485,12478
12485,12479
12485,12481
12485,12484
12485,12495
12485,12497
12485,12499
12485,12500
12485,12501
12485,12504
12485,12522
12485,13271
12485,13435
12486,12517
12486,12542
12486,12547
12486,12548
12486,12571
12486,12585
12486,12600
12486,25477
12486,12346
12486,10583
12486,17704
12486,12460
12486,12463
12486,12467
12486,12470
12486,12477
12486,12478
12486,12479
12486,12481
12486,12484
12486,12495
12486,12497
12486,12499
12486,12500
12486,12501
12486,12504
12486,12518
12486,12522
12486,12523
12486,18684
12486,16027
12517,12518
12517,12542
12517,12548
12517,12567
12517,12571
12517,12572
12517,12585
12517,12600
12517,12628
12517,23322
12517,16477
12517,12481
12517,12484
12517,12495
12517,12497
12517,12499
12517,12500
12517,12501
12517,12504
12517,12522
12517,12523
12517,12530
12517,12533
12517,12534
12517,12536
12517,12544
12517,12546
12518,12542
12518,12547
12518,12548
12518,12567
12518,12571
12518,12572
12518,12585
12518,12600
12518,12628
12518,12651
12518,14761
12518,12495
12518,12497
12518,12499
12518,12500
12518,12501
12518,12504
12518,12523
12518,12530
12518,12533
12518,12534
12518,12536
12518,12544
12518,12546
12518,25711
12518,20046
12542,12547
12542,12548
12542,12567
12542,12572
12542,12600
12542,12628
12542,12651
12542,12658
12542,22772
12542,22861
12542,26058
12542,12501
12542,12504
12542,12522
12542,12523
12542,12530
12542,12533
12542,12534
12542,12536
12542,12544
12542,12546
12542,12552
12542,12556
12542,12571
12542,12574
12547,12567
12547,12571
12547,12572
12547,12585
12547,12600
12547,12628
12547,12658
12547,12663
12547,23602
12547,15329
12547,22013
12547,12522
12547,12523
12547,12530
12547,12536
12547,12544
12547,12546
12547,12548
12547,12552
12547,12556
12547,12574
12547,12576
12547,12580
12547,12584
12548,12567
12548,12571
12548,12572
12548,12585
12548,12600
12548,12628
12548,12651
12548,12658
12548,12663
12548,12684
12548,19870
12548,11593
12548,12024
12548,12522
12548,12523
12548,12530
12548,12533
12548,12534
12548,12544
12548,12546
12548,12556
12548,12574
12548,12576
12548,12580
12548,12584
12548,16701
12567,12571
12567,12572
12567,12585
12567,12600
12567,12628
12567,12658
12567,12663
12567,12684
12567,12692
12567,13277
12567,17140
12567,12533
12567,12534
12567,12536
12567,12546
12567,12552
12567,12556
12567,12574
12567,12576
12567,12580
12567,12584
12567,12587
12567,12594
12571,12572
12571,12585
12571,12600
12571,12628
12571,12651
12571,12658
12571,12663
12571,12684
12571,12692
12571,25989
12571,16068
12571,12534
12571,12536
12571,12544
12571,12546
12571,12552
12571,12556
12571,12574
12571,12576
12571,12580
12571,12584
12571,12587
12571,12591
12571,12594
12571,18124
12571,23004
12572,12600
12572,12628
12572,12651
12572,12658
12572,12663
12572,12684
12572,12692
12572,12723
12572,26946
12572,17302
12572,15259
12572,12536
12572,12544
12572,12546
12572,12552
12572,12556
12572,12574
12572,12576
12572,12580
12572,12584
12572,12585
12572,12587
12572,12591
12572,12594
12572,12610
12572,20098
12585,12600
12585,12628
12585,12651
12585,12658
12585,12663
12585,12684
12585,12692
12585,12735
12585,12755
12585,17450
12585,12552
12585,12556
12585,12576
12585,12580
12585,12584
12585,12587
12585,12591
12585,12594
12585,12610
12585,12612
12585,12613
12585,12614
12585,12618
12585,12623
12585,21447
12600,12628
12600,12651
12600,12658
12600,12663
12600,12684
12600,12692
12600,12723
12600,12735
12600,12755
12600,12768
12600,18774
12600,16708
12600,7570
12600,12576
12600,12584
12600,12587
12600,12591
12600,12594
12600,12610
12600,12612
12600,12614
12600,12618
12600,12623
12600,12624
12600,12643
12600,12647
12600,20886
12628,12651
12628,12658
12628,12663
12628,12684
12628,12692
12628,12723
12628,12735
12628,12755
12628,12768
12628,12789
12628,18749
12628,14716
12628,23067
12628,12591
12628,12594
12628,12613
12628,12614
12628,12618
12628,12623
12628,12624
12628,12643
12628,12647
12628,12652
12628,12675
12628,14288
12628,26885
12651,12658
12651,12663
12651,12684
12651,12692
12651,12723
12651,12735
12651,12755
12651,12789
12651,8140
12651,25728
12651,25692
12651,12610
12651,12612
12651,12613
12651,12614
12651,12618
12651,12624
12651,12643
12651,12647
12651,12652
12651,12655
12651,12657
12651,12690
12651,12697
12651,15942
12651,20652
12658,12663
12658,12684
12658,12692
12658,12735
12658,12755
12658,12768
12658,12789
12658,12813
12658,12817
12658,15784
12658,11169
12658,12618
12658,12623
12658,12624
12658,12643
12658,12647
12658,12652
12658,12657
12658,12675
12658,12690
12658,12697
12658,12701
12658,12706
12658,12719
12658,12720
12663,12684
12663,12692
12663,12723
12663,12735
12663,12755
12663,12768
12663,12813
12663,12817
12663,12834
12663,18169
12663,12623
12663,12624
12663,12643
12663,12647
12663,12652
12663,12655
12663,12657
12663,12675
12663,12690
12663,12697
12663,12701
12663,12706
12663,12719
12663,12720
12663,12721
12663,13787
12684,12692
12684,12735
12684,12755
12684,12768
12684,12789
12684,12813
12684,12817
12684,12834
12684,12855
12684,18203
12684,8511
12684,8712
12684,12643
12684,12647
12684,12652
12684,12655
12684,12657
12684,12675
12684,12690
12684,12697
12684,12701
12684,12706
12684,12719
12684,12720
12684,12721
12684,12723
12692,12723
12692,12755
12692,12768
12692,12789
12692,12813
12692,12817
12692,12834
12692,12855
12692,12883
12692,20673
12692,22260
12692,11494
12692,12652
12692,12655
12692,12657
12692,12675
12692,12690
12692,12697
12692,12701
12692,12706
12692,12719
12692,12720
12692,12721
12692,12722
12692,12725
12692,12728
12692,23245
12723,12735
12723,12755
12723,12768
12723,12789
12723,12813
12723,12817
12723,12834
12723,12855
12723,12883
12723,12891
12723,12690
12723,12697
12723,12701
12723,12706
12723,12719
12723,12720
12723,12721
12723,12722
12723,12725
12723,12728
12723,12729
12723,12740
12723,12741
12723,12743
12723,12745
12723,12748
12723,24499
12723,24943
12723,24701
12735,12755
12735,12789
12735,12813
12735,12817
12735,12855
12735,12883
12735,12891
12735,12902
12735,15461
12735,16467
12735,13740
12735,13291
12735,12701
12735,12706
12735,12719
12735,12720
12735,12721
12735,12722
12735,12725
12735,12728
12735,12729
12735,12740
12735,12741
12735,12743
12735,12748
12735,12754
12735,12763
12735,12767
12735,12768
12735,16314
12735,24533
12735,18478
12755,12768
12755,12789
12755,12813
12755,12817
12755,12834
12755,12855
12755,12883
12755,12891
12755,12902
12755,12906
12755,12725
12755,12729
12755,12740
12755,12741
12755,12743
12755,12745
12755,12754
12755,12763
12755,12772
12755,12776
12755,12779
12755,12791
12755,12793
12755,18141
12768,12789
12768,12813
12768,12817
12768,12834
12768,12855
12768,12883
12768,12891
12768,12902
12768,12906
12768,12909
12768,23146
12768,21156
12768,12740
12768,12741
12768,12743
12768,12748
12768,12754
12768,12763
12768,12772
12768,12776
12768,12779
12768,12786
12768,12793
12768,12803
12768,12810
12768,22855
12768,19433
12789,12813
12789,12817
12789,12834
12789,12855
12789,12883
12789,12891
12789,12902
12789,12906
12789,12909
12789,12912
12789,17970
12789,15954
12789,12234
12789,12748
12789,12754
12789,12763
12789,12767
12789,12772
12789,12776
12789,12779
12789,12786
12789,12791
12789,12793
12789,12803
12789,12810
12789,12816
12789,12822
12789,12833
12813,12817
12813,12834
12813,12855
12813,12891
12813,12902
12813,12906
12813,12912
12813,12913
12813,15405
12813,17292
12813,12776
12813,12779
12813,12786
12813,12791
12813,12803
12813,12810
12813,12816
12813,12822
12813,12833
12813,12836
12813,12840
12813,12844
12813,12852
12813,19039
12813,20472
12817,12834
12817,12855
12817,12883
12817,12891
12817,12902
12817,12906
12817,12909
12817,12912
12817,12913
12817,12922
12817,14716
12817,17486
12817,10101
12817,12776
12817,12779
12817,12786
12817,12791
12817,12793
12817,12803
12817,12810
12817,12816
12817,12822
12817,12833
12817,12836
12817,12839
12817,12844
12817,12857
12834,12855
12834,12883
12834,12902
12834,12909
12834,12912
12834,12913
12834,12922
12834,12927
12834,27000
12834,9411
12834,11726
12834,12791
12834,12793
12834,12803
12834,12810
12834,12816
12834,12822
12834,12833
12834,12836
12834,12840
12834,12844
12834,12852
12834,12857
12834,12861
12834,12863
12834,12865
12834,16511
12834,13859
12855,12891
12855,12902
12855,12906
12855,12909
12855,12912
12855,12913
12855,12922
12855,12927
12855,12946
12855,24620
12855,12816
12855,12822
12855,12833
12855,12836
12855,12839
12855,12840
12855,12844
12855,12857
12855,12861
12855,12863
12855,12865
12855,12874
12855,12875
12855,12879
12855,12881
12855,12883
12855,12884
12883,12891
12883,12906
12883,12909
12883,12912
12883,12913
12883,12922
12883,12927
12883,12978
12883,25942
12883,19464
12883,8584
12883,8902
12883,12852
12883,12857
12883,12861
12883,12863
12883,12865
12883,12874
12883,12875
12883,12879
12883,12881
12883,12884
12883,12889
12883,12890
12883,12894
12883,12901
12883,12902
12883,12903
12883,13768
12891,12906
12891,12909
12891,12912
12891,12913
12891,12922
12891,12927
12891,12946
12891,12978
12891,12982
12891,21707
12891,27256
12891,23952
12891,12863
12891,12865
12891,12874
12891,12875
12891,12879
12891,12884
12891,12889
12891,12890
12891,12894
12891,12901
12891,12902
12891,12903
12891,12910
12891,12918
12902,12906
12902,12909
12902,12912
12902,12913
12902,12922
12902,12927
12902,12946
12902,12978
12902,12982
12902,13054
12902,13478
12902,12879
12902,12881
12902,12889
12902,12890
12902,12894
12902,12901
12902,12910
12902,12918
12902,12924
12902,16956
12906,12912
12906,12913
12906,12922
12906,12927
12906,12946
12906,12978
12906,12982
12906,13054
12906,20090
12906,12408
12906,22864
12906,25077
12906,12779
12906,12881
12906,12889
12906,12890
12906,12894
12906,12903
12906,12910
12906,12918
12906,12924
12906,12934
12906,12936
12906,26988
12909,12912
12909,12913
12909,12922
12909,12927
12909,12946
12909,12978
12909,12982
12909,13054
12909,13078
12909,13082
12909,17471
12909,12884
12909,12889
12909,12890
12909,12894
12909,12901
12909,12903
12909,12910
12909,12918
12909,12924
12909,12934
12909,12936
12909,12938
12909,17873
12912,12922
12912,12927
12912,12946
12912,12978
12912,12982
12912,13078
12912,13082
12912,13085
12912,16707
12912,12889
12912,12890
12912,12894
12912,12901
12912,12903
12912,12910
12912,12913
12912,12918
12912,12924
12912,12934
12912,12936
12912,12938
12912,12941
12912,26456
12912,17194
12912,19252
12913,12927
12913,12946
12913,12978
12913,13054
12913,13078
12913,13082
12913,13085
12913,12745
12913,26391
12913,20746
12913,15453
12913,21114
12913,13285
12913,18814
12913,22067
12913,12890
12913,12894
12913,12901
12913,12910
12913,12918
12913,12924
12913,12934
12913,12936
12913,12938
12913,12939
12913,12941
12913,12944
12913,24097
12922,12927
12922,12946
12922,12978
12922,12982
12922,13078
12922,13082
12922,13085
12922,13100
12922,13101
12922,17660
12922,17705
12922,11850
12922,21850
12922,12894
12922,12901
12922,12903
12922,12910
12922,12918
12922,12934
12922,12936
12922,12938
12922,12939
12922,12941
12922,12944
12922,12950
12922,27394
12927,12946
12927,12978
12927,12982
12927,13078
12927,13082
12927,13100
12927,13101
12927,13102
12927,26193
12927,23330
12927,17868
12927,19714
12927,18422
12927,12903
12927,12910
12927,12918
12927,12924
12927,12936
12927,12938
12927,12939
12927,12944
12927,12950
12927,12953
12927,12956
12927,24229
12946,12978
12946,12982
12946,13054
12946,13078
12946,13082
12946,13085
12946,13100
12946,13102
12946,13126
12946,24601
12946,24105
12946,12918
12946,12924
12946,12934
12946,12936
12946,12938
12946,12939
12946,12941
12946,12944
12946,12950
12946,12953
12946,12956
12946,12964
12946,12976
12946,12984
12946,12991
12946,13015
12978,12982
12978,13054
12978,13078
12978,13085
12978,13100
12978,13101
12978,13102
12978,13126
12978,9187
12978,14486
12978,25641
12978,12938
12978,12939
12978,12941
12978,12944
12978,12950
12978,12953
12978,12956
12978,12964
12978,12976
12978,12984
12978,12991
12978,13015
12978,13018
12978,13019
12978,13024
12978,13029
12978,13043
12978,23516
12978,14704
12982,13054
12982,13085
12982,13101
12982,13102
12982,13126
12982,13183
12982,18894
12982,23217
12982,24654
12982,20487
12982,12939
12982,12941
12982,12944
12982,12950
12982,12953
12982,12956
12982,12964
12982,12976
12982,12984
12982,13015
12982,13018
12982,13019
12982,13024
12982,13029
12982,13033
12982,13043
12982,13052
12982,15073
12982,16419
13054,13078
13054,13085
13054,13100
13054,13101
13054,13102
13054,13126
13054,13159
13054,13183
13054,26868
13054,9664
13054,9191
13054,12984
13054,12991
13054,13015
13054,13018
13054,13019
13054,13024
13054,13029
13054,13043
13054,13052
13054,13057
13054,13063
13054,13065
13054,13068
13054,13070
13054,13073
13054,13074
13054,13080
13054,13081
13078,13085
13078,13100
13078,13101
13078,13102
13078,13183
13078,13205
13078,26638
13078,13043
13078,13052
13078,13057
13078,13063
13078,13065
13078,13068
13078,13073
13078,13074
13078,13080
13078,13081
13078,13082
13078,13093
13078,13096
13078,13098
13082,13085
13082,13100
13082,13101
13082,13102
13082,13126
13082,13159
13082,13183
13082,13205
13082,13231
13082,13239
13082,22380
13082,13057
13082,13063
13082,13065
13082,13068
13082,13070
13082,13073
13082,13074
13082,13080
13082,13081
13082,13093
13082,13096
13082,13098
13082,13105
13082,13109
13082,13118
13082,18712
13085,13100
13085,13101
13085,13102
13085,13126
13085,13159
13085,13183
13085,13205
13085,13239
13085,13240
13085,18912
13085,13809
13085,7617
13085,8394
13085,13063
13085,13065
13085,13068
13085,13070
13085,13073
13085,13074
13085,13080
13085,13081
13085,13093
13085,13096
13085,13098
13085,13109
13085,13121
13085,26262
13100,13101
13100,13102
13100,13126
13100,13159
13100,13183
13100,13205
13100,13231
13100,13239
13100,13240
13100,13271
13100,26397
13100,12139
13100,13073
13100,13074
13100,13080
13100,13081
13100,13093
13100,13096
13100,13105
13100,13109
13100,13118
13100,13121
13100,13123
13100,13137
13100,13138
13101,13102
13101,13126
13101,13159
13101,13183
13101,13205
13101,13231
13101,13240
13101,13271
13101,13277
13101,9250
13101,13074
13101,13080
13101,13081
13101,13093
13101,13096
13101,13098
13101,13105
13101,13109
13101,13118
13101,13121
13101,13123
13101,13137
13101,13138
13102,13126
13102,13159
13102,13183
13102,13205
13102,13231
13102,13239
13102,13240
13102,13271
13102,13277
13102,13285
13102,18628
13102,20886
13102,13080
13102,13081
13102,13093
13102,13096
13102,13098
13102,13105
13102,13109
13102,13118
13102,13121
13102,13123
13102,13137
13102,13138
13102,13142
13102,13152
13126,13159
13126,13183
13126,13205
13126,13231
13126,13239
13126,13240
13126,13271
13126,13277
13126,13285
13126,13287
13126,17817
13126,10121
13126,13096
13126,13098
13126,13105
13126,13109
13126,13118
13126,13123
13126,13137
13126,13138
13126,13152
13126,13156
13126,13163
13126,22962
13126,18054
13126,19972
13126,21785
13159,13183
13159,13205
13159,13231
13159,13239
13159,13240
13159,13271
13159,13277
13159,13285
13159,13287
13159,13291
13159,13118
13159,13137
13159,13138
13159,13142
13159,13152
13159,13156
13159,13158
13159,13162
13159,13163
13159,13165
13159,13170
13159,13172
13159,13175
13159,13177
13159,13181
13159,25715
13159,18103
13183,13205
13183,13231
13183,13239
13183,13240
13183,13271
13183,13277
13183,13285
13183,13287
13183,13291
13183,13303
13183,13162
13183,13163
13183,13165
13183,13170
13183,13172
13183,13175
13183,13177
13183,13178
13183,13181
13183,13199
13183,13201
13183,13215
13183,13216
13183,13217
13183,13218
13183,13223
13183,16306
13183,14399
13205,13231
13205,13239
13205,13271
13205,13277
13205,13285
13205,13287
13205,13291
13205,13303
13205,13324
13205,17892
13205,13165
13205,13170
13205,13172
13205,13177
13205,13178
13205,13181
13205,13199
13205,13201
13205,13212
13205,13215
13205,13216
13205,13217
13205,13218
13205,13223
13205,13228
13205,13229
13205,13236
13231,13239
13231,13240
13231,13271
13231,13277
13231,13285
13231,13287
13231,13291
13231,13303
13231,13329
13231,23934
13231,20452
13231,13212
13231,13216
13231,13217
13231,13218
13231,13223
13231,13228
13231,13229
13231,13236
13231,13238
13231,13246
13231,13248
13231,13251
13231,13257
13231,13258
13231,13267
13239,13240
13239,13271
13239,13285
13239,13287
13239,13291
13239,13303
13239,13324
13239,13329
13239,26245
13239,24714
13239,11653
13239,22275
13239,13215
13239,13216
13239,13217
13239,13218
13239,13223
13239,13228
13239,13229
13239,13236
13239,13238
13239,13246
13239,13248
13239,13251
13239,13257
13239,13258
13239,13267
13239,13275
13239,13277
13240,13271
13240,13285
13240,13287
13240,13291
13240,13324
13240,13329
13240,13330
13240,13339
13240,16200
13240,14017
13240,7611
13240,13216
13240,13217
13240,13218
13240,13223
13240,13228
13240,13229
13240,13236
13240,13238
13240,13246
13240,13248
13240,13251
13240,13257
13240,13258
13240,13267
13240,13275
13240,13277
13240,13278
13240,16292
13240,16523
13271,13277
13271,13285
13271,13287
13271,13291
13271,13303
13271,13324
13271,13329
13271,13330
13271,13339
13271,13350
13271,15898
13271,13238
13271,13248
13271,13251
13271,13257
13271,13258
13271,13267
13271,13275
13271,13278
13271,13284
13271,13286
13271,13295
13271,13302
13277,13285
13277,13287
13277,13291
13277,13303
13277,13329
13277,13330
13277,13339
13277,13350
13277,13369
13277,21373
13277,13246
13277,13248
13277,13251
13277,13257
13277,13258
13277,13278
13277,13284
13277,13286
13277,13295
13277,13304
13277,21023
13285,13287
13285,13291
13285,13303
13285,13324
13285,13329
13285,13339
13285,13350
13285,13387
13285,20067
13285,21760
13285,8557
13285,13248
13285,13251
13285,13257
13285,13258
13285,13267
13285,13275
13285,13278
13285,13284
13285,13286
13285,13302
13285,13304
13285,13311
13285,13314
13285,13315
13285,25041
13287,13303
13287,13324
13287,13329
13287,13330
13287,13339
13287,13350
13287,13369
13287,13387
13287,25899
13287,18124
13287,24287
13287,11556
13287,13257
13287,13258
13287,13267
13287,13275
13287,13278
13287,13284
13287,13286
13287,13291
13287,13295
13287,13304
13287,13315
13287,13676
13287,27149
13287,27237
13291,13303
13291,13324
13291,13329
13291,13330
13291,13339
13291,13350
13291,13369
13291,13387
13291,13414
13291,13419
13291,11937
13291,12918
13291,27437
13291,13258
13291,13267
13291,13275
13291,13278
13291,13284
13291,13286
13291,13295
13291,13302
13291,13314
13291,13315
13303,13324
13303,13329
13303,13330
13303,13350
13303,13414
13303,13419
13303,13420
13303,12767
13303,14164
13303,18534
13303,17647
13303,8196
13303,13275
13303,13278
13303,13284
13303,13286
13303,13302
13303,13304
13303,13311
13303,13314
13303,13334
13303,13339
13303,13340
13324,13329
13324,13330
13324,13339
13324,13350
13324,13369
13324,13387
13324,13414
13324,13419
13324,13420
13324,13427
13324,13286
13324,13295
13324,13304
13324,13311
13324,13314
13324,13315
13324,13334
13324,13340
13324,13342
13324,13343
13324,13348
13324,13352
13324,17144
13329,13330
13329,13339
13329,13350
13329,13369
13329,13387
13329,13414
13329,13420
13329,13427
13329,13430
13329,19344
13329,18336
13329,13295
13329,13302
13329,13304
13329,13311
13329,13314
13329,13315
13329,13340
13329,13342
13329,13343
13329,13352
13329,13356
13329,22781
13329,17231
13330,13339
13330,13350
13330,13369
13330,13387
13330,13414
13330,13419
13330,13420
13330,13427
13330,13430
13330,13431
13330,13302
13330,13304
13330,13311
13330,13315
13330,13334
13330,13340
13330,13342
13330,13343
13330,13348
13330,13352
13330,13356
13330,13359
13339,13350
13339,13369
13339,13387
13339,13414
13339,13419
13339,13420
13339,13427
13339,13430
13339,13431
13339,13471
13339,8283
13339,13302
13339,13304
13339,13311
13339,13314
13339,13315
13339,13340
13339,13342
13339,13343
13339,13348
13339,13352
13339,13356
13339,13359
13339,13360
13339,13364
13339,24354
13339,21060
13350,13369
13350,13387
13350,13414
13350,13419
13350,13420
13350,13427
13350,13430
13350,13431
13350,13480
13350,20790
13350,19865
13350,13315
13350,13334
13350,13340
13350,13342
13350,13343
13350,13348
13350,13352
13350,13356
13350,13360
13350,13367
13350,13376
13350,13379
13350,13386
13350,23761
13350,14069
13350,19323
13369,13387
13369,13414
13369,13419
13369,13420
13369,13427
13369,13430
13369,13480
13369,13490
13369,19896
13369,23370
13369,24756
13369,13342
13369,13343
13369,13348
13369,13352
13369,13356
13369,13359
13369,13360
13369,13364
13369,13367
13369,13376
13369,13379
13369,13386
13369,13391
13369,13392
13369,13400
13369,13401
13369,13405
13369,13410
13387,13419
13387,13427
13387,13430
13387,13471
13387,13490
13387,25723
13387,19570
13387,22362
13387,16737
13387,22302
13387,13352
13387,13356
13387,13359
13387,13364
13387,13367
13387,13386
13387,13391
13387,13392
13387,13400
13387,13401
13387,13405
13387,13410
13387,13414
13387,13420
13387,16707
13414,13419
13414,13420
13414,13427
13414,13430
13414,13471
13414,13480
13414,13492
13414,26371
13414,21164
13414,19868
13414,13376
13414,13386
13414,13392
13414,13400
13414,13401
13414,13405
13414,13410
13414,13415
13414,13424
13414,13435
13414,13448
13414,13449
13414,22598
13419,13420
13419,13427
13419,13430
13419,13431
13419,13471
13419,13480
13419,13490
13419,13492
13419,13503
13419,20954
13419,14646
13419,13386
13419,13391
13419,13392
13419,13401
13419,13410
13419,13415
13419,13435
13419,13449
13419,16117
13419,17752
13420,13427
13420,13430
13420,13431
13420,13471
13420,13490
13420,13497
13420,13503
13420,13555
13420,16157
13420,16670
13420,18028
13420,13391
13420,13392
13420,13400
13420,13401
13420,13405
13420,13410
13420,13415
13420,13424
13420,13435
13420,13448
13420,13449
13420,13456
13420,13457
13420,18336
13420,19256
13427,13430
13427,13431
13427,13471
13427,13480
13427,13490
13427,13492
13427,13497
13427,13503
13427,13555
13427,13574
13427,13392
13427,13400
13427,13401
13427,13405
13427,13410
13427,13415
13427,13424
13427,13435
13427,13448
13427,13449
13427,13454
13427,13456
13427,13457
13427,13463
13427,13464
13430,13431
13430,13471
13430,13480
13430,13490
13430,13492
13430,13497
13430,13503
13430,13555
13430,13574
13430,13591
13430,13401
13430,13405
13430,13410
13430,13415
13430,13424
13430,13435
13430,13448
13430,13449
13430,13454
13430,13456
13430,13457
13430,13463
13430,13464
13431,13480
13431,13490
13431,13492
13431,13497
13431,13503
13431,13574
13431,13591
13431,13600
13431,12910
13431,18613
13431,10840
13431,26009
13431,21555
13431,15972
13431,22889
13431,8997
13431,13401
13431,13405
13431,13410
13431,13415
13431,13424
13431,13435
13431,13448
13431,13449
13431,13454
13431,13456
13431,13457
13431,13463
13431,13464
13431,13471
13431,13472
13431,27275
13471,13480
13471,13490
13471,13497
13471,13503
13471,13555
13471,13574
13471,13591
13471,13600
13471,13652
13471,25321
13471,24248
13471,13435
13471,13448
13471,13449
13471,13454
13471,13456
13471,13464
13471,13472
13471,13478
13471,13481
13471,13483
13471,13488
13471,13492
13471,13494
13471,23474
13480,13490
13480,13492
13480,13497
13480,13503
13480,13555
13480,13574
13480,13600
13480,13652
13480,13660
13480,25867
13480,27090
13480,13921
13480,13448
13480,13449
13480,13454
13480,13456
13480,13457
13480,13463
13480,13472
13480,13478
13480,13481
13480,13483
13480,13488
13480,13494
13480,13498
13480,13500
13490,13492
13490,13497
13490,13503
13490,13555
13490,13574
13490,13600
13490,13652
13490,13660
13490,13662
13490,8553
13490,18266
13490,13457
13490,13463
13490,13464
13490,13472
13490,13481
13490,13483
13490,13488
13490,13494
13490,13498
13490,13500
13490,13506
13490,13508
13490,13511
13490,13513
13490,15181
13492,13497
13492,13503
13492,13555
13492,13574
13492,13591
13492,13600
13492,13652
13492,13660
13492,13662
13492,15697
13492,19116
13492,21965
13492,13463
13492,13464
13492,13478
13492,13481
13492,13483
13492,13488
13492,13498
13492,13500
13492,13506
13492,13508
13492,13511
13492,13513
13492,13515
13492,19169
13497,13503
13497,13555
13497,13574
13497,13591
13497,13600
13497,13652
13497,13660
13497,13662
13497,13666
13497,13678
13497,14973
13497,10224
13497,13472
13497,13481
13497,13483
13497,13488
13497,13494
13497,13498
13497,13500
13497,13506
13497,13508
13497,13511
13497,13513
13497,13515
13497,13516
13497,13521
13503,13555
13503,13574
13503,13591
13503,13600
13503,13652
13503,13660
13503,13666
13503,13678
13503,13699
13503,9142
13503,13481
13503,13483
13503,13488
13503,13494
13503,13498
13503,13500
13503,13506
13503,13508
13503,13511
13503,13513
13503,13515
13503,13516
13503,13521
13503,13524
13503,13528
13503,13531
13555,13574
13555,13591
13555,13600
13555,13652
13555,13660
13555,13662
13555,13666
13555,13678
13555,13699
13555,13725
13555,7862
13555,15347
13555,11557
13555,13521
13555,13524
13555,13528
13555,13534
13555,13541
13555,13545
13555,13547
13555,13554
13555,13568
13555,13577
13555,13580
13555,13586
13555,22460
13574,13591
13574,13600
13574,13652
13574,13662
13574,13666
13574,13678
13574,13699
13574,18694
13574,21859
13574,11864
13574,13531
13574,13534
13574,13541
13574,13545
13574,13547
13574,13554
13574,13559
13574,13566
13574,13568
13574,13577
13574,13588
13574,13597
13574,13612
13574,13622
13574,13623
13574,22216
13574,25207
13591,13600
13591,13652
13591,13660
13591,13662
13591,13666
13591,13678
13591,13699
13591,13725
13591,13729
13591,19331
13591,24142
13591,17365
13591,13554
13591,13559
13591,13566
13591,13568
13591,13577
13591,13580
13591,13586
13591,13588
13591,13597
13591,13612
13591,13622
13591,13623
13591,13625
13591,13627
13591,13629
13591,13640
13591,13649
13600,13652
13600,13660
13600,13662
13600,13678
13600,13699
13600,13725
13600,13729
13600,13730
13600,14718
13600,12127
13600,12326
13600,13559
13600,13577
13600,13580
13600,13586
13600,13588
13600,13597
13600,13612
13600,13622
13600,13623
13600,13627
13600,13640
13600,13649
13600,18461
13652,13660
13652,13662
13652,13666
13652,13678
13652,13699
13652,13725
13652,13729
13652,13730
13652,13732
13652,13739
13652,13597
13652,13612
13652,13622
13652,13623
13652,13625
13652,13627
13652,13629
13652,13640
13652,13670
13652,13676
13652,13677
13652,13680
13652,13682
13652,13685
13660,13662
13660,13666
13660,13678
13660,13699
13660,13725
13660,13729
13660,13730
13660,13732
13660,13739
13660,13740
13660,10340
13660,13612
13660,13622
13660,13623
13660,13625
13660,13627
13660,13629
13660,13640
13660,13649
13660,13670
13660,13676
13660,13677
13660,13680
13660,13682
13660,13685
13660,13691
13662,13666
13662,13678
13662,13699
13662,13725
13662,13729
13662,13730
13662,13732
13662,13739
13662,13740
13662,13741
13662,19505
13662,20407
13662,20128
13662,13612
13662,13622
13662,13623
13662,13625
13662,13627
13662,13629
13662,13640
13662,13649
13662,13670
13662,13677
13662,13680
13662,13682
13662,13685
13662,15719
13662,16772
13666,13699
13666,13725
13666,13729
13666,13730
13666,13732
13666,13739
13666,13740
13666,13741
13666,9889
13666,22792
13666,26524
13666,13622
13666,13623
13666,13627
13666,13629
13666,13640
13666,13649
13666,13670
13666,13676
13666,13677
13666,13678
13666,13680
13666,13682
13666,13685
13666,13691
13666,13705
13678,13699
13678,13725
13678,13729
13678,13730
13678,13739
13678,13740
13678,13741
13678,13745
13678,13757
13678,13629
13678,13649
13678,13670
13678,13676
13678,13677
13678,13680
13678,13682
13678,13685
13678,13691
13678,13705
13678,13710
13678,13711
13678,13717
13678,13883
13699,13725
13699,13729
13699,13730
13699,13732
13699,13739
13699,13740
13699,13741
13699,13745
13699,13757
13699,13772
13699,13670
13699,13676
13699,13680
13699,13682
13699,13685
13699,13691
13699,13705
13699,13706
13699,13710
13699,13711
13699,13717
13699,13721
13699,13731
13725,13730
13725,13732
13725,13739
13725,13740
13725,13741
13725,13745
13725,13757
13725,13772
13725,13773
13725,21221
13725,8171
13725,13682
13725,13685
13725,13691
13725,13705
13725,13706
13725,13710
13725,13711
13725,13717
13725,13721
13725,13729
13725,13731
13725,13750
13725,14901
13729,13730
13729,13732
13729,13740
13729,13741
13729,13745
13729,13757
13729,13772
13729,13773
13729,13779
13729,26165
13729,11724
13729,13685
13729,13691
13729,13705
13729,13706
13729,13710
13729,13711
13729,13717
13729,13721
13729,13731
13729,13735
13729,13739
13729,13750
13729,13755
13729,18261
13730,13732
13730,13739
13730,13740
13730,13741
13730,13745
13730,13757
13730,13773
13730,13779
13730,13792
13730,10904
13730,11053
13730,13691
13730,13705
13730,13706
13730,13711
13730,13717
13730,13731
13730,13735
13730,13750
13730,15965
13730,24561
13730,16337
13732,13739
13732,13740
13732,13741
13732,13745
13732,13757
13732,13772
13732,13773
13732,13779
13732,13809
13732,25259
13732,13705
13732,13706
13732,13710
13732,13717
13732,13721
13732,13731
13732,13735
13732,13750
13732,13755
13732,13762
13732,13764
13732,14674
13732,17145
13732,27224
13739,13740
13739,13741
13739,13745
13739,13757
13739,13772
13739,13773
13739,13779
13739,13792
13739,13809
13739,13817
13739,16708
13739,13710
13739,13711
13739,13717
13739,13721
13739,13731
13739,13735
13739,13750
13739,13755
13739,13762
13739,13764
13739,13767
13739,13768
13739,14514
13739,19492
13740,13741
13740,13745
13740,13757
13740,13773
13740,13779
13740,13792
13740,13817
13740,13824
13740,19027
13740,18253
13740,13711
13740,13717
13740,13721
13740,13731
13740,13735
13740,13750
13740,13755
13740,13762
13740,13764
13740,13767
13740,13768
13740,13770
13741,13745
13741,13757
13741,13772
13741,13773
13741,13779
13741,13809
13741,13817
13741,13824
13741,13845
13741,22551
13741,18018
13741,20786
13741,13717
13741,13721
13741,13731
13741,13750
13741,13755
13741,13762
13741,13764
13741,13767
13741,13768
13741,13770
13745,13757
13745,13772
13745,13773
13745,13779
13745,13792
13745,13809
13745,13817
13745,13824
13745,13845
13745,13859
13745,25345
13745,8954
13745,13721
13745,13731
13745,13735
13745,13750
13745,13755
13745,13762
13745,13764
13745,13767
13745,13768
13745,13770
13757,13772
13757,13773
13757,13779
13757,13792
13757,13809
13757,13817
13757,13824
13757,13845
13757,13859
13757,13868
13757,13015
13757,13731
13757,13735
13757,13750
13757,13755
13757,13762
13757,13764
13757,13767
13757,13768
13757,13780
13757,13781
13757,25094
13772,13773
13772,13779
13772,13792
13772,13809
13772,13817
13772,13824
13772,13845
13772,13859
13772,13868
13772,22758
13772,25137
13772,14691
13772,13750
13772,13755
13772,13762
13772,13767
13772,13768
13772,13770
13772,13780
13772,13781
13772,13787
13772,13798
13772,13802
13772,13808
13772,18460
13773,13779
13773,13792
13773,13809
13773,13817
13773,13824
13773,13845
13773,13859
13773,13868
13773,13899
13773,14781
13773,13750
13773,13755
13773,13762
13773,13764
13773,13767
13773,13768
13773,13770
13773,13780
13773,13781
13773,13783
13773,13787
13773,13798
13773,13802
13773,13808
13773,24742
13779,13809
13779,13817
13779,13824
13779,13845
13779,13859
13779,13868
13779,13886
13779,13899
13779,16990
13779,25936
13779,15684
13779,11620
13779,13750
13779,13755
13779,13762
13779,13764
13779,13767
13779,13768
13779,13780
13779,13781
13779,13783
13779,13787
13779,13792
13779,13798
13779,13802
13779,13808
13779,13811
13792,13809
13792,13817
13792,13824
13792,13845
13792,13859
13792,13868
13792,13886
13792,13899
13792,13912
13792,13921
13792,10511
13792,26892
13792,14146
13792,13767
13792,13768
13792,13770
13792,13780
13792,13781
13792,13783
13792,13798
13792,13802
13792,13808
13792,13811
13792,13819
13792,13822
13809,13817
13809,13824
13809,13845
13809,13859
13809,13868
13809,13886
13809,13899
13809,13912
13809,13952
13809,24273
13809,20057
13809,13781
13809,13783
13809,13787
13809,13798
13809,13802
13809,13811
13809,13819
13809,13822
13809,13823
13809,13829
13809,13834
13809,13841
13809,13842
13809,15841
13817,13824
13817,13845
13817,13859
13817,13868
13817,13886
13817,13912
13817,13921
13817,13953
13817,10579
13817,13780
13817,13781
13817,13783
13817,13787
13817,13798
13817,13802
13817,13808
13817,13811
13817,13819
13817,13822
13817,13823
13817,13829
13817,13834
13817,13841
13817,13846
13817,18105
13824,13845
13824,13859
13824,13868
13824,13886
13824,13899
13824,13912
13824,13921
13824,13952
13824,13953
13824,14006
13824,13802
13824,13808
13824,13811
13824,13819
13824,13822
13824,13823
13824,13834
13824,13841
13824,13842
13824,13846
13824,13847
13824,13853
13824,13854
13824,24701
13824,16500
13824,19171
13845,13859
13845,13868
13845,13886
13845,13899
13845,13912
13845,13921
13845,13952
13845,13953
13845,14006
13845,14052
13845,13811
13845,13819
13845,13822
13845,13823
13845,13829
13845,13841
13845,13842
13845,13846
13845,13847
13845,13849
13845,13853
13845,13854
13845,13857
13845,13862
13845,13875
13845,17404
13859,13868
13859,13886
13859,13912
13859,13921
13859,13952
13859,13953
13859,14006
13859,14072
13859,19209
13859,24146
13859,15099
13859,13834
13859,13841
13859,13842
13859,13846
13859,13847
13859,13849
13859,13853
13859,13854
13859,13857
13859,13862
13859,13875
13859,13882
13859,13883
13859,13890
13859,13892
13859,13897
13859,27196
13868,13886
13868,13899
13868,13912
13868,13952
13868,13953
13868,14006
13868,14072
13868,14080
13868,24466
13868,16179
13868,20996
13868,25387
13868,13842
13868,13846
13868,13847
13868,13849
13868,13853
13868,13854
13868,13862
13868,13875
13868,13882
13868,13883
13868,13890
13868,13897
13868,13908
13886,13899
13886,13912
13886,13921
13886,13952
13886,13953
13886,14006
13886,14052
13886,14072
13886,14080
13886,14084
13886,13849
13886,13853
13886,13854
13886,13857
13886,13862
13886,13875
13886,13883
13886,13890
13886,13891
13886,13892
13886,13897
13886,13908
13886,13918
13886,13924
13899,13912
13899,13921
13899,13952
13899,13953
13899,14006
13899,14052
13899,14072
13899,14080
13899,14084
13899,14088
13899,13862
13899,13875
13899,13882
13899,13883
13899,13890
13899,13891
13899,13892
13899,13897
13899,13908
13899,13918
13899,13924
13899,13926
13899,13927
13899,13939
13899,13943
13899,13945
13912,13921
13912,13952
13912,13953
13912,14006
13912,14052
13912,14072
13912,14088
13912,14096
13912,18562
13912,16539
13912,13875
13912,13882
13912,13883
13912,13890
13912,13891
13912,13892
13912,13897
13912,13918
13912,13924
13912,13926
13912,13927
13912,13943
13912,13945
13912,13946
13912,17524
13912,24460
13921,13952
13921,13953
13921,14006
13921,14052
13921,14072
13921,14080
13921,14084
13921,14088
13921,14096
13921,14100
13921,11845
13921,19756
13921,8041
13921,12201
13921,13883
13921,13890
13921,13892
13921,13897
13921,13908
13921,13918
13921,13924
13921,13927
13921,13943
13921,13945
13921,13946
13921,13954
13921,19056
13921,15598
13952,14052
13952,14084
13952,14096
13952,14100
13952,14110
13952,14634
13952,12180
13952,25994
13952,10010
13952,23855
13952,13918
13952,13924
13952,13926
13952,13927
13952,13939
13952,13943
13952,13946
13952,13953
13952,13954
13952,13960
13952,13967
13952,13968
13952,13971
13952,13972
13952,13977
13952,13978
13952,13984
13952,19199
13952,22706
13953,14006
13953,14052
13953,14072
13953,14080
13953,14084
13953,14088
13953,14096
13953,14100
13953,14110
13953,14122
13953,16674
13953,26284
13953,7695
13953,13918
13953,13924
13953,13926
13953,13927
13953,13939
13953,13943
13953,13946
13953,13954
13953,13960
13953,13967
13953,13968
13953,13971
13953,13972
13953,13984
13953,13989
13953,23609
14006,14052
14006,14072
14006,14080
14006,14084
14006,14088
14006,14096
14006,14100
14006,14110
14006,14122
14006,14132
14006,11521
14006,13968
14006,13971
14006,13972
14006,13977
14006,13978
14006,13984
14006,13989
14006,13992
14006,13998
14006,14013
14006,14017
14006,14032
14006,14034
14006,14038
14006,14040
14006,14041
14006,14062
14006,14067
14006,18211
14052,14072
14052,14080
14052,14088
14052,14096
14052,14100
14052,14110
14052,14122
14052,14132
14052,14134
14052,13177
14052,19040
14052,9386
14052,13992
14052,13998
14052,14013
14052,14017
14052,14032
14052,14034
14052,14038
14052,14040
14052,14041
14052,14062
14052,14067
14052,14078
14052,14084
14052,25136
14052,26092
14072,14080
14072,14084
14072,14088
14072,14100
14072,14110
14072,14122
14072,14132
14072,14134
14072,14135
14072,21212
14072,14017
14072,14032
14072,14034
14072,14038
14072,14041
14072,14062
14072,14067
14072,14069
14072,14078
14072,14096
14072,14106
14072,14113
14072,14114
14072,20649
14080,14084
14080,14096
14080,14100
14080,14110
14080,14122
14080,14132
14080,14134
14080,14144
14080,23346
14080,14477
14080,15742
14080,24673
14080,12706
14080,14034
14080,14038
14080,14040
14080,14041
14080,14067
14080,14069
14080,14078
14080,14088
14080,14106
14080,14113
14080,14114
14084,14088
14084,14096
14084,14100
14084,14110
14084,14132
14084,14134
14084,14135
14084,14144
14084,14146
14084,15237
14084,17168
14084,13531
14084,14038
14084,14040
14084,14041
14084,14062
14084,14067
14084,14069
14084,14078
14084,14106
14084,14113
14084,14114
14084,14115
14084,14122
14084,14124
14088,14096
14088,14100
14088,14134
14088,14135
14088,14144
14088,14146
14088,14147
14088,24105
14088,20514
14088,18476
14088,14040
14088,14041
14088,14067
14088,14069
14088,14078
14088,14106
14088,14110
14088,14113
14088,14114
14088,14115
14088,14122
14088,14124
14088,14130
14088,17395
14096,14100
14096,14122
14096,14132
14096,14134
14096,14144
14096,14146
14096,14147
14096,18461
14096,18070
14096,12124
14096,17079
14096,13352
14096,14041
14096,14062
14096,14067
14096,14069
14096,14078
14096,14106
14096,14110
14096,14113
14096,14114
14096,14115
14096,14124
14096,14130
14100,14110
14100,14122
14100,14132
14100,14134
14100,14135
14100,14144
14100,14146
14100,14147
14100,14148
14100,14164
14100,14062
14100,14067
14100,14069
14100,14078
14100,14106
14100,14113
14100,14114
14100,14115
14100,14124
14100,14130
14110,14122
14110,14132
14110,14134
14110,14135
14110,14144
14110,14146
14110,14147
14110,14148
14110,14164
14110,14211
14110,17783
14110,24456
14110,8844
14110,14067
14110,14069
14110,14078
14110,14106
14110,14113
14110,14114
14110,14115
14110,14124
14110,14141
14110,23363
14110,17528
14122,14134
14122,14135
14122,14144
14122,14146
14122,14147
14122,14148
14122,14164
14122,14211
14122,14230
14122,26584
14122,10847
14122,14106
14122,14113
14122,14114
14122,14115
14122,14124
14122,14130
14122,14141
14122,14304
14132,14134
14132,14135
14132,14144
14132,14146
14132,14147
14132,14148
14132,14211
14132,14230
14132,14234
14132,20170
14132,12536
14132,22476
14132,23602
14132,14106
14132,14113
14132,14114
14132,14115
14132,14124
14132,14130
14132,14141
14132,14149
14132,14164
14132,14171
14134,14135
14134,14144
14134,14146
14134,14147
14134,14148
14134,14164
14134,14211
14134,14230
14134,14234
14134,14248
14134,14106
14134,14113
14134,14114
14134,14115
14134,14124
14134,14130
14134,14141
14134,14149
14134,14171
14134,15936
14135,14144
14135,14146
14135,14147
14135,14148
14135,14164
14135,14211
14135,14230
14135,14234
14135,14248
14135,14255
14135,9411
14135,14106
14135,14113
14135,14114
14135,14124
14135,14130
14135,14141
14135,14149
14135,14171
14135,14172
14135,15834
14144,14146
14144,14147
14144,14148
14144,14164
14144,14211
14144,14230
14144,14234
14144,14248
14144,14255
14144,14257
14144,21388
14144,19432
14144,14113
14144,14115
14144,14124
14144,14130
14144,14141
14144,14149
14144,14171
14144,14172
14144,14173
14144,14178
14144,14184
14146,14147
14146,14164
14146,14211
14146,14230
14146,14255
14146,14272
14146,19519
14146,25345
14146,17603
14146,14114
14146,14124
14146,14130
14146,14141
14146,14148
14146,14149
14146,14171
14146,14172
14146,14173
14146,14178
14146,14184
14146,14194
14147,14148
14147,14211
14147,14230
14147,14234
14147,14248
14147,14257
14147,14272
14147,14341
14147,11858
14147,14115
14147,14124
14147,14130
14147,14141
14147,14149
14147,14164
14147,14171
14147,14172
14147,14173
14147,14178
14147,14184
14147,14194
14147,14196
14148,14164
14148,14211
14148,14230
14148,14234
14148,14248
14148,14255
14148,14257
14148,14341
14148,14349
14148,18935
14148,20439
14148,14124
14148,14130
14148,14141
14148,14149
14148,14171
14148,14172
14148,14173
14148,14178
14148,14184
14148,14194
14148,14196
14148,14200
14148,19276
14148,25728
14148,17535
14164,14211
14164,14230
14164,14234
14164,14248
14164,14255
14164,14257
14164,14272
14164,14341
14164,14349
14164,14375
14164,22516
14164,24519
14164,14130
14164,14141
14164,14171
14164,14172
14164,14173
14164,14178
14164,14184
14164,14194
14164,14196
14164,14200
14164,14201
14164,14204
14211,14230
14211,14234
14211,14248
14211,14255
14211,14257
14211,14272
14211,14341
14211,14349
14211,14375
14211,14382
14211,14173
14211,14178
14211,14194
14211,14196
14211,14200
14211,14201
14211,14204
14211,14205
14211,14208
14211,14213
14211,14217
14211,14218
14211,14223
14211,14231
14211,14236
14211,14240
14211,14244
14230,14248
14230,14255
14230,14272
14230,14341
14230,14375
14230,14382
14230,14391
14230,15754
14230,7571
14230,23324
14230,14201
14230,14204
14230,14205
14230,14208
14230,14213
14230,14217
14230,14218
14230,14223
14230,14231
14230,14234
14230,14236
14230,14240
14230,14244
14230,14249
14230,14251
14230,14257
14234,14248
14234,14255
14234,14257
14234,14272
14234,14341
14234,14349
14234,14375
14234,14382
14234,14391
14234,14397
14234,14204
14234,14205
14234,14213
14234,14217
14234,14218
14234,14223
14234,14231
14234,14236
14234,14240
14234,14244
14234,14249
14234,14251
14234,14258
14234,14260
14248,14255
14248,14257
14248,14272
14248,14349
14248,14375
14248,14382
14248,14391
14248,14397
14248,14398
14248,14213
14248,14217
14248,14218
14248,14223
14248,14231
14248,14236
14248,14240
14248,14244
14248,14249
14248,14251
14248,14258
14248,14260
14248,14277
14248,14281
14248,14288
14248,26713
14255,14257
14255,14272
14255,14341
14255,14349
14255,14375
14255,14382
14255,14391
14255,14397
14255,14398
14255,14406
14255,23595
14255,14223
14255,14231
14255,14236
14255,14240
14255,14244
14255,14249
14255,14251
14255,14258
14255,14260
14255,14277
14255,14281
14255,14288
14255,14294
14255,14925
14257,14272
14257,14341
14257,14349
14257,14375
14257,14382
14257,14391
14257,14397
14257,14398
14257,14406
14257,14413
14257,10290
14257,14231
14257,14240
14257,14244
14257,14249
14257,14251
14257,14258
14257,14260
14257,14277
14257,14281
14257,14288
14257,14293
14257,14294
14257,14298
14257,23677
14272,14349
14272,14375
14272,14382
14272,14391
14272,14397
14272,14398
14272,14406
14272,14413
14272,14424
14272,20013
14272,9606
14272,7796
14272,13216
14272,14236
14272,14240
14272,14244
14272,14249
14272,14258
14272,14260
14272,14277
14272,14281
14272,14288
14272,14293
14272,14294
14272,14298
14272,14299
14272,14300
14272,14307
14272,27042
14272,24219
14341,14349
14341,14391
14341,14397
14341,14398
14341,14406
14341,14413
14341,14424
14341,14426
14341,23401
14341,16491
14341,14298
14341,14299
14341,14300
14341,14304
14341,14307
14341,14313
14341,14323
14341,14325
14341,14331
14341,14340
14341,14342
14341,14344
14341,14353
14341,14364
14341,14365
14341,14366
14341,14375
14341,14382
14341,19473
14349,14375
14349,14382
14349,14391
14349,14397
14349,14406
14349,14413
14349,14424
14349,14426
14349,14433
14349,7828
14349,21626
14349,14477
14349,13278
14349,14307
14349,14313
14349,14323
14349,14325
14349,14331
14349,14340
14349,14342
14349,14344
14349,14346
14349,14353
14349,14364
14349,14365
14349,14366
14349,14387
14349,14388
14349,14389
14349,16294
14375,14382
14375,14391
14375,14397
14375,14398
14375,14406
14375,14413
14375,14424
14375,14426
14375,14433
14375,14477
14375,22329
14375,15725
14375,8515
14375,11896
14375,14340
14375,14344
14375,14346
14375,14353
14375,14364
14375,14365
14375,14366
14375,14387
14375,14388
14375,14389
14375,14394
14375,14395
14375,14399
14375,21637
14375,16715
14382,14391
14382,14397
14382,14398
14382,14406
14382,14413
14382,14424
14382,14426
14382,14433
14382,14488
14382,8290
14382,14342
14382,14344
14382,14346
14382,14353
14382,14364
14382,14387
14382,14388
14382,14389
14382,14394
14382,14395
14382,14399
14382,14400
14391,14397
14391,14398
14391,14406
14391,14413
14391,14424
14391,14426
14391,14433
14391,14477
14391,14488
14391,14498
14391,23435
14391,24714
14391,14353
14391,14364
14391,14365
14391,14366
14391,14387
14391,14388
14391,14389
14391,14394
14391,14395
14391,14399
14391,14400
14391,14409
14391,14410
14391,18910
14397,14398
14397,14406
14397,14426
14397,14433
14397,14477
14397,14488
14397,14498
14397,14506
14397,18175
14397,11210
14397,14365
14397,14366
14397,14387
14397,14388
14397,14389
14397,14394
14397,14395
14397,14399
14397,14400
14397,14410
14397,14413
14397,14418
14397,14424
14398,14406
14398,14413
14398,14424
14398,14433
14398,14477
14398,14488
14398,14498
14398,14506
14398,10015
14398,19550
14398,14366
14398,14388
14398,14389
14398,14394
14398,14395
14398,14399
14398,14400
14398,14409
14398,14410
14398,14418
14398,14426
14398,14427
14398,24706
14406,14413
14406,14424
14406,14426
14406,14433
14406,14477
14406,14488
14406,14498
14406,14506
14406,14514
14406,14516
14406,23946
14406,13768
14406,13278
14406,14387
14406,14394
14406,14395
14406,14399
14406,14400
14406,14409
14406,14410
14406,14418
14406,14427
14406,14429
14406,19705
14406,17375
14413,14424
14413,14426
14413,14433
14413,14477
14413,14498
14413,14506
14413,14514
14413,14516
14413,14520
14413,14587
14413,10355
14413,10784
14413,14394
14413,14395
14413,14399
14413,14400
14413,14409
14413,14410
14413,14418
14413,14431
14413,14448
14413,14452
14413,14457
14413,20618
14413,19252
14424,14426
14424,14433
14424,14477
14424,14488
14424,14498
14424,14506
14424,14514
14424,14516
14424,14520
14424,14536
14424,24521
14424,18407
14424,14395
14424,14400
14424,14409
14424,14410
14424,14418
14424,14427
14424,14429
14424,14431
14424,14448
14424,14452
14424,14457
14424,14458
14424,14463
14426,14433
14426,14477
14426,14498
14426,14506
14426,14514
14426,14516
14426,14520
14426,14536
14426,14549
14426,20237
14426,14399
14426,14400
14426,14409
14426,14410
14426,14418
14426,14427
14426,14429
14426,14448
14426,14452
14426,14457
14426,14458
14426,14463
14426,14472
14433,14477
14433,14488
14433,14498
14433,14506
14433,14514
14433,14516
14433,14520
14433,14536
14433,14574
14433,27213
14433,14409
14433,14410
14433,14418
14433,14427
14433,14429
14433,14431
14433,14448
14433,14452
14433,14458
14433,14472
14433,14479
14433,14483
14433,14485
14433,18442
14433,25456
14477,14488
14477,14498
14477,14506
14477,14514
14477,14520
14477,14536
14477,14549
14477,14574
14477,14595
14477,17535
14477,20096
14477,14427
14477,14429
14477,14431
14477,14448
14477,14452
14477,14458
14477,14463
14477,14472
14477,14483
14477,14485
14477,14486
14477,14505
14477,14509
14477,17884
14488,14498
14488,14506
14488,14514
14488,14516
14488,14520
14488,14536
14488,14595
14488,14596
14488,10651
14488,14452
14488,14457
14488,14458
14488,14463
14488,14472
14488,14479
14488,14483
14488,14485
14488,14486
14488,14505
14488,14509
14488,14515
14488,14517
14488,24388
14488,19671
14498,14506
14498,14514
14498,14516
14498,14520
14498,14536
14498,14574
14498,14595
14498,14596
14498,14598
14498,20672
14498,16006
14498,8804
14498,14457
14498,14463
14498,14472
14498,14483
14498,14485
14498,14486
14498,14505
14498,14509
14498,14513
14498,14515
14498,14517
14498,14521
14498,26598
14506,14514
14506,14520
14506,14536
14506,14549
14506,14574
14506,14595
14506,14596
14506,14598
14506,14600
14506,19048
14506,15742
14506,23759
14506,14463
14506,14472
14506,14479
14506,14483
14506,14485
14506,14486
14506,14505
14506,14509
14506,14513
14506,14515
14506,14516
14506,14517
14506,14532
14506,24418
14514,14520
14514,14536
14514,14549
14514,14574
14514,14595
14514,14596
14514,14598
14514,14600
14514,14633
14514,17194
14514,11064
14514,23314
14514,22066
14514,14479
14514,14483
14514,14485
14514,14486
14514,14505
14514,14509
14514,14513
14514,14516
14514,14517
14514,14521
14514,14532
14514,14539
14514,14541
14514,14543
14514,23117
14514,27240
14516,14520
14516,14536
14516,14549
14516,14574
14516,14595
14516,14596
14516,14600
14516,14633
14516,14634
14516,7707
14516,15078
14516,7647
14516,14353
14516,14485
14516,14505
14516,14509
14516,14513
14516,14515
14516,14521
14516,14532
14516,14539
14516,14541
14516,14543
14516,14547
14516,20275
14516,23295
14520,14536
14520,14549
14520,14574
14520,14595
14520,14596
14520,14598
14520,14600
14520,14633
14520,14634
14520,14640
14520,23940
14520,14505
14520,14509
14520,14513
14520,14515
14520,14517
14520,14521
14520,14532
14520,14539
14520,14541
14520,14543
14520,14547
14520,14556
14520,14561
14520,16800
14536,14549
14536,14574
14536,14595
14536,14596
14536,14598
14536,14600
14536,14633
14536,14634
14536,14640
14536,14645
14536,24477
14536,14509
14536,14513
14536,14515
14536,14517
14536,14521
14536,14539
14536,14541
14536,14543
14536,14547
14536,14556
14536,14561
14536,14564
14536,14565
14536,14568
14549,14574
14549,14595
14549,14596
14549,14598
14549,14600
14549,14633
14549,14634
14549,14640
14549,14645
14549,14646
14549,25532
14549,14521
14549,14539
14549,14541
14549,14547
14549,14556
14549,14561
14549,14564
14549,14565
14549,14568
14549,14569
14549,14576
14549,14579
14549,21597
14574,14595
14574,14596
14574,14598
14574,14600
14574,14633
14574,14634
14574,14640
14574,14645
14574,14646
14574,14647
14574,21698
14574,14543
14574,14547
14574,14556
14574,14561
14574,14565
14574,14569
14574,14571
14574,14576
14574,14579
14574,14587
14574,14593
14574,14606
14574,14609
14595,14596
14595,14600
14595,14633
14595,14634
14595,14640
14595,14645
14595,14646
14595,14647
14595,14648
14595,15661
14595,24807
14595,14564
14595,14565
14595,14568
14595,14569
14595,14571
14595,14576
14595,14579
14595,14587
14595,14593
14595,14598
14595,14606
14595,14609
14595,14611
14595,14612
14595,14617
14595,14618
14595,14622
14595,15371
14595,15343
14596,14600
14596,14633
14596,14634
14596,14640
14596,14645
14596,14646
14596,14647
14596,14648
14596,14656
14596,18409
14596,14565
14596,14569
14596,14571
14596,14579
14596,14587
14596,14593
14596,14598
14596,14606
14596,14611
14596,14612
14596,14617
14596,14618
14596,14622
14596,24589
14596,26868
14598,14600
14598,14633
14598,14634
14598,14640
14598,14645
14598,14646
14598,14647
14598,14648
14598,14656
14598,14658
14598,14568
14598,14569
14598,14571
14598,14576
14598,14579
14598,14587
14598,14593
14598,14606
14598,14611
14598,14612
14598,14617
14598,14622
14598,26739
14598,17919
14598,20419
14598,22192
14600,14633
14600,14634
14600,14640
14600,14645
14600,14646
14600,14647
14600,14648
14600,14656
14600,14658
14600,25675
14600,14569
14600,14571
14600,14576
14600,14587
14600,14593
14600,14606
14600,14609
14600,14611
14600,14612
14600,14617
14600,14618
14600,14622
14633,14640
14633,14645
14633,14646
14633,14647
14633,14648
14633,14656
14633,14658
14633,14669
14633,14676
14633,19402
14633,14606
14633,14609
14633,14611
14633,14617
14633,14618
14633,14622
14633,14634
14633,14641
14633,14643
14634,14640
14634,14645
14634,14647
14634,14648
14634,14656
14634,14658
14634,14669
14634,14676
14634,14677
14634,21166
14634,13545
14634,25561
14634,14606
14634,14609
14634,14611
14634,14612
14634,14617
14634,14618
14634,14622
14634,14641
14634,14643
14634,14646
14634,14663
14634,19920
14640,14645
14640,14646
14640,14647
14640,14648
14640,14656
14640,14669
14640,14676
14640,14677
14640,14704
14640,24688
14640,14691
14640,11043
14640,14606
14640,14609
14640,14611
14640,14612
14640,14617
14640,14618
14640,14622
14640,14641
14640,14643
14640,14658
14640,14663
14640,14668
14640,27334
14645,14646
14645,14647
14645,14648
14645,14656
14645,14676
14645,14677
14645,14704
14645,14716
14645,20797
14645,18019
14645,14611
14645,14617
14645,14618
14645,14622
14645,14641
14645,14658
14645,14663
14645,14668
14645,14669
14645,14674
14646,14647
14646,14648
14646,14656
14646,14677
14646,14704
14646,14716
14646,14761
14646,7698
14646,27383
14646,14298
14646,14617
14646,14618
14646,14641
14646,14643
14646,14658
14646,14668
14646,14669
14646,14674
14646,14676
14646,25747
14647,14648
14647,14656
14647,14658
14647,14676
14647,14677
14647,14704
14647,14716
14647,14761
14647,14764
14647,15249
14647,22187
14647,27150
14647,14617
14647,14618
14647,14622
14647,14641
14647,14643
14647,14663
14647,14668
14647,14669
14647,14674
14648,14656
14648,14658
14648,14669
14648,14676
14648,14677
14648,14704
14648,14716
14648,14761
14648,14764
14648,14786
14648,17924
14648,14618
14648,14622
14648,14641
14648,14643
14648,14663
14648,14674
14648,14680
14648,14682
14648,19313
14648,15098
14656,14658
14656,14669
14656,14676
14656,14677
14656,14704
14656,14716
14656,14761
14656,14764
14656,14786
14656,14794
14656,24521
14656,14622
14656,14641
14656,14643
14656,14663
14656,14668
14656,14674
14656,14680
14656,14682
14656,14690
14658,14669
14658,14676
14658,14677
14658,14704
14658,14716
14658,14761
14658,14764
14658,14786
14658,14794
14658,14822
14658,8227
14658,14641
14658,14643
14658,14663
14658,14668
14658,14674
14658,14680
14658,14682
14658,14690
14658,14691
14658,19191
14669,14676
14669,14677
14669,14716
14669,14761
14669,14764
14669,14786
14669,14794
14669,14822
14669,14826
14669,24676
14669,14196
14669,14641
14669,14643
14669,14663
14669,14668
14669,14680
14669,14682
14669,14690
14669,14691
14669,14700
14669,14703
14669,24061
14669,16599
14676,14677
14676,14704
14676,14761
14676,14764
14676,14786
14676,14794
14676,14822
14676,14826
14676,14835
14676,27212
14676,15842
14676,17951
14676,14663
14676,14668
14676,14674
14676,14680
14676,14682
14676,14690
14676,14691
14676,14700
14676,14701
14676,14703
14676,14709
14677,14704
14677,14716
14677,14761
14677,14786
14677,14794
14677,14822
14677,14826
14677,14835
14677,14848
14677,26219
14677,14663
14677,14668
14677,14674
14677,14680
14677,14682
14677,14690
14677,14691
14677,14700
14677,14701
14677,14703
14677,14709
14677,14712
14704,14716
14704,14761
14704,14764
14704,14786
14704,14794
14704,14822
14704,14826
14704,14848
14704,14874
14704,12048
14704,19937
14704,13780
14704,14674
14704,14680
14704,14682
14704,14690
14704,14691
14704,14700
14704,14701
14704,14709
14704,14712
14704,14718
14704,14732
14704,14737
14704,14743
14704,14744
14716,14761
14716,14764
14716,14786
14716,14794
14716,14822
14716,14826
14716,14835
14716,14848
14716,14874
14716,14875
14716,12074
14716,14941
14716,11465
14716,12546
14716,14680
14716,14682
14716,14690
14716,14691
14716,14700
14716,14701
14716,14703
14716,14709
14716,14712
14716,14718
14716,14732
14716,14737
14716,14748
14716,14754
14716,14765
14716,22520
14761,14786
14761,14794
14761,14822
14761,14835
14761,14848
14761,14874
14761,14875
14761,14884
14761,9497
14761,13992
14761,14709
14761,14712
14761,14718
14761,14732
14761,14737
14761,14744
14761,14748
14761,14754
14761,14764
14761,14765
14761,14768
14761,14769
14761,14770
14761,14774
14761,14781
14761,14784
14761,14791
14764,14786
14764,14822
14764,14826
14764,14835
14764,14848
14764,14874
14764,14875
14764,14884
14764,14886
14764,18494
14764,17768
14764,10829
14764,9556
14764,14712
14764,14718
14764,14732
14764,14737
14764,14743
14764,14744
14764,14748
14764,14754
14764,14765
14764,14768
14764,14769
14764,14774
14764,14781
14764,14784
14764,14794
14764,25124
14786,14794
14786,14822
14786,14835
14786,14848
14786,14874
14786,14875
14786,14884
14786,14886
14786,26944
14786,18093
14786,13356
14786,14754
14786,14765
14786,14768
14786,14769
14786,14770
14786,14774
14786,14781
14786,14784
14786,14791
14786,14795
14786,14796
14786,14806
14786,14826
14786,14827
14786,14842
14786,18574
14794,14822
14794,14826
14794,14835
14794,14848
14794,14875
14794,14884
14794,14886
14794,14915
14794,14925
14794,11997
14794,18309
14794,8333
14794,14765
14794,14768
14794,14769
14794,14770
14794,14774
14794,14781
14794,14784
14794,14791
14794,14796
14794,14806
14794,14827
14794,14842
14794,14845
14794,20461
14822,14826
14822,14835
14822,14848
14822,14874
14822,14884
14822,14886
14822,14915
14822,14925
14822,14946
14822,14612
14822,14770
14822,14774
14822,14781
14822,14791
14822,14795
14822,14806
14822,14827
14822,14842
14822,14845
14822,14850
14822,14875
14822,14880
14822,21537
14826,14835
14826,14848
14826,14874
14826,14875
14826,14886
14826,14915
14826,14925
14826,14946
14826,14955
14826,22186
14826,14774
14826,14781
14826,14784
14826,14791
14826,14795
14826,14796
14826,14806
14826,14827
14826,14842
14826,14845
14826,14850
14826,14880
14826,14882
14835,14848
14835,14874
14835,14875
14835,14884
14835,14886
14835,14915
14835,14925
14835,14946
14835,14955
14835,14973
14835,10651
14835,26616
14835,24898
14835,14784
14835,14791
14835,14795
14835,14796
14835,14806
14835,14827
14835,14842
14835,14845
14835,14850
14835,14880
14835,14882
14835,14885
14848,14874
14848,14875
14848,14884
14848,14886
14848,14915
14848,14925
14848,14946
14848,14955
14848,14979
14848,19939
14848,17302
14848,21601
14848,22292
14848,24090
14848,25741
14848,14795
14848,14796
14848,14806
14848,14827
14848,14842
14848,14845
14848,14850
14848,14880
14848,14882
14848,14885
14848,14889
14848,14901
14848,18256
14874,14875
14874,14884
14874,14886
14874,14925
14874,14946
14874,14955
14874,14973
14874,14979
14874,14983
14874,22084
14874,23435
14874,14796
14874,14806
14874,14827
14874,14842
14874,14845
14874,14850
14874,14880
14874,14882
14874,14885
14874,14889
14874,14901
14874,14902
14874,14915
14875,14884
14875,14886
14875,14915
14875,14925
14875,14946
14875,14955
14875,14973
14875,14979
14875,14983
14875,15007
14875,22480
14875,14806
14875,14827
14875,14842
14875,14845
14875,14850
14875,14880
14875,14882
14875,14885
14875,14889
14875,14901
14875,14902
14884,14886
14884,14915
14884,14925
14884,14946
14884,14955
14884,14973
14884,14979
14884,14983
14884,15007
14884,15008
14884,14827
14884,14842
14884,14850
14884,14880
14884,14882
14884,14885
14884,14889
14884,14901
14884,14902
14884,14918
14884,14927
14884,14929
14886,14915
14886,14925
14886,14946
14886,14955
14886,14973
14886,14979
14886,14983
14886,15007
14886,15012
14886,24537
14886,25135
14886,14842
14886,14845
14886,14850
14886,14880
14886,14882
14886,14889
14886,14901
14886,14902
14886,14918
14886,14927
14886,14929
14886,14933
14886,14938
14915,14925
14915,14955
14915,14979
14915,14983
14915,15007
14915,15008
14915,15012
14915,15067
14915,8027
14915,25346
14915,24397
14915,8847
14915,14880
14915,14882
14915,14885
14915,14889
14915,14901
14915,14902
14915,14918
14915,14927
14915,14929
14915,14933
14915,14938
14915,14945
14915,14946
14915,14949
14925,14946
14925,14955
14925,14973
14925,14979
14925,14983
14925,15007
14925,15008
14925,15012
14925,15067
14925,15078
14925,20577
14925,14882
14925,14885
14925,14889
14925,14901
14925,14902
14925,14927
14925,14929
14925,14933
14925,14938
14925,14941
14925,14945
14925,14949
14925,14960
14946,14955
14946,14973
14946,14979
14946,15007
14946,15008
14946,15012
14946,15067
14946,15078
14946,15096
14946,14034
14946,17823
14946,13379
14946,14902
14946,14918
14946,14927
14946,14929
14946,14933
14946,14938
14946,14941
14946,14960
14946,14962
14946,14983
14946,14994
14946,14998
14946,17209
14946,27317
14955,14973
14955,14979
14955,14983
14955,15007
14955,15008
14955,15012
14955,15067
14955,15078
14955,15096
14955,15098
14955,24594
14955,14918
14955,14927
14955,14929
14955,14933
14955,14938
14955,14941
14955,14945
14955,14949
14955,14960
14955,14962
14955,14966
14955,14998
14955,14999
14955,25317
14955,19274
14955,16277
14973,15007
14973,15008
14973,15012
14973,15067
14973,15078
14973,15096
14973,15098
14973,15099
14973,21760
14973,23946
14973,14938
14973,14945
14973,14960
14973,14962
14973,14966
14973,14979
14973,14983
14973,14994
14973,14998
14973,14999
14973,15006
14973,15014
14979,14983
14979,15007
14979,15008
14979,15012
14979,15067
14979,15078
14979,15096
14979,15098
14979,15099
14979,15119
14979,14938
14979,14941
14979,14945
14979,14949
14979,14960
14979,14966
14979,14994
14979,14998
14979,14999
14979,15006
14979,15014
14979,15022
14979,21760
14983,15007
14983,15008
14983,15012
14983,15078
14983,15096
14983,15098
14983,15099
14983,15119
14983,15128
14983,23975
14983,22221
14983,9285
14983,14941
14983,14945
14983,14949
14983,14960
14983,14962
14983,14966
14983,14994
14983,14999
14983,15006
14983,15022
14983,15024
14983,15052
14983,19925
15007,15008
15007,15067
15007,15078
15007,15096
15007,15098
15007,15099
15007,15119
15007,15128
15007,15190
15007,23093
15007,20707
15007,14703
15007,14960
15007,14966
15007,14994
15007,14998
15007,14999
15007,15006
15007,15012
15007,15014
15007,15022
15007,15024
15007,15026
15007,15027
15007,15029
15007,15031
15007,15032
15007,24083
15008,15012
15008,15067
15008,15078
15008,15096
15008,15098
15008,15099
15008,15119
15008,15128
15008,15190
15008,15198
15008,14962
15008,14994
15008,14998
15008,14999
15008,15006
15008,15014
15008,15022
15008,15024
15008,15026
15008,15029
15008,15031
15008,15032
15008,15045
15008,23811
15012,15067
15012,15078
15012,15096
15012,15098
15012,15099
15012,15119
15012,15128
15012,15190
15012,15198
15012,15199
15012,22718
15012,8140
15012,14966
15012,14994
15012,14998
15012,14999
15012,15022
15012,15024
15012,15026
15012,15031
15012,15032
15012,15045
15012,15047
15012,19459
15067,15078
15067,15096
15067,15098
15067,15099
15067,15119
15067,15128
15067,15190
15067,15198
15067,15199
15067,15205
15067,20029
15067,10779
15067,15024
15067,15026
15067,15027
15067,15029
15067,15031
15067,15045
15067,15047
15067,15065
15067,15073
15067,15075
15067,15077
15067,15084
15067,15093
15067,15094
15078,15096
15078,15098
15078,15099
15078,15119
15078,15128
15078,15190
15078,15198
15078,15199
15078,15222
15078,12290
15078,15031
15078,15032
15078,15045
15078,15052
15078,15065
15078,15073
15078,15075
15078,15077
15078,15084
15078,15086
15078,15093
15078,15100
15078,15103
15078,15107
15078,18093
15096,15098
15096,15099
15096,15119
15096,15128
15096,15190
15096,15198
15096,15199
15096,15205
15096,15222
15096,15244
15096,24589
15096,15065
15096,15073
15096,15075
15096,15084
15096,15086
15096,15093
15096,15094
15096,15100
15096,15103
15096,15107
15096,15114
15096,15118
15096,15121
15096,15123
15098,15099
15098,15119
15098,15128
15098,15190
15098,15198
15098,15199
15098,15205
15098,15222
15098,15244
15098,15249
15098,12894
15098,18120
15098,15073
15098,15075
15098,15077
15098,15084
15098,15086
15098,15093
15098,15094
15098,15100
15098,15103
15098,15107
15098,15118
15098,15121
15098,15123
15098,15124
15098,18574
15098,21294
15099,15119
15099,15128
15099,15190
15099,15198
15099,15199
15099,15205
15099,15222
15099,15244
15099,15249
15099,15259
15099,24898
15099,15228
15099,23087
15099,15073
15099,15075
15099,15077
15099,15084
15099,15086
15099,15093
15099,15094
15099,15100
15099,15103
15099,15107
15099,15114
15099,15118
15099,15121
15099,15123
15099,15124
15119,15128
15119,15190
15119,15198
15119,15199
15119,15205
15119,15222
15119,15244
15119,15249
15119,15259
15119,15273
15119,16468
15119,25917
15119,15093
15119,15094
15119,15100
15119,15103
15119,15107
15119,15114
15119,15118
15119,15121
15119,15123
15119,15124
15119,15130
15119,15140
15119,15141
15119,15149
15119,15150
15119,26944
15119,18170
15119,25310
15128,15190
15128,15198
15128,15199
15128,15205
15128,15222
15128,15244
15128,15249
15128,15259
15128,15282
15128,7850
15128,15103
15128,15107
15128,15114
15128,15118
15128,15121
15128,15123
15128,15124
15128,15130
15128,15141
15128,15149
15128,15150
15128,15152
15128,15154
15128,15156
15128,15162
15128,15167
15128,18238
15128,23890
15128,25483
15190,15198
15190,15205
15190,15222
15190,15244
15190,15249
15190,15273
15190,15282
15190,10982
15190,17970
15190,24433
15190,12839
15190,15149
15190,15150
15190,15152
15190,15154
15190,15156
15190,15167
15190,15172
15190,15176
15190,15181
15190,15191
15190,15193
15190,15199
15190,15200
15190,15206
15190,15216
15190,15217
15190,21850
15198,15199
15198,15205
15198,15222
15198,15244
15198,15249
15198,15259
15198,15273
15198,15282
15198,15289
15198,15290
15198,22028
15198,15154
15198,15162
15198,15167
15198,15172
15198,15176
15198,15181
15198,15191
15198,15193
15198,15200
15198,15206
15198,15207
15198,15216
15198,15217
15198,15226
15198,15228
15199,15205
15199,15222
15199,15244
15199,15249
15199,15259
15199,15273
15199,15282
15199,15289
15199,15290
15199,15314
15199,15156
15199,15162
15199,15167
15199,15172
15199,15176
15199,15181
15199,15191
15199,15193
15199,15206
15199,15207
15199,15216
15199,15217
15199,15226
15199,15228
15199,15229
15199,26812
15199,26825
15205,15222
15205,15244
15205,15249
15205,15259
15205,15273
15205,15282
15205,15289
15205,15290
15205,15314
15205,15331
15205,9113
15205,10447
15205,13464
15205,15167
15205,15172
15205,15176
15205,15181
15205,15191
15205,15200
15205,15206
15205,15207
15205,15216
15205,15217
15205,15226
15205,15228
15205,15229
15205,15235
15205,15237
15205,21239
15222,15244
15222,15249
15222,15259
15222,15273
15222,15282
15222,15289
15222,15290
15222,15314
15222,15331
15222,15340
15222,11496
15222,15193
15222,15206
15222,15207
15222,15216
15222,15217
15222,15228
15222,15229
15222,15235
15222,15237
15222,15257
15222,15261
15222,20776
15244,15249
15244,15259
15244,15273
15244,15282
15244,15290
15244,15314
15244,15331
15244,15340
15244,15347
15244,11154
15244,15206
15244,15207
15244,15216
15244,15217
15244,15226
15244,15228
15244,15229
15244,15235
15244,15237
15244,15257
15244,15261
15244,15262
15244,15269
15244,15271
15244,15289
15249,15259
15249,15282
15249,15289
15249,15290
15249,15314
15249,15331
15249,15340
15249,15347
15249,15358
15249,15216
15249,15217
15249,15226
15249,15228
15249,15229
15249,15235
15249,15237
15249,15257
15249,15261
15249,15262
15249,15269
15249,15273
15249,22500
15249,23293
15259,15273
15259,15289
15259,15290
15259,15314
15259,15331
15259,15340
15259,15347
15259,15358
15259,15362
15259,15217
15259,15226
15259,15228
15259,15229
15259,15235
15259,15237
15259,15257
15259,15261
15259,15262
15259,15269
15259,15271
15259,15282
15259,15291
15259,15294
15273,15282
15273,15289
15273,15290
15273,15314
15273,15331
15273,15340
15273,15347
15273,15358
15273,15404
15273,9001
15273,25495
15273,13500
15273,20236
15273,11372
15273,15235
15273,15237
15273,15261
15273,15262
15273,15269
15273,15271
15273,15291
15273,15294
15273,15301
15273,15305
15273,15306
15273,15307
15273,15308
15273,19341
15282,15289
15282,15290
15282,15314
15282,15331
15282,15340
15282,15347
15282,15358
15282,15362
15282,15404
15282,15421
15282,17486
15282,15237
15282,15257
15282,15261
15282,15262
15282,15269
15282,15271
15282,15291
15282,15301
15282,15305
15282,15306
15282,15307
15282,15308
15289,15290
15289,15314
15289,15331
15289,15340
15289,15347
15289,15358
15289,15362
15289,15458
15289,14568
15289,15257
15289,15261
15289,15262
15289,15269
15289,15271
15289,15291
15289,15294
15289,15301
15289,15305
15289,15306
15289,15307
15289,15308
15289,15322
15290,15314
15290,15340
15290,15347
15290,15358
15290,15362
15290,15404
15290,15421
15290,15458
15290,15489
15290,15261
15290,15269
15290,15271
15290,15291
15290,15294
15290,15301
15290,15305
15290,15306
15290,15307
15290,15308
15290,15322
15290,15327
15290,25106
15314,15340
15314,15347
15314,15358
15314,15362
15314,15404
15314,15421
15314,15458
15314,15489
15314,15494
15314,20635
15314,27210
15314,15291
15314,15294
15314,15301
15314,15305
15314,15306
15314,15307
15314,15308
15314,15322
15314,15327
15314,15329
15314,15331
15314,15333
15314,15339
15314,15342
15314,15343
15314,15345
15331,15340
15331,15347
15331,15358
15331,15404
15331,15421
15331,15458
15331,15489
15331,15494
15331,19239
15331,24671
15331,8046
15331,15031
15331,15294
15331,15301
15331,15305
15331,15306
15331,15307
15331,15308
15331,15327
15331,15329
15331,15333
15331,15339
15331,15343
15331,15345
15331,15348
15331,15351
15331,15353
15331,20882
15331,18512
15340,15347
15340,15358
15340,15362
15340,15421
15340,15458
15340,15489
15340,15494
15340,15500
15340,15501
15340,25276
15340,26107
15340,15306
15340,15307
15340,15308
15340,15322
15340,15327
15340,15329
15340,15333
15340,15339
15340,15342
15340,15343
15340,15345
15340,15348
15340,15351
15340,15353
15340,15361
15340,15783
15347,15358
15347,15362
15347,15404
15347,15421
15347,15458
15347,15494
15347,15500
15347,15501
15347,15503
15347,24159
15347,8757
15347,12721
15347,15322
15347,15327
15347,15329
15347,15333
15347,15339
15347,15342
15347,15343
15347,15345
15347,15351
15347,15353
15347,15354
15347,15365
15347,15367
15347,19611
15347,26524
15358,15362
15358,15404
15358,15421
15358,15458
15358,15489
15358,15500
15358,15501
15358,15503
15358,15533
15358,15339
15358,15342
15358,15343
15358,15345
15358,15348
15358,15351
15358,15353
15358,15354
15358,15361
15358,15365
15358,15367
15358,15371
15358,15373
15358,15377
15358,15380
15358,15383
15358,16712
15362,15404
15362,15421
15362,15458
15362,15489
15362,15494
15362,15503
15362,15533
15362,15544
15362,22816
15362,8418
15362,13853
15362,15342
15362,15345
15362,15348
15362,15353
15362,15354
15362,15361
15362,15365
15362,15367
15362,15368
15362,15371
15362,15373
15362,15377
15362,15380
15362,15383
15362,15385
15362,15387
15404,15421
15404,15458
15404,15494
15404,15500
15404,15501
15404,15503
15404,15533
15404,15544
15404,15589
15404,26074
15404,15371
15404,15373
15404,15377
15404,15380
15404,15385
15404,15398
15404,15401
15404,15402
15404,15405
15404,15414
15404,15417
15404,15418
15404,15423
15404,15425
15404,15426
15404,15429
15404,15430
15421,15458
15421,15489
15421,15494
15421,15500
15421,15501
15421,15503
15421,15533
15421,15544
15421,15589
15421,15597
15421,24631
15421,15385
15421,15398
15421,15401
15421,15402
15421,15405
15421,15414
15421,15417
15421,15423
15421,15425
15421,15426
15421,15429
15421,15430
15421,15432
15421,15443
15421,15448
15421,15453
15421,15457
15458,15489
15458,15494
15458,15500
15458,15501
15458,15503
15458,15533
15458,15544
15458,15597
15458,15613
15458,18880
15458,15423
15458,15425
15458,15426
15458,15429
15458,15432
15458,15443
15458,15448
15458,15453
15458,15457
15458,15460
15458,15461
15458,15462
15458,15473
15458,15475
15458,15482
15458,15484
15458,26451
15458,25574
15489,15494
15489,15501
15489,15503
15489,15544
15489,15589
15489,15597
15489,15622
15489,26733
15489,24775
15489,10306
15489,15457
15489,15460
15489,15461
15489,15462
15489,15470
15489,15473
15489,15475
15489,15482
15489,15484
15489,15499
15489,15504
15489,15506
15489,15509
15489,15513
15489,15516
15489,26969
15494,15500
15494,15501
15494,15503
15494,15533
15494,15544
15494,15589
15494,15597
15494,15613
15494,15622
15494,15659
15494,16833
15494,23031
15494,15460
15494,15461
15494,15462
15494,15470
15494,15473
15494,15475
15494,15482
15494,15484
15494,15499
15494,15504
15494,15509
15494,15513
15494,15516
15494,15520
15494,24817
15500,15501
15500,15503
15500,15533
15500,15544
15500,15589
15500,15597
15500,15613
15500,15659
15500,15662
15500,18938
15500,15461
15500,15462
15500,15470
15500,15475
15500,15484
15500,15499
15500,15504
15500,15506
15500,15509
15500,15513
15500,15516
15500,15520
15500,15521
15500,15522
15501,15503
15501,15533
15501,15544
15501,15589
15501,15597
15501,15613
15501,15622
15501,15659
15501,15662
15501,15701
15501,8456
15501,15462
15501,15470
15501,15473
15501,15475
15501,15482
15501,15484
15501,15499
15501,15504
15501,15506
15501,15509
15501,15513
15501,15516
15501,15520
15501,15521
15501,15522
15501,15525
15501,19027
15503,15544
15503,15597
15503,15613
15503,15622
15503,15659
15503,15701
15503,15720
15503,21139
15503,18158
15503,21221
15503,25831
15503,15470
15503,15475
15503,15482
15503,15484
15503,15504
15503,15506
15503,15509
15503,15513
15503,15516
15503,15520
15503,15521
15503,15522
15503,15525
15503,15531
15503,24215
15533,15544
15533,15589
15533,15597
15533,15613
15533,15622
15533,15659
15533,15662
15533,15701
15533,15720
15533,15725
15533,10843
15533,15513
15533,15516
15533,15521
15533,15522
15533,15525
15533,15545
15533,15549
15533,15551
15533,15555
15533,15556
15533,15559
15533,15564
15533,15566
15533,15568
15544,15589
15544,15597
15544,15613
15544,15622
15544,15659
15544,15662
15544,15701
15544,15720
15544,15725
15544,15730
15544,15387
15544,15100
15544,15506
15544,15509
15544,15513
15544,15516
15544,15520
15544,15521
15544,15522
15544,15525
15544,15531
15544,15545
15544,15549
15544,15555
15544,15556
15544,15559
15544,15564
15544,15566
15544,15568
15544,15569
15544,15772
15589,15597
15589,15613
15589,15622
15589,15659
15589,15662
15589,15701
15589,15720
15589,15725
15589,15730
15589,15738
15589,15432
15589,15551
15589,15555
15589,15556
15589,15559
15589,15564
15589,15566
15589,15568
15589,15569
15589,15581
15589,15588
15589,15590
15589,15591
15589,15592
15589,15598
15589,15601
15589,15603
15589,15608
15589,15614
15597,15613
15597,15622
15597,15659
15597,15662
15597,15701
15597,15720
15597,15725
15597,15730
15597,15738
15597,15740
15597,15564
15597,15566
15597,15568
15597,15569
15597,15581
15597,15588
15597,15590
15597,15591
15597,15592
15597,15601
15597,15603
15597,15608
15597,15614
15597,15618
15597,15630
15597,15633
15597,26970
15613,15622
15613,15659
15613,15662
15613,15701
15613,15720
15613,15725
15613,15738
15613,15740
15613,15742
15613,26085
15613,21586
15613,15383
15613,15588
15613,15590
15613,15591
15613,15592
15613,15598
15613,15603
15613,15608
15613,15614
15613,15618
15613,15630
15613,15633
15613,15634
15613,15638
15613,15639
15613,15642
15613,15644
15622,15662
15622,15701
15622,15720
15622,15725
15622,15730
15622,15738
15622,15740
15622,15758
15622,10177
15622,15591
15622,15592
15622,15598
15622,15601
15622,15603
15622,15608
15622,15614
15622,15618
15622,15630
15622,15633
15622,15634
15622,15638
15622,15639
15622,15642
15622,15644
15622,15655
15622,27257
15622,24433
15622,20067
15659,15662
15659,15701
15659,15725
15659,15730
15659,15738
15659,15740
15659,15758
15659,15784
15659,20439
15659,25034
15659,16405
15659,15630
15659,15633
15659,15634
15659,15638
15659,15639
15659,15642
15659,15644
15659,15650
15659,15652
15659,15655
15659,15661
15659,15668
15659,15674
15659,15678
15659,15679
15659,15680
15659,15681
15659,15684
15659,18170
15662,15701
15662,15720
15662,15725
15662,15730
15662,15738
15662,15740
15662,15742
15662,15758
15662,15784
15662,15795
15662,23067
15662,15634
15662,15638
15662,15639
15662,15642
15662,15644
15662,15650
15662,15652
15662,15655
15662,15661
15662,15668
15662,15674
15662,15678
15662,15679
15662,15680
15662,15681
15662,15683
15662,15684
15662,15689
15662,15690
15701,15720
15701,15725
15701,15730
15701,15738
15701,15740
15701,15742
15701,15758
15701,15784
15701,15841
15701,27438
15701,20528
15701,11886
15701,15678
15701,15679
15701,15680
15701,15681
15701,15683
15701,15684
15701,15690
15701,15697
15701,15700
15701,15712
15701,15718
15701,15719
15701,15721
15701,15736
15720,15725
15720,15730
15720,15740
15720,15742
15720,15758
15720,15784
15720,15795
15720,15841
15720,15845
15720,25753
15720,19790
15720,15683
15720,15684
15720,15689
15720,15690
15720,15697
15720,15700
15720,15712
15720,15718
15720,15719
15720,15721
15720,15736
15720,15738
15720,15750
15720,15752
15720,21987
15720,24462
15720,25427
15725,15730
15725,15740
15725,15742
15725,15784
15725,15795
15725,15845
15725,15880
15725,11300
15725,14889
15725,15689
15725,15690
15725,15697
15725,15700
15725,15712
15725,15718
15725,15719
15725,15721
15725,15736
15725,15738
15725,15747
15725,15752
15725,15754
15725,15756
15725,19568
15725,23175
15730,15738
15730,15740
15730,15742
15730,15758
15730,15784
15730,15841
15730,15845
15730,15880
15730,15899
15730,12803
15730,15690
15730,15697
15730,15700
15730,15712
15730,15718
15730,15719
15730,15721
15730,15736
15730,15747
15730,15750
15730,15752
15730,15754
15730,15756
15730,22086
15738,15740
15738,15742
15738,15758
15738,15784
15738,15795
15738,15841
15738,15845
15738,15880
15738,15899
15738,15902
15738,21117
15738,8801
15738,27400
15738,15712
15738,15718
15738,15719
15738,15721
15738,15736
15738,15747
15738,15750
15738,15752
15738,15754
15738,15756
15738,15761
15738,15765
15740,15742
15740,15758
15740,15784
15740,15795
15740,15841
15740,15845
15740,15880
15740,15899
15740,15902
15740,15911
15740,26456
15740,11904
15740,23217
15740,15414
15740,12418
15740,15712
15740,15718
15740,15719
15740,15736
15740,15747
15740,15750
15740,15752
15740,15754
15740,15756
15740,15761
15740,15765
15740,19201
15740,27226
15742,15758
15742,15795
15742,15841
15742,15845
15742,15880
15742,15902
15742,15942
15742,23117
15742,21599
15742,13946
15742,15712
15742,15718
15742,15719
15742,15721
15742,15736
15742,15747
15742,15750
15742,15752
15742,15754
15742,15761
15742,15765
15742,15770
15742,15771
15742,22023
15758,15784
15758,15841
15758,15845
15758,15880
15758,15899
15758,15902
15758,15911
15758,15942
15758,15952
15758,20070
15758,15736
15758,15747
15758,15750
15758,15752
15758,15756
15758,15761
15758,15765
15758,15770
15758,15771
15758,15772
15758,15783
15758,15795
15758,21632
15784,15795
15784,15841
15784,15845
15784,15880
15784,15899
15784,15902
15784,15911
15784,15942
15784,15952
15784,15954
15784,23602
15784,9624
15784,13511
15784,15754
15784,15756
15784,15761
15784,15765
15784,15771
15784,15779
15784,15783
15784,15794
15784,15797
15784,15803
15784,15813
15784,15814
15784,15817
15784,15824
15784,15834
15795,15845
15795,15899
15795,15902
15795,15942
15795,15952
15795,15954
15795,15972
15795,23219
15795,20319
15795,14281
15795,17132
15795,10062
15795,15761
15795,15765
15795,15771
15795,15772
15795,15779
15795,15783
15795,15794
15795,15797
15795,15803
15795,15809
15795,15813
15795,15814
15795,15824
15795,15834
15795,15835
15795,15841
15795,24945
15795,23609
15841,15845
15841,15880
15841,15899
15841,15902
15841,15911
15841,15942
15841,15952
15841,15954
15841,15972
15841,15983
15841,15797
15841,15803
15841,15809
15841,15813
15841,15814
15841,15817
15841,15824
15841,15834
15841,15835
15841,15842
15841,15855
15841,15862
15841,15867
15841,15872
15841,15875
15841,15879
15845,15880
15845,15899
15845,15902
15845,15911
15845,15942
15845,15952
15845,15954
15845,15972
15845,15983
15845,16652
15845,8715
15845,15803
15845,15809
15845,15813
15845,15814
15845,15817
15845,15824
15845,15834
15845,15842
15845,15855
15845,15857
15845,15862
15845,15867
15845,15872
15845,15875
15845,15879
15845,15881
15845,15882
15880,15899
15880,15902
15880,15911
15880,15942
15880,15952
15880,15954
15880,15972
15880,15983
15880,16006
15880,17834
15880,24614
15880,15842
15880,15855
15880,15857
15880,15862
15880,15867
15880,15872
15880,15879
15880,15881
15880,15882
15880,15885
15880,15888
15880,15891
15880,15894
15880,15898
15880,15904
15899,15911
15899,15942
15899,15952
15899,15954
15899,15983
15899,16006
15899,10674
15899,26284
15899,17162
15899,21599
15899,25589
15899,24917
15899,17355
15899,27107
15899,10534
15899,13685
15899,15879
15899,15881
15899,15885
15899,15888
15899,15891
15899,15894
15899,15898
15899,15902
15899,15904
15899,15915
15899,15918
15899,15922
15899,15924
15899,15926
15902,15911
15902,15942
15902,15952
15902,15954
15902,15972
15902,15983
15902,15991
15902,16016
15902,16021
15902,18587
15902,23947
15902,22183
15902,8762
15902,15879
15902,15881
15902,15882
15902,15885
15902,15888
15902,15891
15902,15894
15902,15898
15902,15904
15902,15909
15902,15915
15902,15917
15902,15918
15902,15922
15902,15924
15902,15926
15902,15934
15911,15942
15911,15952
15911,15954
15911,15972
15911,15991
15911,16006
15911,16021
15911,16022
15911,22507
15911,10438
15911,15885
15911,15891
15911,15894
15911,15898
15911,15904
15911,15909
15911,15915
15911,15917
15911,15918
15911,15922
15911,15924
15911,15926
15911,15934
15911,15935
15911,15936
15911,19144
15942,15952
15942,15954
15942,15972
15942,15983
15942,15991
15942,16006
15942,16016
15942,16021
15942,16022
15942,27190
15942,21681
15942,24083
15942,15915
15942,15917
15942,15918
15942,15922
15942,15924
15942,15926
15942,15934
15942,15936
15942,15943
15942,15960
15942,15961
15942,15965
15942,15968
15942,22758
15942,21651
15952,15954
15952,15972
15952,15983
15952,15991
15952,16006
15952,16016
15952,16021
15952,16022
15952,16037
15952,16038
15952,15917
15952,15918
15952,15922
15952,15924
15952,15934
15952,15935
15952,15936
15952,15943
15952,15960
15952,15961
15952,15965
15952,15968
15952,15979
15952,15996
15954,15983
15954,15991
15954,16006
15954,16016
15954,16021
15954,16022
15954,16038
15954,16763
15954,26688
15954,16708
15954,16083
15954,23442
15954,26940
15954,25208
15954,15918
15954,15922
15954,15924
15954,15926
15954,15934
15954,15935
15954,15936
15954,15943
15954,15960
15954,15961
15954,15965
15954,15968
15954,15979
15954,15996
15954,15998
15972,15983
15972,15991
15972,16006
15972,16016
15972,16021
15972,16022
15972,16038
15972,16040
15972,16054
15972,10645
15972,11260
15972,11742
15972,15935
15972,15936
15972,15943
15972,15960
15972,15961
15972,15965
15972,15979
15972,15996
15972,15998
15972,16004
15972,16017
15972,16516
15983,15991
15983,16016
15983,16021
15983,16022
15983,16037
15983,16040
15983,16054
15983,16068
15983,17912
15983,8453
15983,8312
15983,15943
15983,15960
15983,15961
15983,15965
15983,15968
15983,15979
15983,15996
15983,15998
15983,16004
15983,16006
15983,16017
15983,16027
15991,16006
15991,16016
15991,16021
15991,16022
15991,16037
15991,16038
15991,16040
15991,16054
15991,16068
15991,16168
15991,22071
15991,8394
15991,26456
15991,17450
15991,19352
15991,15943
15991,15960
15991,15965
15991,15968
15991,15979
15991,15998
15991,16004
15991,16017
15991,16027
15991,16033
15991,26554
16006,16016
16006,16021
16006,16022
16006,16038
16006,16054
16006,16068
16006,16185
16006,23109
16006,21080
16006,25953
16006,17563
16006,8756
16006,12315
16006,15961
16006,15965
16006,15968
16006,15979
16006,15996
16006,15998
16006,16004
16006,16027
16006,16033
16006,16035
16006,16040
16016,16021
16016,16022
16016,16038
16016,16040
16016,16054
16016,16068
16016,16168
16016,16185
16016,16193
16016,27380
16016,11273
16016,15965
16016,15979
16016,15996
16016,16004
16016,16027
16016,16033
16016,16035
16016,16037
16016,16044
16016,18303
16021,16022
16021,16037
16021,16038
16021,16040
16021,16054
16021,16068
16021,16168
16021,16185
16021,16193
16021,16200
16021,12924
16021,14364
16021,15979
16021,15996
16021,15998
16021,16004
16021,16017
16021,16027
16021,16033
16021,16035
16021,16044
16021,16046
16021,16052
16022,16037
16022,16038
16022,16040
16022,16054
16022,16068
16022,16185
16022,22888
16022,27237
16022,17466
16022,22288
16022,15979
16022,15996
16022,15998
16022,16004
16022,16017
16022,16027
16022,16033
16022,16035
16022,16046
16022,16052
16022,16053
16037,16038
16037,16040
16037,16054
16037,16068
16037,16168
16037,16185
16037,16193
16037,16200
16037,16210
16037,16252
16037,12179
16037,15998
16037,16004
16037,16017
16037,16027
16037,16033
16037,16035
16037,16044
16037,16046
16037,16052
16037,16053
16037,16059
16037,16063
16038,16054
16038,16068
16038,16185
16038,16193
16038,16200
16038,16210
16038,16252
16038,16276
16038,15032
16038,10561
16038,7707
16038,16004
16038,16027
16038,16035
16038,16040
16038,16044
16038,16046
16038,16053
16038,16059
16038,16063
16038,17908
16040,16054
16040,16068
16040,16168
16040,16185
16040,16193
16040,16200
16040,16210
16040,16252
16040,16276
16040,16294
16040,16017
16040,16027
16040,16035
16040,16044
16040,16046
16040,16052
16040,16053
16040,16059
16040,16070
16040,16075
16040,22735
16040,25426
16054,16068
16054,16168
16054,16200
16054,16210
16054,16252
16054,16276
16054,16294
16054,16298
16054,10325
16054,8855
16054,16027
16054,16033
16054,16035
16054,16046
16054,16052
16054,16053
16054,16059
16054,16063
16054,16070
16054,16075
16054,16083
16054,16087
16054,16088
16054,16101
16054,16116
16068,16185
16068,16193
16068,16200
16068,16210
16068,16252
16068,16276
16068,16294
16068,16298
16068,16306
16068,14737
16068,13945
16068,14568
16068,16044
16068,16046
16068,16052
16068,16053
16068,16059
16068,16063
16068,16070
16068,16075
16068,16083
16068,16087
16068,16088
16068,16101
16068,16116
16068,16117
16068,16122
16068,16125
16168,16185
16168,16193
16168,16200
16168,16210
16168,16252
16168,16276
16168,16294
16168,16298
16168,16306
16168,16337
16168,16136
16168,16137
16168,16148
16168,16151
16168,16153
16168,16157
16168,16162
16168,16165
16168,16178
16168,16179
16168,16199
16168,16208
16168,16216
16168,16220
16168,25332
16168,26279
16185,16193
16185,16200
16185,16210
16185,16252
16185,16276
16185,16294
16185,16298
16185,16306
16185,16349
16185,20070
16185,22115
16185,25146
16185,16150
16185,16151
16185,16153
16185,16155
16185,16162
16185,16165
16185,16178
16185,16179
16185,16208
16185,16216
16185,16220
16185,16225
16185,16232
16185,16234
16185,22164
16185,25641
16193,16200
16193,16210
16193,16252
16193,16276
16193,16294
16193,16298
16193,16337
16193,16349
16193,16364
16193,24159
16193,22942
16193,20911
16193,16151
16193,16153
16193,16155
16193,16157
16193,16162
16193,16165
16193,16178
16193,16179
16193,16199
16193,16216
16193,16220
16193,16225
16193,16232
16193,16234
16193,16243
16193,17863
16200,16210
16200,16252
16200,16276
16200,16294
16200,16298
16200,16306
16200,16337
16200,16349
16200,16364
16200,16381
16200,21877
16200,11880
16200,16155
16200,16162
16200,16165
16200,16178
16200,16179
16200,16199
16200,16208
16200,16216
16200,16220
16200,16225
16200,16232
16200,16234
16200,16243
16200,20710
16200,25146
16210,16252
16210,16276
16210,16294
16210,16298
16210,16306
16210,16337
16210,16349
16210,16381
16210,16383
16210,25783
16210,9952
16210,20597
16210,16162
16210,16165
16210,16179
16210,16199
16210,16208
16210,16216
16210,16220
16210,16232
16210,16234
16210,16243
16210,16246
16210,16255
16210,16272
16210,22009
16252,16276
16252,16294
16252,16298
16252,16306
16252,16337
16252,16349
16252,16381
16252,16383
16252,16405
16252,21304
16252,22106
16252,21781
16252,22662
16252,16208
16252,16216
16252,16220
16252,16225
16252,16232
16252,16234
16252,16243
16252,16246
16252,16255
16252,16272
16252,16275
16252,16277
16252,16282
16252,16284
16252,16287
16252,16292
16252,23625
16252,23995
16276,16294
16276,16298
16276,16306
16276,16337
16276,16349
16276,16364
16276,16381
16276,16383
16276,16415
16276,26326
16276,11011
16276,15770
16276,19763
16276,8113
16276,16220
16276,16225
16276,16232
16276,16234
16276,16243
16276,16246
16276,16272
16276,16275
16276,16277
16276,16282
16276,16284
16276,16287
16276,16292
16276,16314
16276,22200
16276,26085
16294,16306
16294,16349
16294,16364
16294,16381
16294,16383
16294,16405
16294,16415
16294,16419
16294,8567
16294,14885
16294,21031
16294,23535
16294,16272
16294,16275
16294,16277
16294,16282
16294,16284
16294,16287
16294,16292
16294,16297
16294,16298
16294,16314
16294,16327
16294,16329
16294,16332
16294,16334
16294,16335
16298,16306
16298,16349
16298,16364
16298,16381
16298,16383
16298,16405
16298,16415
16298,16419
16298,9965
16298,21247
16298,16272
16298,16275
16298,16277
16298,16282
16298,16287
16298,16297
16298,16314
16298,16319
16298,16327
16298,16329
16298,16332
16298,16334
16298,16335
16298,16337
16298,16339
16306,16337
16306,16349
16306,16364
16306,16381
16306,16383
16306,16405
16306,16415
16306,16419
16306,16470
16306,26706
16306,16275
16306,16277
16306,16282
16306,16284
16306,16287
16306,16292
16306,16297
16306,16314
16306,16319
16306,16327
16306,16329
16306,16332
16306,16334
16306,16335
16306,16339
16306,24215
16337,16349
16337,16364
16337,16383
16337,16405
16337,16415
16337,16419
16337,16470
16337,16472
16337,20439
16337,22551
16337,16297
16337,16314
16337,16327
16337,16329
16337,16332
16337,16334
16337,16335
16337,16339
16337,16353
16337,16358
16337,16359
16337,16362
16337,16366
16337,16368
16337,16369
16337,25082
16349,16364
16349,16381
16349,16383
16349,16405
16349,16415
16349,16419
16349,16452
16349,16470
16349,16472
16349,16484
16349,16314
16349,16319
16349,16327
16349,16332
16349,16334
16349,16335
16349,16353
16349,16358
16349,16359
16349,16362
16349,16369
16349,16370
16349,16372
16349,17620
16349,20029
16364,16381
16364,16383
16364,16405
16364,16419
16364,16452
16364,16472
16364,16484
16364,16499
16364,13968
16364,25332
16364,16332
16364,16334
16364,16335
16364,16339
16364,16353
16364,16358
16364,16359
16364,16362
16364,16368
16364,16369
16364,16370
16364,16372
16364,16382
16364,16385
16364,16393
16364,25236
16381,16383
16381,16405
16381,16415
16381,16452
16381,16470
16381,16472
16381,16484
16381,16499
16381,16511
16381,19188
16381,19790
16381,13314
16381,16359
16381,16362
16381,16366
16381,16368
16381,16369
16381,16372
16381,16382
16381,16385
16381,16393
16381,16408
16381,16419
16381,16435
16381,23629
16381,17337
16383,16405
16383,16415
16383,16419
16383,16452
16383,16470
16383,16484
16383,16499
16383,16511
16383,16529
16383,14307
16383,20797
16383,14556
16383,16359
16383,16362
16383,16366
16383,16368
16383,16369
16383,16372
16383,16382
16383,16385
16383,16393
16383,16408
16383,16432
16383,16435
16383,16436
16383,16442
16405,16419
16405,16452
16405,16472
16405,16484
16405,16499
16405,16511
16405,16529
16405,16556
16405,17631
16405,8441
16405,24000
16405,16366
16405,16368
16405,16369
16405,16370
16405,16372
16405,16382
16405,16385
16405,16393
16405,16408
16405,16415
16405,16432
16405,16435
16405,16436
16405,16442
16405,16443
16405,16451
16405,24706
16415,16419
16415,16452
16415,16470
16415,16472
16415,16499
16415,16511
16415,16529
16415,16556
16415,16571
16415,12901
16415,21431
16415,13315
16415,25459
16415,18775
16415,20643
16415,16369
16415,16370
16415,16382
16415,16385
16415,16393
16415,16408
16415,16432
16415,16435
16415,16436
16415,16442
16415,16451
16415,16454
16415,26255
16419,16470
16419,16484
16419,16499
16419,16511
16419,16529
16419,16556
16419,16575
16419,16382
16419,22861
16419,25718
16419,16372
16419,16385
16419,16393
16419,16408
16419,16432
16419,16435
16419,16442
16419,16447
16419,16451
16419,16452
16419,16455
16419,20483
16419,27339
16452,16470
16452,16484
16452,16499
16452,16529
16452,16556
16452,16571
16452,16575
16452,16590
16452,9496
16452,16408
16452,16435
16452,16442
16452,16443
16452,16447
16452,16451
16452,16454
16452,16455
16452,16456
16452,16462
16452,16465
16452,16467
16452,16468
16452,16472
16452,16473
16470,16472
16470,16484
16470,16499
16470,16511
16470,16529
16470,16556
16470,16571
16470,16575
16470,16590
16470,16652
16470,25406
16470,16451
16470,16454
16470,16455
16470,16456
16470,16462
16470,16465
16470,16467
16470,16468
16470,16473
16470,16477
16470,16483
16470,16485
16470,16491
16470,16492
16470,16494
16472,16484
16472,16499
16472,16511
16472,16529
16472,16556
16472,16571
16472,16575
16472,16590
16472,16652
16472,16656
16472,25859
16472,17911
16472,16451
16472,16454
16472,16455
16472,16456
16472,16462
16472,16465
16472,16467
16472,16473
16472,16477
16472,16483
16472,16485
16472,16491
16472,16492
16472,16494
16472,16500
16472,22080
16484,16499
16484,16511
16484,16529
16484,16556
16484,16571
16484,16575
16484,16590
16484,16652
16484,16656
16484,16707
16484,26284
16484,15678
16484,16456
16484,16462
16484,16465
16484,16467
16484,16473
16484,16477
16484,16483
16484,16485
16484,16491
16484,16492
16484,16494
16484,16500
16484,16510
16484,16514
16484,16516
16499,16511
16499,16529
16499,16556
16499,16575
16499,16590
16499,16652
16499,16656
16499,16707
16499,16708
16499,15668
16499,18233
16499,16473
16499,16483
16499,16485
16499,16492
16499,16494
16499,16500
16499,16510
16499,16514
16499,16516
16499,16517
16499,16519
16499,16520
16499,16523
16499,16524
16511,16556
16511,16571
16511,16575
16511,16590
16511,16652
16511,16656
16511,16707
16511,16715
16511,10822
16511,22766
16511,16477
16511,16483
16511,16485
16511,16491
16511,16492
16511,16494
16511,16500
16511,16510
16511,16514
16511,16516
16511,16519
16511,16520
16511,16523
16511,16524
16511,16526
16511,16529
16511,16539
16529,16556
16529,16571
16529,16575
16529,16590
16529,16652
16529,16656
16529,16707
16529,16708
16529,16715
16529,16724
16529,25741
16529,11649
16529,16510
16529,16514
16529,16516
16529,16517
16529,16519
16529,16520
16529,16524
16529,16526
16529,16542
16529,16546
16529,16548
16529,16551
16529,16565
16529,16566
16529,18105
16556,16571
16556,16575
16556,16590
16556,16652
16556,16656
16556,16707
16556,16708
16556,16715
16556,16724
16556,16059
16556,8456
16556,7922
16556,16520
16556,16523
16556,16526
16556,16539
16556,16542
16556,16546
16556,16548
16556,16565
16556,16566
16556,16572
16556,16574
16556,16584
16556,16597
16556,22780
16556,24869
16571,16575
16571,16590
16571,16652
16571,16656
16571,16707
16571,16708
16571,16715
16571,16726
16571,16732
16571,13577
16571,19869
16571,24240
16571,16526
16571,16539
16571,16542
16571,16546
16571,16548
16571,16551
16571,16565
16571,16566
16571,16572
16571,16584
16571,16597
16571,16598
16571,16599
16571,16613
16571,24014
16571,17196
16571,21632
16571,17265
16575,16590
16575,16652
16575,16656
16575,16707
16575,16708
16575,16715
16575,16724
16575,16726
16575,16732
16575,16733
16575,26995
16575,13780
16575,18882
16575,16542
16575,16546
16575,16548
16575,16565
16575,16566
16575,16572
16575,16574
16575,16584
16575,16596
16575,16597
16575,16598
16575,16599
16575,16613
16575,16620
16575,16628
16590,16656
16590,16707
16590,16708
16590,16715
16590,16724
16590,16726
16590,16732
16590,16733
16590,16745
16590,18569
16590,10474
16590,20001
16590,26524
16590,13448
16590,13731
16590,16548
16590,16551
16590,16565
16590,16566
16590,16572
16590,16574
16590,16584
16590,16597
16590,16599
16590,16613
16590,16615
16590,16620
16590,16628
16590,16635
16590,16638
16652,16707
16652,16708
16652,16715
16652,16726
16652,16732
16652,16733
16652,16745
16652,16759
16652,16670
16652,16613
16652,16620
16652,16628
16652,16635
16652,16638
16652,16646
16652,16655
16652,16656
16652,16659
16652,16663
16652,16666
16652,16669
16652,16674
16652,16675
16652,16676
16656,16707
16656,16708
16656,16715
16656,16724
16656,16726
16656,16732
16656,16733
16656,16745
16656,16759
16656,16781
16656,16599
16656,16613
16656,16620
16656,16628
16656,16635
16656,16638
16656,16646
16656,16655
16656,16659
16656,16663
16656,16666
16656,16669
16656,16670
16656,16674
16656,16675
16656,16676
16656,16683
16656,16688
16656,23657
16707,16708
16707,16715
16707,16726
16707,16732
16707,16733
16707,16745
16707,16759
16707,16781
16707,16796
16707,15652
16707,16670
16707,16674
16707,16675
16707,16676
16707,16683
16707,16701
16707,16702
16707,16704
16707,16706
16707,16712
16707,16724
16707,16731
16707,16734
16707,16737
16707,20202
16708,16715
16708,16726
16708,16733
16708,16745
16708,16759
16708,16781
16708,16796
16708,16802
16708,7874
16708,19619
16708,21323
16708,21845
16708,16674
16708,16675
16708,16683
16708,16688
16708,16701
16708,16702
16708,16704
16708,16706
16708,16712
16708,16731
16708,16734
16708,16737
16708,16741
16715,16724
16715,16726
16715,16732
16715,16733
16715,16759
16715,16781
16715,16796
16715,16803
16715,24010
16715,25174
16715,26921
16715,10880
16715,13541
16715,16353
16715,16683
16715,16688
16715,16701
16715,16702
16715,16704
16715,16706
16715,16712
16715,16731
16715,16734
16715,16737
16715,16741
16715,16743
16715,16745
16724,16726
16724,16732
16724,16733
16724,16745
16724,16759
16724,16781
16724,16796
16724,16802
16724,16803
16724,16806
16724,16683
16724,16688
16724,16701
16724,16704
16724,16706
16724,16712
16724,16731
16724,16734
16724,16737
16724,16741
16724,16743
16724,16749
16726,16732
16726,16733
16726,16745
16726,16759
16726,16781
16726,16796
16726,16802
16726,16803
16726,16806
16726,26774
16726,24775
16726,26110
16726,8265
16726,9282
16726,16382
16726,16688
16726,16701
16726,16702
16726,16704
16726,16706
16726,16712
16726,16731
16726,16734
16726,16737
16726,16749
16726,16751
16732,16733
16732,16745
16732,16759
16732,16781
16732,16796
16732,16802
16732,16803
16732,16806
16732,16846
16732,16850
16732,14346
16732,25660
16732,19086
16732,16702
16732,16704
16732,16706
16732,16712
16732,16734
16732,16737
16732,16741
16732,16743
16732,16749
16732,16751
16732,16755
16732,25884
16733,16745
16733,16759
16733,16796
16733,16802
16733,16803
16733,16806
16733,16846
16733,16850
16733,16881
16733,9170
16733,16704
16733,16706
16733,16712
16733,16731
16733,16734
16733,16737
16733,16741
16733,16743
16733,16749
16733,16751
16733,16755
16733,16763
16733,23299
16745,16759
16745,16781
16745,16796
16745,16802
16745,16803
16745,16806
16745,16846
16745,16850
16745,16881
16745,17404
16745,21655
16745,16053
16745,16731
16745,16737
16745,16741
16745,16749
16745,16751
16745,16755
16745,16763
16745,16769
16745,16772
16745,16779
16745,16780
16759,16781
16759,16796
16759,16802
16759,16803
16759,16806
16759,16846
16759,16850
16759,16881
16759,16889
16759,16901
16759,9603
16759,16734
16759,16737
16759,16741
16759,16743
16759,16749
16759,16751
16759,16763
16759,16769
16759,16772
16759,16779
16759,16780
16759,16789
16781,16796
16781,16802
16781,16803
16781,16806
16781,16846
16781,16850
16781,16881
16781,16889
16781,16901
16781,16908
16781,16749
16781,16751
16781,16763
16781,16769
16781,16772
16781,16779
16781,16780
16781,16789
16781,16800
16781,16809
16781,16814
16781,16817
16781,16821
16781,17053
16796,16802
16796,16806
16796,16846
16796,16850
16796,16881
16796,16889
16796,16901
16796,16908
16796,16918
16796,20643
16796,15345
16796,16751
16796,16755
16796,16763
16796,16769
16796,16772
16796,16779
16796,16780
16796,16789
16796,16800
16796,16803
16796,16814
16796,16817
16796,16821
16796,16823
16796,16830
16802,16803
16802,16806
16802,16846
16802,16850
16802,16881
16802,16901
16802,16908
16802,16918
16802,16929
16802,7863
16802,23686
16802,20987
16802,12786
16802,16763
16802,16769
16802,16779
16802,16780
16802,16789
16802,16809
16802,16814
16802,16817
16802,16821
16802,16823
16802,16830
16802,16831
16802,16832
16802,19076
16803,16806
16803,16846
16803,16850
16803,16889
16803,16901
16803,16908
16803,16918
16803,16929
16803,16947
16803,16763
16803,16769
16803,16772
16803,16779
16803,16780
16803,16789
16803,16800
16803,16809
16803,16814
16803,16817
16803,16821
16803,16823
16803,16830
16803,16831
16803,16832
16803,22148
16806,16846
16806,16850
16806,16881
16806,16889
16806,16901
16806,16908
16806,16918
16806,16929
16806,16947
16806,16967
16806,16769
16806,16772
16806,16779
16806,16780
16806,16789
16806,16800
16806,16809
16806,16814
16806,16817
16806,16823
16806,16830
16806,16831
16806,16832
16806,16833
16806,16837
16806,19607
16846,16850
16846,16881
16846,16889
16846,16901
16846,16918
16846,16929
16846,16947
16846,16967
16846,16994
16846,21803
16846,25228
16846,16814
16846,16817
16846,16821
16846,16823
16846,16830
16846,16831
16846,16832
16846,16833
16846,16837
16846,16840
16846,16849
16846,16852
16846,16854
16846,16856
16846,16859
16846,16862
16846,16869
16850,16881
16850,16889
16850,16901
16850,16908
16850,16929
16850,16947
16850,16967
16850,16994
16850,17016
16850,16821
16850,16823
16850,16830
16850,16831
16850,16832
16850,16837
16850,16840
16850,16849
16850,16852
16850,16854
16850,16855
16850,16856
16850,16859
16850,16862
16850,16869
16850,16882
16881,16889
16881,16901
16881,16908
16881,16918
16881,16929
16881,16947
16881,16967
16881,16994
16881,17016
16881,16153
16881,11600
16881,16849
16881,16854
16881,16855
16881,16856
16881,16859
16881,16862
16881,16869
16881,16882
16881,16898
16881,16914
16881,16922
16881,17828
16889,16901
16889,16908
16889,16918
16889,16929
16889,16947
16889,16967
16889,16994
16889,17016
16889,17035
16889,17049
16889,19509
16889,9972
16889,16852
16889,16854
16889,16855
16889,16856
16889,16862
16889,16869
16889,16882
16889,16898
16889,16916
16889,16922
16889,16926
16901,16908
16901,16929
16901,16947
16901,16994
16901,17016
16901,17035
16901,17049
16901,17061
16901,27366
16901,16225
16901,20006
16901,16854
16901,16855
16901,16856
16901,16859
16901,16862
16901,16869
16901,16898
16901,16906
16901,16914
16901,16916
16901,16918
16901,16922
16901,16926
16901,16932
16901,16938
16908,16918
16908,16929
16908,16947
16908,16967
16908,16994
16908,17016
16908,17035
16908,17049
16908,17061
16908,17066
16908,16856
16908,16862
16908,16869
16908,16882
16908,16898
16908,16906
16908,16914
16908,16916
16908,16922
16908,16926
16908,16932
16908,16938
16908,16944
16918,16947
16918,16967
16918,16994
16918,17016
16918,17049
16918,17061
16918,17066
16918,17072
16918,13822
16918,21176
16918,16869
16918,16882
16918,16906
16918,16914
16918,16922
16918,16926
16918,16929
16918,16932
16918,16938
16918,16944
16918,16951
16918,16952
16918,16955
16918,27178
16918,26497
16929,16947
16929,16967
16929,16994
16929,17016
16929,17035
16929,17049
16929,17061
16929,17066
16929,17072
16929,17102
16929,17735
16929,16898
16929,16906
16929,16914
16929,16916
16929,16922
16929,16926
16929,16938
16929,16944
16929,16951
16929,16952
16929,16955
16929,16956
16929,16965
16947,16967
16947,16994
16947,17016
16947,17035
16947,17049
16947,17061
16947,17066
16947,17072
16947,17102
16947,17140
16947,18460
16947,12499
16947,12839
16947,16914
16947,16916
16947,16922
16947,16926
16947,16932
16947,16944
16947,16951
16947,16952
16947,16955
16947,16956
16947,16965
16947,16968
16947,16976
16947,25350
16967,16994
16967,17016
16967,17049
16967,17061
16967,17066
16967,17072
16967,17102
16967,17140
16967,17147
16967,26300
16967,25892
16967,21089
16967,8885
16967,9229
16967,13685
16967,16932
16967,16938
16967,16944
16967,16951
16967,16952
16967,16955
16967,16965
16967,16968
16967,16971
16967,16972
16967,16976
16967,16981
16967,16986
16967,16987
16967,16990
16994,17016
16994,17035
16994,17049
16994,17061
16994,17066
16994,17072
16994,17102
16994,17140
16994,17147
16994,17168
16994,27004
16994,17408
16994,16968
16994,16971
16994,16972
16994,16976
16994,16980
16994,16981
16994,16986
16994,16987
16994,16990
16994,16996
16994,16999
16994,17011
16994,17017
16994,17019
16994,17020
16994,17021
16994,17022
16994,17026
16994,19666
16994,24795
17016,17035
17016,17049
17016,17061
17016,17066
17016,17072
17016,17102
17016,17140
17016,17147
17016,17168
17016,17185
17016,13096
17016,16980
17016,16981
17016,16986
17016,16987
17016,16990
17016,16996
17016,16999
17016,17011
17016,17017
17016,17020
17016,17021
17016,17022
17016,17048
17016,17053
17016,23530
17035,17049
17035,17061
17035,17066
17035,17072
17035,17102
17035,17147
17035,17168
17035,17185
17035,17203
17035,11997
17035,16996
17035,16999
17035,17011
17035,17017
17035,17019
17035,17020
17035,17021
17035,17022
17035,17026
17035,17048
17035,17053
17035,17058
17035,17059
17035,17077
17035,17079
17035,24347
17049,17061
17049,17066
17049,17072
17049,17102
17049,17140
17049,17147
17049,17168
17049,17185
17049,17203
17049,10481
17049,9660
17049,17011
17049,17017
17049,17019
17049,17021
17049,17022
17049,17026
17049,17048
17049,17053
17049,17058
17049,17059
17049,17077
17049,17079
17049,17083
17049,17087
17061,17066
17061,17072
17061,17102
17061,17140
17061,17147
17061,17168
17061,17185
17061,17203
17061,17209
17061,17221
17061,10841
17061,17020
17061,17022
17061,17026
17061,17053
17061,17058
17061,17059
17061,17079
17061,17083
17061,17087
17061,17089
17061,17090
17061,17092
17061,17094
17061,17703
17066,17072
17066,17102
17066,17140
17066,17147
17066,17168
17066,17203
17066,17209
17066,17221
17066,17229
17066,23252
17066,26868
17066,20425
17066,17021
17066,17022
17066,17026
17066,17053
17066,17058
17066,17059
17066,17077
17066,17079
17066,17083
17066,17087
17066,17089
17066,17090
17066,17094
17066,17100
17072,17102
17072,17140
17072,17147
17072,17168
17072,17185
17072,17203
17072,17209
17072,17221
17072,17229
17072,17230
17072,18476
17072,17022
17072,17026
17072,17048
17072,17058
17072,17059
17072,17077
17072,17079
17072,17083
17072,17087
17072,17089
17072,17090
17072,17092
17072,17094
17072,17100
17102,17140
17102,17147
17102,17185
17102,17203
17102,17209
17102,17221
17102,17229
17102,17230
17102,17232
17102,21880
17102,18668
17102,17077
17102,17079
17102,17083
17102,17087
17102,17089
17102,17090
17102,17092
17102,17094
17102,17100
17102,17107
17102,17121
17102,17131
17102,17132
17102,17137
17102,17143
17102,17144
17102,17145
17102,17146
17102,17355
17140,17147
17140,17185
17140,17203
17140,17221
17140,17229
17140,17230
17140,17232
17140,17259
17140,17121
17140,9965
17140,17090
17140,17094
17140,17100
17140,17107
17140,17131
17140,17132
17140,17137
17140,17144
17140,17145
17140,17146
17140,17149
17140,17153
17140,17155
17140,25378
17147,17168
17147,17185
17147,17203
17147,17209
17147,17221
17147,17229
17147,17230
17147,17232
17147,17259
17147,17265
17147,9844
17147,17107
17147,17121
17147,17131
17147,17137
17147,17143
17147,17144
17147,17145
17147,17146
17147,17148
17147,17149
17147,17153
17147,17155
17147,17157
17147,17162
17147,17171
17147,17179
17147,17183
17168,17185
17168,17209
17168,17221
17168,17229
17168,17230
17168,17232
17168,17259
17168,17272
17168,19092
17168,17017
17168,17144
17168,17146
17168,17148
17168,17149
17168,17153
17168,17155
17168,17157
17168,17162
17168,17171
17168,17179
17168,17183
17168,17194
17168,17195
17168,17196
17168,17203
17168,17205
17168,18921
17185,17203
17185,17221
17185,17229
17185,17230
17185,17232
17185,17259
17185,17265
17185,17272
17185,17292
17185,20688
17185,17149
17185,17155
17185,17157
17185,17171
17185,17179
17185,17183
17185,17190
17185,17194
17185,17195
17185,17205
17185,17209
17185,17210
17185,17215
17185,17218
17185,26333
17203,17209
17203,17221
17203,17229
17203,17230
17203,17232
17203,17259
17203,17265
17203,17272
17203,17292
17203,17295
17203,7937
17203,17162
17203,17171
17203,17179
17203,17183
17203,17190
17203,17205
17203,17210
17203,17215
17203,17218
17203,17219
17203,17231
17209,17221
17209,17229
17209,17230
17209,17232
17209,17259
17209,17272
17209,17292
17209,17295
17209,26787
17209,17171
17209,17179
17209,17183
17209,17190
17209,17194
17209,17195
17209,17196
17209,17205
17209,17210
17209,17215
17209,17218
17209,17219
17209,17231
17209,17242
17209,20513
17221,17230
17221,17232
17221,17259
17221,17265
17221,17272
17221,17292
17221,17295
17221,17302
17221,17305
17221,23121
17221,17194
17221,17195
17221,17205
17221,17210
17221,17215
17221,17218
17221,17219
17221,17229
17221,17231
17221,17242
17221,17251
17221,17257
17221,17258
17229,17230
17229,17232
17229,17259
17229,17265
17229,17272
17229,17292
17229,17295
17229,17302
17229,17305
17229,15814
17229,15961
17229,26284
17229,17195
17229,17196
17229,17205
17229,17210
17229,17215
17229,17218
17229,17219
17229,17231
17229,17242
17229,17250
17229,17251
17229,17257
17229,17258
17229,17260
17230,17232
17230,17259
17230,17265
17230,17292
17230,17295
17230,17302
17230,17305
17230,17327
17230,17349
17230,18949
17230,21133
17230,13640
17230,14277
17230,17196
17230,17205
17230,17210
17230,17215
17230,17218
17230,17219
17230,17242
17230,17251
17230,17257
17230,17258
17230,25767
17232,17259
17232,17265
17232,17272
17232,17292
17232,17295
17232,17302
17232,17305
17232,17327
17232,17357
17232,10847
17232,20828
17232,23363
17232,17205
17232,17210
17232,17218
17232,17219
17232,17231
17232,17242
17232,17250
17232,17251
17232,17257
17232,17258
17232,17260
17232,17270
17232,17271
17259,17265
17259,17272
17259,17292
17259,17295
17259,17302
17259,17305
17259,17327
17259,17349
17259,17357
17259,17359
17259,16551
17259,9175
17259,17231
17259,17242
17259,17251
17259,17257
17259,17258
17259,17260
17259,17270
17259,17271
17259,17274
17259,17279
17259,17280
17259,17287
17259,17289
17265,17272
17265,17295
17265,17302
17265,17305
17265,17327
17265,17349
17265,17357
17265,17359
17265,17365
17265,25578
17265,18327
17265,10263
17265,22275
17265,25176
17265,17231
17265,17242
17265,17250
17265,17251
17265,17257
17265,17258
17265,17260
17265,17270
17265,17271
17265,17274
17265,17280
17265,17287
17265,17289
17265,17292
17272,17292
17272,17302
17272,17305
17272,17327
17272,17349
17272,17359
17272,17365
17272,17408
17272,20203
17272,9022
17272,10847
17272,16385
17272,17242
17272,17250
17272,17251
17272,17257
17272,17258
17272,17270
17272,17271
17272,17274
17272,17279
17272,17280
17272,17287
17272,17289
17272,17291
17272,17295
17292,17295
17292,17302
17292,17305
17292,17327
17292,17357
17292,17359
17292,17365
17292,17408
17292,17428
17292,23179
17292,17270
17292,17271
17292,17279
17292,17280
17292,17287
17292,17289
17292,17291
17292,17309
17292,17315
17292,17321
17292,17331
17292,17334
17292,17335
17292,22943
17295,17302
17295,17305
17295,17327
17295,17349
17295,17357
17295,17359
17295,17408
17295,17428
17295,17469
17295,18004
17295,24908
17295,14149
17295,14353
17295,17270
17295,17271
17295,17274
17295,17279
17295,17280
17295,17289
17295,17291
17295,17309
17295,17315
17295,17321
17295,17334
17295,17335
17295,17337
17302,17305
17302,17349
17302,17357
17302,17359
17302,17365
17302,17408
17302,17428
17302,17469
17302,17471
17302,17258
17302,20954
17302,25994
17302,11318
17302,17271
17302,17274
17302,17280
17302,17287
17302,17291
17302,17309
17302,17315
17302,17321
17302,17327
17302,17334
17302,17335
17302,17337
17305,17327
17305,17349
17305,17357
17305,17359
17305,17365
17305,17408
17305,17428
17305,17469
17305,17471
17305,17478
17305,26949
17305,17274
17305,17279
17305,17280
17305,17287
17305,17289
17305,17291
17305,17315
17305,17321
17305,17331
17305,17334
17305,17335
17305,17337
17305,17338
17305,17340
17305,18759
17305,26946
17327,17349
17327,17357
17327,17359
17327,17408
17327,17428
17327,17469
17327,17478
17327,17486
17327,8902
17327,13343
17327,9670
17327,24695
17327,17287
17327,17289
17327,17291
17327,17309
17327,17315
17327,17321
17327,17331
17327,17334
17327,17335
17327,17337
17327,17338
17327,17340
17327,17343
17327,17344
17327,17351
17349,17357
17349,17359
17349,17365
17349,17408
17349,17469
17349,17471
17349,17478
17349,17486
17349,17492
17349,25084
17349,16327
17349,17321
17349,17331
17349,17335
17349,17337
17349,17340
17349,17343
17349,17344
17349,17351
17349,17355
17349,17360
17349,17366
17349,17368
17349,18145
17349,27190
17349,21033
17357,17359
17357,17365
17357,17408
17357,17428
17357,17469
17357,17471
17357,17478
17357,17492
17357,17504
17357,26392
17357,15200
17357,22737
17357,9285
17357,17335
17357,17337
17357,17338
17357,17344
17357,17351
17357,17355
17357,17356
17357,17360
17357,17363
17357,17366
17357,17368
17357,17375
17357,17395
17359,17365
17359,17408
17359,17428
17359,17469
17359,17471
17359,17478
17359,17486
17359,17492
17359,17504
17359,17517
17359,18242
17359,20362
17359,11004
17359,17338
17359,17340
17359,17343
17359,17344
17359,17356
17359,17360
17359,17363
17359,17368
17359,17375
17359,17395
17359,17404
17359,20694
17359,21322
17359,26390
17365,17408
17365,17428
17365,17469
17365,17471
17365,17478
17365,17486
17365,17504
17365,17517
17365,17280
17365,27289
17365,17343
17365,17344
17365,17351
17365,17355
17365,17356
17365,17360
17365,17363
17365,17366
17365,17368
17365,17375
17365,17395
17365,17404
17365,17415
17365,17421
17365,17422
17365,17426
17408,17428
17408,17469
17408,17486
17408,17492
17408,17504
17408,17517
17408,17521
17408,17524
17408,24671
17408,26164
17408,15581
17408,17360
17408,17363
17408,17366
17408,17368
17408,17375
17408,17395
17408,17415
17408,17421
17408,17422
17408,17426
17408,17436
17408,17439
17408,17443
17408,17450
17408,17455
17428,17469
17428,17478
17428,17486
17428,17492
17428,17504
17428,17517
17428,17521
17428,17524
17428,17525
17428,12171
17428,24139
17428,27150
17428,9971
17428,17366
17428,17368
17428,17375
17428,17395
17428,17404
17428,17415
17428,17421
17428,17422
17428,17426
17428,17436
17428,17439
17428,17443
17428,17455
17428,17457
17428,17462
17428,17463
17469,17478
17469,17486
17469,17492
17469,17504
17469,17517
17469,17521
17469,17524
17469,17525
17469,17532
17469,18567
17469,24807
17469,17340
17469,17436
17469,17439
17469,17443
17469,17450
17469,17455
17469,17457
17469,17462
17469,17463
17469,17471
17469,17477
17469,17483
17469,17494
17469,17498
17469,17506
17469,26327
17471,17486
17471,17492
17471,17504
17471,17517
17471,17524
17471,17525
17471,17532
17471,17538
17471,19519
17471,17436
17471,17439
17471,17443
17471,17450
17471,17455
17471,17457
17471,17462
17471,17463
17471,17466
17471,17477
17471,17478
17471,17483
17471,17494
17471,17498
17471,17506
17471,17515
17478,17486
17478,17492
17478,17504
17478,17521
17478,17524
17478,17532
17478,17538
17478,17545
17478,20430
17478,18948
17478,24941
17478,10674
17478,17450
17478,17455
17478,17457
17478,17462
17478,17463
17478,17466
17478,17494
17478,17498
17478,17506
17478,17515
17478,17517
17478,27144
17486,17492
17486,17504
17486,17517
17486,17521
17486,17524
17486,17525
17486,17538
17486,17545
17486,17563
17486,14541
17486,18454
17486,25188
17486,17455
17486,17457
17486,17462
17486,17463
17486,17466
17486,17477
17486,17483
17486,17494
17486,17498
17486,17506
17486,17515
17486,17983
17492,17504
17492,17517
17492,17521
17492,17524
17492,17525
17492,17532
17492,17538
17492,17545
17492,17563
17492,17575
17492,19536
17492,13568
17492,24807
17492,17457
17492,17462
17492,17463
17492,17466
17492,17477
17492,17483
17492,17494
17492,17498
17492,17506
17492,17515
17492,17528
17492,26690
17504,17517
17504,17521
17504,17524
17504,17525
17504,17532
17504,17538
17504,17545
17504,17563
17504,17575
17504,17579
17504,9437
17504,17466
17504,17477
17504,17483
17504,17494
17504,17506
17504,17515
17504,17528
17504,17529
17504,17535
17517,17521
17517,17524
17517,17525
17517,17532
17517,17538
17517,17545
17517,17563
17517,17575
17517,17579
17517,17591
17517,26734
17517,12533
17517,17477
17517,17483
17517,17494
17517,17498
17517,17506
17517,17515
17517,17529
17517,17535
17517,17536
17517,17539
17517,19491
17521,17524
17521,17525
17521,17532
17521,17538
17521,17563
17521,17575
17521,17591
17521,15073
17521,12208
17521,22823
17521,26429
17521,12584
17521,17483
17521,17494
17521,17498
17521,17515
17521,17528
17521,17535
17521,17536
17521,17539
17521,17545
17524,17525
17524,17532
17524,17538
17524,17545
17524,17563
17524,17575
17524,17579
17524,17591
17524,17617
17524,17620
17524,20050
17524,17483
17524,17494
17524,17498
17524,17506
17524,17515
17524,17528
17524,17529
17524,17535
17524,17536
17524,17539
17524,17548
17524,22008
17525,17532
17525,17538
17525,17545
17525,17563
17525,17575
17525,17579
17525,17591
17525,17617
17525,17620
17525,17631
17525,11345
17525,17494
17525,17498
17525,17506
17525,17528
17525,17529
17525,17535
17525,17536
17525,17539
17525,17548
17525,17549
17532,17538
17532,17545
17532,17563
17532,17575
17532,17579
17532,17591
17532,17617
17532,17620
17532,17631
17532,17662
17532,17498
17532,17528
17532,17529
17532,17535
17532,17536
17532,17539
17532,17548
17532,17552
17532,17554
17532,17555
17532,22264
17538,17545
17538,17563
17538,17575
17538,17579
17538,17591
17538,17617
17538,17620
17538,17631
17538,17662
17538,17674
17538,16956
17538,22254
17538,20487
17538,25629
17538,17515
17538,17528
17538,17529
17538,17535
17538,17539
17538,17548
17538,17549
17538,17552
17538,17554
17538,17555
17538,17557
17538,17559
17538,24389
17545,17563
17545,17575
17545,17579
17545,17591
17545,17617
17545,17620
17545,17662
17545,17674
17545,17704
17545,25997
17545,19379
17545,14663
17545,22067
17545,16821
17545,17528
17545,17529
17545,17536
17545,17539
17545,17548
17545,17549
17545,17552
17545,17555
17545,17557
17545,17559
17545,17568
17545,23909
17545,23068
17563,17575
17563,17579
17563,17591
17563,17620
17563,17631
17563,17662
17563,17674
17563,17704
17563,17741
17563,21661
17563,17539
17563,17549
17563,17552
17563,17554
17563,17555
17563,17557
17563,17559
17563,17568
17563,17581
17563,17587
17563,17588
17563,17594
17563,17597
17563,17600
17575,17579
17575,17591
17575,17617
17575,17620
17575,17631
17575,17662
17575,17674
17575,17704
17575,17741
17575,17754
17575,17548
17575,17549
17575,17552
17575,17554
17575,17555
17575,17557
17575,17568
17575,17581
17575,17587
17575,17588
17575,17594
17575,17603
17579,17591
17579,17620
17579,17631
17579,17662
17579,17704
17579,17754
17579,17783
17579,13691
17579,20745
17579,23491
17579,17548
17579,17549
17579,17552
17579,17555
17579,17557
17579,17559
17579,17568
17579,17581
17579,17587
17579,17588
17579,17594
17579,17597
17579,17600
17579,17603
17579,17617
17579,17618
17591,17617
17591,17620
17591,17662
17591,17674
17591,17704
17591,17741
17591,17754
17591,17783
17591,17793
17591,24614
17591,11039
17591,17555
17591,17557
17591,17559
17591,17568
17591,17581
17591,17587
17591,17588
17591,17594
17591,17597
17591,17603
17591,17618
17591,17622
17591,17625
17591,17630
17617,17620
17617,17631
17617,17662
17617,17674
17617,17704
17617,17741
17617,17754
17617,17795
17617,14457
17617,19891
17617,17581
17617,17587
17617,17588
17617,17597
17617,17600
17617,17603
17617,17618
17617,17622
17617,17625
17617,17630
17617,17635
17617,17647
17617,17654
17617,18324
17620,17631
17620,17662
17620,17674
17620,17704
17620,17741
17620,17754
17620,17783
17620,17793
17620,17795
17620,17816
17620,24261
17620,20006
17620,17581
17620,17588
17620,17594
17620,17597
17620,17600
17620,17603
17620,17618
17620,17622
17620,17625
17620,17630
17620,17635
17620,17647
17620,17654
17620,17656
17620,17657
17620,18324
17631,17662
17631,17674
17631,17704
17631,17741
17631,17754
17631,17783
17631,17793
17631,17795
17631,17816
17631,17819
17631,13946
17631,13162
17631,17594
17631,17597
17631,17600
17631,17603
17631,17618
17631,17622
17631,17625
17631,17630
17631,17635
17631,17647
17631,17650
17631,17654
17631,17657
17631,17660
17631,17665
17631,17666
17631,22943
17662,17674
17662,17741
17662,17754
17662,17783
17662,17793
17662,17795
17662,17819
17662,17823
17662,22967
17662,17625
17662,17630
17662,17635
17662,17647
17662,17654
17662,17656
17662,17657
17662,17666
17662,17667
17662,17668
17662,17673
17662,17676
17662,17677
17662,17689
17662,17695
17674,17704
17674,17741
17674,17754
17674,17783
17674,17793
17674,17795
17674,17819
17674,17823
17674,17845
17674,12243
17674,17654
17674,17656
17674,17657
17674,17660
17674,17665
17674,17666
17674,17668
17674,17673
17674,17676
17674,17677
17674,17689
17674,17695
17674,17702
17674,17703
17674,17705
17674,17712
17674,17715
17704,17741
17704,17754
17704,17783
17704,17793
17704,17795
17704,17823
17704,17845
17704,17884
17704,22261
17704,15545
17704,17667
17704,17668
17704,17673
17704,17676
17704,17695
17704,17703
17704,17712
17704,17717
17704,17718
17704,17725
17704,17728
17704,17732
17704,17735
17704,17740
17704,26392
17741,17754
17741,17783
17741,17793
17741,17795
17741,17816
17741,17819
17741,17823
17741,17845
17741,17884
17741,17890
17741,14344
17741,22579
17741,17705
17741,17712
17741,17715
17741,17717
17741,17718
17741,17725
17741,17728
17741,17735
17741,17740
17741,17749
17741,17750
17741,17752
17741,17767
17741,17768
17741,17774
17741,17776
17741,17781
17741,21114
17741,25522
17754,17783
17754,17793
17754,17795
17754,17816
17754,17819
17754,17823
17754,17845
17754,17884
17754,17890
17754,17891
17754,22105
17754,17718
17754,17725
17754,17732
17754,17735
17754,17740
17754,17750
17754,17752
17754,17767
17754,17768
17754,17769
17754,17776
17754,17781
17754,17785
17754,17787
17754,17788
17783,17793
17783,17816
17783,17819
17783,17823
17783,17890
17783,17891
17783,17892
17783,25456
17783,15814
17783,23625
17783,8677
17783,17749
17783,17750
17783,17752
17783,17767
17783,17769
17783,17774
17783,17776
17783,17781
17783,17785
17783,17787
17783,17788
17783,17792
17783,17795
17783,17798
17783,17802
17783,17806
17783,26252
17793,17795
17793,17816
17793,17819
17793,17823
17793,17845
17793,17884
17793,17890
17793,17891
17793,17892
17793,17911
17793,23707
17793,16442
17793,17768
17793,17774
17793,17776
17793,17785
17793,17787
17793,17788
17793,17792
17793,17798
17793,17802
17793,17817
17793,17821
17793,17822
17795,17816
17795,17819
17795,17823
17795,17845
17795,17884
17795,17891
17795,17892
17795,17911
17795,17920
17795,19215
17795,7796
17795,14806
17795,17769
17795,17774
17795,17776
17795,17781
17795,17785
17795,17787
17795,17788
17795,17792
17795,17798
17795,17802
17795,17806
17795,17817
17795,17822
17795,17824
17816,17819
17816,17823
17816,17845
17816,17884
17816,17890
17816,17891
17816,17911
17816,17920
17816,17923
17816,16809
17816,17785
17816,17787
17816,17788
17816,17792
17816,17798
17816,17802
17816,17806
17816,17817
17816,17821
17816,17822
17816,17824
17816,17828
17816,17834
17816,17840
17819,17823
17819,17845
17819,17884
17819,17890
17819,17892
17819,17911
17819,17920
17819,17923
17819,17924
17819,18261
17819,23162
17819,15630
17819,17787
17819,17788
17819,17792
17819,17798
17819,17802
17819,17806
17819,17821
17819,17822
17819,17824
17819,17828
17819,17834
17819,17840
17819,17853
17819,17860
17819,25499
17823,17845
17823,17884
17823,17890
17823,17891
17823,17892
17823,17911
17823,17923
17823,17960
17823,13680
17823,24633
17823,22435
17823,13472
17823,17798
17823,17802
17823,17806
17823,17817
17823,17821
17823,17822
17823,17824
17823,17828
17823,17834
17823,17840
17823,17853
17823,17860
17823,17861
17823,17863
17823,17864
17845,17884
17845,17890
17845,17891
17845,17892
17845,17911
17845,17920
17845,17923
17845,17924
17845,17960
17845,17962
17845,10529
17845,25114
17845,17817
17845,17821
17845,17822
17845,17824
17845,17828
17845,17834
17845,17840
17845,17853
17845,17860
17845,17861
17845,17863
17845,17864
17845,17868
17845,17873
17845,17878
17845,17883
17884,17890
17884,17891
17884,17892
17884,17911
17884,17920
17884,17924
17884,17960
17884,17962
17884,17981
17884,27212
17884,12457
17884,17853
17884,17860
17884,17861
17884,17864
17884,17868
17884,17873
17884,17876
17884,17878
17884,17883
17884,17886
17884,17893
17884,17900
17884,17908
17884,17909
17884,17912
17884,24712
17890,17891
17890,17892
17890,17911
17890,17923
17890,17924
17890,17960
17890,17981
17890,18018
17890,26887
17890,13554
17890,24749
17890,20828
17890,10101
17890,17861
17890,17863
17890,17864
17890,17868
17890,17873
17890,17876
17890,17878
17890,17883
17890,17886
17890,17893
17890,17900
17890,17909
17890,17912
17890,17918
17890,17919
17890,20046
17891,17892
17891,17911
17891,17920
17891,17923
17891,17924
17891,17960
17891,17962
17891,17981
17891,18018
17891,18032
17891,26520
17891,17863
17891,17864
17891,17868
17891,17873
17891,17876
17891,17878
17891,17883
17891,17893
17891,17900
17891,17908
17891,17909
17891,17912
17891,17918
17891,20263
17892,17911
17892,17920
17892,17923
17892,17924
17892,17960
17892,17962
17892,17981
17892,18018
17892,18032
17892,18036
17892,10828
17892,17864
17892,17868
17892,17873
17892,17876
17892,17878
17892,17883
17892,17886
17892,17893
17892,17900
17892,17909
17892,17912
17892,17918
17892,17919
17892,21014
17892,26262
17911,17920
17911,17923
17911,17924
17911,17960
17911,17962
17911,18032
17911,18036
17911,18069
17911,21014
17911,25079
17911,16127
17911,9141
17911,17883
17911,17886
17911,17893
17911,17900
17911,17908
17911,17912
17911,17918
17911,17919
17911,17922
17911,17938
17911,17940
17911,17942
17911,18707
17920,17923
17920,17924
17920,17960
17920,17962
17920,17981
17920,18018
17920,18032
17920,18036
17920,18069
17920,18087
17920,12613
17920,14543
17920,17893
17920,17900
17920,17908
17920,17909
17920,17918
17920,17919
17920,17922
17920,17938
17920,17940
17920,17942
17920,17945
17920,17947
17920,17950
17920,27336
17923,17924
17923,17960
17923,17962
17923,17981
17923,18032
17923,18036
17923,18069
17923,18087
17923,26028
17923,27437
17923,8140
17923,11936
17923,17893
17923,17900
17923,17908
17923,17909
17923,17912
17923,17918
17923,17919
17923,17922
17923,17938
17923,17940
17923,17945
17923,17947
17923,17950
17923,17951
17923,17952
17923,17954
17924,17960
17924,17962
17924,17981
17924,18018
17924,18032
17924,18069
17924,18087
17924,18093
17924,18095
17924,23702
17924,17909
17924,17912
17924,17918
17924,17922
17924,17938
17924,17940
17924,17942
17924,17945
17924,17947
17924,17950
17924,17951
17924,17952
17924,17954
17924,17956
17960,17962
17960,17981
17960,18018
17960,18032
17960,18036
17960,18069
17960,18087
17960,18093
17960,18095
17960,18662
17960,17938
17960,17940
17960,17942
17960,17945
17960,17947
17960,17950
17960,17951
17960,17954
17960,17956
17960,17964
17960,17966
17960,17969
17960,17970
17960,17979
17960,17983
17960,17986
17960,17987
17960,27011
17960,24089
17962,17981
17962,18018
17962,18032
17962,18036
17962,18087
17962,18093
17962,18095
17962,18149
17962,18154
17962,20435
17962,17421
17962,17940
17962,17942
17962,17945
17962,17947
17962,17950
17962,17952
17962,17956
17962,17964
17962,17966
17962,17969
17962,17970
17962,17979
17962,17983
17962,17986
17962,17987
17962,17988
17981,18032
17981,18036
17981,18069
17981,18087
17981,18093
17981,18095
17981,18149
17981,18154
17981,18159
17981,7612
17981,21470
17981,8932
17981,17952
17981,17954
17981,17956
17981,17964
17981,17966
17981,17969
17981,17979
17981,17983
17981,17986
17981,17987
17981,17988
17981,17989
17981,18003
17981,18004
17981,18008
17981,18141
18018,18032
18018,18036
18018,18069
18018,18093
18018,18095
18018,18154
18018,18159
18018,18169
18018,9389
18018,16763
18018,17983
18018,17986
18018,17988
18018,18000
18018,18003
18018,18004
18018,18008
18018,18012
18018,18019
18018,18024
18018,18028
18018,18038
18018,18050
18018,18054
18018,18062
18032,18069
18032,18087
18032,18093
18032,18095
18032,18149
18032,18154
18032,18159
18032,18169
18032,18175
18032,17864
18032,7983
18032,8796
18032,17989
18032,18000
18032,18003
18032,18004
18032,18008
18032,18012
18032,18019
18032,18024
18032,18028
18032,18038
18032,18050
18032,18054
18032,18055
18032,18062
18032,18070
18032,18083
18032,18300
18036,18069
18036,18087
18036,18093
18036,18095
18036,18149
18036,18159
18036,18169
18036,18175
18036,18192
18036,19497
18036,13052
18036,18000
18036,18003
18036,18004
18036,18008
18036,18012
18036,18019
18036,18024
18036,18028
18036,18038
18036,18050
18036,18054
18036,18055
18036,18062
18036,18070
18036,18083
18036,18086
18036,23401
18069,18087
18069,18093
18069,18095
18069,18149
18069,18154
18069,18159
18069,18169
18069,18175
18069,18192
18069,18202
18069,23161
18069,9065
18069,18019
18069,18024
18069,18028
18069,18038
18069,18050
18069,18054
18069,18055
18069,18062
18069,18070
18069,18083
18069,18086
18069,18088
18069,18094
18069,18101
18069,26443
18087,18093
18087,18095
18087,18149
18087,18154
18087,18159
18087,18169
18087,18175
18087,18192
18087,18202
18087,18231
18087,24096
18087,16468
18087,15603
18087,18050
18087,18054
18087,18055
18087,18062
18087,18070
18087,18083
18087,18086
18087,18088
18087,18089
18087,18094
18087,18101
18087,18103
18087,18105
18087,18120
18087,18124
18093,18095
18093,18149
18093,18154
18093,18159
18093,18169
18093,18175
18093,18192
18093,18202
18093,18231
18093,18233
18093,18054
18093,18055
18093,18062
18093,18070
18093,18083
18093,18086
18093,18088
18093,18089
18093,18094
18093,18101
18093,18103
18093,18105
18093,18120
18093,18124
18093,18130
18093,18132
18095,18149
18095,18154
18095,18159
18095,18169
18095,18175
18095,18192
18095,18202
18095,18231
18095,18233
18095,18256
18095,17231
18095,18062
18095,18070
18095,18083
18095,18086
18095,18088
18095,18089
18095,18094
18095,18101
18095,18103
18095,18105
18095,18120
18095,18128
18095,18130
18095,18132
18095,18137
18095,18141
18095,20882
18149,18154
18149,18159
18149,18169
18149,18192
18149,18202
18149,18231
18149,18233
18149,18256
18149,18259
18149,22848
18149,18105
18149,18120
18149,18130
18149,18132
18149,18137
18149,18141
18149,18145
18149,18157
18149,18158
18149,18160
18149,18167
18149,18170
18149,18175
18154,18159
18154,18169
18154,18175
18154,18192
18154,18202
18154,18231
18154,18233
18154,18256
18154,18259
18154,18266
18154,26781
18154,18120
18154,18124
18154,18128
18154,18130
18154,18132
18154,18137
18154,18141
18154,18144
18154,18157
18154,18158
18154,18160
18154,18167
18154,18170
18154,18198
18159,18169
18159,18175
18159,18192
18159,18202
18159,18231
18159,18233
18159,18256
18159,18259
18159,18266
18159,18273
18159,17368
18159,18130
18159,18132
18159,18137
18159,18141
18159,18145
18159,18157
18159,18160
18159,18167
18159,18170
18159,18200
18159,18203
18169,18175
18169,18192
18169,18202
18169,18231
18169,18233
18169,18256
18169,18259
18169,18266
18169,18273
18169,18279
18169,18141
18169,18144
18169,18145
18169,18157
18169,18158
18169,18160
18169,18167
18169,18170
18169,18198
18169,18200
18169,18203
18169,18207
18169,18211
18169,18220
18175,18192
18175,18202
18175,18233
18175,18256
18175,18259
18175,18266
18175,18273
18175,18279
18175,18287
18175,20183
18175,27012
18175,18145
18175,18157
18175,18158
18175,18160
18175,18167
18175,18170
18175,18198
18175,18200
18175,18203
18175,18207
18175,18211
18175,18220
18175,18231
18175,23591
18192,18202
18192,18231
18192,18233
18192,18256
18192,18259
18192,18266
18192,18273
18192,18279
18192,18287
18192,18303
18192,20425
18192,26958
18192,9387
18192,18157
18192,18158
18192,18160
18192,18167
18192,18170
18192,18198
18192,18203
18192,18207
18192,18211
18192,18235
18192,22489
18202,18231
18202,18233
18202,18256
18202,18259
18202,18266
18202,18273
18202,18279
18202,18287
18202,18303
18202,18306
18202,20854
18202,18158
18202,18160
18202,18167
18202,18170
18202,18198
18202,18200
18202,18203
18202,18207
18202,18211
18202,18220
18202,18235
18202,18238
18202,18241
18202,18242
18202,23033
18231,18233
18231,18256
18231,18259
18231,18266
18231,18273
18231,18279
18231,18287
18231,18306
18231,18367
18231,24898
18231,15634
18231,23161
18231,14737
18231,18170
18231,18198
18231,18200
18231,18203
18231,18211
18231,18220
18231,18235
18231,18238
18231,18241
18231,18242
18231,18243
18231,18247
18231,18253
18231,18254
18231,26221
18231,26322
18233,18259
18233,18266
18233,18273
18233,18279
18233,18287
18233,18303
18233,18306
18233,18367
18233,18412
18233,18476
18233,16674
18233,11394
18233,18198
18233,18200
18233,18203
18233,18207
18233,18211
18233,18220
18233,18235
18233,18238
18233,18241
18233,18242
18233,18243
18233,18245
18233,18247
18233,18253
18233,18254
18233,18256
18256,18259
18256,18266
18256,18273
18256,18279
18256,18287
18256,18303
18256,18306
18256,18367
18256,18412
18256,18416
18256,21057
18256,18235
18256,18238
18256,18241
18256,18242
18256,18243
18256,18245
18256,18247
18256,18253
18256,18258
18256,18261
18256,18276
18256,18280
18256,18282
18256,22315
18256,27388
18259,18266
18259,18273
18259,18279
18259,18287
18259,18303
18259,18367
18259,18412
18259,18416
18259,18422
18259,24354
18259,21470
18259,16044
18259,18238
18259,18241
18259,18242
18259,18243
18259,18245
18259,18253
18259,18254
18259,18258
18259,18261
18259,18271
18259,18276
18259,18280
18259,18282
18259,18283
18266,18273
18266,18279
18266,18287
18266,18303
18266,18306
18266,18367
18266,18412
18266,18416
18266,18442
18266,7897
18266,18242
18266,18243
18266,18245
18266,18247
18266,18253
18266,18254
18266,18258
18266,18271
18266,18276
18266,18280
18266,18282
18266,18283
18266,18288
18266,18300
18273,18279
18273,18287
18273,18303
18273,18306
18273,18367
18273,18412
18273,18416
18273,18422
18273,18442
18273,18443
18273,18245
18273,18253
18273,18254
18273,18258
18273,18261
18273,18271
18273,18276
18273,18280
18273,18282
18273,18283
18273,18288
18273,18292
18273,18294
18273,18300
18279,18287
18279,18303
18279,18367
18279,18412
18279,18416
18279,18442
18279,18443
18279,18451
18279,20442
18279,9718
18279,16772
18279,8589
18279,11745
18279,18253
18279,18254
18279,18258
18279,18261
18279,18271
18279,18280
18279,18282
18279,18283
18279,18292
18279,18300
18279,18301
18287,18306
18287,18412
18287,18416
18287,18422
18287,18442
18287,18443
18287,18451
18287,18461
18287,16741
18287,15499
18287,23401
18287,24861
18287,18261
18287,18271
18287,18276
18287,18280
18287,18282
18287,18283
18287,18288
18287,18292
18287,18294
18287,18300
18287,18301
18287,18303
18287,18309
18287,18315
18287,18324
18303,18306
18303,18367
18303,18412
18303,18416
18303,18422
18303,18442
18303,18443
18303,18451
18303,18461
18303,18494
18303,25622
18303,21753
18303,18280
18303,18282
18303,18283
18303,18288
18303,18292
18303,18294
18303,18300
18303,18301
18303,18309
18303,18315
18303,18324
18303,18327
18303,18332
18303,18333
18303,18336
18303,18337
18303,18340
18303,24774
18306,18367
18306,18412
18306,18416
18306,18422
18306,18443
18306,18451
18306,18461
18306,7803
18306,11749
18306,25483
18306,18280
18306,18282
18306,18283
18306,18288
18306,18294
18306,18300
18306,18301
18306,18309
18306,18315
18306,18324
18306,18332
18306,18333
18306,18336
18306,18337
18306,18340
18306,18348
18306,23895
18367,18416
18367,18422
18367,18442
18367,18443
18367,18451
18367,18461
18367,18494
18367,18498
18367,18510
18367,12675
18367,22192
18367,18327
18367,18332
18367,18333
18367,18336
18367,18337
18367,18340
18367,18348
18367,18350
18367,18355
18367,18356
18367,18372
18367,18375
18367,18378
18367,18379
18367,18384
18367,18407
18367,18409
18367,18410
18367,18412
18412,18416
18412,18442
18412,18443
18412,18451
18412,18461
18412,18494
18412,18498
18412,18510
18412,18524
18412,24541
18412,19685
18412,18356
18412,18372
18412,18378
18412,18379
18412,18384
18412,18407
18412,18409
18412,18410
18412,18422
18412,18425
18412,18433
18412,18440
18412,18444
18412,26958
18416,18422
18416,18442
18416,18443
18416,18451
18416,18461
18416,18494
18416,18498
18416,18510
18416,18524
18416,18534
18416,11521
18416,19550
18416,18372
18416,18378
18416,18384
18416,18407
18416,18409
18416,18410
18416,18425
18416,18426
18416,18428
18416,18433
18416,18440
18416,18444
18416,18445
18422,18443
18422,18451
18422,18461
18422,18494
18422,18498
18422,18510
18422,18524
18422,18538
18422,19869
18422,18372
18422,18375
18422,18378
18422,18379
18422,18384
18422,18410
18422,18425
18422,18426
18422,18428
18422,18433
18422,18440
18422,18442
18422,18444
18422,18445
18422,18448
18442,18443
18442,18451
18442,18461
18442,18494
18442,18498
18442,18510
18442,18524
18442,18534
18442,18538
18442,18580
18442,18409
18442,18410
18442,18425
18442,18426
18442,18428
18442,18433
18442,18440
18442,18444
18442,18445
18442,18448
18442,18454
18442,18460
18442,18473
18442,18476
18443,18451
18443,18461
18443,18510
18443,18524
18443,18534
18443,18538
18443,18580
18443,18591
18443,24669
18443,18628
18443,23564
18443,18410
18443,18425
18443,18426
18443,18428
18443,18433
18443,18440
18443,18444
18443,18445
18443,18448
18443,18454
18443,18460
18443,18473
18443,18476
18443,18478
18451,18461
18451,18494
18451,18498
18451,18510
18451,18524
18451,18534
18451,18538
18451,18580
18451,18606
18451,25796
18451,24127
18451,18425
18451,18426
18451,18428
18451,18433
18451,18440
18451,18444
18451,18445
18451,18448
18451,18454
18451,18460
18451,18473
18451,18476
18451,18478
18451,18486
18451,18487
18451,18490
18451,18492
18461,18498
18461,18510
18461,18524
18461,18534
18461,18580
18461,18591
18461,18606
18461,18628
18461,8383
18461,21419
18461,13217
18461,14784
18461,18440
18461,18444
18461,18445
18461,18454
18461,18473
18461,18476
18461,18478
18461,18486
18461,18490
18461,18492
18461,18494
18461,24084
18494,18498
18494,18510
18494,18524
18494,18538
18494,18580
18494,18591
18494,18606
18494,18628
18494,18657
18494,21267
18494,22023
18494,26843
18494,18454
18494,18460
18494,18473
18494,18476
18494,18486
18494,18487
18494,18490
18494,18512
18494,18515
18494,18522
18494,18528
18494,18532
18494,18534
18494,21057
18498,18524
18498,18534
18498,18538
18498,18580
18498,18591
18498,18606
18498,18628
18498,18657
18498,18662
18498,16052
18498,17466
18498,21922
18498,18460
18498,18473
18498,18486
18498,18487
18498,18490
18498,18492
18498,18510
18498,18512
18498,18515
18498,18522
18498,18528
18498,18532
18498,18540
18510,18524
18510,18534
18510,18538
18510,18580
18510,18591
18510,18606
18510,18628
18510,18657
18510,18662
18510,18668
18510,18473
18510,18476
18510,18478
18510,18486
18510,18487
18510,18490
18510,18492
18510,18512
18510,18522
18510,18528
18510,18532
18510,18542
18510,21774
18510,18797
18510,27017
18524,18534
18524,18580
18524,18591
18524,18606
18524,18628
18524,18657
18524,18662
18524,18668
18524,18676
18524,14429
18524,26925
18524,14078
18524,18487
18524,18490
18524,18492
18524,18512
18524,18515
18524,18522
18524,18528
18524,18532
18524,18538
18524,18540
18524,18542
18524,18544
18524,18547
18524,18551
18524,18554
18534,18538
18534,18591
18534,18606
18534,18657
18534,18662
18534,18668
18534,18676
18534,18694
18534,20183
18534,9845
18534,18492
18534,18512
18534,18515
18534,18522
18534,18528
18534,18532
18534,18542
18534,18544
18534,18547
18534,18554
18534,18562
18534,18567
18534,18569
18534,24164
18538,18580
18538,18591
18538,18606
18538,18628
18538,18657
18538,18662
18538,18668
18538,18676
18538,18694
18538,18708
18538,18512
18538,18515
18538,18522
18538,18528
18538,18532
18538,18540
18538,18542
18538,18547
18538,18551
18538,18554
18538,18562
18538,18567
18538,18569
18538,18574
18538,21753
18580,18591
18580,18606
18580,18657
18580,18662
18580,18668
18580,18676
18580,18694
18580,18708
18580,18712
18580,23940
18580,8894
18580,12183
18580,18540
18580,18542
18580,18544
18580,18547
18580,18551
18580,18554
18580,18562
18580,18567
18580,18574
18580,18583
18580,18585
18580,18587
18580,18589
18580,18597
18580,18613
18580,18617
18580,26383
18591,18606
18591,18628
18591,18657
18591,18662
18591,18668
18591,18676
18591,18694
18591,18708
18591,18712
18591,18719
18591,12224
18591,23146
18591,16432
18591,18554
18591,18562
18591,18569
18591,18574
18591,18583
18591,18585
18591,18587
18591,18589
18591,18597
18591,18600
18591,18613
18591,18617
18591,18620
18591,18634
18591,18635
18591,18643
18591,21785
18606,18628
18606,18657
18606,18662
18606,18668
18606,18676
18606,18694
18606,18708
18606,18712
18606,18719
18606,18751
18606,17618
18606,22554
18606,21080
18606,18569
18606,18583
18606,18585
18606,18587
18606,18589
18606,18597
18606,18600
18606,18613
18606,18617
18606,18620
18606,18634
18606,18635
18606,18643
18606,18651
18606,18652
18628,18662
18628,18676
18628,18694
18628,18708
18628,18712
18628,18719
18628,18751
18628,18756
18628,19201
18628,18585
18628,18587
18628,18589
18628,18597
18628,18600
18628,18617
18628,18620
18628,18634
18628,18635
18628,18643
18628,18647
18628,18651
18628,18657
18628,18659
18628,18664
18628,21810
18628,20635
18657,18662
18657,18668
18657,18676
18657,18694
18657,18708
18657,18712
18657,18719
18657,18751
18657,18756
18657,18760
18657,26904
18657,27350
18657,23434
18657,18613
18657,18617
18657,18620
18657,18634
18657,18635
18657,18643
18657,18647
18657,18651
18657,18652
18657,18664
18657,18669
18657,18683
18657,18684
18657,18686
18657,18693
18662,18668
18662,18676
18662,18694
18662,18708
18662,18712
18662,18719
18662,18751
18662,18756
18662,18760
18662,18762
18662,23479
18662,18620
18662,18634
18662,18647
18662,18651
18662,18659
18662,18664
18662,18669
18662,18683
18662,18684
18662,18686
18662,18693
18668,18676
18668,18694
18668,18708
18668,18712
18668,18751
18668,18756
18668,18760
18668,18762
18668,18774
18668,25924
18668,12576
18668,18643
18668,18647
18668,18651
18668,18652
18668,18659
18668,18664
18668,18669
18668,18683
18668,18684
18668,18686
18668,18693
18668,18702
18668,18704
18676,18694
18676,18708
18676,18712
18676,18719
18676,18751
18676,18756
18676,18760
18676,18762
18676,18774
18676,18775
18676,18647
18676,18651
18676,18652
18676,18659
18676,18664
18676,18669
18676,18684
18676,18686
18676,18693
18676,18701
18676,18702
18676,18704
18676,18707
18676,24131
18694,18708
18694,18712
18694,18719
18694,18751
18694,18756
18694,18762
18694,18774
18694,18775
18694,18783
18694,21084
18694,25739
18694,14205
18694,18659
18694,18664
18694,18669
18694,18683
18694,18684
18694,18686
18694,18693
18694,18701
18694,18702
18694,18704
18694,18707
18694,18720
18694,18731
18694,18735
18708,18712
18708,18719
18708,18756
18708,18762
18708,18774
18708,18775
18708,18783
18708,18789
18708,26561
18708,15124
18708,18683
18708,18684
18708,18686
18708,18693
18708,18701
18708,18704
18708,18720
18708,18731
18708,18735
18708,18744
18708,18746
18708,18749
18708,18751
18712,18719
18712,18751
18712,18756
18712,18760
18712,18762
18712,18774
18712,18775
18712,18783
18712,18789
18712,18797
18712,8654
18712,18683
18712,18684
18712,18686
18712,18693
18712,18701
18712,18702
18712,18704
18712,18707
18712,18720
18712,18731
18712,18735
18712,18744
18712,18749
18712,18921
18719,18751
18719,18756
18719,18760
18719,18762
18719,18774
18719,18775
18719,18783
18719,18789
18719,18797
18719,18814
18719,18684
18719,18686
18719,18693
18719,18702
18719,18704
18719,18707
18719,18720
18719,18731
18719,18735
18719,18744
18719,18746
18719,18747
18719,18757
18751,18756
18751,18760
18751,18762
18751,18775
18751,18783
18751,18789
18751,18797
18751,18814
18751,18826
18751,24367
18751,18720
18751,18731
18751,18735
18751,18744
18751,18746
18751,18747
18751,18749
18751,18757
18751,18759
18751,18772
18751,18774
18751,18786
18751,19249
18756,18760
18756,18762
18756,18774
18756,18775
18756,18783
18756,18789
18756,18797
18756,18814
18756,18826
18756,18828
18756,18720
18756,18731
18756,18735
18756,18744
18756,18746
18756,18749
18756,18757
18756,18759
18756,18772
18756,18786
18756,27244
18760,18762
18760,18774
18760,18775
18760,18783
18760,18789
18760,18797
18760,18814
18760,18828
18760,18878
18760,16462
18760,8625
18760,18731
18760,18735
18760,18744
18760,18746
18760,18749
18760,18757
18760,18759
18760,18772
18760,18786
18760,18790
18760,18791
18760,24643
18762,18774
18762,18775
18762,18783
18762,18789
18762,18797
18762,18814
18762,18828
18762,18878
18762,18882
18762,20831
18762,21807
18762,18735
18762,18744
18762,18746
18762,18747
18762,18749
18762,18757
18762,18759
18762,18772
18762,18786
18762,18790
18762,18791
18762,18798
18774,18775
18774,18783
18774,18789
18774,18797
18774,18828
18774,18882
18774,18922
18774,14149
18774,10890
18774,13682
18774,18384
18774,18746
18774,18747
18774,18757
18774,18772
18774,18786
18774,18790
18774,18798
18774,18802
18774,18806
18774,24049
18775,18789
18775,18797
18775,18826
18775,18828
18775,18878
18775,18882
18775,18922
18775,18927
18775,22710
18775,18747
18775,18749
18775,18757
18775,18759
18775,18772
18775,18783
18775,18786
18775,18790
18775,18791
18775,18798
18775,18802
18775,18806
18775,18808
18783,18789
18783,18814
18783,18826
18783,18828
18783,18878
18783,18882
18783,18922
18783,18927
18783,18935
18783,20850
18783,17919
18783,25136
18783,10337
18783,18749
18783,18757
18783,18759
18783,18772
18783,18786
18783,18790
18783,18791
18783,18797
18783,18798
18783,18802
18783,18806
18783,18808
18789,18797
18789,18814
18789,18826
18789,18828
18789,18878
18789,18882
18789,18927
18789,18935
18789,18949
18789,10257
18789,23197
18789,18747
18789,18757
18789,18759
18789,18772
18789,18786
18789,18790
18789,18791
18789,18798
18789,18802
18789,18806
18789,18808
18789,18816
18789,18819
18797,18826
18797,18828
18797,18878
18797,18882
18797,18922
18797,18935
18797,18949
18797,18954
18797,23761
18797,15855
18797,8417
18797,9508
18797,18772
18797,18790
18797,18791
18797,18798
18797,18802
18797,18808
18797,18814
18797,18816
18797,18819
18797,18821
18814,18826
18814,18828
18814,18878
18814,18882
18814,18922
18814,18927
18814,18935
18814,18949
18814,18954
18814,18956
18814,22221
18814,18643
18814,18786
18814,18790
18814,18791
18814,18798
18814,18802
18814,18806
18814,18808
18814,18816
18814,18819
18814,18821
18814,18831
18814,18835
18814,18836
18814,18859
18826,18828
18826,18878
18826,18922
18826,18927
18826,18949
18826,18954
18826,18956
18826,18966
18826,9616
18826,26238
18826,15960
18826,18791
18826,18798
18826,18802
18826,18806
18826,18808
18826,18816
18826,18819
18826,18821
18826,18831
18826,18835
18826,18836
18826,18859
18826,18876
18826,18879
18826,18880
18826,26180
18828,18882
18828,18922
18828,18935
18828,18949
18828,18954
18828,18956
18828,18966
18828,18970
18828,12375
18828,20705
18828,10950
18828,18802
18828,18806
18828,18808
18828,18816
18828,18819
18828,18821
18828,18831
18828,18835
18828,18836
18828,18841
18828,18859
18828,18876
18828,18878
18828,18879
18828,18880
18878,18882
18878,18922
18878,18927
18878,18935
18878,18949
18878,18954
18878,18956
18878,18966
18878,18970
18878,18976
18878,25245
18878,15888
18878,18819
18878,18821
18878,18831
18878,18835
18878,18836
18878,18841
18878,18859
18878,18876
18878,18879
18878,18880
18878,18894
18878,18897
18878,18902
18878,18908
18878,18910
18878,26302
18882,18922
18882,18927
18882,18935
18882,18949
18882,18954
18882,18956
18882,18966
18882,18970
18882,18976
18882,18990
18882,10329
18882,15803
18882,18831
18882,18835
18882,18836
18882,18841
18882,18859
18882,18876
18882,18879
18882,18880
18882,18884
18882,18894
18882,18897
18882,18902
18882,18910
18882,18912
18882,18919
18882,20996
18882,22221
18922,18927
18922,18935
18922,18949
18922,18954
18922,18956
18922,18966
18922,18970
18922,18976
18922,18990
18922,19027
18922,12901
18922,18884
18922,18894
18922,18897
18922,18902
18922,18908
18922,18910
18922,18912
18922,18919
18922,18921
18922,18929
18922,18938
18922,18948
18922,18951
18922,18958
18927,18935
18927,18949
18927,18954
18927,18956
18927,18970
18927,18976
18927,19027
18927,19033
18927,20672
18927,10822
18927,18884
18927,18894
18927,18897
18927,18902
18927,18910
18927,18912
18927,18919
18927,18921
18927,18929
18927,18938
18927,18948
18927,18951
18927,18958
18927,19862
18935,18949
18935,18956
18935,18966
18935,18976
18935,18990
18935,19027
18935,19033
18935,19036
18935,24213
18935,26970
18935,18897
18935,18902
18935,18908
18935,18910
18935,18912
18935,18919
18935,18921
18935,18929
18935,18938
18935,18948
18935,18954
18935,18960
18935,18967
18935,23380
18935,21845
18935,25831
18949,18954
18949,18956
18949,18966
18949,18970
18949,18976
18949,18990
18949,19027
18949,19033
18949,19036
18949,19040
18949,18910
18949,18912
18949,18919
18949,18921
18949,18929
18949,18938
18949,18948
18949,18951
18949,18958
18949,18960
18949,18967
18949,18977
18954,18956
18954,18976
18954,18990
18954,19027
18954,19036
18954,19040
18954,19041
18954,25369
18954,10184
18954,20381
18954,12060
18954,17725
18954,18919
18954,18921
18954,18929
18954,18938
18954,18948
18954,18951
18954,18958
18954,18960
18954,18966
18954,18970
18954,18977
18954,18981
18954,18987
18956,18966
18956,18970
18956,18976
18956,18990
18956,19027
18956,19033
18956,19036
18956,19040
18956,19041
18956,19048
18956,18921
18956,18929
18956,18938
18956,18951
18956,18958
18956,18960
18956,18967
18956,18977
18956,18981
18956,18987
18956,18989
18956,25446
18966,18970
18966,18976
18966,18990
18966,19033
18966,19036
18966,19040
18966,19041
18966,19048
18966,19078
18966,26277
18966,24470
18966,18929
18966,18938
18966,18948
18966,18951
18966,18960
18966,18967
18966,18981
18966,18987
18966,18989
18966,18991
18966,18996
18970,18990
18970,19027
18970,19033
18970,19036
18970,19040
18970,19048
18970,19078
18970,19086
18970,15107
18970,19427
18970,18948
18970,18951
18970,18958
18970,18960
18970,18967
18970,18976
18970,18977
18970,18981
18970,18987
18970,18989
18970,18991
18970,18996
18970,19002
18970,19017
18970,19946
18976,18990
18976,19027
18976,19033
18976,19036
18976,19040
18976,19041
18976,19048
18976,19078
18976,19086
18976,19092
18976,23232
18976,18951
18976,18958
18976,18960
18976,18967
18976,18977
18976,18981
18976,18987
18976,18989
18976,18991
18976,18996
18976,19002
18976,19017
18976,19018
18990,19027
18990,19033
18990,19036
18990,19040
18990,19041
18990,19048
18990,19078
18990,19086
18990,19097
18990,23718
18990,18958
18990,18960
18990,18967
18990,18977
18990,18981
18990,18989
18990,18991
18990,18996
18990,19002
18990,19017
18990,19018
18990,19022
18990,19028
18990,19031
18990,19032
18990,19705
19027,19033
19027,19040
19027,19041
19027,19048
19027,19078
19027,19092
19027,19097
19027,19107
19027,13711
19027,24846
19027,11407
19027,13710
19027,15345
19027,18981
19027,18987
19027,18989
19027,18991
19027,19002
19027,19018
19027,19022
19027,19031
19027,19032
19027,19036
19027,19039
19027,19045
19027,27079
19027,23138
19033,19036
19033,19040
19033,19041
19033,19048
19033,19078
19033,19086
19033,19092
19033,19107
19033,19116
19033,25276
19033,20277
19033,23524
19033,12076
19033,18991
19033,18996
19033,19002
19033,19017
19033,19018
19033,19022
19033,19032
19033,19039
19033,19045
19033,19056
19033,19069
19033,19073
19033,25399
19036,19040
19036,19041
19036,19048
19036,19078
19036,19086
19036,19092
19036,19097
19036,19107
19036,19116
19036,19122
19036,18996
19036,19002
19036,19017
19036,19018
19036,19022
19036,19028
19036,19031
19036,19032
19036,19039
19036,19045
19036,19056
19036,19064
19036,19069
19036,19073
19036,19076
19040,19041
19040,19048
19040,19078
19040,19086
19040,19092
19040,19097
19040,19107
19040,19116
19040,19139
19040,21399
19040,17279
19040,11210
19040,19017
19040,19018
19040,19022
19040,19028
19040,19031
19040,19032
19040,19039
19040,19045
19040,19056
19040,19064
19040,19069
19040,19073
19040,19076
19040,19084
19041,19048
19041,19078
19041,19086
19041,19092
19041,19097
19041,19107
19041,19122
19041,19139
19041,19167
19041,21919
19041,9323
19041,19022
19041,19028
19041,19031
19041,19032
19041,19039
19041,19045
19041,19064
19041,19069
19041,19073
19041,19076
19041,19084
19048,19078
19048,19086
19048,19092
19048,19097
19048,19107
19048,19116
19048,19139
19048,19167
19048,19176
19048,21388
19048,19028
19048,19031
19048,19032
19048,19045
19048,19056
19048,19073
19048,19076
19048,19084
19048,19089
19048,22288
19048,26986
19048,20197
19078,19086
19078,19092
19078,19097
19078,19107
19078,19116
19078,19122
19078,19139
19078,19188
19078,16136
19078,9616
19078,8355
19078,19039
19078,19045
19078,19056
19078,19064
19078,19069
19078,19073
19078,19076
19078,19084
19078,19089
19078,19110
19078,19118
19078,19120
19086,19092
19086,19097
19086,19107
19086,19116
19086,19122
19086,19139
19086,19167
19086,19176
19086,19188
19086,21031
19086,16083
19086,19045
19086,19069
19086,19073
19086,19076
19086,19084
19086,19110
19086,19118
19086,19120
19086,19125
19092,19097
19092,19107
19092,19116
19092,19122
19092,19139
19092,19167
19092,19188
19092,19194
19092,19201
19092,19056
19092,19064
19092,19069
19092,19073
19092,19084
19092,19089
19092,19110
19092,19120
19092,19125
19092,19128
19092,19138
19092,20597
19092,26166
19097,19107
19097,19116
19097,19122
19097,19139
19097,19167
19097,19176
19097,19188
19097,19201
19097,19209
19097,23034
19097,23818
19097,19064
19097,19069
19097,19073
19097,19076
19097,19084
19097,19089
19097,19118
19097,19120
19097,19125
19097,19128
19097,19138
19097,20132
19097,21060
19107,19116
19107,19122
19107,19139
19107,19167
19107,19176
19107,19188
19107,19194
19107,19201
19107,19209
19107,19215
19107,14218
19107,16353
19107,16674
19107,19064
19107,19069
19107,19073
19107,19076
19107,19084
19107,19089
19107,19110
19107,19118
19107,19120
19107,19128
19107,19138
19107,19143
19116,19122
19116,19139
19116,19167
19116,19176
19116,19188
19116,19194
19116,19215
19116,19239
19116,21570
19116,7968
19116,15262
19116,19073
19116,19076
19116,19084
19116,19089
19116,19110
19116,19118
19116,19120
19116,19128
19116,19144
19116,19148
19116,22254
19116,21960
19122,19139
19122,19167
19122,19188
19122,19194
19122,19201
19122,19209
19122,19215
19122,19239
19122,15935
19122,20219
19122,16366
19122,13175
19122,17422
19122,19084
19122,19089
19122,19110
19122,19120
19122,19125
19122,19128
19122,19138
19122,19143
19122,19144
19122,19148
19122,19153
19122,19163
19139,19167
19139,19176
19139,19188
19139,19194
19139,19201
19139,19209
19139,19215
19139,19239
19139,19242
19139,19252
19139,25208
19139,19110
19139,19120
19139,19125
19139,19128
19139,19143
19139,19144
19139,19148
19139,19153
19139,19163
19139,19169
19139,19171
19139,19172
19139,19174
19167,19176
19167,19188
19167,19194
19167,19201
19167,19209
19167,19215
19167,19239
19167,19252
19167,19259
19167,17183
19167,10663
19167,19125
19167,19128
19167,19138
19167,19143
19167,19144
19167,19148
19167,19163
19167,19169
19167,19171
19167,19172
19167,19174
19167,19177
19167,19190
19167,19191
19176,19188
19176,19194
19176,19209
19176,19215
19176,19239
19176,19242
19176,19259
19176,19261
19176,16854
19176,19352
19176,9397
19176,12754
19176,15200
19176,19143
19176,19144
19176,19148
19176,19153
19176,19163
19176,19169
19176,19171
19176,19172
19176,19174
19176,19177
19176,19190
19176,19199
19176,19201
19176,19208
19176,19211
19176,24517
19188,19194
19188,19201
19188,19209
19188,19215
19188,19242
19188,19252
19188,19259
19188,19261
19188,19262
19188,20008
19188,7626
19188,18309
19188,19089
19188,19153
19188,19163
19188,19169
19188,19171
19188,19172
19188,19174
19188,19177
19188,19191
19188,19199
19188,19211
19194,19215
19194,19239
19194,19242
19194,19252
19194,19259
19194,19261
19194,19262
19194,25345
19194,18981
19194,19169
19194,19171
19194,19172
19194,19174
19194,19177
19194,19190
19194,19191
19194,19199
19194,19201
19194,19208
19194,19209
19194,19211
19194,19213
19194,19220
19194,19227
19194,19229
19201,19209
19201,19215
19201,19239
19201,19242
19201,19252
19201,19259
19201,19262
19201,19274
19201,19275
19201,16849
19201,26429
19201,16329
19201,19171
19201,19172
19201,19174
19201,19190
19201,19191
19201,19199
19201,19213
19201,19220
19201,19227
19201,19229
19201,19232
19201,20258
19209,19215
19209,19239
19209,19242
19209,19252
19209,19259
19209,19261
19209,19262
19209,19274
19209,19275
19209,19276
19209,8418
19209,19174
19209,19177
19209,19191
19209,19199
19209,19208
19209,19211
19209,19213
19209,19220
19209,19227
19209,19229
19209,19232
19209,19244
19209,27243
19215,19239
19215,19252
19215,19259
19215,19261
19215,19262
19215,19274
19215,19275
19215,19276
19215,19278
19215,24287
19215,25246
19215,10347
19215,19190
19215,19191
19215,19199
19215,19208
19215,19211
19215,19213
19215,19227
19215,19229
19215,19232
19215,19242
19215,19244
19215,19245
19215,19249
19239,19252
19239,19259
19239,19261
19239,19262
19239,19274
19239,19275
19239,19276
19239,19278
19239,19314
19239,27147
19239,10042
19239,9420
19239,10368
19239,11740
19239,19208
19239,19211
19239,19213
19239,19227
19239,19229
19239,19232
19239,19242
19239,19244
19239,19245
19239,19255
19239,19256
19242,19252
19242,19259
19242,19261
19242,19262
19242,19274
19242,19275
19242,19276
19242,19278
19242,19314
19242,19315
19242,18050
19242,19208
19242,19213
19242,19220
19242,19227
19242,19229
19242,19232
19242,19244
19242,19245
19242,19249
19242,19255
19242,19256
19242,19272
19242,21212
19252,19259
19252,19261
19252,19262
19252,19274
19252,19275
19252,19276
19252,19278
19252,19314
19252,19315
19252,19317
19252,27418
19252,10824
19252,19220
19252,19227
19252,19229
19252,19232
19252,19244
19252,19245
19252,19249
19252,19255
19252,19256
19252,19272
19252,25861
19252,19328
19259,19261
19259,19262
19259,19274
19259,19275
19259,19276
19259,19278
19259,19314
19259,19315
19259,19317
19259,19328
19259,19229
19259,19232
19259,19244
19259,19245
19259,19249
19259,19255
19259,19256
19259,19272
19259,19281
19259,19290
19259,24521
19259,21808
19261,19262
19261,19274
19261,19275
19261,19276
19261,19278
19261,19314
19261,19315
19261,19317
19261,19328
19261,19331
19261,15680
19261,23283
19261,19128
19261,19232
19261,19244
19261,19245
19261,19249
19261,19255
19261,19256
19261,19272
19261,19281
19261,19289
19261,19290
19261,19292
19262,19275
19262,19276
19262,19278
19262,19314
19262,19317
19262,19328
19262,19331
19262,19352
19262,20138
19262,18294
19262,19244
19262,19245
19262,19249
19262,19255
19262,19256
19262,19272
19262,19274
19262,19281
19262,19289
19262,19290
19262,19292
19262,19293
19274,19275
19274,19276
19274,19278
19274,19314
19274,19315
19274,19317
19274,19328
19274,19352
19274,19379
19274,11694
19274,18731
19274,19244
19274,19245
19274,19249
19274,19255
19274,19256
19274,19272
19274,19281
19274,19289
19274,19290
19274,19293
19274,19297
19274,19304
19274,26797
19275,19276
19275,19278
19275,19314
19275,19315
19275,19317
19275,19328
19275,19331
19275,19352
19275,19379
19275,19400
19275,25767
19275,13093
19275,19245
19275,19255
19275,19256
19275,19272
19275,19289
19275,19290
19275,19292
19275,19293
19275,19297
19275,19307
19276,19315
19276,19317
19276,19328
19276,19331
19276,19352
19276,19379
19276,19400
19276,19427
19276,24110
19276,24521
19276,16155
19276,19249
19276,19255
19276,19256
19276,19278
19276,19289
19276,19290
19276,19292
19276,19293
19276,19304
19276,19307
19276,19313
19276,20983
19278,19314
19278,19315
19278,19317
19278,19328
19278,19331
19278,19352
19278,19379
19278,19400
19278,19427
19278,19445
19278,12861
19278,19255
19278,19256
19278,19272
19278,19281
19278,19289
19278,19290
19278,19292
19278,19293
19278,19297
19278,19304
19278,19307
19278,19313
19314,19315
19314,19317
19314,19328
19314,19331
19314,19352
19314,19379
19314,19400
19314,19427
19314,19448
19314,12938
19314,7922
19314,11496
19314,19281
19314,19289
19314,19290
19314,19292
19314,19293
19314,19297
19314,19304
19314,19307
19314,19313
19314,19319
19314,19323
19314,19329
19314,19341
19314,19342
19314,19344
19315,19317
19315,19328
19315,19331
19315,19352
19315,19379
19315,19427
19315,19445
19315,19448
19315,19496
19315,24255
19315,14389
19315,13178
19315,19281
19315,19289
19315,19290
19315,19292
19315,19297
19315,19304
19315,19307
19315,19313
19315,19319
19315,19323
19315,19329
19315,19341
19315,19344
19315,19346
19315,25509
19317,19328
19317,19331
19317,19352
19317,19379
19317,19427
19317,19445
19317,19448
19317,19496
19317,19497
19317,22972
19317,19289
19317,19290
19317,19292
19317,19293
19317,19297
19317,19304
19317,19307
19317,19313
19317,19319
19317,19323
19317,19329
19317,19341
19317,19342
19317,19344
19317,19346
19317,19349
19317,26638
19328,19331
19328,19352
19328,19379
19328,19400
19328,19427
19328,19445
19328,19448
19328,19496
19328,19497
19328,19503
19328,15655
19328,19297
19328,19304
19328,19307
19328,19313
19328,19319
19328,19323
19328,19329
19328,19341
19328,19342
19328,19346
19328,19349
19328,19353
19331,19352
19331,19379
19331,19400
19331,19427
19331,19448
19331,19496
19331,19497
19331,19503
19331,19511
19331,26225
19331,9852
19331,9914
19331,16955
19331,19307
19331,19313
19331,19319
19331,19323
19331,19329
19331,19341
19331,19344
19331,19346
19331,19349
19331,19354
19331,19358
19331,27178
19352,19379
19352,19400
19352,19427
19352,19445
19352,19448
19352,19496
19352,19503
19352,19511
19352,23416
19352,27107
19352,19323
19352,19329
19352,19342
19352,19344
19352,19346
19352,19349
19352,19353
19352,19354
19352,19358
19352,19393
19352,19396
19352,19401
19352,19404
19379,19400
19379,19427
19379,19445
19379,19448
19379,19496
19379,19497
19379,19503
19379,19511
19379,19519
19379,19544
19379,8705
19379,19341
19379,19342
19379,19344
19379,19346
19379,19349
19379,19353
19379,19354
19379,19358
19379,19393
19379,19396
19379,19401
19379,19402
19379,19404
19379,19409
19379,19432
19379,19433
19400,19427
19400,19445
19400,19448
19400,19496
19400,19497
19400,19511
19400,19519
19400,19544
19400,19550
19400,13524
19400,23481
19400,25214
19400,19344
19400,19346
19400,19349
19400,19353
19400,19354
19400,19358
19400,19393
19400,19396
19400,19401
19400,19402
19400,19404
19400,19409
19400,19432
19400,19437
19400,19438
19400,19439
19427,19445
19427,19448
19427,19496
19427,19497
19427,19511
19427,19519
19427,19544
19427,19550
19427,19562
19427,15453
19427,25782
19427,11047
19427,19354
19427,19358
19427,19393
19427,19396
19427,19401
19427,19402
19427,19404
19427,19409
19427,19437
19427,19438
19427,19439
19427,19452
19427,19456
19427,19459
19445,19448
19445,19497
19445,19519
19445,19544
19445,19550
19445,19562
19445,19574
19445,12024
19445,17215
19445,27252
19445,19401
19445,19402
19445,19404
19445,19409
19445,19432
19445,19433
19445,19437
19445,19438
19445,19452
19445,19456
19445,19459
19445,19464
19445,19471
19445,19473
19445,19475
19445,19479
19445,19491
19448,19496
19448,19497
19448,19503
19448,19519
19448,19544
19448,19550
19448,19574
19448,14173
19448,25747
19448,14622
19448,19404
19448,19409
19448,19432
19448,19433
19448,19437
19448,19438
19448,19439
19448,19452
19448,19456
19448,19459
19448,19464
19448,19471
19448,19473
19448,19475
19448,19479
19448,19491
19448,19492
19496,19497
19496,19503
19496,19519
19496,19544
19496,19550
19496,19562
19496,19574
19496,19599
19496,19620
19496,25883
19496,22437
19496,13177
19496,19459
19496,19464
19496,19471
19496,19473
19496,19475
19496,19479
19496,19491
19496,19494
19496,19495
19496,19501
19496,19505
19496,19508
19496,19509
19496,19511
19496,19512
19497,19503
19497,19511
19497,19519
19497,19544
19497,19550
19497,19562
19497,19574
19497,19599
19497,19649
19497,13829
19497,26252
19497,19464
19497,19471
19497,19473
19497,19475
19497,19479
19497,19492
19497,19494
19497,19495
19497,19501
19497,19505
19497,19508
19497,19509
19497,19512
19497,19517
19497,19523
19503,19511
19503,19519
19503,19544
19503,19550
19503,19562
19503,19574
19503,19599
19503,19620
19503,19649
19503,19685
19503,22943
19503,9772
19503,16780
19503,19473
19503,19475
19503,19479
19503,19491
19503,19492
19503,19494
19503,19495
19503,19501
19503,19505
19503,19508
19503,19509
19503,19517
19503,19523
19503,19526
19503,19529
19511,19519
19511,19544
19511,19550
19511,19562
19511,19574
19511,19599
19511,19620
19511,19649
19511,19685
19511,19701
19511,19492
19511,19494
19511,19495
19511,19501
19511,19505
19511,19508
19511,19509
19511,19512
19511,19523
19511,19526
19511,19536
19511,19537
19511,19540
19511,23602
19511,20467
19511,22275
19519,19550
19519,19562
19519,19574
19519,19599
19519,19620
19519,19649
19519,19685
19519,19701
19519,19714
19519,24741
19519,22972
19519,7784
19519,16033
19519,19293
19519,19508
19519,19509
19519,19512
19519,19517
19519,19523
19519,19526
19519,19529
19519,19536
19519,19537
19519,19540
19519,19549
19519,19552
19544,19550
19544,19562
19544,19574
19544,19599
19544,19620
19544,19649
19544,19685
19544,19701
19544,19714
19544,19731
19544,19512
19544,19517
19544,19526
19544,19529
19544,19536
19544,19537
19544,19540
19544,19549
19544,19552
19544,19561
19544,19566
19544,19568
19544,19570
19544,19580
19550,19562
19550,19574
19550,19599
19550,19620
19550,19649
19550,19685
19550,19714
19550,19731
19550,19763
19550,15681
19550,17987
19550,19517
19550,19523
19550,19526
19550,19529
19550,19536
19550,19537
19550,19540
19550,19549
19550,19552
19550,19561
19550,19566
19550,19568
19550,19570
19550,19600
19550,26995
19562,19574
19562,19599
19562,19620
19562,19649
19562,19685
19562,19701
19562,19714
19562,19731
19562,19763
19562,19809
19562,19526
19562,19529
19562,19536
19562,19537
19562,19540
19562,19549
19562,19552
19562,19561
19562,19566
19562,19570
19562,19580
19562,19600
19562,19602
19562,19605
19562,19607
19562,24975
19574,19599
19574,19620
19574,19649
19574,19685
19574,19701
19574,19714
19574,19731
19574,19763
19574,19809
19574,19844
19574,26821
19574,19540
19574,19549
19574,19566
19574,19568
19574,19570
19574,19580
19574,19600
19574,19602
19574,19605
19574,19607
19574,19608
19574,19611
19574,19619
19574,26813
19599,19620
19599,19649
19599,19701
19599,19714
19599,19731
19599,19763
19599,19809
19599,19844
19599,19852
19599,26592
19599,7612
19599,20747
19599,19549
19599,19552
19599,19561
19599,19566
19599,19568
19599,19570
19599,19600
19599,19602
19599,19605
19599,19607
19599,19608
19599,19611
19599,19619
19599,19621
19599,19622
19620,19649
19620,19685
19620,19701
19620,19714
19620,19731
19620,19763
19620,19809
19620,19844
19620,19852
19620,19862
19620,12875
19620,9250
19620,19580
19620,19600
19620,19602
19620,19605
19620,19607
19620,19608
19620,19611
19620,19619
19620,19621
19620,19622
19620,19624
19620,19630
19620,19631
19620,19652
19620,19654
19620,20008
19649,19685
19649,19701
19649,19714
19649,19731
19649,19763
19649,19809
19649,19844
19649,19852
19649,19862
19649,19871
19649,26009
19649,19608
19649,19611
19649,19619
19649,19621
19649,19622
19649,19630
19649,19631
19649,19642
19649,19652
19649,19653
19649,19654
19649,19657
19649,19666
19649,19671
19649,19675
19649,19692
19685,19701
19685,19714
19685,19731
19685,19763
19685,19809
19685,19844
19685,19852
19685,19862
19685,19871
19685,19891
19685,19642
19685,19652
19685,19653
19685,19654
19685,19657
19685,19670
19685,19671
19685,19675
19685,19692
19685,19695
19685,19713
19685,19721
19685,19730
19685,19735
19685,20335
19701,19714
19701,19731
19701,19763
19701,19809
19701,19844
19701,19852
19701,19862
19701,19871
19701,19891
19701,19896
19701,24581
19701,8007
19701,19653
19701,19654
19701,19657
19701,19666
19701,19670
19701,19671
19701,19675
19701,19692
19701,19695
19701,19705
19701,19713
19701,19721
19701,19730
19701,19735
19701,19738
19701,19742
19701,19745
19714,19731
19714,19763
19714,19809
19714,19844
19714,19852
19714,19862
19714,19871
19714,19891
19714,19896
19714,19931
19714,18821
19714,19666
19714,19670
19714,19671
19714,19675
19714,19692
19714,19695
19714,19713
19714,19721
19714,19730
19714,19735
19714,19738
19714,19742
19714,19749
19714,19756
19714,24034
19731,19763
19731,19809
19731,19844
19731,19852
19731,19871
19731,19891
19731,19896
19731,19931
19731,19939
19731,25580
19731,19675
19731,19692
19731,19695
19731,19705
19731,19713
19731,19721
19731,19730
19731,19735
19731,19738
19731,19742
19731,19745
19731,19749
19731,19756
19731,19765
19731,19773
19731,19777
19763,19844
19763,19852
19763,19862
19763,19871
19763,19891
19763,19931
19763,19939
19763,19960
19763,24470
19763,14201
19763,19721
19763,19730
19763,19735
19763,19738
19763,19742
19763,19745
19763,19749
19763,19756
19763,19765
19763,19773
19763,19777
19763,19779
19763,19784
19763,19788
19763,19789
19763,19790
19763,19792
19763,19807
19809,19844
19809,19852
19809,19862
19809,19871
19809,19891
19809,19896
19809,19931
19809,19939
19809,19960
19809,20006
19809,13857
19809,19765
19809,19773
19809,19777
19809,19779
19809,19784
19809,19788
19809,19790
19809,19792
19809,19807
19809,19815
19809,19819
19809,19824
19809,19827
19809,19828
19809,19842
19809,19856
19844,19852
19844,19862
19844,19891
19844,19896
19844,19931
19844,19939
19844,19960
19844,20006
19844,20022
19844,9299
19844,19790
19844,19807
19844,19815
19844,19819
19844,19824
19844,19827
19844,19828
19844,19842
19844,19856
19844,19865
19844,19866
19844,19867
19844,19868
19844,19869
19844,19871
19852,19862
19852,19871
19852,19891
19852,19896
19852,19931
19852,19939
19852,19960
19852,20006
19852,20022
19852,20026
19852,19792
19852,19807
19852,19815
19852,19819
19852,19824
19852,19827
19852,19828
19852,19842
19852,19856
19852,19865
19852,19866
19852,19867
19852,19868
19852,19869
19852,19870
19852,19875
19862,19871
19862,19891
19862,19896
19862,19931
19862,19939
19862,19960
19862,20006
19862,20022
19862,20026
19862,14966
19862,20676
19862,22565
19862,13968
19862,19815
19862,19819
19862,19824
19862,19827
19862,19828
19862,19842
19862,19856
19862,19865
19862,19866
19862,19867
19862,19869
19862,19870
19862,19875
19862,19879
19871,19891
19871,19931
19871,19939
19871,19960
19871,20006
19871,20022
19871,20026
19871,20090
19871,24426
19871,7785
19871,25589
19871,19856
19871,19865
19871,19867
19871,19869
19871,19875
19871,19879
19871,19882
19871,19885
19871,19886
19871,19890
19871,19896
19871,19915
19891,19896
19891,19931
19891,19939
19891,20006
19891,20022
19891,20026
19891,20096
19891,20103
19891,17011
19891,22102
19891,17271
19891,19869
19891,19870
19891,19875
19891,19879
19891,19882
19891,19885
19891,19886
19891,19888
19891,19890
19891,19915
19891,19920
19891,19925
19891,19929
19891,19937
19891,19941
19891,19946
19896,19931
19896,19939
19896,19960
19896,20006
19896,20022
19896,20026
19896,20090
19896,20096
19896,20103
19896,20108
19896,19870
19896,19875
19896,19882
19896,19885
19896,19886
19896,19890
19896,19915
19896,19920
19896,19925
19896,19929
19896,19937
19896,19941
19896,19949
19896,25399
19931,19939
19931,19960
19931,20006
19931,20022
19931,20026
19931,20090
19931,20096
19931,20103
19931,20108
19931,20122
19931,25629
19931,19885
19931,19886
19931,19888
19931,19890
19931,19915
19931,19925
19931,19929
19931,19937
19931,19941
19931,19946
19931,19949
19931,19950
19931,19954
19931,19959
19931,23605
19939,19960
19939,20006
19939,20026
19939,20090
19939,20096
19939,20103
19939,20108
19939,20122
19939,20126
19939,19888
19939,19890
19939,19915
19939,19920
19939,19929
19939,19937
19939,19946
19939,19949
19939,19950
19939,19954
19939,19955
19939,19959
19939,19962
19939,19966
19939,22754
19960,20006
19960,20022
19960,20026
19960,20090
19960,20096
19960,20103
19960,20108
19960,20126
19960,20128
19960,17945
19960,19937
19960,19941
19960,19950
19960,19954
19960,19955
19960,19959
19960,19962
19960,19966
19960,19967
19960,19969
19960,19972
19960,19976
19960,19980
19960,19983
19960,19984
19960,27095
20006,20022
20006,20090
20006,20096
20006,20103
20006,20108
20006,20122
20006,20126
20006,20128
20006,20138
20006,26199
20006,26688
20006,19976
20006,19980
20006,19984
20006,19986
20006,19988
20006,19992
20006,19995
20006,20001
20006,20003
20006,20008
20006,20013
20006,20014
20006,20020
20006,20026
20006,20029
20006,20030
20006,20039
20006,25381
20022,20026
20022,20090
20022,20103
20022,20108
20022,20122
20022,20126
20022,20138
20022,20263
20022,10157
20022,21166
20022,19988
20022,19992
20022,19995
20022,20001
20022,20003
20022,20013
20022,20014
20022,20020
20022,20029
20022,20030
20022,20039
20022,20040
20022,20041
20022,20045
20022,20046
20022,20049
20022,20050
20022,26587
20026,20090
20026,20096
20026,20103
20026,20108
20026,20122
20026,20126
20026,20128
20026,20138
20026,20263
20026,20277
20026,24706
20026,25370
20026,12610
20026,13275
20026,19992
20026,19995
20026,20003
20026,20008
20026,20014
20026,20020
20026,20029
20026,20030
20026,20039
20026,20040
20026,20041
20026,20045
20026,20046
20026,20050
20026,20051
20026,21561
20090,20096
20090,20103
20090,20108
20090,20122
20090,20126
20090,20128
20090,20138
20090,20263
20090,20277
20090,22781
20090,22580
20090,20049
20090,20050
20090,20051
20090,20054
20090,20057
20090,20060
20090,20067
20090,20075
20090,20097
20090,20112
20090,20113
20090,20116
20090,20124
20096,20103
20096,20108
20096,20126
20096,20128
20096,20138
20096,20263
20096,20277
20096,20316
20096,20319
20096,11681
20096,8619
20096,12463
20096,20050
20096,20054
20096,20057
20096,20060
20096,20067
20096,20070
20096,20075
20096,20097
20096,20098
20096,20112
20096,20113
20096,20116
20096,20122
20096,20124
20103,20108
20103,20122
20103,20126
20103,20128
20103,20138
20103,20263
20103,20277
20103,20316
20103,20319
20103,20323
20103,14458
20103,10988
20103,20057
20103,20060
20103,20061
20103,20067
20103,20075
20103,20097
20103,20112
20103,20113
20103,20116
20103,20124
20103,20132
20103,20135
20108,20122
20108,20126
20108,20128
20108,20138
20108,20263
20108,20277
20108,20316
20108,20319
20108,20324
20108,25685
20108,8932
20108,20911
20108,19148
20108,20060
20108,20061
20108,20067
20108,20070
20108,20075
20108,20097
20108,20098
20108,20112
20108,20113
20108,20116
20108,20124
20108,20132
20108,20135
20122,20126
20122,20128
20122,20138
20122,20263
20122,20277
20122,20316
20122,20324
20122,20339
20122,27051
20122,21362
20122,26409
20122,20075
20122,20097
20122,20112
20122,20113
20122,20124
20122,20132
20122,20135
20122,20139
20122,20148
20122,20158
20122,20163
20126,20128
20126,20138
20126,20263
20126,20277
20126,20319
20126,20323
20126,20324
20126,20339
20126,20351
20126,13070
20126,21117
20126,20097
20126,20098
20126,20112
20126,20116
20126,20124
20126,20132
20126,20135
20126,20139
20126,20148
20126,20158
20126,20163
20126,20170
20126,20175
20128,20138
20128,20263
20128,20277
20128,20316
20128,20319
20128,20324
20128,20339
20128,20351
20128,20371
20128,22515
20128,20097
20128,20098
20128,20112
20128,20113
20128,20116
20128,20124
20128,20132
20128,20135
20128,20139
20128,20148
20128,20158
20128,20163
20128,20170
20128,20178
20138,20263
20138,20277
20138,20319
20138,20323
20138,20324
20138,20339
20138,20351
20138,20371
20138,7983
20138,23970
20138,20112
20138,20113
20138,20124
20138,20132
20138,20135
20138,20139
20138,20148
20138,20158
20138,20163
20138,20170
20138,20175
20138,20178
20138,20183
20138,20188
20138,20191
20263,20277
20263,20316
20263,20319
20263,20323
20263,20324
20263,20339
20263,20351
20263,20371
20263,20381
20263,25717
20263,24192
20263,20737
20263,26082
20263,25446
20263,12786
20263,20221
20263,20224
20263,20227
20263,20236
20263,20237
20263,20243
20263,20244
20263,20258
20263,20262
20263,20265
20263,20288
20263,20303
20263,20306
20263,20307
20263,22461
20277,20316
20277,20323
20277,20339
20277,20351
20277,20371
20277,20381
20277,20425
20277,20430
20277,17195
20277,14304
20277,23464
20277,13267
20277,20237
20277,20243
20277,20244
20277,20258
20277,20261
20277,20262
20277,20265
20277,20275
20277,20279
20277,20288
20277,20298
20277,20306
20277,20307
20277,20319
20277,20321
20316,20319
20316,20323
20316,20339
20316,20351
20316,20371
20316,20381
20316,20425
20316,20430
20316,20435
20316,25870
20316,26666
20316,12533
20316,20265
20316,20279
20316,20288
20316,20298
20316,20303
20316,20306
20316,20307
20316,20321
20316,20324
20316,20335
20316,20346
20316,20350
20316,20358
20319,20323
20319,20324
20319,20339
20319,20351
20319,20371
20319,20381
20319,20425
20319,20430
20319,20435
20319,20439
20319,26488
20319,7627
20319,20265
20319,20288
20319,20298
20319,20303
20319,20306
20319,20307
20319,20321
20319,20346
20319,20350
20319,20358
20319,20361
20319,27098
20323,20339
20323,20351
20323,20371
20323,20381
20323,20425
20323,20430
20323,20439
20323,20447
20323,26713
20323,26073
20323,23947
20323,18589
20323,20279
20323,20288
20323,20298
20323,20303
20323,20306
20323,20307
20323,20321
20323,20324
20323,20335
20323,20346
20323,20350
20323,20358
20323,20362
20323,20366
20323,21837
20324,20339
20324,20351
20324,20371
20324,20381
20324,20425
20324,20430
20324,20435
20324,20439
20324,20447
20324,20452
20324,20860
20324,9675
20324,19959
20324,20279
20324,20288
20324,20298
20324,20303
20324,20306
20324,20307
20324,20321
20324,20335
20324,20346
20324,20350
20324,20358
20324,20361
20324,20362
20324,20366
20324,25894
20339,20351
20339,20371
20339,20381
20339,20425
20339,20430
20339,20435
20339,20439
20339,20447
20339,20452
20339,20467
20339,22507
20339,12623
20339,17979
20339,20298
20339,20303
20339,20306
20339,20321
20339,20335
20339,20346
20339,20350
20339,20358
20339,20361
20339,20362
20351,20371
20351,20381
20351,20425
20351,20435
20351,20439
20351,20447
20351,20452
20351,20467
20351,20472
20351,24943
20351,12180
20351,20307
20351,20321
20351,20335
20351,20346
20351,20350
20351,20361
20351,20362
20351,20366
20351,20384
20351,20393
20351,20394
20351,20401
20351,23175
20371,20425
20371,20430
20371,20435
20371,20439
20371,20447
20371,20452
20371,20467
20371,20472
20371,20487
20371,23806
20371,24090
20371,20335
20371,20350
20371,20358
20371,20361
20371,20362
20371,20366
20371,20381
20371,20384
20371,20393
20371,20394
20371,20401
20371,20407
20371,20410
20371,20411
20371,20413
20371,20419
20381,20425
20381,20430
20381,20435
20381,20439
20381,20447
20381,20452
20381,20467
20381,20472
20381,20487
20381,20490
20381,20335
20381,20346
20381,20350
20381,20358
20381,20361
20381,20384
20381,20401
20381,20407
20381,20410
20381,20411
20381,20413
20381,20422
20381,26300
20381,21091
20425,20430
20425,20435
20425,20439
20425,20447
20425,20452
20425,20472
20425,20487
20425,20490
20425,20528
20425,9262
20425,16477
20425,20393
20425,20394
20425,20401
20425,20407
20425,20411
20425,20413
20425,20419
20425,20422
20425,20423
20425,20428
20425,20442
20425,20446
20430,20435
20430,20439
20430,20467
20430,20472
20430,20490
20430,20528
20430,8630
20430,11394
20430,18902
20430,11950
20430,12497
20430,20407
20430,20410
20430,20411
20430,20413
20430,20419
20430,20422
20430,20423
20430,20426
20430,20428
20430,20442
20430,20446
20430,20447
20430,20452
20430,20461
20430,20463
20435,20447
20435,20452
20435,20467
20435,20472
20435,20487
20435,20490
20435,20528
20435,20548
20435,20590
20435,21839
20435,10700
20435,20410
20435,20411
20435,20413
20435,20419
20435,20422
20435,20426
20435,20428
20435,20441
20435,20442
20435,20446
20435,20461
20435,20463
20435,21482
20439,20447
20439,20452
20439,20467
20439,20487
20439,20490
20439,20528
20439,20548
20439,20590
20439,20597
20439,25700
20439,7706
20439,15191
20439,17107
20439,20413
20439,20419
20439,20422
20439,20423
20439,20426
20439,20428
20439,20441
20439,20442
20439,20446
20439,20461
20439,20463
20439,20473
20447,20452
20447,20467
20447,20472
20447,20487
20447,20490
20447,20528
20447,20548
20447,20590
20447,20597
20447,20626
20447,25961
20447,20423
20447,20426
20447,20428
20447,20441
20447,20442
20447,20446
20447,20463
20447,20473
20447,20474
20447,20476
20447,20483
20452,20467
20452,20472
20452,20487
20452,20528
20452,20548
20452,20590
20452,20597
20452,20626
20452,20643
20452,22115
20452,13808
20452,24856
20452,20426
20452,20428
20452,20441
20452,20442
20452,20446
20452,20461
20452,20463
20452,20473
20452,20474
20452,20476
20452,20483
20452,20490
20467,20472
20467,20487
20467,20490
20467,20528
20467,20590
20467,20597
20467,20626
20467,20643
20467,20662
20467,11713
20467,13275
20467,20441
20467,20442
20467,20446
20467,20463
20467,20473
20467,20474
20467,20476
20467,20483
20467,20491
20467,20495
20467,20499
20467,25347
20472,20487
20472,20490
20472,20528
20472,20590
20472,20597
20472,20626
20472,20643
20472,20662
20472,20673
20472,22196
20472,20441
20472,20446
20472,20461
20472,20463
20472,20473
20472,20474
20472,20476
20472,20483
20472,20491
20472,20495
20472,20499
20472,20510
20487,20490
20487,20528
20487,20548
20487,20590
20487,20626
20487,20662
20487,20673
20487,20691
20487,17477
20487,9229
20487,20463
20487,20473
20487,20474
20487,20476
20487,20483
20487,20491
20487,20495
20487,20499
20487,20510
20487,20511
20487,20513
20487,20514
20487,20536
20490,20528
20490,20548
20490,20590
20490,20597
20490,20643
20490,20662
20490,20673
20490,20691
20490,20743
20490,19671
20490,20461
20490,20474
20490,20476
20490,20483
20490,20491
20490,20495
20490,20499
20490,20510
20490,20511
20490,20513
20490,20514
20490,20536
20490,20537
20528,20590
20528,20597
20528,20626
20528,20643
20528,20662
20528,20673
20528,20691
20528,20743
20528,20745
20528,25892
20528,10960
20528,12166
20528,12953
20528,20483
20528,20491
20528,20495
20528,20499
20528,20510
20528,20511
20528,20513
20528,20514
20528,20536
20528,20537
20528,20539
20528,20546
20528,20548
20528,20550
20528,20554
20528,20558
20528,20566
20528,23952
20548,20590
20548,20597
20548,20626
20548,20643
20548,20662
20548,20673
20548,20691
20548,20743
20548,20745
20548,20746
20548,20499
20548,20510
20548,20511
20548,20513
20548,20514
20548,20536
20548,20539
20548,20546
20548,20550
20548,20554
20548,20557
20548,20558
20548,20566
20548,20569
20548,20576
20548,20577
20548,20578
20548,20585
20590,20626
20590,20643
20590,20662
20590,20673
20590,20743
20590,20745
20590,20746
20590,20747
20590,11177
20590,20554
20590,20558
20590,20566
20590,20569
20590,20576
20590,20577
20590,20578
20590,20585
20590,20586
20590,20595
20590,20597
20590,20603
20590,20614
20590,20615
20590,20618
20590,20619
20590,20623
20590,20627
20597,20626
20597,20643
20597,20662
20597,20673
20597,20691
20597,20743
20597,20745
20597,20746
20597,20747
20597,20826
20597,20976
20597,11742
20597,15226
20597,20558
20597,20566
20597,20576
20597,20578
20597,20585
20597,20586
20597,20595
20597,20603
20597,20614
20597,20618
20597,20619
20597,20623
20597,20631
20597,20635
20626,20643
20626,20662
20626,20673
20626,20691
20626,20743
20626,20745
20626,20746
20626,20747
20626,20826
20626,20828
20626,22031
20626,13508
20626,15779
20626,20586
20626,20595
20626,20614
20626,20615
20626,20618
20626,20619
20626,20623
20626,20627
20626,20631
20626,20644
20626,20649
20626,20652
20626,20655
20626,20657
20643,20662
20643,20673
20643,20691
20643,20743
20643,20745
20643,20746
20643,20747
20643,20826
20643,20828
20643,20869
20643,20603
20643,20614
20643,20615
20643,20618
20643,20619
20643,20623
20643,20631
20643,20644
20643,20649
20643,20652
20643,20655
20643,20657
20643,20663
20643,20667
20643,20670
20643,20672
20662,20673
20662,20691
20662,20743
20662,20745
20662,20746
20662,20747
20662,20826
20662,20828
20662,20880
20662,22013
20662,18170
20662,20627
20662,20631
20662,20635
20662,20644
20662,20649
20662,20652
20662,20655
20662,20657
20662,20663
20662,20667
20662,20670
20662,20672
20662,20676
20662,20686
20662,20688
20662,20694
20662,21999
20673,20691
20673,20743
20673,20745
20673,20746
20673,20747
20673,20826
20673,20828
20673,20869
20673,20880
20673,20897
20673,15484
20673,20649
20673,20652
20673,20655
20673,20657
20673,20667
20673,20670
20673,20686
20673,20688
20673,20694
20673,20696
20673,20697
20673,20700
20673,20701
20673,20705
20673,21681
20673,24296
20691,20743
20691,20745
20691,20746
20691,20747
20691,20826
20691,20869
20691,20880
20691,20897
20691,20911
20691,19624
20691,20003
20691,10395
20691,14223
20691,20657
20691,20663
20691,20667
20691,20670
20691,20672
20691,20676
20691,20686
20691,20688
20691,20694
20691,20696
20691,20697
20691,20700
20691,20701
20691,20705
20691,20707
20691,20710
20691,20712
20743,20745
20743,20746
20743,20747
20743,20826
20743,20869
20743,20880
20743,20897
20743,20911
20743,20918
20743,23555
20743,20715
20743,20717
20743,20720
20743,20724
20743,20732
20743,20733
20743,20734
20743,20737
20743,20738
20743,20739
20743,20750
20743,20751
20743,20758
20743,20759
20743,20764
20743,20770
20743,21374
20745,20746
20745,20747
20745,20826
20745,20828
20745,20869
20745,20880
20745,20897
20745,20911
20745,20918
20745,23365
20745,7895
20745,20717
20745,20720
20745,20724
20745,20732
20745,20733
20745,20734
20745,20737
20745,20738
20745,20739
20745,20750
20745,20751
20745,20758
20745,20759
20745,20764
20745,20770
20745,20776
20745,20786
20745,27098
20746,20747
20746,20826
20746,20828
20746,20869
20746,20880
20746,20897
20746,20911
20746,20918
20746,20930
20746,19432
20746,23033
20746,15026
20746,20720
20746,20724
20746,20732
20746,20733
20746,20734
20746,20738
20746,20739
20746,20751
20746,20758
20746,20759
20746,20764
20746,20770
20746,20776
20746,20786
20746,20790
20747,20828
20747,20869
20747,20880
20747,20897
20747,20911
20747,20918
20747,20930
20747,20939
20747,12139
20747,20724
20747,20732
20747,20733
20747,20734
20747,20738
20747,20739
20747,20750
20747,20751
20747,20758
20747,20759
20747,20764
20747,20770
20747,20776
20747,20786
20747,20790
20747,20791
20826,20828
20826,20869
20826,20880
20826,20897
20826,20911
20826,20918
20826,20930
20826,20939
20826,20948
20826,20956
20826,21238
20826,13029
20826,12499
20826,17555
20826,20786
20826,20790
20826,20791
20826,20794
20826,20797
20826,20798
20826,20799
20826,20800
20826,20818
20826,20831
20826,20832
20826,20835
20826,20840
20826,20844
20826,20850
20826,20851
20826,20854
20826,20855
20826,24388
20828,20869
20828,20880
20828,20897
20828,20911
20828,20930
20828,20939
20828,20956
20828,20976
20828,25767
20828,15482
20828,20790
20828,20791
20828,20794
20828,20798
20828,20799
20828,20800
20828,20818
20828,20821
20828,20831
20828,20832
20828,20835
20828,20840
20828,20844
20828,20850
20828,20851
20828,20854
20828,20855
20828,20860
20869,20880
20869,20911
20869,20918
20869,20930
20869,20939
20869,20948
20869,20956
20869,20976
20869,20983
20869,21688
20869,20262
20869,9024
20869,20835
20869,20840
20869,20844
20869,20850
20869,20851
20869,20854
20869,20855
20869,20860
20869,20862
20869,20866
20869,20872
20869,20876
20869,20882
20869,20886
20869,20896
20869,20897
20869,20915
20880,20911
20880,20918
20880,20930
20880,20939
20880,20948
20880,20956
20880,20976
20880,20983
20880,20987
20880,21381
20880,20219
20880,20850
20880,20851
20880,20854
20880,20855
20880,20860
20880,20862
20880,20866
20880,20872
20880,20876
20880,20882
20880,20886
20880,20896
20880,20897
20880,20901
20880,20915
20880,20922
20897,20911
20897,20930
20897,20939
20897,20948
20897,20956
20897,20976
20897,20983
20897,20987
20897,21003
20897,13177
20897,21267
20897,20098
20897,20860
20897,20862
20897,20866
20897,20872
20897,20876
20897,20882
20897,20886
20897,20896
20897,20901
20897,20918
20897,20922
20897,20927
20897,20928
20897,20937
20897,26202
20911,20918
20911,20930
20911,20939
20911,20948
20911,20956
20911,20976
20911,20983
20911,20987
20911,21003
20911,21007
20911,13943
20911,13680
20911,20866
20911,20872
20911,20882
20911,20886
20911,20896
20911,20901
20911,20915
20911,20922
20911,20927
20911,20928
20911,20937
20911,20943
20911,20945
20918,20939
20918,20948
20918,20956
20918,20976
20918,20983
20918,20987
20918,21003
20918,21007
20918,21014
20918,16526
20918,23153
20918,20872
20918,20876
20918,20882
20918,20896
20918,20901
20918,20915
20918,20922
20918,20927
20918,20928
20918,20930
20918,20937
20918,20943
20918,20945
20918,20947
20930,20939
20930,20948
20930,20956
20930,20976
20930,20983
20930,20987
20930,21003
20930,21007
20930,21020
20930,25302
20930,22435
20930,13223
20930,20896
20930,20901
20930,20922
20930,20927
20930,20928
20930,20943
20930,20945
20930,20950
20930,20954
20930,20962
20930,21255
20939,20948
20939,20956
20939,20976
20939,20983
20939,20987
20939,21003
20939,21007
20939,21014
20939,21020
20939,21023
20939,13670
20939,20901
20939,20915
20939,20922
20939,20927
20939,20928
20939,20937
20939,20943
20939,20945
20939,20947
20939,20950
20939,20954
20939,20962
20939,20965
20939,20968
20948,20976
20948,20983
20948,20987
20948,21007
20948,21014
20948,21020
20948,21023
20948,21030
20948,15235
20948,7760
20948,11801
20948,20922
20948,20927
20948,20928
20948,20937
20948,20943
20948,20945
20948,20947
20948,20950
20948,20956
20948,20962
20948,20968
20948,20978
20948,20980
20948,20981
20956,20976
20956,20983
20956,20987
20956,21003
20956,21007
20956,21014
20956,21020
20956,21023
20956,21030
20956,21031
20956,20928
20956,20937
20956,20943
20956,20945
20956,20947
20956,20950
20956,20954
20956,20962
20956,20965
20956,20968
20956,20978
20956,20980
20956,20981
20956,20982
20976,20983
20976,20987
20976,21007
20976,21014
20976,21020
20976,21030
20976,21031
20976,21057
20976,26183
20976,22055
20976,23036
20976,20943
20976,20945
20976,20947
20976,20950
20976,20962
20976,20965
20976,20968
20976,20978
20976,20980
20976,20981
20976,20982
20976,20992
20976,20996
20976,21002
20976,21003
20983,20987
20983,21003
20983,21014
20983,21020
20983,21023
20983,21031
20983,21057
20983,21080
20983,25422
20983,20954
20983,20962
20983,20965
20983,20968
20983,20978
20983,20980
20983,20981
20983,20982
20983,20992
20983,20996
20983,21002
20983,21007
20983,24224
20987,21003
20987,21007
20987,21014
20987,21020
20987,21023
20987,21030
20987,21031
20987,21057
20987,21080
20987,17258
20987,20962
20987,20965
20987,20968
20987,20978
20987,20980
20987,20981
20987,20982
20987,20996
20987,21002
21003,21007
21003,21014
21003,21020
21003,21023
21003,21030
21003,21031
21003,21057
21003,21080
21003,21091
21003,21109
21003,20978
21003,20980
21003,20981
21003,20982
21003,20992
21003,20996
21003,21002
21003,21033
21003,21034
21003,21045
21003,21046
21007,21014
21007,21020
21007,21023
21007,21030
21007,21031
21007,21057
21007,21080
21007,21091
21007,21114
21007,13137
21007,15817
21007,20978
21007,20980
21007,20981
21007,20982
21007,20992
21007,20996
21007,21002
21007,21033
21007,21034
21007,21045
21007,21046
21007,21049
21014,21020
21014,21023
21014,21030
21014,21031
21014,21057
21014,21080
21014,21091
21014,21114
21014,21116
21014,23363
21014,23947
21014,26126
21014,27210
21014,20980
21014,20981
21014,20982
21014,20996
21014,21002
21014,21034
21014,21045
21014,21049
21014,21054
21014,25279
21020,21023
21020,21030
21020,21031
21020,21057
21020,21080
21020,21091
21020,21109
21020,21114
21020,21116
21020,21117
21020,12497
21020,27012
21020,20981
21020,20982
21020,20992
21020,20996
21020,21002
21020,21033
21020,21034
21020,21045
21020,21046
21020,21049
21020,21054
21020,23620
21023,21030
21023,21031
21023,21057
21023,21080
21023,21091
21023,21114
21023,21116
21023,21150
21023,16117
21023,16597
21023,20982
21023,20992
21023,20996
21023,21002
21023,21033
21023,21034
21023,21045
21023,21046
21023,21049
21023,21054
21023,21060
21023,21505
21030,21031
21030,21057
21030,21080
21030,21091
21030,21109
21030,21114
21030,21116
21030,21117
21030,21150
21030,21156
21030,11893
21030,20992
21030,20996
21030,21002
21030,21033
21030,21034
21030,21046
21030,21049
21030,21054
21030,21061
21030,26666
21030,24192
21031,21057
21031,21080
21031,21091
21031,21109
21031,21114
21031,21116
21031,21150
21031,21156
21031,21166
21031,8567
21031,19972
21031,15690
21031,20992
21031,20996
21031,21002
21031,21033
21031,21034
21031,21045
21031,21046
21031,21049
21031,21054
21031,21060
21031,21061
21031,21073
21057,21080
21057,21091
21057,21109
21057,21114
21057,21116
21057,21117
21057,21150
21057,21156
21057,21166
21057,21180
21057,26925
21057,21033
21057,21034
21057,21045
21057,21046
21057,21049
21057,21054
21057,21060
21057,21061
21057,21073
21057,21074
21057,21084
21057,21092
21057,21098
21057,25140
21080,21091
21080,21109
21080,21114
21080,21116
21080,21117
21080,21156
21080,21166
21080,21180
21080,21221
21080,21584
21080,7602
21080,17554
21080,19517
21080,21034
21080,21045
21080,21046
21080,21061
21080,21073
21080,21074
21080,21084
21080,21089
21080,21098
21080,21106
21080,21110
21091,21114
21091,21116
21091,21117
21091,21150
21091,21166
21091,21180
21091,21221
21091,21230
21091,27182
21091,26082
21091,19508
21091,21049
21091,21060
21091,21061
21091,21073
21091,21074
21091,21089
21091,21092
21091,21098
21091,21106
21091,21109
21091,21110
21091,21118
21091,25728
21109,21114
21109,21116
21109,21117
21109,21150
21109,21166
21109,21180
21109,21221
21109,21230
21109,21231
21109,18528
21109,21061
21109,21073
21109,21074
21109,21084
21109,21089
21109,21092
21109,21098
21109,21106
21109,21110
21109,21118
21109,21120
21109,21133
21109,21139
21109,21144
21114,21117
21114,21150
21114,21166
21114,21180
21114,21230
21114,21231
21114,21238
21114,20013
21114,8171
21114,21074
21114,21084
21114,21089
21114,21092
21114,21098
21114,21106
21114,21110
21114,21118
21114,21120
21114,21127
21114,21133
21114,21139
21114,21144
21114,21146
21114,21147
21116,21117
21116,21150
21116,21156
21116,21166
21116,21180
21116,21221
21116,21230
21116,21231
21116,21238
21116,21877
21116,23950
21116,20124
21116,21084
21116,21089
21116,21092
21116,21098
21116,21106
21116,21110
21116,21120
21116,21127
21116,21133
21116,21144
21116,21146
21116,21147
21116,24553
21117,21150
21117,21156
21117,21180
21117,21221
21117,21230
21117,21231
21117,21238
21117,21267
21117,21304
21117,26993
21117,21084
21117,21089
21117,21092
21117,21106
21117,21118
21117,21120
21117,21127
21117,21133
21117,21139
21117,21144
21117,21147
21117,21151
21117,24674
21150,21156
21150,21166
21150,21180
21150,21221
21150,21230
21150,21231
21150,21238
21150,21267
21150,21304
21150,21323
21150,26157
21150,7798
21150,21118
21150,21120
21150,21127
21150,21139
21150,21146
21150,21147
21150,21151
21150,21153
21150,21158
21150,21160
21150,21164
21150,21170
21150,21176
21156,21166
21156,21180
21156,21221
21156,21230
21156,21231
21156,21238
21156,21304
21156,21323
21156,21374
21156,12879
21156,25723
21156,21127
21156,21133
21156,21139
21156,21144
21156,21146
21156,21147
21156,21151
21156,21153
21156,21154
21156,21158
21156,21160
21156,21164
21156,21170
21156,21176
21156,21181
21156,21182
21156,21194
21166,21180
21166,21221
21166,21230
21166,21231
21166,21238
21166,21267
21166,21304
21166,21323
21166,21381
21166,9635
21166,26058
21166,21146
21166,21147
21166,21151
21166,21153
21166,21154
21166,21158
21166,21160
21166,21164
21166,21170
21166,21181
21166,21182
21166,21194
21166,21200
21166,21204
21166,21205
21166,23635
21180,21221
21180,21230
21180,21231
21180,21238
21180,21267
21180,21304
21180,21323
21180,21374
21180,21381
21180,21388
21180,21993
21180,8007
21180,21151
21180,21153
21180,21154
21180,21158
21180,21160
21180,21164
21180,21170
21180,21176
21180,21182
21180,21194
21180,21200
21180,21204
21180,21205
21180,21211
21180,21212
21180,21219
21221,21230
21221,21231
21221,21267
21221,21304
21221,21323
21221,21374
21221,21381
21221,21388
21221,21399
21221,12336
21221,22667
21221,18991
21221,21181
21221,21182
21221,21194
21221,21200
21221,21204
21221,21211
21221,21212
21221,21219
21221,21229
21221,21234
21221,21238
21221,21239
21221,21240
21221,21247
21221,21255
21221,21261
21230,21231
21230,21238
21230,21267
21230,21304
21230,21323
21230,21374
21230,21381
21230,21388
21230,21399
21230,21419
21230,21182
21230,21194
21230,21200
21230,21204
21230,21205
21230,21211
21230,21212
21230,21219
21230,21229
21230,21234
21230,21239
21230,21240
21230,21247
21230,21255
21230,21261
21230,21265
21231,21238
21231,21267
21231,21304
21231,21323
21231,21381
21231,21388
21231,21399
21231,21419
21231,21446
21231,19824
21231,27256
21231,21194
21231,21204
21231,21205
21231,21211
21231,21212
21231,21219
21231,21229
21231,21234
21231,21239
21231,21240
21231,21247
21231,21255
21231,21261
21231,21265
21231,21285
21231,25508
21238,21267
21238,21323
21238,21374
21238,21381
21238,21388
21238,21419
21238,21446
21238,21455
21238,11236
21238,27101
21238,26092
21238,21204
21238,21205
21238,21211
21238,21219
21238,21229
21238,21234
21238,21240
21238,21247
21238,21255
21238,21261
21238,21265
21238,21285
21238,21290
21238,21294
21267,21304
21267,21381
21267,21388
21267,21399
21267,21419
21267,21446
21267,21455
21267,21470
21267,21234
21267,21239
21267,21240
21267,21247
21267,21255
21267,21261
21267,21265
21267,21285
21267,21290
21267,21294
21267,21307
21267,21308
21267,21309
21267,21311
21267,21317
21267,21318
21304,21323
21304,21374
21304,21381
21304,21388
21304,21399
21304,21419
21304,21446
21304,21455
21304,21470
21304,21471
21304,23023
21304,21240
21304,21247
21304,21255
21304,21261
21304,21265
21304,21285
21304,21290
21304,21294
21304,21307
21304,21308
21304,21309
21304,21317
21304,21318
21304,21321
21304,21322
21304,21326
21323,21374
21323,21388
21323,21399
21323,21419
21323,21446
21323,21455
21323,21471
21323,21537
21323,20655
21323,20937
21323,21294
21323,21307
21323,21308
21323,21309
21323,21311
21323,21317
21323,21318
21323,21322
21323,21326
21323,21342
21323,21345
21323,21350
21323,21353
21323,21362
21323,21364
21323,21373
21323,27161
21374,21381
21374,21399
21374,21419
21374,21446
21374,21455
21374,21470
21374,21471
21374,21537
21374,21543
21374,10982
21374,7824
21374,21326
21374,21342
21374,21345
21374,21350
21374,21353
21374,21362
21374,21364
21374,21366
21374,21373
21374,21387
21374,21388
21374,21402
21374,21417
21374,21431
21374,21441
21381,21388
21381,21399
21381,21419
21381,21446
21381,21455
21381,21470
21381,21471
21381,21537
21381,21543
21381,21566
21381,23064
21381,26734
21381,24861
21381,9710
21381,10784
21381,21326
21381,21342
21381,21345
21381,21350
21381,21353
21381,21362
21381,21364
21381,21366
21381,21373
21381,21402
21381,21409
21381,21417
21381,21431
21388,21399
21388,21419
21388,21470
21388,21471
21388,21537
21388,21543
21388,21566
21388,21570
21388,12393
21388,15130
21388,21345
21388,21350
21388,21353
21388,21362
21388,21364
21388,21366
21388,21373
21388,21402
21388,21409
21388,21417
21388,21431
21388,21441
21388,21446
21388,21447
21388,21454
21388,21684
21399,21419
21399,21446
21399,21455
21399,21470
21399,21471
21399,21537
21399,21543
21399,21566
21399,21570
21399,26505
21399,9411
21399,21353
21399,21362
21399,21366
21399,21387
21399,21402
21399,21409
21399,21417
21399,21431
21399,21441
21399,21447
21399,21454
21419,21446
21419,21455
21419,21470
21419,21471
21419,21537
21419,21543
21419,21566
21419,21570
21419,21574
21419,21586
21419,8576
21419,21366
21419,21373
21419,21387
21419,21417
21419,21431
21419,21447
21419,21454
21419,21459
21419,21479
21419,22551
21419,24741
21419,25952
21446,21455
21446,21470
21446,21471
21446,21537
21446,21543
21446,21566
21446,21574
21446,21586
21446,21587
21446,20098
21446,12791
21446,14718
21446,21387
21446,21402
21446,21409
21446,21417
21446,21431
21446,21441
21446,21447
21446,21454
21446,21459
21446,21482
21446,21491
21446,21494
21455,21470
21455,21471
21455,21537
21455,21543
21455,21566
21455,21570
21455,21574
21455,21586
21455,21587
21455,21589
21455,26787
21455,21402
21455,21409
21455,21417
21455,21431
21455,21441
21455,21447
21455,21454
21455,21459
21455,21479
21455,21482
21455,21491
21455,21494
21455,21503
21455,21505
21470,21471
21470,21537
21470,21543
21470,21566
21470,21570
21470,21574
21470,21586
21470,21587
21470,21589
21470,21597
21470,20709
21470,21409
21470,21417
21470,21431
21470,21441
21470,21479
21470,21491
21470,21494
21470,21503
21470,21505
21470,21510
21470,21522
21470,21526
21471,21537
21471,21543
21471,21566
21471,21570
21471,21574
21471,21586
21471,21597
21471,21599
21471,25174
21471,18024
21471,21417
21471,21431
21471,21441
21471,21447
21471,21454
21471,21459
21471,21479
21471,21482
21471,21491
21471,21503
21471,21505
21471,21522
21471,21526
21471,21529
21471,22905
21471,26429
21537,21543
21537,21566
21537,21574
21537,21586
21537,21587
21537,21589
21537,21597
21537,21599
21537,21605
21537,23666
21537,23225
21537,14208
21537,20945
21537,21479
21537,21482
21537,21491
21537,21494
21537,21503
21537,21505
21537,21510
21537,21522
21537,21526
21537,21529
21537,21541
21537,21548
21537,21553
21537,21555
21537,21560
21537,21561
21537,21570
21537,21573
21537,23765
21537,22393
21543,21566
21543,21570
21543,21574
21543,21586
21543,21587
21543,21589
21543,21597
21543,21599
21543,21605
21543,21613
21543,10724
21543,12171
21543,21491
21543,21494
21543,21503
21543,21505
21543,21510
21543,21522
21543,21526
21543,21529
21543,21541
21543,21548
21543,21560
21543,21561
21543,21573
21543,26958
21566,21570
21566,21574
21566,21587
21566,21589
21566,21605
21566,21613
21566,21626
21566,18024
21566,25910
21566,16125
21566,20001
21566,21526
21566,21529
21566,21541
21566,21548
21566,21553
21566,21555
21566,21561
21566,21573
21566,21576
21566,21578
21566,21584
21566,21586
21566,21588
21570,21574
21570,21586
21570,21587
21570,21589
21570,21597
21570,21605
21570,21613
21570,21626
21570,21637
21570,11053
21570,13823
21570,21529
21570,21541
21570,21548
21570,21553
21570,21555
21570,21560
21570,21573
21570,21576
21570,21578
21570,21584
21570,21596
21574,21586
21574,21587
21574,21589
21574,21597
21574,21599
21574,21605
21574,21613
21574,21626
21574,21637
21574,21655
21574,20688
21574,21541
21574,21548
21574,21553
21574,21555
21574,21560
21574,21561
21574,21573
21574,21576
21574,21578
21574,21584
21574,21588
21574,21596
21586,21587
21586,21589
21586,21597
21586,21599
21586,21605
21586,21613
21586,21626
21586,21637
21586,21661
21586,23686
21586,21555
21586,21560
21586,21573
21586,21576
21586,21578
21586,21584
21586,21588
21586,21596
21586,21601
21586,21604
21586,21610
21587,21589
21587,21599
21587,21605
21587,21613
21587,21626
21587,21655
21587,21661
21587,21698
21587,11711
21587,22551
21587,8902
21587,10473
21587,10140
21587,10263
21587,10322
21587,21560
21587,21561
21587,21576
21587,21578
21587,21584
21587,21588
21587,21596
21587,21601
21587,21604
21587,21610
21589,21599
21589,21605
21589,21613
21589,21626
21589,21637
21589,21655
21589,21661
21589,21698
21589,22309
21589,24634
21589,10916
21589,21317
21589,21573
21589,21576
21589,21578
21589,21584
21589,21588
21589,21596
21589,21601
21589,21604
21589,21610
21589,21614
21589,21616
21589,22071
21589,24268
21589,23858
21597,21599
21597,21605
21597,21613
21597,21626
21597,21637
21597,21655
21597,21661
21597,21698
21597,21714
21597,21718
21597,21573
21597,21576
21597,21578
21597,21588
21597,21596
21597,21601
21597,21604
21597,21614
21597,21616
21597,21619
21597,21625
21597,23450
21599,21605
21599,21626
21599,21655
21599,21661
21599,21714
21599,21718
21599,21760
21599,12126
21599,15140
21599,21576
21599,21578
21599,21584
21599,21588
21599,21596
21599,21601
21599,21610
21599,21613
21599,21614
21599,21616
21599,21619
21599,21625
21605,21613
21605,21626
21605,21637
21605,21655
21605,21661
21605,21698
21605,21714
21605,21718
21605,21760
21605,21770
21605,20676
21605,9747
21605,13118
21605,21584
21605,21588
21605,21596
21605,21601
21605,21610
21605,21614
21605,21616
21605,21619
21605,21625
21605,21632
21605,21638
21613,21626
21613,21637
21613,21655
21613,21661
21613,21698
21613,21714
21613,21718
21613,21760
21613,21770
21613,23007
21613,23305
21613,21588
21613,21596
21613,21601
21613,21604
21613,21610
21613,21614
21613,21616
21613,21619
21613,21638
21613,21646
21613,21647
21613,24999
21626,21637
21626,21655
21626,21661
21626,21698
21626,21714
21626,21760
21626,21770
21626,21786
21626,23095
21626,16070
21626,21601
21626,21604
21626,21610
21626,21614
21626,21616
21626,21625
21626,21632
21626,21638
21626,21646
21626,21647
21626,21650
21626,21651
21626,21654
21626,21659
21637,21655
21637,21661
21637,21698
21637,21714
21637,21718
21637,21760
21637,21770
21637,21781
21637,21786
21637,21807
21637,21706
21637,24096
21637,21604
21637,21610
21637,21614
21637,21616
21637,21619
21637,21625
21637,21632
21637,21638
21637,21646
21637,21647
21637,21650
21637,21651
21637,21654
21637,21659
21637,21663
21637,26144
21655,21661
21655,21714
21655,21718
21655,21760
21655,21770
21655,21781
21655,21786
21655,21807
21655,21838
21655,15154
21655,26688
21655,7865
21655,10239
21655,21625
21655,21632
21655,21638
21655,21646
21655,21647
21655,21651
21655,21654
21655,21659
21655,21663
21655,21665
21655,21673
21655,21681
21655,21684
21655,21695
21655,21698
21661,21698
21661,21714
21661,21718
21661,21760
21661,21770
21661,21781
21661,21786
21661,21807
21661,21838
21661,21845
21661,21632
21661,21638
21661,21646
21661,21647
21661,21650
21661,21651
21661,21654
21661,21659
21661,21663
21661,21665
21661,21673
21661,21681
21661,21684
21661,21688
21661,21695
21661,21700
21698,21714
21698,21718
21698,21760
21698,21770
21698,21781
21698,21786
21698,21807
21698,21838
21698,21850
21698,18938
21698,14962
21698,12362
21698,21663
21698,21665
21698,21673
21698,21681
21698,21684
21698,21688
21698,21695
21698,21700
21698,21705
21698,21706
21698,21707
21698,21712
21698,21721
21698,21731
21714,21718
21714,21760
21714,21770
21714,21781
21714,21786
21714,21807
21714,21838
21714,21845
21714,21850
21714,21859
21714,21402
21714,21684
21714,21688
21714,21695
21714,21705
21714,21707
21714,21709
21714,21712
21714,21721
21714,21731
21714,21750
21714,21753
21714,21756
21714,21757
21714,21764
21714,21767
21718,21760
21718,21770
21718,21781
21718,21786
21718,21807
21718,21838
21718,21845
21718,21850
21718,21859
21718,21877
21718,12401
21718,13849
21718,21688
21718,21700
21718,21706
21718,21707
21718,21709
21718,21712
21718,21721
21718,21731
21718,21750
21718,21753
21718,21756
21718,21757
21718,21767
21718,21768
21718,25501
21718,22568
21760,21770
21760,21781
21760,21786
21760,21807
21760,21838
21760,21845
21760,21850
21760,21859
21760,21877
21760,17650
21760,21709
21760,21721
21760,21731
21760,21750
21760,21753
21760,21756
21760,21757
21760,21764
21760,21767
21760,21768
21760,21771
21760,21774
21760,21782
21770,21781
21770,21786
21770,21807
21770,21838
21770,21845
21770,21859
21770,21877
21770,21891
21770,7857
21770,21731
21770,21750
21770,21753
21770,21756
21770,21757
21770,21764
21770,21767
21770,21768
21770,21771
21770,21774
21770,21782
21770,21785
21770,21790
21770,21802
21770,21803
21781,21786
21781,21838
21781,21845
21781,21850
21781,21859
21781,21877
21781,21879
21781,21895
21781,24395
21781,25370
21781,21753
21781,21756
21781,21757
21781,21767
21781,21768
21781,21771
21781,21782
21781,21785
21781,21790
21781,21802
21781,21803
21781,21807
21781,21808
21781,21829
21781,24634
21786,21807
21786,21838
21786,21845
21786,21850
21786,21859
21786,21877
21786,21879
21786,21891
21786,21895
21786,19856
21786,10571
21786,13939
21786,18585
21786,21764
21786,21767
21786,21768
21786,21771
21786,21774
21786,21782
21786,21790
21786,21802
21786,21803
21786,21808
21786,21810
21786,21837
21786,21839
21807,21838
21807,21845
21807,21850
21807,21859
21807,21877
21807,21891
21807,21895
21807,21896
21807,21983
21807,22275
21807,13528
21807,15100
21807,21771
21807,21774
21807,21782
21807,21785
21807,21802
21807,21803
21807,21808
21807,21829
21807,21837
21807,21839
21807,21853
21807,27244
21838,21845
21838,21850
21838,21879
21838,21891
21838,21895
21838,21896
21838,22013
21838,23806
21838,10184
21838,21785
21838,21790
21838,21802
21838,21808
21838,21810
21838,21829
21838,21837
21838,21839
21838,21846
21838,21853
21838,21854
21838,21858
21838,21859
21838,21870
21838,21877
21845,21850
21845,21859
21845,21877
21845,21879
21845,21891
21845,21896
21845,21983
21845,22013
21845,22041
21845,15075
21845,14718
21845,15506
21845,20303
21845,21790
21845,21802
21845,21803
21845,21808
21845,21829
21845,21837
21845,21839
21845,21846
21845,21853
21845,21854
21845,21858
21845,21870
21845,21880
21850,21859
21850,21877
21850,21879
21850,21891
21850,21895
21850,21896
21850,21983
21850,22013
21850,22041
21850,22066
21850,21176
21850,21803
21850,21808
21850,21810
21850,21829
21850,21837
21850,21839
21850,21846
21850,21854
21850,21858
21850,21870
21850,21882
21859,21877
21859,21879
21859,21891
21859,21895
21859,21896
21859,22013
21859,22066
21859,22067
21859,12536
21859,14218
21859,23625
21859,24594
21859,21829
21859,21837
21859,21839
21859,21846
21859,21853
21859,21854
21859,21858
21859,21880
21859,21882
21859,21902
21859,21904
21859,26062
21859,24256
21877,21879
21877,21891
21877,21895
21877,21896
21877,21983
21877,22013
21877,22041
21877,22066
21877,22071
21877,9335
21877,13215
21877,13841
21877,15689
21877,21853
21877,21854
21877,21858
21877,21870
21877,21880
21877,21904
21877,21905
21877,21907
21877,25630
21877,27161
21879,21891
21879,21895
21879,21896
21879,22013
21879,22041
21879,22066
21879,22071
21879,22080
21879,11731
21879,21614
21879,21988
21879,11684
21879,21839
21879,21846
21879,21853
21879,21854
21879,21858
21879,21870
21879,21880
21879,21882
21879,21902
21879,21904
21879,21905
21879,21907
21879,21912
21891,21895
21891,21896
21891,21983
21891,22013
21891,22041
21891,22066
21891,22067
21891,22071
21891,22080
21891,22084
21891,21853
21891,21854
21891,21858
21891,21870
21891,21880
21891,21882
21891,21902
21891,21904
21891,21905
21891,21907
21891,21912
21891,21919
21891,21922
21891,21924
21891,26656
21895,21983
21895,22013
21895,22041
21895,22066
21895,22067
21895,22086
21895,12894
21895,22166
21895,22469
21895,24058
21895,8164
21895,21853
21895,21870
21895,21880
21895,21882
21895,21896
21895,21902
21895,21904
21895,21905
21895,21907
21895,21912
21895,21919
21895,21922
21895,21924
21895,21934
21896,21983
21896,22041
21896,22066
21896,22067
21896,22071
21896,22080
21896,22084
21896,22086
21896,22102
21896,23895
21896,13822
21896,8902
21896,15257
21896,21854
21896,21858
21896,21880
21896,21882
21896,21902
21896,21904
21896,21905
21896,21907
21896,21912
21896,21919
21896,21924
21896,21934
21896,21941
21983,22013
21983,22041
21983,22066
21983,22067
21983,22071
21983,22080
21983,22084
21983,22086
21983,22102
21983,22105
21983,26029
21983,24843
21983,9142
21983,21941
21983,21950
21983,21951
21983,21960
21983,21961
21983,21965
21983,21966
21983,21968
21983,21979
21983,21980
21983,21987
21983,21988
21983,21991
21983,21993
21983,21999
21983,22002
21983,22004
21983,22007
21983,22008
21983,22009
21983,25041
22013,22041
22013,22066
22013,22067
22013,22071
22013,22080
22013,22084
22013,22086
22013,22105
22013,22113
22013,21987
22013,21988
22013,21991
22013,21993
22013,21999
22013,22002
22013,22004
22013,22007
22013,22008
22013,22009
22013,22015
22013,22016
22013,22024
22013,22028
22013,22031
22013,22039
22013,22055
22013,22060
22013,22405
22041,22066
22041,22067
22041,22080
22041,22084
22041,22086
22041,22102
22041,22105
22041,22113
22041,22121
22041,26339
22041,22008
22041,22016
22041,22023
22041,22024
22041,22028
22041,22031
22041,22039
22041,22055
22041,22060
22041,22071
22041,22092
22041,22094
22066,22067
22066,22071
22066,22080
22066,22084
22066,22086
22066,22102
22066,22113
22066,22121
22066,22128
22066,25406
22066,22015
22066,22023
22066,22024
22066,22028
22066,22031
22066,22039
22066,22055
22066,22060
22066,22092
22066,22094
22066,22100
22067,22071
22067,22080
22067,22113
22067,22128
22067,22137
22067,21322
22067,23541
22067,24870
22067,19346
22067,22111
22067,19409
22067,22023
22067,22024
22067,22028
22067,22031
22067,22039
22067,22055
22067,22060
22067,22084
22067,22092
22067,22094
22067,22100
22067,22102
22067,22105
22067,24598
22071,22080
22071,22084
22071,22086
22071,22102
22071,22113
22071,22121
22071,22128
22071,22137
22071,22141
22071,24604
22071,10834
22071,13435
22071,17132
22071,22023
22071,22024
22071,22055
22071,22060
22071,22092
22071,22094
22071,22100
22071,22105
22071,22106
22071,22111
22071,23476
22080,22084
22080,22086
22080,22102
22080,22105
22080,22113
22080,22121
22080,22128
22080,22137
22080,22141
22080,22151
22080,22024
22080,22028
22080,22039
22080,22055
22080,22060
22080,22092
22080,22094
22080,22100
22080,22106
22080,24073
22080,23975
22084,22086
22084,22102
22084,22105
22084,22113
22084,22121
22084,22128
22084,22137
22084,22141
22084,22151
22084,22166
22084,18991
22084,17426
22084,22039
22084,22055
22084,22060
22084,22092
22084,22094
22084,22100
22084,22106
22084,22111
22084,22115
22084,23457
22086,22102
22086,22113
22086,22121
22086,22128
22086,22137
22086,22141
22086,22151
22086,22166
22086,22168
22086,24506
22086,23906
22086,11653
22086,22031
22086,22039
22086,22055
22086,22060
22086,22092
22086,22094
22086,22105
22086,22111
22086,22115
22086,25976
22086,23481
22102,22105
22102,22113
22102,22137
22102,22141
22102,22151
22102,22166
22102,22168
22102,22183
22102,24198
22102,10053
22102,22060
22102,22092
22102,22094
22102,22100
22102,22106
22102,22111
22102,22115
22102,22118
22102,22120
22102,22121
22102,22122
22102,22128
22102,25214
22105,22113
22105,22121
22105,22128
22105,22137
22105,22141
22105,22151
22105,22166
22105,22168
22105,22183
22105,22186
22105,18157
22105,22092
22105,22094
22105,22100
22105,22106
22105,22111
22105,22115
22105,22118
22105,22120
22105,22122
22105,22134
22113,22121
22113,22128
22113,22137
22113,22141
22113,22151
22113,22168
22113,22183
22113,22186
22113,22192
22113,17242
22113,22092
22113,22094
22113,22100
22113,22106
22113,22111
22113,22115
22113,22118
22113,22120
22113,22122
22113,22134
22113,24943
22121,22128
22121,22137
22121,22141
22121,22151
22121,22166
22121,22168
22121,22183
22121,22186
22121,22192
22121,22196
22121,10715
22121,20635
22121,22094
22121,22111
22121,22115
22121,22118
22121,22120
22121,22134
22121,22142
22121,22148
22121,22164
22128,22137
22128,22141
22128,22151
22128,22166
22128,22168
22128,22183
22128,22186
22128,22192
22128,22196
22128,22214
22128,15679
22128,15803
22128,22106
22128,22118
22128,22120
22128,22122
22128,22134
22128,22142
22128,22148
22128,22164
22128,22171
22137,22141
22137,22151
22137,22166
22137,22168
22137,22183
22137,22186
22137,22192
22137,22196
22137,22214
22137,22223
22137,18749
22137,27263
22137,22106
22137,22111
22137,22115
22137,22118
22137,22120
22137,22122
22137,22134
22137,22148
22137,22164
22137,22171
22137,22172
22137,22180
22141,22151
22141,22166
22141,22168
22141,22183
22141,22186
22141,22192
22141,22196
22141,22214
22141,22223
22141,9907
22141,12697
22141,14394
22141,20844
22141,22111
22141,22115
22141,22120
22141,22122
22141,22134
22141,22142
22141,22148
22141,22164
22141,22171
22141,22172
22141,22180
22141,24167
22151,22166
22151,22168
22151,22186
22151,22196
22151,22214
22151,22223
22151,22271
22151,22275
22151,10159
22151,18702
22151,13311
22151,25767
22151,11965
22151,17162
22151,22118
22151,22120
22151,22122
22151,22134
22151,22142
22151,22148
22151,22164
22151,22171
22151,22172
22151,22180
22151,22181
22151,22187
22151,23324
22166,22168
22166,22183
22166,22186
22166,22192
22166,22196
22166,22214
22166,22223
22166,22271
22166,22275
22166,22278
22166,8682
22166,11465
22166,20419
22166,22122
22166,22148
22166,22164
22166,22171
22166,22172
22166,22180
22166,22187
22166,22188
22168,22183
22168,22186
22168,22192
22168,22196
22168,22214
22168,22223
22168,22271
22168,22275
22168,22278
22168,22302
22168,22122
22168,22134
22168,22142
22168,22148
22168,22164
22168,22171
22168,22172
22168,22180
22168,22181
22168,22187
22168,22188
22168,22193
22183,22192
22183,22196
22183,22214
22183,22223
22183,22271
22183,22275
22183,22278
22183,22310
22183,25685
22183,12290
22183,19624
22183,20483
22183,22142
22183,22148
22183,22164
22183,22171
22183,22180
22183,22181
22183,22186
22183,22187
22183,22193
22183,22195
22183,22200
22183,22202
22186,22192
22186,22196
22186,22214
22186,22223
22186,22271
22186,22275
22186,22278
22186,22310
22186,22321
22186,25551
22186,8774
22186,18157
22186,22148
22186,22164
22186,22171
22186,22172
22186,22180
22186,22181
22186,22187
22186,22188
22186,22193
22186,22200
22186,22216
22186,27263
22192,22196
22192,22214
22192,22223
22192,22275
22192,22278
22192,22302
22192,22310
22192,22321
22192,26991
22192,22171
22192,22172
22192,22180
22192,22181
22192,22187
22192,22193
22192,22200
22192,22202
22192,22216
22192,22221
22192,22222
22192,24611
22192,23316
22196,22214
22196,22271
22196,22275
22196,22278
22196,22310
22196,22321
22196,22344
22196,22345
22196,14718
22196,17077
22196,15262
22196,10493
22196,16859
22196,22180
22196,22181
22196,22187
22196,22188
22196,22193
22196,22195
22196,22202
22196,22216
22196,22222
22196,22223
22196,22225
22196,22229
22196,22231
22196,25848
22214,22223
22214,22271
22214,22275
22214,22278
22214,22302
22214,22310
22214,22321
22214,22344
22214,22345
22214,22355
22214,22187
22214,22188
22214,22193
22214,22195
22214,22200
22214,22202
22214,22216
22214,22221
22214,22222
22214,22225
22214,22229
22214,22231
22214,22234
22214,22254
22214,22257
22214,22785
22223,22271
22223,22275
22223,22278
22223,22310
22223,22321
22223,22344
22223,22345
22223,22355
22223,22380
22223,13024
22223,22193
22223,22195
22223,22202
22223,22216
22223,22221
22223,22222
22223,22225
22223,22229
22223,22231
22223,22234
22223,22254
22223,22257
22223,22261
22223,26915
22271,22275
22271,22278
22271,22302
22271,22310
22271,22321
22271,22345
22271,22355
22271,22380
22271,22390
22271,23637
22271,22225
22271,22229
22271,22231
22271,22234
22271,22254
22271,22257
22271,22260
22271,22261
22271,22264
22271,22277
22271,22288
22271,22289
22271,22292
22271,22299
22271,22303
22271,23098
22275,22302
22275,22310
22275,22321
22275,22344
22275,22345
22275,22355
22275,22380
22275,22407
22275,13096
22275,10642
22275,18720
22275,22225
22275,22229
22275,22231
22275,22234
22275,22254
22275,22257
22275,22260
22275,22261
22275,22264
22275,22277
22275,22288
22275,22292
22275,22293
22275,22303
22278,22302
22278,22310
22278,22321
22278,22344
22278,22345
22278,22355
22278,22380
22278,22390
22278,22407
22278,11044
22278,9318
22278,17776
22278,18958
22278,22234
22278,22254
22278,22257
22278,22260
22278,22261
22278,22264
22278,22277
22278,22288
22278,22289
22278,22293
22278,22299
22278,22303
22278,23282
22302,22310
22302,22321
22302,22344
22302,22345
22302,22355
22302,22390
22302,22407
22302,22435
22302,22437
22302,22565
22302,14850
22302,18128
22302,22264
22302,22277
22302,22288
22302,22289
22302,22292
22302,22293
22302,22299
22302,22303
22302,22309
22302,22315
22302,22329
22302,22331
22302,22332
22310,22321
22310,22344
22310,22345
22310,22355
22310,22380
22310,22390
22310,22407
22310,22435
22310,22437
22310,22441
22310,14532
22310,18301
22310,26390
22310,22288
22310,22289
22310,22292
22310,22293
22310,22299
22310,22303
22310,22309
22310,22315
22310,22329
22310,22331
22310,22332
22310,22347
22310,22350
22310,22352
22321,22344
22321,22345
22321,22355
22321,22380
22321,22390
22321,22407
22321,22435
22321,22437
22321,22444
22321,25881
22321,21073
22321,22288
22321,22289
22321,22292
22321,22293
22321,22299
22321,22303
22321,22309
22321,22315
22321,22331
22321,22332
22321,22347
22321,22350
22321,22360
22344,22345
22344,22355
22344,22380
22344,22390
22344,22407
22344,22435
22344,22437
22344,22441
22344,8974
22344,22299
22344,22303
22344,22309
22344,22315
22344,22329
22344,22331
22344,22332
22344,22347
22344,22350
22344,22352
22344,22360
22344,22362
22344,22364
22344,22370
22344,22375
22345,22355
22345,22380
22345,22390
22345,22407
22345,22435
22345,22437
22345,22441
22345,22444
22345,22445
22345,22488
22345,22303
22345,22309
22345,22315
22345,22329
22345,22331
22345,22332
22345,22347
22345,22350
22345,22352
22345,22360
22345,22362
22345,22364
22345,22370
22345,22375
22355,22380
22355,22390
22355,22407
22355,22435
22355,22437
22355,22444
22355,22488
22355,22500
22355,19401
22355,19402
22355,18554
22355,22315
22355,22329
22355,22331
22355,22332
22355,22347
22355,22350
22355,22352
22355,22360
22355,22362
22355,22364
22355,22370
22355,22375
22355,22384
22355,22385
22355,22389
22380,22390
22380,22435
22380,22437
22380,22441
22380,22444
22380,22445
22380,22488
22380,22500
22380,22505
22380,22766
22380,22347
22380,22350
22380,22352
22380,22360
22380,22362
22380,22364
22380,22370
22380,22375
22380,22384
22380,22385
22380,22389
22380,22393
22380,22394
22380,22395
22380,22397
22380,22404
22380,22405
22380,23605
22390,22437
22390,22441
22390,22444
22390,22445
22390,22488
22390,22500
22390,22505
22390,22509
22390,19955
22390,13172
22390,26322
22390,22360
22390,22362
22390,22364
22390,22370
22390,22375
22390,22384
22390,22385
22390,22393
22390,22394
22390,22395
22390,22397
22390,22404
22390,22405
22390,22406
22390,22407
22390,22424
22390,22428
22407,22435
22407,22437
22407,22441
22407,22444
22407,22445
22407,22488
22407,22500
22407,22505
22407,22509
22407,22535
22407,9907
22407,8774
22407,22385
22407,22389
22407,22394
22407,22395
22407,22397
22407,22404
22407,22406
22407,22424
22407,22428
22407,22439
22407,22446
22407,22452
22435,22437
22435,22444
22435,22445
22435,22488
22435,22500
22435,22505
22435,22509
22435,22535
22435,22551
22435,15770
22435,27145
22435,22393
22435,22394
22435,22395
22435,22397
22435,22404
22435,22405
22435,22406
22435,22424
22435,22428
22435,22441
22435,22446
22435,22452
22435,22460
22435,22463
22437,22444
22437,22445
22437,22488
22437,22500
22437,22505
22437,22535
22437,22551
22437,22564
22437,24797
22437,22394
22437,22395
22437,22397
22437,22405
22437,22406
22437,22424
22437,22428
22437,22439
22437,22441
22437,22446
22437,22452
22437,22460
22437,22461
22437,22463
22437,22469
22441,22444
22441,22445
22441,22488
22441,22500
22441,22505
22441,22509
22441,22535
22441,22551
22441,22564
22441,22565
22441,22397
22441,22404
22441,22405
22441,22406
22441,22424
22441,22428
22441,22439
22441,22446
22441,22452
22441,22460
22441,22461
22441,22463
22441,22476
22441,22478
22444,22445
22444,22488
22444,22500
22444,22505
22444,22509
22444,22535
22444,22551
22444,22564
22444,22565
22444,22647
22444,10178
22444,11004
22444,22404
22444,22405
22444,22406
22444,22424
22444,22428
22444,22439
22444,22446
22444,22452
22444,22461
22444,22463
22444,22469
22444,22476
22444,22480
22444,24738
22445,22488
22445,22500
22445,22505
22445,22509
22445,22535
22445,22564
22445,22565
22445,22647
22445,22652
22445,25679
22445,9948
22445,16117
22445,22405
22445,22406
22445,22424
22445,22439
22445,22446
22445,22452
22445,22460
22445,22463
22445,22469
22445,22478
22445,22480
22445,23845
22445,26005
22488,22505
22488,22509
22488,22535
22488,22551
22488,22564
22488,22565
22488,22647
22488,22652
22488,22660
22488,15888
22488,25718
22488,22446
22488,22452
22488,22460
22488,22461
22488,22463
22488,22469
22488,22476
22488,22480
22488,22489
22488,22496
22488,22498
22488,22500
22488,22507
22488,22515
22488,22516
22488,22518
22500,22505
22500,22509
22500,22535
22500,22551
22500,22564
22500,22565
22500,22647
22500,22652
22500,22660
22500,22662
22500,25747
22500,22461
22500,22463
22500,22469
22500,22476
22500,22478
22500,22480
22500,22489
22500,22496
22500,22498
22500,22507
22500,22515
22500,22516
22500,22518
22500,22520
22500,22521
22500,22522
22500,22523
22505,22509
22505,22535
22505,22551
22505,22564
22505,22565
22505,22647
22505,22652
22505,22660
22505,22662
22505,17309
22505,15655
22505,22463
22505,22469
22505,22476
22505,22478
22505,22480
22505,22489
22505,22496
22505,22498
22505,22507
22505,22515
22505,22516
22505,22518
22505,22520
22505,22521
22505,22522
22505,22531
22505,23535
22505,26870
22509,22535
22509,22551
22509,22564
22509,22565
22509,22647
22509,22660
22509,22662
22509,22680
22509,22718
22509,25084
22509,24336
22509,19882
22509,22476
22509,22478
22509,22480
22509,22489
22509,22496
22509,22498
22509,22507
22509,22515
22509,22516
22509,22518
22509,22520
22509,22521
22509,22522
22509,22523
22509,22531
22509,22537
22535,22551
22535,22564
22535,22647
22535,22652
22535,22660
22535,22662
22535,22680
22535,22766
22535,23032
22535,25580
22535,11497
22535,22507
22535,22515
22535,22516
22535,22518
22535,22520
22535,22521
22535,22522
22535,22523
22535,22531
22535,22537
22535,22542
22535,22554
22535,22556
22535,22558
22535,22565
22535,22566
22535,22568
22551,22565
22551,22647
22551,22652
22551,22662
22551,22680
22551,22718
22551,22766
22551,8685
22551,12857
22551,22516
22551,22518
22551,22520
22551,22521
22551,22522
22551,22523
22551,22531
22551,22537
22551,22542
22551,22554
22551,22556
22551,22564
22551,22568
22551,22569
22551,22572
22551,22576
22551,25436
22551,25370
22564,22565
22564,22647
22564,22652
22564,22660
22564,22662
22564,22680
22564,22718
22564,22766
22564,22767
22564,22785
22564,22522
22564,22523
22564,22537
22564,22542
22564,22554
22564,22556
22564,22558
22564,22566
22564,22568
22564,22569
22564,22572
22564,22576
22564,22579
22564,22580
22564,22581
22564,22586
22564,25019
22565,22647
22565,22652
22565,22660
22565,22662
22565,22680
22565,22718
22565,22766
22565,22767
22565,22785
22565,22792
22565,18309
22565,22364
22565,22523
22565,22531
22565,22537
22565,22542
22565,22554
22565,22556
22565,22558
22565,22566
22565,22568
22565,22569
22565,22576
22565,22579
22565,22580
22565,22586
22565,22598
22647,22652
22647,22660
22647,22662
22647,22680
22647,22718
22647,22766
22647,22767
22647,22785
22647,22792
22647,22813
22647,12418
22647,22580
22647,22581
22647,22586
22647,22598
22647,22611
22647,22621
22647,22626
22647,22630
22647,22635
22647,22639
22647,22668
22647,22675
22647,22687
22647,22697
22647,25456
22652,22662
22652,22680
22652,22718
22652,22766
22652,22767
22652,22785
22652,22792
22652,22813
22652,22859
22652,24005
22652,22581
22652,22611
22652,22621
22652,22626
22652,22630
22652,22635
22652,22639
22652,22660
22652,22664
22652,22667
22652,22668
22652,22675
22652,22687
22652,22697
22652,22699
22660,22662
22660,22680
22660,22718
22660,22766
22660,22767
22660,22785
22660,22792
22660,22813
22660,22859
22660,22872
22660,22586
22660,22598
22660,22611
22660,22621
22660,22626
22660,22630
22660,22635
22660,22639
22660,22664
22660,22667
22660,22668
22660,22675
22660,22687
22660,22697
22660,22699
22660,22702
22662,22680
22662,22718
22662,22766
22662,22767
22662,22785
22662,22792
22662,22859
22662,22888
22662,12587
22662,22598
22662,22611
22662,22621
22662,22626
22662,22630
22662,22635
22662,22639
22662,22664
22662,22667
22662,22668
22662,22675
22662,22687
22662,22699
22662,22702
22680,22766
22680,22785
22680,22792
22680,22813
22680,22859
22680,22872
22680,22888
22680,22889
22680,26757
22680,19353
22680,18324
22680,13435
22680,22635
22680,22639
22680,22664
22680,22667
22680,22668
22680,22675
22680,22687
22680,22697
22680,22702
22680,22706
22680,22710
22680,22711
22680,22718
22680,22724
22680,22728
22718,22766
22718,22767
22718,22785
22718,22792
22718,22813
22718,22859
22718,22872
22718,22888
22718,22889
22718,22944
22718,18375
22718,19925
22718,21596
22718,22668
22718,22675
22718,22687
22718,22697
22718,22702
22718,22706
22718,22710
22718,22711
22718,22724
22718,22735
22718,22737
22718,22746
22718,22748
22718,22754
22718,22757
22718,22758
22718,22761
22718,25276
22766,22767
22766,22785
22766,22792
22766,22813
22766,22872
22766,22888
22766,22889
22766,22944
22766,22965
22766,15398
22766,7849
22766,22724
22766,22728
22766,22735
22766,22737
22766,22746
22766,22748
22766,22754
22766,22757
22766,22761
22766,22768
22766,22772
22766,22774
22766,22777
22766,22780
22766,22784
22766,22787
22767,22785
22767,22792
22767,22813
22767,22859
22767,22872
22767,22888
22767,22889
22767,22944
22767,22965
22767,22966
22767,16255
22767,21345
22767,22728
22767,22735
22767,22737
22767,22746
22767,22748
22767,22754
22767,22757
22767,22758
22767,22761
22767,22768
22767,22772
22767,22774
22767,22777
22767,22780
22767,22781
22767,22784
22767,22787
22767,22788
22785,22792
22785,22813
22785,22859
22785,22872
22785,22888
22785,22889
22785,22944
22785,22965
22785,22972
22785,25993
22785,22761
22785,22768
22785,22772
22785,22774
22785,22777
22785,22780
22785,22781
22785,22784
22785,22787
22785,22788
22785,22789
22785,22790
22785,22796
22785,22800
22785,22805
22785,22807
22785,22808
22792,22813
22792,22859
22792,22872
22792,22888
22792,22889
22792,22965
22792,22966
22792,22972
22792,22974
22792,25994
22792,10861
22792,22774
22792,22777
22792,22780
22792,22781
22792,22784
22792,22787
22792,22788
22792,22789
22792,22790
22792,22796
22792,22800
22792,22805
22792,22807
22792,22808
22792,22809
22792,22821
22792,22823
22813,22859
22813,22872
22813,22889
22813,22965
22813,22966
22813,22972
22813,22974
22813,22989
22813,26058
22813,24052
22813,14561
22813,16565
22813,22122
22813,22788
22813,22789
22813,22790
22813,22796
22813,22800
22813,22805
22813,22807
22813,22808
22813,22816
22813,22821
22813,22823
22813,22829
22813,22832
22813,22839
22813,22850
22859,22872
22859,22888
22859,22889
22859,22944
22859,22965
22859,22966
22859,22974
22859,22989
22859,22994
22859,12137
22859,7844
22859,22821
22859,22823
22859,22829
22859,22832
22859,22839
22859,22848
22859,22850
22859,22855
22859,22860
22859,22861
22859,22864
22859,22869
22859,22878
22859,22882
22859,22883
22859,22885
22872,22888
22872,22889
22872,22944
22872,22965
22872,22966
22872,22972
22872,22974
22872,22989
22872,22994
22872,22999
22872,20835
22872,25185
22872,22839
22872,22848
22872,22850
22872,22855
22872,22860
22872,22861
22872,22864
22872,22869
22872,22878
22872,22882
22872,22883
22872,22885
22872,22894
22872,22897
22872,22899
22872,22904
22888,22944
22888,22965
22888,22972
22888,22974
22888,22989
22888,22994
22888,22999
22888,23007
22888,18243
22888,22498
22888,22860
22888,22861
22888,22864
22888,22869
22888,22878
22888,22882
22888,22883
22888,22885
22888,22889
22888,22894
22888,22897
22888,22899
22888,22905
22888,22912
22888,22919
22888,22922
22888,22927
22888,25981
22889,22944
22889,22966
22889,22972
22889,22974
22889,22989
22889,22994
22889,22999
22889,23007
22889,23023
22889,11711
22889,22860
22889,22864
22889,22869
22889,22878
22889,22882
22889,22883
22889,22885
22889,22894
22889,22897
22889,22899
22889,22904
22889,22905
22889,22912
22889,22919
22889,22922
22889,23646
22944,22965
22944,22966
22944,22972
22944,22974
22944,22989
22944,22994
22944,22999
22944,23007
22944,23023
22944,23036
22944,22904
22944,22905
22944,22912
22944,22919
22944,22922
22944,22927
22944,22931
22944,22940
22944,22942
22944,22943
22944,22958
22944,22960
22944,22962
22944,22967
22944,22982
22944,22984
22944,24383
22965,22972
22965,22974
22965,22989
22965,22994
22965,22999
22965,23007
22965,23023
22965,23036
22965,23055
22965,25840
22965,7966
22965,21164
22965,8456
22965,22922
22965,22927
22965,22931
22965,22940
22965,22942
22965,22943
22965,22958
22965,22960
22965,22962
22965,22966
22965,22967
22965,22982
22965,22984
22965,22986
22965,22993
22966,22972
22966,22989
22966,22994
22966,23007
22966,23023
22966,23036
22966,23055
22966,23067
22966,15423
22966,23358
22966,10322
22966,10340
22966,12890
22966,17131
22966,22927
22966,22931
22966,22940
22966,22943
22966,22958
22966,22960
22966,22962
22966,22974
22966,22982
22966,22984
22966,22986
22966,22993
22972,22974
22972,22989
22972,22999
22972,23007
22972,23023
22972,23055
22972,23067
22972,23071
22972,25883
22972,25185
22972,15891
22972,15100
22972,22940
22972,22942
22972,22958
22972,22960
22972,22962
22972,22967
22972,22982
22972,22984
22972,22993
22972,22994
22972,23004
22972,23005
22974,22989
22974,22994
22974,22999
22974,23007
22974,23023
22974,23036
22974,23067
22974,23071
22974,23093
22974,11914
22974,17817
22974,15875
22974,22942
22974,22943
22974,22960
22974,22962
22974,22967
22974,22982
22974,22984
22974,22986
22974,22993
22974,23004
22974,23005
22989,22994
22989,22999
22989,23007
22989,23036
22989,23067
22989,23093
22989,23095
22989,13513
22989,23596
22989,10187
22989,22904
22989,22967
22989,22982
22989,22984
22989,22986
22989,22993
22989,23004
22989,23005
22989,23014
22989,23023
22989,23025
22994,22999
22994,23007
22994,23023
22994,23055
22994,23067
22994,23071
22994,23093
22994,23109
22994,27402
22994,22967
22994,22982
22994,22984
22994,22986
22994,23004
22994,23005
22994,23014
22994,23021
22994,23025
22994,23026
22994,23029
22999,23007
22999,23023
22999,23036
22999,23055
22999,23067
22999,23071
22999,23093
22999,23095
22999,23109
22999,23116
22999,11043
22999,22967
22999,22984
22999,22986
22999,22993
22999,23004
22999,23005
22999,23014
22999,23021
22999,23025
22999,23026
22999,23029
23007,23036
23007,23055
23007,23067
23007,23071
23007,23093
23007,23095
23007,23109
23007,23116
23007,23117
23007,18759
23007,14929
23007,22984
23007,22986
23007,22993
23007,23004
23007,23014
23007,23021
23007,23023
23007,23025
23007,23026
23007,23031
23007,23032
23007,23033
23007,23034
23007,23218
23007,23320
23023,23036
23023,23067
23023,23071
23023,23093
23023,23095
23023,23109
23023,23116
23023,23117
23023,23121
23023,19523
23023,11700
23023,11801
23023,14611
23023,21659
23023,22986
23023,22993
23023,23005
23023,23014
23023,23021
23023,23025
23023,23026
23023,23029
23023,23031
23023,23032
23023,23034
23023,23047
23023,23049
23036,23055
23036,23071
23036,23095
23036,23109
23036,23116
23036,23117
23036,23121
23036,23146
23036,12939
23036,23014
23036,23021
23036,23025
23036,23026
23036,23031
23036,23032
23036,23033
23036,23034
23036,23047
23036,23049
23036,23064
23036,23068
23036,23072
23036,23080
23036,23087
23036,25499
23055,23067
23055,23071
23055,23093
23055,23095
23055,23109
23055,23116
23055,23117
23055,23121
23055,23157
23055,26450
23055,23025
23055,23026
23055,23029
23055,23032
23055,23034
23055,23047
23055,23049
23055,23064
23055,23068
23055,23072
23055,23080
23055,23087
23055,23098
23067,23071
23067,23093
23067,23095
23067,23116
23067,23117
23067,23121
23067,23146
23067,23162
23067,14114
23067,18157
23067,23029
23067,23031
23067,23032
23067,23033
23067,23034
23067,23047
23067,23049
23067,23064
23067,23068
23067,23080
23067,23087
23067,23098
23067,23107
23067,23108
23071,23093
23071,23095
23071,23109
23071,23116
23071,23117
23071,23121
23071,23146
23071,23157
23071,23162
23071,23165
23071,23628
23071,10907
23071,23032
23071,23033
23071,23034
23071,23047
23071,23049
23071,23064
23071,23068
23071,23072
23071,23080
23071,23087
23071,23098
23071,23107
23071,23108
23071,23110
23093,23095
23093,23109
23093,23117
23093,23121
23093,23146
23093,23157
23093,23162
23093,23165
23093,23195
23093,10680
23093,23047
23093,23049
23093,23064
23093,23072
23093,23080
23093,23087
23093,23098
23093,23107
23093,23108
23093,23110
23093,23116
23093,23393
23095,23109
23095,23116
23095,23121
23095,23146
23095,23157
23095,23162
23095,23165
23095,23195
23095,23197
23095,19580
23095,17375
23095,23049
23095,23064
23095,23068
23095,23072
23095,23080
23095,23087
23095,23098
23095,23107
23095,23108
23095,23110
23095,23117
23095,23132
23095,23138
23109,23116
23109,23117
23109,23121
23109,23146
23109,23157
23109,23162
23109,23165
23109,23195
23109,23197
23109,23217
23109,23072
23109,23080
23109,23087
23109,23098
23109,23107
23109,23108
23109,23132
23109,23138
23109,23145
23109,23153
23109,26383
23116,23117
23116,23121
23116,23146
23116,23157
23116,23162
23116,23165
23116,23195
23116,23197
23116,23217
23116,23225
23116,23072
23116,23087
23116,23098
23116,23107
23116,23108
23116,23110
23116,23132
23116,23138
23116,23153
23116,23160
23116,23161
23117,23121
23117,23146
23117,23162
23117,23165
23117,23195
23117,23197
23117,23217
23117,23225
23117,23235
23117,13731
23117,23080
23117,23087
23117,23107
23117,23108
23117,23110
23117,23138
23117,23153
23117,23157
23117,23160
23117,23161
23121,23162
23121,23165
23121,23195
23121,23197
23121,23217
23121,23235
23121,23245
23121,13534
23121,23087
23121,23107
23121,23108
23121,23110
23121,23132
23121,23138
23121,23145
23121,23146
23121,23153
23121,23157
23121,23160
23121,23161
23146,23157
23146,23162
23146,23165
23146,23195
23146,23197
23146,23217
23146,23235
23146,23245
23146,21176
23146,24010
23146,26429
23146,23940
23146,9331
23146,23107
23146,23108
23146,23110
23146,23132
23146,23138
23146,23145
23146,23153
23146,23160
23146,23167
23146,23171
23146,23173
23146,23175
23157,23162
23157,23165
23157,23195
23157,23197
23157,23217
23157,23235
23157,23245
23157,23249
23157,17597
23157,25739
23157,10140
23157,17439
23157,22894
23157,23110
23157,23132
23157,23138
23157,23145
23157,23153
23157,23160
23157,23167
23157,23171
23157,23173
23157,23175
23157,23179
23157,23182
23157,24651
23162,23165
23162,23195
23162,23197
23162,23217
23162,23225
23162,23235
23162,23245
23162,23249
23162,23252
23162,23253
23162,10529
23162,23132
23162,23138
23162,23145
23162,23153
23162,23160
23162,23161
23162,23167
23162,23171
23162,23173
23162,23175
23162,23179
23162,23182
23162,23189
23165,23195
23165,23197
23165,23217
23165,23225
23165,23235
23165,23245
23165,23249
23165,23252
23165,23253
23165,23283
23165,12939
23165,23132
23165,23138
23165,23145
23165,23153
23165,23160
23165,23161
23165,23167
23165,23171
23165,23173
23165,23175
23165,23179
23165,23182
23165,23189
23165,23191
23165,23196
23195,23197
23195,23217
23195,23225
23195,23235
23195,23245
23195,23249
23195,23252
23195,23253
23195,23283
23195,23285
23195,14674
23195,23171
23195,23173
23195,23175
23195,23179
23195,23182
23195,23189
23195,23191
23195,23196
23195,23206
23195,23207
23195,23218
23195,23232
23195,25385
23197,23217
23197,23225
23197,23235
23197,23245
23197,23252
23197,23253
23197,23285
23197,23293
23197,20700
23197,23691
23197,23171
23197,23173
23197,23175
23197,23179
23197,23182
23197,23189
23197,23191
23197,23196
23197,23206
23197,23207
23197,23218
23197,23219
23197,23221
23197,23232
23197,23236
23217,23225
23217,23235
23217,23245
23217,23249
23217,23252
23217,23253
23217,23283
23217,23285
23217,23293
23217,24634
23217,11170
23217,23175
23217,23182
23217,23189
23217,23191
23217,23196
23217,23207
23217,23218
23217,23219
23217,23221
23217,23232
23217,23236
23217,23241
23217,23242
23217,26767
23225,23235
23225,23245
23225,23249
23225,23252
23225,23253
23225,23283
23225,23285
23225,23293
23225,23305
23225,25381
23225,20937
23225,23196
23225,23206
23225,23207
23225,23218
23225,23219
23225,23221
23225,23232
23225,23236
23225,23237
23225,23241
23235,23249
23235,23252
23235,23253
23235,23283
23235,23285
23235,23293
23235,23305
23235,23314
23235,23324
23235,17536
23235,11540
23235,12613
23235,23196
23235,23207
23235,23218
23235,23219
23235,23221
23235,23232
23235,23236
23235,23242
23235,23245
23235,23262
23235,23281
23245,23249
23245,23252
23245,23253
23245,23293
23245,23305
23245,23314
23245,23324
23245,23340
23245,11014
23245,22395
23245,23218
23245,23219
23245,23221
23245,23236
23245,23237
23245,23241
23245,23242
23245,23262
23245,23282
23245,23285
23245,23288
23245,23289
23249,23252
23249,23253
23249,23283
23249,23285
23249,23293
23249,23305
23249,23314
23249,23324
23249,23340
23249,17340
23249,25406
23249,23219
23249,23221
23249,23232
23249,23236
23249,23237
23249,23241
23249,23242
23249,23262
23249,23281
23249,23282
23249,23288
23249,23291
23249,23641
23252,23253
23252,23283
23252,23285
23252,23293
23252,23305
23252,23314
23252,23324
23252,23340
23252,23343
23252,23355
23252,8450
23252,23221
23252,23232
23252,23236
23252,23237
23252,23241
23252,23242
23252,23262
23252,23288
23252,23289
23252,23291
23253,23283
23253,23293
23253,23305
23253,23314
23253,23324
23253,23340
23253,23343
23253,23355
23253,23365
23253,25552
23253,13770
23253,11598
23253,19619
23253,23232
23253,23237
23253,23241
23253,23242
23253,23262
23253,23282
23253,23285
23253,23288
23253,23289
23253,23291
23253,23295
23283,23285
23283,23293
23283,23305
23283,23314
23283,23340
23283,23343
23283,23355
23283,23365
23283,23370
23283,21782
23283,23237
23283,23242
23283,23262
23283,23281
23283,23288
23283,23289
23283,23291
23283,23295
23283,23299
23283,23310
23285,23293
23285,23305
23285,23314
23285,23324
23285,23340
23285,23343
23285,23355
23285,23365
23285,23393
23285,21576
23285,23241
23285,23242
23285,23262
23285,23281
23285,23282
23285,23288
23285,23289
23285,23291
23285,23295
23285,23299
23285,23307
23285,23310
23285,23311
23293,23305
23293,23314
23293,23324
23293,23340
23293,23343
23293,23355
23293,23365
23293,23370
23293,23393
23293,23401
23293,17798
23293,23262
23293,23281
23293,23282
23293,23288
23293,23289
23293,23291
23293,23295
23293,23299
23293,23307
23293,23310
23293,23311
23293,23320
23293,23322
23305,23314
23305,23340
23305,23343
23305,23355
23305,23365
23305,23370
23305,23401
23305,23420
23305,10946
23305,10663
23305,13246
23305,23281
23305,23282
23305,23288
23305,23289
23305,23291
23305,23295
23305,23307
23305,23310
23305,23311
23305,23316
23305,23320
23305,23322
23305,23324
23305,23330
23305,23338
23314,23324
23314,23340
23314,23343
23314,23355
23314,23365
23314,23370
23314,23393
23314,23401
23314,23420
23314,23428
23314,23288
23314,23289
23314,23291
23314,23295
23314,23299
23314,23307
23314,23310
23314,23311
23314,23316
23314,23320
23314,23322
23314,23330
23314,23338
23314,23346
23314,23347
23314,25456
23324,23340
23324,23343
23324,23355
23324,23370
23324,23393
23324,23401
23324,23420
23324,23434
23324,16780
23324,18744
23324,15348
23324,23295
23324,23299
23324,23307
23324,23310
23324,23311
23324,23316
23324,23320
23324,23322
23324,23338
23324,23346
23324,23347
23324,23348
23324,23357
23324,23358
23340,23343
23340,23355
23340,23365
23340,23370
23340,23393
23340,23401
23340,23420
23340,23428
23340,23434
23340,23442
23340,23307
23340,23310
23340,23311
23340,23320
23340,23322
23340,23330
23340,23338
23340,23346
23340,23347
23340,23348
23340,23357
23340,23358
23340,23360
23340,23363
23340,26531
23343,23355
23343,23365
23343,23370
23343,23393
23343,23401
23343,23420
23343,23428
23343,23434
23343,23442
23343,23446
23343,24631
23343,21200
23343,23310
23343,23311
23343,23316
23343,23320
23343,23322
23343,23330
23343,23338
23343,23347
23343,23348
23343,23357
23343,23358
23343,23360
23343,23363
23343,23366
23355,23365
23355,23370
23355,23393
23355,23401
23355,23420
23355,23428
23355,23434
23355,23442
23355,23446
23355,23452
23355,25185
23355,17785
23355,23320
23355,23330
23355,23338
23355,23346
23355,23347
23355,23348
23355,23357
23355,23360
23355,23363
23355,23366
23355,23368
23355,23376
23355,23380
23365,23370
23365,23393
23365,23420
23365,23428
23365,23434
23365,23442
23365,23446
23365,23452
23365,26221
23365,13302
23365,23346
23365,23347
23365,23348
23365,23357
23365,23358
23365,23360
23365,23363
23365,23366
23365,23368
23365,23376
23365,23380
23365,23383
23365,23384
23365,23401
23365,23402
23370,23401
23370,23420
23370,23428
23370,23434
23370,23442
23370,23446
23370,23452
23370,23457
23370,23464
23370,15568
23370,22899
23370,11340
23370,23347
23370,23348
23370,23357
23370,23360
23370,23363
23370,23366
23370,23368
23370,23376
23370,23380
23370,23383
23370,23384
23370,23393
23370,23402
23370,23416
23370,23417
23370,23419
23393,23401
23393,23420
23393,23434
23393,23442
23393,23446
23393,23457
23393,23464
23393,23479
23393,15943
23393,23681
23393,23360
23393,23366
23393,23368
23393,23376
23393,23380
23393,23383
23393,23402
23393,23416
23393,23417
23393,23419
23393,23422
23393,23424
23393,23428
23393,23430
23401,23420
23401,23428
23401,23434
23401,23446
23401,23452
23401,23464
23401,23479
23401,23480
23401,11386
23401,23363
23401,23366
23401,23368
23401,23380
23401,23383
23401,23384
23401,23402
23401,23417
23401,23419
23401,23422
23401,23424
23401,23430
23420,23428
23420,23434
23420,23442
23420,23446
23420,23452
23420,23457
23420,23464
23420,23480
23420,23491
23420,16157
23420,8954
23420,14294
23420,15333
23420,23376
23420,23380
23420,23383
23420,23384
23420,23402
23420,23416
23420,23419
23420,23422
23420,23424
23420,23430
23420,23435
23420,23450
23420,27011
23428,23434
23428,23442
23428,23446
23428,23452
23428,23457
23428,23464
23428,23479
23428,23480
23428,23491
23428,23497
23428,23384
23428,23402
23428,23416
23428,23417
23428,23422
23428,23430
23428,23435
23428,23450
23428,23458
23428,23460
23428,23555
23434,23442
23434,23446
23434,23452
23434,23457
23434,23479
23434,23480
23434,23491
23434,23497
23434,23524
23434,23625
23434,24986
23434,23402
23434,23416
23434,23417
23434,23419
23434,23422
23434,23424
23434,23430
23434,23435
23434,23450
23434,23458
23434,23460
23434,23464
23442,23446
23442,23452
23442,23464
23442,23480
23442,23491
23442,23497
23442,23524
23442,23553
23442,19293
23442,12024
23442,15047
23442,11962
23442,15193
23442,19211
23442,23416
23442,23417
23442,23419
23442,23422
23442,23430
23442,23450
23442,23457
23442,23458
23442,23460
23442,23470
23442,23474
23442,23476
23446,23452
23446,23457
23446,23464
23446,23479
23446,23480
23446,23491
23446,23497
23446,23524
23446,23553
23446,23555
23446,19459
23446,18613
23446,19621
23446,20411
23446,21133
23446,23417
23446,23419
23446,23422
23446,23424
23446,23430
23446,23435
23446,23450
23446,23458
23446,23460
23446,23470
23446,23477
23446,26277
23452,23457
23452,23464
23452,23480
23452,23497
23452,23524
23452,23553
23452,23555
23452,23582
23452,11039
23452,20394
23452,7828
23452,23422
23452,23424
23452,23430
23452,23435
23452,23450
23452,23458
23452,23460
23452,23474
23452,23476
23452,23477
23452,23479
23457,23464
23457,23479
23457,23480
23457,23491
23457,23497
23457,23524
23457,23553
23457,23555
23457,23582
23457,23587
23457,26152
23457,9141
23457,23422
23457,23424
23457,23430
23457,23435
23457,23450
23457,23458
23457,23460
23457,23470
23457,23474
23457,23476
23457,23477
23457,23481
23457,23691
23464,23479
23464,23480
23464,23491
23464,23497
23464,23524
23464,23553
23464,23555
23464,23587
23464,23590
23464,11445
23464,19885
23464,23430
23464,23435
23464,23450
23464,23458
23464,23460
23464,23470
23464,23474
23464,23476
23464,23477
23464,23481
23479,23497
23479,23524
23479,23553
23479,23555
23479,23582
23479,23590
23479,23595
23479,26713
23479,13750
23479,16670
23479,23450
23479,23458
23479,23460
23479,23470
23479,23474
23479,23476
23479,23477
23479,23480
23479,23481
23479,23491
23479,23494
23479,23501
23479,23508
23479,23511
23479,23516
23480,23491
23480,23497
23480,23553
23480,23555
23480,23582
23480,23587
23480,23590
23480,23602
23480,24870
23480,10321
23480,18101
23480,23458
23480,23460
23480,23470
23480,23474
23480,23476
23480,23477
23480,23481
23480,23494
23480,23501
23480,23508
23480,23511
23480,23516
23480,23525
23491,23497
23491,23524
23491,23553
23491,23555
23491,23582
23491,23590
23491,23595
23491,23602
23491,20663
23491,10404
23491,20558
23491,23458
23491,23460
23491,23470
23491,23474
23491,23477
23491,23481
23491,23494
23491,23501
23491,23508
23491,23511
23491,23516
23491,23525
23491,23530
23491,23535
23497,23524
23497,23553
23497,23555
23497,23582
23497,23587
23497,23590
23497,23595
23497,23602
23497,23605
23497,23612
23497,19473
23497,10077
23497,10798
23497,23470
23497,23474
23497,23476
23497,23477
23497,23481
23497,23494
23497,23501
23497,23508
23497,23511
23497,23516
23497,23525
23497,23530
23497,23535
23497,23538
23497,23541
23524,23553
23524,23555
23524,23582
23524,23587
23524,23590
23524,23595
23524,23602
23524,23605
23524,23612
23524,23625
23524,27317
23524,23494
23524,23508
23524,23511
23524,23516
23524,23525
23524,23530
23524,23535
23524,23538
23524,23541
23524,23564
23524,23573
23524,24573
23553,23555
23553,23582
23553,23587
23553,23590
23553,23595
23553,23612
23553,23625
23553,23640
23553,18355
23553,20663
23553,22805
23553,23501
23553,23508
23553,23511
23553,23516
23553,23525
23553,23530
23553,23538
23553,23564
23553,23573
23553,23592
23553,23596
23555,23582
23555,23587
23555,23590
23555,23595
23555,23602
23555,23605
23555,23612
23555,23625
23555,23641
23555,17506
23555,23508
23555,23511
23555,23516
23555,23525
23555,23530
23555,23535
23555,23538
23555,23541
23555,23573
23555,23591
23555,23592
23555,23596
23555,23601
23582,23587
23582,23590
23582,23595
23582,23602
23582,23605
23582,23612
23582,23625
23582,23641
23582,18798
23582,21318
23582,9451
23582,23530
23582,23535
23582,23538
23582,23541
23582,23564
23582,23573
23582,23591
23582,23592
23582,23596
23582,23601
23587,23590
23587,23595
23587,23602
23587,23605
23587,23612
23587,23625
23587,23641
23587,23669
23587,23681
23587,26029
23587,11004
23587,23525
23587,23530
23587,23535
23587,23538
23587,23541
23587,23564
23587,23591
23587,23592
23587,23596
23587,23603
23587,23609
23590,23595
23590,23605
23590,23612
23590,23625
23590,23640
23590,23641
23590,23669
23590,23681
23590,23686
23590,24803
23590,15418
23590,23530
23590,23535
23590,23538
23590,23541
23590,23564
23590,23573
23590,23591
23590,23592
23590,23596
23590,23601
23590,23602
23590,23603
23590,23609
23590,23610
23595,23602
23595,23605
23595,23612
23595,23625
23595,23640
23595,23641
23595,23669
23595,23681
23595,23686
23595,23707
23595,10429
23595,17983
23595,23541
23595,23591
23595,23592
23595,23596
23595,23601
23595,23603
23595,23609
23595,23610
23595,23611
23595,23615
23602,23605
23602,23625
23602,23640
23602,23641
23602,23669
23602,23681
23602,23686
23602,23707
23602,23721
23602,23564
23602,23573
23602,23592
23602,23596
23602,23601
23602,23603
23602,23609
23602,23610
23602,23611
23602,23612
23602,23616
23602,23620
23602,23624
23605,23625
23605,23640
23605,23641
23605,23669
23605,23681
23605,23686
23605,23707
23605,23721
23605,23730
23605,21904
23605,23591
23605,23592
23605,23596
23605,23601
23605,23603
23605,23610
23605,23611
23605,23612
23605,23615
23605,23616
23605,23620
23605,23624
23605,23628
23612,23625
23612,23640
23612,23641
23612,23681
23612,23686
23612,23707
23612,23721
23612,23737
23612,12257
23612,19220
23612,22225
23612,23592
23612,23596
23612,23601
23612,23603
23612,23609
23612,23610
23612,23611
23612,23615
23612,23616
23612,23620
23612,23624
23612,23629
23612,23631
23612,23632
23612,23635
23625,23640
23625,23641
23625,23669
23625,23681
23625,23686
23625,23707
23625,23721
23625,23737
23625,23755
23625,9597
23625,22724
23625,23603
23625,23609
23625,23610
23625,23611
23625,23615
23625,23616
23625,23620
23625,23624
23625,23628
23625,23629
23625,23631
23625,23632
23625,23635
23625,23637
23625,23644
23625,23646
23640,23641
23640,23669
23640,23681
23640,23686
23640,23707
23640,23721
23640,23730
23640,23737
23640,23759
23640,23727
23640,24711
23640,16849
23640,20615
23640,23620
23640,23624
23640,23628
23640,23629
23640,23631
23640,23635
23640,23637
23640,23644
23640,23646
23640,23649
23640,23658
23640,23660
23640,23661
23640,23662
23641,23669
23641,23681
23641,23686
23641,23707
23641,23721
23641,23730
23641,23737
23641,23759
23641,23806
23641,9389
23641,24022
23641,23620
23641,23624
23641,23628
23641,23629
23641,23631
23641,23644
23641,23646
23641,23649
23641,23655
23641,23657
23641,23658
23641,23660
23641,23661
23641,23662
23641,23664
23669,23681
23669,23686
23669,23707
23669,23721
23669,23730
23669,23737
23669,23755
23669,23759
23669,23806
23669,23812
23669,21060
23669,23906
23669,18288
23669,8418
23669,22406
23669,23646
23669,23649
23669,23655
23669,23657
23669,23658
23669,23660
23669,23661
23669,23662
23669,23664
23669,23666
23669,23677
23669,23679
23669,23682
23669,23690
23669,23691
23669,23696
23681,23686
23681,23721
23681,23730
23681,23755
23681,23759
23681,23806
23681,23812
23681,23822
23681,10296
23681,19307
23681,15803
23681,11210
23681,12318
23681,22668
23681,23657
23681,23658
23681,23661
23681,23662
23681,23664
23681,23666
23681,23677
23681,23679
23681,23690
23681,23691
23681,23693
23681,23696
23681,23712
23681,23717
23686,23707
23686,23721
23686,23737
23686,23755
23686,23806
23686,23812
23686,23822
23686,14171
23686,26275
23686,15555
23686,23628
23686,23661
23686,23662
23686,23664
23686,23666
23686,23677
23686,23679
23686,23682
23686,23690
23686,23693
23686,23696
23686,23702
23686,23712
23686,23717
23686,23718
23707,23721
23707,23730
23707,23737
23707,23755
23707,23759
23707,23806
23707,23812
23707,23822
23707,23850
23707,23890
23707,11236
23707,23677
23707,23679
23707,23682
23707,23690
23707,23693
23707,23696
23707,23702
23707,23712
23707,23717
23707,23718
23707,23725
23707,23727
23707,23728
23707,23729
23707,23735
23721,23730
23721,23737
23721,23755
23721,23759
23721,23806
23721,23812
23721,23850
23721,23890
23721,23895
23721,15765
23721,23207
23721,17864
23721,23690
23721,23691
23721,23693
23721,23696
23721,23702
23721,23712
23721,23718
23721,23725
23721,23727
23721,23729
23721,23735
23721,23743
23721,23747
23721,23754
23730,23737
23730,23755
23730,23759
23730,23812
23730,23822
23730,23850
23730,23890
23730,23895
23730,23906
23730,26205
23730,23702
23730,23712
23730,23717
23730,23718
23730,23725
23730,23727
23730,23728
23730,23729
23730,23735
23730,23743
23730,23747
23730,23754
23730,23757
23730,23758
23730,23761
23730,24131
23737,23755
23737,23759
23737,23806
23737,23812
23737,23822
23737,23850
23737,23890
23737,23895
23737,23906
23737,23912
23737,23712
23737,23717
23737,23718
23737,23725
23737,23728
23737,23729
23737,23735
23737,23743
23737,23747
23737,23754
23737,23757
23737,23758
23737,23761
23737,23765
23737,23782
23755,23759
23755,23806
23755,23812
23755,23822
23755,23850
23755,23890
23755,23895
23755,23906
23755,23912
23755,23923
23755,23725
23755,23727
23755,23728
23755,23729
23755,23743
23755,23747
23755,23754
23755,23757
23755,23758
23755,23761
23755,23765
23755,23782
23755,23786
23755,23793
23755,23797
23759,23812
23759,23822
23759,23850
23759,23890
23759,23895
23759,23912
23759,23923
23759,7734
23759,27095
23759,23729
23759,23735
23759,23743
23759,23747
23759,23754
23759,23757
23759,23758
23759,23761
23759,23765
23759,23782
23759,23786
23759,23789
23759,23793
23759,23798
23759,23799
23759,23800
23806,23812
23806,23822
23806,23850
23806,23890
23806,23895
23806,23906
23806,23912
23806,23923
23806,23927
23806,23940
23806,23782
23806,23786
23806,23789
23806,23793
23806,23797
23806,23798
23806,23799
23806,23800
23806,23805
23806,23811
23806,23818
23806,23833
23806,23834
23806,23840
23806,23845
23806,23855
23806,23982
23812,23822
23812,23850
23812,23890
23812,23895
23812,23906
23812,23912
23812,23923
23812,23927
23812,23940
23812,23946
23812,12080
23812,23786
23812,23789
23812,23793
23812,23797
23812,23798
23812,23799
23812,23800
23812,23805
23812,23811
23812,23818
23812,23833
23812,23834
23812,23840
23812,23845
23812,23855
23812,23858
23822,23890
23822,23895
23822,23906
23822,23912
23822,23923
23822,23927
23822,23946
23822,23970
23822,27256
23822,23793
23822,23797
23822,23798
23822,23799
23822,23800
23822,23805
23822,23818
23822,23833
23822,23834
23822,23840
23822,23845
23822,23850
23822,23855
23822,23856
23822,23858
23822,23859
23822,23862
23850,23890
23850,23906
23850,23912
23850,23923
23850,23940
23850,23946
23850,23970
23850,24000
23850,18062
23850,23811
23850,23818
23850,23833
23850,23834
23850,23840
23850,23845
23850,23855
23850,23856
23850,23858
23850,23859
23850,23862
23850,23864
23850,23868
23850,23877
23850,23880
23850,23881
23890,23895
23890,23906
23890,23912
23890,23923
23890,23940
23890,23946
23890,23970
23890,24000
23890,24005
23890,20586
23890,23856
23890,23858
23890,23859
23890,23862
23890,23868
23890,23877
23890,23880
23890,23889
23890,23901
23890,23904
23890,23907
23890,23909
23890,23911
23890,23913
23890,25749
23895,23906
23895,23923
23895,23927
23895,23940
23895,23946
23895,23970
23895,24000
23895,24005
23895,24009
23895,23034
23895,24372
23895,17162
23895,13597
23895,23859
23895,23862
23895,23864
23895,23868
23895,23877
23895,23881
23895,23889
23895,23892
23895,23901
23895,23904
23895,23907
23895,23909
23895,23911
23895,23912
23895,23913
23895,23916
23906,23912
23906,23927
23906,23940
23906,23946
23906,24000
23906,24009
23906,24010
23906,26507
23906,7647
23906,18987
23906,23868
23906,23880
23906,23881
23906,23889
23906,23892
23906,23901
23906,23904
23906,23907
23906,23909
23906,23911
23906,23913
23906,23916
23906,23923
23906,23930
23906,23934
23912,23923
23912,23927
23912,23940
23912,23946
23912,24000
23912,24005
23912,24009
23912,24010
23912,24014
23912,20635
23912,18300
23912,23892
23912,23901
23912,23904
23912,23907
23912,23909
23912,23911
23912,23913
23912,23916
23912,23930
23912,23934
23912,23938
23912,23945
23912,26493
23923,23927
23923,23946
23923,23970
23923,24000
23923,24005
23923,24009
23923,24010
23923,24014
23923,24049
23923,23901
23923,23904
23923,23907
23923,23909
23923,23911
23923,23913
23923,23916
23923,23930
23923,23934
23923,23938
23923,23940
23923,23945
23923,23947
23923,23948
23923,23950
23927,23940
23927,23946
23927,23970
23927,24000
23927,24005
23927,24009
23927,24010
23927,24014
23927,24049
23927,24052
23927,13121
23927,23901
23927,23904
23927,23907
23927,23909
23927,23911
23927,23913
23927,23916
23927,23930
23927,23934
23927,23938
23927,23945
23927,23947
23927,23948
23927,23950
23927,23952
23940,23946
23940,24000
23940,24005
23940,24010
23940,24014
23940,24049
23940,24064
23940,11432
23940,23909
23940,23911
23940,23913
23940,23930
23940,23938
23940,23947
23940,23948
23940,23952
23940,23954
23940,23968
23940,23969
23940,23970
23946,23970
23946,24000
23946,24005
23946,24009
23946,24010
23946,24014
23946,24052
23946,24064
23946,23913
23946,23916
23946,23930
23946,23934
23946,23938
23946,23945
23946,23947
23946,23948
23946,23950
23946,23952
23946,23954
23946,23968
23946,23969
23946,23972
23946,23973
23946,27364
23970,24005
23970,24009
23970,24014
23970,24049
23970,24052
23970,24064
23970,24065
23970,24711
23970,22542
23970,14409
23970,13029
23970,23945
23970,23947
23970,23948
23970,23950
23970,23954
23970,23969
23970,23972
23970,23973
23970,23975
23970,23980
23970,23982
23970,23985
23970,23991
23970,23995
23970,24000
23970,24004
24000,24005
24000,24009
24000,24010
24000,24014
24000,24049
24000,24064
24000,24065
24000,24073
24000,24083
24000,23969
24000,23972
24000,23973
24000,23980
24000,23982
24000,23985
24000,23991
24000,23995
24000,24016
24000,24022
24000,24034
24000,24040
24000,24043
24000,24727
24005,24009
24005,24010
24005,24014
24005,24049
24005,24052
24005,24064
24005,24065
24005,24073
24005,24083
24005,24089
24005,14791
24005,8966
24005,9425
24005,15603
24005,23972
24005,23973
24005,23975
24005,23980
24005,23982
24005,23985
24005,23991
24005,23995
24005,24004
24005,24016
24005,24022
24005,24034
24005,24043
24005,24047
24005,24822
24005,25972
24009,24010
24009,24014
24009,24049
24009,24052
24009,24064
24009,24065
24009,24073
24009,24083
24009,24089
24009,24090
24009,20860
24009,9801
24009,12918
24009,18355
24009,22015
24009,23973
24009,23980
24009,23982
24009,23985
24009,23991
24009,23995
24009,24004
24009,24034
24009,24040
24009,24043
24009,24047
24009,25947
24010,24049
24010,24052
24010,24064
24010,24065
24010,24073
24010,24083
24010,24089
24010,24096
24010,19171
24010,23975
24010,23980
24010,23982
24010,23985
24010,23991
24010,23995
24010,24004
24010,24014
24010,24016
24010,24022
24010,24040
24010,24043
24010,24047
24010,24055
24014,24049
24014,24052
24014,24064
24014,24065
24014,24073
24014,24083
24014,24089
24014,24090
24014,24096
24014,24108
24014,23980
24014,23982
24014,23985
24014,23991
24014,24004
24014,24016
24014,24022
24014,24034
24014,24040
24014,24043
24014,24047
24014,24055
24014,24058
24049,24052
24049,24064
24049,24065
24049,24073
24049,24089
24049,24090
24049,24096
24049,24108
24049,24110
24049,12530
24049,24016
24049,24022
24049,24040
24049,24043
24049,24047
24049,24058
24049,24061
24049,24080
24049,24083
24052,24064
24052,24065
24052,24073
24052,24083
24052,24089
24052,24090
24052,24096
24052,24108
24052,24110
24052,24112
24052,25747
24052,26179
24052,8684
24052,18880
24052,22754
24052,23474
24052,24016
24052,24022
24052,24040
24052,24043
24052,24047
24052,24055
24052,24058
24052,24061
24052,24062
24052,24080
24052,24084
24064,24065
24064,24073
24064,24083
24064,24089
24064,24090
24064,24108
24064,24110
24064,24112
24064,24127
24064,8333
24064,17153
24064,21387
24064,21853
24064,24034
24064,24040
24064,24043
24064,24047
24064,24055
24064,24058
24064,24061
24064,24080
24064,24084
24064,24095
24065,24073
24065,24083
24065,24090
24065,24096
24065,24108
24065,24110
24065,24112
24065,24127
24065,24142
24065,21934
24065,11787
24065,24040
24065,24043
24065,24047
24065,24055
24065,24058
24065,24062
24065,24080
24065,24084
24065,24089
24065,24091
24065,24095
24065,24097
24073,24083
24073,24089
24073,24090
24073,24096
24073,24108
24073,24110
24073,24112
24073,24127
24073,24172
24073,21454
24073,25576
24073,21459
24073,8675
24073,24043
24073,24047
24073,24055
24073,24061
24073,24062
24073,24080
24073,24084
24073,24091
24073,24095
24073,24097
24073,24105
24083,24089
24083,24096
24083,24108
24083,24110
24083,24112
24083,24127
24083,24142
24083,24172
24083,24187
24083,18515
24083,24055
24083,24058
24083,24061
24083,24062
24083,24084
24083,24090
24083,24091
24083,24097
24083,24105
24089,24090
24089,24096
24089,24108
24089,24110
24089,24112
24089,24127
24089,24142
24089,24172
24089,24187
24089,24198
24089,21808
24089,24055
24089,24058
24089,24061
24089,24062
24089,24080
24089,24084
24089,24091
24089,24095
24089,24097
24089,24105
24090,24096
24090,24108
24090,24127
24090,24142
24090,24172
24090,24187
24090,24212
24090,19342
24090,23031
24090,26391
24090,18759
24090,24058
24090,24061
24090,24062
24090,24080
24090,24091
24090,24095
24090,24097
24090,24105
24090,24110
24090,24119
24096,24108
24096,24110
24096,24127
24096,24142
24096,24172
24096,24187
24096,24212
24096,10488
24096,24080
24096,24091
24096,24095
24096,24105
24096,24112
24096,24119
24096,24124
24096,24128
24096,24131
24108,24110
24108,24112
24108,24127
24108,24142
24108,24172
24108,24187
24108,24198
24108,24212
24108,24215
24108,16255
24108,25295
24108,11976
24108,24080
24108,24084
24108,24091
24108,24095
24108,24097
24108,24119
24108,24124
24108,24128
24108,24133
24108,24139
24108,24141
24110,24112
24110,24127
24110,24142
24110,24172
24110,24187
24110,24198
24110,24212
24110,24215
24110,24219
24110,24229
24110,23380
24110,10880
24110,24084
24110,24095
24110,24097
24110,24119
24110,24124
24110,24128
24110,24131
24110,24133
24110,24139
24110,24141
24112,24127
24112,24142
24112,24172
24112,24187
24112,24212
24112,24215
24112,24219
24112,24229
24112,24240
24112,12167
24112,17215
24112,24084
24112,24091
24112,24095
24112,24097
24112,24105
24112,24119
24112,24124
24112,24128
24112,24131
24112,24133
24112,24139
24112,24141
24112,24146
24127,24142
24127,24172
24127,24187
24127,24198
24127,24212
24127,24215
24127,24219
24127,24229
24127,24240
24127,24241
24127,24097
24127,24119
24127,24124
24127,24128
24127,24131
24127,24133
24127,24139
24127,24141
24127,24146
24127,24153
24127,24155
24127,24157
24142,24172
24142,24187
24142,24198
24142,24212
24142,24215
24142,24219
24142,24229
24142,24241
24142,24255
24142,16817
24142,24119
24142,24124
24142,24131
24142,24133
24142,24139
24142,24141
24142,24146
24142,24153
24142,24155
24142,24157
24142,24159
24142,24164
24142,24167
24142,24176
24142,24179
24172,24187
24172,24198
24172,24212
24172,24215
24172,24219
24172,24229
24172,24240
24172,24241
24172,24255
24172,24261
24172,24139
24172,24141
24172,24146
24172,24153
24172,24155
24172,24157
24172,24159
24172,24164
24172,24176
24172,24179
24172,24181
24172,24182
24172,24183
24172,24185
24172,24192
24172,24194
24172,24195
24187,24198
24187,24212
24187,24215
24187,24219
24187,24229
24187,24240
24187,24241
24187,24255
24187,24273
24187,17647
24187,10533
24187,26082
24187,26787
24187,9144
24187,24159
24187,24164
24187,24167
24187,24179
24187,24181
24187,24182
24187,24183
24187,24185
24187,24192
24187,24194
24187,24195
24187,24199
24187,24202
24187,24213
24187,24217
24198,24212
24198,24215
24198,24219
24198,24229
24198,24240
24198,24241
24198,24255
24198,24261
24198,24273
24198,24275
24198,8216
24198,13972
24198,24176
24198,24179
24198,24181
24198,24182
24198,24183
24198,24185
24198,24194
24198,24195
24198,24199
24198,24202
24198,24213
24198,24217
24198,24224
24198,24225
24212,24215
24212,24219
24212,24229
24212,24241
24212,24255
24212,24261
24212,24273
24212,24275
24212,24287
24212,26949
24212,18490
24212,24182
24212,24183
24212,24185
24212,24194
24212,24195
24212,24199
24212,24202
24212,24213
24212,24217
24212,24224
24212,24225
24212,24235
24212,24240
24212,27178
24215,24219
24215,24229
24215,24240
24215,24241
24215,24255
24215,24261
24215,24273
24215,24275
24215,24319
24215,12500
24215,13123
24215,24185
24215,24192
24215,24194
24215,24199
24215,24202
24215,24213
24215,24217
24215,24235
24215,24252
24219,24229
24219,24240
24219,24241
24219,24255
24219,24261
24219,24273
24219,24275
24219,24287
24219,24319
24219,24320
24219,20051
24219,24192
24219,24194
24219,24195
24219,24199
24219,24202
24219,24213
24219,24217
24219,24224
24219,24225
24219,24235
24219,24248
24219,26734
24219,26444
24229,24240
24229,24241
24229,24255
24229,24261
24229,24273
24229,24275
24229,24287
24229,24319
24229,24320
24229,24336
24229,23380
24229,19501
24229,24199
24229,24202
24229,24213
24229,24217
24229,24224
24229,24225
24229,24235
24229,24248
24229,24252
24229,24256
24229,24264
24229,24268
24240,24241
24240,24255
24240,24261
24240,24273
24240,24275
24240,24287
24240,24320
24240,24347
24240,26691
24240,22092
24240,25482
24240,11759
24240,9323
24240,24202
24240,24213
24240,24217
24240,24224
24240,24225
24240,24235
24240,24248
24240,24252
24240,24256
24240,24264
24240,24274
24240,24907
24241,24255
24241,24261
24241,24273
24241,24275
24241,24287
24241,24319
24241,24336
24241,24347
24241,13267
24241,24685
24241,10659
24241,18707
24241,23068
24241,24213
24241,24217
24241,24224
24241,24225
24241,24235
24241,24248
24241,24252
24241,24256
24241,24264
24241,24268
24241,24274
24255,24261
24255,24273
24255,24287
24255,24319
24255,24320
24255,24336
24255,24347
24255,24354
24255,24361
24255,15531
24255,18261
24255,24217
24255,24224
24255,24225
24255,24235
24255,24248
24255,24256
24255,24264
24255,24268
24255,24274
24255,24275
24255,24278
24255,24296
24255,24714
24261,24273
24261,24275
24261,24287
24261,24319
24261,24320
24261,24347
24261,24354
24261,24361
24261,24363
24261,9957
24261,24224
24261,24225
24261,24235
24261,24248
24261,24252
24261,24256
24261,24264
24261,24268
24261,24274
24261,24296
24261,24297
24261,24306
24261,26139
24273,24275
24273,24287
24273,24319
24273,24320
24273,24336
24273,24347
24273,24354
24273,24361
24273,24372
24273,19789
24273,11810
24273,15683
24273,9553
24273,10847
24273,24235
24273,24248
24273,24252
24273,24256
24273,24264
24273,24268
24273,24296
24273,24297
24273,24306
24273,26328
24275,24287
24275,24319
24275,24320
24275,24336
24275,24347
24275,24361
24275,24388
24275,13379
24275,11130
24275,26503
24275,21110
24275,24248
24275,24252
24275,24264
24275,24268
24275,24274
24275,24278
24275,24296
24275,24297
24275,24306
24275,24312
24275,24323
24275,24335
24287,24319
24287,24320
24287,24336
24287,24347
24287,24354
24287,24361
24287,24363
24287,24372
24287,24395
24287,26861
24287,24252
24287,24256
24287,24264
24287,24268
24287,24274
24287,24278
24287,24296
24287,24297
24287,24306
24287,24323
24287,24335
24287,24717
24319,24320
24319,24336
24319,24347
24319,24354
24319,24361
24319,24363
24319,24372
24319,24388
24319,24395
24319,24397
24319,10080
24319,11652
24319,11681
24319,24268
24319,24274
24319,24278
24319,24296
24319,24297
24319,24306
24319,24312
24319,24323
24319,24335
24319,24355
24319,24366
24320,24336
24320,24347
24320,24354
24320,24361
24320,24372
24320,24388
24320,24395
24320,24397
24320,24398
24320,19819
24320,15770
24320,24274
24320,24278
24320,24296
24320,24297
24320,24306
24320,24312
24320,24323
24320,24335
24320,24355
24320,24363
24320,24366
24320,24367
24320,24846
24336,24347
24336,24363
24336,24372
24336,24395
24336,24397
24336,24398
24336,24410
24336,18157
24336,11273
24336,24278
24336,24296
24336,24297
24336,24306
24336,24312
24336,24323
24336,24335
24336,24354
24336,24355
24336,24361
24336,24366
24336,24367
24336,24368
24336,24369
24347,24354
24347,24361
24347,24363
24347,24372
24347,24388
24347,24395
24347,24397
24347,24398
24347,24410
24347,24425
24347,24296
24347,24297
24347,24306
24347,24312
24347,24335
24347,24355
24347,24366
24347,24367
24347,24368
24347,24369
24354,24361
24354,24363
24354,24388
24354,24395
24354,24397
24354,24398
24354,24410
24354,24425
24354,24426
24354,9594
24354,23005
24354,24296
24354,24297
24354,24306
24354,24312
24354,24323
24354,24335
24354,24355
24354,24366
24354,24367
24354,24368
24354,24369
24354,24372
24354,24376
24361,24363
24361,24395
24361,24397
24361,24398
24361,24410
24361,24425
24361,24426
24361,24440
24361,15761
24361,15200
24361,23856
24361,24306
24361,24312
24361,24323
24361,24335
24361,24355
24361,24366
24361,24367
24361,24368
24361,24369
24361,24372
24361,24376
24361,24383
24361,24386
24361,24387
24363,24372
24363,24388
24363,24395
24363,24397
24363,24398
24363,24410
24363,24425
24363,24426
24363,24440
24363,24460
24363,15891
24363,24312
24363,24323
24363,24335
24363,24355
24363,24366
24363,24367
24363,24368
24363,24369
24363,24383
24363,24386
24363,24387
24372,24388
24372,24395
24372,24397
24372,24398
24372,24410
24372,24426
24372,24440
24372,24462
24372,23911
24372,22787
24372,13093
24372,17094
24372,24355
24372,24366
24372,24367
24372,24368
24372,24369
24372,24376
24372,24383
24372,24387
24372,24389
24372,24409
24388,24395
24388,24397
24388,24398
24388,24425
24388,24426
24388,24440
24388,24460
24388,24462
24388,20041
24388,12257
24388,24366
24388,24368
24388,24369
24388,24376
24388,24383
24388,24386
24388,24387
24388,24389
24388,24409
24388,24410
24388,24418
24395,24397
24395,24398
24395,24410
24395,24425
24395,24426
24395,24460
24395,24462
24395,24470
24395,24521
24395,20463
24395,19494
24395,8710
24395,13897
24395,17242
24395,24367
24395,24368
24395,24369
24395,24383
24395,24386
24395,24409
24395,24418
24395,24428
24395,24430
24395,24433
24397,24398
24397,24410
24397,24425
24397,24426
24397,24440
24397,24462
24397,24470
24397,24521
24397,24547
24397,21034
24397,26944
24397,24368
24397,24369
24397,24376
24397,24383
24397,24386
24397,24389
24397,24409
24397,24418
24397,24428
24397,24430
24397,24433
24397,25556
24398,24425
24398,24426
24398,24440
24398,24460
24398,24462
24398,24470
24398,24521
24398,24547
24398,24571
24398,26233
24398,14113
24398,8041
24398,24369
24398,24376
24398,24383
24398,24386
24398,24387
24398,24389
24398,24409
24398,24410
24398,24418
24398,24428
24398,24433
24398,24449
24398,25982
24410,24425
24410,24426
24410,24440
24410,24460
24410,24462
24410,24470
24410,24521
24410,24547
24410,24571
24410,24589
24410,24376
24410,24383
24410,24386
24410,24387
24410,24389
24410,24409
24410,24418
24410,24430
24410,24433
24410,24449
24410,24456
24425,24440
24425,24462
24425,24521
24425,24547
24425,24571
24425,24589
24425,22120
24425,26601
24425,8971
24425,16817
24425,18720
24425,24386
24425,24387
24425,24389
24425,24409
24425,24418
24425,24428
24425,24430
24425,24449
24425,24456
24425,24460
24425,24464
24426,24440
24426,24460
24426,24521
24426,24547
24426,24571
24426,24589
24426,24594
24426,24601
24426,25741
24426,20393
24426,24387
24426,24389
24426,24409
24426,24418
24426,24428
24426,24430
24426,24433
24426,24449
24426,24456
24426,24462
24426,24464
24426,24465
24440,24462
24440,24470
24440,24521
24440,24571
24440,24589
24440,24594
24440,24609
24440,23938
24440,18128
24440,7700
24440,24409
24440,24418
24440,24430
24440,24433
24440,24449
24440,24460
24440,24465
24440,24466
24440,24467
24440,24473
24460,24462
24460,24470
24460,24547
24460,24571
24460,24589
24460,24594
24460,24601
24460,24609
24460,24614
24460,18144
24460,17712
24460,24418
24460,24428
24460,24430
24460,24433
24460,24449
24460,24456
24460,24464
24460,24465
24460,24466
24460,24467
24460,24473
24460,24475
24460,24477
24460,24485
24462,24470
24462,24521
24462,24547
24462,24571
24462,24589
24462,24594
24462,24601
24462,24609
24462,24614
24462,24631
24462,7570
24462,24418
24462,24428
24462,24433
24462,24449
24462,24465
24462,24466
24462,24467
24462,24473
24462,24477
24462,24485
24462,24489
24470,24521
24470,24547
24470,24571
24470,24589
24470,24594
24470,24601
24470,24609
24470,24614
24470,24631
24470,24633
24470,8253
24470,15207
24470,24433
24470,24456
24470,24464
24470,24465
24470,24466
24470,24467
24470,24473
24470,24475
24470,24477
24470,24485
24470,24489
24470,24493
24470,24499
24470,24502
24470,24509
24521,24547
24521,24571
24521,24594
24521,24609
24521,24614
24521,24631
24521,24633
24521,25208
24521,11694
24521,24477
24521,24485
24521,24489
24521,24493
24521,24499
24521,24502
24521,24506
24521,24509
24521,24517
24521,24519
24521,24526
24521,24533
24521,24537
24521,24541
24521,24553
24521,24556
24521,24561
24521,24907
24547,24571
24547,24589
24547,24594
24547,24601
24547,24609
24547,24614
24547,24631
24547,24633
24547,24669
24547,24674
24547,25276
24547,24502
24547,24506
24547,24517
24547,24519
24547,24526
24547,24533
24547,24541
24547,24553
24547,24554
24547,24556
24547,24561
24547,24573
24547,24577
24547,24579
24547,24581
24547,24586
24547,27260
24571,24589
24571,24594
24571,24601
24571,24609
24571,24614
24571,24631
24571,24633
24571,24669
24571,24674
24571,24682
24571,23629
24571,24526
24571,24533
24571,24537
24571,24541
24571,24553
24571,24554
24571,24556
24571,24561
24571,24573
24571,24577
24571,24579
24571,24581
24571,24586
24571,24595
24571,24598
24589,24594
24589,24601
24589,24609
24589,24614
24589,24631
24589,24633
24589,24669
24589,24674
24589,24683
24589,25983
24589,7849
24589,14400
24589,24554
24589,24556
24589,24573
24589,24577
24589,24579
24589,24581
24589,24586
24589,24595
24589,24598
24589,24611
24589,24616
24589,24754
24589,25963
24594,24601
24594,24609
24594,24614
24594,24631
24594,24633
24594,24669
24594,24674
24594,24682
24594,24706
24594,13531
24594,8421
24594,10982
24594,11222
24594,24554
24594,24556
24594,24561
24594,24577
24594,24579
24594,24581
24594,24604
24594,24607
24594,24611
24594,24616
24594,24620
24601,24614
24601,24633
24601,24669
24601,24674
24601,24682
24601,24683
24601,24706
24601,24711
24601,21753
24601,24573
24601,24577
24601,24579
24601,24581
24601,24586
24601,24595
24601,24598
24601,24604
24601,24607
24601,24609
24601,24611
24601,24616
24601,24620
24601,24623
24601,24628
24601,24631
24609,24614
24609,24631
24609,24633
24609,24669
24609,24674
24609,24682
24609,24683
24609,24706
24609,24711
24609,23021
24609,11953
24609,24579
24609,24581
24609,24586
24609,24595
24609,24598
24609,24604
24609,24607
24609,24611
24609,24616
24609,24620
24609,24623
24609,24628
24609,24632
24609,24634
24614,24631
24614,24633
24614,24669
24614,24682
24614,24683
24614,24706
24614,24711
24614,24714
24614,15462
24614,22758
24614,23950
24614,24586
24614,24595
24614,24598
24614,24604
24614,24607
24614,24611
24614,24620
24614,24623
24614,24628
24614,24632
24614,24634
24614,24639
24614,26190
24614,24899
24614,25745
24614,27102
24631,24633
24631,24669
24631,24674
24631,24682
24631,24683
24631,24706
24631,24711
24631,24714
24631,24741
24631,19249
24631,24604
24631,24607
24631,24616
24631,24620
24631,24623
24631,24628
24631,24632
24631,24634
24631,24639
24631,24646
24631,24651
24631,24653
24631,24654
24633,24669
24633,24674
24633,24682
24633,24683
24633,24706
24633,24711
24633,24714
24633,24733
24633,24752
24633,27149
24633,14388
24633,12384
24633,24376
24633,24607
24633,24616
24633,24620
24633,24628
24633,24632
24633,24634
24633,24646
24633,24651
24633,24653
24633,24654
24633,24671
24633,24673
24669,24674
24669,24682
24669,24683
24669,24706
24669,24714
24669,24733
24669,24741
24669,24752
24669,24756
24669,25332
24669,13178
24669,16688
24669,23029
24669,24632
24669,24634
24669,24639
24669,24643
24669,24646
24669,24653
24669,24654
24669,24673
24669,24676
24669,24678
24669,24680
24669,24684
24669,24685
24669,25561
24674,24683
24674,24706
24674,24711
24674,24714
24674,24733
24674,24741
24674,24752
24674,24775
24674,25700
24674,25592
24674,15114
24674,16116
24674,24634
24674,24639
24674,24643
24674,24646
24674,24651
24674,24653
24674,24654
24674,24671
24674,24673
24674,24676
24674,24678
24674,24680
24674,24684
24674,24685
24674,24688
24674,24695
24682,24683
24682,24706
24682,24711
24682,24714
24682,24733
24682,24741
24682,24756
24682,24775
24682,24795
24682,26894
24682,15803
24682,24651
24682,24653
24682,24654
24682,24673
24682,24676
24682,24678
24682,24680
24682,24684
24682,24685
24682,24688
24682,24694
24682,24695
24682,24699
24682,24701
24682,24704
24683,24706
24683,24711
24683,24714
24683,24733
24683,24741
24683,24752
24683,24756
24683,24775
24683,24803
24683,17802
24683,9195
24683,19346
24683,24653
24683,24654
24683,24671
24683,24676
24683,24678
24683,24680
24683,24684
24683,24685
24683,24688
24683,24694
24683,24695
24683,24699
24683,24704
24706,24714
24706,24733
24706,24741
24706,24752
24706,24756
24706,24775
24706,24795
24706,24803
24706,24807
24706,13449
24706,24684
24706,24685
24706,24688
24706,24694
24706,24695
24706,24699
24706,24701
24706,24704
24706,24709
24706,24711
24706,24712
24706,24717
24706,24723
24706,24727
24706,24728
24706,24735
24711,24714
24711,24733
24711,24741
24711,24752
24711,24756
24711,24775
24711,24795
24711,24803
24711,24817
24711,18241
24711,24684
24711,24685
24711,24688
24711,24694
24711,24695
24711,24699
24711,24701
24711,24704
24711,24709
24711,24712
24711,24717
24711,24723
24711,24728
24711,24735
24711,24738
24714,24733
24714,24741
24714,24756
24714,24775
24714,24795
24714,24803
24714,24817
24714,24694
24714,24695
24714,24699
24714,24701
24714,24704
24714,24709
24714,24712
24714,24717
24714,24723
24714,24728
24714,24735
24714,24738
24714,24742
24714,24744
24733,24741
24733,24752
24733,24756
24733,24775
24733,24795
24733,24803
24733,24807
24733,24817
24733,24831
24733,24856
24733,24704
24733,24709
24733,24712
24733,24717
24733,24723
24733,24727
24733,24728
24733,24735
24733,24738
24733,24742
24733,24744
24733,24749
24733,24754
24733,24755
24741,24752
24741,24756
24741,24775
24741,24795
24741,24803
24741,24807
24741,24817
24741,24831
24741,24856
24741,24861
24741,23167
24741,24717
24741,24723
24741,24728
24741,24735
24741,24738
24741,24742
24741,24744
24741,24749
24741,24754
24741,24755
24741,24763
24752,24756
24752,24775
24752,24795
24752,24803
24752,24807
24752,24817
24752,24831
24752,24856
24752,24861
24752,19229
24752,17195
24752,24723
24752,24727
24752,24728
24752,24735
24752,24738
24752,24742
24752,24744
24752,24749
24752,24754
24752,24755
24752,24758
24752,24760
24752,24763
24752,24764
24752,24770
24752,24772
24752,24774
24752,25568
24756,24775
24756,24803
24756,24807
24756,24817
24756,24856
24756,24861
24756,24865
24756,18569
24756,17873
24756,20394
24756,24735
24756,24738
24756,24744
24756,24749
24756,24754
24756,24755
24756,24758
24756,24763
24756,24764
24756,24770
24756,24772
24756,24774
24756,24784
24756,26720
24775,24795
24775,24803
24775,24817
24775,24856
24775,24861
24775,24865
24775,24897
24775,24991
24775,11733
24775,14388
24775,10130
24775,24754
24775,24755
24775,24758
24775,24760
24775,24763
24775,24764
24775,24770
24775,24772
24775,24774
24775,24780
24775,24784
24775,24786
24775,24789
24775,24794
24775,24797
24775,24798
24775,24800
24795,24807
24795,24817
24795,24861
24795,24865
24795,24870
24795,24897
24795,24898
24795,18050
24795,24764
24795,24770
24795,24772
24795,24784
24795,24786
24795,24789
24795,24794
24795,24797
24795,24798
24795,24800
24795,24803
24795,24804
24795,24818
24795,24820
24803,24807
24803,24817
24803,24856
24803,24865
24803,24870
24803,24897
24803,24907
24803,14680
24803,25338
24803,26207
24803,25100
24803,7777
24803,10979
24803,24119
24803,24780
24803,24784
24803,24789
24803,24794
24803,24797
24803,24798
24803,24800
24803,24804
24803,24818
24803,24820
24803,24822
24803,24824
24803,24831
24803,25629
24807,24817
24807,24831
24807,24861
24807,24865
24807,24870
24807,24897
24807,24907
24807,20707
24807,18024
24807,24784
24807,24786
24807,24789
24807,24794
24807,24797
24807,24798
24807,24800
24807,24804
24807,24818
24807,24822
24807,24824
24807,24825
24807,24836
24807,24840
24817,24831
24817,24856
24817,24861
24817,24865
24817,24870
24817,24897
24817,24898
24817,24907
24817,24908
24817,20962
24817,22789
24817,24786
24817,24789
24817,24794
24817,24797
24817,24798
24817,24800
24817,24804
24817,24818
24817,24822
24817,24824
24817,24832
24817,24836
24817,24840
24817,24843
24817,25022
24831,24856
24831,24861
24831,24865
24831,24870
24831,24907
24831,24908
24831,24925
24831,24932
24831,18241
24831,11638
24831,16516
24831,24800
24831,24804
24831,24818
24831,24820
24831,24822
24831,24824
24831,24825
24831,24832
24831,24836
24831,24840
24831,24843
24831,24846
24831,24866
24831,24868
24856,24861
24856,24865
24856,24870
24856,24897
24856,24898
24856,24907
24856,24925
24856,24932
24856,24937
24856,26095
24856,24820
24856,24822
24856,24824
24856,24825
24856,24832
24856,24836
24856,24840
24856,24843
24856,24846
24856,24866
24856,24868
24856,24869
24856,24871
24856,24882
24856,24884
24861,24865
24861,24870
24861,24897
24861,24907
24861,24925
24861,24932
24861,24937
24861,24941
24861,15462
24861,21882
24861,24822
24861,24824
24861,24825
24861,24832
24861,24836
24861,24840
24861,24843
24861,24846
24861,24866
24861,24868
24861,24878
24861,24882
24861,24884
24861,24886
24865,24870
24865,24897
24865,24898
24865,24907
24865,24925
24865,24932
24865,24937
24865,24941
24865,24943
24865,26252
24865,25228
24865,23034
24865,24824
24865,24825
24865,24832
24865,24836
24865,24843
24865,24846
24865,24868
24865,24869
24865,24871
24865,24878
24865,24882
24865,24884
24865,24886
24870,24897
24870,24907
24870,24908
24870,24925
24870,24932
24870,24937
24870,24941
24870,24943
24870,24957
24870,15679
24870,22172
24870,24836
24870,24840
24870,24843
24870,24846
24870,24866
24870,24868
24870,24869
24870,24871
24870,24878
24870,24882
24870,24884
24870,24886
24870,24898
24870,24899
24897,24898
24897,24907
24897,24908
24897,24925
24897,24932
24897,24937
24897,24941
24897,24943
24897,24957
24897,24964
24897,25509
24897,13508
24897,13649
24897,22234
24897,24868
24897,24869
24897,24871
24897,24878
24897,24882
24897,24884
24897,24886
24897,24910
24897,24917
24898,24907
24898,24908
24898,24932
24898,24941
24898,24943
24898,24964
24898,24986
24898,20483
24898,9058
24898,17146
24898,18478
24898,24866
24898,24868
24898,24869
24898,24871
24898,24882
24898,24884
24898,24899
24898,24910
24898,24917
24898,24929
24898,24937
24907,24908
24907,24925
24907,24932
24907,24937
24907,24941
24907,24943
24907,24957
24907,24964
24907,24986
24907,24992
24907,23021
24907,24871
24907,24878
24907,24882
24907,24884
24907,24886
24907,24899
24907,24918
24907,24929
24908,24925
24908,24932
24908,24937
24908,24941
24908,24943
24908,24957
24908,24964
24908,24986
24908,24992
24908,25000
24908,13735
24908,24878
24908,24882
24908,24884
24908,24886
24908,24899
24908,24910
24908,24917
24908,24918
24908,24929
24908,24945
24925,24932
24925,24937
24925,24941
24925,24943
24925,24957
24925,24992
24925,25000
24925,25003
24925,15226
24925,13352
24925,24489
24925,11515
24925,24884
24925,24899
24925,24910
24925,24917
24925,24918
24925,24929
24925,24945
24925,24954
24925,24955
24925,24964
24932,24937
24932,24941
24932,24943
24932,24957
24932,24964
24932,24986
24932,24992
24932,25000
24932,25003
24932,25022
24932,24917
24932,24918
24932,24929
24932,24945
24932,24954
24932,24955
24932,24965
24937,24941
24937,24943
24937,24957
24937,24964
24937,24986
24937,24992
24937,25000
24937,25003
24937,25022
24937,25025
24937,25228
24937,9606
24937,24910
24937,24917
24937,24918
24937,24929
24937,24945
24937,24954
24937,24965
24937,24966
24937,24975
24941,24943
24941,24957
24941,24964
24941,24986
24941,24992
24941,25000
24941,25003
24941,25022
24941,25025
24941,15385
24941,9323
24941,24899
24941,24910
24941,24917
24941,24918
24941,24929
24941,24945
24941,24954
24941,24955
24941,24965
24941,24966
24941,24975
24943,24957
24943,24964
24943,24986
24943,24992
24943,25000
24943,25003
24943,25022
24943,25025
24943,25030
24943,25034
24943,25713
24943,24910
24943,24918
24943,24929
24943,24945
24943,24954
24943,24955
24943,24965
24943,24966
24943,24975
24957,24964
24957,24986
24957,24992
24957,25000
24957,25003
24957,25022
24957,25025
24957,25030
24957,25034
24957,25080
24957,11431
24957,24918
24957,24929
24957,24945
24957,24954
24957,24955
24957,24965
24957,24966
24957,24975
24957,24981
24957,24991
24957,24993
24957,24995
24964,24986
24964,24992
24964,25000
24964,25025
24964,25030
24964,25034
24964,25080
24964,25092
24964,9803
24964,13123
24964,18512
24964,10735
24964,18702
24964,19580
24964,24929
24964,24945
24964,24955
24964,24966
24964,24975
24964,24981
24964,24991
24964,24993
24964,24995
24986,24992
24986,25000
24986,25003
24986,25022
24986,25025
24986,25030
24986,25034
24986,25080
24986,25092
24986,25114
24986,23610
24986,24945
24986,24954
24986,24955
24986,24965
24986,24966
24986,24975
24986,24981
24986,24991
24986,24993
24986,24995
24986,24999
24986,25009
24992,25000
24992,25003
24992,25022
24992,25025
24992,25030
24992,25034
24992,25080
24992,25092
24992,25114
24992,25121
24992,24954
24992,24955
24992,24965
24992,24966
24992,24975
24992,24981
24992,24991
24992,24993
24992,24995
24992,24999
24992,25019
24992,25029
25000,25003
25000,25022
25000,25025
25000,25030
25000,25034
25000,25080
25000,25092
25000,25114
25000,25121
25000,25135
25000,20008
25000,8367
25000,24965
25000,24966
25000,24975
25000,24981
25000,24991
25000,24993
25000,24995
25000,24999
25000,25009
25000,25019
25000,25029
25000,25038
25000,25041
25003,25022
25003,25025
25003,25030
25003,25034
25003,25080
25003,25092
25003,25114
25003,25121
25003,25135
25003,25137
25003,18515
25003,24966
25003,24975
25003,24981
25003,24993
25003,24995
25003,24999
25003,25009
25003,25019
25003,25029
25003,25041
25003,25045
25003,25715
25022,25025
25022,25030
25022,25080
25022,25092
25022,25114
25022,25121
25022,25135
25022,25137
25022,25140
25022,20996
25022,26126
25022,20701
25022,24991
25022,24993
25022,24995
25022,24999
25022,25009
25022,25029
25022,25038
25022,25041
25022,25045
25022,25067
25022,25070
25025,25030
25025,25080
25025,25092
25025,25114
25025,25121
25025,25135
25025,25137
25025,25140
25025,25146
25025,24991
25025,24993
25025,24995
25025,24999
25025,25009
25025,25019
25025,25029
25025,25034
25025,25038
25025,25041
25025,25045
25025,25050
25025,25067
25025,25071
25025,26300
25030,25034
25030,25080
25030,25092
25030,25114
25030,25121
25030,25135
25030,25137
25030,25146
25030,25152
25030,14784
25030,8662
25030,24993
25030,24995
25030,24999
25030,25009
25030,25019
25030,25029
25030,25038
25030,25041
25030,25045
25030,25050
25030,25067
25030,25070
25030,25071
25030,25077
25030,25079
25034,25080
25034,25092
25034,25114
25034,25121
25034,25135
25034,25137
25034,25140
25034,25146
25034,25152
25034,25170
25034,11364
25034,24995
25034,24999
25034,25009
25034,25019
25034,25029
25034,25038
25034,25041
25034,25045
25034,25050
25034,25070
25034,25071
25034,25077
25034,25079
25080,25092
25080,25114
25080,25121
25080,25135
25080,25137
25080,25140
25080,25146
25080,25170
25080,25174
25080,25038
25080,25041
25080,25045
25080,25050
25080,25067
25080,25070
25080,25071
25080,25077
25080,25079
25080,25082
25080,25084
25080,25088
25080,25094
25080,25097
25080,25100
25080,25102
25080,25104
25080,25106
25092,25114
25092,25121
25092,25135
25092,25137
25092,25140
25092,25146
25092,25152
25092,25170
25092,25174
25092,25176
25092,25050
25092,25067
25092,25070
25092,25071
25092,25077
25092,25082
25092,25084
25092,25088
25092,25094
25092,25097
25092,25100
25092,25102
25092,25104
25092,25106
25092,25116
25092,25118
25114,25121
25114,25135
25114,25137
25114,25140
25114,25146
25114,25152
25114,25176
25114,25179
25114,15103
25114,25976
25114,9965
25114,10087
25114,25082
25114,25084
25114,25088
25114,25094
25114,25097
25114,25100
25114,25102
25114,25104
25114,25106
25114,25116
25114,25118
25114,25127
25114,25136
25114,25143
25121,25135
25121,25137
25121,25140
25121,25146
25121,25152
25121,25170
25121,25174
25121,25176
25121,25179
25121,25185
25121,25094
25121,25097
25121,25100
25121,25102
25121,25104
25121,25106
25121,25116
25121,25124
25121,25127
25121,25136
25121,25143
25121,25161
25135,25137
25135,25140
25135,25146
25135,25152
25135,25170
25135,25174
25135,25176
25135,25179
25135,25185
25135,25188
25135,25100
25135,25104
25135,25106
25135,25116
25135,25118
25135,25124
25135,25127
25135,25136
25135,25143
25135,25161
25135,25169
25137,25140
25137,25152
25137,25170
25137,25174
25137,25176
25137,25179
25137,25185
25137,25188
25137,25191
25137,26589
25137,25104
25137,25106
25137,25116
25137,25118
25137,25124
25137,25127
25137,25136
25137,25143
25137,25146
25137,25161
25137,25169
25137,27219
25137,25232
25140,25146
25140,25152
25140,25170
25140,25174
25140,25176
25140,25179
25140,25185
25140,25188
25140,25191
25140,25196
25140,17600
25140,25106
25140,25116
25140,25118
25140,25124
25140,25127
25140,25143
25140,25161
25140,25169
25146,25152
25146,25170
25146,25174
25146,25176
25146,25179
25146,25185
25146,25196
25146,25208
25146,25622
25146,24688
25146,25116
25146,25118
25146,25124
25146,25127
25146,25136
25146,25143
25146,25161
25146,25169
25146,25181
25146,25183
25152,25170
25152,25174
25152,25176
25152,25179
25152,25185
25152,25188
25152,25191
25152,25196
25152,25208
25152,25214
25152,17834
25152,25118
25152,25124
25152,25127
25152,25136
25152,25143
25152,25161
25152,25169
25152,25181
25152,25183
25170,25176
25170,25179
25170,25185
25170,25188
25170,25191
25170,25196
25170,25208
25170,25214
25170,25228
25170,14962
25170,25495
25170,10221
25170,25127
25170,25136
25170,25143
25170,25169
25170,25174
25170,25181
25170,25183
25170,25195
25170,26038
25174,25176
25174,25179
25174,25185
25174,25188
25174,25191
25174,25196
25174,25228
25174,25245
25174,10599
25174,25136
25174,25143
25174,25161
25174,25169
25174,25181
25174,25195
25174,25202
25176,25179
25176,25188
25176,25191
25176,25196
25176,25208
25176,25214
25176,25228
25176,25245
25176,25246
25176,23064
25176,25143
25176,25161
25176,25169
25176,25183
25176,25185
25176,25195
25176,25202
25176,25204
25179,25185
25179,25188
25179,25191
25179,25196
25179,25208
25179,25214
25179,25228
25179,25245
25179,25246
25179,25259
25179,25143
25179,25161
25179,25169
25179,25181
25179,25183
25179,25195
25179,25202
25179,25204
25179,25205
25185,25188
25185,25191
25185,25196
25185,25208
25185,25214
25185,25228
25185,25245
25185,25246
25185,25259
25185,7599
25185,10975
25185,25161
25185,25169
25185,25181
25185,25183
25185,25195
25185,25202
25185,25204
25185,25205
25185,25207
25185,26524
25188,25191
25188,25196
25188,25208
25188,25214
25188,25228
25188,25245
25188,25246
25188,25259
25188,25276
25188,25317
25188,25406
25188,9933
25188,24868
25188,25161
25188,25169
25188,25183
25188,25195
25188,25202
25188,25204
25188,25205
25188,25207
25188,25220
25191,25196
25191,25208
25191,25214
25191,25228
25191,25245
25191,25246
25191,25259
25191,25276
25191,25317
25191,25332
25191,25161
25191,25181
25191,25183
25191,25195
25191,25202
25191,25204
25191,25205
25191,25207
25191,25220
25191,25224
25196,25208
25196,25214
25196,25245
25196,25246
25196,25259
25196,25317
25196,25332
25196,25345
25196,9299
25196,25181
25196,25183
25196,25202
25196,25204
25196,25205
25196,25207
25196,25224
25196,25228
25196,25229
25208,25214
25208,25228
25208,25246
25208,25259
25208,25276
25208,25332
25208,25345
25208,25359
25208,25195
25208,25202
25208,25204
25208,25205
25208,25207
25208,25220
25208,25224
25208,25229
25208,25231
25208,25232
25208,25236
25208,25239
25208,25245
25214,25228
25214,25245
25214,25246
25214,25259
25214,25276
25214,25332
25214,25345
25214,25359
25214,25367
25214,7734
25214,22452
25214,25195
25214,25205
25214,25207
25214,25220
25214,25224
25214,25231
25214,25232
25214,25236
25214,25239
25214,27454
25228,25245
25228,25246
25228,25259
25228,25276
25228,25317
25228,25345
25228,25359
25228,25367
25228,25369
25228,25195
25228,25202
25228,25204
25228,25205
25228,25207
25228,25224
25228,25229
25228,25232
25228,25236
25228,25239
25228,25252
25228,25257
25228,25477
25245,25246
25245,25259
25245,25276
25245,25317
25245,25332
25245,25345
25245,25359
25245,25367
25245,25369
25245,25385
25245,25220
25245,25224
25245,25229
25245,25231
25245,25236
25245,25239
25245,25252
25245,25257
25245,25265
25245,25269
25245,25273
25245,25279
25245,25281
25246,25259
25246,25276
25246,25317
25246,25332
25246,25345
25246,25367
25246,25369
25246,25385
25246,25387
25246,9569
25246,13677
25246,25220
25246,25224
25246,25229
25246,25231
25246,25232
25246,25239
25246,25257
25246,25265
25246,25269
25246,25273
25246,25279
25246,25281
25246,25381
25259,25276
25259,25317
25259,25332
25259,25345
25259,25359
25259,25367
25259,25369
25259,25385
25259,25399
25259,25794
25259,25229
25259,25231
25259,25232
25259,25236
25259,25239
25259,25252
25259,25257
25259,25265
25259,25269
25259,25273
25259,25279
25259,25281
25259,25295
25259,25298
25259,25302
25259,25303
25259,25784
25276,25332
25276,25345
25276,25359
25276,25367
25276,25369
25276,25385
25276,25387
25276,25399
25276,25406
25276,25236
25276,25239
25276,25257
25276,25269
25276,25273
25276,25279
25276,25281
25276,25298
25276,25302
25276,25305
25276,25307
25276,25310
25276,25311
25317,25332
25317,25345
25317,25359
25317,25367
25317,25369
25317,25385
25317,25387
25317,25399
25317,25406
25317,25423
25317,14472
25317,25295
25317,25298
25317,25303
25317,25305
25317,25310
25317,25311
25317,25312
25317,25316
25317,25318
25317,25321
25317,25323
25317,25330
25317,25338
25317,25340
25317,25343
25332,25345
25332,25359
25332,25367
25332,25369
25332,25385
25332,25387
25332,25399
25332,25406
25332,27254
25332,25307
25332,25310
25332,25311
25332,25312
25332,25316
25332,25318
25332,25321
25332,25323
25332,25330
25332,25333
25332,25338
25332,25340
25332,25343
25332,25346
25332,25347
25332,25348
25332,25350
25332,25352
25345,25359
25345,25369
25345,25385
25345,25399
25345,25406
25345,25423
25345,25431
25345,25436
25345,7973
25345,18567
25345,18912
25345,25318
25345,25323
25345,25330
25345,25333
25345,25340
25345,25343
25345,25346
25345,25347
25345,25348
25345,25350
25345,25352
25345,25367
25359,25367
25359,25369
25359,25385
25359,25387
25359,25399
25359,25406
25359,25423
25359,25431
25359,25436
25359,24061
25359,24323
25359,12418
25359,25333
25359,25338
25359,25340
25359,25343
25359,25346
25359,25347
25359,25348
25359,25350
25359,25352
25359,25370
25359,25374
25359,25378
25359,25380
25359,25381
25359,25382
25359,25383
25367,25369
25367,25385
25367,25387
25367,25406
25367,25423
25367,25431
25367,25436
25367,25444
25367,25446
25367,24954
25367,17048
25367,25338
25367,25340
25367,25343
25367,25346
25367,25347
25367,25348
25367,25350
25367,25352
25367,25370
25367,25374
25367,25378
25367,25380
25367,25381
25367,25382
25367,25383
25367,26986
25369,25385
25369,25387
25369,25406
25369,25423
25369,25431
25369,25436
25369,25444
25369,25446
25369,25685
25369,16075
25369,25340
25369,25343
25369,25346
25369,25347
25369,25348
25369,25350
25369,25352
25369,25370
25369,25374
25369,25378
25369,25380
25369,25381
25369,25382
25369,25383
25369,25390
25385,25387
25385,25399
25385,25406
25385,25423
25385,25431
25385,25436
25385,25444
25385,25446
25385,25457
25385,25459
25385,19983
25385,10642
25385,21561
25385,25370
25385,25374
25385,25378
25385,25380
25385,25381
25385,25382
25385,25383
25385,25411
25385,25422
25385,25426
25387,25399
25387,25406
25387,25423
25387,25431
25387,25436
25387,25444
25387,25446
25387,25457
25387,25459
25387,25483
25387,18929
25387,26592
25387,25374
25387,25378
25387,25380
25387,25381
25387,25382
25387,25383
25387,25390
25387,25398
25387,25411
25387,25422
25387,25426
25387,25427
25387,26976
25399,25406
25399,25423
25399,25431
25399,25436
25399,25444
25399,25446
25399,25457
25399,25459
25399,25483
25399,25509
25399,24493
25399,25374
25399,25378
25399,25380
25399,25382
25399,25390
25399,25398
25399,25411
25399,25422
25399,25426
25399,25427
25399,25433
25399,25443
25406,25423
25406,25431
25406,25436
25406,25444
25406,25446
25406,25459
25406,25483
25406,25551
25406,11936
25406,13448
25406,25378
25406,25381
25406,25382
25406,25383
25406,25390
25406,25398
25406,25411
25406,25422
25406,25426
25406,25427
25406,25443
25423,25431
25423,25436
25423,25444
25423,25446
25423,25457
25423,25459
25423,25483
25423,25509
25423,25551
25423,25564
25423,25382
25423,25383
25423,25390
25423,25398
25423,25411
25423,25422
25423,25426
25423,25427
25423,25443
25423,25452
25431,25436
25431,25444
25431,25457
25431,25459
25431,25509
25431,25551
25431,25564
25431,25576
25431,24836
25431,25390
25431,25398
25431,25411
25431,25422
25431,25426
25431,25433
25431,25443
25431,25446
25431,25451
25431,25452
25431,25456
25431,27290
25436,25444
25436,25446
25436,25457
25436,25459
25436,25483
25436,25509
25436,25551
25436,25564
25436,25576
25436,25577
25436,22630
25436,25398
25436,25411
25436,25422
25436,25427
25436,25433
25436,25443
25436,25451
25436,25452
25436,25456
25436,25460
25436,25467
25444,25446
25444,25457
25444,25459
25444,25483
25444,25551
25444,25564
25444,25577
25444,25585
25444,10221
25444,19611
25444,25427
25444,22439
25444,25411
25444,25422
25444,25426
25444,25433
25444,25443
25444,25451
25444,25452
25444,25456
25444,25460
25444,25467
25444,25470
25444,25477
25446,25457
25446,25483
25446,25509
25446,25564
25446,25576
25446,25577
25446,25585
25446,25589
25446,15765
25446,23033
25446,11713
25446,23591
25446,25411
25446,25422
25446,25426
25446,25427
25446,25433
25446,25443
25446,25451
25446,25452
25446,25456
25446,25459
25446,25460
25446,25467
25446,25470
25446,25477
25446,25478
25457,25459
25457,25483
25457,25509
25457,25551
25457,25564
25457,25576
25457,25577
25457,25585
25457,25589
25457,25597
25457,27241
25457,25427
25457,25433
25457,25443
25457,25451
25457,25452
25457,25467
25457,25470
25457,25477
25457,25478
25457,25479
25457,25481
25457,25482
25459,25483
25459,25509
25459,25551
25459,25564
25459,25576
25459,25577
25459,25585
25459,25589
25459,25597
25459,25629
25459,25433
25459,25443
25459,25451
25459,25460
25459,25467
25459,25470
25459,25477
25459,25478
25459,25479
25459,25481
25459,25482
25459,25490
25483,25509
25483,25551
25483,25564
25483,25576
25483,25577
25483,25585
25483,25589
25483,25597
25483,25629
25483,25630
25483,25460
25483,25467
25483,25470
25483,25477
25483,25478
25483,25479
25483,25481
25483,25482
25483,25490
25483,25495
25483,25496
25483,25499
25483,25500
25483,25501
25483,25522
25483,25525
25509,25551
25509,25564
25509,25576
25509,25577
25509,25585
25509,25589
25509,25597
25509,25629
25509,25641
25509,26085
25509,16155
25509,18433
25509,21049
25509,24866
25509,25482
25509,25490
25509,25496
25509,25500
25509,25501
25509,25508
25509,25522
25509,25525
25509,25532
25509,25538
25509,25546
25509,25548
25509,25552
25509,25556
25509,25558
25551,25564
25551,25576
25551,25577
25551,25585
25551,25589
25551,25597
25551,25629
25551,25630
25551,25641
25551,25658
25551,20205
25551,20442
25551,24800
25551,25501
25551,25508
25551,25522
25551,25525
25551,25532
25551,25538
25551,25546
25551,25548
25551,25552
25551,25556
25551,25558
25551,25561
25551,25563
25551,25568
25551,27098
25564,25576
25564,25577
25564,25589
25564,25597
25564,25629
25564,25630
25564,25641
25564,25660
25564,26752
25564,25532
25564,25538
25564,25546
25564,25548
25564,25552
25564,25556
25564,25558
25564,25561
25564,25563
25564,25565
25564,25568
25564,25574
25564,25578
25564,25580
25564,25585
25564,25586
25576,25577
25576,25585
25576,25589
25576,25597
25576,25629
25576,25630
25576,25641
25576,25658
25576,25660
25576,25662
25576,25552
25576,25556
25576,25558
25576,25561
25576,25563
25576,25565
25576,25568
25576,25574
25576,25578
25576,25580
25576,25586
25576,25592
25576,25599
25576,25619
25577,25589
25577,25597
25577,25629
25577,25630
25577,25641
25577,25658
25577,25660
25577,25662
25577,25672
25577,13342
25577,15875
25577,21110
25577,25552
25577,25556
25577,25558
25577,25561
25577,25563
25577,25565
25577,25568
25577,25574
25577,25578
25577,25580
25577,25585
25577,25586
25577,25592
25577,25619
25577,25621
25577,26243
25585,25589
25585,25597
25585,25629
25585,25630
25585,25641
25585,25658
25585,25660
25585,25662
25585,25672
25585,25675
25585,26616
25585,10046
25585,23530
25585,23592
25585,25561
25585,25563
25585,25568
25585,25574
25585,25578
25585,25580
25585,25586
25585,25592
25585,25599
25585,25619
25585,25621
25589,25597
25589,25629
25589,25630
25589,25641
25589,25658
25589,25660
25589,25662
25589,25672
25589,25675
25589,27190
25589,16832
25589,25565
25589,25568
25589,25578
25589,25586
25589,25592
25589,25599
25589,25619
25589,25621
25589,25622
25589,25624
25589,25635
25597,25629
25597,25630
25597,25658
25597,25660
25597,25662
25597,25672
25597,25675
25597,25685
25597,25686
25597,27400
25597,20514
25597,17515
25597,24105
25597,25568
25597,25574
25597,25578
25597,25580
25597,25586
25597,25599
25597,25621
25597,25622
25597,25624
25597,25641
25597,25650
25629,25630
25629,25641
25629,25658
25629,25662
25629,25672
25629,25675
25629,25685
25629,25686
25629,25695
25629,16968
25629,25586
25629,25592
25629,25599
25629,25619
25629,25621
25629,25622
25629,25635
25629,25650
25629,25655
25629,25660
25629,25663
25630,25641
25630,25658
25630,25660
25630,25662
25630,25672
25630,25685
25630,25686
25630,25695
25630,25708
25630,27241
25630,18440
25630,25586
25630,25592
25630,25599
25630,25619
25630,25621
25630,25622
25630,25624
25630,25635
25630,25650
25630,25655
25630,25663
25630,25664
25641,25658
25641,25660
25641,25662
25641,25672
25641,25675
25641,25685
25641,25686
25641,25695
25641,25708
25641,25717
25641,11997
25641,8341
25641,25592
25641,25599
25641,25619
25641,25621
25641,25624
25641,25635
25641,25650
25641,25651
25641,25655
25641,25663
25641,25671
25658,25660
25658,25662
25658,25672
25658,25675
25658,25685
25658,25686
25658,25695
25658,25708
25658,25717
25658,25718
25658,25621
25658,25622
25658,25624
25658,25635
25658,25650
25658,25651
25658,25655
25658,25663
25658,25664
25658,25671
25658,25679
25658,25680
25658,25681
25660,25662
25660,25672
25660,25685
25660,25686
25660,25695
25660,25708
25660,25717
25660,25718
25660,19886
25660,25917
25660,19495
25660,25622
25660,25624
25660,25635
25660,25650
25660,25651
25660,25655
25660,25663
25660,25664
25660,25675
25660,25679
25660,25680
25660,25681
25662,25672
25662,25675
25662,25685
25662,25686
25662,25695
25662,25708
25662,25717
25662,25718
25662,25728
25662,25735
25662,21965
25662,25624
25662,25635
25662,25650
25662,25651
25662,25655
25662,25663
25662,25664
25662,25671
25662,25679
25662,25680
25662,25681
25662,25683
25672,25675
25672,25685
25672,25686
25672,25708
25672,25717
25672,25718
25672,25735
25672,25738
25672,22222
25672,25650
25672,25651
25672,25655
25672,25663
25672,25664
25672,25671
25672,25679
25672,25680
25672,25681
25672,25682
25672,25683
25672,25692
25672,25693
25675,25685
25675,25686
25675,25695
25675,25717
25675,25718
25675,25728
25675,25735
25675,25738
25675,25739
25675,19494
25675,23982
25675,16017
25675,25650
25675,25651
25675,25663
25675,25664
25675,25671
25675,25679
25675,25680
25675,25681
25675,25682
25675,25683
25675,25692
25675,25693
25685,25686
25685,25695
25685,25708
25685,25717
25685,25718
25685,25728
25685,25735
25685,25738
25685,25741
25685,8894
25685,23660
25685,25663
25685,25664
25685,25671
25685,25679
25685,25680
25685,25681
25685,25682
25685,25683
25685,25693
25685,25699
25685,25700
25685,25701
25685,25702
25685,25704
25686,25695
25686,25708
25686,25718
25686,25728
25686,25735
25686,25738
25686,25739
25686,25741
25686,25747
25686,14850
25686,25664
25686,25671
25686,25679
25686,25680
25686,25681
25686,25682
25686,25683
25686,25692
25686,25693
25686,25699
25686,25700
25686,25701
25686,25702
25686,25709
25695,25708
25695,25717
25695,25728
25695,25735
25695,25738
25695,25739
25695,25741
25695,25747
25695,25750
25695,11222
25695,9011
25695,20014
25695,25679
25695,25680
25695,25681
25695,25682
25695,25683
25695,25692
25695,25693
25695,25699
25695,25700
25695,25701
25695,25702
25695,25711
25695,25713
25695,25715
25708,25717
25708,25718
25708,25728
25708,25735
25708,25738
25708,25739
25708,25741
25708,25747
25708,25750
25708,25767
25708,7627
25708,10834
25708,25692
25708,25701
25708,25702
25708,25704
25708,25709
25708,25711
25708,25713
25708,25715
25708,25723
25708,25726
25708,25729
25717,25718
25717,25728
25717,25735
25717,25738
25717,25739
25717,25741
25717,25747
25717,25750
25717,25767
25717,25782
25717,25699
25717,25701
25717,25702
25717,25704
25717,25709
25717,25711
25717,25723
25717,25726
25717,25729
25717,25737
25718,25728
25718,25735
25718,25738
25718,25739
25718,25741
25718,25747
25718,25750
25718,25782
25718,25788
25718,10077
25718,8949
25718,11114
25718,22299
25718,25700
25718,25701
25718,25702
25718,25704
25718,25709
25718,25711
25718,25713
25718,25723
25718,25726
25718,25729
25718,25737
25718,25744
25728,25735
25728,25738
25728,25739
25728,25741
25728,25747
25728,25750
25728,25767
25728,25782
25728,25847
25728,14744
25728,25704
25728,25709
25728,25711
25728,25713
25728,25723
25728,25726
25728,25729
25728,25744
25728,25745
25728,25748
25735,25738
25735,25739
25735,25741
25735,25747
25735,25750
25735,25767
25735,25782
25735,25788
25735,25847
25735,16362
25735,18247
25735,12964
25735,14806
25735,25709
25735,25713
25735,25715
25735,25723
25735,25729
25735,25737
25735,25744
25735,25745
25735,25748
25735,25749
25738,25739
25738,25741
25738,25747
25738,25750
25738,25767
25738,25788
25738,25847
25738,25859
25738,25881
25738,17058
25738,7797
25738,9310
25738,11696
25738,25713
25738,25715
25738,25723
25738,25726
25738,25737
25738,25744
25738,25748
25738,25749
25738,25753
25738,25761
25739,25741
25739,25747
25739,25750
25739,25767
25739,25782
25739,25788
25739,25847
25739,25859
25739,25881
25739,25892
25739,20013
25739,25715
25739,25723
25739,25726
25739,25729
25739,25737
25739,25744
25739,25745
25739,25748
25739,25749
25739,25753
25739,25761
25741,25750
25741,25767
25741,25782
25741,25788
25741,25847
25741,25859
25741,25892
25741,25898
25741,17250
25741,12495
25741,26284
25741,9449
25741,14240
25741,25723
25741,25726
25741,25729
25741,25737
25741,25744
25741,25745
25741,25747
25741,25748
25741,25749
25741,25761
25741,27423
25747,25750
25747,25782
25747,25788
25747,25847
25747,25859
25747,25881
25747,25892
25747,25917
25747,14251
25747,17603
25747,25726
25747,25729
25747,25737
25747,25744
25747,25745
25747,25748
25747,25749
25747,25753
25747,25761
25747,25767
25747,25772
25747,25773
25747,25780
25750,25767
25750,25782
25750,25788
25750,25847
25750,25859
25750,25881
25750,25892
25750,25898
25750,25917
25750,25933
25750,18643
25750,16070
25750,25737
25750,25745
25750,25748
25750,25749
25750,25753
25750,25761
25750,25772
25750,25773
25750,25780
25750,25783
25750,25784
25750,25785
25767,25782
25767,25788
25767,25847
25767,25859
25767,25881
25767,25892
25767,25898
25767,25917
25767,25933
25767,25938
25767,25744
25767,25745
25767,25749
25767,25753
25767,25761
25767,25772
25767,25773
25767,25780
25767,25783
25767,25784
25767,25785
25767,25794
25767,25796
25782,25788
25782,25847
25782,25859
25782,25881
25782,25892
25782,25898
25782,25917
25782,25933
25782,25938
25782,25961
25782,15075
25782,25748
25782,25749
25782,25753
25782,25761
25782,25772
25782,25773
25782,25783
25782,25784
25782,25785
25782,25794
25782,25809
25782,25811
25782,25820
25782,25831
25782,26199
25788,25859
25788,25881
25788,25892
25788,25898
25788,25917
25788,25933
25788,25938
25788,25961
25788,25972
25788,7968
25788,25753
25788,25772
25788,25773
25788,25780
25788,25783
25788,25784
25788,25785
25788,25794
25788,25796
25788,25809
25788,25811
25788,25820
25788,25831
25788,25838
25788,25840
25788,25841
25788,25847
25847,25859
25847,25881
25847,25892
25847,25898
25847,25917
25847,25933
25847,25938
25847,25961
25847,25972
25847,25983
25847,19630
25847,25794
25847,25796
25847,25809
25847,25820
25847,25831
25847,25838
25847,25840
25847,25841
25847,25848
25847,25861
25847,25867
25847,25868
25847,25870
25847,25872
25847,25878
25847,25883
25859,25881
25859,25892
25859,25917
25859,25933
25859,25938
25859,25961
25859,25972
25859,25983
25859,25987
25859,24376
25859,17443
25859,25796
25859,25809
25859,25811
25859,25820
25859,25831
25859,25838
25859,25840
25859,25841
25859,25861
25859,25867
25859,25868
25859,25870
25859,25872
25859,25878
25859,25883
25859,25884
25859,25891
25881,25892
25881,25898
25881,25933
25881,25938
25881,25961
25881,25972
25881,25983
25881,25987
25881,25993
25881,26993
25881,10396
25881,25841
25881,25848
25881,25867
25881,25868
25881,25870
25881,25872
25881,25878
25881,25883
25881,25884
25881,25893
25881,25894
25881,25897
25881,25899
25881,25901
25892,25898
25892,25917
25892,25933
25892,25938
25892,25961
25892,25972
25892,25983
25892,25987
25892,25993
25892,25994
25892,25318
25892,15809
25892,19984
25892,25861
25892,25868
25892,25870
25892,25872
25892,25878
25892,25883
25892,25891
25892,25893
25892,25897
25892,25899
25892,25901
25892,25913
25898,25917
25898,25938
25898,25961
25898,25972
25898,25983
25898,25987
25898,25993
25898,25994
25898,26029
25898,26070
25898,13577
25898,25872
25898,25878
25898,25883
25898,25884
25898,25891
25898,25893
25898,25894
25898,25897
25898,25899
25898,25901
25898,25904
25898,25910
25898,25913
25898,25919
25898,25924
25898,25931
25898,25933
25917,25933
25917,25938
25917,25972
25917,25983
25917,25993
25917,25994
25917,26029
25917,26058
25917,21522
25917,24684
25917,18247
25917,25893
25917,25894
25917,25899
25917,25901
25917,25904
25917,25910
25917,25913
25917,25919
25917,25924
25917,25931
25917,25936
25917,25939
25917,25940
25917,25942
25917,25944
25933,25938
25933,25961
25933,25972
25933,25983
25933,25987
25933,25993
25933,25994
25933,26029
25933,26058
25933,26067
25933,27289
25933,16456
25933,16465
25933,25899
25933,25901
25933,25904
25933,25910
25933,25913
25933,25924
25933,25931
25933,25936
25933,25939
25933,25940
25933,25942
25933,25944
25933,25947
25933,25952
25933,25953
25933,27237
25938,25961
25938,25972
25938,25983
25938,25987
25938,25993
25938,25994
25938,26029
25938,26058
25938,26067
25938,26070
25938,19281
25938,25901
25938,25904
25938,25910
25938,25913
25938,25919
25938,25924
25938,25931
25938,25936
25938,25939
25938,25940
25938,25942
25938,25944
25938,25947
25938,25950
25938,25952
25938,25953
25938,25956
25961,25972
25961,25983
25961,25987
25961,25993
25961,25994
25961,26029
25961,26058
25961,26070
25961,26103
25961,11521
25961,20275
25961,25939
25961,25940
25961,25944
25961,25947
25961,25950
25961,25952
25961,25953
25961,25956
25961,25962
25961,25963
25961,25971
25961,25976
25961,25980
25961,25981
25961,25982
25972,25983
25972,25987
25972,25993
25972,25994
25972,26029
25972,26058
25972,26067
25972,26070
25972,26103
25972,26126
25972,25944
25972,25947
25972,25950
25972,25953
25972,25956
25972,25962
25972,25963
25972,25971
25972,25976
25972,25977
25972,25980
25972,25982
25972,25989
25972,25992
25983,25987
25983,25993
25983,26029
25983,26067
25983,26070
25983,26126
25983,26137
25983,8196
25983,21153
25983,25962
25983,25971
25983,25976
25983,25977
25983,25980
25983,25981
25983,25982
25983,25989
25983,25992
25983,25994
25983,25997
25983,26005
25983,26007
25983,26012
25987,25993
25987,25994
25987,26029
25987,26058
25987,26067
25987,26070
25987,26103
25987,26126
25987,26137
25987,26138
25987,24387
25987,14062
25987,10325
25987,15531
25987,25962
25987,25963
25987,25971
25987,25977
25987,25980
25987,25981
25987,25982
25987,25989
25987,25992
25987,25997
25987,26005
25987,26009
25987,26012
25987,26013
25993,26029
25993,26067
25993,26070
25993,26103
25993,26126
25993,26137
25993,26138
25993,26166
25993,19657
25993,13515
25993,24062
25993,25976
25993,25977
25993,25980
25993,25981
25993,25982
25993,25989
25993,25992
25993,25994
25993,25997
25993,26005
25993,26007
25993,26009
25993,26012
25993,26013
25993,26028
25993,26033
25994,26029
25994,26058
25994,26067
25994,26070
25994,26103
25994,26137
25994,26138
25994,26166
25994,20513
25994,18012
25994,22288
25994,24133
25994,25574
25994,25976
25994,25977
25994,25980
25994,25981
25994,25982
25994,25989
25994,25992
25994,26005
25994,26007
25994,26012
25994,26028
25994,26033
25994,26034
26029,26058
26029,26067
26029,26070
26029,26126
26029,26137
26029,26138
26029,26166
26029,26179
26029,26187
26029,16297
26029,18158
26029,25992
26029,25997
26029,26005
26029,26007
26029,26009
26029,26012
26029,26013
26029,26033
26029,26034
26029,26038
26029,26039
26029,26049
26029,26054
26029,26059
26029,26060
26058,26067
26058,26070
26058,26103
26058,26126
26058,26137
26058,26166
26058,26179
26058,26187
26058,27058
26058,23679
26058,26013
26058,26028
26058,26033
26058,26034
26058,26038
26058,26039
26058,26045
26058,26049
26058,26054
26058,26059
26058,26060
26058,26062
26058,26073
26058,26074
26058,26082
26058,26085
26058,26090
26067,26070
26067,26103
26067,26126
26067,26137
26067,26138
26067,26166
26067,26179
26067,26187
26067,26197
26067,25897
26067,13768
26067,26034
26067,26038
26067,26039
26067,26045
26067,26049
26067,26054
26067,26059
26067,26060
26067,26062
26067,26073
26067,26074
26067,26082
26067,26085
26067,26090
26067,26092
26067,26095
26067,26096
26070,26103
26070,26126
26070,26137
26070,26138
26070,26166
26070,26179
26070,26187
26070,26197
26070,26202
26070,26205
26070,11628
26070,15482
26070,26038
26070,26039
26070,26045
26070,26054
26070,26060
26070,26062
26070,26073
26070,26082
26070,26090
26070,26092
26070,26095
26070,26096
26070,26107
26103,26126
26103,26138
26103,26166
26103,26179
26103,26187
26103,26197
26103,26202
26103,26205
26103,26221
26103,7995
26103,11364
26103,26073
26103,26074
26103,26082
26103,26085
26103,26090
26103,26092
26103,26095
26103,26096
26103,26107
26103,26108
26103,26109
26103,26110
26103,26114
26103,26127
26103,26137
26103,26139
26126,26137
26126,26138
26126,26166
26126,26179
26126,26187
26126,26197
26126,26202
26126,26205
26126,26221
26126,26238
26126,26092
26126,26095
26126,26096
26126,26107
26126,26108
26126,26109
26126,26110
26126,26114
26126,26139
26126,26144
26126,26149
26126,26152
26126,26157
26126,26162
26126,26760
26137,26138
26137,26166
26137,26179
26137,26197
26137,26202
26137,26205
26137,26221
26137,26238
26137,26243
26137,8484
26137,26902
26137,24651
26137,26095
26137,26096
26137,26108
26137,26109
26137,26110
26137,26114
26137,26127
26137,26139
26137,26144
26137,26150
26137,26152
26137,26157
26137,26162
26137,26164
26137,26165
26138,26166
26138,26179
26138,26187
26138,26197
26138,26202
26138,26205
26138,26221
26138,26243
26138,26259
26138,26898
26138,26096
26138,26107
26138,26108
26138,26109
26138,26110
26138,26114
26138,26127
26138,26139
26138,26144
26138,26149
26138,26150
26138,26152
26138,26157
26138,26162
26138,26164
26138,26165
26166,26187
26166,26197
26166,26202
26166,26205
26166,26221
26166,26238
26166,26243
26166,26259
26166,26275
26166,9001
26166,26139
26166,26144
26166,26149
26166,26150
26166,26152
26166,26157
26166,26162
26166,26164
26166,26165
26166,26172
26166,26176
26166,26179
26166,26180
26166,26183
26166,26190
26166,26193
26166,26199
26179,26187
26179,26197
26179,26202
26179,26221
26179,26238
26179,26243
26179,26259
26179,26275
26179,26284
26179,26149
26179,26150
26179,26157
26179,26162
26179,26164
26179,26165
26179,26172
26179,26176
26179,26180
26179,26183
26179,26190
26179,26193
26179,26199
26179,26201
26179,26204
26179,27339
26187,26197
26187,26202
26187,26205
26187,26221
26187,26238
26187,26243
26187,26259
26187,26275
26187,26284
26187,8145
26187,13218
26187,16584
26187,26157
26187,26162
26187,26164
26187,26165
26187,26172
26187,26176
26187,26180
26187,26183
26187,26190
26187,26193
26187,26199
26187,26207
26187,26208
26197,26202
26197,26205
26197,26221
26197,26238
26197,26243
26197,26259
26197,26275
26197,26284
26197,26288
26197,26300
26197,17785
26197,26165
26197,26172
26197,26176
26197,26180
26197,26183
26197,26190
26197,26193
26197,26199
26197,26201
26197,26204
26197,26207
26197,26208
26197,26210
26197,26213
26197,26219
26202,26205
26202,26221
26202,26238
26202,26243
26202,26259
26202,26275
26202,26284
26202,26288
26202,26300
26202,26328
26202,8418
26202,24676
26202,26176
26202,26180
26202,26183
26202,26190
26202,26193
26202,26199
26202,26201
26202,26204
26202,26207
26202,26210
26202,26213
26202,26219
26202,26220
26202,26222
26205,26238
26205,26243
26205,26259
26205,26275
26205,26284
26205,26288
26205,26300
26205,26328
26205,26395
26205,27200
26205,11767
26205,18428
26205,7927
26205,26180
26205,26183
26205,26190
26205,26193
26205,26204
26205,26207
26205,26208
26205,26210
26205,26213
26205,26219
26205,26220
26205,26221
26205,26222
26205,26223
26205,26225
26221,26238
26221,26243
26221,26259
26221,26275
26221,26284
26221,26288
26221,26300
26221,26328
26221,26395
26221,26397
26221,11976
26221,24832
26221,26201
26221,26204
26221,26207
26221,26208
26221,26210
26221,26213
26221,26219
26221,26220
26221,26222
26221,26223
26221,26225
26221,26228
26221,26230
26221,26233
26221,26245
26238,26243
26238,26259
26238,26275
26238,26284
26238,26288
26238,26300
26238,26328
26238,26395
26238,26397
26238,26419
26238,15460
26238,15689
26238,26219
26238,26220
26238,26222
26238,26223
26238,26225
26238,26228
26238,26230
26238,26232
26238,26233
26238,26245
26238,26248
26238,26252
26238,26255
26238,26262
26243,26259
26243,26275
26243,26284
26243,26300
26243,26328
26243,26395
26243,26397
26243,26419
26243,26429
26243,13286
26243,15191
26243,26220
26243,26223
26243,26225
26243,26228
26243,26232
26243,26233
26243,26245
26243,26247
26243,26248
26243,26250
26243,26252
26243,26262
26243,26277
26243,27278
26259,26275
26259,26284
26259,26288
26259,26300
26259,26328
26259,26395
26259,26397
26259,26419
26259,26429
26259,26443
26259,22221
26259,26232
26259,26233
26259,26245
26259,26247
26259,26248
26259,26250
26259,26252
26259,26255
26259,26262
26259,26277
26259,26279
26259,26287
26259,26290
26259,26292
26275,26284
26275,26288
26275,26328
26275,26395
26275,26397
26275,26419
26275,26429
26275,26443
26275,26507
26275,16517
26275,26245
26275,26247
26275,26248
26275,26250
26275,26255
26275,26262
26275,26277
26275,26279
26275,26290
26275,26292
26275,26300
26275,26302
26275,26303
26284,26300
26284,26328
26284,26397
26284,26429
26284,26507
26284,26509
26284,9714
26284,25963
26284,26247
26284,26248
26284,26250
26284,26252
26284,26255
26284,26262
26284,26277
26284,26279
26284,26287
26284,26288
26284,26292
26284,26302
26284,26311
26284,26312
26284,26322
26288,26300
26288,26328
26288,26395
26288,26397
26288,26429
26288,26443
26288,26507
26288,26509
26288,26520
26288,19341
26288,18261
26288,26250
26288,26255
26288,26262
26288,26277
26288,26287
26288,26290
26288,26292
26288,26302
26288,26303
26288,26311
26288,26312
26288,26322
26288,26326
26288,26327
26300,26328
26300,26395
26300,26397
26300,26419
26300,26429
26300,26443
26300,26507
26300,26509
26300,26520
26300,26524
26300,26262
26300,26287
26300,26290
26300,26292
26300,26302
26300,26311
26300,26312
26300,26322
26300,26326
26300,26327
26300,26329
26300,26333
26328,26397
26328,26419
26328,26429
26328,26443
26328,26507
26328,26509
26328,26524
26328,26526
26328,26685
26328,20855
26328,26290
26328,26292
26328,26303
26328,26311
26328,26312
26328,26322
26328,26326
26328,26327
26328,26333
26328,26339
26328,26364
26328,26365
26328,26370
26328,26371
26328,26374
26328,26375
26328,26382
26395,26397
26395,26419
26395,26429
26395,26443
26395,26507
26395,26509
26395,26520
26395,26524
26395,26526
26395,26554
26395,12793
26395,10603
26395,14294
26395,23167
26395,26371
26395,26375
26395,26382
26395,26383
26395,26390
26395,26391
26395,26392
26395,26406
26395,26409
26395,26411
26395,26413
26395,26431
26395,26436
26395,26441
26397,26419
26397,26429
26397,26443
26397,26507
26397,26509
26397,26520
26397,26524
26397,26526
26397,26554
26397,26556
26397,26371
26397,26374
26397,26375
26397,26382
26397,26383
26397,26388
26397,26390
26397,26391
26397,26392
26397,26406
26397,26409
26397,26411
26397,26413
26397,26431
26397,26436
26397,26441
26419,26429
26419,26443
26419,26507
26419,26520
26419,26524
26419,26526
26419,26556
26419,26561
26419,15329
26419,16743
26419,11112
26419,26388
26419,26390
26419,26391
26419,26392
26419,26406
26419,26409
26419,26411
26419,26413
26419,26431
26419,26436
26419,26441
26419,26444
26419,26450
26419,26451
26419,26456
26419,26460
26429,26443
26429,26507
26429,26509
26429,26520
26429,26524
26429,26526
26429,26554
26429,26561
26429,26587
26429,8410
26429,26390
26429,26391
26429,26392
26429,26406
26429,26409
26429,26413
26429,26431
26429,26436
26429,26441
26429,26444
26429,26450
26429,26451
26429,26456
26443,26507
26443,26509
26443,26520
26443,26524
26443,26526
26443,26554
26443,26556
26443,26561
26443,26587
26443,26589
26443,26409
26443,26411
26443,26413
26443,26431
26443,26436
26443,26441
26443,26444
26443,26450
26443,26451
26443,26456
26443,26460
26443,26462
26443,26470
26443,26472
26443,26488
26443,26493
26507,26509
26507,26520
26507,26524
26507,26526
26507,26554
26507,26556
26507,26561
26507,26587
26507,26589
26507,26592
26507,27212
26507,11011
26507,16731
26507,26460
26507,26462
26507,26470
26507,26472
26507,26493
26507,26503
26507,26505
26507,26506
26507,26531
26507,26544
26507,26552
26507,26553
26509,26520
26509,26526
26509,26554
26509,26556
26509,26561
26509,26587
26509,26589
26509,26592
26509,26617
26509,8258
26509,26462
26509,26470
26509,26472
26509,26488
26509,26493
26509,26497
26509,26503
26509,26505
26509,26506
26509,26524
26509,26531
26509,26544
26509,26552
26509,26553
26520,26524
26520,26526
26520,26554
26520,26556
26520,26561
26520,26587
26520,26589
26520,26592
26520,26617
26520,26645
26520,21060
26520,26470
26520,26472
26520,26488
26520,26497
26520,26503
26520,26506
26520,26531
26520,26544
26520,26552
26520,26553
26520,26565
26524,26526
26524,26561
26524,26587
26524,26589
26524,26592
26524,26617
26524,26645
26524,26655
26524,26996
26524,9144
26524,22639
26524,26472
26524,26488
26524,26493
26524,26497
26524,26503
26524,26505
26524,26506
26524,26531
26524,26544
26524,26552
26524,26553
26524,26556
26524,26569
26526,26554
26526,26561
26526,26587
26526,26589
26526,26592
26526,26617
26526,26645
26526,26655
26526,26685
26526,15022
26526,13513
26526,12725
26526,26488
26526,26493
26526,26505
26526,26506
26526,26531
26526,26544
26526,26552
26526,26553
26526,26556
26526,26565
26526,26569
26526,26582
26554,26556
26554,26561
26554,26587
26554,26589
26554,26592
26554,26617
26554,26645
26554,26655
26554,26685
26554,26688
26554,11027
26554,13847
26554,26506
26554,26544
26554,26552
26554,26553
26554,26565
26554,26569
26554,26582
26554,26583
26554,26584
26556,26587
26556,26592
26556,26617
26556,26645
26556,26655
26556,26685
26556,26688
26556,26733
26556,11593
26556,23098
26556,15644
26556,26531
26556,26544
26556,26552
26556,26553
26556,26561
26556,26565
26556,26569
26556,26582
26556,26583
26556,26584
26556,26589
26561,26587
26561,26589
26561,26592
26561,26617
26561,26645
26561,26655
26561,26685
26561,26688
26561,26733
26561,26752
26561,26544
26561,26552
26561,26553
26561,26565
26561,26569
26561,26582
26561,26583
26561,26584
26561,26595
26561,26596
26587,26589
26587,26592
26587,26617
26587,26645
26587,26685
26587,26688
26587,26733
26587,26752
26587,26787
26587,13223
26587,20915
26587,25950
26587,26552
26587,26553
26587,26565
26587,26569
26587,26582
26587,26583
26587,26584
26587,26595
26587,26598
26587,26602
26587,26609
26587,26610
26589,26592
26589,26617
26589,26645
26589,26655
26589,26685
26589,26752
26589,26787
26589,26801
26589,21774
26589,11684
26589,24955
26589,26553
26589,26565
26589,26569
26589,26582
26589,26583
26589,26584
26589,26595
26589,26596
26589,26598
26589,26600
26589,26601
26589,26602
26589,26609
26589,26610
26589,26612
26592,26645
26592,26688
26592,26733
26592,26752
26592,26787
26592,26801
26592,26820
26592,23954
26592,7847
26592,26565
26592,26582
26592,26583
26592,26584
26592,26595
26592,26596
26592,26598
26592,26600
26592,26601
26592,26602
26592,26609
26592,26610
26592,26612
26592,26616
26617,26645
26617,26655
26617,26685
26617,26733
26617,26752
26617,26787
26617,26801
26617,26820
26617,26825
26617,16598
26617,10029
26617,26595
26617,26596
26617,26598
26617,26600
26617,26601
26617,26602
26617,26609
26617,26610
26617,26616
26617,26620
26617,26626
26617,26628
26617,26638
26617,26650
26617,26656
26617,26666
26617,26671
26645,26655
26645,26685
26645,26688
26645,26733
26645,26752
26645,26787
26645,26801
26645,26825
26645,17528
26645,18635
26645,21767
26645,26602
26645,26609
26645,26616
26645,26620
26645,26626
26645,26628
26645,26638
26645,26650
26645,26656
26645,26666
26645,26671
26645,26684
26645,26690
26645,26691
26655,26685
26655,26688
26655,26733
26655,26752
26655,26787
26655,26801
26655,26825
26655,26845
26655,26861
26655,13463
26655,10078
26655,26610
26655,26612
26655,26616
26655,26620
26655,26626
26655,26628
26655,26650
26655,26656
26655,26666
26655,26671
26655,26684
26655,26690
26655,26691
26655,26713
26685,26688
26685,26752
26685,26787
26685,26801
26685,26820
26685,26825
26685,26845
26685,26861
26685,26868
26685,26626
26685,26628
26685,26638
26685,26650
26685,26656
26685,26666
26685,26671
26685,26684
26685,26690
26685,26691
26685,26706
26685,26713
26685,26719
26685,26720
26685,26733
26685,26734
26685,26735
26688,26733
26688,26752
26688,26787
26688,26820
26688,26825
26688,26845
26688,26861
26688,26868
26688,26898
26688,26628
26688,26638
26688,26650
26688,26656
26688,26666
26688,26684
26688,26690
26688,26691
26688,26713
26688,26720
26688,26734
26688,26735
26688,26736
26733,26752
26733,26787
26733,26801
26733,26820
26733,26825
26733,26845
26733,26861
26733,26868
26733,26898
26733,20206
26733,21160
26733,26671
26733,26684
26733,26690
26733,26691
26733,26706
26733,26719
26733,26720
26733,26734
26733,26735
26733,26736
26733,26739
26733,26740
26733,26749
26733,26760
26733,26767
26733,26893
26752,26787
26752,26801
26752,26820
26752,26825
26752,26845
26752,26861
26752,26868
26752,26898
26752,26925
26752,26940
26752,24084
26752,26713
26752,26719
26752,26720
26752,26734
26752,26735
26752,26736
26752,26739
26752,26740
26752,26749
26752,26757
26752,26760
26752,26767
26752,26774
26752,26776
26752,26778
26752,26781
26752,26785
26752,26791
26787,26801
26787,26820
26787,26845
26787,26861
26787,26868
26787,26898
26787,26925
26787,26940
26787,26944
26787,8419
26787,25884
26787,26749
26787,26757
26787,26760
26787,26767
26787,26774
26787,26776
26787,26781
26787,26785
26787,26791
26787,26793
26787,26797
26787,26798
26787,26812
26787,26813
26787,26819
26787,26821
26801,26820
26801,26825
26801,26845
26801,26861
26801,26868
26801,26898
26801,26925
26801,26940
26801,26944
26801,26949
26801,17017
26801,26774
26801,26776
26801,26778
26801,26781
26801,26785
26801,26791
26801,26793
26801,26797
26801,26798
26801,26813
26801,26819
26801,26821
26801,26840
26801,26843
26801,26851
26820,26825
26820,26845
26820,26861
26820,26898
26820,26925
26820,26940
26820,26944
26820,26949
26820,26968
26820,16932
26820,26785
26820,26791
26820,26793
26820,26797
26820,26798
26820,26812
26820,26813
26820,26819
26820,26821
26820,26840
26820,26843
26820,26851
26820,26857
26820,26864
26820,26868
26825,26845
26825,26861
26825,26868
26825,26898
26825,26925
26825,26944
26825,26949
26825,26968
26825,15581
26825,26472
26825,26791
26825,26793
26825,26797
26825,26798
26825,26812
26825,26813
26825,26819
26825,26821
26825,26840
26825,26843
26825,26851
26825,26857
26825,26864
26825,26870
26825,26875
26845,26861
26845,26868
26845,26898
26845,26925
26845,26940
26845,26944
26845,26949
26845,26968
26845,26970
26845,26993
26845,18786
26845,26798
26845,26812
26845,26813
26845,26819
26845,26821
26845,26840
26845,26843
26845,26851
26845,26857
26845,26864
26845,26870
26845,26885
26845,26887
26845,26888
26861,26868
26861,26925
26861,26944
26861,26968
26861,26970
26861,26993
26861,26996
26861,11733
26861,23834
26861,26813
26861,26819
26861,26840
26861,26843
26861,26851
26861,26857
26861,26864
26861,26870
26861,26875
26861,26885
26861,26887
26861,26888
26861,26892
26861,26893
26861,26894
26868,26898
26868,26925
26868,26940
26868,26944
26868,26949
26868,26968
26868,26993
26868,26998
26868,9364
26868,26436
26868,25340
26868,9989
26868,12881
26868,13215
26868,26840
26868,26843
26868,26851
26868,26857
26868,26864
26868,26870
26868,26875
26868,26885
26868,26887
26868,26892
26868,26902
26898,26925
26898,26940
26898,26944
26898,26949
26898,26968
26898,26970
26898,26993
26898,26996
26898,26998
26898,27012
26898,7766
26898,12643
26898,26864
26898,26870
26898,26875
26898,26885
26898,26887
26898,26888
26898,26892
26898,26893
26898,26902
26898,26904
26898,26908
26898,26915
26898,26916
26898,26921
26898,26928
26898,26936
26925,26940
26925,26944
26925,26949
26925,26968
26925,26970
26925,26996
26925,26998
26925,27012
26925,27042
26925,26894
26925,26902
26925,26904
26925,26908
26925,26914
26925,26915
26925,26916
26925,26921
26925,26928
26925,26938
26925,26942
26925,26946
26925,26955
26925,26958
26940,26944
26940,26949
26940,26968
26940,26970
26940,26993
26940,26996
26940,26998
26940,27012
26940,27042
26940,27066
26940,26904
26940,26908
26940,26914
26940,26915
26940,26916
26940,26921
26940,26928
26940,26936
26940,26938
26940,26942
26940,26946
26940,26955
26940,26958
26940,26967
26944,26949
26944,26968
26944,26970
26944,26993
26944,26996
26944,26998
26944,27012
26944,27042
26944,27066
26944,26914
26944,26915
26944,26916
26944,26921
26944,26928
26944,26936
26944,26942
26944,26946
26944,26955
26944,26958
26944,26972
26944,26976
26949,26968
26949,26970
26949,26993
26949,26996
26949,27012
26949,27042
26949,27066
26949,27090
26949,12069
26949,26916
26949,26921
26949,26928
26949,26936
26949,26938
26949,26942
26949,26946
26949,26955
26949,26958
26949,26967
26949,26969
26949,26972
26949,26976
26949,26980
26968,26970
26968,26993
26968,26996
26968,27012
26968,27042
26968,27066
26968,27090
26968,27091
26968,27093
26968,22225
26968,25744
26968,26936
26968,26938
26968,26942
26968,26946
26968,26955
26968,26958
26968,26967
26968,26969
26968,26972
26968,26978
26968,26980
26968,26985
26968,26986
26968,26988
26968,26990
26970,26993
26970,26996
26970,26998
26970,27012
26970,27042
26970,27066
26970,27090
26970,27093
26970,27095
26970,12964
26970,25552
26970,26942
26970,26946
26970,26955
26970,26958
26970,26967
26970,26969
26970,26972
26970,26976
26970,26978
26970,26980
26970,26985
26970,26986
26970,26988
26970,26990
26970,26991
26993,26996
26993,26998
26993,27012
26993,27042
26993,27066
26993,27090
26993,27093
26993,27095
26993,27098
26993,24105
26993,10077
26993,26374
26993,26972
26993,26976
26993,26978
26993,26985
26993,26986
26993,26988
26993,26990
26993,26991
26993,26995
26993,27000
26993,27004
26993,27011
26993,27017
26993,27025
26996,26998
26996,27012
26996,27042
26996,27066
26996,27090
26996,27093
26996,27095
26996,27098
26996,27102
26996,8908
26996,26976
26996,26978
26996,26980
26996,26985
26996,26988
26996,26990
26996,26991
26996,27000
26996,27011
26996,27016
26996,27017
26996,27025
26996,27028
26998,27012
26998,27042
26998,27066
26998,27090
26998,27091
26998,27093
26998,27095
26998,27098
26998,27102
26998,27107
26998,26978
26998,26980
26998,26985
26998,26986
26998,26988
26998,26990
26998,26991
26998,26995
26998,27000
26998,27004
26998,27011
26998,27016
26998,27017
26998,27028
26998,27030
27012,27042
27012,27066
27012,27090
27012,27091
27012,27093
27012,27095
27012,27098
27012,27107
27012,27112
27012,9234
27012,8672
27012,26988
27012,26990
27012,26991
27012,26995
27012,27000
27012,27004
27012,27011
27012,27017
27012,27025
27012,27028
27012,27030
27012,27053
27012,27058
27012,27060
27042,27066
27042,27090
27042,27091
27042,27093
27042,27095
27042,27098
27042,27102
27042,27107
27042,27112
27042,17017
27042,10779
27042,18894
27042,27000
27042,27004
27042,27011
27042,27016
27042,27017
27042,27025
27042,27028
27042,27030
27042,27051
27042,27053
27042,27058
27042,27060
27042,27061
27042,27069
27042,27076
27066,27090
27066,27091
27066,27093
27066,27095
27066,27098
27066,27102
27066,27112
27066,27150
27066,27210
27066,27025
27066,27028
27066,27051
27066,27053
27066,27058
27066,27061
27066,27069
27066,27071
27066,27076
27066,27079
27066,27097
27090,27091
27090,27093
27090,27095
27090,27098
27090,27107
27090,27112
27090,27210
27090,27212
27090,16083
27090,15756
27090,27051
27090,27053
27090,27058
27090,27060
27090,27061
27090,27069
27090,27071
27090,27076
27090,27079
27090,27097
27090,27101
27090,27102
27090,27106
27091,27093
27091,27095
27091,27098
27091,27102
27091,27107
27091,27112
27091,27150
27091,27210
27091,27219
27091,26602
27091,27053
27091,27058
27091,27060
27091,27061
27091,27069
27091,27076
27091,27079
27091,27097
27091,27099
27091,27101
27091,27106
27093,27095
27093,27098
27093,27102
27093,27107
27093,27150
27093,27210
27093,27212
27093,27219
27093,27235
27093,10603
27093,20258
27093,27058
27093,27060
27093,27061
27093,27069
27093,27076
27093,27079
27093,27097
27093,27099
27093,27106
27093,27112
27093,27129
27095,27098
27095,27102
27095,27107
27095,27112
27095,27150
27095,27210
27095,27212
27095,27219
27095,27235
27095,27241
27095,27060
27095,27061
27095,27069
27095,27071
27095,27076
27095,27079
27095,27101
27095,27106
27095,27129
27095,27138
27098,27102
27098,27107
27098,27112
27098,27210
27098,27212
27098,27219
27098,27235
27098,27241
27098,27252
27098,19869
27098,22031
27098,22897
27098,27069
27098,27071
27098,27079
27098,27097
27098,27099
27098,27101
27098,27106
27098,27138
27098,27144
27102,27107
27102,27112
27102,27150
27102,27210
27102,27219
27102,27235
27102,27241
27102,27252
27102,27256
27102,9251
27102,17821
27102,27076
27102,27079
27102,27097
27102,27099
27102,27101
27102,27106
27102,27129
27102,27138
27102,27144
27102,27145
27102,27147
27102,27149
27107,27112
27107,27150
27107,27210
27107,27212
27107,27219
27107,27235
27107,27241
27107,27252
27107,27256
27107,27289
27107,11711
27107,26980
27107,13853
27107,20737
27107,24128
27107,24256
27107,27097
27107,27099
27107,27106
27107,27129
27107,27138
27107,27144
27107,27147
27107,27149
27107,27161
27107,27171
27112,27150
27112,27212
27112,27235
27112,27241
27112,27252
27112,27256
27112,27289
27112,27307
27112,21774
27112,9329
27112,20652
27112,23068
27112,27097
27112,27099
27112,27101
27112,27106
27112,27129
27112,27138
27112,27144
27112,27147
27112,27149
27112,27161
27112,27171
27112,27172
27150,27210
27150,27212
27150,27219
27150,27235
27150,27241
27150,27252
27150,27256
27150,27289
27150,27307
27150,27317
27150,9565
27150,12655
27150,27106
27150,27129
27150,27144
27150,27145
27150,27147
27150,27149
27150,27161
27150,27171
27150,27172
27150,27177
27150,27181
27150,27182
27150,27188
27150,27190
27150,27196
27210,27212
27210,27219
27210,27235
27210,27241
27210,27252
27210,27289
27210,27317
27210,27361
27210,11976
27210,14612
27210,27172
27210,27177
27210,27178
27210,27181
27210,27182
27210,27188
27210,27196
27210,27200
27210,27202
27210,27213
27210,27224
27210,27226
27210,27237
27210,27238
27210,27240
27212,27219
27212,27235
27212,27241
27212,27256
27212,27307
27212,27317
27212,27361
27212,27400
27212,7838
27212,8080
27212,18276
27212,27178
27212,27181
27212,27182
27212,27188
27212,27190
27212,27200
27212,27202
27212,27213
27212,27224
27212,27226
27212,27237
27212,27238
27212,27240
27219,27235
27219,27241
27219,27252
27219,27256
27219,27289
27219,27307
27219,27317
27219,27361
27219,27400
27219,27418
27219,20461
27219,27181
27219,27182
27219,27188
27219,27190
27219,27200
27219,27202
27219,27213
27219,27224
27219,27226
27219,27237
27219,27238
27219,27240
27219,27243
27219,27244
27219,27245
27235,27241
27235,27252
27235,27256
27235,27289
27235,27361
27235,27400
27235,27418
27235,27423
27235,20927
27235,9618
27235,24164
27235,27190
27235,27196
27235,27200
27235,27202
27235,27213
27235,27224
27235,27226
27235,27237
27235,27238
27235,27240
27235,27243
27235,27244
27235,27245
27235,27251
27235,27253
27241,27252
27241,27256
27241,27289
27241,27307
27241,27317
27241,27361
27241,27400
27241,27418
27241,27423
27241,27432
27241,9489
27241,14674
27241,22257
27241,27213
27241,27224
27241,27226
27241,27238
27241,27240
27241,27243
27241,27244
27241,27245
27241,27251
27241,27253
27241,27254
27241,27257
27252,27256
27252,27289
27252,27307
27252,27317
27252,27361
27252,27400
27252,27418
27252,27423
27252,27437
27252,15257
27252,27226
27252,27237
27252,27238
27252,27240
27252,27243
27252,27244
27252,27245
27252,27251
27252,27253
27252,27254
27252,27257
27252,27260
27252,27263
27252,27275
27252,27278
27252,27285
27256,27317
27256,27400
27256,27418
27256,27423
27256,27432
27256,27442
27256,23173
27256,21211
27256,13568
27256,17395
27256,21345
27256,27238
27256,27240
27256,27243
27256,27245
27256,27251
27256,27253
27256,27254
27256,27260
27256,27263
27256,27275
27256,27285
27256,27289
27256,27290
27256,27291
27256,27305
27289,27307
27289,27317
27289,27361
27289,27400
27289,27418
27289,27423
27289,27432
27289,27437
27289,27442
27289,16358
27289,18821
27289,27253
27289,27254
27289,27257
27289,27263
27289,27275
27289,27278
27289,27285
27289,27290
27289,27291
27289,27305
27289,27310
27289,27313
27289,27315
27289,27323
27307,27317
27307,27361
27307,27400
27307,27418
27307,27423
27307,27432
27307,27437
27307,27442
27307,7558
27307,15943
27307,25348
27307,27257
27307,27260
27307,27275
27307,27285
27307,27290
27307,27305
27307,27310
27307,27313
27307,27315
27307,27316
27307,27323
27307,27325
27307,27334
27307,27336
27307,27339
27317,27400
27317,27418
27317,27432
27317,27437
27317,27442
27317,7558
27317,7562
27317,26735
27317,25619
27317,27285
27317,27290
27317,27291
27317,27305
27317,27313
27317,27315
27317,27316
27317,27323
27317,27325
27317,27334
27317,27339
27317,27350
27317,27353
27317,27359
27317,27361
27317,27364
27361,27400
27361,27423
27361,27432
27361,27437
27361,27442
27361,7558
27361,7562
27361,7570
27361,13770
27361,11433
27361,13218
27361,27316
27361,27323
27361,27325
27361,27334
27361,27336
27361,27339
27361,27350
27361,27353
27361,27359
27361,27364
27361,27366
27361,27379
27361,27380
27361,27383
27361,27386
27361,27388
27361,27394
27400,27423
27400,27432
27400,27437
27400,27442
27400,7558
27400,7562
27400,7571
27400,12497
27400,22768
27400,27359
27400,27364
27400,27366
27400,27379
27400,27380
27400,27383
27400,27386
27400,27388
27400,27394
27400,27402
27400,27410
27400,27416
27400,27418
27400,27420
27400,27425
27400,27435
27418,27432
27418,27437
27418,27442
27418,7558
27418,7562
27418,7570
27418,7571
27418,18567
27418,21200
27418,25867
27418,27379
27418,27380
27418,27383
27418,27386
27418,27388
27418,27394
27418,27402
27418,27410
27418,27416
27418,27420
27418,27423
27418,27424
27418,27425
27418,27435
27418,27438
27418,27440
27423,27432
27423,27437
27423,27442
27423,7558
27423,7562
27423,7570
27423,7571
27423,7590
27423,18145
27423,10145
27423,27245
27423,27383
27423,27386
27423,27388
27423,27394
27423,27402
27423,27410
27423,27416
27423,27420
27423,27424
27423,27425
27423,27438
27423,27440
27423,27444
27423,27450
27432,27437
27432,27442
27432,7558
27432,7562
27432,7570
27432,7571
27432,7590
27432,7599
27432,23368
27432,21366
27432,21522
27432,27394
27432,27410
27432,27416
27432,27420
27432,27424
27432,27425
27432,27435
27432,27438
27432,27440
27432,27444
27432,27450
27432,27454
27432,27455
27432,27459
27437,27442
27437,7558
27437,7562
27437,7570
27437,7571
27437,7590
27437,7600
27437,22489
27437,13463
27437,27402
27437,27410
27437,27416
27437,27420
27437,27425
27437,27435
27437,27438
27437,27440
27437,27444
27437,27454
27437,27455
27437,27459
27442,7558
27442,7562
27442,7571
27442,7590
27442,7599
27442,7600
27442,7602
27442,26596
27442,27420
27442,27424
27442,27425
27442,27435
27442,27438
27442,27440
27442,27444
27442,27450
27442,27454
27442,27455
27442,27459
7558,7562
7558,7571
7558,7590
7558,7599
7558,7600
7558,7602
7558,7611
7558,7612
7558,13238
7562,7570
7562,7571
7562,7590
7562,7599
7562,7600
7562,7602
7562,7611
7562,7612
7562,7617
7570,7571
7570,7590
7570,7600
7570,7602
7570,7611
7570,7612
7570,7617
7571,7599
7571,7600
7571,7602
7571,7611
7571,7612
7571,7626
7571,10845
7571,14748
7571,25981
7590,7599
7590,7600
7590,7602
7590,7611
7590,7617
7590,7626
7590,7627
7590,16046
7599,7600
7599,7602
7599,7611
7599,7612
7599,7626
7599,7627
7600,7602
7600,7611
7600,7612
7600,7617
7600,7626
7600,7627
7602,7612
7602,7617
7602,7626
7602,7627
7611,7612
7611,7617
7611,7627
7611,7647
7611,14472
7611,10855
7612,7617
7612,7626
7612,7627
7612,7647
7612,7649
7612,17321
7617,7626
7617,7627
7617,7647
7617,7649
7617,7656
7617,12884
7617,19955
7617,10269
7626,7647
7626,7649
7626,7658
7626,7664
7626,22724
7627,7647
7627,7649
7627,7656
7627,7658
7627,13735
7627,25302
7647,7649
7647,7656
7647,7658
7647,7687
7647,7689
7647,7691
7647,8823
7649,7656
7649,7658
7649,7664
7649,7687
7649,7689
7649,7691
7649,7692
7656,7658
7656,7664
7656,7687
7656,7689
7656,7691
7656,7692
7656,7693
7656,16976
7658,7664
7658,7687
7658,7689
7658,7691
7658,7692
7658,7693
7658,7695
7664,7687
7664,7689
7664,7691
7664,7692
7664,7693
7664,7695
7664,7698
7687,7689
7687,7691
7687,7692
7687,7693
7687,7695
7687,7698
7687,7700
7687,7706
7687,7707
7687,9675
7689,7691
7689,7693
7689,7695
7689,7698
7689,7700
7689,7706
7689,7707
7689,7709
7689,14769
7691,7692
7691,7693
7691,7695
7691,7698
7691,7700
7691,7706
7691,7707
7691,7709
7691,7712
7691,26821
7692,7693
7692,7695
7692,7698
7692,7700
7692,7706
7692,7707
7692,7709
7692,7712
7692,7717
7692,18790
7692,26857
7692,11589
7693,7695
7693,7698
7693,7706
7693,7707
7693,7709
7693,7712
7693,7717
7693,7718
7693,19464
7693,21482
7695,7698
7695,7700
7695,7706
7695,7707
7695,7709
7695,7712
7695,7717
7695,7718
7695,22960
7698,7706
7698,7707
7698,7709
7698,7712
7698,7717
7698,7721
7698,11273
7698,18991
7700,7706
7700,7707
7700,7709
7700,7712
7700,7717
7700,7718
7700,7721
7700,7723
7700,16491
7706,7707
7706,7709
7706,7712
7706,7717
7706,7718
7706,7725
7706,18355
7706,18288
7707,7709
7707,7712
7707,7717
7707,7718
7707,7721
7707,7723
7707,7725
7707,7727
7709,7712
7709,7717
7709,7718
7709,7721
7709,7725
7709,7727
7709,10034
7712,7717
7712,7718
7712,7721
7712,7723
7712,7725
7712,7734
7712,7740
7712,16059
7717,7718
7717,7721
7717,7723
7717,7725
7717,7727
7717,7734
7717,7740
7718,7725
7718,7727
7718,7734
7718,7740
7718,9262
7721,7723
7721,7725
7721,7727
7721,7734
7721,7740
7721,8932
7723,7727
7723,7734
7723,7740
7723,7753
7723,7760
7723,16938
7725,7727
7725,7734
7725,7740
7725,7760
7725,26812
7725,10635
7727,7734
7727,7740
7727,7753
7727,7760
7727,7765
7734,7740
7734,7760
7734,7765
7734,7766
7734,7777
7740,7753
7740,7760
7740,7765
7740,7766
7740,7777
7740,7781
7753,7760
7753,7765
7753,7766
7753,7777
7753,7781
7753,7782
7753,7783
7753,7784
7760,7765
7760,7766
7760,7777
7760,7781
7760,7782
7760,7783
7760,7784
7760,7785
7765,7766
7765,7777
7765,7782
7765,7783
7765,7784
7765,7785
7765,7794
7766,7777
7766,7781
7766,7782
7766,7783
7766,7784
7766,7785
7766,7794
7766,7796
7766,19773
7777,7781
7777,7782
7777,7783
7777,7784
7777,7785
7777,7794
7777,7796
7777,7797
7777,27071
7781,7782
7781,7783
7781,7784
7781,7785
7781,7794
7781,7796
7781,7797
7781,7798
7781,20800
7781,24225
7782,7783
7782,7784
7782,7785
7782,7794
7782,7796
7782,7797
7782,7798
7782,7803
7783,7784
7783,7785
7783,7794
7783,7796
7783,7797
7783,7798
7783,7803
7783,7805
7784,7785
7784,7794
7784,7796
7784,7797
7784,7798
7784,7803
7784,7805
7784,7806
7785,7794
7785,7796
7785,7797
7785,7798
7785,7803
7785,7805
7785,7806
7785,16148
7785,14945
7794,7796
7794,7797
7794,7798
7794,7803
7794,7805
7794,7806
7794,7811
7794,7815
7794,7818
7794,13158
7796,7797
7796,7798
7796,7803
7796,7805
7796,7806
7796,7811
7796,7815
7796,7818
7796,7824
7796,16150
7797,7798
7797,7803
7797,7805
7797,7806
7797,7811
7797,7815
7797,7818
7797,7824
7797,7828
7797,7983
7798,7803
7798,7805
7798,7806
7798,7811
7798,7815
7798,7818
7798,7824
7798,7828
7803,7806
7803,7811
7803,7815
7803,7818
7803,7824
7803,7828
7803,22100
7803,13945
7803,25702
7805,7806
7805,7811
7805,7815
7805,7818
7805,7828
7805,7836
7805,7838
7805,19967
7806,7811
7806,7815
7806,7818
7806,7824
7806,7828
7806,7836
7806,7838
7806,7844
7811,7815
7811,7818
7811,7824
7811,7828
7811,7836
7811,7838
7811,7845
7811,7973
7811,12208
7815,7818
7815,7824
7815,7828
7815,7836
7815,7838
7815,7844
7815,7845
7815,7847
7815,25953
7818,7824
7818,7828
7818,7836
7818,7838
7818,7844
7818,7845
7818,7847
7818,7849
7824,7828
7824,7836
7824,7838
7824,7844
7824,7847
7824,7849
7824,7850
7824,7857
7824,18445
7828,7838
7828,7844
7828,7845
7828,7847
7828,7849
7828,7850
7828,7857
7828,7862
7828,12281
7836,7838
7836,7844
7836,7845
7836,7847
7836,7849
7836,7850
7836,7857
7836,7862
7836,7863
7836,7865
7836,12844
7838,7844
7838,7845
7838,7847
7838,7849
7838,7850
7838,7857
7838,7862
7838,7863
7838,7865
7844,7845
7844,7847
7844,7849
7844,7850
7844,7857
7844,7862
7844,7863
7844,7865
7844,7874
7844,22554
7844,23880
7845,7847
7845,7849
7845,7850
7845,7857
7845,7862
7845,7863
7845,7865
7845,7874
7845,7878
7845,22754
7847,7849
7847,7850
7847,7857
7847,7863
7847,7865
7847,7874
7847,7878
7847,7888
7847,25671
7849,7850
7849,7857
7849,7862
7849,7863
7849,7865
7849,7874
7849,7878
7849,7888
7849,7895
7850,7857
7850,7862
7850,7863
7850,7865
7850,7874
7850,7888
7850,7895
7850,7897
7850,15545
7850,26503
7857,7862
7857,7863
7857,7874
7857,7888
7857,7895
7857,7897
7857,7903
7857,25981
7862,7863
7862,7878
7862,7895
7862,7897
7862,7903
7862,7904
7862,27182
7862,23916
7863,7865
7863,7874
7863,7878
7863,7888
7863,7895
7863,7897
7863,7904
7863,7906
7863,12546
7865,7874
7865,7878
7865,7895
7865,7897
7865,7903
7865,7904
7865,7906
7865,7908
7874,7888
7874,7897
7874,7903
7874,7904
7874,7906
7874,7908
7874,7922
7874,7925
7874,9430
7874,13566
7874,13998
7874,24727
7878,7888
7878,7895
7878,7897
7878,7903
7878,7904
7878,7906
7878,7908
7878,7922
7878,7925
7878,7927
7888,7897
7888,7903
7888,7904
7888,7906
7888,7908
7888,7922
7888,7925
7888,7927
7888,25239
7888,8032
7895,7897
7895,7903
7895,7904
7895,7906
7895,7908
7895,7922
7895,7925
7895,7927
7895,7935
7897,7906
7897,7922
7897,7925
7897,7927
7897,7935
7897,15351
7897,22569
7897,25202
7903,7904
7903,7906
7903,7908
7903,7922
7903,7927
7903,7935
7903,7937
7903,7956
7903,21342
7904,7906
7904,7908
7904,7922
7904,7925
7904,7927
7904,7935
7904,7937
7904,7956
7904,7966
7904,18951
7906,7922
7906,7925
7906,7927
7906,7935
7906,7937
7906,7956
7906,7966
7906,7967
7908,7922
7908,7925
7908,7935
7908,7937
7908,7956
7908,7966
7908,7967
7908,17375
7908,13829
7922,7925
7922,7927
7922,7937
7922,7956
7922,7966
7922,7967
7922,7968
7922,7969
7922,17309
7925,7927
7925,7935
7925,7937
7925,7956
7925,7966
7925,7967
7925,7968
7925,7969
7925,7973
7925,25378
7927,7935
7927,7937
7927,7956
7927,7966
7927,7967
7927,7969
7927,7973
7927,13165
7927,14313
7935,7937
7935,7956
7935,7966
7935,7967
7935,7968
7935,7969
7935,7973
7935,7983
7935,15430
7937,7956
7937,7966
7937,7967
7937,7968
7937,7969
7937,7973
7937,7983
7937,11345
7956,7966
7956,7967
7956,7968
7956,7969
7956,7973
7956,7983
7966,7967
7966,7969
7966,7973
7966,7983
7966,7995
7967,7969
7967,7973
7967,7983
7967,7995
7967,24055
7967,8936
7968,7969
7968,7973
7968,7983
7968,8006
7968,8007
7968,23450
7969,7973
7969,7983
7969,7995
7969,8006
7969,8007
7969,13586
7973,7983
7973,7995
7973,8007
7973,17656
7983,8006
7983,8026
7983,8030
7983,13070
7995,8006
7995,8007
7995,8026
7995,8030
7995,8032
7995,8041
7995,22746
7995,17922
8006,8007
8006,8026
8006,8027
8006,8030
8006,8032
8006,8041
8006,8046
8006,10861
8006,17908
8006,12721
8007,8026
8007,8027
8007,8030
8007,8032
8007,8041
8007,8049
8007,15803
8026,8027
8026,8030
8026,8032
8026,8041
8026,8046
8026,8049
8026,8056
8027,8030
8027,8032
8027,8041
8027,8046
8027,8049
8027,8056
8027,8061
8027,11864
8030,8032
8030,8041
8030,8046
8030,8049
8030,8056
8030,8061
8032,8041
8032,8046
8032,8049
8032,8056
8032,8061
8032,8080
8041,8046
8041,8061
8041,8080
8041,17650
8046,8049
8046,8056
8046,8080
8046,13343
8049,8056
8049,8061
8049,8080
8049,10851
8056,8061
8056,8080
8056,8107
8056,10077
8061,8080
8061,8107
8061,8113
8080,8107
8080,8113
8080,8128
8080,8134
8107,8113
8107,8134
8107,8137
8107,8140
8107,8145
8107,19954
8107,11459
8113,8128
8113,8137
8113,8140
8113,25281
8128,8134
8128,8137
8128,8140
8128,8145
8128,8155
8128,15618
8128,11702
8134,8137
8134,8140
8134,8145
8134,8155
8134,8158
8137,8140
8137,8145
8137,8155
8137,8158
8140,8155
8140,8158
8140,8161
8140,17873
8140,17535
8140,12903
8145,8155
8145,8158
8145,8161
8145,8164
8145,8171
8145,8173
8145,22452
8155,8158
8155,8161
8155,8164
8155,8171
8155,8173
8155,8185
8155,8192
8155,26164
8158,8161
8158,8164
8158,8171
8158,8173
8158,8185
8158,8192
8158,8196
8158,22106
8161,8164
8161,8171
8161,8173
8161,8185
8161,8192
8161,8196
8161,8200
8161,8205
8164,8171
8164,8173
8164,8185
8164,8192
8164,8196
8164,8200
8164,8205
8164,8209
8164,12349
8171,8173
8171,8185
8171,8192
8171,8196
8171,8200
8171,8209
8173,8185
8173,8192
8173,8196
8173,8200
8173,8205
8173,8209
8173,8216
8173,17806
8173,18967
8185,8192
8185,8196
8185,8200
8185,8205
8185,8209
8185,8216
8185,8219
8192,8196
8192,8200
8192,8205
8192,8209
8192,8216
8192,8224
8192,18597
8196,8200
8196,8205
8196,8209
8196,8216
8196,8219
8196,8227
8196,8237
8200,8205
8200,8209
8200,8216
8200,8219
8200,8224
8200,8227
8200,8237
8200,8241
8200,12025
8205,8209
8205,8216
8205,8219
8205,8224
8205,8227
8209,8216
8209,8219
8209,8224
8209,8227
8209,8237
8209,8241
8209,8247
8216,8219
8216,8224
8216,8227
8216,8237
8216,8241
8216,8247
8216,15809
8219,8224
8219,8227
8219,8237
8219,8247
8219,8253
8219,8256
8219,13842
8219,14902
8224,8227
8224,8237
8224,8241
8224,8247
8224,8253
8224,8256
8224,8258
8224,8259
8227,8241
8227,8247
8227,8253
8227,8256
8227,8258
8227,8260
8227,16971
8227,25374
8237,8241
8237,8247
8237,8253
8237,8256
8237,8258
8237,8259
8237,8260
8241,8247
8241,8256
8241,8259
8241,8260
8241,8563
8241,16122
8241,17335
8247,8253
8247,8256
8247,8258
8247,8259
8247,8267
8247,17092
8247,8715
8247,24355
8253,8256
8253,8258
8253,8259
8253,8260
8253,8265
8253,8267
8253,8281
8253,15257
8253,24141
8256,8258
8256,8259
8256,8260
8256,8265
8256,8267
8256,8281
8256,8283
8256,14643
8258,8259
8258,8265
8258,8267
8258,8281
8258,8283
8258,24225
8259,8260
8259,8267
8259,8283
8259,8290
8259,16083
8259,18062
8260,8265
8260,8267
8260,8281
8260,8283
8260,8290
8260,8297
8260,17094
8265,8267
8265,8281
8265,8283
8265,8290
8265,8297
8265,8302
8267,8281
8267,8283
8267,8290
8267,8297
8267,8302
8267,8309
8267,12404
8267,25426
8281,8283
8281,8290
8281,8297
8281,8302
8281,8309
8281,8312
8281,8315
8283,8290
8283,8297
8283,8309
8283,8312
8283,8315
8283,8319
8283,16443
8290,8297
8290,8302
8290,8309
8290,8312
8290,8315
8290,8319
8290,8323
8290,8326
8297,8302
8297,8309
8297,8312
8297,8315
8297,8319
8297,8323
8297,8326
8297,8329
8297,15569
8302,8309
8302,8312
8302,8315
8302,8319
8302,8323
8302,8326
8302,8329
8302,8333
8302,16165
8309,8312
8309,8315
8309,8319
8309,8323
8309,8326
8309,8329
8309,8333
8309,8334
8312,8315
8312,8319
8312,8323
8312,8326
8312,8329
8312,8333
8312,8334
8312,20219
8315,8319
8315,8323
8315,8326
8315,8329
8315,8333
8315,8334
8319,8323
8319,8326
8319,8329
8319,8333
8319,8334
8319,8341
8319,9312
8323,8326
8323,8329
8323,8333
8323,8334
8323,8341
8323,8343
8323,8949
8323,19666
8326,8329
8326,8333
8326,8334
8326,8341
8326,8343
8326,8347
8326,19245
8329,8333
8329,8334
8329,8341
8329,8343
8329,8347
8329,8355
8333,8334
8333,8343
8333,8347
8333,8355
8333,8361
8333,8367
8334,8341
8334,8347
8334,8355
8334,8361
8334,8367
8334,8373
8334,13882
8334,17153
8334,26049
8334,16339
8341,8343
8341,8347
8341,8355
8341,8361
8341,8367
8341,8383
8341,12347
8343,8347
8343,8355
8343,8361
8343,8367
8343,8373
8343,8382
8343,8383
8343,18103
8347,8355
8347,8361
8347,8367
8347,8382
8347,8383
8347,8387
8355,8361
8355,8367
8355,8382
8355,8383
8355,21950
8361,8367
8361,8373
8361,8382
8361,8383
8361,8387
8361,8394
8361,8405
8367,8373
8367,8382
8367,8387
8367,8394
8367,8405
8373,8382
8373,8383
8373,8387
8373,8394
8373,8405
8373,8410
8373,18055
8373,20901
8382,8383
8382,8387
8382,8394
8382,8405
8382,8410
8382,8417
8383,8394
8383,8405
8383,8410
8383,8417
8383,8418
8383,26774
8387,8394
8387,8405
8387,8410
8387,8417
8387,8418
8387,8419
8387,8421
8394,8405
8394,8410
8394,8418
8394,8419
8394,8421
8394,8441
8405,8410
8405,8417
8405,8418
8405,8419
8405,8421
8405,8441
8405,12481
8410,8417
8410,8418
8410,8419
8410,8421
8410,8441
8410,8450
8410,8453
8410,25891
8410,17143
8417,8418
8417,8421
8417,8441
8417,8450
8417,8453
8417,8456
8417,22598
8417,16017
8418,8419
8418,8421
8418,8441
8418,8453
8418,8456
8418,8461
8418,26388
8419,8441
8419,8450
8419,8453
8419,8456
8419,8461
8419,14115
8419,17137
8421,8441
8421,8450
8421,8453
8421,8456
8421,8461
8421,8476
8421,16435
8441,8453
8441,8456
8441,8461
8441,8476
8441,8484
8441,12791
8441,23660
8450,8453
8450,8456
8450,8461
8450,8476
8450,8484
8450,8491
8450,8494
8453,8456
8453,8461
8453,8476
8453,8484
8453,8491
8453,8494
8453,8497
8456,8461
8456,8476
8456,8484
8456,8491
8456,8497
8456,8501
8456,26370
8461,8476
8461,8484
8461,8487
8461,8491
8461,8494
8461,8501
8461,17821
8461,15922
8461,11130
8461,25370
8476,8484
8476,8487
8476,8491
8476,8494
8476,8497
8476,8501
8476,8504
8476,8509
8476,8511
8484,8487
8484,8491
8484,8494
8484,8497
8484,8501
8484,8504
8484,8509
8484,8511
8484,8515
8484,22478
8484,13105
8487,8491
8487,8494
8487,8497
8487,8501
8487,8504
8487,8509
8487,8515
8487,8518
8487,24097
8491,8494
8491,8497
8491,8501
8491,8504
8491,8509
8491,8511
8491,8515
8491,8518
8491,8520
8494,8497
8494,8501
8494,8509
8494,8511
8494,8515
8494,8518
8494,8520
8494,8521
8494,26059
8494,14889
8497,8501
8497,8504
8497,8509
8497,8511
8497,8515
8497,8518
8497,8520
8497,8521
8497,8523
8501,8504
8501,8509
8501,8511
8501,8515
8501,8518
8501,8520
8501,8521
8501,8523
8501,8524
8501,17568
8504,8509
8504,8511
8504,8515
8504,8520
8504,8521
8504,8523
8504,8524
8504,8533
8504,19735
8509,8511
8509,8515
8509,8518
8509,8520
8509,8521
8509,8523
8509,8524
8509,8533
8509,8537
8511,8515
8511,8518
8511,8520
8511,8521
8511,8523
8511,8524
8511,8533
8511,8537
8511,22839
8511,8619
8511,17215
8515,8518
8515,8520
8515,8523
8515,8524
8515,8533
8515,8537
8515,8542
8518,8520
8518,8521
8518,8523
8518,8524
8518,8533
8518,8537
8518,8542
8520,8521
8520,8523
8520,8524
8520,8533
8520,8537
8520,8542
8521,8523
8521,8524
8521,8533
8521,8537
8521,8542
8523,8524
8523,8537
8523,8542
8523,8553
8523,15813
8524,8533
8524,8537
8524,8542
8524,8553
8524,8556
8524,23632
8524,16779
8533,8537
8533,8542
8533,8553
8533,8556
8533,8557
8537,8542
8537,8553
8537,8556
8537,8557
8537,8558
8537,8563
8542,8553
8542,8556
8542,8557
8542,8558
8542,8563
8542,8566
8542,8567
8553,8556
8553,8557
8553,8558
8553,8563
8553,8571
8553,8576
8553,12852
8553,25207
8553,18802
8553,19459
8556,8557
8556,8558
8556,8563
8556,8566
8556,8567
8556,8571
8556,8576
8556,8584
8556,10764
8557,8558
8557,8563
8557,8566
8557,8567
8557,8571
8557,8576
8557,8584
8557,18583
8557,14612
8558,8563
8558,8566
8558,8567
8558,8571
8558,8576
8558,8584
8558,8589
8558,8598
8563,8566
8563,8567
8563,8571
8563,8576
8563,8584
8563,8598
8563,20170
8566,8567
8566,8571
8566,8576
8566,8584
8566,8589
8566,8598
8567,8571
8567,8576
8567,8584
8567,8589
8567,8598
8571,8576
8571,8584
8571,8589
8571,8598
8571,8619
8576,8584
8576,8589
8576,8598
8576,8619
8576,8624
8576,8625
8584,8589
8584,8598
8584,8619
8584,8624
8584,8625
8584,8630
8589,8619
8589,8624
8589,8625
8589,8630
8589,8653
8598,8624
8598,8630
8598,8653
8598,8654
8598,13033
8619,8624
8619,8625
8619,8653
8619,8654
8619,8662
8619,8666
8619,8847
8624,8625
8624,8630
8624,8653
8624,8654
8624,8662
8624,8666
8624,8671
8625,8630
8625,8653
8625,8662
8625,8666
8625,8671
8625,8672
8625,21522
8625,15430
8625,16597
8630,8653
8630,8654
8630,8662
8630,8666
8630,8671
8630,8672
8630,8675
8653,8654
8653,8662
8653,8666
8653,8671
8653,8672
8653,8675
8653,8677
8653,26311
8654,8662
8654,8666
8654,8671
8654,8672
8654,8675
8654,8677
8654,8680
8654,17144
8654,26107
8654,8841
8654,11457
8662,8666
8662,8671
8662,8672
8662,8675
8662,8677
8662,8678
8662,8682
8662,8684
8662,19608
8666,8671
8666,8672
8666,8675
8666,8677
8666,8678
8666,8680
8666,8682
8666,8684
8666,8685
8671,8672
8671,8677
8671,8678
8671,8680
8671,8682
8671,8684
8671,8685
8671,27263
8672,8675
8672,8677
8672,8678
8672,8680
8672,8682
8672,8684
8672,8685
8672,8703
8672,21647
8675,8677
8675,8678
8675,8680
8675,8682
8675,8684
8675,8703
8675,8705
8675,17155
8675,13029
8677,8678
8677,8680
8677,8684
8677,8685
8677,8703
8677,8705
8677,24884
8677,17287
8678,8680
8678,8682
8678,8684
8678,8685
8678,8703
8678,8705
8678,8710
8678,8711
8678,20734
8680,8682
8680,8684
8680,8685
8680,8703
8680,8705
8680,8710
8680,8711
8680,8712
8680,10828
8682,8703
8682,8705
8682,8710
8682,8711
8682,8712
8684,8685
8684,8703
8684,8705
8684,8710
8684,8711
8684,8715
8685,8703
8685,8705
8685,8710
8685,8711
8685,8712
8685,12772
8703,8705
8703,8710
8703,8711
8703,8712
8703,8715
8703,8745
8703,8751
8705,8711
8705,8712
8705,8715
8705,8745
8705,8751
8705,8753
8705,18340
8710,8711
8710,8712
8710,8715
8710,8745
8710,8751
8710,8753
8710,8756
8711,8712
8711,8715
8711,8745
8711,8751
8711,8753
8711,8756
8711,8757
8711,15032
8712,8715
8712,8745
8712,8751
8712,8753
8712,8756
8712,8757
8712,8762
8715,8745
8715,8756
8715,8757
8715,8762
8715,8767
8715,9425
8715,13105
8745,8751
8745,8753
8745,8756
8745,8757
8745,8762
8745,8767
8745,8769
8745,8774
8745,8776
8751,8756
8751,8757
8751,8762
8751,8767
8751,8769
8751,8774
8751,8776
8751,8778
8751,9715
8753,8756
8753,8757
8753,8762
8753,8767
8753,8769
8753,8774
8753,8776
8753,8778
8753,18589
8756,8757
8756,8762
8756,8767
8756,8769
8756,8774
8756,8776
8756,8778
8756,8788
8756,11767
8757,8762
8757,8767
8757,8769
8757,8778
8757,8788
8757,8796
8757,25976
8757,24738
8762,8767
8762,8774
8762,8776
8762,8778
8762,8788
8762,8796
8762,8797
8762,16833
8767,8769
8767,8774
8767,8776
8767,8778
8767,8788
8767,8796
8767,8797
8767,8801
8769,8774
8769,8776
8769,8778
8769,8788
8769,8796
8769,8797
8769,8801
8769,8804
8774,8776
8774,8778
8774,8788
8774,8796
8774,8797
8774,8801
8774,8805
8774,17603
8776,8778
8776,8788
8776,8796
8776,8797
8776,8801
8776,8804
8776,8805
8778,8788
8778,8796
8778,8797
8778,8801
8778,8804
8778,8805
8778,23032
8788,8796
8788,8797
8788,8801
8788,8805
8788,8823
8788,8827
8788,11044
8796,8797
8796,8801
8796,8804
8796,8805
8796,8823
8796,8827
8797,8801
8797,8804
8797,8805
8797,8823
8797,16044
8797,24651
8797,26190
8801,8804
8801,8805
8801,8823
8801,8827
8801,8841
8801,20557
8804,8805
8804,8823
8804,8827
8804,8841
8804,26778
8804,10677
8805,8823
8805,8827
8805,8841
8805,8844
8805,8847
8823,8827
8823,8841
8823,8844
8823,8855
8823,22309
8823,16246
8827,8841
8827,8847
8827,8855
8827,25679
8841,8844
8841,8847
8841,8855
8844,8847
8844,8855
8844,8867
8847,8855
8847,8867
8847,26233
8855,8867
8855,8885
8855,8892
8855,20821
8867,8885
8867,8892
8867,8894
8867,8902
8867,27011
8885,8892
8885,8894
8885,8902
8885,8908
8885,8912
8892,8894
8892,8902
8892,8908
8892,8912
8892,8916
8892,8932
8894,8902
8894,8908
8894,8912
8894,8916
8894,8932
8894,10672
8894,13212
8902,8912
8902,8916
8902,8932
8902,8936
8908,8912
8908,8916
8908,8932
8908,8936
8908,8942
8912,8916
8912,8932
8912,8936
8912,8942
8912,8946
8912,27313
8916,8932
8916,8936
8916,8942
8916,8946
8916,8949
8916,21902
8932,8936
8932,8946
8932,8949
8932,8951
8932,8954
8932,25913
8936,8942
8936,8949
8936,8951
8936,8954
8936,8959
8936,8961
8936,8966
8936,18282
8942,8946
8942,8949
8942,8951
8942,8954
8942,8959
8942,8961
8942,8966
8942,8971
8942,8974
8946,8949
8946,8951
8946,8954
8946,8959
8946,8961
8946,8966
8946,8971
8946,8974
8946,19064
8949,8951
8949,8954
8949,8961
8949,8971
8949,8974
8949,8976
8949,11167
8949,27178
8951,8959
8951,8961
8951,8966
8951,8971
8951,8974
8951,8976
8951,8977
8951,26388
8951,15226
8954,8959
8954,8961
8954,8971
8954,8974
8954,8976
8954,8977
8954,12772
8959,8961
8959,8971
8959,8974
8959,8976
8959,8977
8959,24699
8961,8966
8961,8971
8961,8974
8961,8976
8966,8974
8966,8976
8966,8977
8966,21182
8966,19491
8966,12728
8966,11270
8971,8974
8971,8976
8971,8977
8971,8992
8971,14463
8974,8976
8974,8977
8974,8992
8974,8997
8976,8977
8976,8992
8976,8997
8976,9001
8976,9008
8976,23677
8976,19211
8976,23080
8977,8992
8977,8997
8977,9001
8977,9008
8977,22231
8992,8997
8992,9001
8992,9008
8992,9009
8992,9011
8992,9016
8992,9022
8992,9024
8992,9032
8997,9008
8997,9009
8997,9011
8997,9016
8997,9024
8997,9032
9001,9009
9001,9016
9001,9022
9001,9024
9001,9032
9001,26671
9008,9009
9008,9011
9008,9016
9008,9022
9008,9024
9008,9032
9008,9058
9009,9011
9009,9016
9009,9022
9009,9024
9009,9032
9009,9058
9009,9063
9011,9016
9011,9022
9011,9024
9011,9032
9011,9058
9011,9063
9011,9065
9016,9022
9016,9024
9016,9032
9016,9058
9016,9063
9016,12793
9016,18652
9016,10724
9022,9024
9022,9032
9022,9058
9022,9063
9022,21771
9024,9058
9024,9063
9024,9065
9024,12857
9032,9058
9032,9063
9032,9065
9032,16335
9058,9063
9058,9065
9058,9107
9063,9107
9063,9109
9063,11904
9065,9107
9065,9109
9065,18238
9107,9109
9107,9113
9107,9115
9107,9131
9107,9141
9107,9142
9107,9144
9107,21573
9109,9113
9109,9115
9109,9126
9109,9131
9109,9141
9109,9142
9109,9144
9109,11556
9109,14260
9109,10960
9113,9115
9113,9126
9113,9131
9113,9142
9113,9144
9113,9155
9115,9126
9115,9131
9115,9141
9115,9142
9115,9144
9115,9155
9126,9131
9126,9141
9126,9142
9126,9144
9126,9155
9126,9159
9126,27353
9126,12024
9131,9141
9131,9142
9131,9144
9131,9155
9131,9159
9131,9161
9131,23717
9141,9142
9141,9144
9141,9155
9141,9161
9141,9167
9141,9174
9142,9144
9142,9159
9142,9161
9142,9167
9142,9170
9142,9174
9144,9159
9144,9161
9144,9167
9144,9170
9144,9174
9144,9178
9144,15154
9144,9451
9155,9159
9155,9161
9155,9167
9155,9170
9155,9174
9155,9175
9155,9185
9155,12208
9155,10187
9159,9161
9159,9167
9159,9170
9159,9174
9159,9175
9159,9178
9159,9185
9159,9187
9159,9188
9161,9170
9161,9174
9161,9175
9161,9178
9161,9185
9161,9187
9161,9188
9161,9189
9161,14564
9167,9170
9167,9174
9167,9175
9167,9178
9167,9185
9167,9187
9167,9189
9167,9191
9167,9497
9170,9174
9170,9178
9170,9185
9170,9187
9170,9188
9170,9189
9170,9191
9170,26383
9174,9175
9174,9178
9174,9185
9174,9187
9174,9188
9174,9189
9174,9191
9174,9192
9175,9178
9175,9185
9175,9187
9175,9188
9175,9189
9175,9191
9175,9192
9175,11320
9175,12839
9178,9185
9178,9187
9178,9188
9178,9189
9178,9191
9178,9192
9178,9195
9178,9197
9178,22687
9185,9187
9185,9188
9185,9189
9185,9191
9185,9192
9185,9195
9185,9197
9185,9210
9187,9195
9187,9197
9187,9210
9187,9216
9187,17635
9187,13516
9187,23615
9188,9189
9188,9191
9188,9192
9188,9195
9188,9197
9188,9210
9188,9216
9189,9191
9189,9192
9189,9197
9189,9210
9189,9216
9191,9192
9191,9195
9191,9197
9191,9210
9191,9216
9191,9228
9192,9195
9192,9197
9192,9210
9192,9216
9192,9228
9192,9229
9192,18948
9195,9197
9195,9210
9195,9216
9195,9228
9195,9229
9195,9234
9195,17768
9197,9216
9197,9228
9197,9229
9197,9234
9197,9250
9197,20411
9210,9216
9210,9228
9210,9229
9210,9234
9210,9250
9210,26980
9210,10847
9216,9228
9216,9229
9216,9234
9216,9250
9216,9251
9216,11418
9228,9229
9228,9234
9228,9251
9228,9262
9228,9270
9228,26322
9228,10773
9228,13400
9229,9234
9229,9250
9229,9251
9229,9262
9229,9270
9229,9271
9229,9832
9234,9250
9234,9262
9234,9270
9234,9271
9250,9251
9250,9262
9250,9270
9250,9271
9250,9277
9250,9282
9250,17749
9251,9262
9251,9270
9251,9271
9251,9277
9251,9282
9251,9285
9251,20649
9262,9270
9262,9277
9262,9282
9262,9285
9262,9290
9262,9297
9262,13811
9270,9271
9270,9277
9270,9282
9270,9285
9270,9290
9270,9297
9270,9298
9270,9299
9270,9301
9271,9277
9271,9282
9271,9285
9271,9290
9271,9297
9271,9298
9271,9299
9271,9301
9271,25848
9277,9282
9277,9285
9277,9290
9277,9297
9277,9298
9277,9301
9277,9309
9277,9310
9277,10850
9282,9285
9282,9290
9282,9297
9282,9298
9282,9299
9282,9301
9282,9309
9282,9310
9282,9312
9282,23179
9285,9290
9285,9297
9285,9298
9285,9299
9285,9301
9285,9309
9285,9312
9285,9316
9285,14796
9285,26388
9290,9297
9290,9298
9290,9299
9290,9301
9290,9309
9290,9310
9290,9312
9290,9316
9290,9317
9297,9298
9297,9299
9297,9301
9297,9310
9297,9312
9297,9316
9297,9317
9297,9318
9298,9299
9298,9301
9298,9309
9298,9310
9298,9312
9298,9316
9298,9317
9298,9318
9298,11039
9299,9301
9299,9310
9299,9312
9299,9316
9299,9317
9299,9318
9299,9323
9299,17863
9301,9309
9301,9310
9301,9312
9301,9316
9301,9317
9301,9318
9301,9323
9301,9329
9309,9310
9309,9312
9309,9316
9309,9317
9309,9323
9309,9329
9309,9331
9309,14463
9309,18597
9310,9312
9310,9316
9310,9318
9310,9323
9310,9329
9310,9331
9310,9332
9310,21479
9310,26797
9312,9316
9312,9317
9312,9318
9312,9323
9312,9329
9312,9332
9312,14547
9312,26915
9316,9317
9316,9318
9316,9323
9316,9329
9316,9331
9316,9332
9316,9335
9316,9336
9316,10236
9316,27030
9317,9318
9317,9323
9317,9329
9317,9331
9317,9332
9317,9336
9317,17436
9318,9323
9318,9329
9318,9331
9318,9332
9318,9335
9318,9336
9318,15462
9323,9329
9323,9331
9323,9332
9323,9335
9323,9336
9323,9357
9329,9331
9329,9332
9329,9335
9329,9336
9329,9357
9329,9364
9329,26595
9331,9332
9331,9335
9331,9336
9331,9357
9331,9364
9331,9386
9332,9335
9332,9336
9332,9357
9332,9364
9332,9386
9335,9336
9335,9357
9335,9364
9335,9386
9335,9387
9335,9389
9335,15770
9336,9357
9336,9364
9336,9386
9336,9387
9336,9389
9357,9364
9357,9386
9357,9387
9357,9389
9357,9397
9357,19297
9357,13531
9364,9386
9364,9387
9364,9389
9364,9397
9364,9411
9386,9387
9386,9389
9386,9397
9386,9411
9386,9420
9386,9425
9386,21494
9386,20595
9387,9389
9387,9397
9387,9411
9387,9420
9387,9425
9387,9426
9387,23288
9389,9397
9389,9420
9389,9425
9389,9426
9389,9430
9397,9411
9397,9425
9397,9430
9397,9435
9397,9437
9397,25427
9397,11653
9397,19890
9411,9420
9411,9425
9411,9437
9411,9449
9411,16737
9420,9425
9420,9426
9420,9430
9420,9435
9420,9449
9420,9451
9425,9430
9425,9435
9425,9437
9425,9449
9425,9451
9425,9455
9426,9430
9426,9435
9426,9437
9426,9449
9426,9451
9426,9455
9426,9456
9426,13882
9426,13343
9430,9437
9430,9449
9430,9451
9430,9455
9430,9456
9430,15531
9435,9437
9435,9449
9435,9451
9435,9455
9435,9456
9437,9449
9437,9451
9437,9455
9437,9456
9437,23718
9437,16027
9449,9451
9449,9455
9449,9456
9449,9483
9451,9455
9451,9456
9451,9483
9451,9489
9455,9456
9455,9489
9455,9496
9455,9497
9455,13710
9455,15029
9456,9483
9456,9489
9456,9496
9456,9497
9483,9489
9483,9496
9483,9497
9483,9508
9483,9515
9483,9516
9489,9496
9489,9497
9489,9508
9489,9515
9489,9516
9489,9525
9496,9497
9496,9508
9496,9515
9496,9516
9496,9536
9496,10937
9497,9508
9497,9515
9497,9536
9497,9540
9497,13521
9497,26165
9497,13162
9508,9515
9508,9516
9508,9525
9508,9540
9508,9546
9508,9548
9508,9553
9515,9516
9515,9525
9515,9536
9515,9540
9515,9546
9515,9548
9515,9553
9515,9556
9515,23968
9515,11112
9515,23322
9516,9525
9516,9536
9516,9540
9516,9548
9516,9553
9516,9556
9516,22460
9516,23916
9525,9536
9525,9540
9525,9546
9525,9548
9525,9556
9525,9559
9525,9565
9525,26774
9536,9540
9536,9546
9536,9548
9536,9553
9536,9556
9536,9559
9536,9565
9536,9569
9536,9571
9536,15006
9540,9546
9540,9548
9540,9553
9540,9556
9540,9559
9540,9565
9540,9569
9540,9571
9540,9572
9546,9548
9546,9553
9546,9556
9546,9559
9546,9565
9546,9569
9546,9571
9546,9572
9546,19570
9548,9553
9548,9556
9548,9559
9548,9565
9548,9569
9548,9571
9548,9572
9548,9588
9553,9556
9553,9559
9553,9565
9553,9569
9553,9571
9553,9572
9553,9588
9553,9590
9553,26034
9556,9559
9556,9565
9556,9569
9556,9571
9556,9572
9556,9588
9556,9590
9556,9592
9559,9565
9559,9569
9559,9571
9559,9572
9559,9588
9559,9590
9559,9592
9559,9594
9559,24195
9565,9571
9565,9572
9565,9590
9565,9592
9565,9594
9565,9597
9565,22905
9565,12124
9565,13314
9569,9571
9569,9572
9569,9588
9569,9590
9569,9592
9569,9594
9569,9597
9569,18350
9571,9572
9571,9588
9571,9590
9571,9592
9571,9597
9571,9603
9571,17594
9571,13352
9572,9588
9572,9590
9572,9592
9572,9594
9572,9597
9572,9603
9572,9606
9588,9590
9588,9592
9588,9594
9588,9597
9588,9603
9588,9606
9588,9607
9588,9616
9588,9618
9590,9592
9590,9594
9590,9597
9590,9603
9590,9606
9590,9607
9590,9616
9590,9618
9590,23360
9590,26902
9590,19875
9592,9594
9592,9597
9592,9603
9592,9606
9592,9607
9592,9616
9592,9618
9592,9623
9592,27000
9594,9597
9594,9603
9594,9606
9594,9607
9594,9616
9594,9618
9594,9623
9594,9624
9594,21255
9597,9603
9597,9606
9597,9607
9597,9616
9597,9618
9597,9622
9597,9623
9597,9624
9597,9627
9603,9606
9603,9607
9603,9616
9603,9618
9603,9622
9603,9623
9603,9624
9603,9627
9603,14622
9606,9616
9606,9618
9606,9624
9606,9627
9606,9635
9606,25624
9606,25931
9607,9616
9607,9618
9607,9622
9607,9623
9607,9624
9607,9627
9607,9635
9607,9640
9616,9618
9616,9622
9616,9623
9616,9624
9616,9635
9616,9640
9616,9641
9616,22757
9618,9622
9618,9623
9618,9624
9618,9627
9618,9635
9618,9641
9618,9643
9618,25265
9618,17422
9622,9623
9622,9624
9622,9627
9622,9635
9622,9640
9622,9641
9622,9643
9622,9652
9622,26595
9622,21054
9623,9624
9623,9627
9623,9635
9623,9640
9623,9641
9623,9652
9623,24519
9623,11617
9624,9627
9624,9635
9624,9640
9624,9641
9624,9643
9624,9660
9624,20029
9627,9640
9627,9641
9627,9643
9627,9660
9627,9664
9627,23646
9635,9640
9635,9641
9635,9652
9635,9660
9635,9664
9635,9665
9635,9670
9635,9675
9635,23508
9635,14941
9640,9641
9640,9643
9640,9652
9640,9660
9640,9664
9640,9665
9640,9670
9640,9675
9640,16737
9640,14236
9641,9643
9641,9652
9641,9660
9641,9664
9641,9665
9641,9670
9641,9675
9641,12743
9643,9652
9643,9660
9643,9664
9643,9665
9643,9670
9643,9675
9643,9683
9643,9685
9652,9660
9652,9664
9652,9665
9652,9670
9652,9675
9652,9683
9652,9685
9652,23179
9660,9664
9660,9665
9660,9675
9660,9683
9660,9685
9660,9710
9660,22664
9660,11892
9664,9665
9664,9670
9664,9675
9664,9683
9664,9685
9664,9710
9664,9712
9664,9714
9664,25726
9665,9670
9665,9675
9665,9683
9665,9710
9665,9712
9665,9714
9665,9715
9665,19819
9665,26183
9670,9675
9670,9683
9670,9685
9670,9710
9670,9712
9670,9714
9670,9715
9670,9716
9675,9683
9675,9712
9675,9715
9675,9716
9675,9718
9675,18332
9675,17331
9683,9685
9683,9710
9683,9712
9683,9714
9683,9715
9683,9716
9683,9718
9685,9710
9685,9712
9685,9714
9685,9715
9685,9716
9685,9718
9685,9725
9710,9712
9710,9714
9710,9715
9710,9716
9710,9718
9710,9725
9710,9729
9710,9747
9712,9714
9712,9715
9712,9718
9712,9725
9712,9729
9712,9747
9712,9750
9712,12008
9712,15961
9714,9715
9714,9716
9714,9718
9714,9729
9714,9747
9714,9750
9714,9753
9714,25680
9715,9716
9715,9718
9715,9725
9715,9729
9715,9747
9715,9750
9715,9753
9716,9718
9716,9725
9716,9729
9716,9747
9716,9750
9716,9753
9716,9768
9718,9725
9718,9729
9718,9747
9718,9750
9718,9768
9718,9772
9718,12327
9718,24465
9718,27291
9725,9729
9725,9747
9725,9750
9725,9753
9725,9768
9729,9747
9729,9750
9729,9753
9729,9768
9729,9772
9729,13918
9747,9750
9747,9768
9747,9772
9747,9801
9750,9753
9750,9768
9750,9772
9750,9801
9750,9803
9753,9768
9753,9772
9753,9801
9753,9803
9753,9807
9768,9772
9768,9801
9768,9803
9768,9807
9768,9808
9772,9801
9772,9807
9772,9808
9772,9815
9801,9803
9801,9807
9801,9808
9801,9815
9801,9829
9801,9832
9801,9834
9801,19064
9803,9807
9803,9808
9803,9815
9803,9817
9803,9829
9803,9832
9803,9834
9803,9844
9807,9808
9807,9815
9807,9817
9807,9829
9807,9832
9807,9834
9807,9844
9807,9845
9807,14770
9808,9815
9808,9817
9808,9829
9808,9832
9808,9834
9808,9844
9808,9845
9808,9848
9808,22748
9815,9832
9815,9834
9815,9844
9815,9845
9815,9848
9815,9851
9815,9852
9815,15262
9815,13386
9817,9829
9817,9832
9817,9834
9817,9844
9817,9845
9817,9848
9817,9851
9817,9852
9817,9854
9817,15430
9829,9832
9829,9834
9829,9844
9829,9845
9829,9848
9829,9851
9829,9852
9829,9854
9829,9856
9829,9860
9832,9834
9832,9844
9832,9845
9832,9851
9832,9852
9832,9854
9832,9856
9832,9864
9834,9844
9834,9845
9834,9848
9834,9851
9834,9852
9834,9854
9834,9856
9834,9860
9834,9867
9834,15592
9834,14260
9844,9845
9844,9848
9844,9851
9844,9852
9844,9854
9844,9856
9844,9860
9844,9870
9844,25084
9844,11696
9845,9848
9845,9851
9845,9852
9845,9854
9845,9856
9845,9860
9845,9867
9845,9870
9845,9874
9848,9851
9848,9852
9848,9854
9848,9856
9848,9860
9848,9864
9848,9867
9848,9870
9848,9874
9851,9852
9851,9856
9851,9860
9851,9864
9851,9867
9851,9870
9851,9874
9851,9889
9851,24195
9852,9854
9852,9856
9852,9860
9852,9864
9852,9867
9852,9870
9852,9874
9852,9889
9852,17787
9854,9856
9854,9860
9854,9864
9854,9867
9854,9870
9854,9874
9854,9889
9854,9890
9854,9901
9856,9860
9856,9864
9856,9867
9856,9870
9856,9874
9856,9889
9856,9890
9856,9905
9856,11177
9856,18806
9860,9864
9860,9867
9860,9870
9860,9874
9860,9889
9860,9890
9860,9901
9860,9905
9860,19920
9864,9867
9864,9870
9864,9874
9864,9889
9864,9890
9864,9901
9864,9905
9864,9907
9867,9870
9867,9874
9867,9889
9867,9890
9867,9901
9867,9905
9867,9907
9867,9910
9870,9874
9870,9889
9870,9890
9870,9901
9870,9905
9870,9907
9870,9910
9874,9889
9874,9890
9874,9901
9874,9905
9874,9907
9874,9910
9874,9913
9874,13908
9889,9890
9889,9901
9889,9907
9889,9910
9889,9913
9889,9914
9889,9915
9889,13248
9890,9901
9890,9905
9890,9907
9890,9910
9890,9913
9890,9914
9890,9915
9901,9905
9901,9907
9901,9910
9901,9913
9901,9914
9901,9915
9901,25761
9905,9907
9905,9913
9905,9914
9905,9915
9905,9933
9905,23508
9907,9914
9907,9915
9907,9933
9907,9946
9910,9913
9910,9914
9910,9915
9910,9933
9910,9946
9910,9947
9913,9914
9913,9915
9913,9933
9913,9946
9913,9947
9913,9948
9913,9952
9914,9915
9914,9933
9914,9946
9914,9947
9914,9948
9914,9952
9914,9955
9914,17351
9915,9946
9915,9947
9915,9948
9915,9952
9915,9955
9915,9957
9915,20707
9915,23610
9915,17132
9933,9946
9933,9947
9933,9948
9933,9955
9933,9957
9933,9960
9933,21061
9946,9947
9946,9948
9946,9952
9946,9955
9946,9957
9946,9958
9946,9960
9946,9965
9946,21084
9947,9952
9947,9955
9947,9957
9947,9958
9947,9960
9947,9965
9947,9969
9947,23629
9948,9952
9948,9955
9948,9957
9948,9958
9948,9960
9948,9969
9948,9971
9952,9955
9952,9957
9952,9960
9952,9965
9952,9969
9952,9971
9952,9972
9952,20855
9952,23435
9955,9957
9955,9958
9955,9960
9955,9965
9955,9969
9955,9971
9955,9972
9955,20992
9957,9958
9957,9960
9957,9965
9957,9969
9957,9971
9957,9972
9958,9960
9958,9965
9958,9969
9958,9971
9958,9972
9958,9987
9958,10236
9960,9965
9960,9969
9960,9971
9960,9972
9960,9987
9960,9989
9960,9992
9965,9969
9965,9972
9965,9987
9965,9989
9965,9992
9965,9997
9965,25079
9969,9971
9969,9972
9969,9987
9969,9989
9969,9992
9969,9997
9969,10001
9971,9972
9971,9987
9971,9989
9971,9992
9971,9997
9971,10001
9971,16370
9971,11901
9972,9987
9972,9989
9972,9992
9972,9997
9972,10001
9972,14791
9987,9989
9987,9992
9987,9997
9987,10001
9987,10010
9987,10015
9987,10023
9989,9997
9989,10001
9989,10010
9989,10015
9989,26247
9989,14114
9989,25568
9992,10001
9992,10010
9992,10015
9992,10023
9992,10029
9997,10001
9997,10010
9997,10015
9997,10023
9997,10029
9997,10033
9997,10034
10001,10010
10001,10015
10001,10023
10001,10029
10001,10033
10001,13625
10001,11556
10001,24256
10010,10015
10010,10023
10010,10029
10010,10033
10010,10034
10010,10042
10010,10046
10010,10047
10015,10023
10015,10029
10015,10042
10015,10046
10015,10047
10015,18821
10015,13236
10023,10029
10023,10033
10023,10034
10023,10042
10023,10046
10023,10047
10023,10053
10023,11394
10029,10033
10029,10034
10029,10042
10029,10046
10029,10047
10029,10053
10029,10062
10029,10066
10033,10034
10033,10042
10033,10046
10033,10047
10033,10053
10033,10066
10033,12051
10033,21373
10033,20206
10034,10042
10034,10046
10034,10047
10034,10053
10034,10062
10034,10066
10034,10071
10042,10046
10042,10047
10042,10053
10042,10066
10042,10071
10042,10077
10042,22883
10046,10047
10046,10053
10046,10062
10046,10066
10046,10071
10046,10073
10046,10077
10046,10078
10047,10053
10047,10062
10047,10066
10047,10071
10047,10073
10047,10077
10047,10078
10047,10080
10053,10062
10053,10066
10053,10071
10053,10073
10053,10077
10053,10080
10053,10083
10062,10066
10062,10071
10062,10073
10062,10077
10062,10078
10062,10080
10062,10083
10066,10071
10066,10073
10066,10077
10066,10078
10066,10080
10066,10083
10066,10087
10071,10073
10071,10077
10071,10078
10071,10080
10071,10083
10071,10087
10071,10101
10071,10105
10073,10077
10073,10078
10073,10080
10073,10083
10073,10087
10073,10101
10073,10105
10073,22927
10073,12453
10077,10078
10077,10080
10077,10083
10077,10087
10077,10101
10078,10080
10078,10083
10078,10087
10078,10101
10078,10121
10078,10124
10080,10087
10080,10105
10080,10121
10080,10124
10080,14472
10083,10087
10083,10101
10083,10105
10083,10124
10083,10130
10083,26840
10083,11904
10087,10101
10087,10105
10087,10121
10087,10124
10087,10130
10087,10140
10101,10121
10101,10124
10101,10130
10101,10140
10101,10143
10101,16817
10105,10121
10105,10124
10105,10130
10105,10143
10105,10144
10105,26127
10105,24465
10105,22428
10121,10124
10121,10130
10121,10140
10121,10143
10121,10144
10121,10145
10121,10149
10121,15857
10124,10130
10124,10140
10124,10143
10124,10145
10124,10149
10124,10150
10124,14618
10130,10140
10130,10143
10130,10145
10130,10149
10130,10150
10130,10157
10130,13334
10140,10143
10140,10144
10140,10145
10140,10149
10140,10150
10140,10159
10143,10144
10143,10145
10143,10149
10143,10150
10143,10159
10143,10166
10143,21858
10144,10145
10144,10149
10144,10150
10144,10157
10144,10159
10144,10166
10144,15006
10144,27450
10145,10149
10145,10150
10145,10157
10145,10159
10145,10166
10149,10150
10149,10159
10149,10166
10149,25989
10149,22919
10149,18254
10150,10157
10150,10159
10150,10172
10150,10177
10150,23904
10157,10166
10157,10172
10157,10177
10157,10178
10157,10184
10157,14394
10159,10166
10159,10172
10159,10177
10159,10178
10159,10184
10159,10187
10159,26942
10166,10177
10166,10178
10166,10184
10166,10187
10166,10197
10166,10199
10166,19652
10166,24712
10166,11688
10172,10177
10172,10178
10172,10184
10172,10187
10172,10197
10172,10199
10172,10203
10172,16467
10177,10187
10177,10197
10177,10199
10177,10203
10177,10209
10177,10221
10177,12697
10177,26916
10178,10184
10178,10187
10178,10197
10178,10199
10178,10209
10178,10222
10178,13629
10178,25704
10184,10187
10184,10197
10184,10199
10184,10203
10184,10209
10184,10224
10184,26250
10184,15779
10187,10197
10187,10199
10187,10203
10187,10209
10187,10221
10187,10227
10187,26292
10197,10199
10197,10203
10197,10209
10197,10221
10197,10222
10197,10224
10197,10227
10197,10236
10197,19972
10197,17334
10199,10203
10199,10209
10199,10221
10199,10222
10199,10224
10199,10236
10199,10239
10203,10209
10203,10221
10203,10222
10203,10224
10203,10227
10203,10236
10203,10239
10203,10242
10203,10245
10203,24899
10209,10221
10209,10222
10209,10224
10209,10227
10209,10236
10209,10242
10209,10245
10209,17415
10221,10222
10221,10224
10221,10227
10221,10236
10221,10239
10221,10242
10221,10245
10222,10224
10222,10227
10222,10236
10222,10239
10222,10242
10222,10245
10222,10257
10222,25312
10224,10227
10224,10236
10224,10257
10224,10263
10224,16017
10224,10982
10224,23793
10227,10236
10227,10239
10227,10242
10227,10245
10227,10257
10227,10263
10236,10242
10236,10245
10236,10257
10236,10263
10236,10268
10236,24825
10239,10242
10239,10257
10239,10263
10239,10268
10239,10269
10239,16741
10242,10245
10242,10257
10242,10263
10242,10268
10242,10269
10242,10270
10242,10277
10245,10257
10245,10263
10245,10268
10245,10269
10245,10270
10245,10277
10245,10281
10257,10263
10257,10268
10257,10269
10257,10270
10257,10277
10257,10290
10257,20394
10257,23718
10263,10268
10263,10269
10263,10270
10263,10277
10263,10290
10263,10296
10263,20566
10268,10269
10268,10270
10268,10277
10268,10281
10268,10290
10268,10296
10268,10306
10268,10309
10269,10270
10269,10277
10269,10281
10269,10296
10269,10306
10269,10309
10269,26650
10270,10277
10270,10281
10270,10290
10270,10296
10270,10306
10270,10309
10270,10310
10270,10315
10277,10281
10277,10290
10277,10296
10277,10306
10277,10309
10277,10310
10277,10315
10277,10321
10281,10290
10281,10296
10281,10306
10281,10309
10281,10310
10281,10315
10281,10321
10281,16455
10290,10296
10290,10306
10290,10310
10290,10315
10290,10321
10290,10325
10290,10329
10290,10330
10290,12312
10296,10306
10296,10310
10296,10315
10296,10321
10296,10322
10296,10325
10296,10329
10296,10330
10296,10335
10306,10309
10306,10310
10306,10315
10306,10321
10306,10322
10306,10325
10306,10330
10306,10335
10306,10337
10306,10970
10309,10310
10309,10315
10309,10321
10309,10322
10309,10325
10309,10329
10309,10330
10309,10335
10309,10337
10309,10340
10310,10315
10310,10321
10310,10322
10310,10329
10310,10330
10310,10335
10310,10337
10310,10340
10310,10342
10315,10321
10315,10322
10315,10325
10315,10329
10315,10335
10315,10337
10315,10340
10315,10342
10315,20030
10315,12879
10321,10322
10321,10325
10321,10329
10321,10330
10321,10335
10321,10337
10321,10340
10321,10342
10321,10347
10321,10355
10322,10329
10322,10330
10322,10335
10322,10337
10322,10342
10322,10347
10322,10355
10322,10364
10325,10329
10325,10335
10325,10337
10325,10340
10325,10347
10325,10355
10325,10364
10325,10367
10329,10330
10329,10335
10329,10337
10329,10340
10329,10347
10329,10355
10329,10364
10329,10367
10329,10368
10329,26942
10329,25811
10330,10335
10330,10337
10330,10340
10330,10342
10330,10347
10330,10355
10330,10364
10330,10367
10330,10368
10330,10370
10335,10337
10335,10340
10335,10342
10335,10347
10335,10355
10335,10364
10335,10367
10335,10368
10335,10370
10335,10373
10335,19138
10337,10340
10337,10342
10337,10347
10337,10355
10337,10364
10337,10367
10337,10368
10337,10373
10340,10342
10340,10347
10340,10367
10340,10368
10340,10370
10340,10373
10340,10393
10340,12534
10342,10347
10342,10355
10342,10364
10342,10367
10342,10368
10342,10370
10342,10373
10342,10393
10342,10395
10347,10355
10347,10364
10347,10368
10347,10370
10347,10373
10347,10393
10347,10395
10347,10396
10355,10364
10355,10368
10355,10370
10355,10373
10355,10393
10355,10395
10355,10396
10355,10403
10355,22460
10364,10367
10364,10368
10364,10370
10364,10373
10364,10393
10364,10395
10364,10396
10364,10403
10364,10404
10364,26150
10364,21308
10367,10368
10367,10370
10367,10373
10367,10393
10367,10395
10367,10396
10367,10403
10367,10404
10367,10413
10367,24105
10368,10373
10368,10393
10368,10395
10368,10396
10368,10403
10368,10404
10368,10413
10368,10414
10368,20197
10370,10373
10370,10393
10370,10395
10370,10403
10370,10404
10370,10413
10370,10414
10370,10429
10370,14796
10373,10393
10373,10395
10373,10396
10373,10403
10373,10404
10373,10413
10373,10414
10373,11875
10373,22554
10373,22905
10393,10395
10393,10396
10393,10403
10393,10404
10393,10413
10393,10414
10393,10429
10393,24954
10395,10396
10395,10403
10395,10404
10395,10413
10395,10414
10395,10438
10396,10403
10396,10404
10396,10413
10396,10414
10396,10429
10396,10438
10396,10440
10403,10413
10403,10414
10403,10429
10403,10438
10403,10440
10403,10447
10404,10413
10404,10414
10404,10429
10404,10438
10404,10440
10404,10447
10404,22164
10413,10414
10413,10429
10413,10438
10413,10440
10413,10447
10413,11151
10414,10429
10414,10438
10414,10447
10414,10473
10414,15608
10429,10438
10429,10440
10429,10447
10429,10473
10429,10474
10429,25269
10438,10440
10438,10447
10438,10473
10438,10474
10438,10481
10438,10488
10438,10490
10438,10493
10440,10447
10440,10473
10440,10474
10440,10481
10440,10488
10440,10490
10440,10493
10440,10501
10447,10473
10447,10481
10447,10488
10447,10490
10447,10493
10447,18157
10447,12901
10473,10474
10473,10481
10473,10488
10473,10493
10473,10501
10473,10511
10473,10512
10473,14571
10474,10488
10474,10490
10474,10501
10474,10511
10474,10512
10474,23620
10474,19293
10481,10488
10481,10490
10481,10493
10481,10501
10481,10511
10481,10512
10481,10529
10488,10490
10488,10493
10488,10501
10488,10511
10488,10512
10488,10529
10488,10533
10490,10493
10490,10501
10490,10511
10490,10512
10490,10529
10490,10533
10490,10534
10493,10501
10493,10511
10493,10512
10493,10529
10493,10533
10493,10534
10493,10535
10493,23376
10493,20335
10493,11027
10501,10511
10501,10512
10501,10529
10501,10533
10501,10534
10501,10535
10501,10549
10511,10512
10511,10533
10511,10534
10511,10535
10511,10549
10511,10559
10511,10561
10512,10529
10512,10533
10512,10534
10512,10535
10512,10549
10512,10559
10512,10561
10512,10567
10529,10533
10529,10534
10529,10535
10529,10549
10529,10559
10529,10561
10529,10567
10529,21619
10529,12938
10533,10535
10533,10549
10533,10559
10533,10561
10533,10567
10533,10571
10533,10579
10533,10583
10533,15690
10534,10535
10534,10549
10534,10559
10534,10561
10534,10567
10534,10583
10534,19773
10534,11987
10534,14949
10535,10549
10535,10559
10535,10561
10535,10567
10535,10571
10535,10579
10535,10583
10535,10596
10535,26164
10535,20800
10549,10559
10549,10561
10549,10567
10549,10579
10549,10583
10549,10596
10549,10597
10549,10599
10549,27076
10559,10561
10559,10567
10559,10571
10559,10579
10559,10583
10559,10596
10559,10597
10559,10599
10559,10603
10559,16999
10561,10567
10561,10571
10561,10579
10561,10583
10561,10596
10561,10597
10561,10599
10561,10603
10561,10605
10567,10571
10567,10579
10567,10596
10567,10597
10567,10599
10567,10603
10567,10605
10567,10610
10567,23660
10567,11255
10571,10579
10571,10583
10571,10596
10571,10597
10571,10603
10571,10605
10571,10610
10571,10622
10571,23691
10571,20203
10571,22264
10579,10583
10579,10596
10579,10597
10579,10599
10579,10603
10579,10605
10579,10622
10579,16666
10579,22164
10579,26375
10579,16814
10583,10596
10583,10597
10583,10599
10583,10605
10583,10610
10583,10624
10583,21212
10596,10597
10596,10599
10596,10603
10596,10605
10596,10622
10596,10624
10596,14576
10596,24694
10597,10599
10597,10603
10597,10605
10597,10610
10597,10622
10597,10624
10597,23160
10599,10603
10599,10605
10599,10622
10599,10624
10599,10641
10599,13710
10599,17011
10603,10605
10603,10610
10603,10622
10603,10635
10603,10641
10603,10642
10605,10610
10605,10622
10605,10624
10605,10635
10605,10641
10605,10642
10610,10622
10610,10624
10610,10635
10610,10641
10610,10642
10610,10645
10610,10648
10610,13376
10610,16157
10622,10624
10622,10635
10622,10642
10622,10645
10622,10651
10622,24800
10622,25224
10622,11913
10624,10635
10624,10641
10624,10642
10624,10645
10624,10648
10624,21200
10635,10641
10635,10642
10635,10645
10635,10648
10635,10651
10635,10658
10641,10642
10641,10645
10641,10648
10641,10658
10641,10659
10641,12934
10641,12890
10641,13464
10642,10648
10642,10651
10642,10658
10642,10659
10642,10663
10645,10648
10645,10651
10645,10658
10645,10663
10645,10667
10645,10672
10645,24695
10645,20219
10648,10651
10648,10658
10648,10659
10648,10663
10648,10667
10648,10672
10648,10673
10651,10658
10651,10659
10651,10663
10651,10667
10651,10673
10651,10674
10651,21854
10658,10659
10658,10663
10658,10667
10658,10672
10658,10673
10658,10674
10658,10677
10658,10680
10658,10683
10659,10663
10659,10667
10659,10672
10659,10673
10659,10674
10659,10677
10659,10680
10659,13685
10663,10667
10663,10672
10663,10673
10663,10674
10663,10677
10663,10680
10663,10683
10663,10688
10667,10672
10667,10673
10667,10674
10667,10677
10667,10680
10667,10683
10667,10688
10667,10690
10672,10673
10672,10674
10672,10677
10672,10680
10672,10683
10672,10688
10672,10690
10673,10674
10673,10677
10673,10680
10673,10683
10673,10688
10673,10690
10673,10696
10674,10677
10674,10680
10674,10683
10674,10688
10674,10690
10674,10696
10674,10698
10677,10680
10677,10683
10677,10688
10677,10690
10677,10698
10677,10699
10677,10700
10677,12460
10680,10683
10680,10688
10680,10690
10680,10696
10680,10698
10680,10699
10680,10700
10680,10715
10680,11653
10683,10688
10683,10690
10683,10696
10683,10698
10683,10699
10683,10700
10683,10715
10683,11318
10688,10690
10688,10696
10688,10698
10688,10699
10688,10700
10688,10715
10688,26199
10690,10696
10690,10698
10690,10699
10690,10700
10690,10715
10690,10724
10690,10729
10690,22958
10690,25273
10696,10698
10696,10699
10696,10700
10696,10715
10696,10724
10696,10729
10696,10735
10696,10738
10696,21684
10698,10699
10698,10700
10698,10715
10698,10724
10698,10729
10698,10735
10698,10738
10699,10700
10699,10715
10699,10724
10699,10729
10699,10735
10699,21647
10699,15918
10700,10715
10700,10724
10700,10729
10700,10735
10700,10738
10700,10759
10700,10760
10715,10724
10715,10729
10715,10735
10715,10738
10715,10759
10715,10760
10715,25997
10715,14399
10715,24749
10724,10729
10724,10735
10724,10738
10724,10759
10724,10760
10724,10764
10724,10773
10724,20799
10724,14505
10729,10735
10729,10759
10729,10760
10729,10764
10729,10773
10729,10774
10729,15167
10735,10738
10735,10759
10735,10764
10735,10773
10735,10774
10735,23938
10738,10759
10738,10760
10738,10764
10738,10773
10738,10774
10738,10779
10759,10760
10759,10764
10759,10773
10759,10774
10759,10779
10759,10784
10759,10798
10760,10764
10760,10773
10760,10774
10760,10779
10760,10784
10760,10798
10760,10810
10764,10773
10764,10774
10764,10779
10764,10798
10764,10810
10764,10815
10773,10774
10773,10784
10773,10798
10773,10810
10773,10822
10773,20710
10774,10779
10774,10784
10774,10798
10774,10810
10774,10815
10774,10822
10779,10798
10779,10810
10779,10815
10779,10822
10779,10824
10779,10828
10779,10829
10779,11177
10784,10798
10784,10810
10784,10815
10784,10822
10784,10828
10784,10829
10784,10834
10798,10810
10798,10815
10798,10822
10798,10828
10798,10829
10798,24871
10810,10815
10810,10822
10810,10824
10810,10828
10810,10829
10810,10834
10810,10840
10815,10822
10815,10824
10815,10828
10815,10829
10815,10834
10815,10840
10815,10841
10822,10824
10822,10828
10822,10829
10822,10834
10822,10840
10822,10841
10822,10845
10822,16151
10824,10829
10824,10834
10824,10840
10824,10841
10824,10843
10824,10845
10824,10846
10824,10847
10828,10829
10828,10834
10828,10843
10828,10845
10828,10846
10828,10847
10828,10850
10828,15885
10829,10834
10829,10840
10829,10841
10829,10843
10829,10847
10829,10850
10829,10851
10829,25481
10834,10840
10834,10845
10834,10846
10834,10850
10834,10851
10834,10852
10834,24966
10840,10841
10840,10843
10840,10845
10840,10846
10840,10850
10840,10851
10840,10852
10840,10855
10840,10861
10841,10843
10841,10845
10841,10846
10841,10847
10841,10850
10841,10852
10841,10855
10843,10846
10843,10847
10843,10850
10843,10851
10843,10852
10843,10855
10843,10861
10843,10870
10843,26719
10845,10847
10845,10850
10845,10851
10845,10852
10845,10855
10845,10861
10845,10870
10845,10871
10845,20321
10845,26915
10846,10847
10846,10850
10846,10851
10846,10852
10846,10855
10846,10861
10846,10870
10846,10871
10846,10874
10847,10850
10847,10851
10847,10855
10847,10870
10847,10871
10847,10874
10847,10875
10847,25748
10850,10851
10850,10855
10850,10861
10850,10870
10850,10871
10850,10874
10850,10875
10850,10880
10850,16520
10850,23934
10851,10852
10851,10855
10851,10861
10851,10870
10851,10871
10851,10874
10851,10875
10851,21922
10851,15367
10852,10855
10852,10861
10852,10870
10852,10871
10852,10874
10852,10875
10852,10880
10855,10861
10855,10870
10855,10871
10855,10874
10855,10875
10855,10880
10855,10889
10855,21614
10861,10871
10861,10874
10861,10875
10861,10880
10861,10889
10861,10890
10870,10871
10870,10874
10870,10875
10870,10880
10870,10889
10870,10890
10870,10895
10870,17196
10870,22943
10870,12618
10871,10874
10871,10875
10871,10880
10871,10889
10871,10890
10871,10895
10871,10904
10874,10875
10874,10880
10874,10889
10874,10890
10874,10904
10874,10907
10874,18798
10875,10880
10875,10889
10875,10890
10875,10895
10875,10904
10875,10907
10880,10895
10880,10904
10880,10907
10880,10916
10880,11963
10880,25500
10889,10890
10889,10895
10889,10904
10889,10907
10889,10916
10890,10904
10890,10907
10890,10937
10890,10946
10890,17557
10890,25621
10895,10907
10895,10916
10895,10937
10895,10946
10895,10950
10895,13029
10904,10907
10904,10916
10904,10937
10904,10946
10904,10950
10904,10960
10907,10916
10907,10937
10907,10946
10907,10950
10907,10960
10907,16548
10907,16840
10916,10946
10916,10950
10916,10960
10916,10970
10916,21494
10937,10946
10937,10950
10937,10960
10937,10970
10937,10975
10937,19552
10946,10950
10946,10960
10946,10975
10946,10979
10946,15761
10946,14680
10950,10960
10950,10970
10950,10975
10950,10979
10960,10970
10960,10975
10960,10979
10960,10983
10970,10975
10970,10979
10970,10982
10970,10983
10970,10988
10970,10990
10970,10992
10970,15371
10970,13625
10970,25840
10975,10979
10975,10982
10975,10983
10975,10988
10975,10990
10975,10992
10975,25749
10979,10982
10979,10983
10979,10988
10979,10990
10979,10992
10979,11004
10982,10983
10982,10988
10982,10990
10982,10992
10982,11004
10982,11011
10982,11014
10983,10988
10983,10990
10983,10992
10983,11004
10983,11011
10983,11014
10988,10992
10988,11004
10988,11011
10988,11014
10988,11019
10990,10992
10990,11004
10990,11011
10990,11014
10990,11019
10990,11021
10992,11004
10992,11011
10992,11014
10992,11019
10992,11024
10992,23629
11004,11011
11004,11014
11004,11019
11004,11021
11004,11024
11004,11027
11004,20350
11011,11014
11011,11019
11011,11021
11011,11024
11011,11039
11011,11041
11011,11043
11014,11019
11014,11021
11014,11024
11014,11027
11014,11039
11014,11043
11014,11044
11014,17258
11014,24004
11019,11024
11019,11039
11019,11041
11019,11043
11019,11044
11019,11047
11019,11050
11019,16572
11021,11024
11021,11027
11021,11039
11021,11041
11021,11043
11021,11044
11021,11047
11021,11050
11021,11053
11024,11027
11024,11039
11024,11041
11024,11043
11024,11044
11024,11047
11024,11050
11024,11053
11027,11039
11027,11043
11027,11044
11027,11047
11027,11050
11027,11058
11027,17650
11027,11196
11039,11043
11039,11044
11039,11047
11039,11050
11039,11053
11039,11058
11039,11060
11041,11043
11041,11047
11041,11050
11041,11053
11041,11058
11041,11060
11041,11064
11041,17979
11043,11044
11043,11053
11043,11058
11043,11064
11043,17026
11043,15093
11044,11047
11044,11050
11044,11053
11044,11058
11044,11060
11044,11066
11047,11050
11047,11058
11047,11060
11047,11064
11047,11066
11047,11067
11047,16663
11050,11053
11050,11058
11050,11060
11050,11064
11050,11066
11050,11073
11050,27253
11053,11058
11053,11060
11053,11064
11053,11066
11053,11073
11053,16436
11058,11060
11058,11064
11058,11066
11058,11067
11058,11073
11058,11092
11058,11099
11058,11106
11058,26916
11060,11064
11060,11066
11060,11067
11060,11073
11060,11099
11060,11106
11060,11107
11064,11067
11064,11073
11064,11092
11064,11099
11064,11106
11064,11107
11064,11112
11064,12976
11064,16638
11066,11067
11066,11073
11066,11099
11066,11106
11066,11107
11066,11112
11066,11114
11066,11130
11066,18759
11067,11073
11067,11092
11067,11099
11067,11106
11067,11107
11067,11112
11067,11114
11067,11130
11067,23881
11067,26180
11067,26225
11073,11092
11073,11099
11073,11106
11073,11107
11073,11114
11073,11130
11073,26149
11092,11099
11092,11106
11092,11107
11092,11114
11092,11130
11092,11145
11092,16372
11099,11106
11099,11107
11099,11112
11099,11114
11099,11130
11099,11145
11099,11150
11099,22993
11106,11107
11106,11112
11106,11114
11106,11130
11106,11145
11106,11151
11107,11112
11107,11130
11107,11145
11107,11150
11107,11151
11107,15361
11112,11114
11112,11130
11112,11145
11112,11150
11112,11151
11112,11153
11114,11130
11114,11145
11114,11150
11114,11151
11114,11153
11114,11154
11114,11155
11130,11145
11130,11150
11130,11151
11130,11153
11130,11154
11130,11155
11130,11165
11130,19856
11130,18120
11130,11184
11145,11150
11145,11151
11145,11153
11145,11154
11145,11155
11145,11165
11145,11167
11145,11169
11145,11170
11145,16275
11150,11151
11150,11153
11150,11154
11150,11155
11150,11165
11150,11167
11150,11169
11150,11170
11150,11176
11151,11153
11151,11154
11151,11155
11151,11165
11151,11167
11151,11169
11151,11170
11151,11176
11153,11154
11153,11155
11153,11165
11153,11167
11153,11169
11153,11170
11153,11176
11153,11177
11153,11184
11153,11185
11153,22984
11154,11155
11154,11165
11154,11167
11154,11169
11154,11170
11154,11176
11154,11184
11154,11447
11155,11165
11155,11167
11155,11169
11155,11170
11155,11176
11155,11177
11155,11184
11155,11185
11165,11167
11165,11169
11165,11170
11165,11176
11165,11177
11165,11184
11165,11185
11165,11196
11167,11169
11167,11170
11167,11176
11167,11177
11167,11184
11167,11185
11167,11196
11167,15718
11169,11176
11169,11177
11169,11184
11169,11185
11169,11196
11169,11199
11169,27305
11169,15794
11170,11176
11170,11177
11170,11184
11170,11196
11170,11199
11170,11994
11170,16137
11176,11177
11176,11184
11176,11185
11176,11196
11176,11199
11176,11210
11177,11184
11177,11185
11177,11196
11177,11199
11177,11210
11177,11214
11184,11185
11184,11196
11184,11210
11184,11214
11184,11216
11185,11196
11185,11199
11185,11210
11185,11214
11185,11216
11185,11222
11196,11199
11196,11210
11196,11214
11196,11216
11196,11222
11196,11226
11196,11227
11196,15601
11199,11210
11199,11214
11199,11216
11199,11222
11199,11225
11199,11226
11199,11227
11199,11228
11210,11216
11210,11222
11210,11226
11210,11228
11210,11233
11210,25265
11210,26980
11214,11216
11214,11222
11214,11225
11214,11226
11214,11228
11214,11230
11214,11231
11214,11233
11214,11236
11214,20175
11216,11222
11216,11225
11216,11226
11216,11227
11216,11228
11216,11230
11216,11233
11216,11236
11216,13246
11216,25426
11216,13554
11222,11225
11222,11227
11222,11228
11222,11230
11222,11231
11222,11233
11222,11236
11222,11245
11222,11246
11222,17912
11222,17148
11225,11226
11225,11228
11225,11230
11225,11233
11225,11236
11225,11245
11225,11246
11225,11247
11225,20261
11226,11227
11226,11228
11226,11230
11226,11231
11226,11233
11226,11236
11226,11246
11226,11247
11226,11248
11227,11228
11227,11230
11227,11231
11227,11233
11227,11236
11227,11245
11227,11246
11227,11247
11227,11248
11228,11230
11228,11231
11228,11233
11228,11236
11228,11245
11228,11246
11228,11247
11228,11248
11228,11255
11228,23481
11228,22009
11230,11231
11230,11233
11230,11236
11230,11245
11230,11246
11230,11247
11230,11248
11230,11255
11230,11257
11231,11233
11231,11236
11231,11246
11231,11247
11231,11248
11231,11255
11231,11257
11231,11260
11231,24760
11233,11245
11233,11246
11233,11247
11233,11248
11233,11257
11233,11260
11233,11263
11233,26012
11233,24749
11233,13862
11236,11245
11236,11246
11236,11247
11236,11248
11236,11255
11236,11257
11236,11260
11236,11270
11236,16339
11236,21144
11245,11246
11245,11247
11245,11248
11245,11255
11245,11257
11245,11260
11245,11263
11245,11270
11245,11273
11246,11247
11246,11248
11246,11255
11246,11257
11246,11260
11246,11263
11246,11270
11246,11273
11246,11277
11247,11248
11247,11255
11247,11257
11247,11260
11247,11263
11247,11270
11247,11273
11247,11277
11248,11255
11248,11257
11248,11260
11248,11263
11248,11270
11248,11273
11248,11277
11255,11257
11255,11260
11255,11263
11255,11270
11255,11273
11255,11277
11255,19501
11257,11260
11257,11263
11257,11270
11257,11273
11257,11277
11257,11300
11260,11263
11260,11270
11260,11277
11260,11300
11260,11311
11260,24366
11260,20850
11260,21988
11263,11270
11263,11273
11263,11277
11263,11300
11263,11311
11270,11277
11270,11300
11270,11311
11270,21651
11270,11896
11273,11277
11273,11300
11273,11311
11273,20446
11273,15655
11277,11300
11277,11311
11277,11316
11277,11318
11277,11320
11300,11311
11300,11316
11300,11318
11300,11320
11300,11324
11300,11333
11300,18008
11311,11316
11311,11318
11311,11320
11311,11324
11311,11333
11311,11340
11311,16275
11316,11318
11316,11320
11316,11333
11316,11340
11316,11345
11316,11352
11316,13109
11316,26370
11318,11320
11318,11324
11318,11333
11318,11340
11318,11345
11318,11352
11318,15926
11320,11324
11320,11333
11320,11340
11320,11345
11320,11352
11320,23348
11324,11333
11324,11340
11324,11362
11324,14038
11324,22883
11324,25224
11333,11340
11333,11345
11333,11352
11333,11362
11333,11364
11333,19017
11340,11345
11340,11352
11340,11362
11340,11364
11340,11372
11345,11352
11345,11362
11345,11364
11345,11372
11352,11362
11352,11364
11352,11372
11352,11386
11352,11389
11362,11364
11362,11372
11362,11386
11362,11389
11362,11394
11362,11407
11362,11638
11364,11372
11364,11386
11364,11407
11364,11418
11364,25229
11372,11386
11372,11389
11372,11394
11372,11407
11372,11418
11372,11431
11386,11389
11386,11394
11386,11407
11386,11418
11386,11431
11386,11432
11386,11433
11386,12470
11386,17650
11389,11394
11389,11407
11389,11418
11389,11431
11389,11432
11389,11433
11389,11438
11389,13918
11389,14880
11394,11407
11394,11418
11394,11431
11394,11432
11394,11442
11394,14515
11394,25269
11407,11418
11407,11431
11407,11432
11407,11433
11407,11438
11407,11442
11407,11444
11407,11445
11418,11431
11418,11432
11418,11433
11418,11438
11418,11442
11418,11445
11418,11447
11418,11450
11418,18245
11418,13586
11431,11432
11431,11433
11431,11438
11431,11442
11431,11445
11431,11447
11431,11450
11431,19272
11432,11433
11432,11438
11432,11445
11432,11447
11432,11450
11432,11457
11432,26139
11432,15237
11432,25919
11432,26749
11433,11438
11433,11442
11433,11444
11433,11445
11433,11447
11433,11450
11433,11457
11433,11459
11438,11442
11438,11444
11438,11445
11438,11447
11438,11450
11438,11457
11438,11459
11438,11465
11442,11444
11442,11445
11442,11447
11442,11450
11442,11457
11442,11459
11442,11465
11442,14938
11444,11445
11444,11447
11444,11450
11444,11457
11444,11465
11444,25522
11444,15271
11445,11447
11445,11450
11445,11457
11445,11459
11445,11465
11445,20603
11445,23241
11447,11450
11447,11457
11447,11459
11447,11465
11447,11483
11450,11457
11450,11459
11450,11465
11450,11483
11450,11494
11457,11459
11457,11465
11457,11483
11457,11494
11457,11496
11457,11497
11459,11465
11459,11483
11459,11494
11459,11496
11459,11497
11465,11483
11465,11494
11465,11496
11465,11497
11465,11513
11483,11494
11483,11496
11483,11513
11483,11515
11483,11521
11494,11496
11494,11513
11494,11515
11494,11521
11494,18315
11496,11497
11496,11513
11496,11515
11496,11521
11496,11530
11496,16926
11497,11513
11497,11515
11497,11530
11513,11515
11513,11521
11513,11530
11513,11539
11513,11540
11513,18831
11515,11521
11515,11530
11515,11539
11515,11540
11515,11546
11515,18473
11521,11530
11521,11539
11521,11546
11521,11555
11521,16584
11530,11539
11530,11540
11530,11546
11530,11555
11530,11556
11530,11557
11530,11558
11530,11567
11530,15402
11539,11540
11539,11546
11539,11555
11539,11556
11539,11557
11539,11558
11539,11567
11539,11570
11539,11578
11539,17498
11540,11546
11540,11556
11540,11557
11540,11558
11540,11567
11540,11570
11540,11578
11540,11583
11540,11589
11540,15217
11546,11555
11546,11556
11546,11557
11546,11558
11546,11567
11546,11570
11546,11578
11546,11589
11546,11590
11546,24464
11555,11556
11555,11557
11555,11558
11555,11567
11555,11570
11555,11578
11555,11583
11555,11589
11555,11590
11556,11567
11556,11570
11556,11578
11556,11583
11556,11589
11556,11590
11556,11592
11557,11558
11557,11567
11557,11570
11557,11578
11557,11583
11557,11589
11557,11590
11557,11592
11557,11593
11557,24465
11558,11567
11558,11570
11558,11578
11558,11583
11558,11589
11558,11590
11558,11592
11558,11593
11558,11596
11567,11570
11567,11578
11567,11583
11567,11589
11567,11590
11567,11592
11567,11593
11567,11596
11567,11598
11570,11578
11570,11583
11570,11589
11570,11590
11570,11592
11570,11593
11570,11596
11570,11598
11570,11600
11570,26870
11578,11583
11578,11589
11578,11590
11578,11592
11578,11593
11578,11596
11578,11598
11578,11601
11578,18407
11578,20041
11583,11589
11583,11590
11583,11592
11583,11593
11583,11596
11583,11598
11583,11600
11583,11601
11583,11603
11589,11590
11589,11592
11589,11593
11589,11596
11589,11598
11589,11600
11589,11601
11589,19886
11590,11592
11590,11593
11590,11596
11590,11598
11590,11600
11590,11601
11590,11603
11590,11605
11590,11617
11590,24886
11592,11593
11592,11596
11592,11598
11592,11600
11592,11601
11592,11603
11592,11605
11592,11620
11592,11621
11592,18050
11592,13967
11593,11596
11593,11598
11593,11600
11593,11601
11593,11603
11593,11605
11593,11617
11593,11620
11593,11621
11593,11628
11593,25848
11596,11600
11596,11601
11596,11603
11596,11605
11596,11617
11596,11620
11596,11621
11596,14703
11596,20046
11598,11600
11598,11601
11598,11603
11598,11605
11598,11620
11598,11628
11598,11638
11598,18551
11600,11601
11600,11603
11600,11605
11600,11617
11600,11620
11600,11621
11600,11628
11600,11638
11600,11642
11601,11603
11601,11605
11601,11617
11601,11620
11601,11628
11601,11638
11601,11642
11603,11617
11603,11620
11603,11621
11603,11628
11603,11638
11603,11642
11603,11649
11603,16548
11603,13295
11605,11617
11605,11620
11605,11621
11605,11628
11605,11638
11605,11642
11605,11649
11605,11652
11605,13685
11617,11620
11617,11621
11617,11628
11617,11638
11617,11642
11617,11649
11617,11652
11617,11653
11620,11621
11620,11638
11620,11642
11620,11649
11620,11652
11620,11653
11620,11654
11620,18487
11621,11628
11621,11638
11621,11642
11621,11649
11621,11652
11621,11653
11621,11654
11628,11638
11628,11642
11628,11649
11628,11653
11628,11669
11638,11642
11638,11653
11638,11669
11638,11675
11638,25709
11642,11652
11642,11653
11642,11654
11642,11669
11642,11675
11642,17712
11642,18445
11649,11652
11649,11654
11649,11669
11649,11675
11649,11681
11649,11684
11652,11653
11652,11654
11652,11669
11652,11675
11652,20200
11653,11669
11653,11681
11653,11684
11653,11688
11653,19568
11653,14962
11654,11669
11654,11675
11654,11681
11654,11684
11654,11688
11669,11675
11669,11681
11669,11684
11669,11688
11669,11694
11669,11696
11675,11681
11675,11684
11675,11688
11675,11694
11675,11696
11675,11700
11675,27438
11675,15291
11675,20275
11681,11684
11681,11694
11681,11696
11681,11700
11681,11702
11681,11703
11681,23610
11684,11694
11684,11700
11684,11702
11684,11703
11684,11708
11684,24047
11688,11694
11688,11696
11688,11700
11688,11703
11688,11708
11688,11710
11694,11700
11694,11702
11694,11708
11694,11709
11694,11710
11694,11711
11694,11713
11696,11700
11696,11702
11696,11703
11696,11708
11696,11709
11696,11710
11696,11711
11696,11713
11700,11702
11700,11703
11700,11708
11700,11709
11700,11710
11700,11711
11700,11713
11700,11716
11700,24991
11702,11703
11702,11708
11702,11709
11702,11710
11702,11711
11702,11713
11702,11722
11703,11708
11703,11709
11703,11710
11703,11711
11703,11713
11703,11716
11703,11722
11703,11724
11703,17702
11703,25702
11703,16542
11708,11709
11708,11710
11708,11711
11708,11713
11708,11716
11708,11722
11708,11724
11708,11726
11709,11710
11709,11711
11709,11713
11709,11716
11709,11722
11709,11724
11709,11726
11709,11730
11710,11711
11710,11713
11710,11716
11710,11722
11710,11724
11710,11726
11710,11731
11711,11713
11711,11716
11711,11722
11711,11726
11711,11730
11711,11731
11711,11733
11713,11716
11713,11722
11713,11726
11713,11730
11713,11731
11713,11733
11716,11722
11716,11724
11716,11726
11716,11730
11716,11733
11716,11740
11716,11741
11716,12315
11722,11724
11722,11726
11722,11730
11722,11731
11722,11733
11722,11741
11722,11742
11722,11743
11722,20208
11724,11726
11724,11730
11724,11731
11724,11733
11724,11741
11724,11742
11724,11743
11724,12378
11726,11730
11726,11731
11726,11733
11726,11740
11726,11742
11726,11743
11726,11744
11726,11745
11726,15915
11730,11731
11730,11733
11730,11740
11730,11741
11730,11743
11730,11744
11730,11745
11730,11749
11730,14680
11731,11740
11731,11741
11731,11742
11731,11743
11731,11744
11731,11745
11731,11749
11731,14850
11733,11743
11733,11744
11733,11745
11733,11749
11733,12697
11733,14294
11733,26038
11733,13891
11740,11741
11740,11742
11740,11743
11740,11744
11740,11745
11740,11749
11741,11742
11741,11743
11741,11744
11741,11749
11741,11759
11741,13352
11741,18600
11741,26441
11741,26339
11741,24673
11742,11743
11742,11744
11742,11745
11742,11749
11742,11759
11742,11767
11742,22476
11743,11744
11743,11745
11743,11749
11743,11759
11743,11767
11743,13939
11744,11745
11744,11759
11744,11767
11744,26232
11745,11749
11745,11759
11745,11767
11745,25501
11745,16598
11749,11759
11749,11767
11749,11787
11749,11788
11759,11767
11759,11787
11759,11788
11759,11797
11759,11801
11759,11802
11767,11787
11767,11788
11767,11801
11767,11802
11767,11810
11767,22687
11787,11788
11787,11797
11787,11802
11787,11810
11787,11823
11787,11829
11787,12076
11787,17148
11787,22780
11788,11797
11788,11801
11788,11802
11788,11810
11788,11823
11788,11829
11788,11831
11788,11841
11797,11801
11797,11802
11797,11810
11797,11823
11797,11829
11797,11831
11797,11841
11797,19045
11801,11802
11801,11810
11801,11823
11801,11829
11801,11841
11801,11844
11801,11845
11802,11810
11802,11823
11802,11829
11802,11841
11802,11845
11802,11850
11802,12941
11802,14106
11810,11823
11810,11841
11810,11844
11810,11845
11810,11850
11810,11854
11810,23782
11810,20422
11810,21120
11823,11829
11823,11831
11823,11841
11823,11844
11823,11845
11823,11850
11823,11854
11823,11858
11823,11860
11829,11831
11829,11841
11829,11844
11829,11845
11829,11850
11829,11854
11829,11858
11829,11860
11829,11864
11829,22675
11831,11841
11831,11844
11831,11845
11831,11850
11831,11854
11831,11858
11831,11860
11831,11864
11831,11869
11831,21154
11831,26232
11841,11844
11841,11845
11841,11850
11841,11854
11841,11858
11841,11860
11841,11864
11841,11869
11841,24954
11844,11845
11844,11850
11844,11854
11844,11858
11844,11860
11844,11864
11844,11869
11844,11875
11845,11850
11845,11858
11845,11860
11845,11864
11845,11869
11845,11875
11850,11854
11850,11858
11850,11860
11850,11864
11850,11869
11850,11875
11850,11880
11850,11882
11854,11858
11854,11860
11854,11864
11854,11869
11854,11875
11854,11882
11854,11884
11858,11860
11858,11864
11858,11869
11858,11875
11858,11880
11858,11882
11858,11884
11860,11869
11860,11875
11860,11880
11860,11882
11860,11884
11860,11886
11860,11890
11860,26812
11864,11880
11864,11884
11864,11886
11864,11890
11864,11892
11864,27316
11864,25478
11869,11875
11869,11880
11869,11882
11869,11884
11869,11886
11869,11890
11869,11892
11869,11893
11875,11882
11875,11884
11875,11890
11875,11892
11875,11893
11875,11896
11875,11901
11875,20978
11875,27263
11880,11882
11880,11884
11880,11886
11880,11890
11880,11892
11880,11896
11880,11904
11880,23758
11882,11884
11882,11886
11882,11890
11882,11892
11882,11893
11882,11896
11882,11901
11882,11904
11882,11909
11882,15026
11884,11886
11884,11890
11884,11892
11884,11893
11884,11896
11884,11901
11884,11904
11884,11913
11884,15961
11886,11890
11886,11892
11886,11893
11886,11896
11886,11901
11886,11904
11886,11909
11886,11913
11890,11892
11890,11893
11890,11896
11890,11901
11890,11904
11890,11909
11890,11913
11890,11914
11890,11925
11892,11893
11892,11896
11892,11901
11892,11904
11892,11909
11892,11913
11892,11914
11892,11925
11893,11896
11893,11904
11893,11909
11893,11913
11893,11914
11893,11925
11893,11932
11896,11901
11896,11909
11896,11914
11896,11925
11896,11932
11896,11933
11901,11904
11901,11913
11901,11914
11901,11925
11901,11932
11901,11933
11901,11936
11904,11909
11904,11913
11904,11925
11904,11933
11904,11936
11904,11937
11904,17053
11909,11913
11909,11914
11909,11925
11909,11932
11909,11933
11909,11936
11909,11937
11913,11914
11913,11925
11913,11932
11913,11933
11913,11936
11913,11937
11913,11950
11914,11932
11914,11933
11914,11936
11914,11937
11914,11950
11914,11953
11925,11932
11925,11933
11925,11936
11925,11937
11925,11950
11925,11953
11925,11957
11925,22586
11932,11936
11932,11937
11932,11950
11932,11953
11932,11957
11932,11959
11932,11961
11932,25102
11933,11936
11933,11937
11933,11950
11933,11953
11933,11957
11933,11959
11933,11961
11933,13541
11936,11937
11936,11950
11936,11953
11936,11957
11936,11959
11936,11961
11936,11962
11936,11963
11937,11953
11937,11957
11937,11959
11937,11961
11937,11962
11937,11963
11937,11964
11937,19118
11950,11953
11950,11957
11950,11961
11950,11962
11950,11963
11950,11964
11950,11965
11950,11975
11950,11976
11950,15882
11953,11957
11953,11961
11953,11962
11953,11963
11953,11964
11953,11965
11953,11975
11953,11976
11953,11987
11953,26583
11957,11959
11957,11961
11957,11963
11957,11964
11957,11965
11957,11975
11957,11976
11957,11987
11957,26176
11959,11961
11959,11962
11959,11963
11959,11965
11959,11975
11959,11976
11959,11987
11959,18088
11961,11962
11961,11963
11961,11965
11961,11975
11961,11976
11961,11987
11961,11991
11961,19144
11961,15824
11962,11963
11962,11964
11962,11965
11962,11975
11962,11987
11962,11991
11962,23840
11962,26370
11963,11965
11963,11975
11963,11976
11963,11987
11963,11991
11963,11994
11963,20791
11964,11965
11964,11975
11964,11976
11964,11987
11964,11991
11964,11994
11964,11997
11965,11975
11965,11976
11965,11987
11965,11991
11965,11994
11965,17787
11975,11976
11975,11987
11975,11991
11975,11994
11975,11997
11975,12001
11975,12903
11975,13629
11976,11987
11976,11994
11976,11997
11976,12001
11987,11991
11987,11994
11987,11997
11987,12001
11987,24456
11991,11994
11991,11997
11991,12008
11991,12012
11991,12021
11994,11997
11994,12001
11994,12012
11994,12021
11994,12024
11994,12025
11997,12001
11997,12008
11997,12012
11997,12021
11997,12024
11997,12025
11997,21229
12001,12008
12001,12012
12001,12021
12001,12024
12001,12025
12001,12036
12001,21573
12008,12012
12008,12024
12008,12025
12008,12036
12008,12038
12008,12048
12008,12051
12008,23892
12012,12021
12012,12024
12012,12025
12012,12036
12012,12038
12012,12051
12012,12060
12012,18028
12012,18635
12021,12024
12021,12025
12021,12036
12021,12038
12021,12048
12021,12051
12021,12060
12024,12025
12024,12036
12024,12038
12024,12051
12024,12060
12024,12067
12024,22375
12025,12036
12025,12038
12025,12051
12025,12060
12025,12067
12025,12069
12025,19540
12025,17011
12036,12038
12036,12048
12036,12051
12036,12060
12036,12067
12036,12069
12036,12074
12036,12076
12038,12048
12038,12051
12038,12060
12038,12067
12038,12069
12038,12076
12038,12080
12038,24846
12048,12060
12048,12067
12048,12069
12048,12074
12048,12076
12048,12080
12051,12067
12051,12069
12051,12074
12051,12076
12051,12080
12051,25723
12060,12067
12060,12069
12060,12074
12060,12076
12060,12080
12060,12103
12060,25761
12067,12069
12067,12074
12067,12076
12067,12080
12067,12103
12069,12074
12069,12076
12069,12080
12069,12103
12069,12124
12069,20712
12074,12076
12074,12080
12074,12103
12074,12124
12074,12126
12074,19666
12076,12080
12076,12103
12076,12126
12076,23004
12080,12103
12080,12124
12080,12126
12080,12135
12103,12124
12103,12126
12103,12135
12103,12137
12103,12139
12124,12127
12124,12135
12124,12137
12124,12139
12124,12149
12124,12158
12126,12127
12126,12135
12126,12137
12126,12139
12126,12149
12126,12158
12126,12166
12127,12135
12127,12137
12127,12139
12127,12149
12127,12158
12127,12166
12127,12167
12135,12137
12135,12139
12135,12158
12135,12166
12135,12167
12135,12171
12135,25067
12137,12139
12137,12149
12137,12166
12137,12167
12137,12171
12137,12179
12137,15167
12137,23975
12137,22231
12139,12149
12139,12158
12139,12166
12139,12167
12149,12158
12149,12166
12149,12167
12149,12171
12149,12179
12149,12180
12149,21858
12158,12166
12158,12167
12158,12171
12158,12179
12158,12180
12158,12183
12158,24586
12166,12167
12166,12171
12166,12179
12166,12180
12166,12187
12166,14288
12166,18300
12166,16996
12167,12171
12167,12179
12167,12180
12167,12183
12167,12187
12167,12201
12167,12208
12167,20200
12167,26193
12167,26109
12171,12179
12171,12180
12171,12183
12171,12187
12171,12208
12171,13977
12171,12822
12171,24084
12171,14288
12179,12183
12179,12187
12179,12201
12179,12211
12179,16199
12180,12183
12180,12187
12180,12201
12180,12208
12180,12211
12183,12187
12183,12201
12183,12208
12183,12211
12183,12224
12183,12227
12183,24387
12187,12201
12187,12208
12187,12224
12187,12227
12187,12231
12187,13248
12187,23954
12187,16731
12201,12208
12201,12211
12201,12224
12201,12227
12201,12231
12201,12232
12201,12234
12208,12211
12208,12224
12208,12227
12208,12231
12208,12232
12208,12234
12211,12224
12211,12227
12211,12231
12211,12232
12211,12234
12211,12243
12224,12231
12224,12234
12224,12260
12224,18378
12224,12481
12224,25931
12224,18634
12227,12231
12227,12232
12227,12234
12227,12243
12227,12257
12227,12260
12227,12268
12231,12232
12231,12234
12231,12243
12231,12257
12231,12260
12231,12268
12232,12234
12232,12243
12232,12257
12232,12260
12232,12268
12232,12281
12232,12282
12234,12243
12234,12257
12234,12260
12234,12268
12234,12282
12234,12284
12243,12257
12243,12260
12243,12268
12243,12281
12243,12282
12243,12284
12243,12289
12243,12290
12257,12260
12257,12268
12257,12284
12257,12289
12257,12290
12257,20614
12260,12268
12260,12281
12260,12282
12260,12284
12260,12289
12260,12290
12260,12294
12268,12281
12268,12282
12268,12284
12268,12289
12268,12290
12268,12294
12268,12297
12268,12301
12281,12282
12281,12289
12281,12290
12281,12294
12281,12297
12281,12301
12282,12284
12282,12289
12282,12290
12282,12294
12282,12297
12282,12301
12282,26990
12284,12289
12284,12290
12284,12294
12284,12297
12284,12301
12284,12312
12284,12315
12289,12290
12289,12294
12289,12297
12289,12301
12289,12312
12289,12315
12289,12318
12289,25456
12290,12294
12290,12297
12290,12301
12290,12312
12290,12315
12290,12318
12294,12297
12294,12301
12294,12312
12294,12315
12294,12318
12294,12326
12294,12327
12297,12301
12297,12312
12297,12315
12297,12318
12297,12326
12297,12327
12297,26583
12301,12312
12301,12315
12301,12327
12301,12336
12301,15329
12301,19473
12312,12315
12312,12318
12312,12326
12312,12327
12312,12336
12312,12337
12312,12346
12312,12347
12315,12318
12315,12326
12315,12327
12315,12336
12315,12337
12315,12346
12315,12347
12315,12349
12318,12326
12318,12327
12318,12336
12318,12337
12318,12346
12318,12347
12318,12349
12318,12534
12326,12327
12326,12336
12326,12337
12326,12346
12326,12347
12326,12349
12326,12362
12326,12367
12327,12336
12327,12337
12327,12346
12327,12347
12327,12349
12327,12362
12327,12367
12327,12372
12336,12337
12336,12346
12336,12347
12336,12349
12336,12362
12336,12367
12336,12372
12336,12376
12337,12346
12337,12347
12337,12349
12337,12362
12337,12367
12337,12372
12337,12375
12337,12376
12337,12378
12346,12347
12346,12349
12346,12362
12346,12367
12346,12372
12346,12375
12346,12376
12346,12378
12346,12384
12346,26616
12347,12362
12347,12367
12347,12372
12347,12375
12347,12376
12347,12378
12347,12384
12347,12390
12347,14571
12349,12367
12349,12372
12349,12375
12349,12376
12349,12378
12349,12384
12349,12390
12349,12393
12362,12367
12362,12372
12362,12375
12362,12378
12362,12384
12362,12390
12362,12393
12362,12401
12362,12404
12362,17279
12367,12372
12367,12375
12367,12376
12367,12378
12367,12384
12367,12390
12367,12401
12367,12408
12367,15322
12367,14579
12367,23153
12372,12375
12372,12376
12372,12378
12372,12384
12372,12390
12372,12393
12372,12401
12372,12404
12372,12408
12375,12376
12375,12378
12375,12384
12375,12390
12375,12393
12375,12401
12375,12404
12375,12408
12375,12418
12376,12378
12376,12384
12376,12393
12376,12401
12376,12404
12376,12408
12376,12418
12376,12421
12376,15608
12378,12384
12378,12390
12378,12393
12378,12401
12378,12404
12378,12408
12378,12418
12378,12421
12378,12429
12384,12390
12384,12401
12384,12404
12384,12408
12384,12418
12384,12421
12384,20350
12390,12393
12390,12401
12390,12404
12390,12408
12390,12421
12390,12429
12390,20170
12390,24899
12390,15581
12393,12401
12393,12404
12393,12408
12393,12418
12393,12421
12393,12429
12393,23947
12401,12404
12401,12408
12401,12418
12401,12421
12401,12453
12401,24735
12401,13163
12404,12408
12404,12421
12404,12429
12404,15193
12408,12418
12408,12421
12408,12453
12408,12457
12418,12421
12418,12429
12418,12453
12418,12457
12418,12458
12421,12429
12421,12453
12421,12458
12421,12460
12421,12463
12421,20209
12429,12453
12429,12457
12429,12458
12429,12460
12429,12463
12429,12467
12429,15862
12453,12457
12453,12458
12453,12460
12453,12463
12453,12467
12453,12470
12453,12478
12453,12479
12457,12458
12457,12460
12457,12463
12457,12467
12457,12470
12457,12477
12457,12478
12457,12479
12457,12484
12457,18372
12458,12460
12458,12463
12458,12470
12458,12477
12458,12478
12458,12479
12458,12481
12458,12484
12458,23530
12460,12463
12460,12467
12460,12470
12460,12477
12460,12478
12460,12479
12460,12481
12460,12484
12463,12467
12463,12470
12463,12477
12463,12478
12463,12479
12463,12481
12463,12484
12463,21182
12467,12470
12467,12477
12467,12478
12467,12479
12467,12481
12467,12484
12467,12495
12467,12497
12470,12477
12470,12478
12470,12479
12470,12481
12470,12495
12470,12497
12470,12499
12477,12478
12477,12479
12477,12481
12477,12484
12477,12495
12477,12499
12477,12500
12477,16370
12477,17094
12477,16833
12477,15014
12478,12479
12478,12481
12478,12484
12478,12495
12478,12497
12478,12499
12478,12500
12478,12501
12479,12481
12479,12484
12479,12495
12479,12497
12479,12499
12479,12500
12479,12501
12479,12504
12481,12484
12481,12495
12481,12497
12481,12499
12481,12500
12481,12504
12481,18938
12484,12497
12484,12499
12484,12500
12484,12501
12484,12504
12484,13545
12484,24016
12495,12497
12495,12500
12495,12501
12495,12522
12495,12523
12495,12530
12495,21846
12495,26978
12495,13781
12497,12499
12497,12500
12497,12504
12497,12522
12497,12523
12497,12530
12497,12533
12499,12500
12499,12501
12499,12522
12499,12523
12499,12530
12499,12533
12499,12534
12500,12501
12500,12504
12500,12522
12500,12523
12500,12530
12500,12533
12500,12536
12500,18101
12501,12522
12501,12523
12501,12530
12501,12534
12501,12536
12501,15140
12501,18683
12504,12522
12504,12523
12504,12530
12504,12533
12504,12534
12504,12536
12504,12544
12522,12523
12522,12530
12522,12533
12522,12534
12522,12536
12522,12544
12522,12546
12523,12530
12523,12533
12523,12534
12523,12536
12523,12544
12523,12546
12523,12552
12530,12533
12530,12534
12530,12536
12530,12544
12530,12546
12530,12556
12530,24634
12530,18884
12530,27290
12530,17665
12533,12534
12533,12536
12533,12544
12533,12546
12533,12552
12533,12556
12533,13343
12534,12536
12534,12544
12534,12546
12534,12552
12534,12556
12534,23179
12534,13123
12534,15107
12536,12546
12536,12552
12536,12556
12536,26085
12544,12546
12544,12552
12544,12574
12544,12576
12544,23677
12546,12552
12546,12556
12546,12574
12546,12576
12546,12580
12552,12556
12552,12574
12552,12576
12552,12580
12552,12584
12552,12587
12556,12574
12556,12576
12556,12580
12556,12587
12556,12591
12556,16456
12556,21548
12574,12576
12574,12580
12574,12584
12574,12587
12574,12591
12574,12594
12574,12610
12574,12612
12574,20175
12574,19721
12574,27129
12576,12580
12576,12584
12576,12587
12576,12591
12576,12610
12576,12613
12576,18749
12580,12584
12580,12587
12580,12591
12580,12594
12580,12610
12580,12612
12580,12613
12580,12614
12580,23679
12580,14609
12580,19549
12584,12587
12584,12591
12584,12594
12584,12610
12584,12612
12584,12613
12584,12614
12584,19652
12587,12591
12587,12594
12587,12610
12587,12612
12587,12613
12587,12614
12587,12618
12587,12623
12587,12624
12591,12594
12591,12612
12591,12613
12591,12614
12591,12618
12591,12623
12591,17090
12591,21061
12594,12610
12594,12612
12594,12613
12594,12614
12594,12618
12594,12623
12594,12624
12594,12643
12594,18235
12594,16255
12610,12612
12610,12613
12610,12614
12610,12618
12610,12623
12610,12624
12610,12643
12610,22883
12610,16150
12612,12613
12612,12614
12612,12618
12612,12623
12612,12624
12612,12643
12612,12647
12612,12652
12612,15943
12613,12618
12613,12623
12613,12624
12613,12643
12613,12647
12613,12652
12613,12655
12614,12618
12614,12623
12614,12624
12614,12643
12614,12647
12614,12652
12614,12655
12614,12657
12618,12623
12618,12624
12618,12643
12618,12647
12618,12655
12618,12657
12623,12624
12623,12643
12623,12647
12623,12652
12623,12655
12623,12657
12623,14561
12624,12643
12624,12647
12624,12655
12624,12657
12624,12675
12624,24235
12643,12647
12643,12652
12643,12655
12643,12657
12643,12690
12647,12652
12647,12655
12647,12657
12647,12675
12647,12690
12647,22943
12652,12655
12652,12657
12652,12675
12652,12690
12652,12697
12652,12701
12652,20821
12655,12657
12655,12675
12655,12690
12655,12697
12655,12701
12655,12706
12657,12690
12657,12697
12657,12701
12657,12706
12657,12719
12657,17059
12675,12690
12675,12697
12675,12701
12675,12706
12675,12719
12675,12720
12675,12721
12675,12722
12675,18747
12690,12697
12690,12701
12690,12706
12690,12719
12690,12720
12690,12721
12690,12722
12690,12725
12690,19792
12697,12701
12697,12706
12697,12719
12697,12720
12697,12721
12697,12725
12697,12728
12697,12729
12701,12706
12701,12719
12701,12720
12701,12721
12701,12722
12701,12728
12701,12729
12701,17422
12701,17979
12706,12719
12706,12721
12706,12722
12706,12725
12706,12729
12706,19890
12706,24728
12719,12720
12719,12721
12719,12722
12719,12725
12719,12728
12719,12729
12719,12740
12719,12741
12720,12721
12720,12722
12720,12725
12720,12728
12720,12729
12720,12740
12720,12741
12720,12743
12721,12725
12721,12728
12721,12729
12721,12741
12721,12743
12721,12745
12721,14999
12722,12725
12722,12728
12722,12729
12722,12740
12722,12741
12722,12743
12722,12745
12722,12748
12725,12728
12725,12729
12725,12741
12725,12743
12725,12745
12725,12748
12725,12754
12725,22289
12728,12729
12728,12740
12728,12741
12728,12743
12728,12745
12728,12748
12728,12754
12728,12763
12729,12740
12729,12741
12729,12743
12729,12745
12729,12748
12729,12754
12729,12763
12729,12767
12729,25699
12740,12741
12740,12743
12740,12745
12740,12748
12740,12754
12740,12763
12740,12767
12740,12772
12741,12743
12741,12745
12741,12748
12741,12763
12741,12767
12741,12772
12741,12776
12741,21650
12741,17834
12743,12745
12743,12748
12743,12754
12743,12763
12743,12767
12743,12772
12743,12776
12743,12779
12745,12748
12745,12754
12745,12763
12745,12767
12745,12772
12745,12776
12745,12779
12745,12786
12745,16017
12748,12754
12748,12763
12748,12767
12748,12772
12748,12776
12748,12779
12748,12786
12754,12763
12754,12767
12754,12772
12754,12776
12754,12779
12754,12786
12763,12767
12763,12772
12763,12776
12763,12779
12763,12786
12763,12791
12763,12793
12763,12803
12767,12786
12767,12791
12767,12793
12767,12803
12767,12810
12767,24586
12767,19354
12767,24268
12772,12779
12772,12786
12772,12810
12772,12816
12772,14395
12772,14281
12772,24080
12776,12779
12776,12786
12776,12791
12776,12793
12776,12803
12776,12810
12779,12786
12779,12793
12779,12803
12779,12810
12779,12816
12779,16823
12786,12791
12786,12793
12786,12803
12786,12810
12786,12816
12786,12822
12791,12793
12791,12803
12791,12810
12791,12816
12791,12822
12791,12833
12791,12836
12791,17443
12791,22299
12793,12803
12793,12810
12793,12816
12793,12822
12793,12833
12793,12839
12803,12810
12803,12816
12803,12822
12803,12833
12803,12839
12803,12840
12803,19756
12803,24192
12810,12816
12810,12822
12810,12833
12810,12839
12810,12840
12810,12844
12810,20915
12816,12822
12816,12833
12816,12836
12816,12839
12816,12840
12816,12844
12816,12852
12816,19865
12822,12833
12822,12836
12822,12840
12822,12844
12822,12857
12822,12861
12833,12836
12833,12839
12833,12840
12833,12844
12833,12852
12833,12857
12833,12861
12833,12863
12836,12839
12836,12840
12836,12844
12836,12852
12836,12857
12836,12861
12836,12863
12836,12865
12836,12874
12836,13217
12839,12840
12839,12857
12839,12861
12839,12863
12839,12865
12839,12874
12839,12875
12839,13710
12839,26544
12840,12844
12840,12852
12840,12857
12840,12861
12840,12863
12840,12874
12840,12875
12840,12879
12840,13534
12844,12852
12844,12857
12844,12861
12844,12863
12844,12865
12844,12874
12844,12875
12844,12881
12852,12857
12852,12861
12852,12863
12852,12865
12852,12874
12852,12875
12852,12879
12852,12881
12857,12861
12857,12863
12857,12865
12857,12874
12857,12879
12857,12881
12857,12884
12857,12889
12857,21239
12861,12863
12861,12874
12861,12875
12861,12879
12861,12889
12861,21651
12861,21659
12861,20915
12861,20623
12863,12865
12863,12874
12863,12875
12863,12879
12863,12881
12863,12884
12863,12889
12863,12890
12865,12874
12865,12875
12865,12879
12865,12881
12865,12884
12865,12889
12865,12890
12865,12894
12865,23864
12874,12875
12874,12879
12874,12881
12874,12884
12874,12889
12874,12890
12874,12894
12874,12901
12875,12879
12875,12881
12875,12884
12875,12889
12875,12890
12875,12894
12875,12901
12875,25729
12879,12884
12879,12890
12879,12894
12879,12901
12879,12903
12879,22164
12881,12884
12881,12889
12881,12890
12881,12894
12881,12901
12881,12903
12881,17597
12884,12889
12884,12890
12884,12894
12884,12903
12884,12910
12884,27425
12884,14999
12889,12890
12889,12894
12889,12901
12889,12903
12889,12910
12890,12901
12890,12903
12890,12910
12890,18702
12894,12903
12894,12910
12894,12918
12901,12903
12901,12910
12901,12924
12901,19789
12903,12910
12903,12918
12903,12924
12903,12934
12903,22231
12910,12918
12910,12924
12910,12934
12910,12936
12910,12939
12910,24509
12918,12924
12918,12934
12918,12938
12918,12941
12918,18635
12918,23511
12924,12934
12924,12936
12924,12938
12924,12939
12924,12953
12924,14609
12934,12936
12934,12938
12934,12944
12934,12950
12934,12953
12934,12956
12934,12964
12936,12938
12936,12939
12936,12941
12936,12944
12936,12950
12936,12953
12936,12956
12936,12964
12936,12976
12938,12941
12938,12944
12938,12950
12938,12953
12938,12956
12938,12964
12938,12976
12939,12941
12939,12944
12939,12950
12939,12953
12939,12956
12939,12964
12941,12944
12941,12950
12941,12953
12941,12956
12941,12964
12941,12976
12941,12984
12941,18996
12941,25094
12944,12950
12944,12953
12944,12956
12944,12964
12944,12976
12944,12984
12944,12991
12950,12956
12950,12964
12950,12976
12950,12984
12950,12991
12950,13015
12950,13018
12950,23108
12950,16755
12953,12964
12953,12976
12953,12984
12953,12991
12953,13015
12953,13018
12953,13019
12956,12964
12956,12976
12956,12984
12956,12991
12956,13015
12956,13018
12956,13019
12956,13024
12964,12976
12964,12984
12964,12991
12964,13018
12964,13019
12964,13029
12964,17455
12976,12984
12976,12991
12976,13015
12976,13018
12976,13019
12976,13024
12976,13029
12976,13033
12984,12991
12984,13015
12984,13018
12984,13019
12984,13024
12984,13029
12984,13033
12984,13043
12984,13052
12984,19777
12991,13015
12991,13018
12991,13019
12991,13024
12991,13029
12991,13033
12991,13043
12991,13052
12991,13057
13015,13018
13015,13019
13015,13024
13015,13029
13015,13033
13015,13043
13015,13052
13015,13057
13015,13063
13018,13019
13018,13024
13018,13029
13018,13033
13018,13043
13018,13052
13018,13057
13018,13063
13018,13065
13018,14281
13018,23541
13019,13024
13019,13029
13019,13033
13019,13043
13019,13052
13019,13057
13019,13065
13019,13068
13019,23696
13019,26090
13024,13029
13024,13033
13024,13043
13024,13052
13024,13057
13024,13063
13024,13065
13024,13068
13024,13070
13024,19089
13029,13033
13029,13043
13029,13052
13029,13063
13029,13065
13029,13068
13029,13073
13029,15473
13033,13043
13033,13052
13033,13057
13033,13065
13033,13068
13033,13070
13033,13073
13033,13074
13033,26190
13033,25077
13033,23880
13043,13052
13043,13057
13043,13063
13043,13065
13043,13068
13043,13070
13043,13073
13043,13074
13052,13057
13052,13063
13052,13065
13052,13068
13052,13070
13052,13073
13052,13074
13052,16898
13057,13063
13057,13065
13057,13068
13057,13070
13057,13073
13057,13074
13057,13080
13057,13081
13063,13065
13063,13068
13063,13070
13063,13073
13063,13074
13063,13080
13063,13081
13065,13068
13065,13070
13065,13073
13065,13074
13065,13080
13065,13081
13065,13093
13068,13070
13068,13073
13068,13074
13068,13080
13068,13081
13068,13093
13068,13096
13070,13073
13070,13074
13070,13080
13070,13081
13070,13093
13070,13096
13070,13098
13073,13074
13073,13080
13073,13081
13073,13093
13073,13096
13073,25220
13073,20701
13074,13081
13074,13093
13074,13096
13074,13098
13074,21151
13080,13081
13080,13093
13080,13096
13080,13098
13080,13105
13081,13093
13081,13096
13081,13098
13081,13105
13081,13109
13093,13096
13093,13098
13093,13105
13093,13109
13093,13118
13093,13121
13093,22188
13096,13098
13096,13105
13096,13109
13096,13121
13096,13123
13098,13105
13098,13109
13098,13118
13098,13121
13098,13123
13098,13137
13098,21604
13098,22393
13105,13109
13105,13118
13105,13123
13105,13137
13105,13138
13105,13142
13105,13152
13105,13156
13109,13123
13109,13137
13109,13138
13109,13142
13109,13152
13109,13156
13109,13158
13109,24616
13118,13121
13118,13123
13118,13137
13118,13138
13118,13152
13118,13156
13118,13158
13121,13123
13121,13137
13121,13138
13121,13142
13121,13152
13121,13156
13121,13158
13121,13162
13121,14331
13123,13137
13123,13138
13123,13142
13123,13152
13123,13156
13123,13158
13123,13162
13137,13138
13137,13152
13137,13156
13137,13158
13137,13162
13137,13163
13137,13170
13137,20203
13138,13142
13138,13152
13138,13156
13138,13158
13138,13162
13138,13163
13138,13165
13138,13170
13138,13172
13142,13152
13142,13156
13142,13158
13142,13162
13142,13163
13142,13165
13142,13170
13142,13172
13142,13175
13152,13156
13152,13158
13152,13162
13152,13163
13152,13165
13152,13170
13152,13172
13152,13175
13152,13177
13152,25840
13152,16178
13156,13158
13156,13162
13156,13165
13156,13170
13156,13172
13156,13175
13156,13177
13156,13178
13158,13163
13158,13165
13158,13170
13158,13172
13158,13175
13158,13177
13158,13178
13158,13181
13158,23316
13162,13163
13162,13165
13162,13170
13162,13172
13162,13175
13162,13177
13162,13178
13162,13181
13162,13199
13162,18378
13163,13165
13163,13170
13163,13172
13163,13175
13163,13177
13163,13178
13163,13199
13163,13201
13165,13170
13165,13175
13165,13177
13165,13178
13165,13181
13165,13199
13165,13201
13165,18806
13170,13172
13170,13175
13170,13177
13170,13178
13170,13199
13170,13212
13170,17950
13170,21858
13172,13175
13172,13177
13172,13178
13172,13199
13172,13212
13172,24760
13172,23954
13172,13967
13175,13177
13175,13178
13175,13181
13175,13199
13175,13201
13175,13212
13175,13215
13175,13216
13175,19777
13175,26144
13175,20688
13177,13178
13177,13181
13177,13199
13177,13201
13177,13215
13177,13216
13177,13217
13177,20054
13178,13181
13178,13199
13178,13201
13178,13212
13178,13215
13178,13217
13178,13218
13181,13199
13181,13201
13181,13212
13181,13215
13181,13216
13181,13217
13181,13218
13181,13223
13199,13201
13199,13212
13199,13215
13199,13216
13199,13217
13199,13218
13199,13223
13199,13228
13199,13229
13201,13212
13201,13215
13201,13216
13201,13217
13201,13218
13201,13223
13201,13229
13201,24786
13201,15770
13212,13215
13212,13216
13212,13217
13212,13218
13212,13223
13212,13228
13212,13229
13212,13238
13212,25715
13215,13216
13215,13217
13215,13218
13215,13223
13215,13228
13215,13229
13215,13236
13215,13238
13216,13217
13216,13218
13216,13223
13216,13228
13216,13238
13216,20209
13217,13223
13217,13236
13217,13238
13217,13246
13217,21616
13217,26193
13218,13223
13218,13228
13218,13229
13218,13236
13218,13238
13218,13246
13218,13248
13223,13229
13223,13236
13223,13238
13223,13248
13223,13251
13228,13229
13228,13236
13228,13238
13228,13246
13228,13248
13228,13251
13228,13257
13228,15668
13228,26456
13229,13236
13229,13238
13229,13246
13229,13248
13229,13251
13229,13257
13229,13258
13229,16598
13236,13238
13236,13246
13236,13248
13236,13251
13236,13257
13236,13258
13236,13267
13238,13246
13238,13248
13238,13251
13238,13257
13238,13258
13238,13267
13238,13275
13246,13248
13246,13251
13246,13257
13246,13258
13246,13275
13246,13278
13246,13284
13248,13257
13248,13258
13248,13267
13248,13278
13248,13284
13251,13257
13251,13258
13251,13267
13251,13278
13251,13284
13251,13286
13251,22919
13251,13892
13257,13258
13257,13267
13257,13275
13257,13278
13257,13284
13257,13286
13257,22015
13258,13267
13258,13275
13258,13278
13258,13284
13258,13286
13267,13275
13267,13278
13267,13284
13267,13286
13267,13295
13275,13278
13275,13284
13275,13286
13275,13295
13275,13302
13278,13295
13278,13302
13278,13304
13278,13311
13278,17954
13284,13286
13284,13302
13284,13304
13284,13311
13284,13314
13284,24128
13286,13295
13286,13302
13286,13304
13286,13311
13286,13314
13286,13315
13286,16999
13295,13302
13295,13304
13295,13314
13295,13315
13295,13334
13295,17021
13295,17689
13295,26096
13295,25183
13302,13304
13302,13311
13302,13314
13302,13315
13302,13334
13304,13314
13304,13315
13304,13334
13304,13340
13304,13342
13304,17231
13304,26612
13311,13314
13311,13315
13311,13340
13311,13342
13311,13343
13314,13315
13314,13334
13314,13340
13314,13342
13314,13343
13314,13348
13315,13334
13315,13340
13315,13342
13315,13343
13315,13348
13334,13340
13334,13342
13334,13343
13334,13352
13334,13359
13334,14682
13334,22181
13340,13342
13340,13343
13340,13348
13340,13352
13340,13356
13340,13359
13340,13360
13340,13364
13340,13367
13340,26327
13342,13343
13342,13348
13342,13352
13342,13356
13342,13359
13342,13360
13342,13364
13342,13367
13343,13348
13343,13352
13343,13356
13343,13359
13343,13360
13343,13367
13343,13376
13343,13750
13348,13352
13348,13356
13348,13359
13348,13360
13348,13364
13348,13367
13348,13376
13348,13379
13348,26760
13352,13356
13352,13360
13352,13364
13352,13376
13352,13379
13352,13386
13356,13359
13356,13360
13356,13364
13356,13376
13356,13379
13356,13386
13356,13391
13356,26210
13359,13360
13359,13364
13359,13379
13359,13386
13359,13391
13359,13392
13359,16944
13359,23696
13360,13364
13360,13367
13360,13376
13360,13379
13360,13386
13360,13391
13360,13392
13360,13400
13360,21802
13364,13367
13364,13376
13364,13379
13364,13386
13364,13391
13364,13392
13364,13400
13364,13401
13367,13376
13367,13379
13367,13391
13367,13392
13367,13400
13367,13401
13367,13405
13367,14240
13376,13379
13376,13386
13376,13391
13376,13392
13376,13400
13376,13401
13376,13405
13376,13410
13379,13386
13379,13391
13379,13392
13379,13401
13379,13405
13379,13410
13379,13415
13379,21625
13379,26991
13379,25348
13386,13392
13386,13400
13386,13401
13386,13405
13386,13410
13386,13415
13391,13392
13391,13400
13391,13401
13391,13405
13391,13410
13391,13415
13391,13424
13391,16737
13392,13400
13392,13401
13392,13405
13392,13410
13392,13415
13392,13424
13392,23856
13400,13401
13400,13405
13400,13410
13400,13415
13400,13424
13401,13405
13401,13410
13401,13415
13401,13424
13405,13410
13405,13415
13405,13424
13405,13435
13405,14732
13410,13415
13410,13424
13410,13435
13410,13448
13415,13424
13415,13435
13415,13448
13415,13454
13415,24466
13424,13435
13424,13448
13424,13449
13424,13454
13424,13457
13424,13463
13435,13448
13435,13454
13435,13456
13435,13457
13435,13463
13435,13464
13435,13472
13448,13454
13448,13456
13448,13457
13448,13464
13448,13472
13448,13478
13448,20422
13448,18141
13448,19749
13449,13456
13449,13457
13449,13463
13449,13472
13449,13478
13449,13481
13454,13456
13454,13457
13454,13463
13454,13464
13454,13472
13454,13478
13454,13481
13454,13483
13454,21782
13456,13457
13456,13463
13456,13464
13456,13472
13456,13478
13456,13481
13456,13483
13456,13488
13457,13463
13457,13464
13457,13472
13457,13478
13457,13481
13457,13483
13457,13488
13457,15086
13463,13464
13463,13472
13463,13478
13463,13483
13463,13488
13463,13580
13464,13472
13464,13478
13464,13481
13464,13483
13464,13488
13464,13494
13472,13478
13472,13481
13472,13483
13472,13488
13472,13498
13472,19819
13478,13481
13478,13483
13478,13488
13478,13494
13478,13498
13478,13500
13481,13483
13481,13488
13481,13494
13481,13500
13481,13506
13481,20030
13483,13488
13483,13498
13483,13500
13483,13506
13483,13508
13483,25982
13488,13494
13488,13498
13488,13500
13488,13506
13488,13508
13488,14933
13488,23666
13494,13498
13494,13500
13494,13506
13494,13508
13494,13511
13494,13515
13494,13516
13498,13500
13498,13506
13498,13508
13498,13511
13498,13513
13498,13515
13498,13516
13498,13521
13498,13524
13500,13506
13500,13508
13500,13511
13500,13513
13500,13515
13500,13521
13500,13524
13500,13528
13500,25443
13506,13508
13506,13511
13506,13513
13506,13515
13506,13516
13506,13521
13506,13524
13506,13528
13506,13531
13506,13534
13508,13511
13508,13513
13508,13515
13508,13516
13508,13521
13508,13524
13508,13531
13508,13534
13508,20717
13508,19692
13511,13513
13511,13515
13511,13516
13511,13524
13511,13528
13511,13531
13511,13534
13511,13541
13511,14941
13511,26339
13511,17494
13513,13515
13513,13516
13513,13521
13513,13524
13513,13528
13513,13531
13513,13534
13513,13541
13513,13545
13513,13547
13515,13516
13515,13521
13515,13524
13515,13528
13515,13531
13515,13534
13515,13541
13515,13545
13515,13547
13515,13554
13515,26864
13516,13521
13516,13524
13516,13528
13516,13531
13516,13534
13516,13541
13516,13545
13516,13547
13516,13554
13516,20346
13516,22967
13521,13524
13521,13528
13521,13531
13521,13534
13521,13541
13521,13545
13521,13547
13521,13554
13521,13559
13521,14479
13521,16157
13521,19177
13524,13528
13524,13531
13524,13534
13524,13541
13524,13545
13524,13547
13524,13554
13524,13559
13524,13566
13524,20049
13528,13541
13528,13545
13528,13547
13528,13554
13528,13559
13528,13566
13528,13568
13528,13943
13531,13534
13531,13541
13531,13545
13531,13547
13531,13554
13531,13566
13531,13568
13534,13541
13534,13545
13534,13547
13534,13554
13534,13566
13534,13568
13534,13577
13534,14744
13534,25976
13541,13545
13541,13547
13541,13554
13541,13559
13541,13566
13541,13568
13541,13577
13545,13547
13545,13554
13545,13559
13545,13566
13545,13568
13545,13577
13545,13580
13545,13586
13545,25070
13547,13554
13547,13559
13547,13566
13547,13568
13547,13577
13547,13580
13547,13586
13547,13588
13547,16755
13554,13559
13554,13566
13554,13580
13554,13586
13554,13588
13554,15383
13559,13566
13559,13568
13559,13577
13559,13580
13559,13586
13559,13588
13559,13597
13566,13577
13566,13580
13566,13586
13566,13588
13566,13597
13566,13612
13568,13577
13568,13580
13568,13588
13568,13597
13568,13612
13568,13622
13568,27310
13577,13586
13577,13588
13577,13612
13577,13622
13577,13623
13577,13625
13580,13586
13580,13588
13580,13597
13580,13612
13580,13622
13580,13623
13580,13625
13580,13627
13586,13588
13586,13597
13586,13612
13586,13622
13586,13623
13586,13625
13586,13629
13588,13597
13588,13612
13588,13622
13588,13623
13588,13625
13588,13627
13588,13629
13588,13640
13597,13612
13597,13622
13597,13623
13597,13625
13597,13627
13597,13649
13597,15650
13597,23424
13597,24509
13612,13622
13612,13623
13612,13625
13612,13627
13612,13629
13612,13649
13622,13623
13622,13625
13622,13627
13622,13629
13622,13640
13622,13649
13622,14612
13623,13627
13623,13640
13623,13649
13623,13670
13623,27245
13623,14013
13625,13627
13625,13629
13625,13640
13625,13649
13625,13670
13625,13676
13627,13629
13627,13640
13627,13649
13627,13670
13627,13676
13627,13677
13629,13640
13629,13649
13629,13670
13629,13677
13629,17657
13640,13649
13640,13670
13640,13677
13640,13680
13640,19138
13640,19148
13649,13670
13649,13676
13649,13677
13649,13680
13649,15216
13670,13676
13670,13677
13670,13680
13670,13682
13670,13705
13670,15882
13670,22264
13676,13680
13676,13682
13676,13685
13676,13691
13676,13705
13676,13706
13676,13710
13677,13680
13677,13682
13677,13685
13677,13691
13677,13705
13677,13706
13677,13710
13677,13711
13677,16101
13680,13682
13680,13691
13680,13705
13680,13706
13680,13710
13680,13711
13680,13717
13680,13721
13680,17092
13682,13685
13682,13691
13682,13705
13682,13706
13682,13710
13682,13711
13682,13717
13682,21709
13682,17020
13685,13705
13685,13706
13685,13710
13685,13711
13685,13717
13685,13721
13691,13705
13691,13706
13691,13710
13691,13711
13691,13717
13691,13721
13705,13706
13705,13710
13705,13711
13705,13717
13705,13721
13705,13731
13705,18589
13706,13710
13706,13717
13706,13721
13706,13731
13706,13735
13706,17735
13710,13711
13710,13717
13710,13721
13710,13731
13710,13735
13711,13717
13711,13721
13711,13731
13711,13735
13717,13731
13717,13735
13717,14668
13721,13735
13721,22943
13731,13735
13731,13750
13731,13755
13731,13762
13731,20947
13735,13750
13735,13764
13735,13767
13735,23603
13735,25820
13750,13755
13750,13762
13750,13764
13750,13767
13750,13768
13750,20872
13755,13762
13755,13764
13755,13767
13755,13768
13755,13770
13755,13780
13755,14365
13762,13767
13762,13768
13762,13770
13762,13780
13762,13781
13762,13783
13762,15968
13762,23004
13764,13767
13764,13768
13764,13770
13764,13780
13764,13781
13764,13783
13764,13787
13767,13768
13767,13770
13767,13780
13767,13781
13767,13783
13767,13787
13767,26638
13768,13770
13768,13780
13768,13781
13768,13783
13770,13783
13770,13787
13770,13798
13770,13802
13770,22772
13770,15353
13780,13781
13780,13783
13780,13787
13780,13798
13780,13802
13780,13808
13780,13811
13781,13783
13781,13787
13781,13798
13781,13802
13781,13808
13781,13811
13781,25893
13783,13787
13783,13798
13783,13802
13783,13808
13783,13811
13783,13819
13783,13822
13787,13798
13787,13802
13787,13811
13787,13819
13787,13822
13787,13823
13787,23628
13798,13802
13798,13808
13798,13811
13798,13819
13798,13822
13798,13823
13798,13829
13798,22894
13798,26638
13802,13808
13802,13811
13802,13819
13802,13822
13802,13823
13802,13829
13802,13834
13808,13811
13808,13819
13808,13822
13808,13823
13808,13834
13808,13841
13808,23450
13811,13819
13811,13822
13811,13823
13811,13829
13811,13834
13811,13841
13811,13842
13819,13822
13819,13823
13819,13829
13819,13834
13819,13841
13819,13842
13819,13846
13819,13847
13822,13823
13822,13829
13822,13834
13822,13841
13822,13847
13822,13849
13822,21912
13822,19138
13822,21326
13823,13829
13823,13834
13823,13841
13823,13842
13823,13846
13823,13847
13823,13849
13823,13853
13829,13834
13829,13841
13829,13842
13829,13846
13829,13847
13829,13849
13829,13853
13829,13854
13829,13857
13829,18144
13834,13842
13834,13846
13834,13847
13834,13849
13834,13857
13834,26955
13834,22699
13834,15555
13834,18220
13834,25452
13841,13842
13841,13846
13841,13847
13841,13853
13841,13854
13841,13857
13841,13862
13842,13846
13842,13847
13842,13849
13842,13853
13842,13854
13842,13857
13842,13862
13846,13847
13846,13849
13846,13853
13846,13854
13846,13857
13846,13862
13846,13882
13846,15770
13847,13849
13847,13853
13847,13857
13847,13862
13847,13875
13847,13882
13847,13883
13849,13853
13849,13854
13849,13862
13849,13875
13849,13882
13849,13883
13853,13854
13853,13857
13853,13862
13853,13875
13853,13882
13853,13883
13854,13857
13854,13862
13854,13875
13854,13882
13854,13883
13854,13890
13854,13891
13854,26327
13857,13862
13857,13875
13857,13882
13857,13883
13857,13890
13857,13891
13857,13892
13857,16951
13862,13875
13862,13882
13862,13883
13862,13890
13862,13891
13862,13897
13862,26894
13875,13882
13875,13883
13875,13890
13875,13891
13875,13892
13875,13897
13875,13908
13882,13890
13882,13891
13882,13892
13882,13897
13882,13908
13882,13918
13883,13890
13883,13891
13883,13892
13883,13897
13883,13908
13883,20886
13890,13891
13890,13897
13890,13908
13890,13918
13890,13924
13890,13926
13890,16674
13891,13892
13891,13897
13891,13908
13891,13918
13891,13924
13891,13927
13891,23934
13892,13908
13892,13918
13892,13926
13892,13927
13892,13939
13892,17251
13897,13908
13897,13918
13897,13924
13897,13926
13897,13927
13897,13939
13897,13943
13908,13918
13908,13924
13908,13926
13908,13927
13908,13939
13908,13943
13908,13945
13908,13946
13918,13924
13918,13927
13918,13945
13918,17822
13918,15642
13924,13926
13924,13927
13924,13939
13924,13943
13924,13945
13924,13946
13924,13954
13924,13960
13926,13927
13926,13939
13926,13943
13926,13945
13926,13946
13926,13954
13926,13960
13926,13967
13927,13939
13927,13943
13927,13945
13927,13946
13927,13954
13927,13960
13927,13967
13927,13968
13939,13943
13939,13945
13939,13946
13939,13954
13939,13960
13939,13967
13939,13968
13939,17954
13943,13945
13943,13946
13943,13954
13943,13960
13943,13968
13943,13971
13943,13972
13943,17647
13945,13946
13945,13954
13945,13960
13945,13967
13945,13968
13945,13971
13945,18101
13945,19773
13945,15652
13945,25136
13946,13954
13946,13960
13946,13967
13946,13971
13946,13978
13954,13960
13954,13967
13954,13968
13954,13971
13954,13972
13954,13977
13954,13978
13954,13984
13954,13989
13954,25939
13960,13967
13960,13968
13960,13971
13960,13972
13960,13977
13960,13978
13960,13984
13960,13989
13960,13992
13960,23098
13960,20205
13967,13968
13967,13971
13967,13972
13967,13977
13967,13978
13967,13984
13967,13989
13967,13992
13967,13998
13968,13971
13968,13972
13968,13977
13968,13978
13968,13984
13968,13989
13968,13992
13968,13998
13968,14013
13971,13972
13971,13977
13971,13978
13971,13984
13971,13989
13971,13992
13971,13998
13971,14013
13971,14017
13972,13977
13972,13978
13972,13984
13972,13989
13972,13992
13972,13998
13972,14013
13972,14017
13972,14032
13972,14429
13977,13978
13977,13984
13977,13992
13977,13998
13977,14013
13977,14017
13977,14032
13977,14034
13977,15633
13978,13989
13978,13992
13978,13998
13978,14013
13978,14017
13978,14032
13978,14034
13978,14038
13978,20635
13978,19358
13978,17529
13978,25683
13984,13989
13984,13992
13984,13998
13984,14013
13984,14017
13984,14032
13984,14034
13984,14038
13984,14040
13989,13992
13989,13998
13989,14013
13989,14017
13989,14034
13989,14038
13989,14040
13989,14041
13989,25592
13989,15721
13992,13998
13992,14013
13992,14017
13992,14032
13992,14034
13992,14038
13992,14041
13998,14013
13998,14032
13998,14034
13998,14038
13998,14040
13998,14062
13998,17321
14013,14017
14013,14032
14013,14034
14013,14038
14013,14040
14013,14041
14013,14067
14013,14069
14017,14034
14017,14038
14017,14040
14017,14041
14017,14062
14017,14067
14017,14069
14017,22737
14032,14034
14032,14038
14032,14040
14032,14041
14032,14062
14032,14067
14032,14069
14032,14078
14032,20236
14034,14038
14034,14041
14034,14062
14034,14067
14034,14069
14034,14078
14038,14040
14038,14041
14038,14062
14038,14067
14038,14069
14038,14078
14040,14041
14040,14067
14040,14069
14040,14078
14040,14173
14040,22195
14041,14067
14041,14069
14041,14078
14041,22962
14062,14067
14062,14069
14062,14078
14062,14106
14062,25997
14067,14069
14067,14078
14067,14106
14069,14078
14069,14106
14069,14113
14078,14106
14078,14114
14078,14115
14106,14113
14106,14114
14106,14115
14106,14124
14106,14130
14113,14115
14113,14124
14113,14130
14113,14141
14114,14115
14114,14130
14114,14141
14114,19856
14115,14124
14115,14130
14115,14141
14115,26411
14124,14130
14124,14141
14124,14149
14130,14141
14130,14149
14141,14149
14141,14171
14141,14173
14141,14178
14141,26204
14141,20361
14149,14171
14149,14172
14149,14178
14149,14184
14149,14194
14149,14196
14149,14200
14149,14201
14171,14173
14171,14178
14171,14184
14171,14194
14171,14200
14171,14201
14171,14204
14171,14205
14171,25840
14172,14173
14172,14178
14172,14184
14172,14194
14172,14196
14172,14200
14172,14201
14172,14204
14172,14205
14172,14208
14173,14178
14173,14184
14173,14194
14173,14196
14173,14200
14173,14201
14173,14204
14173,14205
14173,14208
14173,20950
14178,14194
14178,14196
14178,14200
14178,14204
14178,14205
14178,14208
14178,14213
14178,21555
14178,22002
14184,14196
14184,14200
14184,14204
14184,14205
14184,14208
14184,14213
14184,14217
14184,23631
14184,26735
14184,23658
14184,14517
14194,14196
14194,14200
14194,14201
14194,14204
14194,14205
14194,14208
14194,14213
14194,14217
14194,14218
14194,16455
14196,14200
14196,14201
14196,14204
14196,14205
14196,14208
14196,14213
14196,14217
14196,14218
14196,14223
14200,14201
14200,14204
14200,14205
14200,14208
14200,14213
14200,14217
14200,14218
14200,14223
14201,14204
14201,14205
14201,14208
14201,14213
14201,14217
14201,14218
14201,14223
14201,19459
14204,14205
14204,14208
14204,14213
14204,14217
14204,14218
14204,14223
14204,14231
14204,24449
14204,16358
14205,14213
14205,14218
14205,14223
14205,14231
14205,14236
14208,14213
14208,14217
14208,14218
14208,14223
14208,14236
14208,21961
14213,14217
14213,14218
14213,14223
14213,14231
14213,14236
14213,14240
14213,14244
14217,14218
14217,14223
14217,14231
14217,14236
14217,14240
14217,14244
14217,14249
14217,25305
14218,14223
14218,14231
14218,14240
14218,14244
14218,14249
14218,14251
14218,23662
14223,14231
14223,14236
14223,14240
14223,14244
14223,14249
14223,14251
14231,14236
14231,14240
14231,14244
14231,14249
14231,14258
14236,14240
14236,14244
14236,14249
14236,14251
14236,14258
14236,14260
14236,24654
14240,14244
14240,14249
14240,14260
14240,14277
14240,24456
14240,18207
14244,14249
14244,14251
14244,14258
14244,14260
14244,14277
14244,14281
14249,14251
14249,14258
14249,14260
14249,14277
14249,14281
14249,14288
14249,16150
14251,14258
14251,14260
14251,14277
14251,14281
14251,14288
14251,14293
14258,14260
14258,14277
14258,14281
14258,14288
14258,14293
14258,14294
14258,14298
14258,14299
14258,14300
14260,14277
14260,14281
14260,14288
14260,14293
14260,14294
14260,14298
14260,14299
14260,14300
14260,14304
14277,14281
14277,14288
14277,14293
14277,14294
14277,14298
14277,14299
14277,14300
14277,14304
14277,14307
14277,14313
14277,14593
14281,14293
14281,14294
14281,14298
14281,14299
14281,14300
14281,14304
14281,14307
14281,14313
14281,14323
14288,14294
14288,14298
14288,14299
14288,14300
14288,14304
14288,14307
14288,14313
14288,14323
14288,26612
14293,14294
14293,14298
14293,14299
14293,14300
14293,14304
14293,14307
14293,14313
14293,14323
14293,14325
14293,14331
14294,14298
14294,14299
14294,14300
14294,14304
14294,14307
14294,14313
14294,14323
14294,14325
14294,14331
14294,14340
14298,14299
14298,14300
14298,14304
14298,14307
14298,14323
14298,14325
14298,14340
14298,20734
14298,20307
14299,14300
14299,14304
14299,14307
14299,14313
14299,14323
14299,14325
14299,14331
14299,14340
14299,14342
14300,14304
14300,14307
14300,14313
14300,14323
14300,14325
14300,14331
14300,14340
14300,14342
14300,14344
14300,20261
14300,26180
14304,14313
14304,14323
14304,14325
14304,14331
14304,14340
14304,14342
14304,14346
14307,14313
14307,14323
14307,14325
14307,14331
14307,14340
14307,14342
14307,14344
14307,14346
14307,24717
14313,14323
14313,14325
14313,14340
14313,14342
14313,14344
14313,14346
14313,14353
14323,14325
14323,14331
14323,14340
14323,14342
14323,14344
14323,14353
14323,14364
14325,14331
14325,14340
14325,14342
14325,14344
14325,14346
14325,14353
14325,14364
14325,14365
14325,19738
14331,14340
14331,14342
14331,14344
14331,14346
14331,14353
14331,14364
14331,14365
14331,14366
14331,23311
14340,14342
14340,14344
14340,14353
14340,14364
14340,14365
14340,14366
14340,22148
14342,14344
14342,14346
14342,14353
14342,14364
14342,14365
14342,14366
14342,14387
14342,24264
14342,16922
14342,23805
14344,14353
14344,14364
14344,14366
14344,14387
14344,14388
14344,14945
14346,14353
14346,14365
14346,14366
14346,14387
14346,21999
14353,14364
14353,14365
14353,14388
14353,14389
14353,14394
14353,15721
14364,14365
14364,14387
14364,14388
14364,14389
14364,14395
14365,14366
14365,14387
14365,14388
14365,14389
14365,14394
14365,14395
14366,14387
14366,14388
14366,14389
14366,14394
14366,14395
14366,23422
14387,14388
14387,14389
14387,14394
14387,14395
14387,14399
14387,14400
14388,14389
14388,14394
14388,14399
14388,14400
14388,22958
14389,14394
14389,14395
14389,14399
14389,14400
14389,14409
14389,14410
14394,14395
14394,14399
14394,14400
14394,14409
14394,14410
14394,14418
14394,23938
14395,14399
14395,14409
14395,14410
14395,14418
14395,23477
14399,14400
14399,14409
14399,14410
14399,14418
14399,14429
14400,14409
14400,14410
14400,14418
14400,14427
14400,14429
14400,14431
14400,25619
14400,15875
14409,14410
14409,14418
14409,14427
14409,14429
14409,14431
14409,14448
14409,21364
14410,14418
14410,14427
14410,14429
14410,14431
14410,14448
14410,14452
14418,14427
14418,14429
14418,14431
14418,14448
14418,14452
14418,14457
14418,14458
14427,14429
14427,14431
14427,14448
14427,14452
14427,14457
14427,14458
14427,14463
14427,14472
14429,14431
14429,14448
14429,14452
14429,14457
14429,14458
14429,14463
14429,14479
14429,18132
14431,14448
14431,14452
14431,14457
14431,14458
14431,14463
14431,14472
14431,14479
14431,14483
14448,14452
14448,14458
14448,14463
14448,14472
14448,14479
14448,14483
14448,14485
14448,14486
14448,24628
14448,26760
14452,14457
14452,14458
14452,14463
14452,14472
14452,14479
14452,14483
14452,14485
14452,14486
14452,14927
14457,14463
14457,14472
14457,14479
14457,14483
14457,14485
14457,14486
14457,18798
14458,14463
14458,14472
14458,14479
14458,14483
14458,14485
14458,14486
14458,14505
14458,18000
14463,14472
14463,14479
14463,14483
14463,14485
14463,14486
14463,14505
14472,14479
14472,14483
14472,14485
14472,14486
14472,14505
14472,23435
14479,14483
14479,14485
14479,14486
14479,14509
14479,14513
14479,20139
14483,14485
14483,14486
14483,14509
14483,14513
14483,14515
14483,17153
14485,14486
14485,14505
14485,14509
14485,14513
14485,14515
14486,14505
14486,14513
14486,14515
14486,14517
14505,14509
14505,14513
14505,14515
14505,14517
14505,14521
14509,14513
14509,14515
14509,14517
14509,14521
14509,14532
14509,14539
14509,15835
14513,14515
14513,14517
14513,14521
14513,14532
14513,14539
14513,14541
14515,14517
14515,14521
14515,14532
14515,14539
14515,14541
14515,14543
14515,14547
14515,25045
14515,17368
14517,14521
14517,14532
14517,14539
14517,14541
14517,14543
14517,14547
14517,14556
14521,14532
14521,14539
14521,14541
14521,14543
14521,14547
14521,14556
14521,14561
14521,14564
14532,14539
14532,14541
14532,14543
14532,14547
14532,14556
14532,14561
14532,14564
14532,14565
14539,14541
14539,14543
14539,14547
14539,14556
14539,14564
14539,14565
14539,14568
14539,14569
14539,20851
14539,24095
14541,14547
14541,14556
14541,14561
14541,14564
14541,14565
14541,14568
14541,14571
14541,15200
14543,14547
14543,14556
14543,14561
14543,14564
14543,14565
14543,14568
14543,14569
14543,14571
14547,14561
14547,14564
14547,14565
14547,14568
14547,14569
14547,14576
14547,19941
14556,14561
14556,14564
14556,14565
14556,14568
14556,14569
14556,14571
14556,14576
14556,14587
14556,18356
14561,14564
14561,14565
14561,14568
14561,14569
14561,14571
14561,14576
14561,14579
14561,14593
14564,14565
14564,14568
14564,14569
14564,14571
14564,14576
14564,14579
14564,14587
14564,14593
14564,19950
14564,14617
14565,14569
14565,14571
14565,14576
14565,14579
14565,14587
14565,14593
14568,14569
14568,14576
14568,14587
14568,14593
14568,15140
14568,19396
14569,14571
14569,14576
14569,14579
14569,14587
14569,14593
14571,14579
14571,14587
14571,14593
14571,14606
14571,15909
14571,27305
14576,14579
14576,14587
14576,14593
14576,14606
14576,14609
14576,14611
14579,14587
14579,14593
14579,14606
14579,14609
14579,14611
14579,14612
14579,27172
14587,14593
14587,14609
14587,14611
14587,14612
14587,14617
14587,26972
14593,14606
14593,14609
14593,14611
14593,14612
14593,14617
14606,14609
14606,14611
14606,14612
14606,14617
14606,14618
14606,14622
14606,14641
14609,14611
14609,14618
14609,14622
14609,14641
14609,14643
14609,23430
14609,22912
14611,14612
14611,14618
14611,14622
14611,14641
14611,14643
14612,14617
14612,14618
14612,14622
14612,14641
14612,14643
14612,26230
14617,14622
14617,14641
14617,19508
14618,14622
14618,14641
14618,14643
14618,25700
14622,14641
14622,14643
14641,14643
14641,14663
14641,14668
14641,19143
14643,14663
14643,14674
14663,14668
14663,14674
14663,14680
14663,14682
14663,14690
14663,14691
14663,14700
14668,14674
14668,14680
14668,14682
14668,14690
14668,14691
14668,14700
14668,14701
14674,14680
14674,14690
14674,14691
14674,14700
14674,14703
14680,14682
14680,14690
14680,14691
14680,14700
14680,14701
14680,14709
14680,14712
14680,24430
14680,15642
14682,14690
14682,14691
14682,14700
14682,14701
14682,14703
14682,14709
14682,14712
14682,14718
14690,14691
14690,14700
14690,14701
14690,14709
14690,14712
14690,14718
14690,14732
14690,23609
14691,14700
14691,14701
14691,14703
14691,14709
14691,14712
14691,14718
14691,14732
14691,14737
14700,14701
14700,14709
14700,14712
14700,14718
14700,14732
14700,14737
14700,14743
14700,22768
14701,14703
14701,14709
14701,14712
14701,14718
14701,14732
14701,14737
14701,14743
14701,14744
14703,14709
14703,14712
14703,14718
14703,14732
14703,14737
14703,14744
14703,14748
14703,16277
14709,14712
14709,14718
14709,14732
14709,14737
14709,14743
14709,14744
14709,14748
14709,14754
14709,25942
14712,14718
14712,14732
14712,14737
14712,14743
14712,14744
14712,14748
14712,14754
14718,14732
14718,14737
14718,14744
14718,14748
14718,14765
14718,14768
14718,24465
14732,14737
14732,14743
14732,14744
14732,14748
14732,14754
14732,14768
14732,14769
14732,19949
14737,14743
14737,14744
14737,14748
14737,14754
14737,14765
14737,14768
14737,14769
14737,14770
14737,15934
14737,22531
14743,14744
14743,14748
14743,14754
14743,14765
14743,14768
14743,14769
14743,14770
14743,14774
14743,23525
14744,14748
14744,14754
14744,14768
14744,14769
14744,14770
14744,14781
14744,23501
14744,21988
14748,14754
14748,14765
14748,14768
14748,14769
14748,14770
14748,14774
14748,14781
14748,14784
14754,14765
14754,14768
14754,14770
14754,14774
14754,14781
14754,14784
14754,20510
14765,14768
14765,14769
14765,14770
14765,14781
14765,14784
14765,14791
14765,14795
14765,24709
14768,14769
14768,14770
14768,14774
14768,14781
14768,14784
14768,14791
14768,14795
14768,14796
14768,18327
14769,14770
14769,14781
14769,14784
14769,14791
14769,14796
14769,14806
14769,17183
14769,18292
14770,14774
14770,14781
14770,14784
14770,14791
14770,14795
14770,14806
14774,14781
14774,14784
14774,14791
14774,14796
14774,14806
14781,14784
14781,14791
14781,14795
14781,14806
14781,14827
14784,14791
14784,14795
14784,14796
14784,14806
14784,14827
14791,14795
14791,14806
14791,14827
14791,14842
14791,14845
14791,25161
14795,14796
14795,14806
14795,14827
14795,14842
14795,14845
14795,14850
14796,14806
14796,14827
14796,14842
14796,14845
14806,14827
14806,14842
14806,14845
14806,27051
14827,14842
14827,14845
14827,14850
14827,14880
14827,26757
14842,14845
14842,14850
14842,14885
14842,23729
14845,14850
14845,14880
14845,14882
14845,14885
14845,16178
14845,20113
14850,14880
14850,14882
14850,14885
14850,14889
14850,14901
14850,24433
14880,14882
14880,14885
14880,14889
14880,14901
14880,14902
14880,14918
14882,14885
14882,14889
14882,14901
14882,14902
14882,14918
14882,14927
14885,14889
14885,14901
14885,14902
14885,14918
14885,14927
14885,14929
14885,14933
14885,19354
14889,14901
14889,14902
14889,14918
14889,14927
14889,14929
14889,14933
14901,14902
14901,14918
14901,14927
14901,14929
14901,14933
14901,14938
14901,14941
14901,26584
14902,14918
14902,14927
14902,14929
14902,14933
14902,14938
14902,14941
14902,14945
14918,14927
14918,14929
14918,14933
14918,14938
14918,14941
14918,14945
14918,14949
14927,14929
14927,14933
14927,14938
14927,14941
14927,14945
14927,14960
14927,14962
14927,24509
14929,14933
14929,14938
14929,14941
14929,14945
14929,14949
14929,14960
14929,27106
14933,14938
14933,14941
14933,14945
14933,14949
14933,14962
14933,14966
14933,25682
14933,17053
14938,14941
14938,14945
14938,14949
14938,14960
14938,14962
14941,14945
14941,14960
14941,14966
14945,14949
14945,14960
14945,14962
14945,14966
14945,18375
14945,19529
14949,14960
14949,14962
14949,14966
14949,14994
14949,14998
14949,15917
14949,15979
14960,14962
14960,14966
14960,14994
14960,14998
14960,14999
14960,15006
14960,21659
14962,14966
14962,14994
14962,14998
14962,14999
14962,15006
14966,14994
14966,14998
14966,14999
14966,15006
14994,14998
14994,14999
14994,15006
14994,15014
14994,15024
14994,15026
14994,17131
14998,14999
14998,15014
14998,15022
14998,15024
14998,15026
14998,15027
14998,19675
14998,24910
14998,19988
14999,15006
14999,15014
14999,15022
14999,15024
14999,15026
14999,15029
14999,20705
15006,15014
15006,15022
15006,15024
15006,15027
15006,15029
15006,15031
15006,17703
15014,15022
15014,15026
15014,15027
15014,15029
15014,15031
15014,15032
15014,15045
15014,15047
15014,15052
15014,27416
15022,15026
15022,15027
15022,15029
15022,15031
15022,15032
15022,15045
15022,15047
15022,15052
15022,15065
15022,19056
15022,26650
15024,15026
15024,15027
15024,15029
15024,15031
15024,15032
15024,15045
15024,15047
15024,15052
15024,15065
15024,17287
15026,15031
15026,15032
15026,15045
15026,15052
15026,15073
15026,22406
15027,15029
15027,15031
15027,15032
15027,15045
15027,15047
15027,15052
15027,15065
15027,15073
15027,15075
15029,15031
15029,15032
15029,15045
15029,15047
15029,15052
15029,15065
15029,15073
15029,15075
15029,15077
15031,15032
15031,15047
15031,15052
15031,15065
15031,15073
15031,15075
15031,15077
15032,15045
15032,15047
15032,15052
15032,15065
15032,15073
15032,15075
15032,15077
15032,15084
15045,15047
15045,15052
15045,15065
15045,15073
15045,15075
15045,15077
15045,15084
15045,15086
15045,21158
15047,15052
15047,15065
15047,15073
15047,15077
15047,15084
15047,15086
15047,15093
15052,15065
15052,15073
15052,15075
15052,15077
15052,15084
15052,15086
15052,15094
15052,20039
15052,23511
15065,15073
15065,15075
15065,15077
15065,15084
15065,15086
15065,15093
15065,15094
15065,16369
15073,15075
15073,15084
15073,15086
15073,15093
15073,15094
15075,15084
15075,15086
15075,15093
15075,15094
15075,15100
15077,15084
15077,15093
15077,15094
15077,15100
15077,15103
15077,17952
15084,15086
15084,15093
15084,15094
15084,15100
15084,15103
15084,15107
15084,15114
15084,22200
15086,15093
15086,15094
15086,15100
15086,15103
15086,15107
15086,15114
15086,25311
15086,15460
15086,17077
15093,15094
15093,15100
15093,15103
15093,15107
15093,15114
15093,15118
15094,15100
15094,15103
15094,15107
15094,15114
15094,15118
15094,15121
15100,15103
15100,15118
15100,15121
15100,15123
15100,15124
15100,15130
15103,15107
15103,15114
15103,15118
15103,15121
15103,15124
15103,15130
15103,15140
15107,15114
15107,15118
15107,15121
15107,15123
15107,15124
15107,15130
15107,15140
15114,15118
15114,15121
15114,15123
15114,15124
15114,15130
15114,15140
15114,15141
15114,15149
15118,15121
15118,15123
15118,15124
15118,15130
15118,15140
15118,15141
15118,15149
15118,15150
15121,15123
15121,15124
15121,15130
15121,15140
15121,15141
15121,15149
15121,15150
15121,15152
15121,15154
15121,25891
15123,15124
15123,15130
15123,15141
15123,15149
15123,15150
15123,15152
15123,15154
15123,15156
15123,17912
15123,17718
15123,21907
15124,15130
15124,15140
15124,15141
15124,15149
15124,15150
15124,15152
15124,15154
15124,15156
15124,15162
15130,15140
15130,15141
15130,15149
15130,15150
15130,15152
15130,15154
15130,15156
15130,15162
15130,15172
15130,25753
15130,21919
15140,15141
15140,15149
15140,15150
15140,15152
15140,15154
15140,15156
15140,15162
15140,15167
15140,15176
15141,15150
15141,15152
15141,15156
15141,15162
15141,15167
15141,15172
15141,15176
15141,15181
15141,18282
15141,16968
15149,15150
15149,15152
15149,15154
15149,15156
15149,15162
15149,15167
15149,15172
15149,15176
15149,15181
15150,15152
15150,15154
15150,15156
15150,15162
15150,15167
15150,15172
15150,15176
15150,15181
15150,15191
15150,23661
15152,15154
15152,15156
15152,15162
15152,15167
15152,15172
15152,15176
15152,15181
15152,15191
15152,15193
15152,23840
15154,15156
15154,15162
15154,15167
15154,15172
15154,15176
15154,15181
15154,15191
15154,15193
15156,15162
15156,15167
15156,15176
15156,15181
15156,15191
15156,15193
15156,19018
15156,26569
15162,15167
15162,15172
15162,15176
15162,15181
15162,15193
15162,15200
15162,17548
15162,25936
15162,26406
15167,15172
15167,15176
15167,15181
15167,15193
15167,15200
15172,15176
15172,15181
15172,15191
15172,15200
15172,15206
15172,24794
15176,15181
15176,15191
15176,15193
15176,15200
15176,15206
15176,15207
15176,18544
15181,15191
15181,15200
15181,15206
15181,15216
15181,21482
15191,15193
15191,15200
15191,15207
15191,15216
15191,15217
15193,15200
15193,15206
15193,15207
15193,15216
15193,15217
15193,15226
15193,25772
15200,15206
15200,15207
15200,15216
15200,15226
15200,15228
15200,15229
15200,15235
15206,15207
15206,15216
15206,15217
15206,15226
15206,15228
15206,15229
15206,15235
15206,15237
15207,15216
15207,15217
15207,15226
15207,15228
15207,15229
15207,15235
15207,15237
15216,15217
15216,15226
15216,15228
15216,15229
15216,15235
15216,15237
15216,15257
15216,17498
15216,21307
15216,22960
15217,15226
15217,15228
15217,15229
15217,15235
15217,15237
15217,15257
15226,15228
15226,15229
15226,15235
15226,15257
15226,15261
15226,15262
15228,15229
15228,15235
15228,15237
15228,15261
15228,15262
15228,15269
15229,15235
15229,15237
15229,15261
15229,15262
15229,15269
15229,15271
15229,21255
15229,18569
15235,15237
15235,15257
15235,15261
15235,15262
15235,15269
15235,15271
15237,15257
15237,15261
15237,15262
15237,15271
15257,15261
15257,15262
15257,15269
15257,15291
15261,15262
15261,15269
15261,15271
15261,15291
15261,15294
15261,15301
15261,20627
15261,16454
15262,15269
15262,15271
15262,15291
15262,15294
15262,15301
15262,15305
15269,15271
15269,15291
15269,15294
15269,15301
15269,15305
15269,15306
15271,15291
15271,15294
15271,15301
15271,15305
15271,15306
15271,15307
15271,20832
15291,15294
15291,15301
15291,15306
15291,15307
15291,15308
15291,15322
15291,15327
15291,15329
15291,21491
15294,15301
15294,15305
15294,15306
15294,15307
15294,15308
15294,15322
15294,15327
15294,15329
15294,26938
15301,15305
15301,15306
15301,15307
15301,15308
15301,15322
15301,15327
15301,15329
15301,15333
15305,15306
15305,15307
15305,15308
15305,15322
15305,15327
15305,15329
15305,15333
15305,15339
15306,15308
15306,15322
15306,15327
15306,15329
15306,15333
15306,15339
15307,15308
15307,15322
15307,15327
15307,15329
15307,15333
15307,15339
15307,15342
15307,19705
15307,22962
15308,15322
15308,15327
15308,15329
15308,15333
15308,15339
15308,15342
15308,15343
15322,15327
15322,15329
15322,15333
15322,15339
15322,15342
15322,15343
15322,15345
15327,15329
15327,15333
15327,15339
15327,15342
15327,15343
15327,15345
15327,15348
15329,15333
15329,15339
15329,15343
15329,15345
15329,15348
15329,15351
15333,15339
15333,15343
15333,15345
15333,15348
15333,15351
15333,15353
15333,15354
15333,17878
15339,15342
15339,15343
15339,15345
15339,15351
15339,15353
15339,15354
15339,16980
15342,15343
15342,15345
15342,15348
15342,15351
15342,15361
15342,15525
15342,24202
15342,20307
15343,15345
15343,15348
15343,15351
15343,15353
15343,15354
15343,15361
15345,15348
15345,15353
15345,15361
15345,15365
15345,15367
15348,15351
15348,15353
15348,15354
15348,15361
15348,15365
15348,15367
15348,15368
15348,15371
15351,15353
15351,15354
15351,15361
15351,15365
15351,15367
15351,15368
15351,15371
15351,15373
15353,15354
15353,15361
15353,15365
15353,15367
15353,15371
15353,15373
15353,15377
15354,15361
15354,15365
15354,15367
15354,15368
15354,15371
15354,15373
15354,15377
15354,15380
15354,18207
15361,15365
15361,15367
15361,15368
15361,15371
15361,15373
15361,15377
15361,15380
15361,15383
15361,15385
15365,15367
15365,15368
15365,15371
15365,15373
15365,15377
15365,15380
15365,15383
15365,15385
15365,15387
15365,15398
15367,15368
15367,15371
15367,15373
15367,15377
15367,15380
15367,15383
15367,15385
15367,15387
15367,15398
15367,15401
15368,15371
15368,15373
15368,15377
15368,15380
15368,15383
15368,15385
15368,15387
15368,15398
15368,15401
15368,15402
15371,15373
15371,15377
15371,15380
15371,15385
15371,15387
15371,15401
15371,15402
15371,27334
15373,15377
15373,15380
15373,15383
15373,15385
15373,15398
15373,15402
15373,15405
15373,16277
15377,15380
15377,15383
15377,15385
15377,15387
15377,15398
15377,15401
15377,15402
15377,15405
15377,15414
15380,15383
15380,15385
15380,15398
15380,15401
15380,15402
15380,15405
15380,15414
15380,15417
15380,23417
15383,15387
15383,15398
15383,15401
15383,15402
15383,15405
15383,15414
15383,15417
15383,16821
15385,15387
15385,15398
15385,15401
15385,15402
15385,15405
15385,15414
15385,15417
15385,15418
15387,15398
15387,15402
15387,15405
15387,15414
15387,15417
15387,15418
15387,15423
15387,24694
15387,18544
15398,15401
15398,15402
15398,15414
15398,15417
15398,15418
15398,15423
15398,15425
15401,15402
15401,15405
15401,15414
15401,15417
15401,15418
15401,15423
15401,15425
15401,15426
15402,15405
15402,15414
15402,15417
15402,15423
15402,15425
15402,15426
15402,15429
15402,21573
15402,27138
15405,15414
15405,15417
15405,15418
15405,15423
15405,15425
15405,15426
15405,15429
15405,15430
15405,15432
15405,18238
15414,15417
15414,15418
15414,15423
15414,15425
15414,15426
15414,15429
15414,15430
15414,15432
15414,24917
15417,15418
15417,15423
15417,15425
15417,15426
15417,15429
15417,15430
15417,15432
15417,15443
15417,15448
15418,15423
15418,15425
15418,15426
15418,15429
15418,15430
15418,15432
15418,15443
15418,15453
15423,15425
15423,15426
15423,15429
15423,15430
15423,15432
15423,15443
15423,15448
15423,15453
15423,15457
15423,21839
15425,15426
15425,15429
15425,15430
15425,15432
15425,15443
15425,15448
15425,15453
15425,15457
15425,15460
15426,15429
15426,15430
15426,15432
15426,15443
15426,15453
15426,15457
15426,15460
15426,15461
15426,17289
15429,15430
15429,15432
15429,15443
15429,15448
15429,15453
15429,15457
15429,15460
15429,15461
15429,15462
15429,23877
15430,15432
15430,15443
15430,15448
15430,15460
15430,15461
15430,15462
15430,15470
15432,15443
15432,15448
15432,15457
15432,15460
15432,15461
15432,15462
15432,15470
15432,15473
15443,15448
15443,15453
15443,15457
15443,15460
15443,15461
15443,15470
15443,15473
15443,15475
15443,27291
15443,24185
15448,15453
15448,15457
15448,15460
15448,15461
15448,15462
15448,15470
15448,15473
15448,15475
15448,15482
15453,15457
15453,15460
15453,15461
15453,15462
15453,15470
15453,15473
15453,15475
15453,15482
15453,15484
15453,15601
15457,15460
15457,15461
15457,15462
15457,15470
15457,15473
15457,15475
15457,15482
15457,15484
15460,15462
15460,15470
15460,15473
15460,15475
15460,15482
15460,15484
15460,17340
15461,15462
15461,15473
15461,15475
15461,15482
15461,15484
15461,15499
15461,17860
15462,15475
15462,15482
15462,15499
15470,15473
15470,15475
15470,15482
15470,15484
15470,15499
15470,22611
15473,15475
15473,15482
15473,15484
15473,15499
15473,15504
15473,17942
15475,15482
15475,15499
15475,15504
15475,15506
15475,25383
15482,15484
15482,15499
15482,15504
15482,15506
15482,15509
15482,17539
15484,15499
15484,15504
15484,15509
15484,15513
15484,21560
15499,15504
15499,15506
15499,15509
15499,15513
15499,15516
15499,15520
15499,15521
15504,15506
15504,15509
15504,15513
15504,15516
15504,15520
15504,15521
15504,15522
15504,15525
15504,15531
15504,17703
15506,15509
15506,15513
15506,15516
15506,15520
15506,15521
15506,15522
15506,15525
15506,15531
15509,15513
15509,15516
15509,15520
15509,15521
15509,15522
15509,15525
15509,15531
15509,15545
15513,15516
15513,15521
15513,15522
15513,15525
15513,15531
15513,15545
15513,15549
15513,22181
15516,15520
15516,15521
15516,15522
15516,15525
15516,15531
15516,15549
15516,15551
15516,19017
15516,19272
15520,15521
15520,15522
15520,15525
15520,15531
15520,15545
15520,15549
15520,15551
15520,15555
15520,16027
15521,15522
15521,15525
15521,15531
15521,15545
15521,15549
15521,15551
15521,15556
15522,15525
15522,15531
15522,15545
15522,15549
15522,15551
15522,15555
15522,15556
15522,15559
15522,16155
15525,15531
15525,15545
15525,15549
15525,15551
15525,15555
15525,15556
15525,15559
15525,15564
15525,20061
15531,15545
15531,15549
15531,15551
15531,15555
15531,15556
15531,15559
15531,15564
15531,15566
15545,15549
15545,15551
15545,15555
15545,15556
15545,15559
15545,15564
15545,15566
15545,15568
15545,15569
15545,15581
15549,15555
15549,15556
15549,15559
15549,15564
15549,15566
15549,15568
15549,15569
15549,15581
15549,15588
15549,18704
15551,15555
15551,15556
15551,15559
15551,15564
15551,15568
15551,15569
15551,15581
15551,15588
15551,19765
15555,15556
15555,15564
15555,15566
15555,15568
15555,15581
15555,15588
15555,15590
15555,24780
15556,15559
15556,15564
15556,15566
15556,15568
15556,15569
15556,15581
15556,15588
15556,15590
15556,15591
15559,15564
15559,15566
15559,15568
15559,15569
15559,15581
15559,15588
15559,15590
15559,15591
15559,15592
15559,21576
15564,15566
15564,15568
15564,15569
15564,15581
15564,15588
15564,15590
15564,15591
15564,15592
15564,15718
15566,15568
15566,15569
15566,15581
15566,15588
15566,15590
15566,15591
15566,15592
15566,15598
15568,15569
15568,15581
15568,15590
15568,15591
15568,15592
15568,15598
15568,15601
15568,15961
15569,15581
15569,15588
15569,15590
15569,15591
15569,15592
15569,15598
15569,15601
15581,15588
15581,15590
15581,15591
15581,15592
15581,15601
15581,15608
15581,23219
15588,15590
15588,15591
15588,15592
15588,15598
15588,15601
15588,15603
15588,15608
15590,15591
15590,15592
15590,15598
15590,15601
15590,15603
15590,15608
15590,15614
15590,15618
15590,27004
15591,15592
15591,15598
15591,15601
15591,15603
15591,15608
15591,15614
15591,15618
15591,23005
15592,15598
15592,15601
15592,15603
15592,15608
15592,15618
15592,15630
15598,15601
15598,15603
15598,15614
15598,15618
15598,15633
15598,15634
15598,17171
15601,15603
15601,15608
15601,15614
15601,15618
15601,15630
15601,15634
15601,15638
15603,15614
15603,15618
15603,15633
15603,15634
15603,15638
15603,27339
15603,16755
15603,17171
15608,15614
15608,15618
15608,15630
15608,15633
15608,15634
15608,15638
15608,15639
15608,15642
15614,15618
15614,15630
15614,15633
15614,15634
15614,15639
15614,15642
15614,15644
15614,15650
15614,20790
15618,15630
15618,15633
15618,15634
15618,15638
15618,15639
15618,15642
15618,15644
15618,15650
15618,15652
15630,15633
15630,15634
15630,15638
15630,15639
15630,15642
15630,15650
15630,15652
15630,15655
15630,17559
15633,15634
15633,15638
15633,15639
15633,15642
15633,15644
15633,15652
15633,15655
15633,15661
15634,15638
15634,15639
15634,15642
15634,15644
15634,15650
15634,15652
15634,15655
15634,15661
15634,20116
15638,15639
15638,15642
15638,15644
15638,15650
15638,15652
15638,15655
15638,15668
15639,15642
15639,15644
15639,15650
15639,15652
15639,15661
15639,15668
15639,15674
15642,15644
15642,15650
15642,15652
15642,15661
15642,15674
15642,15678
15642,23064
15644,15652
15644,15655
15644,15661
15644,15668
15644,15674
15644,15678
15644,15679
15644,25783
15650,15652
15650,15668
15650,15674
15650,15678
15650,15679
15650,15680
15650,24430
15650,27305
15650,19537
15652,15655
15652,15661
15652,15668
15652,15674
15652,15679
15652,15680
15652,15681
15655,15668
15655,15674
15655,15678
15655,15679
15655,15680
15655,15681
15655,15683
15661,15668
15661,15674
15661,15678
15661,15679
15661,15680
15661,15681
15661,15683
15661,15684
15661,15689
15668,15678
15668,15680
15668,15681
15668,15683
15668,15684
15668,15689
15668,15690
15668,15697
15674,15678
15674,15679
15674,15680
15674,15681
15674,15683
15674,15684
15674,15689
15674,15690
15674,15700
15678,15679
15678,15680
15678,15681
15678,15684
15678,15689
15678,15690
15678,15697
15679,15680
15679,15681
15679,15683
15679,15684
15679,15689
15679,15690
15679,15697
15679,15700
15679,15712
15680,15681
15680,15684
15680,15690
15680,15697
15680,15712
15680,15718
15680,16546
15680,22024
15681,15683
15681,15684
15681,15689
15681,15690
15681,15697
15681,15700
15681,15712
15681,15718
15681,15719
15683,15689
15683,15690
15683,15697
15683,15700
15683,15712
15683,15718
15683,15719
15683,20623
15684,15689
15684,15690
15684,15697
15684,15700
15684,15712
15684,15718
15684,15719
15684,15721
15689,15690
15689,15697
15689,15700
15689,15712
15689,15718
15689,15719
15689,15721
15690,15697
15690,15700
15690,15712
15690,15718
15690,15719
15690,15721
15697,15700
15697,15712
15697,15718
15697,15721
15697,15736
15700,15712
15700,15718
15700,15719
15700,15721
15700,15736
15700,18583
15712,15718
15712,15719
15712,15721
15712,15736
15718,15719
15718,15736
15718,15747
15718,19501
15719,15721
15719,15747
15719,15750
15719,17769
15721,15736
15721,15747
15721,15750
15721,15752
15721,15754
15721,22015
15736,15747
15736,15750
15736,15752
15736,15754
15736,15756
15736,15761
15747,15750
15747,15752
15747,15754
15747,15761
15747,15765
15747,15770
15747,15771
15747,15772
15747,16856
15750,15752
15750,15754
15750,15756
15750,15761
15750,15765
15750,15770
15750,15771
15750,15772
15750,15779
15752,15754
15752,15761
15752,15770
15752,15771
15752,15772
15752,15783
15752,17279
15752,20050
15754,15761
15754,15765
15754,15770
15754,15771
15754,15772
15754,15783
15754,26230
15754,26127
15756,15761
15756,15765
15756,15770
15756,15771
15756,15772
15756,15779
15756,15783
15756,20734
15756,23712
15761,15770
15761,15771
15761,15772
15761,15779
15761,15783
15761,15794
15761,15797
15761,20696
15765,15771
15765,15772
15765,15783
15765,15794
15765,15797
15765,15803
15770,15771
15770,15779
15770,15783
15770,15809
15770,19354
15771,15772
15771,15779
15771,15783
15771,15794
15771,15797
15771,15803
15771,15809
15771,15813
15772,15779
15772,15783
15772,15794
15772,15803
15772,15809
15772,15813
15772,15814
15772,20401
15772,23191
15779,15783
15779,15794
15779,15803
15779,15809
15779,15813
15779,15814
15779,15817
15783,15794
15783,15797
15783,15803
15783,15809
15783,15813
15783,15814
15783,15817
15783,15824
15794,15797
15794,15803
15794,15809
15794,15813
15794,15814
15794,15817
15794,15824
15794,15835
15794,25265
15797,15803
15797,15809
15797,15813
15797,15814
15797,15834
15797,15835
15797,15842
15797,19959
15803,15809
15803,15814
15803,15817
15803,15842
15809,15813
15809,15814
15809,15824
15809,15834
15809,15835
15809,15855
15809,17477
15813,15814
15813,15817
15813,15824
15813,15834
15813,15835
15813,15842
15813,15855
15813,15857
15814,15817
15814,15824
15814,15835
15814,15842
15814,15855
15814,15857
15814,15862
15817,15824
15817,15834
15817,15835
15817,15842
15817,15855
15817,15857
15817,15862
15817,15867
15817,21133
15824,15834
15824,15835
15824,15842
15824,15855
15824,15857
15824,15862
15824,15867
15824,15872
15834,15842
15834,15855
15834,15857
15834,15862
15834,15867
15834,15872
15834,15875
15834,23347
15834,24323
15835,15842
15835,15855
15835,15857
15835,15867
15835,15872
15835,15875
15835,15879
15835,27190
15842,15855
15842,15857
15842,15862
15842,15867
15842,15872
15842,15879
15842,15881
15855,15857
15855,15862
15855,15867
15855,15872
15855,15875
15855,15879
15855,15881
15855,15882
15855,24192
15857,15862
15857,15867
15857,15872
15857,15875
15857,15882
15857,15888
15862,15867
15862,15872
15862,15875
15862,15879
15862,15882
15862,15888
15862,15891
15862,25443
15867,15872
15867,15875
15867,15879
15867,15881
15867,15882
15867,15885
15867,15888
15867,15891
15867,15894
15867,18884
15872,15875
15872,15879
15872,15881
15872,15882
15872,15885
15872,15888
15872,15891
15872,15894
15872,15898
15875,15879
15875,15881
15875,15882
15875,15885
15875,15888
15875,15894
15875,21494
15879,15881
15879,15882
15879,15885
15879,15891
15879,15894
15879,15898
15879,23677
15881,15885
15881,15888
15881,15891
15881,15894
15881,15898
15881,15904
15881,15909
15881,22277
15881,16574
15882,15885
15882,15888
15882,15891
15882,15894
15882,15898
15882,15904
15882,15909
15882,27394
15885,15888
15885,15894
15885,15898
15885,15904
15885,15909
15885,15915
15888,15891
15888,15894
15888,15898
15888,15904
15888,15909
15888,15915
15888,15917
15891,15894
15891,15898
15891,15904
15891,15909
15891,15917
15891,15918
15891,23632
15894,15898
15894,15904
15894,15909
15894,15915
15894,15917
15894,15918
15894,15922
15898,15904
15898,15909
15898,15917
15898,15918
15898,15922
15898,15924
15904,15909
15904,15915
15904,15917
15904,15918
15904,15922
15904,15924
15904,15926
15904,15934
15904,15935
15909,15915
15909,15918
15909,15922
15909,15926
15909,15934
15909,15935
15909,15936
15909,20321
15915,15917
15915,15918
15915,15922
15915,15924
15915,15934
15915,15935
15915,15936
15915,15943
15915,24628
15917,15922
15917,15924
15917,15926
15917,15935
15917,15936
15917,15943
15917,26436
15917,19143
15918,15922
15918,15924
15918,15926
15918,15934
15918,15935
15918,15936
15918,15943
15922,15924
15922,15926
15922,15935
15922,15936
15922,15943
15922,15960
15922,25067
15924,15926
15924,15934
15924,15935
15924,15936
15924,15943
15924,15961
15924,19946
15926,15934
15926,15935
15926,15936
15926,15943
15926,15960
15926,15961
15926,15965
15934,15935
15934,15936
15934,15943
15934,15960
15934,15965
15934,15968
15935,15936
15935,15943
15935,15960
15935,15961
15935,15965
15935,15968
15936,15943
15936,15960
15936,15961
15936,15965
15936,15979
15943,15960
15943,15961
15943,15968
15943,15979
15960,15961
15960,15965
15960,15968
15960,15979
15960,15996
15960,15998
15960,16004
15960,23811
15961,15965
15961,15968
15961,15979
15961,15996
15961,15998
15961,16004
15961,23021
15965,15968
15965,15979
15965,15996
15965,15998
15965,16004
15968,15979
15968,15996
15968,15998
15968,16004
15968,16017
15979,15996
15979,15998
15979,16004
15979,16017
15996,15998
15996,16017
15996,16027
15996,16033
15996,16035
15998,16004
15998,16017
15998,16027
15998,16033
15998,16035
15998,19652
15998,25532
16004,16017
16004,16027
16004,16033
16004,16035
16017,16027
16017,16033
16017,16035
16017,16046
16017,16155
16027,16033
16027,16035
16027,16052
16027,22031
16027,26208
16033,16035
16033,16044
16033,16046
16033,16052
16033,16053
16033,16059
16033,24533
16033,19249
16035,16044
16035,16046
16035,16052
16035,16053
16035,16059
16035,16063
16044,16046
16044,16052
16044,16059
16044,16063
16044,16070
16044,16075
16044,16083
16046,16052
16046,16053
16046,16059
16046,16063
16046,16070
16046,16075
16046,16083
16046,16087
16046,23161
16052,16053
16052,16063
16052,16070
16052,16075
16052,16083
16052,16088
16052,16763
16052,19735
16053,16059
16053,16063
16053,16070
16053,16083
16053,16087
16053,16088
16053,16101
16059,16063
16059,16075
16059,16087
16059,16088
16059,16101
16059,16116
16059,16117
16063,16070
16063,16075
16063,16083
16063,16087
16063,16101
16063,16116
16063,16117
16063,16122
16063,25481
16070,16075
16070,16083
16070,16087
16070,16088
16070,16116
16070,16117
16070,16122
16070,16125
16070,16127
16075,16083
16075,16087
16075,16088
16075,16101
16075,16116
16075,16117
16075,16122
16075,16125
16075,16127
16075,16130
16083,16087
16083,16088
16083,16101
16083,16116
16083,16117
16083,16127
16083,16130
16083,16133
16083,17017
16087,16101
16087,16116
16087,16117
16087,16122
16087,16125
16087,16127
16087,16130
16087,16136
16087,21968
16088,16116
16088,16117
16088,16122
16088,16125
16088,16127
16088,16130
16088,16133
16088,16136
16088,16137
16088,16524
16101,16116
16101,16117
16101,16122
16101,16125
16101,16127
16101,16130
16101,16133
16101,16136
16101,16137
16101,16148
16116,16117
16116,16122
16116,16125
16116,16127
16116,16130
16116,16133
16116,16136
16116,16137
16116,16148
16116,16150
16117,16122
16117,16125
16117,16127
16117,16130
16117,16136
16117,16148
16117,16151
16122,16125
16122,16127
16122,16130
16122,16133
16122,16136
16122,16137
16122,16148
16122,16150
16122,16151
16122,16153
16125,16127
16125,16130
16125,16133
16125,16136
16125,16137
16125,16150
16125,16151
16125,16153
16125,16155
16127,16130
16127,16133
16127,16136
16127,16137
16127,16148
16127,16150
16127,16151
16127,16153
16127,16155
16127,16157
16127,16179
16130,16133
16130,16136
16130,16137
16130,16148
16130,16150
16130,16151
16130,16153
16130,16155
16130,16157
16130,16162
16133,16137
16133,16148
16133,16150
16133,16151
16133,16153
16133,16155
16133,16157
16133,16162
16133,16165
16133,23991
16133,16339
16133,17257
16136,16150
16136,16151
16136,16153
16136,16155
16136,16157
16136,16162
16136,16165
16136,17750
16136,26609
16137,16148
16137,16150
16137,16151
16137,16153
16137,16155
16137,16157
16137,16162
16137,16165
16148,16150
16148,16153
16148,16155
16148,16157
16148,16162
16148,16165
16148,16178
16148,16179
16150,16151
16150,16155
16150,16157
16150,16162
16150,16165
16150,16178
16150,16179
16151,16153
16151,16157
16151,16162
16151,16165
16151,16178
16153,16155
16153,16157
16153,16162
16153,16165
16153,16178
16153,16179
16153,16199
16153,21441
16155,16165
16155,16178
16155,16179
16155,16199
16155,19654
16157,16162
16157,16165
16157,16178
16157,16179
16157,16199
16157,16208
16157,17048
16162,16165
16162,16178
16162,16179
16162,16199
16162,16208
16165,16178
16165,16199
16165,16208
16165,16216
16178,16179
16178,16199
16178,16208
16178,16216
16178,16220
16178,16225
16178,21950
16178,22172
16179,16199
16179,16208
16179,16216
16179,16220
16179,16225
16199,16216
16199,16220
16199,16225
16199,16232
16199,16234
16199,16243
16199,16246
16208,16216
16208,16220
16208,16225
16208,16234
16208,16243
16208,16246
16208,16255
16216,16220
16216,16225
16216,16232
16216,16234
16216,16243
16216,16246
16216,16255
16216,16272
16216,26204
16220,16232
16220,16243
16220,16246
16220,16255
16220,16272
16220,16275
16220,21060
16220,23282
16225,16232
16225,16234
16225,16243
16225,16246
16225,16272
16225,16275
16225,16277
16225,20627
16232,16234
16232,16246
16232,16255
16232,16272
16232,16275
16232,16277
16232,16282
16232,16319
16234,16243
16234,16246
16234,16255
16234,16272
16234,16275
16234,16277
16234,16282
16234,16284
16243,16246
16243,16255
16243,16275
16243,16282
16243,16284
16243,22869
16243,25427
16246,16255
16246,16272
16246,16275
16246,16282
16246,16287
16246,16292
16246,26620
16255,16272
16255,16275
16255,16277
16255,16282
16255,16287
16255,16292
16255,16297
16272,16275
16272,16277
16272,16284
16272,16287
16272,16292
16272,16297
16272,20954
16275,16277
16275,16282
16275,16284
16275,16287
16275,16292
16275,16297
16277,16282
16277,16284
16277,16287
16277,16292
16277,16297
16277,16314
16277,20770
16282,16284
16282,16287
16282,16292
16282,16297
16282,16314
16282,16319
16282,16327
16284,16292
16284,16297
16284,16314
16284,16319
16284,16327
16284,16329
16284,18836
16284,20473
16284,19856
16287,16292
16287,16297
16287,16314
16287,16319
16287,16327
16287,16329
16287,16332
16292,16297
16292,16314
16292,16327
16292,16332
16292,16334
16292,24770
16292,19580
16297,16314
16297,16319
16297,16327
16297,16329
16297,16334
16297,16335
16314,16327
16314,16329
16314,16332
16314,16335
16314,16339
16314,16353
16314,22781
16319,16327
16319,16329
16319,16332
16319,16334
16319,16335
16319,16339
16319,16353
16319,16358
16319,24770
16327,16329
16327,16332
16327,16334
16327,16335
16327,16339
16327,16358
16327,16359
16329,16332
16329,16334
16329,16335
16329,16339
16329,16353
16329,16358
16329,16359
16329,16362
16329,23629
16332,16334
16332,16335
16332,16339
16332,16353
16332,16358
16332,16359
16332,16362
16332,25352
16334,16335
16334,16339
16334,16353
16334,16358
16334,16359
16334,16366
16334,22518
16334,23616
16335,16339
16335,16353
16335,16358
16335,16362
16335,16366
16335,16368
16339,16353
16339,16358
16339,16359
16339,16362
16339,16366
16339,16369
16339,16370
16353,16359
16353,16362
16353,16368
16353,16369
16353,16370
16353,16372
16358,16359
16358,16362
16358,16366
16358,16368
16358,16369
16358,16370
16358,23646
16358,20776
16359,16362
16359,16366
16359,16368
16359,16369
16359,16370
16359,16372
16359,16382
16359,24712
16362,16368
16362,16370
16362,16372
16362,16382
16362,16385
16366,16368
16366,16369
16366,16370
16366,16372
16366,16385
16366,24965
16368,16369
16368,16370
16368,16372
16368,16382
16368,16385
16368,16393
16368,16408
16369,16370
16369,16372
16369,16382
16369,16385
16369,16393
16370,16372
16370,16382
16370,16385
16370,16393
16370,16408
16370,25578
16372,16382
16372,16385
16372,16393
16372,16408
16372,16432
16382,16385
16382,16393
16382,16408
16382,16432
16382,16435
16382,16436
16385,16408
16385,16432
16385,16435
16385,16436
16385,16442
16385,16443
16385,24639
16385,20954
16393,16408
16393,16432
16393,16435
16393,16436
16393,16442
16393,16443
16408,16432
16408,16435
16408,16436
16408,16442
16408,16443
16408,16447
16408,16451
16432,16435
16432,16442
16432,16443
16432,16451
16432,16454
16432,16456
16432,19073
16432,18702
16435,16436
16435,16442
16435,16443
16435,16447
16435,16454
16435,16455
16435,16456
16436,16442
16436,16443
16436,16447
16436,16451
16436,16455
16436,16456
16436,16462
16436,16465
16442,16447
16442,16451
16442,16454
16442,16455
16442,16456
16442,16462
16442,16465
16442,16467
16442,25963
16443,16447
16443,16451
16443,16454
16443,16455
16443,16456
16443,16462
16443,16465
16443,16467
16447,16454
16447,16455
16447,16456
16447,16462
16447,16465
16447,16467
16447,16468
16451,16454
16451,16455
16451,16456
16451,16462
16451,16465
16451,16467
16451,16468
16454,16455
16454,16456
16454,16465
16454,16467
16454,16473
16454,16477
16455,16456
16455,16462
16455,16465
16455,16467
16455,16468
16455,16473
16455,16483
16456,16462
16456,16465
16456,16468
16456,16473
16456,16477
16456,16483
16462,16465
16462,16467
16462,16468
16462,16473
16462,16477
16462,16483
16465,16467
16465,16468
16465,16473
16465,16477
16465,16483
16465,16485
16465,16491
16465,23909
16467,16468
16467,16473
16467,16483
16467,16485
16467,16491
16467,16492
16468,16473
16468,16477
16468,16483
16468,16485
16468,16491
16468,16492
16468,16494
16473,16477
16473,16483
16473,16485
16473,16491
16473,16492
16473,16494
16473,16500
16473,16510
16477,16483
16477,16485
16477,16491
16477,16492
16477,16494
16477,16500
16477,16510
16483,16485
16483,16491
16483,16492
16483,16494
16483,16500
16483,16510
16483,22394
16483,26090
16483,23628
16485,16491
16485,16494
16485,16500
16485,16510
16485,16514
16485,16516
16485,16517
16485,19969
16485,20113
16491,16492
16491,16494
16491,16510
16491,16514
16491,16516
16491,16517
16491,16519
16492,16494
16492,16500
16492,16510
16492,16514
16492,16516
16492,16517
16492,16519
16492,16520
16494,16500
16494,16510
16494,16514
16494,16516
16494,16517
16494,16519
16494,16520
16494,16523
16500,16510
16500,16514
16500,16516
16500,16517
16500,16519
16500,16523
16500,16524
16500,16526
16500,17824
16510,16514
16510,16516
16510,16517
16510,16519
16510,16520
16510,16523
16510,16524
16510,16526
16514,16516
16514,16517
16514,16519
16514,16520
16514,16523
16514,16524
16514,16526
16514,16539
16514,16542
16516,16517
16516,16519
16516,16523
16516,16524
16516,16539
16516,16542
16516,16546
16517,16519
16517,16520
16517,16523
16517,16524
16517,16526
16517,16539
16517,16542
16517,16546
16517,16548
16517,27202
16519,16520
16519,16523
16519,16524
16519,16526
16519,16539
16519,16542
16519,16548
16519,16551
16519,25467
16520,16523
16520,16524
16520,16526
16520,16539
16520,16542
16520,16546
16520,16548
16520,16551
16523,16524
16523,16526
16523,16539
16523,16542
16523,16546
16523,16548
16523,16551
16523,16565
16524,16526
16524,16539
16524,16542
16524,16546
16524,16548
16524,16551
16524,16565
16524,16566
16524,25318
16526,16539
16526,16542
16526,16546
16526,16548
16526,16551
16526,16565
16526,16566
16539,16542
16539,16546
16539,16548
16539,16551
16539,16565
16539,16566
16539,16572
16539,16574
16542,16548
16542,16551
16542,16565
16542,16566
16542,16572
16542,26302
16546,16548
16546,16551
16546,16565
16546,16566
16546,16572
16546,16574
16546,16584
16548,16565
16548,16566
16548,16572
16548,16574
16548,16584
16551,16565
16551,16566
16551,16572
16551,16584
16551,16596
16551,22569
16565,16572
16565,16574
16565,16584
16565,16596
16565,16597
16565,16598
16565,20945
16565,19995
16565,18707
16566,16572
16566,16574
16566,16584
16566,16596
16566,16597
16566,16598
16566,16599
16572,16574
16572,16584
16572,16596
16572,16597
16572,16598
16572,16599
16572,16615
16574,16584
16574,16596
16574,16597
16574,16598
16574,16613
16574,16615
16574,16620
16584,16596
16584,16597
16584,16598
16584,16599
16584,16615
16584,16628
16584,25136
16596,16597
16596,16598
16596,16599
16596,16613
16596,16615
16596,16620
16596,16628
16596,16638
16596,16646
16597,16598
16597,16599
16597,16613
16597,16615
16597,16620
16597,16628
16597,16635
16597,16638
16597,16646
16597,26776
16598,16599
16598,16613
16598,16615
16598,16628
16598,16635
16598,16638
16598,16646
16598,16655
16598,27138
16599,16613
16599,16615
16599,16620
16599,16628
16599,16635
16599,16638
16599,16646
16599,16655
16599,25651
16613,16615
16613,16628
16613,16635
16613,16638
16613,16646
16613,16655
16613,16659
16613,18327
16615,16620
16615,16628
16615,16635
16615,16638
16615,16646
16615,16655
16615,16659
16615,16663
16615,21074
16620,16628
16620,16635
16620,16638
16620,16646
16620,16655
16620,16659
16620,16663
16620,16666
16620,18375
16628,16635
16628,16638
16628,16646
16628,16655
16628,16659
16628,16663
16628,16669
16635,16638
16635,16646
16635,16655
16635,16659
16635,16663
16635,16666
16635,16669
16635,16670
16638,16646
16638,16655
16638,16659
16638,16663
16638,16666
16638,16670
16638,16674
16646,16655
16646,16659
16646,16663
16646,16669
16646,16670
16646,16674
16646,16675
16646,20350
16646,17195
16655,16659
16655,16663
16655,16666
16655,16669
16655,16670
16655,16674
16655,16675
16655,16676
16655,16683
16655,21144
16659,16663
16659,16666
16659,16669
16659,16670
16659,16674
16659,16675
16659,16676
16659,16683
16659,16688
16659,16701
16659,17769
16663,16666
16663,16669
16663,16670
16663,16674
16663,16675
16663,16676
16663,16683
16663,16688
16663,16701
16663,16702
16666,16669
16666,16674
16666,16675
16666,16676
16666,16683
16666,16688
16666,16701
16666,16702
16666,16704
16666,26612
16669,16670
16669,16674
16669,16675
16669,16676
16669,16683
16669,16688
16669,16701
16669,16702
16669,16704
16669,16706
16670,16674
16670,16675
16670,16676
16670,16683
16670,16688
16670,16701
16670,16702
16670,16704
16670,16706
16674,16675
16674,16688
16674,16701
16674,16702
16674,16704
16674,16706
16675,16676
16675,16683
16675,16688
16675,16702
16675,16704
16675,16706
16675,16712
16676,16683
16676,16688
16676,16701
16676,16702
16676,16704
16676,16706
16676,16712
16676,18746
16676,22839
16683,16688
16683,16701
16683,16702
16683,16706
16683,16712
16688,16701
16688,16702
16688,16704
16688,16706
16688,16712
16701,16702
16701,16704
16701,16706
16701,16712
16701,16731
16702,16704
16702,16706
16702,16712
16702,22832
16702,26472
16704,16706
16704,16712
16704,16731
16706,16712
16706,16731
16706,16734
16712,16731
16712,16734
16712,16737
16712,16741
16712,16743
16731,16734
16731,16741
16731,16743
16731,16749
16731,16751
16731,16755
16731,26791
16731,25700
16734,16737
16734,16741
16734,16743
16734,16749
16734,16751
16734,16755
16734,16763
16734,19624
16737,16741
16737,16743
16737,16751
16737,16755
16737,16763
16737,16769
16737,16772
16737,20915
16741,16743
16741,16749
16741,16751
16741,16755
16741,16763
16741,16769
16741,16772
16741,23916
16743,16749
16743,16751
16743,16755
16743,16763
16743,16769
16743,16779
16743,16780
16743,26223
16743,18908
16749,16751
16749,16755
16749,16763
16749,16772
16749,16779
16749,16780
16749,20603
16749,18407
16751,16755
16751,16763
16751,16769
16751,16772
16751,16779
16751,16780
16751,16789
16755,16763
16755,16779
16755,16780
16755,16789
16755,16800
16755,21965
16763,16769
16763,16772
16763,16779
16763,16780
16763,16800
16769,16772
16769,16779
16769,16780
16769,16789
16769,16800
16772,16779
16772,16789
16772,16800
16772,16809
16772,24993
16779,16780
16779,16789
16779,16800
16779,16809
16779,16814
16779,25302
16780,16789
16780,16800
16780,16814
16780,16817
16789,16800
16789,16809
16789,16814
16789,16817
16789,16821
16789,16823
16789,26986
16789,25456
16800,16814
16800,16817
16800,16821
16800,16823
16800,16831
16800,17922
16800,18902
16809,16814
16809,16817
16809,16821
16809,16823
16809,16830
16809,16831
16809,16832
16809,16833
16809,16837
16809,16840
16809,17196
16814,16817
16814,16821
16814,16823
16814,16830
16814,16831
16814,16832
16814,16833
16814,16837
16814,16840
16817,16821
16817,16823
16817,16830
16817,16833
16817,16840
16821,16823
16821,16830
16821,16831
16821,16832
16821,16837
16821,16840
16821,16849
16823,16830
16823,16831
16823,16832
16823,16833
16823,16837
16823,16840
16823,16849
16823,16852
16830,16831
16830,16832
16830,16833
16830,16837
16830,16840
16830,16849
16830,16854
16830,19153
16831,16832
16831,16833
16831,16837
16831,16840
16831,16849
16831,16852
16831,16854
16831,16855
16832,16833
16832,16837
16832,16840
16832,16849
16832,16854
16832,16855
16832,16856
16832,17019
16833,16837
16833,16840
16833,16854
16833,16855
16833,16856
16833,16859
16837,16840
16837,16849
16837,16852
16837,16854
16837,16855
16837,16856
16837,16859
16837,16862
16837,22774
16840,16849
16840,16852
16840,16855
16840,16856
16840,16859
16840,16862
16840,16869
16849,16852
16849,16854
16849,16855
16849,16856
16849,16862
16849,16869
16849,21596
16852,16854
16852,16855
16852,16856
16852,16859
16852,16862
16852,16869
16852,16882
16852,16898
16852,24306
16854,16855
16854,16856
16854,16859
16854,16869
16854,16882
16854,16898
16854,19401
16855,16856
16855,16859
16855,16862
16855,16869
16855,16882
16855,16898
16855,16906
16856,16859
16856,16862
16856,16869
16856,16882
16856,16898
16856,16906
16859,16862
16859,16869
16859,16882
16859,16898
16859,16906
16859,16914
16859,26204
16862,16869
16862,16898
16862,16914
16862,16916
16862,22807
16862,22347
16869,16898
16869,16906
16869,16916
16869,19842
16869,23098
16869,22758
16882,16898
16882,16906
16882,16914
16882,16916
16882,16926
16882,22478
16882,26626
16898,16906
16898,16914
16898,16916
16898,16922
16898,16926
16898,16932
16906,16914
16906,16916
16906,16922
16906,16926
16906,16932
16906,16938
16906,16944
16914,16922
16914,16926
16914,16932
16914,16944
16914,16951
16914,21934
16914,27144
16916,16922
16916,16926
16916,16932
16916,16938
16916,16944
16916,16951
16916,16952
16916,27438
16922,16926
16922,16932
16922,16938
16922,16951
16922,16952
16922,16956
16922,23358
16926,16932
16926,16938
16926,16944
16926,16951
16926,16955
16926,16956
16926,16965
16932,16938
16932,16944
16932,16951
16932,16952
16932,16955
16932,16956
16932,16965
16932,16968
16932,26596
16938,16944
16938,16951
16938,16952
16938,16955
16938,16956
16938,16965
16938,16968
16938,16971
16938,19437
16944,16951
16944,16952
16944,16955
16944,16956
16944,16965
16944,16968
16944,16971
16944,16972
16951,16952
16951,16955
16951,16956
16951,16965
16951,16968
16951,16971
16951,16972
16951,16976
16952,16955
16952,16956
16952,16965
16952,16968
16952,16971
16952,16972
16952,16976
16952,16980
16952,16981
16955,16965
16955,16968
16955,16971
16955,16972
16955,16980
16955,16981
16955,16986
16956,16965
16956,16968
16956,16971
16956,16972
16956,16976
16956,16980
16956,16981
16956,16986
16956,16987
16965,16968
16965,16971
16965,16972
16965,16976
16965,16980
16965,16981
16965,16986
16965,16987
16965,16990
16968,16971
16968,16972
16968,16976
16968,16980
16968,16981
16968,16986
16968,16987
16968,16996
16971,16972
16971,16976
16971,16980
16971,16981
16971,16987
16971,16990
16971,16996
16971,16999
16972,16976
16972,16980
16972,16981
16972,16986
16972,16987
16972,16990
16972,16996
16972,16999
16972,17011
16972,25195
16976,16980
16976,16981
16976,16986
16976,16987
16976,16990
16976,16996
16976,17011
16976,22774
16980,16981
16980,16986
16980,16987
16980,16990
16980,16996
16980,16999
16980,17011
16980,17017
16981,16986
16981,16987
16981,16990
16981,16996
16981,16999
16981,17011
16981,17017
16981,17019
16986,16987
16986,16990
16986,16996
16986,16999
16986,17011
16986,17017
16986,17019
16986,17020
16986,19995
16987,16990
16987,16996
16987,16999
16987,17011
16987,17017
16987,17019
16987,17020
16987,17021
16990,16996
16990,16999
16990,17011
16990,17017
16990,17019
16990,17020
16990,17021
16990,17022
16996,16999
16996,17011
16996,17017
16996,17020
16996,17021
16996,17026
16999,17011
16999,17019
16999,17020
16999,17021
16999,17022
16999,17048
16999,20205
17011,17017
17011,17019
17011,17020
17011,17022
17011,17026
17011,17048
17017,17019
17017,17020
17017,17021
17017,17022
17017,17026
17017,17048
17017,17053
17017,17058
17017,27290
17019,17020
17019,17021
17019,17022
17019,17026
17019,17048
17019,17053
17019,17058
17019,17059
17020,17021
17020,17022
17020,17026
17020,17048
17020,17053
17020,17058
17020,17059
17020,22816
17021,17022
17021,17026
17021,17048
17021,17053
17021,17058
17021,17059
17021,27079
17022,17026
17022,17048
17022,17053
17022,17058
17022,17059
17026,17048
17026,17053
17026,17058
17026,17059
17026,17077
17026,24091
17048,17053
17048,17059
17048,17077
17048,17079
17048,17083
17048,21941
17053,17058
17053,17059
17053,17077
17053,17079
17053,17083
17053,17087
17053,17089
17058,17059
17058,17077
17058,17079
17058,17083
17058,17087
17058,17090
17059,17077
17059,17079
17059,17083
17059,17087
17059,17089
17059,17090
17059,17092
17059,24556
17059,23696
17077,17079
17077,17083
17077,17087
17077,17089
17077,17090
17077,17092
17077,17094
17077,17100
17079,17083
17079,17089
17079,17090
17079,17092
17079,17094
17079,17100
17079,17107
17079,17121
17079,24945
17083,17087
17083,17089
17083,17090
17083,17092
17083,17094
17083,17100
17083,17107
17083,17121
17083,17131
17087,17089
17087,17090
17087,17092
17087,17094
17087,17100
17087,17107
17087,17121
17087,17131
17087,17132
17087,20844
17089,17090
17089,17092
17089,17094
17089,17100
17089,17107
17089,17121
17089,17131
17089,17132
17089,17137
17090,17092
17090,17094
17090,17100
17090,17107
17090,17131
17090,17132
17090,17137
17092,17094
17092,17100
17092,17121
17092,17132
17092,17143
17092,19869
17092,25422
17094,17100
17094,17107
17094,17121
17094,17131
17094,17137
17094,17143
17094,17144
17094,23419
17100,17107
17100,17121
17100,17131
17100,17132
17100,17137
17100,17143
17100,17144
17100,17145
17107,17121
17107,17131
17107,17132
17107,17137
17107,17143
17107,17144
17107,17145
17107,17146
17121,17131
17121,17132
17121,17137
17121,17143
17121,17144
17121,17145
17121,17146
17121,17148
17131,17132
17131,17137
17131,17143
17131,17144
17131,17145
17131,17148
17131,17149
17132,17137
17132,17143
17132,17145
17132,17148
17132,17149
17132,17153
17137,17143
17137,17144
17137,17145
17137,17146
17137,17148
17137,17149
17137,17155
17143,17144
17143,17145
17143,17146
17143,17148
17143,17149
17143,17153
17143,17157
17143,17162
17143,19856
17143,23718
17144,17145
17144,17146
17144,17148
17144,17149
17144,17153
17144,17157
17144,17162
17145,17146
17145,17148
17145,17153
17145,17155
17145,17157
17145,17162
17145,17171
17145,17900
17146,17149
17146,17153
17146,17155
17146,17162
17146,17171
17146,17179
17148,17149
17148,17153
17148,17155
17148,17157
17148,17162
17148,17171
17148,17179
17148,17183
17148,17356
17149,17153
17149,17157
17149,17162
17149,17171
17149,17179
17149,17183
17149,17190
17149,24825
17153,17157
17153,17162
17153,17171
17153,17179
17153,17183
17153,17190
17153,17194
17155,17157
17155,17162
17155,17171
17155,17183
17155,17190
17155,17194
17155,17195
17157,17162
17157,17171
17157,17183
17157,17190
17157,17195
17157,17196
17157,19890
17162,17190
17162,17194
17162,17195
17162,17196
17162,19920
17162,21854
17171,17179
17171,17183
17171,17194
17171,17195
17171,17196
17171,17205
17179,17183
17179,17190
17179,17194
17179,17195
17179,17196
17179,17205
17179,17210
17179,22569
17183,17190
17183,17194
17183,17195
17183,17196
17183,17205
17183,17210
17183,17215
17190,17194
17190,17195
17190,17196
17190,17205
17190,17210
17190,17215
17190,17218
17190,17219
17194,17195
17194,17196
17194,17205
17194,17210
17194,17215
17194,17218
17194,17219
17195,17205
17195,17210
17195,17215
17195,17218
17195,17219
17196,17205
17196,17210
17196,17215
17196,17218
17196,17219
17205,17210
17205,17215
17205,17218
17205,17219
17205,17231
17210,17215
17210,17218
17210,17219
17210,17231
17210,17242
17210,17250
17210,24727
17215,17218
17215,17219
17215,17231
17215,17242
17215,17250
17215,17251
17215,19827
17215,17375
17218,17219
17218,17231
17218,17242
17218,17250
17218,17251
17218,17257
17219,17231
17219,17250
17219,17251
17219,17257
17219,17258
17219,17455
17231,17242
17231,17250
17231,17251
17231,17257
17231,17258
17231,17260
17231,17270
17231,21810
17242,17250
17242,17257
17242,17258
17242,17260
17242,17270
17242,17271
17250,17251
17250,17257
17250,17258
17250,17260
17250,17270
17250,17271
17250,17274
17251,17257
17251,17258
17251,17260
17251,17270
17251,17271
17251,17274
17251,17279
17257,17258
17257,17260
17257,17270
17257,17271
17257,17274
17257,17280
17257,19220
17258,17260
17258,17274
17258,17279
17258,17280
17258,17287
17260,17270
17260,17271
17260,17274
17260,17279
17260,17280
17260,17287
17260,17289
17260,17291
17260,23357
17260,19437
17260,25599
17270,17271
17270,17274
17270,17279
17270,17280
17270,17287
17270,17289
17270,17291
17271,17274
17271,17279
17271,17287
17271,17289
17271,17291
17274,17279
17274,17280
17274,17287
17274,17289
17274,17291
17274,17309
17279,17280
17279,17287
17279,17289
17279,17291
17279,17315
17280,17287
17280,17289
17280,17291
17280,17315
17280,17321
17287,17289
17287,17291
17287,17309
17287,17315
17287,17321
17289,17291
17289,17309
17289,17315
17289,17321
17289,17331
17289,20715
17291,17309
17291,17315
17291,17321
17291,17331
17291,17334
17291,22299
17309,17321
17309,17331
17309,17334
17309,17335
17309,17337
17309,17340
17309,17343
17309,20175
17315,17321
17315,17331
17315,17334
17315,17335
17315,17337
17315,17338
17315,17340
17315,17343
17315,17344
17315,26225
17321,17331
17321,17334
17321,17337
17321,17338
17321,17340
17321,17343
17321,17344
17331,17334
17331,17335
17331,17337
17331,17338
17331,17340
17331,17343
17331,17351
17331,26157
17331,17548
17331,24376
17334,17335
17334,17337
17334,17338
17334,17340
17334,17343
17334,17344
17334,17351
17334,17355
17334,17356
17334,20039
17335,17337
17335,17338
17335,17340
17335,17344
17335,17351
17335,17355
17335,20947
17337,17338
17337,17340
17337,17343
17337,17344
17337,17351
17337,17355
17337,17356
17337,21526
17338,17340
17338,17343
17338,17344
17338,17351
17338,17355
17338,17356
17338,17360
17338,19409
17340,17343
17340,17344
17340,17351
17340,17355
17340,17356
17340,17360
17340,17363
17343,17344
17343,17351
17343,17355
17343,17356
17343,17360
17343,17363
17343,23789
17344,17351
17344,17355
17344,17356
17344,17360
17344,17363
17344,17366
17351,17355
17351,17356
17351,17360
17351,17363
17351,17366
17351,17368
17351,17375
17355,17356
17355,17360
17355,17363
17355,17366
17355,17368
17355,17375
17355,17395
17355,23637
17356,17363
17356,17366
17356,17375
17356,17395
17356,17404
17360,17363
17360,17366
17360,17368
17360,17375
17360,17395
17360,17404
17360,17421
17360,19807
17360,25982
17360,21858
17363,17366
17363,17368
17363,17375
17363,17395
17363,17404
17363,17415
17363,17421
17363,17422
17366,17368
17366,17375
17366,17395
17366,17404
17366,17415
17366,17421
17366,17422
17366,17426
17368,17375
17368,17395
17368,17404
17368,17421
17368,17422
17368,17426
17368,17436
17375,17395
17375,17415
17375,17421
17375,17426
17375,17436
17375,26162
17395,17404
17395,17415
17395,17422
17395,17426
17395,17436
17395,17439
17395,17443
17404,17415
17404,17421
17404,17422
17404,17426
17404,17436
17404,17439
17404,17443
17404,17450
17404,24780
17404,17863
17415,17421
17415,17422
17415,17426
17415,17436
17415,17439
17415,17443
17415,17450
17415,17455
17415,17457
17415,25711
17421,17422
17421,17426
17421,17436
17421,17439
17421,17450
17421,17455
17421,17457
17421,17462
17421,20968
17421,24673
17422,17426
17422,17436
17422,17439
17422,17443
17422,17455
17422,17457
17422,17462
17422,17463
17426,17436
17426,17439
17426,17443
17426,17450
17426,17455
17426,17457
17426,17463
17426,17466
17436,17439
17436,17443
17436,17450
17436,17455
17436,17457
17436,17462
17436,17463
17436,17466
17436,24818
17436,21979
17439,17450
17439,17455
17439,17457
17439,17462
17439,17463
17439,17466
17439,17477
17443,17450
17443,17457
17443,17462
17443,17463
17443,17466
17443,17477
17443,19540
17450,17455
17450,17457
17450,17462
17450,17463
17450,17466
17450,17477
17455,17457
17455,17462
17455,17463
17455,17466
17455,17477
17455,17483
17457,17462
17457,17463
17457,17466
17457,17477
17457,17483
17457,25861
17462,17466
17462,17477
17462,17483
17462,17494
17462,22922
17463,17466
17463,17477
17463,17483
17463,17494
17463,17498
17466,17477
17466,17483
17466,17494
17466,17498
17477,17483
17477,17494
17477,17498
17477,17506
17477,17515
17477,18919
17483,17494
17483,17498
17483,17506
17483,17515
17494,17498
17494,17506
17494,17515
17494,17529
17494,26302
17498,17506
17498,17515
17498,17528
17498,17529
17506,17515
17506,17528
17506,17529
17506,17535
17506,17536
17506,22478
17515,17528
17515,17529
17515,17535
17515,17536
17515,21650
17515,23322
17528,17529
17528,17535
17528,17536
17528,17548
17528,17552
17528,21505
17529,17535
17529,17536
17529,17539
17529,17549
17529,17552
17529,17554
17535,17536
17535,17539
17535,17549
17535,17552
17535,17554
17535,17555
17536,17539
17536,17548
17536,17549
17536,17552
17536,17554
17536,17555
17536,17557
17536,17559
17536,17667
17539,17549
17539,17552
17539,17554
17539,17555
17539,17557
17539,17559
17539,17568
17548,17549
17548,17552
17548,17554
17548,17555
17548,17557
17548,17559
17548,17568
17549,17552
17549,17554
17549,17555
17549,17557
17549,17559
17549,17568
17549,17581
17552,17554
17552,17555
17552,17557
17552,17559
17552,17581
17552,17587
17552,25088
17552,18378
17554,17555
17554,17557
17554,17559
17554,17568
17554,17581
17554,17587
17554,17588
17555,17557
17555,17559
17555,17568
17555,17581
17555,17587
17555,17588
17557,17568
17557,17581
17557,17587
17557,17588
17557,17594
17559,17568
17559,17581
17559,17587
17559,17588
17559,17594
17559,17597
17559,18841
17568,17581
17568,17587
17568,17588
17568,17597
17568,17600
17568,17603
17581,17587
17581,17588
17581,17594
17581,17597
17581,17600
17581,17603
17581,17618
17581,25009
17587,17588
17587,17594
17587,17597
17587,17600
17587,17603
17587,17618
17587,17622
17587,20694
17588,17594
17588,17597
17588,17600
17588,17603
17588,17618
17588,17622
17588,17625
17594,17597
17594,17600
17594,17603
17594,17622
17594,17630
17594,20237
17597,17600
17597,17603
17597,17618
17597,17622
17597,17625
17597,17635
17597,22962
17600,17603
17600,17618
17600,17625
17600,17630
17600,17635
17600,17647
17600,18981
17603,17618
17603,17622
17603,17625
17603,17630
17603,17647
17603,17650
17618,17622
17618,17625
17618,17630
17618,17647
17618,17650
17618,17656
17618,22515
17622,17625
17622,17630
17622,17635
17622,17650
17622,17654
17622,17656
17622,17657
17622,17660
17622,20139
17625,17630
17625,17635
17625,17647
17625,17650
17625,17654
17625,17657
17625,17660
17625,25298
17630,17635
17630,17647
17630,17650
17630,17654
17630,17656
17630,17657
17630,17660
17630,17665
17635,17647
17635,17650
17635,17654
17635,17656
17635,17657
17635,17660
17635,17665
17635,17666
17635,17667
17647,17650
17647,17654
17647,17656
17647,17657
17647,17665
17647,17666
17647,17668
17650,17654
17650,17656
17650,17657
17650,17665
17650,17667
17650,17673
17654,17656
17654,17657
17654,17660
17654,17665
17654,17666
17654,17667
17654,17668
17654,17673
17654,22100
17656,17657
17656,17660
17656,17665
17656,17666
17656,17667
17656,17668
17656,17673
17657,17660
17657,17665
17657,17666
17657,17667
17657,17668
17657,17673
17660,17666
17660,17673
17660,17676
17660,17677
17660,17689
17660,24723
17660,26857
17665,17666
17665,17667
17665,17673
17665,17676
17665,17677
17665,17689
17665,17702
17666,17667
17666,17668
17666,17673
17666,17676
17666,17677
17666,17689
17666,17695
17666,17702
17666,17703
17666,26150
17667,17668
17667,17673
17667,17676
17667,17677
17667,17689
17667,17702
17667,17703
17667,25481
17668,17673
17668,17676
17668,17677
17668,17689
17668,17695
17668,17702
17668,17703
17668,17705
17673,17676
17673,17677
17673,17689
17673,17695
17673,17702
17673,17703
17673,17705
17673,17712
17676,17677
17676,17689
17676,17695
17676,17702
17676,17703
17676,17705
17676,17712
17676,17715
17676,17717
17677,17689
17677,17695
17677,17702
17677,17703
17677,17712
17677,17715
17677,17717
17677,17718
17677,21912
17677,19517
17689,17695
17689,17702
17689,17703
17689,17705
17689,17712
17689,17715
17689,17717
17689,17718
17689,17725
17695,17702
17695,17703
17695,17705
17695,17712
17695,17715
17695,17717
17695,17718
17695,17725
17695,17728
17702,17703
17702,17705
17702,17712
17702,17715
17702,17717
17702,17718
17702,17725
17702,17728
17702,17732
17702,22558
17703,17705
17703,17712
17703,17715
17703,17717
17703,17725
17703,17728
17703,17732
17703,17735
17705,17715
17705,17717
17705,17718
17705,17725
17705,17728
17705,17732
17705,17735
17705,17740
17712,17715
17712,17717
17712,17718
17712,17725
17712,17728
17712,17732
17712,17735
17712,17740
17712,17749
17712,19509
17715,17717
17715,17718
17715,17725
17715,17728
17715,17732
17715,17735
17715,17740
17715,17750
17715,18790
17717,17718
17717,17725
17717,17728
17717,17732
17717,17735
17717,17740
17717,17749
17717,17750
17717,17752
17718,17725
17718,17728
17718,17732
17718,17735
17718,17740
17718,17749
17718,17750
17718,17752
17725,17728
17725,17732
17725,17735
17725,17740
17725,17749
17725,17750
17725,17752
17725,17767
17728,17732
17728,17735
17728,17740
17728,17749
17728,17750
17728,17752
17728,17767
17728,17768
17728,27051
17732,17735
17732,17749
17732,17750
17732,17752
17732,17767
17732,17768
17732,17769
17732,20737
17732,24577
17735,17740
17735,17749
17735,17750
17735,17752
17735,17767
17735,17769
17740,17749
17740,17750
17740,17752
17740,17767
17740,17768
17740,17769
17740,17774
17740,17776
17749,17750
17749,17752
17749,17767
17749,17769
17749,17774
17749,17776
17749,17781
17749,19885
17750,17752
17750,17767
17750,17768
17750,17769
17750,17774
17750,17776
17750,17781
17750,17785
17752,17767
17752,17768
17752,17774
17752,17776
17752,17781
17752,17785
17752,17787
17767,17768
17767,17769
17767,17774
17767,17776
17767,17781
17767,17785
17767,17787
17767,17788
17767,17792
17768,17769
17768,17774
17768,17776
17768,17781
17768,17785
17768,17787
17768,17788
17769,17776
17769,17781
17769,17785
17769,17787
17769,17788
17769,17792
17769,17817
17769,20799
17774,17776
17774,17781
17774,17785
17774,17787
17774,17788
17774,17792
17774,17798
17776,17781
17776,17785
17776,17787
17776,17788
17776,17792
17776,17798
17776,17802
17781,17785
17781,17787
17781,17788
17781,17792
17781,17798
17781,17802
17781,17806
17781,19865
17785,17787
17785,17788
17785,17792
17785,17798
17785,17806
17785,17817
17785,21803
17787,17788
17787,17798
17787,17806
17787,17817
17788,17792
17788,17798
17788,17802
17788,17806
17788,17817
17788,17821
17792,17798
17792,17802
17792,17806
17792,17817
17792,17821
17792,17822
17798,17802
17798,17806
17798,17817
17798,17821
17798,17822
17798,17824
17798,17828
17802,17817
17802,17821
17802,17822
17802,17824
17802,17828
17802,17834
17802,19954
17806,17817
17806,17822
17806,17824
17806,17828
17806,17834
17806,17840
17817,17822
17817,17824
17817,17828
17817,17834
17817,17853
17821,17822
17821,17828
17821,17834
17821,17840
17821,17853
17821,17861
17821,19153
17822,17824
17822,17828
17822,17840
17822,17853
17822,17860
17822,17861
17822,17863
17824,17834
17824,17840
17824,17853
17824,17860
17824,17861
17824,17863
17824,17864
17824,17868
17828,17834
17828,17840
17828,17853
17828,17860
17828,17861
17828,17863
17828,17864
17828,17868
17828,17873
17834,17840
17834,17860
17834,17863
17834,17864
17834,17868
17834,17873
17834,17876
17834,21673
17840,17853
17840,17860
17840,17861
17840,17863
17840,17864
17840,17868
17840,17873
17840,17876
17840,17878
17853,17861
17853,17863
17853,17864
17853,17868
17853,17873
17853,17876
17853,17878
17853,17883
17860,17863
17860,17864
17860,17868
17860,17873
17860,17876
17860,17878
17860,17883
17860,17886
17861,17863
17861,17864
17861,17868
17861,17873
17861,17876
17861,17878
17861,17883
17861,17886
17863,17864
17863,17868
17863,17873
17863,17878
17863,17883
17863,17886
17864,17868
17864,17876
17864,17878
17864,17883
17864,17886
17868,17873
17868,17876
17868,17878
17868,17886
17868,26610
17873,17876
17873,17878
17873,17883
17873,17886
17873,17893
17873,17900
17876,17878
17876,17883
17876,17886
17876,17893
17876,17900
17876,17908
17878,17883
17878,17886
17878,17893
17878,17908
17878,23460
17883,17886
17883,17893
17883,17900
17883,17908
17883,17909
17886,17893
17886,17900
17886,17908
17886,17909
17886,17912
17886,17918
17886,27275
17893,17900
17893,17908
17893,17909
17893,17912
17893,17918
17893,17919
17893,17922
17900,17908
17900,17909
17900,17918
17900,17919
17900,17922
17908,17918
17908,17919
17908,17922
17908,17938
17908,24632
17908,21712
17909,17912
17909,17918
17909,17919
17909,17922
17909,17938
17909,17940
17909,26255
17912,17918
17912,17919
17912,17922
17912,17938
17912,17940
17912,17942
17912,17945
17918,17919
17918,17922
17918,17938
17918,17940
17918,17942
17918,17945
17918,17947
17918,22864
17919,17922
17919,17938
17919,17940
17919,17942
17919,17945
17919,17947
17919,17950
17922,17938
17922,17940
17922,17942
17922,17945
17922,17947
17922,17950
17922,17951
17922,17952
17938,17940
17938,17942
17938,17945
17938,17947
17938,17951
17938,17952
17938,17954
17938,17956
17938,20697
17940,17945
17940,17950
17940,17951
17940,17952
17940,17954
17940,17956
17940,18938
17942,17945
17942,17947
17942,17950
17942,17951
17942,17952
17942,17954
17942,17956
17942,17964
17945,17947
17945,17950
17945,17951
17945,17952
17945,17956
17945,17964
17945,17966
17945,23218
17947,17950
17947,17951
17947,17952
17947,17954
17947,17956
17947,17964
17947,17966
17947,17969
17950,17951
17950,17952
17950,17954
17950,17956
17950,17964
17950,17966
17950,17969
17950,17970
17951,17952
17951,17954
17951,17956
17951,17964
17951,17966
17951,17970
17951,17979
17951,24699
17952,17954
17952,17956
17952,17966
17952,17969
17952,17970
17952,17979
17954,17956
17954,17964
17954,17969
17954,17970
17954,17979
17954,17983
17956,17964
17956,17966
17956,17970
17956,17983
17956,17986
17956,18444
17964,17966
17964,17969
17964,17970
17964,17983
17964,17986
17964,17987
17964,17988
17964,17989
17964,22784
17966,17969
17966,17970
17966,17979
17966,17983
17966,17986
17966,17987
17966,17988
17966,17989
17966,18000
17966,23358
17969,17970
17969,17979
17969,17983
17969,17986
17969,17987
17969,17988
17969,17989
17969,18000
17969,18003
17970,17979
17970,17983
17970,17986
17970,17988
17970,17989
17970,18000
17970,18003
17970,18004
17979,17983
17979,17986
17979,17987
17979,17988
17979,18000
17979,18003
17979,18004
17979,18008
17983,17986
17983,17988
17983,17989
17983,18000
17983,18003
17983,18004
17983,18008
17983,18012
17986,17987
17986,17988
17986,17989
17986,18000
17986,18003
17986,18004
17986,18008
17986,18012
17986,18019
17986,25231
17987,17988
17987,17989
17987,18000
17987,18003
17987,18004
17987,18012
17987,18019
17987,20821
17987,22958
17988,17989
17988,18000
17988,18003
17988,18004
17988,18008
17988,18012
17988,18019
17988,18024
17988,18028
17989,18000
17989,18003
17989,18004
17989,18008
17989,18019
17989,18024
17989,18028
17989,25538
18000,18003
18000,18004
18000,18008
18000,18012
18000,18019
18000,18024
18003,18004
18003,18008
18003,18012
18003,18019
18003,18024
18003,18028
18003,18038
18003,18567
18004,18008
18004,18012
18004,18019
18004,18024
18004,18038
18004,18050
18004,26219
18008,18012
18008,18019
18008,18024
18008,18028
18008,18038
18008,18050
18008,18054
18008,25944
18012,18019
18012,18024
18012,18028
18012,18038
18012,18050
18012,18054
18012,18055
18019,18024
18019,18028
18019,18038
18019,18050
18019,18055
18019,18062
18019,19962
18024,18028
18024,18038
18024,18050
18024,18054
18024,18055
18024,18062
18024,18070
18028,18038
18028,18050
18028,18054
18028,18055
18028,18062
18028,18070
18038,18050
18038,18054
18038,18055
18038,18062
18038,18070
18038,18083
18038,18086
18038,18088
18038,19002
18050,18054
18050,18055
18050,18070
18050,18083
18050,18086
18050,18088
18050,18089
18054,18055
18054,18062
18054,18083
18054,18086
18054,18088
18054,18089
18054,26062
18054,21561
18055,18062
18055,18070
18055,18083
18055,18086
18055,18088
18055,18089
18055,19069
18062,18070
18062,18086
18062,18088
18062,18089
18062,18094
18062,19631
18070,18086
18070,18088
18070,18089
18070,18094
18070,18103
18070,26928
18083,18086
18083,18088
18083,18089
18083,18094
18083,18101
18083,18105
18086,18088
18086,18089
18086,18094
18086,18101
18086,18103
18086,18105
18086,18120
18088,18089
18088,18094
18088,18101
18088,18103
18088,18105
18088,18120
18088,18124
18088,18128
18089,18094
18089,18101
18089,18103
18089,18105
18089,18120
18089,18124
18089,18128
18089,18130
18089,20051
18089,22940
18094,18101
18094,18103
18094,18105
18094,18120
18094,18124
18094,18128
18094,18130
18094,18132
18094,18137
18101,18103
18101,18105
18101,18120
18101,18130
18101,18137
18101,18141
18101,18144
18103,18105
18103,18120
18103,18124
18103,18128
18103,18132
18103,18137
18103,18141
18103,18144
18103,18145
18103,19738
18105,18120
18105,18124
18105,18128
18105,18130
18105,18132
18105,18137
18105,18141
18105,18144
18105,18145
18120,18124
18120,18128
18120,18132
18120,18137
18120,18144
18120,19272
18124,18128
18124,18130
18124,18132
18124,18137
18124,18141
18124,18144
18124,18145
18124,18157
18128,18130
18128,18132
18128,18137
18128,18141
18128,18144
18128,18145
18128,18433
18128,24055
18130,18132
18130,18141
18130,18144
18130,18145
18130,18157
18130,18158
18130,21999
18130,24367
18130,21790
18132,18137
18132,18141
18132,18144
18132,18145
18132,18157
18132,18160
18137,18141
18137,18144
18137,18145
18137,18157
18137,18158
18137,18160
18137,18167
18141,18144
18141,18145
18141,18157
18141,18158
18141,18160
18141,18167
18144,18145
18144,18157
18144,18158
18144,18160
18144,18167
18144,18170
18145,18157
18145,18158
18145,18160
18145,18167
18157,18167
18157,18170
18157,18198
18157,18200
18158,18167
18158,18170
18158,18198
18158,18200
18158,22542
18160,18167
18160,18170
18160,18198
18160,18200
18160,18203
18160,18207
18167,18170
18167,18198
18167,18200
18167,18203
18167,18207
18167,18211
18170,18198
18170,18200
18170,18203
18170,18207
18170,18211
18170,18220
18198,18200
18198,18203
18198,18207
18198,18211
18198,18220
18198,18235
18198,18238
18200,18207
18200,18211
18200,18220
18200,18235
18200,18238
18200,18241
18200,21054
18203,18207
18203,18211
18203,18220
18203,18235
18203,18238
18203,18241
18203,18242
18203,18243
18207,18211
18207,18235
18207,18238
18207,18241
18207,18242
18207,18243
18207,18245
18207,24199
18211,18220
18211,18235
18211,18238
18211,18241
18211,18242
18211,18243
18211,18245
18211,18247
18220,18235
18220,18238
18220,18241
18220,18242
18220,18243
18220,18245
18220,18247
18220,18253
18235,18241
18235,18242
18235,18243
18235,18245
18235,18247
18235,18253
18235,18254
18235,18258
18238,18241
18238,18242
18238,18245
18238,18247
18238,18253
18238,18786
18238,25809
18241,18242
18241,18243
18241,18245
18241,18247
18241,18253
18241,18254
18241,18258
18241,18261
18242,18243
18242,18247
18242,18253
18242,18254
18242,18258
18242,18261
18242,19323
18243,18245
18243,18247
18243,18253
18243,18254
18243,18258
18243,18261
18243,18271
18245,18247
18245,18253
18245,18254
18245,18258
18245,18261
18245,18271
18247,18253
18247,18254
18247,18258
18247,18261
18247,18271
18247,18276
18253,18254
18253,18258
18253,18261
18253,18271
18253,18276
18254,18258
18254,18261
18254,18271
18254,18276
18254,21790
18254,21482
18258,18261
18258,18271
18258,18276
18258,18280
18258,18282
18258,18283
18261,18271
18261,18276
18261,18280
18261,18282
18261,18288
18271,18276
18271,18280
18271,18282
18271,18283
18271,18288
18271,18292
18271,18294
18276,18280
18276,18282
18276,18283
18276,18288
18276,18292
18276,18301
18276,20901
18280,18282
18280,18283
18280,18292
18280,18294
18280,18300
18280,18301
18282,18283
18282,18288
18282,18292
18282,18294
18282,18300
18282,18301
18282,18309
18283,18288
18283,18292
18283,18294
18283,18300
18283,18301
18283,18309
18283,18315
18288,18292
18288,18294
18288,18300
18288,18301
18288,18309
18288,18324
18292,18294
18292,18300
18292,18301
18292,18309
18292,18315
18292,18324
18292,18327
18292,18332
18292,18617
18292,25682
18294,18300
18294,18301
18294,18309
18294,18315
18294,18324
18294,18327
18294,18332
18294,18333
18300,18301
18300,18309
18300,18315
18300,18327
18300,18332
18300,18333
18300,26233
18301,18309
18301,18315
18301,18332
18301,18333
18301,18336
18301,18337
18301,23347
18309,18315
18309,18324
18309,18327
18309,18333
18309,18336
18309,18337
18309,18348
18309,18350
18315,18324
18315,18327
18315,18332
18315,18333
18315,18336
18315,18337
18315,18340
18315,18348
18315,18350
18315,18355
18324,18327
18324,18332
18324,18333
18324,18337
18324,18340
18324,18350
18324,18355
18324,18356
18324,19738
18327,18333
18327,18336
18327,18337
18327,18340
18327,18348
18327,18350
18327,18355
18327,18356
18332,18333
18332,18336
18332,18337
18332,18340
18332,18348
18332,18350
18332,18355
18332,18372
18332,27402
18333,18336
18333,18337
18333,18340
18333,18348
18333,18350
18333,18356
18333,18372
18333,18375
18333,26610
18333,23916
18336,18337
18336,18348
18336,18350
18336,18355
18336,18356
18336,18372
18336,18375
18336,18378
18337,18340
18337,18348
18337,18350
18337,18355
18337,18356
18337,18372
18337,18375
18337,18378
18337,18379
18337,25692
18340,18348
18340,18350
18340,18355
18340,18356
18340,18375
18340,18378
18340,18379
18340,18384
18340,26691
18348,18350
18348,18356
18348,18372
18348,18375
18348,18378
18348,18379
18348,18384
18348,18407
18348,21447
18350,18355
18350,18356
18350,18372
18350,18375
18350,18378
18350,18379
18350,18384
18350,18407
18350,18409
18355,18356
18355,18372
18355,18375
18355,18378
18355,18379
18355,18384
18355,18407
18355,18409
18355,18410
18356,18372
18356,18375
18356,18378
18356,18379
18356,18384
18356,18407
18356,18409
18372,18375
18372,18378
18372,18379
18372,18384
18372,18407
18372,18409
18372,18410
18372,25848
18375,18378
18375,18384
18375,18407
18375,18409
18375,18410
18375,18425
18378,18379
18378,18384
18378,18407
18378,18409
18378,18410
18379,18407
18379,18409
18379,18410
18379,18425
18379,18426
18379,18428
18379,22234
18379,25499
18384,18407
18384,18409
18384,18410
18384,18425
18384,18426
18384,18428
18384,18433
18407,18409
18407,18410
18407,18425
18407,18426
18407,18428
18407,18433
18409,18410
18409,18425
18409,18426
18409,18428
18409,18433
18409,18440
18409,23818
18410,18425
18410,18426
18410,18428
18410,18433
18410,18440
18425,18426
18425,18428
18425,18433
18425,18440
18425,18444
18425,18445
18425,18448
18426,18428
18426,18433
18426,18440
18426,18444
18426,18445
18426,18448
18426,18454
18428,18433
18428,18440
18428,18445
18428,18448
18428,18454
18428,18460
18433,18440
18433,18444
18433,18445
18433,18448
18433,18454
18433,18460
18440,18444
18440,18445
18440,18448
18440,18454
18440,18473
18444,18445
18444,18448
18444,18454
18444,18473
18444,18476
18444,18478
18444,18486
18444,25127
18445,18448
18445,18454
18445,18473
18445,18476
18445,18478
18445,18487
18448,18454
18448,18460
18448,18473
18448,18476
18448,18478
18448,18486
18448,18487
18448,18490
18448,19925
18454,18460
18454,18473
18454,18476
18454,18478
18454,18487
18454,18490
18454,18492
18454,18635
18460,18473
18460,18476
18460,18478
18460,18486
18460,18487
18460,18490
18460,18492
18473,18476
18473,18478
18473,18487
18473,18490
18473,18492
18473,18512
18476,18478
18476,18486
18476,18487
18476,18490
18476,18492
18476,18512
18476,18515
18478,18486
18478,18487
18478,18490
18478,18492
18478,18512
18478,18515
18478,18522
18478,23021
18486,18487
18486,18490
18486,18492
18486,18512
18486,18515
18486,18522
18487,18490
18487,18492
18487,18512
18487,18515
18487,18522
18487,18528
18490,18492
18490,18515
18490,18522
18490,18528
18490,26456
18490,19439
18492,18512
18492,18515
18492,18522
18492,18528
18492,18532
18492,25295
18512,18515
18512,18522
18512,18528
18512,18532
18512,18540
18515,18522
18515,18528
18515,18532
18515,18540
18515,18542
18515,18544
18515,18547
18522,18528
18522,18532
18522,18540
18522,18542
18522,18544
18522,18547
18522,18551
18528,18532
18528,18540
18528,18542
18528,18544
18528,18551
18528,18554
18528,18562
18532,18540
18532,18542
18532,18544
18532,18547
18532,18551
18532,18554
18532,18562
18532,18567
18540,18542
18540,18544
18540,18547
18540,18551
18540,18554
18540,18562
18540,18567
18540,18569
18540,18574
18542,18544
18542,18547
18542,18551
18542,18562
18542,18567
18542,18583
18542,23765
18544,18547
18544,18551
18544,18554
18544,18562
18544,18567
18544,18569
18544,18574
18544,18583
18547,18551
18547,18554
18547,18562
18547,18567
18547,18569
18547,18574
18547,18583
18547,18585
18547,18587
18551,18554
18551,18562
18551,18567
18551,18569
18551,18574
18551,18583
18551,18587
18551,18589
18554,18562
18554,18569
18554,18574
18554,18583
18554,18585
18554,18587
18554,25532
18562,18567
18562,18569
18562,18574
18562,18583
18562,18585
18562,18587
18562,18589
18562,18597
18567,18569
18567,18574
18567,18587
18567,18589
18567,18597
18567,18600
18569,18574
18569,18583
18569,18585
18569,18587
18569,18589
18569,18597
18569,18600
18574,18583
18574,18585
18574,18587
18574,18589
18574,18597
18574,18600
18574,18613
18583,18585
18583,18587
18583,18589
18583,18600
18583,18613
18583,18617
18583,18620
18585,18589
18585,18597
18585,18600
18585,18613
18585,18617
18585,18620
18585,25252
18587,18589
18587,18597
18587,18600
18587,18613
18587,18617
18587,18634
18589,18600
18589,18613
18589,18617
18589,18620
18589,18634
18589,18635
18589,27334
18597,18600
18597,18613
18597,18617
18597,18634
18597,18635
18597,18643
18600,18613
18600,18617
18600,18620
18600,18634
18600,18635
18600,18643
18600,18647
18600,18651
18613,18617
18613,18620
18613,18634
18613,18635
18613,18643
18613,18647
18613,18651
18613,18652
18613,25070
18617,18634
18617,18635
18617,18643
18617,18647
18617,18651
18617,18652
18617,18659
18620,18634
18620,18635
18620,18643
18620,18647
18620,18651
18620,18652
18620,18659
18620,19211
18620,26230
18634,18635
18634,18643
18634,18647
18634,18651
18634,18652
18634,18659
18634,18664
18634,25919
18634,24871
18635,18643
18635,18647
18635,18651
18635,18652
18635,18659
18635,18669
18635,25702
18635,21663
18643,18647
18643,18651
18643,18652
18643,18659
18643,18664
18643,18669
18647,18651
18647,18652
18647,18659
18647,18664
18647,18669
18647,18683
18651,18664
18651,18669
18651,18683
18651,18684
18651,26760
18651,22869
18652,18659
18652,18664
18652,18669
18652,18683
18652,18684
18652,18686
18659,18664
18659,18669
18659,18683
18659,18684
18659,18686
18664,18669
18664,18683
18664,18684
18664,18686
18664,18693
18664,18701
18664,18702
18669,18683
18669,18684
18669,18686
18669,18693
18669,18701
18669,18702
18669,18704
18669,18707
18683,18684
18683,18686
18683,18693
18683,18702
18683,18704
18683,18707
18683,19138
18683,23034
18684,18686
18684,18693
18684,18701
18684,18704
18684,18707
18686,18693
18686,18701
18686,18702
18686,18704
18686,18707
18686,18720
18686,23880
18693,18701
18693,18702
18693,18704
18693,18720
18693,23189
18693,23167
18701,18702
18701,18704
18701,18707
18701,18720
18701,18731
18701,18735
18701,18744
18701,23064
18702,18704
18702,18707
18702,18720
18702,18731
18702,18735
18702,18744
18702,18746
18702,20732
18704,18707
18704,18735
18704,18744
18704,18746
18704,18747
18704,21625
18704,22711
18707,18720
18707,18731
18707,18744
18707,18747
18707,18749
18720,18731
18720,18735
18720,18744
18720,18746
18720,18747
18720,18749
18720,18757
18720,18759
18731,18735
18731,18744
18731,18746
18731,18747
18731,18749
18731,18757
18731,18759
18735,18744
18735,18746
18735,18747
18735,18749
18735,18757
18735,18759
18744,18746
18744,18747
18744,18749
18744,18757
18744,18759
18744,18772
18746,18747
18746,18749
18746,18757
18746,18759
18746,18772
18747,18749
18747,18757
18747,18759
18747,18772
18747,24502
18749,18757
18749,18759
18757,18759
18757,18772
18757,18786
18757,18790
18759,18772
18759,18786
18759,18790
18759,18791
18759,26201
18772,18786
18772,18790
18772,18791
18772,18798
18772,18802
18786,18790
18786,18791
18786,18798
18786,18802
18786,18806
18786,18808
18786,18816
18790,18791
18790,18802
18790,18806
18790,18808
18790,18816
18790,18819
18790,18821
18791,18798
18791,18802
18791,18806
18791,18808
18791,18816
18791,18819
18791,18821
18798,18802
18798,18806
18798,18808
18798,18816
18798,18819
18798,18821
18798,18831
18802,18806
18802,18808
18802,18816
18802,18819
18802,18821
18802,18835
18806,18816
18806,18819
18806,18821
18806,18831
18806,18835
18806,18836
18808,18816
18808,18819
18808,18821
18808,18831
18808,18835
18808,18836
18808,18841
18816,18819
18816,18821
18816,18831
18816,18835
18816,18836
18816,18841
18816,18876
18816,19084
18819,18821
18819,18831
18819,18835
18819,18836
18819,18841
18819,18859
18819,18876
18821,18831
18821,18835
18821,18836
18821,18841
18821,18859
18821,18876
18831,18835
18831,18836
18831,18841
18831,18859
18831,18876
18831,18879
18831,18880
18831,18884
18835,18836
18835,18841
18835,18859
18835,18876
18835,18879
18835,18884
18835,18894
18835,24882
18836,18841
18836,18859
18836,18876
18836,18879
18836,18880
18836,18884
18836,18894
18836,18897
18841,18859
18841,18876
18841,18879
18841,18880
18841,18884
18841,18894
18841,18902
18859,18876
18859,18879
18859,18880
18859,18884
18859,18894
18859,18897
18859,18902
18859,18908
18876,18879
18876,18880
18876,18884
18876,18894
18876,18897
18876,18902
18876,18908
18876,18910
18879,18880
18879,18884
18879,18894
18879,18897
18879,18902
18879,18908
18879,18910
18879,18912
18879,18919
18880,18884
18880,18894
18880,18897
18880,18902
18880,18908
18880,18910
18880,18912
18880,18919
18880,18921
18884,18894
18884,18897
18884,18908
18884,18910
18884,18912
18884,18921
18884,23980
18894,18897
18894,18902
18894,18908
18894,18910
18894,18912
18894,18919
18894,18929
18897,18902
18897,18908
18897,18910
18897,18912
18897,18919
18897,18921
18897,18929
18897,26252
18902,18908
18902,18910
18902,18912
18902,18919
18902,18929
18902,18938
18902,20206
18908,18910
18908,18912
18908,18919
18908,18921
18908,18929
18908,18938
18908,18948
18910,18912
18910,18919
18910,18929
18910,18938
18910,18948
18912,18919
18912,18921
18912,18929
18912,18938
18912,18948
18912,18951
18919,18921
18919,18929
18919,18938
18919,18948
18921,18929
18921,18938
18921,18948
18921,18951
18929,18938
18929,18951
18929,18958
18929,18960
18938,18951
18938,18960
18938,18967
18938,24774
18938,27188
18948,18951
18948,18958
18948,18967
18948,20346
18951,18958
18951,18967
18951,18977
18951,18981
18958,18967
18958,18977
18958,18981
18958,18987
18958,25204
18958,23237
18960,18967
18960,18977
18960,18981
18960,18987
18960,18989
18960,18991
18967,18981
18967,18987
18967,18991
18967,18996
18967,19002
18967,21364
18967,23616
18977,18981
18977,18987
18977,18989
18977,18991
18977,18996
18977,19002
18977,19017
18977,19018
18977,19022
18977,25700
18977,27251
18981,18987
18981,18991
18981,18996
18981,19002
18981,19017
18981,19018
18981,19022
18987,18989
18987,18991
18987,18996
18987,19017
18987,19018
18987,19028
18989,18991
18989,18996
18989,19002
18989,19017
18989,19018
18989,19022
18989,19028
18989,19031
18991,18996
18991,19002
18991,19017
18991,19018
18991,19028
18991,19031
18996,19002
18996,19017
18996,19018
18996,19022
18996,19028
18996,19031
18996,19032
19002,19017
19002,19018
19002,19022
19002,19028
19002,19031
19002,19032
19002,19039
19017,19018
19017,19022
19017,19028
19017,19031
19017,19032
19017,19039
19018,19022
19018,19028
19018,19031
19018,19032
19018,19039
19022,19028
19022,19031
19022,19032
19022,19039
19022,19045
19028,19031
19028,19032
19028,19039
19028,19045
19028,19056
19028,27402
19031,19032
19031,19039
19031,19045
19031,19056
19031,19064
19031,25744
19032,19039
19032,19045
19032,19056
19032,19064
19032,19069
19039,19045
19039,19056
19039,19064
19039,19069
19039,19073
19039,19076
19045,19056
19045,19064
19045,19069
19045,19073
19045,19076
19045,19084
19045,19089
19045,20098
19056,19064
19056,19069
19056,19073
19056,19076
19056,19084
19056,19089
19056,23632
19064,19069
19064,19076
19064,19084
19064,19089
19069,19073
19069,19076
19069,19084
19069,19089
19069,19110
19073,19076
19073,19084
19073,19089
19073,19110
19076,19084
19076,19089
19076,19110
19076,19118
19084,19089
19084,19110
19084,19118
19084,19120
19089,19118
19089,19120
19089,19125
19110,19118
19110,19120
19110,19125
19110,19128
19110,19138
19110,19143
19110,19144
19118,19120
19118,19125
19118,19128
19118,19138
19118,19143
19118,19144
19118,23501
19118,21561
19118,23765
19120,19125
19120,19128
19120,19138
19120,19143
19120,19144
19120,19148
19120,19153
19120,19163
19125,19128
19125,19138
19125,19143
19125,19144
19125,19153
19125,19163
19125,19169
19125,26928
19128,19138
19128,19143
19128,19144
19128,19148
19128,19153
19128,19163
19128,19169
19128,19171
19138,19143
19138,19163
19138,19169
19138,19171
19138,19172
19138,19967
19143,19144
19143,19148
19143,19153
19143,19163
19143,19169
19143,19172
19143,19174
19144,19148
19144,19153
19144,19163
19144,19171
19144,19172
19144,19174
19144,19177
19144,24671
19148,19153
19148,19163
19148,19169
19148,19171
19148,19177
19148,22329
19148,22687
19153,19163
19153,19169
19153,19171
19153,19172
19153,19174
19153,19177
19163,19169
19163,19171
19163,19172
19163,19174
19163,19177
19163,19190
19163,19191
19169,19171
19169,19172
19169,19174
19169,19177
19169,19190
19169,19191
19169,19199
19169,26600
19171,19172
19171,19177
19171,19190
19171,19191
19171,19199
19171,23153
19172,19174
19172,19177
19172,19190
19172,19191
19172,19208
19172,26303
19174,19190
19174,19191
19174,19199
19174,19208
19174,27459
19177,19190
19177,19191
19177,19199
19177,19208
19177,19211
19177,19213
19190,19191
19190,19199
19190,19208
19190,19211
19190,19213
19190,19220
19190,19456
19191,19199
19191,19208
19191,19211
19191,19213
19191,19220
19199,19211
19199,19213
19199,19220
19199,19227
19199,19229
19199,19232
19208,19211
19208,19213
19208,19220
19208,19227
19208,19229
19208,19232
19208,21454
19211,19213
19211,19220
19211,19227
19211,19229
19211,19232
19211,19244
19211,19245
19213,19220
19213,19227
19213,19229
19213,19232
19213,19244
19213,19245
19213,19249
19220,19227
19220,19229
19220,19232
19220,19244
19220,19245
19220,19249
19220,23384
19227,19229
19227,19232
19227,19244
19227,19245
19227,19249
19227,19255
19227,19256
19229,19232
19229,19244
19229,19245
19229,19249
19229,19255
19229,19256
19232,19244
19232,19245
19232,19249
19232,19255
19232,19256
19244,19245
19244,19255
19244,19256
19244,19272
19244,26650
19245,19249
19245,19255
19245,19256
19245,23761
19249,19255
19249,19256
19255,19256
19255,19272
19255,19281
19256,19272
19256,19281
19256,19289
19272,19281
19272,19290
19272,19293
19272,20557
19281,19289
19281,19290
19281,19292
19281,19293
19281,19304
19281,19307
19281,19313
19289,19290
19289,19292
19289,19293
19289,19297
19289,19304
19289,19307
19289,19313
19290,19292
19290,19293
19290,19297
19290,19304
19290,19307
19290,19313
19290,19319
19292,19293
19292,19297
19292,19304
19292,19307
19292,19313
19292,19319
19292,19323
19293,19297
19293,19304
19293,19307
19293,19313
19293,19319
19293,19323
19293,26230
19297,19304
19297,19307
19297,19323
19297,19329
19297,22463
19304,19307
19304,19313
19304,19319
19304,19323
19304,19329
19304,24155
19307,19313
19307,19319
19307,19323
19307,19329
19307,19341
19307,22231
19313,19319
19313,19323
19313,19329
19313,19341
19313,19342
19319,19323
19319,19329
19319,19341
19319,19342
19319,19344
19319,19346
19319,19349
19319,22222
19319,20635
19323,19341
19323,19346
19323,21707
19323,22848
19323,20393
19329,19341
19329,19342
19329,19344
19329,19346
19329,19349
19329,19353
19329,19354
19329,20791
19341,19342
19341,19344
19341,19349
19341,19353
19341,19354
19341,19358
19341,19393
19341,23573
19342,19344
19342,19346
19342,19349
19342,19353
19342,19354
19342,19358
19342,19396
19344,19349
19344,19353
19344,19354
19344,19358
19344,19393
19344,19396
19346,19349
19346,19353
19346,19354
19346,19358
19346,19393
19346,19396
19346,19401
19349,19353
19349,19354
19349,19358
19349,19393
19349,19396
19349,19401
19349,19402
19353,19393
19353,19396
19353,19401
19353,19402
19353,19409
19354,19358
19354,19393
19354,19401
19354,19402
19354,19404
19354,19409
19358,19396
19358,19401
19358,19402
19358,19404
19358,19409
19358,19432
19393,19396
19393,19402
19393,19404
19393,19409
19393,19432
19393,19433
19393,19437
19393,25761
19393,26497
19396,19401
19396,19402
19396,19404
19396,19409
19396,19432
19396,19433
19396,19437
19396,19438
19401,19402
19401,19404
19401,19409
19401,19432
19401,19433
19401,19438
19401,19439
19402,19409
19402,19432
19402,19433
19402,19437
19402,19438
19402,19439
19402,22579
19402,20585
19404,19409
19404,19432
19404,19433
19404,19437
19404,19438
19404,19439
19404,19452
19409,19432
19409,19437
19409,19438
19409,19439
19409,19452
19409,19456
19432,19433
19432,19437
19432,19439
19432,19452
19432,19459
19432,19464
19433,19437
19433,19438
19433,19439
19433,19452
19433,19456
19433,19459
19433,19464
19437,19438
19437,19439
19437,19452
19437,19456
19437,19464
19437,19471
19437,19473
19438,19439
19438,19452
19438,19456
19438,19464
19438,19473
19438,19475
19438,21601
19438,22288
19439,19452
19439,19456
19439,19459
19439,19464
19439,19471
19439,19473
19439,19475
19439,19479
19439,19523
19452,19456
19452,19459
19452,19464
19452,19471
19452,19473
19452,19475
19452,19479
19452,19491
19452,19492
19452,19494
19456,19459
19456,19464
19456,19471
19456,19473
19456,19475
19456,19479
19456,19491
19456,19492
19456,19494
19456,19495
19459,19471
19459,19473
19459,19475
19459,19491
19459,19492
19459,19494
19459,20688
19464,19471
19464,19473
19464,19475
19464,19491
19464,19492
19464,19494
19464,19495
19471,19473
19471,19475
19471,19479
19471,19491
19471,19492
19471,19494
19471,19495
19471,19501
19473,19479
19473,19491
19473,19492
19473,19494
19473,19495
19473,19501
19475,19479
19475,19491
19475,19492
19475,19494
19475,19495
19475,19501
19475,19505
19475,24387
19479,19491
19479,19492
19479,19494
19479,19495
19479,19501
19479,19505
19479,19508
19491,19492
19491,19494
19491,19495
19491,19501
19491,19505
19491,19508
19491,19509
19492,19494
19492,19495
19492,19501
19492,19505
19492,19508
19492,23021
19494,19495
19494,19501
19494,19508
19494,19509
19494,19512
19494,21234
19495,19501
19495,19505
19495,19508
19495,19509
19495,19512
19495,19517
19501,19505
19501,19508
19501,19512
19501,19517
19501,19523
19501,19526
19505,19508
19505,19509
19505,19512
19505,19517
19505,19523
19505,19526
19505,19529
19505,19536
19508,19509
19508,19512
19508,19517
19508,19523
19508,19526
19508,19529
19508,19536
19508,19537
19509,19512
19509,19517
19509,19523
19509,19526
19509,19536
19509,19537
19512,19517
19512,19523
19512,19526
19512,19529
19512,19536
19512,19537
19512,19540
19512,19549
19517,19523
19517,19526
19517,19529
19517,19536
19517,19537
19517,19549
19523,19526
19523,19529
19523,19536
19523,19537
19523,19540
19523,19552
19523,19561
19526,19529
19526,19536
19526,19537
19526,19540
19526,19549
19526,19552
19526,19561
19529,19536
19529,19537
19529,19540
19529,19549
19529,19552
19529,19566
19529,26060
19536,19540
19536,19549
19536,19561
19536,19566
19536,19568
19536,24611
19536,23511
19537,19540
19537,19549
19537,19552
19537,19561
19537,19568
19537,19570
19540,19549
19540,19566
19540,19568
19540,19570
19549,19552
19549,19561
19549,19566
19549,19568
19549,19570
19552,19561
19552,19566
19552,19568
19552,19570
19552,19580
19552,19602
19552,20116
19561,19566
19561,19568
19561,19570
19561,19580
19561,19600
19561,19602
19561,19605
19561,23938
19561,20384
19566,19568
19566,19570
19566,19580
19566,19600
19566,19602
19566,19607
19566,19608
19566,20237
19568,19570
19568,19580
19568,19600
19568,19602
19568,19605
19568,19607
19568,19608
19568,19611
19568,24616
19570,19580
19570,19600
19570,19605
19570,19607
19570,19608
19570,19611
19570,19619
19570,25195
19570,22394
19580,19602
19580,19605
19580,19607
19580,19608
19580,19619
19580,19621
19600,19605
19600,19607
19600,19608
19600,19611
19600,19619
19600,19621
19600,19622
19600,19624
19600,19995
19602,19607
19602,19608
19602,19611
19602,19619
19602,19621
19602,19622
19602,19624
19602,23237
19605,19607
19605,19608
19605,19611
19605,19619
19605,19621
19605,19622
19605,19624
19605,19630
19605,19631
19607,19608
19607,19611
19607,19619
19607,19621
19607,19622
19607,19624
19607,19630
19607,19642
19608,19611
19608,19619
19608,19621
19608,19622
19608,19624
19608,19631
19608,19642
19608,24369
19611,19619
19611,19621
19611,19622
19611,19624
19611,19630
19611,19631
19611,19642
19611,19652
19619,19621
19619,19622
19619,19624
19619,19630
19619,19631
19619,19642
19619,19653
19621,19622
19621,19624
19621,19630
19621,19631
19621,19642
19621,19652
19621,19653
19621,19654
19621,19657
19622,19624
19622,19630
19622,19631
19622,19642
19622,19652
19622,19653
19622,19654
19622,19657
19622,19666
19622,25318
19624,19630
19624,19631
19624,19652
19624,19653
19624,19654
19624,19657
19624,19666
19624,19670
19624,25169
19630,19631
19630,19652
19630,19653
19630,19654
19630,19657
19630,19666
19630,19670
19630,19671
19631,19642
19631,19653
19631,19654
19631,19657
19631,19670
19631,19671
19631,19675
19642,19652
19642,19653
19642,19657
19642,19666
19642,19670
19642,19671
19642,19675
19652,19653
19652,19657
19652,19670
19652,19671
19652,19675
19652,19695
19653,19654
19653,19657
19653,19666
19653,19670
19653,19671
19653,19675
19653,19692
19653,19695
19654,19657
19654,19671
19654,19675
19654,19692
19654,19695
19654,19705
19654,23357
19654,23338
19657,19666
19657,19670
19657,19671
19657,19675
19657,19692
19657,19695
19657,19705
19657,19713
19666,19670
19666,19671
19666,19692
19666,19695
19666,19705
19666,19713
19670,19671
19670,19675
19670,19692
19670,19695
19670,19705
19670,19713
19670,19721
19671,19675
19671,19692
19671,19695
19671,19705
19671,19713
19671,19730
19675,19692
19675,19695
19675,19705
19675,19713
19675,19721
19675,19730
19692,19695
19692,19705
19692,19713
19692,19721
19692,19730
19692,19735
19692,19738
19695,19705
19695,19713
19695,19721
19695,19730
19695,19735
19695,19738
19695,19742
19705,19713
19705,19730
19705,19735
19705,19738
19705,19742
19705,19745
19705,19749
19713,19721
19713,19730
19713,19735
19713,19738
19713,19742
19713,19745
19713,19749
19713,19756
19713,26893
19713,24598
19721,19730
19721,19735
19721,19738
19721,19742
19721,19749
19721,19756
19721,19765
19730,19735
19730,19738
19730,19742
19730,19745
19730,19749
19730,19756
19730,19765
19730,19773
19735,19745
19735,19749
19735,19756
19735,19765
19735,19773
19735,19777
19735,19779
19735,22829
19738,19742
19738,19745
19738,19756
19738,19765
19738,19773
19738,19777
19738,19784
19742,19745
19742,19749
19742,19756
19742,19765
19742,19773
19742,19777
19742,19779
19742,19784
19742,19788
19745,19749
19745,19756
19745,19765
19745,19773
19745,19777
19745,19779
19745,19784
19745,19788
19745,19789
19749,19756
19749,19765
19749,19773
19749,19777
19749,19779
19749,19784
19749,19788
19749,19790
19756,19765
19756,19773
19756,19779
19756,19784
19756,19789
19756,19790
19756,19792
19765,19773
19765,19777
19765,19779
19765,19788
19765,19789
19765,19790
19765,19792
19765,19807
19765,24832
19773,19777
19773,19784
19773,19788
19773,19789
19773,19807
19773,19815
19777,19779
19777,19784
19777,19790
19777,19792
19777,19807
19777,19815
19777,19819
19779,19784
19779,19789
19779,19790
19779,19792
19779,19807
19779,19815
19779,19819
19779,19824
19779,22288
19784,19788
19784,19789
19784,19790
19784,19792
19784,19807
19784,19815
19784,19819
19784,19824
19784,19827
19788,19789
19788,19790
19788,19807
19788,19815
19788,19819
19788,19827
19788,19828
19788,21373
19788,23948
19788,24632
19789,19790
19789,19807
19789,19815
19789,19819
19789,19824
19789,19827
19789,19828
19789,22009
19790,19792
19790,19807
19790,19815
19790,19819
19790,19824
19790,19828
19790,19842
19792,19807
19792,19815
19792,19827
19792,19828
19792,19842
19792,24465
19807,19819
19807,19824
19807,19827
19807,19828
19807,19842
19807,19856
19807,23221
19815,19824
19815,19827
19815,19828
19815,19842
19815,19856
19815,19865
19815,20855
19819,19827
19819,19842
19819,19866
19819,26107
19819,22883
19824,19827
19824,19828
19824,19856
19824,19865
19824,19866
19824,19867
19827,19842
19827,19856
19827,19865
19827,19866
19827,19867
19827,19868
19828,19842
19828,19856
19828,19865
19828,19866
19828,19867
19828,19868
19828,25460
19842,19856
19842,19865
19842,19866
19842,19867
19842,19868
19842,19869
19842,19870
19856,19865
19856,19866
19856,19869
19856,19870
19856,19875
19856,19879
19865,19866
19865,19867
19865,19868
19865,19869
19865,19870
19865,19875
19865,19882
19865,19885
19866,19867
19866,19868
19866,19869
19866,19870
19866,19875
19866,19879
19866,19882
19866,19885
19866,19886
19866,27076
19867,19868
19867,19869
19867,19875
19867,19879
19867,19882
19867,19885
19867,19886
19867,19888
19867,25893
19868,19869
19868,19870
19868,19875
19868,19879
19868,19882
19868,19885
19868,19886
19868,19888
19868,19890
19869,19870
19869,19875
19869,19879
19869,19882
19869,19886
19869,19888
19869,19890
19870,19875
19870,19879
19870,19885
19870,19886
19870,19888
19870,19890
19875,19879
19875,19882
19875,19885
19875,19888
19875,19890
19875,19915
19875,19920
19879,19882
19879,19886
19879,19888
19879,19915
19879,19920
19879,19925
19879,23947
19879,27394
19879,19941
19882,19885
19882,19888
19882,19890
19882,19915
19882,19925
19882,22943
19882,24433
19885,19886
19885,19888
19885,19890
19885,19920
19885,19925
19886,19888
19886,19915
19886,19920
19886,19925
19886,19929
19886,19937
19888,19890
19888,19915
19888,19920
19888,19925
19888,19929
19888,19937
19890,19915
19890,19925
19890,19929
19890,19937
19890,19941
19915,19920
19915,19925
19915,19929
19915,19937
19915,19941
19915,19946
19915,19949
19915,19950
19915,25619
19920,19925
19920,19929
19920,19937
19920,19946
19920,19949
19920,19950
19920,19954
19925,19929
19925,19937
19925,19941
19925,19950
19925,19954
19925,19955
19925,20358
19929,19937
19929,19941
19929,19946
19929,19949
19929,19950
19929,19954
19929,19955
19929,19959
19937,19941
19937,19946
19937,19949
19937,19950
19937,19954
19937,19955
19937,19959
19937,19962
19941,19946
19941,19949
19941,19950
19941,19954
19941,19955
19941,19959
19941,19962
19941,19967
19946,19949
19946,19950
19946,19954
19946,19955
19946,19959
19946,19962
19946,19966
19946,19969
19949,19950
19949,19954
19949,19955
19949,19959
19949,19962
19949,19966
19949,19967
19949,19969
19949,19972
19949,22446
19950,19954
19950,19955
19950,19959
19950,19962
19950,19966
19950,19967
19950,19969
19950,19972
19950,19976
19950,25729
19954,19955
19954,19962
19954,19967
19954,19969
19954,19972
19954,19976
19954,19980
19955,19959
19955,19962
19955,19966
19955,19969
19955,19972
19955,19976
19955,19980
19955,19983
19959,19966
19959,19967
19959,19969
19959,19976
19959,19980
19959,19983
19959,19984
19959,26503
19962,19966
19962,19967
19962,19969
19962,19972
19962,19976
19962,19983
19962,19984
19962,19986
19962,19988
19966,19967
19966,19969
19966,19972
19966,19976
19966,19980
19966,19983
19966,19984
19966,19986
19966,19988
19966,19992
19966,27182
19967,19969
19967,19972
19967,19976
19967,19980
19967,19983
19967,19984
19967,19986
19967,19988
19967,19992
19969,19972
19969,19976
19969,19980
19969,19983
19969,19984
19969,19986
19969,19988
19969,19992
19969,19995
19969,20001
19969,22289
19969,21054
19972,19976
19972,19980
19972,19983
19972,19984
19972,19992
19972,19995
19972,20001
19972,20003
19972,21034
19976,19980
19976,19983
19976,19984
19976,19986
19976,19988
19976,19992
19976,19995
19976,20001
19976,20003
19976,21459
19980,19983
19980,19984
19980,19986
19980,19988
19980,19992
19980,19995
19980,20001
19980,20003
19980,20008
19980,22134
19983,19984
19983,19986
19983,19988
19983,19992
19983,19995
19983,20001
19983,20003
19983,20008
19983,20013
19984,19986
19984,19988
19984,20008
19984,20013
19984,20014
19984,24080
19984,21610
19986,19988
19986,19992
19986,19995
19986,20001
19986,20003
19986,20008
19986,20013
19986,20014
19986,20020
19986,27366
19988,19992
19988,19995
19988,20001
19988,20003
19988,20008
19988,20013
19988,20014
19988,21255
19992,19995
19992,20001
19992,20003
19992,20008
19992,20013
19992,20014
19992,20020
19995,20001
19995,20003
19995,20008
19995,20014
19995,20029
20001,20003
20001,20008
20001,20013
20001,20014
20001,20020
20001,20029
20001,20030
20003,20008
20003,20013
20003,20014
20003,20020
20003,20029
20003,20030
20003,20039
20008,20014
20008,20020
20008,20029
20008,20039
20008,20040
20008,20041
20008,23969
20013,20014
20013,20020
20013,20029
20013,20030
20013,20039
20013,20040
20013,20041
20013,20045
20013,23727
20013,21561
20013,21721
20014,20029
20014,20030
20014,20039
20014,20040
20014,20041
20014,20045
20014,20046
20020,20029
20020,20030
20020,20039
20020,20040
20020,20041
20020,20045
20020,20046
20020,20049
20029,20039
20029,20041
20029,20045
20029,20046
20029,20049
20029,20050
20029,20051
20029,20054
20029,21120
20030,20039
20030,20040
20030,20041
20030,20045
20030,20046
20030,20049
20030,20050
20030,20051
20030,20054
20030,20057
20039,20040
20039,20041
20039,20045
20039,20046
20039,20049
20039,20050
20039,20051
20039,20054
20039,20060
20039,20992
20040,20041
20040,20045
20040,20046
20040,20049
20040,20050
20040,20051
20040,20054
20040,20057
20040,20060
20040,20061
20041,20045
20041,20046
20041,20049
20041,20050
20041,20051
20041,20054
20041,20057
20041,20060
20041,20061
20041,20067
20045,20046
20045,20049
20045,20050
20045,20051
20045,20054
20045,20057
20045,20060
20045,20061
20045,20067
20045,20070
20046,20050
20046,20051
20046,20054
20046,20057
20046,20060
20046,20061
20046,20067
20046,20075
20046,21387
20046,26277
20049,20050
20049,20051
20049,20054
20049,20060
20049,20061
20049,20067
20049,20070
20049,20075
20050,20051
20050,20054
20050,20057
20050,20060
20050,20061
20050,20067
20050,20075
20050,25715
20051,20054
20051,20057
20051,20060
20051,20061
20051,20070
20051,20075
20051,20097
20054,20057
20054,20060
20054,20061
20054,20067
20054,20070
20054,20075
20054,20097
20054,20098
20057,20060
20057,20061
20057,20067
20057,20070
20057,20075
20057,20097
20057,22558
20060,20061
20060,20067
20060,20070
20060,20075
20060,20097
20060,20098
20061,20067
20061,20070
20061,20075
20061,20097
20061,20098
20061,20112
20067,20070
20067,20075
20067,20097
20067,20098
20067,20112
20067,20113
20070,20075
20070,20098
20070,20112
20070,20113
20070,20116
20070,20426
20075,20097
20075,20098
20075,20112
20075,20113
20075,20116
20097,20098
20097,20112
20097,20113
20097,20116
20097,20124
20098,20113
20098,20116
20098,20124
20112,20113
20112,20116
20112,20124
20112,20132
20112,20135
20112,20139
20113,20116
20113,20124
20113,20132
20113,20139
20113,20148
20113,24506
20116,20124
20116,20132
20116,20135
20116,20139
20116,20148
20116,20158
20116,26374
20124,20132
20124,20135
20124,20139
20124,20148
20124,20158
20124,20163
20124,20170
20132,20135
20132,20139
20132,20148
20132,20158
20132,20163
20132,20170
20132,20175
20132,20178
20132,20183
20135,20139
20135,20148
20135,20158
20135,20163
20135,20170
20135,20175
20135,20178
20135,20183
20135,20188
20139,20148
20139,20158
20139,20163
20139,20170
20139,20175
20139,20178
20139,20183
20139,20191
20139,20194
20148,20158
20148,20163
20148,20170
20148,20175
20148,20178
20148,20183
20148,20188
20148,20191
20148,20194
20148,20197
20148,22222
20158,20163
20158,20170
20158,20175
20158,20178
20158,20183
20158,20188
20158,20191
20158,20194
20158,20199
20158,21127
20163,20170
20163,20175
20163,20178
20163,20183
20163,20188
20163,20191
20163,20194
20163,20197
20163,20199
20163,20200
20170,20183
20170,20191
20170,20194
20170,20197
20170,20199
20170,20200
20170,20202
20170,26210
20175,20178
20175,20183
20175,20188
20175,20191
20175,20194
20175,20197
20175,20199
20175,20200
20175,20202
20178,20183
20178,20191
20178,20194
20178,20199
20178,20202
20178,20203
20178,20205
20178,22860
20183,20191
20183,20194
20183,20197
20183,20199
20183,20200
20183,20202
20183,20203
20183,20205
20183,20206
20188,20191
20188,20194
20188,20197
20188,20199
20188,20200
20188,20202
20188,20203
20188,20205
20188,20206
20188,20208
20188,24034
20188,25546
20191,20194
20191,20197
20191,20199
20191,20200
20191,20202
20191,20203
20191,20205
20191,20206
20191,20208
20191,20209
20194,20197
20194,20199
20194,20200
20194,20202
20194,20203
20194,20205
20194,20206
20194,20208
20194,20209
20194,20215
20197,20200
20197,20202
20197,20205
20197,20206
20197,20208
20197,20215
20197,20219
20197,26864
20199,20200
20199,20202
20199,20203
20199,20205
20199,20206
20199,20209
20199,20215
20199,20219
20199,20221
20199,26720
20200,20202
20200,20203
20200,20205
20200,20206
20200,20208
20200,20215
20200,20219
20200,20221
20200,20224
20202,20203
20202,20205
20202,20208
20202,20209
20202,20215
20202,20219
20202,20221
20202,20224
20202,20227
20203,20205
20203,20206
20203,20208
20203,20209
20203,20215
20203,20219
20203,20224
20203,20227
20203,20236
20203,25893
20205,20208
20205,20209
20205,20215
20205,20219
20205,20221
20205,20224
20205,20236
20205,20237
20205,26322
20206,20208
20206,20209
20206,20215
20206,20219
20206,20221
20206,20224
20206,20227
20206,20236
20206,20237
20206,20243
20208,20209
20208,20215
20208,20219
20208,20221
20208,20224
20208,20227
20208,20236
20208,20237
20208,20243
20208,20244
20208,24080
20209,20215
20209,20219
20209,20221
20209,20224
20209,20227
20209,20236
20209,20237
20209,20244
20209,20258
20209,23368
20215,20219
20215,20221
20215,20224
20215,20227
20215,20236
20215,20237
20215,20243
20215,20244
20215,20258
20215,20261
20215,22100
20219,20221
20219,20224
20219,20227
20219,20236
20219,20237
20219,20243
20219,20244
20219,23616
20221,20224
20221,20227
20221,20236
20221,20237
20221,20244
20221,20258
20221,20262
20221,21034
20221,20631
20224,20227
20224,20236
20224,20237
20224,20243
20224,20244
20224,20258
20224,20261
20224,20262
20224,20265
20224,26460
20227,20236
20227,20237
20227,20243
20227,20244
20227,20258
20227,20261
20227,20262
20227,20265
20227,20275
20236,20237
20236,20243
20236,20244
20236,20262
20236,20265
20236,20275
20236,25316
20237,20243
20237,20244
20237,20261
20237,20262
20237,20265
20237,20279
20237,25088
20243,20244
20243,20258
20243,20261
20243,20262
20243,20265
20243,20275
20243,20279
20243,20288
20244,20258
20244,20261
20244,20262
20244,20265
20244,20275
20244,20279
20244,20288
20244,20298
20258,20261
20258,20262
20258,20265
20258,20279
20258,20288
20258,20298
20261,20262
20261,20265
20261,20275
20261,20288
20261,20298
20261,20303
20261,20306
20261,24418
20262,20265
20262,20275
20262,20279
20262,20288
20262,20303
20262,20306
20262,20307
20265,20275
20265,20288
20265,20298
20265,20303
20265,20306
20265,20307
20265,23460
20275,20279
20275,20288
20275,20298
20275,20303
20275,20306
20275,20307
20275,20321
20275,20473
20275,21170
20279,20288
20279,20298
20279,20303
20279,20306
20279,20307
20279,20321
20279,25265
20288,20298
20288,20303
20288,20306
20288,20307
20288,20321
20288,20335
20288,26656
20298,20303
20298,20306
20298,20307
20298,20321
20298,20335
20303,20306
20303,20307
20303,20321
20303,20335
20303,20346
20306,20307
20306,20321
20306,20335
20306,20346
20306,20350
20306,23508
20307,20321
20307,20335
20307,20346
20307,20350
20321,20335
20321,20346
20321,20350
20321,20358
20321,20361
20321,20362
20335,20346
20335,20350
20335,20358
20335,20361
20335,20366
20335,27188
20346,20350
20346,20362
20346,20366
20346,20384
20346,20393
20350,20358
20350,20361
20350,20366
20350,20384
20350,20393
20350,20394
20358,20361
20358,20362
20358,20366
20358,20384
20358,20393
20358,20394
20358,20407
20361,20362
20361,20366
20361,20384
20361,20393
20361,20394
20361,20401
20361,20407
20361,20410
20362,20366
20362,20384
20362,20393
20362,20394
20362,20401
20362,20407
20362,20411
20366,20384
20366,20393
20366,20394
20366,20401
20366,20407
20366,20410
20366,20411
20366,20413
20384,20393
20384,20394
20384,20401
20384,20407
20384,20410
20384,20411
20384,20413
20384,20419
20384,20423
20384,27060
20393,20394
20393,20401
20393,20407
20393,20410
20393,20411
20393,20413
20393,20419
20393,20422
20393,20423
20394,20401
20394,20407
20394,20410
20394,20411
20394,20422
20394,20423
20394,20426
20401,20407
20401,20410
20401,20411
20401,20413
20401,20419
20401,20422
20401,20423
20401,20426
20401,20428
20407,20410
20407,20411
20407,20413
20407,20419
20407,20422
20407,20423
20407,20428
20410,20411
20410,20413
20410,20419
20410,20422
20410,20423
20410,20426
20410,20428
20410,22772
20411,20413
20411,20419
20411,20422
20411,20423
20411,20426
20411,20428
20413,20419
20413,20422
20413,20423
20413,20426
20413,20428
20413,20441
20413,22476
20419,20422
20419,20423
20419,20426
20419,20428
20419,20442
20419,25269
20422,20423
20422,20426
20422,20441
20423,20426
20423,20428
20423,20441
20423,20442
20423,20446
20426,20428
20426,20441
20426,20442
20426,20446
20426,20461
20428,20441
20428,20442
20428,20446
20428,20461
20428,20463
20441,20442
20441,20446
20441,20461
20441,20463
20441,20473
20441,20474
20441,20686
20442,20446
20442,20461
20442,20463
20442,20473
20442,20474
20442,20476
20446,20461
20446,20463
20446,20473
20446,20474
20446,20476
20446,20483
20461,20463
20461,20473
20461,20474
20461,20476
20461,20483
20461,20491
20463,20473
20463,20476
20463,20483
20463,20491
20463,25077
20463,24473
20463,25477
20473,20483
20473,20491
20473,20495
20473,20499
20473,20510
20473,20511
20473,26757
20474,20476
20474,20483
20474,20491
20474,20495
20474,20499
20474,20510
20474,20511
20474,20513
20476,20483
20476,20491
20476,20495
20476,20499
20476,20510
20476,20511
20476,20513
20476,20514
20483,20491
20483,20499
20483,20510
20483,20511
20483,20513
20483,20514
20491,20495
20491,20499
20491,20510
20491,20511
20491,20513
20491,20514
20491,20536
20491,20537
20491,20539
20495,20499
20495,20510
20495,20511
20495,20513
20495,20514
20495,20536
20495,20537
20495,20539
20495,23402
20499,20510
20499,20511
20499,20514
20499,20536
20499,20537
20499,20539
20499,20546
20510,20511
20510,20513
20510,20514
20510,20536
20510,20537
20510,20539
20510,20546
20510,20550
20511,20513
20511,20514
20511,20536
20511,20537
20511,20539
20511,20546
20511,20550
20511,20554
20513,20514
20513,20536
20513,20537
20513,20539
20513,20546
20513,20550
20513,20554
20513,20557
20514,20539
20514,20546
20514,20550
20514,20554
20514,20557
20514,20558
20514,23799
20536,20537
20536,20539
20536,20546
20536,20550
20536,20554
20536,20557
20536,20558
20536,20566
20536,20569
20537,20539
20537,20546
20537,20550
20537,20554
20537,20557
20537,20558
20537,20566
20537,20569
20537,20576
20537,25303
20539,20546
20539,20550
20539,20554
20539,20557
20539,20558
20539,20566
20539,20569
20539,20576
20539,20577
20546,20550
20546,20554
20546,20557
20546,20558
20546,20566
20546,20569
20546,20576
20546,20577
20546,20578
20546,26073
20550,20554
20550,20557
20550,20558
20550,20566
20550,20569
20550,20576
20550,20577
20550,20578
20550,20585
20554,20557
20554,20558
20554,20566
20554,20569
20554,20576
20554,20577
20554,20578
20554,20585
20554,20586
20557,20558
20557,20566
20557,20569
20557,20576
20557,20577
20557,20585
20557,20586
20557,20595
20557,24533
20557,23402
20558,20569
20558,20576
20558,20577
20558,20578
20558,20585
20558,20586
20558,20595
20566,20569
20566,20577
20566,20578
20566,20585
20566,20586
20566,20595
20566,20603
20569,20576
20569,20577
20569,20578
20569,20585
20569,20586
20569,20595
20569,20603
20569,20614
20569,23191
20576,20577
20576,20578
20576,20585
20576,20586
20576,20595
20576,20603
20576,20614
20576,20615
20577,20578
20577,20585
20577,20586
20577,20595
20577,20603
20577,20614
20577,20618
20577,21417
20578,20585
20578,20586
20578,20595
20578,20614
20578,20615
20578,20618
20578,20619
20585,20586
20585,20595
20585,20603
20585,20614
20585,20615
20585,20618
20585,20619
20586,20595
20586,20603
20586,20614
20586,20618
20586,20619
20586,20623
20586,24464
20595,20603
20595,20614
20595,20615
20595,20618
20595,20619
20595,20623
20595,20627
20603,20614
20603,20615
20603,20618
20603,20619
20603,20623
20603,20631
20603,20635
20614,20615
20614,20618
20614,20619
20614,20623
20614,20627
20614,20631
20614,20635
20614,20644
20615,20618
20615,20619
20615,20623
20615,20627
20615,20631
20615,20635
20615,20644
20615,20649
20618,20619
20618,20623
20618,20627
20618,20631
20618,20635
20618,20644
20618,20649
20618,20652
20619,20623
20619,20627
20619,20631
20619,20635
20619,20644
20619,20649
20619,20652
20619,23476
20623,20627
20623,20631
20623,20635
20623,20644
20623,20649
20623,20652
20623,24604
20627,20631
20627,20644
20627,20649
20627,20652
20627,20655
20627,20657
20627,20663
20627,23702
20631,20635
20631,20644
20631,20649
20631,20652
20631,20655
20631,20657
20631,20663
20631,20667
20635,20644
20635,20652
20635,20655
20635,20657
20635,20663
20635,20667
20635,20670
20635,21326
20644,20649
20644,20652
20644,20655
20644,20657
20644,20663
20644,20667
20644,20670
20644,20672
20649,20652
20649,20655
20649,20657
20649,20663
20649,20667
20649,20670
20649,20672
20649,25552
20652,20655
20652,20657
20652,20663
20652,20670
20652,20672
20652,20676
20655,20657
20655,20663
20655,20667
20655,20670
20655,20676
20655,20686
20655,20688
20655,22940
20657,20663
20657,20667
20657,20670
20657,20672
20657,20686
20657,20688
20657,25321
20663,20667
20663,20670
20663,20672
20663,20676
20663,20686
20663,20694
20663,20696
20667,20670
20667,20672
20667,20676
20667,20686
20667,20688
20667,20694
20667,20696
20667,20697
20670,20672
20670,20676
20670,20686
20670,20688
20670,20694
20670,20696
20670,20697
20670,20700
20672,20676
20672,20686
20672,20688
20672,20694
20672,20696
20672,20697
20672,20700
20672,20701
20672,22735
20676,20688
20676,20694
20676,20696
20676,20697
20676,20701
20676,20705
20676,20707
20686,20688
20686,20694
20686,20696
20686,20697
20686,20701
20686,20707
20686,20709
20686,25348
20688,20694
20688,20696
20688,20697
20688,20700
20688,20701
20688,20709
20688,20710
20694,20696
20694,20700
20694,20705
20694,20707
20694,20709
20694,20710
20694,20712
20694,20715
20696,20697
20696,20701
20696,20705
20696,20707
20696,20709
20696,20710
20696,20712
20696,20715
20696,20717
20697,20700
20697,20701
20697,20707
20697,20709
20697,20710
20697,20712
20697,20715
20697,20717
20697,20720
20697,22566
20700,20701
20700,20705
20700,20707
20700,20710
20700,20712
20700,20715
20700,20717
20700,20720
20700,20724
20701,20705
20701,20707
20701,20709
20701,20710
20701,20712
20701,20715
20701,20717
20701,20720
20701,20732
20705,20707
20705,20710
20705,20712
20705,20715
20705,20720
20705,20724
20705,20732
20705,20733
20705,22489
20707,20710
20707,20712
20707,20715
20707,20717
20707,20720
20707,20724
20707,20732
20707,20734
20709,20710
20709,20712
20709,20715
20709,20717
20709,20720
20709,20724
20709,20732
20709,20734
20709,20737
20710,20712
20710,20715
20710,20717
20710,20720
20710,20732
20710,20734
20710,20737
20710,20738
20710,26596
20710,23757
20712,20717
20712,20720
20712,20724
20712,20732
20712,20733
20712,20734
20712,20737
20712,20738
20712,20739
20715,20717
20715,20720
20715,20724
20715,20732
20715,20733
20715,20734
20715,20737
20715,20738
20715,20739
20715,23609
20717,20720
20717,20724
20717,20732
20717,20733
20717,20737
20717,20738
20717,20739
20717,24717
20720,20724
20720,20732
20720,20733
20720,20734
20720,20737
20720,20738
20720,20739
20724,20732
20724,20733
20724,20734
20724,20737
20724,20738
20724,20739
20732,20733
20732,20734
20732,20737
20732,20738
20732,20739
20732,20750
20733,20734
20733,20737
20733,20738
20733,20739
20733,20750
20733,20751
20734,20737
20734,20750
20734,20751
20734,24840
20737,20738
20737,20739
20737,20750
20737,20751
20737,20758
20737,20759
20738,20739
20738,20750
20738,20751
20738,20758
20738,20759
20739,20750
20739,20751
20739,20758
20739,20759
20739,20764
20739,24141
20750,20751
20750,20758
20750,20759
20750,20764
20750,20770
20750,20776
20750,20786
20750,20790
20750,20791
20750,20794
20751,20758
20751,20764
20751,20770
20751,20776
20751,20786
20751,20790
20751,20791
20751,20797
20751,27386
20758,20759
20758,20764
20758,20770
20758,20776
20758,20786
20758,20790
20758,20791
20758,20794
20758,20797
20758,20798
20759,20764
20759,20770
20759,20776
20759,20786
20759,20790
20759,20791
20759,20794
20759,20797
20759,20798
20759,20799
20764,20770
20764,20776
20764,20786
20764,20794
20764,20797
20764,20798
20764,20799
20764,20800
20764,22221
20770,20776
20770,20786
20770,20790
20770,20791
20770,20794
20770,20797
20770,20798
20770,20799
20770,20800
20770,20818
20776,20786
20776,20790
20776,20791
20776,20794
20776,20797
20776,20799
20776,20800
20776,20818
20776,20821
20776,24016
20786,20790
20786,20791
20786,20794
20786,20797
20786,20798
20786,20799
20786,20800
20786,20818
20786,20821
20790,20791
20790,20794
20790,20797
20790,20798
20790,20799
20790,20800
20790,20818
20791,20794
20791,20797
20791,20798
20791,20799
20791,20800
20791,20818
20791,20821
20794,20797
20794,20798
20794,20799
20794,20800
20794,20818
20794,20821
20794,20831
20794,20832
20797,20798
20797,20799
20797,20800
20797,20818
20797,20821
20797,20831
20797,20832
20797,20835
20798,20799
20798,20800
20798,20818
20798,20821
20798,20831
20798,20832
20798,20835
20798,20840
20799,20800
20799,20818
20799,20831
20799,20832
20799,20835
20799,20840
20799,20844
20800,20821
20800,20831
20800,20832
20800,20835
20800,20844
20800,20850
20800,26370
20818,20821
20818,20832
20818,20835
20818,20840
20818,20844
20818,20850
20818,20851
20818,21560
20818,26781
20821,20831
20821,20832
20821,20835
20821,20844
20821,20850
20821,20851
20831,20832
20831,20835
20831,20840
20831,20844
20831,20850
20831,20854
20831,20855
20831,20860
20831,20862
20832,20835
20832,20840
20832,20844
20832,20850
20832,20860
20832,20862
20832,20866
20832,26958
20835,20840
20835,20844
20835,20850
20835,20851
20835,20854
20835,20855
20835,20860
20835,20866
20835,26279
20840,20844
20840,20850
20840,20851
20840,20854
20840,20855
20840,20860
20840,20862
20840,20866
20840,20872
20840,22496
20844,20851
20844,20854
20844,20855
20844,20860
20844,20862
20844,20866
20844,20872
20844,20876
20850,20851
20850,20854
20850,20855
20850,20860
20850,20862
20850,20866
20850,20872
20850,20876
20851,20854
20851,20855
20851,20860
20851,20862
20851,20872
20851,20876
20851,20882
20854,20860
20854,20862
20854,20866
20854,20872
20854,20882
20854,20886
20855,20862
20855,20866
20855,20872
20855,20876
20855,20882
20855,20896
20855,27028
20860,20862
20860,20872
20860,20876
20860,20882
20860,20886
20862,20866
20862,20872
20862,20876
20862,20886
20862,20896
20862,20901
20862,24871
20862,25565
20866,20872
20866,20876
20866,20882
20866,20886
20866,20896
20866,20901
20872,20882
20872,20886
20872,20896
20872,20901
20872,20915
20876,20882
20876,20886
20876,20896
20876,20901
20876,20915
20876,20922
20882,20896
20882,20915
20882,20922
20882,20927
20882,20928
20886,20896
20886,20901
20886,20915
20886,20922
20886,20927
20886,20928
20896,20901
20896,20915
20896,20922
20896,20927
20896,20928
20896,20937
20896,23376
20901,20915
20901,20927
20901,20928
20901,20937
20901,20943
20915,20922
20915,20927
20915,20937
20915,20943
20915,20945
20915,20947
20915,21482
20922,20927
20922,20928
20922,20937
20922,20943
20922,20945
20922,20947
20922,20950
20927,20928
20927,20937
20927,20943
20927,20945
20927,20947
20927,20950
20927,20954
20928,20937
20928,20943
20928,20945
20928,20950
20928,20954
20937,20945
20937,20947
20937,20954
20937,20962
20943,20945
20943,20947
20943,20950
20943,20954
20943,20962
20943,20965
20943,20968
20945,20950
20945,20962
20945,20965
20945,20968
20947,20950
20947,20954
20947,20962
20947,20965
20947,20978
20947,20980
20950,20954
20950,20965
20950,20968
20950,20978
20950,20980
20950,20981
20950,20982
20954,20962
20954,20965
20954,20968
20954,20978
20954,20980
20954,20982
20962,20965
20962,20968
20962,20978
20962,20980
20962,20981
20962,20982
20962,20992
20962,23450
20965,20968
20965,20978
20965,20980
20965,20981
20965,20982
20965,20992
20965,20996
20968,20978
20968,20980
20968,20981
20968,20982
20968,20992
20968,20996
20968,21002
20968,21322
20978,20980
20978,20981
20978,20982
20978,20992
20978,20996
20978,21002
20978,25071
20980,20981
20980,20982
20980,20992
20980,20996
20980,21002
20981,20982
20981,20992
20981,20996
20981,21002
20982,20992
20982,20996
20982,21002
20992,20996
20992,21002
20992,21033
20996,21033
20996,21034
20996,21294
21002,21033
21002,21034
21002,21045
21002,26531
21033,21034
21033,21045
21033,21046
21033,21054
21033,21061
21033,21073
21033,21074
21033,21309
21034,21045
21034,21046
21034,21054
21034,21060
21034,21061
21034,21073
21034,21074
21034,23419
21045,21046
21045,21049
21045,21054
21045,21060
21045,21061
21045,21073
21045,21074
21045,21084
21045,24466
21046,21049
21046,21054
21046,21060
21046,21061
21046,21073
21046,21074
21046,21084
21046,21089
21049,21054
21049,21060
21049,21061
21049,21073
21049,21074
21049,21084
21049,21089
21054,21060
21054,21061
21054,21074
21054,21089
21054,21092
21060,21073
21060,21074
21060,21092
21060,21106
21060,25546
21061,21074
21061,21084
21061,21089
21061,21092
21061,21098
21061,21106
21073,21074
21073,21084
21073,21089
21073,21092
21073,21098
21073,21106
21073,21110
21074,21084
21074,21089
21074,21092
21074,21106
21074,21110
21074,26706
21074,26220
21084,21089
21084,21092
21084,21106
21084,21110
21084,25621
21089,21092
21089,21106
21089,21118
21092,21098
21092,21106
21092,21110
21092,21118
21092,21120
21092,21127
21098,21106
21098,21110
21098,21118
21098,21120
21098,21127
21098,21133
21106,21110
21106,21118
21106,21120
21106,21127
21106,21133
21110,21118
21110,21120
21110,21127
21110,21133
21110,21139
21110,21144
21110,21146
21118,21120
21118,21127
21118,21133
21118,21139
21118,21144
21118,21146
21118,21147
21118,21151
21118,21153
21120,21127
21120,21139
21120,21144
21120,21146
21120,21147
21120,21151
21120,21153
21127,21133
21127,21139
21127,21144
21127,21146
21127,21147
21127,21151
21127,21153
21127,21154
21127,23864
21133,21139
21133,21144
21133,21147
21133,21151
21133,21154
21133,21158
21133,25380
21139,21146
21139,21147
21139,21151
21139,21153
21139,21154
21139,21158
21139,21160
21139,26339
21144,21146
21144,21147
21144,21151
21144,21154
21144,21158
21144,21160
21144,21164
21146,21147
21146,21151
21146,21153
21146,21154
21146,21158
21146,21160
21146,21164
21146,23167
21147,21151
21147,21153
21147,21154
21147,21158
21147,21160
21147,21164
21147,21170
21151,21153
21151,21154
21151,21158
21151,21160
21151,21164
21151,21170
21151,21176
21153,21158
21153,21160
21153,21164
21153,21170
21153,21176
21153,21181
21153,24133
21153,22984
21154,21158
21154,21160
21154,21164
21154,21170
21154,21176
21154,21182
21158,21160
21158,21164
21158,21170
21158,21181
21158,21182
21158,21194
21158,21200
21160,21164
21160,21170
21160,21176
21160,21181
21160,21182
21160,21194
21160,21200
21160,21204
21164,21170
21164,21181
21164,21182
21164,21194
21164,21200
21164,21204
21164,21205
21170,21176
21170,21181
21170,21182
21170,21194
21170,21200
21170,21204
21170,21205
21170,21211
21170,21212
21176,21181
21176,21182
21176,21194
21176,21200
21176,21204
21176,21211
21176,21212
21176,21219
21181,21182
21181,21194
21181,21200
21181,21204
21181,21205
21181,21211
21181,21212
21181,21219
21181,21229
21182,21194
21182,21200
21182,21204
21182,21211
21182,21212
21182,21229
21182,27079
21182,23765
21194,21200
21194,21204
21194,21205
21194,21211
21194,21212
21194,21219
21194,22699
21200,21204
21200,21205
21200,21211
21200,21212
21200,21219
21200,21229
21204,21205
21204,21211
21204,21212
21204,21219
21204,21229
21204,21234
21205,21211
21205,21212
21205,21219
21205,21229
21205,21234
21205,21239
21211,21212
21211,21219
21211,21229
21211,21234
21211,21239
21211,21240
21212,21219
21212,21229
21212,21239
21212,21240
21212,21247
21219,21229
21219,21234
21219,21239
21219,21240
21219,21247
21219,21255
21229,21234
21229,21239
21229,21240
21229,21247
21229,21261
21229,21265
21234,21239
21234,21240
21234,21247
21234,21255
21234,21265
21234,21285
21234,21290
21239,21240
21239,21247
21239,21255
21239,21261
21239,21265
21239,21285
21239,21290
21239,21294
21240,21247
21240,21255
21240,21265
21240,21285
21240,21290
21240,21294
21240,21307
21240,22257
21240,23338
21247,21255
21247,21265
21247,21285
21247,21290
21247,21294
21247,21307
21247,21308
21255,21261
21255,21290
21255,21294
21255,21307
21255,24899
21261,21265
21261,21285
21261,21290
21261,21294
21261,21307
21261,21308
21261,21309
21261,21311
21265,21285
21265,21290
21265,21294
21265,21307
21265,21308
21265,21309
21265,21311
21265,21317
21285,21290
21285,21294
21285,21307
21285,21308
21285,21309
21285,21311
21285,21317
21285,21321
21290,21294
21290,21307
21290,21308
21290,21309
21290,21311
21290,21317
21290,21318
21290,21321
21290,21322
21294,21307
21294,21308
21294,21309
21294,21311
21294,21318
21294,21322
21307,21308
21307,21311
21307,21317
21307,21318
21307,21321
21307,21326
21307,21342
21307,26456
21308,21309
21308,21311
21308,21317
21308,21318
21308,21321
21308,21322
21308,21342
21308,21345
21309,21311
21309,21317
21309,21318
21309,21321
21309,21322
21309,21326
21309,21342
21309,21345
21309,21350
21309,26505
21311,21317
21311,21318
21311,21321
21311,21322
21311,21326
21311,21342
21311,21345
21311,21350
21311,21353
21317,21321
21317,21322
21317,21326
21317,21342
21317,21345
21317,21350
21317,21353
21317,21362
21318,21321
21318,21322
21318,21342
21318,21345
21318,21350
21318,21353
21318,21362
21318,21364
21318,26074
21321,21322
21321,21326
21321,21342
21321,21345
21321,21350
21321,21353
21321,21362
21321,21364
21321,21366
21322,21326
21322,21342
21322,21345
21322,21350
21322,21353
21322,21362
21322,21364
21322,21366
21326,21342
21326,21350
21326,21353
21326,21362
21326,21364
21326,21366
21326,21373
21342,21345
21342,21350
21342,21353
21342,21362
21342,21364
21342,21366
21342,21373
21342,21387
21345,21350
21345,21362
21345,21364
21345,21366
21345,21373
21345,21387
21350,21353
21350,21362
21350,21364
21350,21366
21350,21373
21350,21387
21350,26531
21350,27394
21353,21362
21353,21364
21353,21366
21353,21373
21353,21387
21353,21402
21362,21364
21362,21366
21362,21373
21362,21387
21362,21402
21362,21409
21364,21366
21364,21373
21364,21387
21364,21402
21364,21409
21364,21417
21366,21373
21366,21387
21366,21409
21366,21417
21373,21387
21373,21402
21373,21409
21373,21417
21373,21431
21373,22816
21387,21402
21387,21409
21387,21417
21387,21431
21387,21441
21387,21447
21402,21409
21402,21417
21402,21431
21402,21441
21402,21447
21402,21454
21402,21459
21402,25780
21409,21417
21409,21431
21409,21441
21409,21447
21409,21454
21409,21924
21409,23702
21417,21431
21417,21441
21417,21447
21417,21454
21431,21441
21431,21454
21431,21459
21431,21479
21431,21482
21441,21447
21441,21459
21441,21479
21441,21482
21441,21491
21447,21454
21447,21459
21447,21479
21447,21482
21447,21491
21447,21494
21447,21503
21454,21479
21454,21482
21454,21491
21454,21494
21454,21503
21454,21505
21459,21479
21459,21482
21459,21491
21459,21494
21459,21503
21459,21505
21459,21510
21479,21482
21479,21491
21479,21494
21479,21503
21479,21505
21479,21510
21479,21522
21479,21529
21482,21491
21482,21494
21482,21503
21482,21505
21482,21522
21482,21526
21482,21529
21482,21541
21491,21494
21491,21503
21491,21510
21491,21526
21491,21529
21491,21541
21491,23611
21491,23635
21494,21503
21494,21505
21494,21510
21494,21522
21494,21526
21494,21529
21494,21541
21494,21548
21503,21505
21503,21510
21503,21522
21503,21526
21503,21529
21503,21541
21503,21548
21503,21553
21505,21522
21505,21526
21505,21529
21505,21541
21505,21548
21505,21553
21505,21555
21510,21522
21510,21526
21510,21529
21510,21541
21510,21548
21510,21555
21510,21560
21522,21529
21522,21548
21522,21553
21522,21555
21522,21560
21522,21561
21526,21529
21526,21541
21526,21553
21526,21555
21526,21560
21526,21561
21529,21541
21529,21548
21529,21553
21529,21555
21529,21560
21529,21561
21541,21548
21541,21553
21541,21555
21541,21560
21541,21561
21541,21573
21548,21553
21548,21555
21548,21560
21548,21561
21548,21573
21548,21576
21548,21578
21553,21555
21553,21560
21553,21561
21553,21573
21553,21576
21553,21578
21553,21584
21555,21560
21555,21561
21555,21573
21555,21576
21555,21578
21555,21584
21560,21573
21560,21576
21560,21578
21560,21584
21561,21573
21561,21576
21561,21584
21561,21588
21561,27017
21573,21578
21573,21584
21573,21588
21573,21596
21576,21578
21576,21588
21576,21596
21576,21601
21576,24886
21578,21584
21578,21588
21578,21596
21578,21601
21578,21604
21584,21588
21584,21596
21584,21601
21584,21604
21584,22424
21588,21596
21588,21601
21588,21604
21588,21610
21588,21614
21596,21604
21596,21610
21596,21614
21596,21616
21596,21619
21601,21604
21601,21610
21601,21614
21601,21616
21601,21619
21601,21625
21601,21632
21601,22257
21604,21610
21604,21616
21604,21619
21604,21625
21604,21632
21604,25490
21610,21614
21610,21616
21610,21619
21610,21625
21610,21638
21610,21646
21614,21616
21614,21619
21614,21638
21614,21646
21614,21647
21614,21650
21616,21619
21616,21625
21616,21632
21616,21638
21616,21646
21616,21647
21616,21650
21616,21651
21619,21625
21619,21632
21619,21638
21619,21646
21619,21647
21619,21650
21619,21651
21619,21654
21625,21632
21625,21638
21625,21646
21625,21647
21625,21650
21625,21651
21625,21654
21632,21638
21632,21646
21632,21650
21632,21651
21632,21659
21632,26150
21638,21646
21638,21647
21638,21650
21638,21651
21638,21654
21638,21659
21638,21663
21638,21665
21646,21647
21646,21650
21646,21651
21646,21654
21646,21659
21646,21663
21646,21665
21646,21673
21647,21654
21647,21659
21647,21663
21647,21665
21647,21673
21650,21654
21650,21659
21650,21663
21650,21665
21650,21673
21650,21681
21650,21684
21650,23538
21651,21654
21651,21659
21651,21665
21651,21673
21651,21681
21651,21684
21651,21688
21654,21659
21654,21663
21654,21665
21654,21673
21654,21681
21654,21684
21654,21695
21654,23110
21659,21663
21659,21673
21659,21681
21659,21684
21659,21688
21659,21695
21659,21700
21663,21665
21663,21673
21663,21681
21663,21684
21663,21688
21663,21695
21663,21700
21663,21706
21665,21673
21665,21681
21665,21684
21665,21688
21665,21695
21665,21700
21665,21705
21665,21706
21665,21707
21673,21681
21673,21684
21673,21688
21673,21695
21673,21700
21673,21705
21673,21706
21673,21707
21673,21709
21681,21684
21681,21688
21681,21695
21681,21700
21681,21705
21681,21706
21681,21707
21681,21709
21681,21712
21684,21688
21684,21700
21684,21705
21684,21706
21684,21707
21684,21712
21688,21695
21688,21700
21688,21705
21688,21706
21688,21707
21688,21709
21688,21712
21695,21700
21695,21705
21695,21706
21695,21707
21695,21709
21695,21712
21695,21721
21700,21705
21700,21706
21700,21707
21700,21721
21700,21731
21700,21750
21700,24224
21705,21706
21705,21707
21705,21709
21705,21712
21705,21721
21705,21731
21705,21750
21705,21753
21706,21707
21706,21712
21706,21721
21706,21731
21706,21750
21706,21756
21707,21709
21707,21712
21707,21721
21707,21731
21707,21750
21707,21753
21707,21756
21707,21757
21709,21712
21709,21721
21709,21731
21709,21750
21709,21756
21709,21757
21712,21721
21712,21731
21712,21750
21712,21753
21712,21756
21712,21757
21712,21764
21712,26462
21721,21731
21721,21750
21721,21753
21721,21756
21721,21757
21721,21764
21721,21767
21721,21768
21721,24157
21731,21750
21731,21753
21731,21756
21731,21757
21731,21764
21731,21767
21731,21768
21731,21771
21731,22702
21750,21753
21750,21756
21750,21757
21750,21764
21750,21767
21750,21768
21750,21771
21750,21774
21753,21756
21753,21757
21753,21764
21753,21767
21753,21771
21753,21774
21756,21757
21756,21764
21756,21767
21756,21768
21756,21771
21756,21774
21756,21782
21757,21764
21757,21767
21757,21768
21757,21771
21757,21774
21757,21782
21757,21785
21764,21767
21764,21768
21764,21771
21764,21774
21764,21782
21764,21785
21764,21790
21764,24477
21767,21768
21767,21771
21767,21774
21767,21782
21767,21785
21767,21790
21767,21802
21768,21771
21768,21774
21768,21782
21768,21785
21768,21790
21768,21802
21768,21803
21771,21774
21771,21782
21771,21785
21771,21790
21771,21802
21771,21803
21771,21808
21774,21782
21774,21785
21774,21790
21774,21802
21774,21808
21774,21810
21774,26233
21782,21785
21782,21790
21782,21802
21782,21803
21782,21808
21782,21829
21782,21837
21785,21790
21785,21802
21785,21803
21785,21808
21785,21810
21785,21829
21785,21837
21790,21802
21790,21803
21790,21808
21790,21810
21790,21829
21790,21839
21802,21803
21802,21808
21802,21810
21802,21829
21802,21837
21802,21839
21802,21846
21803,21808
21803,21810
21803,21829
21803,21839
21803,21846
21808,21810
21808,21829
21808,21839
21808,21846
21808,21854
21810,21829
21810,21837
21810,21839
21810,21846
21810,21853
21810,21854
21829,21839
21829,21846
21829,21853
21829,21854
21829,21858
21837,21839
21837,21853
21837,21854
21837,21858
21837,21870
21839,21846
21839,21853
21839,21854
21839,21858
21839,21870
21846,21853
21846,21854
21846,21858
21846,21870
21846,21880
21846,21882
21846,24517
21853,21854
21853,21858
21853,21870
21853,21880
21853,21882
21854,21858
21854,21870
21854,21880
21854,21882
21854,25565
21858,21870
21858,21880
21858,21882
21870,21880
21870,21882
21870,21902
21870,21904
21870,21905
21870,25977
21880,21882
21880,21902
21880,21904
21880,21907
21880,21912
21880,21919
21882,21902
21882,21904
21882,21905
21882,21907
21882,21912
21882,21919
21882,21922
21902,21904
21902,21905
21902,21907
21902,21919
21902,21922
21902,21924
21902,21934
21902,21941
21902,21950
21904,21905
21904,21907
21904,21912
21904,21919
21904,21922
21904,21924
21904,21934
21904,21941
21904,21950
21904,21951
21905,21907
21905,21912
21905,21919
21905,21922
21905,21924
21905,21934
21905,21941
21905,21950
21905,21951
21905,21960
21907,21912
21907,21919
21907,21922
21907,21924
21907,21934
21907,21950
21907,21951
21907,21960
21907,21961
21912,21922
21912,21924
21912,21934
21912,21941
21912,21950
21912,21951
21912,21960
21912,21961
21912,21965
21919,21922
21919,21924
21919,21934
21919,21941
21919,21950
21919,21960
21919,21961
21919,21965
21919,21966
21922,21924
21922,21934
21922,21951
21922,21960
21922,21961
21922,21965
21922,21966
21922,21968
21922,23662
21924,21934
21924,21941
21924,21950
21924,21951
21924,21960
21924,21961
21924,21965
21924,21966
21924,21968
21924,24763
21934,21941
21934,21960
21934,21961
21934,21965
21934,21966
21934,21968
21934,21979
21934,21980
21941,21950
21941,21951
21941,21960
21941,21961
21941,21965
21941,21966
21941,21968
21941,21979
21941,21980
21950,21951
21950,21961
21950,21965
21950,21966
21950,21968
21950,21979
21950,21980
21950,21987
21951,21960
21951,21961
21951,21965
21951,21966
21951,21968
21951,21979
21951,21980
21951,21987
21951,21988
21960,21961
21960,21965
21960,21966
21960,21968
21960,21979
21960,21980
21960,21987
21960,21988
21960,21991
21960,27278
21961,21965
21961,21966
21961,21968
21961,21979
21961,21980
21961,21987
21961,21988
21961,21991
21961,21993
21965,21966
21965,21968
21965,21979
21965,21980
21965,21987
21965,21988
21965,21991
21965,21993
21965,21999
21966,21968
21966,21979
21966,21987
21966,21988
21966,21991
21966,21993
21966,21999
21966,22002
21966,24577
21968,21979
21968,21980
21968,21987
21968,21988
21968,21991
21968,21993
21968,21999
21968,22002
21968,22004
21979,21980
21979,21987
21979,21988
21979,21991
21979,21993
21979,21999
21979,22004
21979,22007
21980,21987
21980,21988
21980,21991
21980,21993
21980,21999
21980,22002
21980,22004
21980,22007
21980,22008
21987,21988
21987,21991
21987,21999
21987,22002
21987,22004
21987,22007
21987,22008
21987,22009
21988,21991
21988,21993
21988,21999
21988,22002
21988,22004
21988,22007
21988,22008
21988,22009
21991,21993
21991,21999
21991,22002
21991,22004
21991,22007
21991,22008
21991,22009
21991,22015
21991,22016
21993,21999
21993,22002
21993,22004
21993,22007
21993,22008
21993,22015
21993,22016
21993,22023
21999,22002
21999,22004
21999,22007
21999,22008
21999,22009
21999,22016
21999,22024
21999,27450
22002,22004
22002,22007
22002,22008
22002,22015
22002,22016
22002,22023
22002,22024
22002,22028
22004,22007
22004,22008
22004,22009
22004,22015
22004,22016
22004,22023
22004,22024
22004,22028
22004,24878
22007,22008
22007,22009
22007,22015
22007,22016
22007,22023
22007,22024
22007,22028
22007,22031
22007,22039
22008,22009
22008,22015
22008,22016
22008,22023
22008,22024
22008,22028
22008,22031
22008,22039
22009,22015
22009,22016
22009,22023
22009,22024
22009,22028
22009,22031
22009,22039
22009,22055
22015,22023
22015,22024
22015,22028
22015,22031
22015,22060
22015,24581
22016,22023
22016,22024
22016,22028
22016,22031
22016,22039
22016,22055
22016,22060
22023,22024
22023,22028
22023,22031
22023,22055
22023,22060
22023,24167
22024,22028
22024,22031
22024,22039
22024,22055
22024,22060
22024,26916
22028,22031
22028,22039
22028,22055
22028,22060
22028,27129
22031,22039
22031,22060
22031,27202
22031,24499
22039,22060
22039,22092
22055,22060
22055,22092
22055,22100
22060,22092
22060,22094
22060,22100
22092,22094
22092,22100
22092,22106
22092,22111
22092,22118
22092,22120
22092,24840
22094,22100
22094,22106
22094,22111
22094,22115
22094,22118
22094,22120
22100,22106
22100,22111
22100,22115
22100,22118
22100,22120
22106,22111
22106,22115
22106,22118
22106,22120
22106,22122
22106,22134
22106,25578
22111,22115
22111,22118
22111,22120
22111,22122
22111,22134
22115,22118
22115,22120
22115,22122
22115,22142
22115,22148
22118,22120
22118,22122
22118,22142
22118,22148
22118,23892
22118,24509
22120,22122
22120,22134
22120,22142
22120,22148
22120,22164
22122,22134
22122,22142
22122,22148
22122,22164
22134,22142
22134,22148
22134,22164
22134,22171
22134,22172
22142,22148
22142,22164
22142,22171
22142,22172
22142,22180
22142,22181
22148,22164
22148,22171
22148,22172
22148,22180
22148,22181
22164,22172
22164,22181
22164,22187
22164,22188
22171,22172
22171,22180
22171,22181
22171,22187
22171,22188
22171,22193
22171,22195
22172,22180
22172,22187
22172,22188
22172,22193
22180,22181
22180,22188
22180,22193
22180,22195
22180,22200
22180,26382
22181,22187
22181,22188
22181,22193
22181,22195
22181,22200
22181,22202
22187,22188
22187,22193
22187,22195
22187,22200
22187,22202
22187,22216
22187,22221
22188,22193
22188,22195
22188,22200
22188,22202
22188,22216
22188,22221
22188,22222
22193,22195
22193,22200
22193,22202
22193,22221
22193,22222
22193,22225
22193,25702
22195,22200
22195,22202
22195,22216
22195,22221
22195,22222
22195,22225
22195,22229
22200,22202
22200,22216
22200,22221
22200,22222
22200,22229
22200,22231
22200,22234
22202,22216
22202,22221
22202,22222
22202,22229
22202,22231
22202,22234
22202,22254
22216,22221
22216,22222
22216,22225
22216,22229
22216,22234
22216,22254
22216,22257
22216,22260
22221,22222
22221,22229
22221,22231
22221,22234
22221,22261
22222,22225
22222,22231
22222,22254
22222,22257
22222,22260
22222,22264
22225,22229
22225,22231
22225,22234
22225,22257
22225,22260
22225,22261
22225,22264
22229,22231
22229,22234
22229,22254
22229,22257
22229,22261
22229,22264
22229,22277
22231,22234
22231,22254
22231,22257
22231,22260
22231,22277
22234,22254
22234,22257
22234,22260
22234,22261
22234,22264
22234,22277
22234,22288
22254,22257
22254,22260
22254,22264
22254,22277
22254,22288
22254,22289
22254,23206
22257,22260
22257,22264
22257,22277
22257,22288
22257,22289
22260,22261
22260,22277
22260,22288
22260,22289
22260,22292
22260,26666
22261,22264
22261,22277
22261,22288
22261,22289
22261,22292
22261,22293
22261,22299
22264,22277
22264,22288
22264,22289
22264,22292
22264,22293
22277,22288
22277,22289
22277,22292
22277,22293
22277,22299
22277,22303
22277,22309
22288,22289
22288,22292
22288,22293
22288,22299
22288,22303
22288,22309
22288,22315
22289,22292
22289,22293
22289,22299
22289,22303
22289,22329
22292,22293
22292,22299
22292,22303
22292,22309
22292,22315
22292,22329
22293,22299
22293,22303
22293,22309
22293,22315
22293,22329
22293,22331
22293,22332
22299,22309
22299,22315
22299,22329
22303,22309
22303,22315
22303,22329
22303,22331
22303,22332
22303,22347
22303,26222
22309,22315
22309,22329
22309,22332
22309,22347
22309,22350
22315,22331
22315,22332
22315,22347
22315,22350
22315,22352
22315,24742
22329,22332
22329,22347
22329,22350
22329,22352
22329,22360
22331,22332
22331,22347
22331,22350
22331,22352
22331,22360
22331,22362
22331,22364
22332,22347
22332,22350
22332,22352
22332,22360
22332,22362
22332,22364
22332,22370
22347,22350
22347,22352
22347,22360
22347,22362
22347,22364
22347,22370
22347,22375
22347,22384
22350,22352
22350,22360
22350,22362
22350,22364
22350,22370
22350,22375
22350,22384
22350,22385
22352,22360
22352,22362
22352,22364
22352,22370
22352,22375
22352,22384
22352,22389
22352,22800
22360,22362
22360,22364
22360,22370
22360,22375
22360,22384
22360,22385
22360,22393
22360,25552
22360,27061
22362,22364
22362,22370
22362,22375
22362,22385
22362,22389
22362,22393
22362,22394
22364,22370
22364,22375
22364,22384
22364,22385
22364,22389
22364,22393
22364,22394
22364,22395
22370,22375
22370,22384
22370,22385
22370,22389
22370,22393
22370,22394
22370,22395
22370,22397
22375,22384
22375,22385
22375,22389
22375,22394
22375,22395
22375,22397
22375,22404
22384,22385
22384,22389
22384,22393
22384,22394
22384,22395
22384,22397
22384,22404
22384,22405
22384,22406
22385,22389
22385,22393
22385,22394
22385,22395
22385,22397
22385,22404
22385,22405
22385,22406
22389,22393
22389,22394
22389,22395
22389,22397
22389,22404
22389,22405
22389,22406
22389,22424
22389,24016
22393,22394
22393,22395
22393,22404
22393,22406
22393,22424
22393,22428
22393,25910
22394,22395
22394,22397
22394,22405
22394,22406
22394,22424
22395,22397
22395,22404
22395,22405
22395,22406
22395,22424
22395,22428
22397,22404
22397,22405
22397,22406
22397,22424
22397,22428
22397,22439
22404,22405
22404,22406
22404,22424
22404,22428
22404,22439
22404,25962
22405,22406
22405,22424
22405,22428
22405,22439
22406,22424
22406,22428
22406,22439
22406,22446
22424,22428
22424,22439
22424,22446
22424,22452
22424,22460
22428,22439
22428,22446
22428,22452
22428,22460
22428,22461
22439,22446
22439,22452
22439,22460
22439,22461
22439,22463
22439,22469
22446,22452
22446,22460
22446,22461
22446,22463
22446,22469
22446,22476
22446,22478
22446,22489
22446,26978
22452,22460
22452,22463
22452,22469
22452,22476
22452,22478
22452,22480
22452,22489
22452,22496
22460,22461
22460,22469
22460,22476
22460,22478
22460,22480
22460,22496
22460,22498
22461,22463
22461,22469
22461,22476
22461,22478
22461,22480
22461,22489
22461,22496
22461,22498
22463,22469
22463,22476
22463,22478
22463,22480
22463,22489
22463,22496
22469,22476
22469,22478
22469,22480
22469,22489
22469,22496
22469,22498
22469,22507
22469,24080
22476,22489
22476,22498
22476,22507
22478,22480
22478,22496
22478,22498
22478,22507
22478,22515
22480,22496
22480,22498
22480,22515
22480,22516
22480,23236
22489,22496
22489,22498
22489,22507
22489,22515
22489,22516
22489,22518
22489,22520
22496,22498
22496,22507
22496,22515
22496,22516
22496,22518
22496,22520
22498,22507
22498,22515
22498,22516
22498,22518
22498,22520
22498,22521
22507,22515
22507,22516
22507,22518
22507,22521
22507,22522
22507,22523
22507,22531
22515,22516
22515,22518
22515,22520
22515,22521
22515,22522
22515,22523
22515,22531
22515,22537
22515,22542
22516,22518
22516,22521
22516,22523
22516,22531
22516,22537
22516,22542
22516,22702
22518,22520
22518,22521
22518,22522
22518,22523
22518,22531
22518,22537
22518,22542
22518,22554
22520,22521
22520,22522
22520,22531
22520,22537
22520,22542
22520,22554
22520,22556
22521,22522
22521,22523
22521,22531
22521,22537
22521,22542
22521,22554
22521,22556
22521,22558
22522,22523
22522,22531
22522,22537
22522,22542
22522,22554
22522,22556
22522,22558
22523,22531
22523,22537
22523,22542
22523,22554
22523,22556
22523,22558
22531,22537
22531,22542
22531,22554
22531,22556
22531,22558
22531,22566
22537,22542
22537,22554
22537,22556
22537,22558
22537,22566
22537,22568
22537,22569
22542,22554
22542,22556
22542,22558
22542,22566
22542,22568
22542,22569
22542,22572
22554,22558
22554,22568
22554,22569
22554,22576
22556,22558
22556,22566
22556,22568
22556,22569
22556,22572
22556,22576
22556,22579
22556,22580
22558,22566
22558,22569
22558,22572
22558,22579
22558,22580
22558,22581
22566,22568
22566,22569
22566,22572
22566,22576
22566,22579
22566,22581
22566,22586
22566,22598
22566,22611
22568,22569
22568,22572
22568,22576
22568,22579
22568,22580
22568,22581
22568,22586
22568,22598
22568,22611
22568,22621
22569,22572
22569,22576
22569,22579
22569,22580
22569,22581
22569,22586
22569,22598
22569,22611
22569,22621
22572,22576
22572,22579
22572,22580
22572,22581
22572,22586
22572,22598
22572,22611
22572,22621
22572,22626
22572,22630
22572,24095
22576,22579
22576,22580
22576,22586
22576,22598
22576,22611
22576,22621
22576,22626
22576,22630
22576,22635
22576,27238
22579,22580
22579,22586
22579,22598
22579,22611
22579,22621
22579,22626
22579,22635
22579,22639
22580,22581
22580,22586
22580,22598
22580,22611
22580,22621
22580,22626
22580,22630
22580,22635
22580,22639
22581,22586
22581,22598
22581,22611
22581,22621
22581,22626
22581,22630
22581,22635
22581,22639
22586,22598
22586,22611
22586,22621
22586,22626
22586,22630
22586,22635
22586,22639
22598,22611
22598,22621
22598,22626
22598,22630
22598,22635
22598,22639
22611,22626
22611,22630
22611,22635
22611,22639
22611,22664
22621,22626
22621,22630
22621,22635
22621,22639
22621,22664
22621,22667
22626,22630
22626,22635
22626,22639
22626,22664
22626,22667
22626,22668
22630,22639
22630,22664
22630,22667
22630,22668
22630,22675
22635,22639
22635,22664
22635,22667
22635,22668
22635,22675
22639,22664
22639,22667
22639,22668
22639,22675
22639,22687
22639,26616
22664,22667
22664,22668
22664,22675
22664,22687
22664,22697
22664,22699
22664,22702
22664,22706
22664,22710
22667,22668
22667,22675
22667,22687
22667,22697
22667,22699
22667,22706
22667,22710
22667,22711
22668,22675
22668,22687
22668,22697
22668,22699
22668,22702
22668,22706
22668,22710
22668,22711
22675,22697
22675,22699
22675,22702
22675,22706
22675,22710
22675,22711
22675,22724
22687,22699
22687,22702
22687,22706
22687,22710
22687,22711
22687,22724
22687,22728
22687,22735
22697,22699
22697,22702
22697,22706
22697,22710
22697,22711
22697,22724
22697,22728
22697,22735
22697,22737
22699,22702
22699,22706
22699,22710
22699,22711
22699,22724
22699,22728
22699,22735
22699,22737
22699,22746
22702,22706
22702,22710
22702,22711
22702,22724
22702,22728
22702,22737
22702,22746
22702,22748
22706,22710
22706,22711
22706,22724
22706,22728
22706,22737
22706,22746
22706,22748
22706,22754
22706,25749
22710,22711
22710,22724
22710,22728
22710,22737
22710,22746
22710,22748
22710,22754
22710,22757
22711,22724
22711,22728
22711,22735
22711,22737
22711,22746
22711,22748
22711,22754
22711,22757
22711,22758
22724,22728
22724,22735
22724,22748
22724,22754
22724,22757
22724,22758
22724,22761
22724,27316
22728,22735
22728,22737
22728,22746
22728,22748
22728,22754
22728,22757
22728,22758
22728,22761
22735,22737
22735,22746
22735,22754
22735,22757
22735,22758
22735,22761
22735,22768
22737,22746
22737,22748
22737,22754
22737,22757
22737,22758
22737,22761
22737,22768
22737,22772
22746,22748
22746,22754
22746,22757
22746,22758
22746,22772
22746,22774
22746,23358
22748,22757
22748,22758
22748,22761
22748,22768
22748,22772
22748,22774
22748,22777
22754,22758
22754,22761
22754,22768
22754,22774
22754,22780
22754,27101
22757,22761
22757,22768
22757,22772
22757,22774
22757,22777
22757,22780
22757,22781
22757,23982
22758,22761
22758,22772
22758,22774
22758,22777
22758,22781
22758,22784
22761,22768
22761,22772
22761,22774
22761,22777
22761,22780
22761,22781
22761,22784
22768,22772
22768,22774
22768,22777
22768,22780
22768,22781
22768,22784
22768,22788
22768,22789
22772,22774
22772,22777
22772,22780
22772,22781
22772,22784
22772,22787
22772,22788
22772,22789
22772,22790
22774,22777
22774,22780
22774,22781
22774,22784
22774,22788
22774,22789
22774,22790
22777,22780
22777,22781
22777,22784
22777,22787
22777,22788
22777,22789
22777,22796
22777,24556
22780,22781
22780,22784
22780,22787
22780,22788
22780,22789
22780,22790
22780,22796
22781,22784
22781,22787
22781,22788
22781,22789
22781,22790
22781,22796
22781,22805
22784,22787
22784,22788
22784,22789
22784,22790
22784,22796
22784,22800
22784,22805
22784,22807
22787,22788
22787,22789
22787,22790
22787,22796
22787,22800
22787,22805
22787,22807
22787,22808
22787,22809
22788,22789
22788,22796
22788,22800
22788,22805
22788,22807
22788,22808
22788,22809
22789,22790
22789,22796
22789,22800
22789,22805
22789,22807
22789,22808
22789,22809
22789,22816
22790,22796
22790,22800
22790,22805
22790,22807
22790,22808
22790,22809
22790,22816
22790,22821
22796,22800
22796,22805
22796,22807
22796,22808
22796,22809
22796,22816
22796,22821
22796,22823
22796,22829
22796,26851
22800,22805
22800,22807
22800,22808
22800,22809
22800,22816
22800,22821
22800,22823
22800,22829
22800,22832
22805,22808
22805,22809
22805,22816
22805,22821
22805,22823
22805,22829
22805,22832
22805,22839
22807,22808
22807,22809
22807,22816
22807,22821
22807,22823
22807,22829
22807,22832
22807,22839
22807,22848
22807,25169
22808,22809
22808,22816
22808,22821
22808,22823
22808,22832
22808,22839
22808,22848
22808,22850
22809,22816
22809,22821
22809,22823
22809,22829
22809,22832
22809,22839
22809,22848
22809,22850
22809,22855
22809,26413
22816,22821
22816,22823
22816,22829
22816,22832
22816,22848
22816,22850
22816,22855
22816,22860
22821,22823
22821,22829
22821,22832
22821,22839
22821,22848
22821,22850
22821,22855
22821,22860
22821,22861
22823,22829
22823,22832
22823,22839
22823,22848
22823,22850
22823,22855
22823,22860
22823,22861
22823,22864
22829,22832
22829,22839
22829,22848
22829,22850
22829,22855
22829,22860
22829,22861
22829,22864
22829,22869
22832,22839
22832,22848
22832,22850
22832,22855
22832,22860
22832,22861
22832,22864
22832,22869
22839,22855
22839,22860
22839,22861
22839,22864
22839,22869
22839,22878
22848,22850
22848,22855
22848,22860
22848,22861
22848,22864
22848,22869
22848,22878
22848,22882
22850,22855
22850,22860
22850,22861
22850,22864
22850,22869
22850,22878
22850,22882
22850,22883
22855,22861
22855,22864
22855,22869
22855,22878
22855,22882
22855,22883
22855,22885
22860,22861
22860,22864
22860,22869
22860,22878
22860,22882
22860,22883
22860,22885
22861,22864
22861,22882
22861,22883
22861,22885
22861,22894
22861,23047
22864,22869
22864,22878
22864,22882
22864,22883
22864,22885
22869,22878
22869,22882
22869,22883
22869,22885
22869,22894
22869,22897
22869,22899
22878,22882
22878,22883
22878,22894
22878,22897
22878,22899
22878,25872
22878,24485
22882,22883
22882,22885
22882,22894
22882,22897
22882,22899
22882,22904
22882,22905
22882,22912
22883,22885
22883,22897
22883,22899
22883,22905
22883,22912
22883,22919
22885,22894
22885,22897
22885,22899
22885,22904
22885,22905
22885,22912
22885,22919
22885,22922
22894,22897
22894,22899
22894,22905
22894,22912
22894,22919
22894,22922
22894,22927
22894,22931
22894,22940
22897,22899
22897,22904
22897,22905
22897,22912
22897,22919
22897,22922
22897,22927
22897,22931
22897,22940
22897,22942
22899,22904
22899,22905
22899,22912
22899,22922
22899,22927
22899,22940
22899,22942
22899,22943
22904,22905
22904,22912
22904,22919
22904,22922
22904,22927
22904,22931
22904,22940
22904,22943
22905,22912
22905,22919
22905,22922
22905,22927
22905,22931
22905,22940
22905,22942
22905,22943
22905,22958
22912,22919
22912,22927
22912,22940
22912,22942
22912,22943
22912,22958
22912,22960
22919,22922
22919,22927
22919,22940
22919,22942
22919,22943
22919,22960
22919,22962
22919,27285
22922,22927
22922,22931
22922,22940
22922,22942
22922,22943
22922,22958
22922,22960
22922,22962
22927,22931
22927,22940
22927,22943
22927,22958
22927,22960
22927,22962
22931,22940
22931,22942
22931,22943
22931,22958
22931,22960
22931,22962
22931,22967
22940,22942
22940,22943
22940,22958
22940,22967
22942,22943
22942,22958
22942,22960
22942,22962
22942,22967
22943,22960
22943,22967
22943,22982
22958,22960
22958,22962
22958,22967
22958,22984
22958,22986
22958,26602
22960,22962
22960,22967
22960,22982
22960,22984
22960,22986
22962,22982
22962,22984
22962,22986
22962,22993
22967,22982
22967,22984
22967,22986
22967,22993
22967,23004
22982,22984
22982,22986
22982,22993
22982,23004
22982,23005
22982,23014
22982,24080
22984,23004
22984,23005
22984,23014
22984,23021
22986,22993
22986,23004
22986,23005
22986,23014
22986,23021
22993,23004
22993,23005
22993,23014
22993,23021
22993,23025
22993,23026
23004,23014
23004,23021
23004,23025
23004,23026
23004,23031
23004,23032
23004,23173
23005,23014
23005,23021
23005,23026
23005,23029
23005,23031
23005,23032
23005,23033
23014,23021
23014,23025
23014,23026
23014,23029
23014,23031
23014,23032
23014,23033
23014,23034
23021,23025
23021,23029
23021,23031
23021,23032
23021,23033
23021,23034
23021,23047
23021,27058
23025,23029
23025,23032
23025,23033
23025,23034
23025,23049
23025,26582
23025,27144
23026,23029
23026,23031
23026,23032
23026,23033
23026,23034
23026,23047
23026,23049
23026,23064
23029,23031
23029,23032
23029,23033
23029,23034
23029,23047
23029,23049
23029,23064
23031,23032
23031,23033
23031,23034
23031,23047
23031,23049
23031,23064
23031,23068
23032,23033
23032,23034
23032,23047
23032,23049
23032,23064
23033,23034
23033,23047
23033,23049
23033,23064
23033,23068
23033,23072
23034,23049
23034,23068
23034,23072
23034,23080
23034,27171
23047,23049
23047,23064
23047,23068
23047,23080
23047,23087
23049,23068
23049,23072
23049,23080
23049,23087
23049,23167
23064,23072
23064,23087
23064,23098
23064,23107
23068,23072
23068,23080
23068,23087
23068,23098
23068,23107
23068,23108
23072,23080
23072,23087
23072,23098
23072,23107
23072,23108
23072,23110
23072,25891
23080,23087
23080,23098
23080,23107
23080,23110
23087,23098
23087,23107
23087,23108
23098,23107
23098,23108
23098,23110
23098,23132
23098,23138
23098,23145
23107,23108
23107,23110
23107,23132
23107,23138
23107,23145
23108,23110
23108,23132
23108,23138
23108,23145
23108,23153
23108,25586
23110,23132
23110,23138
23110,23145
23110,23153
23110,23160
23132,23138
23132,23145
23132,23153
23132,23160
23132,23161
23132,23167
23138,23153
23138,23160
23138,23161
23138,23167
23138,23171
23145,23153
23145,23160
23145,23161
23145,23167
23145,23171
23145,23173
23153,23160
23153,23161
23153,23167
23153,23173
23153,23175
23153,23179
23160,23161
23160,23167
23160,23171
23160,23173
23160,23175
23160,23179
23160,23182
23160,23189
23161,23167
23161,23173
23161,23175
23161,23179
23161,23191
23167,23171
23167,23173
23167,23179
23167,23189
23167,23191
23167,23196
23171,23173
23171,23175
23171,23179
23171,23182
23171,23189
23171,23196
23171,23206
23173,23175
23173,23179
23173,23182
23173,23189
23173,23191
23173,23196
23173,23206
23173,23207
23175,23179
23175,23182
23175,23189
23175,23191
23175,23206
23175,23207
23179,23189
23179,23191
23179,23196
23179,23206
23179,23207
23179,23218
23182,23189
23182,23191
23182,23196
23182,23206
23182,23207
23182,23218
23182,23219
23189,23191
23189,23196
23189,23206
23189,23207
23189,23218
23189,23219
23189,23221
23191,23196
23191,23206
23191,23207
23191,23219
23191,23909
23196,23206
23196,23207
23196,23218
23196,23219
23196,23221
23196,23232
23206,23207
23206,23218
23206,23219
23206,23232
23206,23237
23207,23218
23207,23219
23207,23221
23207,23232
23207,23236
23207,23237
23207,23241
23218,23219
23218,23221
23218,23236
23218,23237
23218,23241
23218,23242
23219,23221
23219,23232
23219,23236
23219,23237
23219,23241
23219,23242
23221,23236
23221,23237
23221,23241
23221,23242
23232,23236
23232,23237
23232,23241
23232,23242
23232,23262
23236,23237
23236,23241
23236,23242
23236,23262
23236,23281
23236,23282
23236,24466
23237,23241
23237,23242
23237,23262
23237,23281
23237,23282
23241,23242
23241,23262
23241,23281
23241,23282
23242,23262
23242,23281
23242,23282
23242,23288
23262,23281
23262,23282
23262,23288
23262,23289
23262,23291
23262,23295
23262,23299
23281,23282
23281,23289
23281,23291
23281,23295
23281,23299
23282,23288
23282,23289
23282,23291
23282,23295
23282,23299
23282,23307
23288,23291
23288,23295
23288,23299
23288,23307
23288,23310
23288,23311
23289,23291
23289,23299
23289,23307
23289,23310
23289,23311
23289,23316
23291,23295
23291,23299
23291,23307
23291,23310
23291,23311
23291,23316
23295,23299
23295,23310
23295,23311
23295,23316
23295,23320
23295,23322
23299,23307
23299,23310
23299,23311
23299,23316
23299,23320
23299,23322
23299,23330
23307,23310
23307,23311
23307,23316
23307,23320
23307,23322
23307,23330
23310,23311
23310,23316
23310,23320
23310,23322
23310,23330
23310,23338
23311,23316
23311,23320
23311,23322
23311,23330
23311,23346
23316,23330
23316,23338
23316,23346
23316,25976
23320,23322
23320,23330
23320,23338
23320,23346
23320,23347
23320,23348
23322,23330
23322,23347
23322,23348
23322,23357
23322,26262
23330,23338
23330,23346
23330,23348
23330,23357
23330,23358
23330,23360
23330,26985
23338,23346
23338,23347
23338,23348
23338,23357
23338,23358
23338,23363
23346,23347
23346,23348
23346,23357
23346,23360
23346,23363
23346,23366
23346,23368
23347,23348
23347,23357
23347,23358
23347,23360
23347,23366
23347,23368
23348,23357
23348,23358
23348,23360
23348,23363
23348,23366
23348,23368
23348,23376
23357,23358
23357,23360
23357,23363
23357,23366
23357,23368
23357,23376
23357,23380
23357,23383
23358,23360
23358,23363
23358,23366
23358,23368
23358,23376
23358,23380
23358,23383
23358,23384
23360,23363
23360,23368
23360,23376
23360,23380
23360,23383
23360,23384
23363,23366
23363,23368
23363,23380
23363,23383
23363,23384
23366,23368
23366,23380
23366,23383
23366,23384
23366,23402
23366,23416
23366,25745
23368,23380
23368,23383
23368,23384
23368,23402
23368,23416
23368,23417
23376,23380
23376,23384
23376,23402
23376,23416
23376,23417
23376,25811
23380,23383
23380,23402
23380,23416
23380,23417
23380,23422
23383,23384
23383,23402
23383,23416
23383,23417
23383,23422
23383,23424
23384,23402
23384,23416
23384,23417
23384,23419
23384,23422
23384,23424
23384,26365
23402,23416
23402,23417
23402,23419
23402,23422
23402,23424
23402,23430
23402,23435
23416,23417
23416,23419
23416,23422
23416,23424
23416,23430
23416,23435
23417,23419
23417,23422
23417,23424
23417,23430
23417,23435
23417,24789
23419,23422
23419,23424
23419,23430
23419,23450
23422,23424
23422,23430
23422,23435
23422,23450
23424,23430
23424,23435
23424,23450
23424,23458
23430,23435
23430,23450
23430,23458
23430,23460
23435,23458
23435,23460
23435,23474
23450,23460
23450,23470
23450,23474
23450,23476
23450,23477
23458,23460
23458,23470
23458,23474
23458,23476
23458,23477
23458,23481
23460,23470
23460,23474
23460,23476
23460,23477
23460,23481
23460,23494
23470,23474
23470,23476
23470,23477
23470,23481
23470,23494
23470,23501
23474,23476
23474,23481
23474,23494
23474,23501
23474,23508
23476,23477
23476,23481
23476,23494
23476,23501
23476,23508
23476,23511
23477,23481
23477,23494
23477,23501
23477,23508
23477,23511
23477,23516
23481,23501
23481,23508
23481,23511
23481,23516
23481,23525
23494,23501
23494,23508
23494,23511
23494,23516
23494,23525
23494,23535
23494,23538
23501,23508
23501,23511
23501,23516
23501,23530
23501,23535
23501,23538
23501,23541
23501,27016
23508,23511
23508,23516
23508,23525
23508,23530
23508,23535
23508,23541
23511,23516
23511,23525
23511,23530
23511,23535
23511,23538
23511,23541
23511,23564
23516,23525
23516,23530
23516,23535
23516,23538
23516,23541
23516,23564
23516,23573
23525,23530
23525,23535
23525,23538
23525,23541
23525,23564
23525,23573
23530,23535
23530,23538
23530,23541
23530,23564
23535,23538
23535,23541
23535,23573
23538,23541
23538,23564
23538,23573
23538,23591
23538,23592
23541,23564
23541,23573
23541,23591
23541,23592
23564,23573
23564,23591
23564,23592
23564,23596
23564,23601
23573,23591
23573,23592
23573,23596
23573,23603
23591,23592
23591,23596
23591,23601
23591,23603
23591,23609
23591,23610
23591,23611
23592,23596
23592,23601
23592,23603
23592,23609
23592,23610
23592,23611
23596,23601
23596,23603
23596,23609
23596,23610
23596,23611
23596,23616
23601,23603
23601,23609
23601,23610
23601,23611
23601,23615
23601,23616
23601,23620
23603,23609
23603,23610
23603,23611
23603,23615
23603,23616
23603,23620
23603,23624
23609,23610
23609,23611
23609,23615
23609,23616
23609,23624
23609,23629
23610,23616
23610,23620
23610,23624
23610,23628
23610,23629
23610,23631
23611,23615
23611,23616
23611,23620
23611,23624
23611,23628
23611,23629
23611,23631
23611,23632
23615,23616
23615,23620
23615,23624
23615,23628
23615,23629
23615,23631
23615,23632
23615,23635
23615,25936
23616,23624
23616,23628
23616,23629
23616,23631
23616,23632
23616,23637
23616,24577
23620,23624
23620,23628
23620,23629
23620,23631
23620,23632
23620,23635
23624,23628
23624,23629
23624,23631
23624,23632
23624,23635
23624,23637
23624,23644
23628,23629
23628,23631
23628,23632
23628,23637
23628,23644
23628,23649
23629,23631
23629,23635
23629,23637
23629,23644
23629,23646
23629,23655
23631,23632
23631,23635
23631,23637
23631,23644
23631,23646
23631,23649
23631,23655
23631,23657
23632,23635
23632,23637
23632,23644
23632,23646
23632,23649
23632,23655
23632,23657
23635,23637
23635,23644
23635,23646
23635,23649
23635,23655
23635,23658
23635,23660
23637,23644
23637,23646
23637,23649
23637,23655
23637,23657
23637,23658
23637,23660
23644,23646
23644,23649
23644,23655
23644,23657
23644,23658
23644,23660
23644,23661
23644,23662
23644,23664
23644,23666
23646,23649
23646,23657
23646,23658
23646,23660
23646,23661
23646,23662
23646,23664
23646,23666
23649,23655
23649,23657
23649,23658
23649,23660
23649,23661
23649,23662
23649,23664
23649,23666
23655,23657
23655,23658
23655,23660
23655,23661
23655,23662
23655,23664
23655,23666
23655,23677
23655,23679
23657,23660
23657,23661
23657,23662
23657,23664
23657,23666
23657,23677
23657,23679
23658,23660
23658,23661
23658,23662
23658,23664
23658,23666
23658,23677
23658,23679
23658,23682
23660,23661
23660,23664
23660,23666
23660,23677
23660,23679
23660,23682
23661,23662
23661,23664
23661,23666
23661,23677
23661,23679
23661,23690
23662,23664
23662,23666
23662,23682
23662,23690
23662,23691
23662,25311
23664,23666
23664,23677
23664,23679
23664,23682
23664,23690
23664,23691
23664,23693
23666,23677
23666,23679
23666,23682
23666,23690
23666,23691
23666,23693
23666,23696
23677,23679
23677,23690
23677,23691
23677,23693
23677,23696
23677,23702
23679,23682
23679,23693
23679,23696
23679,23702
23679,23712
23682,23690
23682,23691
23682,23693
23682,23696
23682,23702
23682,23712
23682,23717
23682,23718
23690,23691
23690,23693
23690,23696
23690,23702
23690,23712
23690,23717
23690,23718
23690,23725
23691,23693
23691,23696
23691,23702
23691,23712
23691,23717
23691,23725
23691,23727
23691,24611
23693,23696
23693,23702
23693,23712
23693,23717
23693,23718
23693,23725
23693,23727
23693,23728
23696,23702
23696,23712
23696,23725
23696,23727
23696,23728
23696,23729
23702,23712
23702,23717
23702,23718
23702,23727
23702,23728
23712,23717
23712,23718
23712,23725
23712,23727
23712,23729
23712,23735
23712,24884
23717,23718
23717,23725
23717,23727
23717,23728
23717,23729
23717,23735
23717,23743
23718,23725
23718,23727
23718,23735
23718,23743
23718,23747
23725,23727
23725,23728
23725,23729
23725,23735
23725,23743
23725,23747
23725,23754
23727,23729
23727,23735
23727,23743
23727,23747
23727,23754
23727,24611
23728,23729
23728,23735
23728,23743
23728,23747
23728,23754
23728,23757
23728,23758
23729,23735
23729,23743
23729,23747
23729,23754
23729,23757
23729,23758
23735,23743
23735,23747
23735,23754
23735,23757
23735,23758
23735,23761
23735,23765
23735,24965
23743,23747
23743,23754
23743,23757
23743,23758
23743,23761
23743,23765
23743,23782
23743,23786
23747,23754
23747,23757
23747,23758
23747,23761
23747,23765
23747,23782
23747,23786
23747,23789
23754,23757
23754,23758
23754,23761
23754,23765
23754,23782
23754,23786
23754,23789
23754,23793
23757,23758
23757,23761
23757,23765
23757,23782
23757,23786
23757,23789
23757,23797
23757,23798
23758,23761
23758,23765
23758,23782
23758,23786
23758,23789
23758,23793
23758,23797
23758,23799
23761,23765
23761,23782
23761,23786
23761,23789
23761,23797
23761,23798
23761,23799
23761,23805
23765,23786
23765,23789
23765,23793
23765,23797
23765,23798
23765,23800
23765,23805
23782,23786
23782,23789
23782,23793
23782,23797
23782,23798
23782,23799
23782,23800
23782,23805
23782,23811
23786,23789
23786,23793
23786,23797
23786,23798
23786,23799
23786,23800
23786,23805
23786,23811
23786,26049
23789,23793
23789,23797
23789,23798
23789,23799
23789,23800
23789,23805
23789,23811
23789,23818
23793,23797
23793,23798
23793,23799
23793,23800
23793,23805
23793,23811
23793,23818
23797,23798
23797,23799
23797,23800
23797,23805
23797,23811
23797,23818
23797,23833
23798,23799
23798,23800
23798,23805
23798,23811
23798,23818
23798,23833
23798,23834
23799,23800
23799,23805
23799,23818
23799,23833
23799,23834
23799,23840
23800,23805
23800,23811
23800,23818
23800,23833
23800,23834
23800,23840
23800,23845
23805,23811
23805,23818
23805,23833
23805,23834
23805,23840
23805,23845
23811,23818
23811,23833
23811,23834
23811,23840
23811,23845
23811,23855
23811,23856
23818,23833
23818,23834
23818,23840
23818,23845
23818,23855
23818,23856
23818,23858
23818,23859
23818,25884
23833,23834
23833,23840
23833,23845
23833,23855
23833,23856
23833,23858
23833,23859
23833,23862
23833,23864
23834,23840
23834,23845
23834,23855
23834,23856
23834,23858
23834,23859
23834,23862
23834,23864
23834,23868
23834,24428
23840,23845
23840,23855
23840,23858
23840,23859
23840,23862
23840,23864
23840,23868
23840,26797
23845,23855
23845,23856
23845,23858
23845,23859
23845,23862
23845,23864
23845,23868
23845,23877
23845,23880
23845,24016
23855,23856
23855,23858
23855,23859
23855,23862
23855,23864
23855,23868
23855,23877
23855,23880
23855,23881
23855,23889
23856,23859
23856,23862
23856,23864
23856,23868
23856,23877
23856,23880
23856,23889
23858,23862
23858,23864
23858,23868
23858,23877
23858,23881
23858,23889
23858,23892
23858,25041
23859,23862
23859,23864
23859,23868
23859,23877
23859,23880
23859,23881
23859,23889
23859,23892
23862,23864
23862,23868
23862,23877
23862,23880
23862,23881
23862,23889
23862,23892
23862,23901
23864,23868
23864,23877
23864,23880
23864,23881
23864,23889
23864,23901
23868,23877
23868,23880
23868,23881
23868,23889
23868,23892
23868,23901
23868,23904
23877,23880
23877,23881
23877,23889
23877,23892
23877,23901
23877,23904
23877,23907
23880,23881
23880,23889
23880,23892
23880,23901
23880,23904
23880,23909
23881,23889
23881,23892
23881,23901
23881,23904
23881,23907
23881,23909
23881,23911
23889,23892
23889,23901
23889,23904
23889,23907
23889,23909
23889,23911
23892,23901
23892,23904
23892,23907
23892,23909
23892,23913
23892,23916
23901,23904
23901,23907
23901,23909
23901,23911
23901,23913
23901,23916
23904,23907
23904,23909
23904,23911
23904,23913
23904,23916
23904,23930
23907,23909
23907,23911
23907,23913
23907,23916
23907,23934
23907,23938
23907,24899
23909,23911
23909,23913
23909,23916
23909,23934
23909,23938
23911,23913
23911,23916
23911,23930
23911,23934
23911,23938
23911,23945
23911,26279
23913,23916
23913,23930
23913,23934
23913,23938
23913,23945
23913,23947
23916,23930
23916,23934
23916,23945
23916,23947
23916,23948
23930,23934
23930,23938
23930,23945
23930,23947
23930,23948
23930,23950
23930,23952
23930,23954
23934,23938
23934,23945
23934,23950
23934,23952
23934,23954
23934,23968
23934,27435
23938,23945
23938,23947
23938,23948
23938,23952
23938,23954
23938,23968
23945,23947
23945,23948
23945,23950
23945,23952
23945,23954
23945,23968
23945,23969
23945,23972
23947,23948
23947,23950
23947,23952
23947,23954
23947,23968
23947,23975
23948,23950
23948,23952
23948,23968
23948,23969
23948,23972
23948,23973
23948,23975
23948,23980
23950,23952
23950,23954
23950,23968
23950,23969
23950,23972
23950,23973
23950,23975
23950,23980
23950,23982
23952,23954
23952,23968
23952,23969
23952,23972
23952,23975
23952,23980
23952,23982
23952,23985
23954,23968
23954,23969
23954,23972
23954,23973
23954,23975
23954,23980
23954,23982
23954,23985
23954,23991
23968,23969
23968,23972
23968,23973
23968,23975
23968,23980
23968,23982
23968,23985
23968,23991
23968,23995
23969,23973
23969,23975
23969,23980
23969,23985
23969,23991
23969,23995
23969,26583
23972,23973
23972,23975
23972,23980
23972,23982
23972,23985
23972,23991
23972,23995
23972,24004
23973,23975
23973,23980
23973,23982
23973,23985
23973,23991
23973,23995
23975,23980
23975,23982
23975,23985
23975,23991
23975,23995
23975,24004
23975,24105
23980,23985
23980,23991
23980,23995
23980,24004
23982,23985
23982,23991
23982,23995
23982,24016
23985,23991
23985,23995
23985,24004
23985,24016
23985,24022
23991,23995
23991,24004
23991,24016
23991,24022
23991,24034
23995,24004
23995,24016
23995,24022
23995,24034
23995,24040
24004,24016
24004,24022
24004,24034
24004,24040
24004,24043
24004,24047
24016,24022
24016,24034
24016,24043
24016,24047
24016,24061
24022,24034
24022,24040
24022,24043
24022,24047
24022,24055
24022,24058
24022,24061
24022,24062
24034,24040
24034,24043
24034,24047
24034,24055
24034,24058
24034,24061
24034,24062
24040,24043
24040,24047
24040,24055
24040,24058
24040,24061
24040,24062
24043,24047
24043,24055
24043,24058
24043,24061
24043,24062
24043,26976
24047,24055
24047,24058
24047,24061
24047,24062
24047,24080
24055,24058
24055,24061
24055,24062
24055,24080
24055,24084
24058,24061
24058,24062
24058,24080
24058,24084
24061,24062
24061,24080
24061,24084
24061,24091
24062,24080
24062,24084
24062,24095
24080,24084
24080,24091
24080,24097
24084,24091
24084,24097
24084,24105
24091,24095
24091,24097
24091,24105
24091,24119
24091,24124
24095,24097
24095,24105
24095,24119
24095,24124
24095,24128
24097,24105
24097,24119
24097,24124
24097,24128
24097,24131
24097,24133
24105,24119
24105,24131
24105,24133
24105,24139
24105,26444
24119,24124
24119,24128
24119,24131
24119,24133
24119,24139
24119,24141
24119,24153
24124,24128
24124,24131
24124,24133
24124,24139
24124,24141
24124,24146
24124,24155
24124,27444
24128,24131
24128,24133
24128,24141
24128,24146
24128,24153
24128,24155
24128,24157
24128,24159
24131,24133
24131,24139
24131,24141
24131,24146
24131,24153
24131,24155
24131,24157
24131,24159
24131,24164
24133,24139
24133,24141
24133,24146
24133,24153
24133,24155
24133,24157
24133,24159
24133,24164
24133,24167
24139,24141
24139,24146
24139,24153
24139,24155
24139,24157
24139,24159
24139,24167
24141,24146
24141,24153
24141,24155
24141,24157
24141,24159
24141,24167
24141,24176
24146,24153
24146,24155
24146,24157
24146,24159
24146,24164
24146,24176
24146,24179
24146,24181
24153,24155
24153,24157
24153,24159
24153,24164
24153,24179
24153,24181
24153,24182
24155,24157
24155,24159
24155,24164
24155,24167
24155,24176
24155,24179
24155,24181
24155,24182
24155,24183
24157,24159
24157,24164
24157,24167
24157,24176
24157,24179
24157,24182
24157,24183
24157,24185
24159,24164
24159,24167
24159,24176
24159,24179
24159,24181
24159,24182
24159,24183
24159,24185
24164,24167
24164,24176
24164,24179
24164,24182
24164,24185
24164,24192
24167,24176
24167,24179
24167,24181
24167,24182
24167,24185
24167,24192
24176,24179
24176,24181
24176,24182
24176,24183
24176,24185
24176,24192
24176,24194
24176,24195
24179,24181
24179,24182
24179,24183
24179,24185
24179,24192
24179,24194
24179,24195
24179,24199
24181,24182
24181,24183
24181,24185
24181,24192
24181,24194
24181,24195
24181,24199
24181,24202
24182,24183
24182,24185
24182,24192
24182,24194
24182,24195
24182,24199
24182,24202
24183,24185
24183,24192
24183,24195
24183,24199
24183,24202
24183,24213
24185,24192
24185,24194
24185,24195
24185,24199
24185,24202
24185,24213
24192,24194
24192,24199
24192,24202
24192,24213
24192,24217
24192,25479
24194,24195
24194,24199
24194,24202
24194,24213
24194,24217
24194,24224
24195,24199
24195,24202
24195,24213
24195,24217
24195,24224
24195,24225
24199,24202
24199,24213
24199,24217
24199,24224
24199,24225
24199,24235
24202,24213
24202,24217
24202,24224
24202,24225
24202,24235
24202,26821
24213,24224
24213,24225
24213,24235
24213,24248
24217,24224
24217,24225
24217,24248
24217,24252
24224,24225
24224,24235
24224,24248
24224,24252
24224,24256
24225,24235
24225,24248
24225,24252
24225,24256
24235,24248
24235,24252
24235,24256
24235,24264
24235,24268
24248,24252
24248,24256
24248,24264
24248,24268
24248,24274
24248,24278
24248,25257
24252,24256
24252,24264
24252,24268
24252,24274
24252,24278
24256,24264
24256,24274
24256,24278
24256,24296
24256,24297
24264,24268
24264,24278
24264,24296
24264,24297
24264,24306
24264,24312
24268,24274
24268,24296
24268,24297
24268,24306
24268,24312
24274,24278
24274,24296
24274,24297
24274,24306
24274,24312
24274,24323
24278,24296
24278,24297
24278,24306
24278,24312
24278,24323
24278,24335
24296,24297
24296,24306
24296,24312
24296,24323
24297,24306
24297,24312
24297,24323
24297,24335
24297,24355
24306,24312
24306,24335
24306,24355
24312,24323
24312,24335
24312,24355
24323,24335
24323,24355
24323,24366
24323,24367
24323,24368
24335,24355
24335,24366
24335,24367
24335,24368
24335,24369
24355,24366
24355,24367
24355,24368
24355,24369
24355,24376
24355,24383
24355,24386
24366,24368
24366,24369
24366,24376
24366,24383
24366,24386
24366,24387
24366,24389
24367,24368
24367,24376
24367,24383
24367,24386
24367,24387
24367,24389
24368,24369
24368,24376
24368,24383
24368,24386
24368,24387
24368,24389
24369,24376
24369,24383
24369,24386
24369,24387
24369,24389
24376,24383
24376,24386
24376,24387
24376,24389
24376,24409
24383,24386
24383,24387
24383,24389
24383,24409
24383,24418
24386,24387
24386,24389
24386,24409
24386,24418
24387,24389
24387,24409
24389,24409
24389,24418
24389,24428
24389,24430
24409,24418
24409,24428
24409,24430
24409,24433
24409,24449
24409,24456
24418,24428
24418,24430
24418,24433
24418,24449
24418,24456
24428,24430
24428,24449
24428,24456
24428,24464
24428,24465
24428,24466
24428,26096
24430,24433
24430,24449
24430,24456
24430,24464
24430,24465
24430,24466
24430,24467
24433,24449
24433,24464
24433,24465
24433,24467
24449,24456
24449,24464
24449,24465
24449,24466
24449,24467
24449,24473
24449,24475
24456,24464
24456,24466
24456,24467
24456,24473
24456,24475
24456,24477
24456,27000
24464,24465
24464,24466
24464,24467
24464,24473
24464,24475
24464,24477
24464,24485
24464,24489
24464,24493
24465,24466
24465,24473
24465,24475
24465,24489
24465,24493
24465,24499
24466,24473
24466,24477
24466,24485
24466,24489
24466,24493
24466,24499
24466,24502
24467,24473
24467,24475
24467,24477
24467,24485
24467,24489
24467,24493
24467,24499
24467,24502
24467,24506
24473,24475
24473,24477
24473,24485
24473,24489
24473,24493
24473,24499
24473,24502
24473,24506
24473,24517
24475,24477
24475,24485
24475,24489
24475,24493
24475,24499
24475,24502
24475,24506
24475,24509
24475,24517
24475,24519
24477,24485
24477,24489
24477,24493
24477,24499
24477,24502
24477,24509
24477,24517
24477,24519
24477,25848
24485,24489
24485,24493
24485,24499
24485,24502
24485,24506
24485,24509
24485,24517
24485,24519
24485,24526
24485,24604
24489,24493
24489,24499
24489,24502
24489,24506
24489,24509
24489,24517
24489,24526
24489,24533
24493,24499
24493,24502
24493,24506
24493,24509
24493,24517
24493,24519
24493,24526
24493,24533
24499,24502
24499,24506
24499,24509
24499,24519
24499,24526
24499,24537
24499,24541
24502,24506
24502,24509
24502,24517
24502,24526
24502,24533
24502,24537
24502,24541
24506,24509
24506,24517
24506,24519
24506,24526
24506,24533
24506,24541
24506,24553
24506,27196
24506,26626
24509,24517
24509,24533
24509,24537
24509,24541
24509,24554
24517,24519
24517,24526
24517,24537
24517,24541
24517,24553
24517,24554
24517,24556
24519,24526
24519,24533
24519,24537
24519,24541
24519,24554
24519,24556
24519,24561
24526,24533
24526,24537
24526,24541
24526,24553
24526,24554
24526,24556
24526,24561
24526,24573
24533,24541
24533,24553
24533,24554
24533,24556
24533,24561
24533,24573
24533,24577
24537,24541
24537,24553
24537,24556
24537,24561
24537,24573
24537,24577
24537,24579
24537,24929
24541,24553
24541,24554
24541,24556
24541,24561
24541,24573
24541,24577
24541,24579
24541,24581
24553,24554
24553,24556
24553,24561
24553,24573
24553,24579
24553,24581
24553,24586
24553,25963
24554,24556
24554,24561
24554,24573
24554,24577
24554,24579
24554,24581
24556,24577
24556,24579
24556,24581
24556,24595
24561,24573
24561,24577
24561,24579
24561,24581
24561,24586
24561,24595
24561,24598
24573,24577
24573,24579
24573,24581
24573,24586
24573,24595
24573,24598
24573,24604
24577,24579
24577,24581
24577,24586
24577,24595
24577,24598
24577,24604
24577,24607
24579,24581
24579,24586
24579,24595
24579,24598
24579,24604
24579,24607
24581,24586
24581,24595
24581,24598
24581,24607
24581,24611
24586,24595
24586,24598
24586,24604
24586,24607
24586,24611
24586,24704
24595,24598
24595,24604
24595,24607
24595,24611
24595,24616
24595,24620
24595,24623
24595,24954
24598,24604
24598,24607
24598,24611
24598,24620
24598,24623
24598,24628
24604,24607
24604,24611
24604,24616
24604,24620
24604,24623
24604,24628
24607,24611
24607,24616
24607,24620
24607,24623
24607,24628
24607,24632
24611,24620
24611,24628
24611,24632
24611,24634
24611,24639
24616,24620
24616,24628
24616,24632
24616,24639
24616,24643
24616,24646
24620,24623
24620,24628
24620,24634
24620,24639
24620,24643
24620,24646
24620,24651
24623,24628
24623,24632
24623,24634
24623,24639
24623,24643
24623,24646
24623,24651
24623,24653
24628,24632
24628,24639
24628,24643
24628,24646
24628,24651
24628,24653
24628,24654
24632,24634
24632,24639
24632,24643
24632,24651
24632,24653
24632,24654
24632,24671
24632,26793
24634,24639
24634,24651
24634,24653
24634,24654
24634,24673
24634,27424
24639,24643
24639,24646
24639,24651
24639,24653
24639,24654
24639,24671
24639,24673
24639,24676
24643,24646
24643,24651
24643,24653
24643,24654
24643,24671
24643,24673
24643,24676
24643,25599
24646,24651
24646,24653
24646,24654
24646,24671
24646,24673
24646,24676
24646,24678
24646,24680
24651,24653
24651,24654
24651,24671
24651,24673
24651,24678
24651,24680
24653,24654
24653,24671
24653,24673
24653,24676
24653,24678
24653,24680
24654,24671
24654,24680
24654,24684
24654,27051
24671,24676
24671,24678
24671,24680
24671,24684
24671,24685
24671,24688
24673,24676
24673,24678
24673,24680
24673,24685
24673,24688
24676,24678
24676,24684
24676,24688
24676,24694
24676,24695
24676,24699
24678,24680
24678,24684
24678,24685
24678,24688
24678,24694
24678,24695
24678,24699
24678,24701
24680,24684
24680,24685
24680,24688
24680,24694
24680,24695
24680,24699
24680,24701
24680,24704
24684,24685
24684,24688
24684,24694
24684,24695
24684,24699
24684,24701
24684,24704
24684,24709
24685,24688
24685,24694
24685,24695
24685,24701
24685,24704
24685,24709
24685,24712
24688,24694
24688,24701
24688,24704
24688,24709
24688,24712
24694,24695
24694,24699
24694,24701
24694,24704
24694,24709
24694,24712
24694,24717
24695,24699
24695,24701
24695,24709
24695,24712
24695,24723
24695,24728
24699,24701
24699,24704
24699,24709
24699,24712
24699,24717
24699,24723
24699,24727
24701,24704
24701,24709
24701,24712
24701,24717
24701,24723
24701,24727
24701,24728
24704,24709
24704,24712
24704,24717
24704,24723
24704,24727
24704,24728
24709,24712
24709,24717
24709,24723
24709,24727
24709,24728
24709,24735
24709,24738
24712,24717
24712,24723
24712,24727
24712,24728
24712,24738
24712,24742
24717,24723
24717,24727
24717,24728
24717,24738
24717,24742
24717,24749
24717,26208
24723,24727
24723,24728
24723,24735
24723,24738
24723,24742
24723,24744
24723,24749
24727,24728
24727,24735
24727,24742
24727,24744
24727,24749
24727,24754
24728,24735
24728,24738
24728,24742
24728,24744
24728,24749
24728,24754
24728,24755
24735,24738
24735,24742
24735,24749
24735,24754
24735,24755
24735,24758
24738,24742
24738,24744
24738,24749
24738,24754
24738,24755
24738,24758
24738,24760
24742,24744
24742,24749
24742,24754
24742,24758
24742,24763
24742,24764
24742,26774
24744,24749
24744,24754
24744,24755
24744,24758
24744,24760
24744,24763
24744,24764
24744,24770
24749,24754
24749,24755
24749,24758
24749,24760
24749,24763
24749,24770
24749,24772
24754,24755
24754,24758
24754,24760
24754,24763
24754,24764
24754,24770
24754,24772
24754,24774
24755,24758
24755,24760
24755,24763
24755,24764
24755,24770
24755,24772
24755,24774
24755,24780
24758,24760
24758,24763
24758,24764
24758,24770
24758,24772
24758,24774
24758,24780
24758,24784
24758,24786
24760,24763
24760,24770
24760,24772
24760,24774
24760,24780
24760,24784
24760,24786
24760,24789
24760,26797
24763,24764
24763,24770
24763,24772
24763,24774
24763,24780
24763,24784
24763,24786
24763,24789
24763,24794
24764,24770
24764,24772
24764,24774
24764,24780
24764,24784
24764,24786
24764,24789
24764,26904
24770,24772
24770,24780
24770,24784
24770,24786
24770,24789
24770,24794
24770,24797
24772,24780
24772,24784
24772,24786
24772,24789
24772,24794
24772,24797
24772,24798
24774,24780
24774,24784
24774,24786
24774,24789
24774,24794
24774,24797
24774,24798
24774,24800
24780,24784
24780,24786
24780,24789
24780,24794
24780,24797
24780,24798
24780,24804
24784,24786
24784,24789
24784,24794
24784,24797
24784,24798
24784,24800
24784,24804
24786,24789
24786,24794
24786,24797
24786,24798
24786,24800
24786,24804
24789,24794
24789,24797
24789,24798
24789,24800
24789,24804
24789,24818
24794,24797
24794,24798
24794,24800
24794,24804
24794,24818
24794,24820
24797,24798
24797,24800
24797,24804
24797,24820
24797,24822
24797,26893
24798,24800
24798,24804
24798,24818
24798,24820
24798,24822
24798,24824
24798,24825
24800,24804
24800,24818
24800,24820
24800,24822
24800,24824
24800,24825
24804,24818
24804,24820
24804,24822
24804,24824
24804,24825
24804,24832
24804,24836
24818,24820
24818,24822
24818,24825
24818,24832
24818,24840
24818,24843
24818,24846
24818,25236
24820,24822
24820,24824
24820,24825
24820,24832
24820,24836
24820,24840
24820,24843
24820,24846
24822,24824
24822,24832
24822,24840
24822,24843
24822,24846
24824,24832
24824,24836
24824,24840
24824,24843
24824,24846
24824,26290
24825,24832
24825,24840
24825,24843
24825,24846
24825,24866
24832,24836
24832,24840
24832,24843
24832,24846
24832,24866
24832,24868
24832,24869
24836,24840
24836,24846
24836,24866
24836,24868
24836,24869
24840,24846
24840,24866
24840,24868
24840,24871
24843,24846
24843,24868
24843,24869
24843,24871
24843,24878
24846,24866
24846,24869
24846,24871
24846,24878
24866,24868
24866,24869
24866,24871
24866,24878
24866,24882
24866,24884
24866,24886
24868,24869
24868,24871
24868,24878
24868,24884
24868,24886
24868,24899
24869,24871
24869,24878
24869,24882
24869,24884
24869,24886
24869,24899
24871,24878
24871,24882
24871,24884
24871,24886
24871,24899
24871,24910
24878,24882
24878,24884
24878,24886
24878,24899
24878,24910
24878,24917
24878,25619
24882,24884
24882,24886
24882,24899
24882,24910
24882,24917
24882,24918
24884,24886
24884,24899
24884,24910
24884,24917
24884,24918
24886,24899
24886,24910
24886,24918
24886,24929
24899,24929
24910,24917
24910,24918
24910,24929
24910,24945
24910,24954
24917,24918
24917,24929
24917,24945
24917,24954
24917,24955
24918,24929
24918,24945
24918,24954
24918,24955
24929,24945
24929,24954
24929,24955
24929,24965
24945,24954
24945,24955
24945,24965
24945,24966
24945,24975
24945,24981
24945,24991
24954,24955
24954,24965
24954,24975
24954,24981
24954,24991
24955,24966
24955,24975
24955,24981
24955,24991
24955,24993
24965,24966
24965,24975
24965,24981
24965,24991
24965,24995
24965,24999
24966,24975
24966,24981
24966,24991
24966,24993
24966,24995
24966,24999
24975,24981
24975,24991
24975,24993
24975,24995
24975,24999
24975,25009
24981,24991
24981,24993
24981,24995
24981,24999
24981,25009
24981,25019
24981,25940
24991,24993
24991,24995
24991,24999
24991,25009
24991,25019
24993,24995
24993,24999
24993,25009
24993,25019
24993,25029
24995,24999
24995,25009
24995,25019
24995,25029
24999,25009
24999,25019
24999,25029
24999,25038
25009,25029
25009,25038
25009,25041
25009,25045
25009,25050
25019,25029
25019,25041
25019,25045
25019,25050
25019,25067
25029,25038
25029,25041
25029,25045
25029,25050
25029,25067
25029,25070
25029,25071
25029,25077
25029,25655
25038,25041
25038,25045
25038,25050
25038,25067
25038,25070
25038,25071
25038,25077
25038,25079
25038,25082
25041,25050
25041,25067
25041,25070
25041,25077
25041,25079
25041,25084
25041,26139
25045,25050
25045,25070
25045,25071
25045,25077
25045,25079
25045,25082
25045,25084
25045,25088
25050,25067
25050,25070
25050,25071
25050,25077
25050,25079
25050,25082
25050,25088
25067,25070
25067,25071
25067,25077
25067,25079
25067,25082
25067,25084
25067,25088
25067,25094
25070,25071
25070,25077
25070,25079
25070,25084
25070,25088
25070,25094
25071,25077
25071,25079
25071,25082
25071,25084
25071,25088
25071,25094
25071,25100
25077,25079
25077,25082
25077,25084
25077,25088
25077,25097
25077,25102
25079,25082
25079,25084
25079,25088
25079,25097
25079,25100
25079,25102
25079,25104
25082,25084
25082,25088
25082,25094
25082,25097
25082,25102
25082,25104
25082,25106
25084,25088
25084,25094
25084,25097
25084,25102
25084,25104
25084,25106
25084,25116
25088,25094
25088,25097
25088,25100
25088,25102
25088,25106
25088,25116
25088,25118
25094,25097
25094,25102
25094,25104
25094,25116
25094,25118
25094,25124
25097,25100
25097,25102
25097,25104
25097,25106
25097,25116
25097,25118
25097,25124
25097,25127
25100,25102
25100,25104
25100,25106
25100,25116
25100,25118
25100,25124
25100,25127
25102,25104
25102,25106
25102,25116
25102,25118
25102,25124
25102,25127
25102,25136
25104,25106
25104,25116
25104,25118
25104,25124
25104,25136
25106,25116
25106,25118
25106,25124
25106,25136
25106,26096
25116,25118
25116,25124
25116,25127
25116,25136
25116,25143
25118,25124
25118,25127
25118,25136
25118,25143
25124,25127
25124,25136
25124,25143
25124,25161
25124,25169
25127,25136
25127,25143
25127,25161
25127,25169
25127,25558
25136,25143
25136,25161
25136,25169
25136,26210
25143,25161
25143,25169
25143,25181
25143,25183
25161,25169
25161,25181
25161,25183
25169,25181
25169,25183
25169,25195
25181,25183
25181,25195
25181,25202
25181,25204
25181,25205
25181,25207
25183,25202
25183,25204
25183,25205
25183,25207
25195,25204
25195,25205
25195,25207
25195,25220
25195,25224
25202,25204
25202,25205
25202,25207
25202,25220
25202,25224
25202,25231
25202,26938
25204,25205
25204,25207
25204,25220
25204,25224
25204,25229
25204,25231
25204,25232
25205,25207
25205,25220
25205,25229
25205,25231
25205,25232
25205,25236
25207,25220
25207,25229
25207,25231
25207,25236
25220,25224
25220,25229
25220,25231
25220,25232
25220,25236
25220,25239
25220,25252
25224,25229
25224,25231
25224,25236
25224,25239
25224,25252
25224,25257
25224,25963
25229,25231
25229,25232
25229,25236
25229,25239
25229,25252
25229,25257
25229,25265
25231,25236
25231,25239
25231,25252
25231,25257
25231,25265
25231,25269
25232,25236
25232,25239
25232,25252
25232,25257
25232,25265
25232,25269
25236,25239
25236,25252
25236,25257
25236,25265
25236,25269
25236,25273
25239,25252
25239,25257
25239,25265
25239,25269
25239,25273
25239,25279
25252,25257
25252,25265
25252,25269
25252,25273
25252,25279
25252,25281
25252,25295
25252,25298
25257,25265
25257,25269
25257,25273
25257,25279
25257,25281
25257,25295
25257,25302
25265,25269
25265,25273
25265,25279
25265,25281
25265,25295
25265,25298
25265,25302
25265,25303
25265,25305
25269,25273
25269,25279
25269,25281
25269,25295
25269,25298
25269,25303
25269,25307
25273,25279
25273,25295
25273,25298
25273,25302
25273,25303
25273,25305
25273,25307
25279,25281
25279,25295
25279,25298
25279,25302
25279,25303
25279,25305
25279,25307
25279,25310
25279,25311
25279,25312
25281,25295
25281,25302
25281,25303
25281,25305
25281,25307
25281,25310
25281,25311
25281,25312
25281,25316
25295,25298
25295,25302
25295,25303
25295,25305
25295,25307
25295,25310
25295,25311
25295,25312
25295,25316
25298,25303
25298,25305
25298,25307
25298,25310
25298,25316
25298,25318
25302,25303
25302,25305
25302,25307
25302,25310
25302,25311
25302,25312
25302,25316
25302,25318
25302,25321
25303,25305
25303,25307
25303,25310
25303,25311
25303,25312
25303,25316
25303,25318
25303,25321
25303,25323
25305,25310
25305,25311
25305,25312
25305,25316
25305,25321
25305,25323
25305,25330
25307,25310
25307,25311
25307,25312
25307,25316
25307,25318
25307,25321
25307,25323
25307,25330
25310,25311
25310,25312
25310,25316
25310,25318
25310,25321
25310,25323
25310,25330
25311,25312
25311,25316
25311,25318
25311,25321
25311,25330
25311,25333
25311,25338
25312,25318
25312,25321
25312,25323
25312,25330
25312,25338
25312,25340
25312,27101
25316,25318
25316,25321
25316,25323
25316,25330
25316,25333
25316,25338
25316,25340
25316,25343
25318,25323
25318,25330
25318,25333
25318,25343
25318,25783
25321,25330
25321,25333
25321,25338
25321,25340
25321,25343
25321,25346
25321,25347
25323,25330
25323,25333
25323,25338
25323,25340
25323,25343
25323,25346
25323,25348
25330,25333
25330,25338
25330,25340
25330,25343
25330,25346
25330,25347
25330,25348
25330,25350
25333,25338
25333,25340
25333,25343
25333,25346
25333,25347
25333,25348
25333,25350
25333,25352
25333,26691
25338,25340
25338,25343
25338,25346
25338,25347
25338,25348
25338,25350
25338,25352
25340,25343
25340,25346
25340,25347
25340,25348
25340,25350
25340,25352
25343,25346
25343,25347
25343,25348
25343,25350
25343,25352
25343,25370
25346,25348
25346,25350
25346,25352
25346,25370
25346,25374
25346,25378
25347,25348
25347,25350
25347,25352
25347,25370
25347,25374
25347,25380
25348,25350
25348,25352
25348,25370
25348,25374
25348,25378
25348,25380
25348,25381
25350,25352
25350,25370
25350,25374
25350,25378
25350,25380
25350,25381
25350,25382
25352,25370
25352,25374
25352,25378
25352,25381
25352,25382
25352,25383
25370,25374
25370,25378
25370,25380
25370,25381
25370,25382
25370,25383
25374,25378
25374,25380
25374,25381
25374,25382
25374,25383
25374,25390
25374,25398
25378,25380
25378,25381
25378,25382
25378,25383
25378,25398
25378,26311
25380,25381
25380,25382
25380,25383
25380,25390
25380,25398
25380,25411
25381,25383
25381,25390
25381,25411
25381,25422
25382,25383
25382,25390
25382,25398
25382,25411
25382,25422
25383,25390
25383,25398
25383,25411
25383,25422
25383,25426
25390,25398
25390,25411
25390,25422
25390,25426
25390,25427
25390,25433
25398,25411
25398,25422
25398,25426
25398,25427
25398,25433
25411,25422
25411,25426
25411,25427
25411,25433
25411,25443
25422,25426
25422,25427
25422,25433
25422,25443
25422,25451
25426,25427
25426,25433
25426,25443
25426,25451
25426,25452
25426,25456
25427,25443
25427,25451
25427,25456
25433,25443
25433,25451
25433,25452
25433,25456
25433,25460
25443,25451
25443,25452
25443,25460
25443,25467
25443,25470
25451,25452
25451,25456
25451,25460
25451,25467
25451,25470
25451,25477
25451,25478
25451,25479
25452,25456
25452,25460
25452,25467
25452,25470
25452,25477
25452,25478
25452,25479
25452,25481
25452,27200
25456,25467
25456,25470
25456,25478
25456,25479
25456,25481
25460,25467
25460,25470
25460,25477
25460,25478
25460,25479
25460,25481
25460,25482
25460,25495
25467,25470
25467,25477
25467,25478
25467,25479
25467,25482
25467,25490
25467,25495
25467,25496
25470,25477
25470,25478
25470,25479
25470,25481
25470,25482
25470,25490
25470,25495
25470,25496
25470,25499
25477,25478
25477,25479
25477,25481
25477,25482
25477,25490
25477,25495
25477,25496
25477,25499
25477,25500
25477,26049
25478,25479
25478,25481
25478,25482
25478,25490
25478,25495
25478,25496
25478,25500
25478,25501
25478,26942
25479,25481
25479,25482
25479,25490
25479,25495
25479,25496
25479,25499
25479,25501
25479,25508
25481,25482
25481,25490
25481,25495
25481,25496
25481,25499
25481,25500
25481,25501
25481,25508
25482,25490
25482,25495
25482,25496
25482,25499
25482,25500
25482,25501
25482,25522
25490,25495
25490,25496
25490,25499
25490,25500
25490,25501
25490,25508
25490,25522
25490,25525
25490,25532
25495,25496
25495,25499
25495,25500
25495,25501
25495,25508
25495,25522
25495,25525
25495,25532
25496,25499
25496,25500
25496,25501
25496,25508
25496,25522
25496,25525
25496,25532
25496,25538
25496,25546
25499,25500
25499,25501
25499,25508
25499,25522
25499,25525
25499,25532
25499,25538
25499,25546
25499,25548
25500,25501
25500,25508
25500,25522
25500,25525
25500,25532
25500,25538
25500,25546
25500,25548
25501,25522
25501,25525
25501,25532
25501,25538
25501,25546
25501,25552
25508,25522
25508,25532
25508,25538
25508,25546
25508,25548
25508,25552
25508,25556
25522,25525
25522,25532
25522,25538
25522,25546
25522,25548
25522,25552
25522,25556
25522,25558
25525,25532
25525,25538
25525,25546
25525,25548
25525,25552
25525,25556
25525,25558
25525,25561
25525,25563
25532,25538
25532,25546
25532,25548
25532,25552
25532,25556
25532,25561
25532,25563
25538,25546
25538,25548
25538,25552
25538,25556
25538,25558
25538,25561
25538,25563
25538,25565
25546,25548
25546,25552
25546,25556
25546,25558
25546,25563
25546,25565
25546,25568
25548,25552
25548,25556
25548,25558
25548,25561
25548,25563
25548,25565
25548,25568
25548,25574
25552,25558
25552,25561
25552,25563
25552,25568
25552,25574
25556,25558
25556,25563
25556,25565
25556,25568
25556,25574
25556,25578
25558,25561
25558,25563
25558,25565
25558,25568
25558,25574
25558,26544
25561,25563
25561,25565
25561,25568
25561,25578
25563,25565
25563,25568
25563,25574
25563,25578
25563,25580
25563,25586
25565,25568
25565,25574
25565,25578
25565,25580
25565,25586
25568,25574
25568,25578
25568,25580
25568,25586
25574,25578
25574,25580
25574,25586
25574,25592
25574,25599
25578,25592
25578,25599
25578,25619
25578,25621
25578,25622
25580,25586
25580,25592
25580,25599
25580,25619
25580,25622
25580,25624
25586,25599
25586,25619
25586,25621
25586,25622
25586,25624
25592,25619
25592,25621
25592,25622
25592,25624
25592,25635
25599,25621
25599,25622
25599,25624
25599,25635
25599,25651
25619,25621
25619,25650
25619,25651
25621,25624
25621,25635
25621,25650
25621,25651
25621,26569
25622,25624
25622,25650
25622,25651
25622,25655
25624,25635
25624,25650
25624,25651
25624,25655
25635,25650
25635,25651
25635,25655
25635,25663
25635,25664
25635,25671
25650,25651
25650,25655
25650,25663
25650,25664
25650,25671
25651,25655
25651,25663
25651,25664
25651,25671
25651,25679
25655,25663
25655,25664
25655,25671
25655,25679
25655,25680
25663,25664
25663,25671
25663,25679
25663,25680
25663,25681
25663,25682
25663,25683
25664,25671
25664,25679
25664,25680
25664,25681
25664,25682
25664,25683
25671,25679
25671,25681
25671,25682
25671,25683
25671,25692
25679,25680
25679,25681
25679,25682
25679,25683
25679,25692
25679,25693
25679,25699
25680,25681
25680,25682
25680,25683
25680,25699
25680,25700
25681,25682
25681,25683
25681,25692
25681,25693
25681,25699
25681,25700
25681,25701
25682,25683
25682,25692
25682,25699
25682,25700
25682,25701
25682,25702
25683,25692
25683,25693
25683,25699
25683,25700
25683,25701
25683,25704
25692,25693
25692,25699
25692,25700
25692,25701
25692,25702
25692,25709
25692,25711
25693,25699
25693,25700
25693,25701
25693,25702
25693,25704
25693,25709
25693,25711
25693,25713
25699,25700
25699,25701
25699,25702
25699,25704
25699,25709
25699,25711
25699,25713
25699,25715
25699,27323
25700,25702
25700,25704
25700,25709
25700,25711
25700,25713
25700,25715
25701,25702
25701,25704
25701,25709
25701,25711
25701,25713
25701,25723
25701,26149
25702,25704
25702,25709
25702,25715
25702,25723
25702,25726
25704,25709
25704,25711
25704,25713
25704,25715
25704,25723
25704,25726
25709,25711
25709,25713
25709,25715
25709,25723
25709,25729
25711,25713
25711,25715
25711,25726
25711,25729
25711,25737
25713,25715
25713,25723
25713,25726
25713,25729
25713,25737
25715,25726
25715,25729
25715,25737
25723,25726
25723,25744
25723,25745
25726,25729
25726,25737
25726,25745
25729,25737
25729,25744
25729,25745
25729,25748
25737,25744
25737,25745
25737,25748
25737,25749
25737,25753
25744,25745
25744,25748
25744,25749
25744,25753
25744,25761
25744,25772
25744,25773
25745,25748
25745,25749
25745,25761
25745,25772
25745,25773
25745,25780
25748,25749
25748,25753
25748,25761
25748,25772
25748,25773
25748,25780
25748,25783
25748,26767
25749,25753
25749,25772
25749,25780
25749,25783
25749,25784
25753,25761
25753,25772
25753,25780
25753,25783
25753,25784
25753,25785
25761,25772
25761,25780
25761,25783
25761,25784
25761,25785
25761,25794
25772,25780
25772,25783
25772,25784
25772,25785
25772,25794
25772,25796
25773,25780
25773,25783
25773,25784
25773,25785
25773,25794
25773,25796
25773,25811
25780,25783
25780,25784
25780,25785
25780,25794
25780,25796
25780,25809
25780,25811
25780,25820
25783,25784
25783,25794
25783,25796
25783,25809
25783,25811
25783,25820
25783,25831
25783,25838
25784,25794
25784,25796
25784,25809
25784,25811
25784,25820
25784,25831
25784,25838
25784,25840
25785,25794
25785,25796
25785,25809
25785,25811
25785,25820
25785,25831
25785,25838
25785,25840
25785,25841
25794,25796
25794,25809
25794,25811
25794,25820
25794,25838
25794,25840
25794,25841
25794,25848
25796,25811
25796,25820
25796,25831
25796,25838
25796,25840
25796,25841
25809,25811
25809,25820
25809,25831
25809,25838
25809,25841
25809,25848
25809,25861
25811,25820
25811,25831
25811,25838
25811,25840
25811,25841
25811,25848
25811,25861
25811,25867
25820,25831
25820,25838
25820,25840
25820,25841
25820,25848
25820,25861
25820,25868
25831,25838
25831,25840
25831,25841
25831,25848
25831,25861
25831,25868
25838,25840
25838,25841
25838,25848
25838,25861
25838,25867
25838,25868
25838,25870
25838,25872
25840,25861
25840,25867
25840,25868
25840,25870
25840,25872
25841,25848
25841,25861
25841,25867
25841,25868
25841,25870
25841,25872
25841,25878
25848,25867
25848,25868
25848,25870
25848,25872
25848,25878
25861,25867
25861,25868
25861,25870
25861,25872
25861,25878
25861,25883
25861,25884
25861,25891
25867,25868
25867,25872
25867,25883
25867,25884
25867,25891
25867,25893
25868,25870
25868,25872
25868,25878
25868,25883
25868,25884
25868,25891
25868,25893
25868,25894
25870,25872
25870,25878
25870,25883
25870,25884
25870,25891
25870,25893
25870,25894
25870,25897
25872,25878
25872,25883
25872,25884
25872,25891
25872,25893
25872,25894
25872,25897
25878,25883
25878,25884
25878,25891
25878,25893
25878,25894
25878,25897
25883,25884
25883,25891
25883,25893
25883,25894
25883,25897
25883,25899
25883,25901
25883,25904
25884,25894
25884,25897
25884,25899
25884,25901
25884,25904
25884,25910
25891,25894
25891,25897
25891,25904
25891,25910
25891,25913
25893,25894
25893,25899
25893,25901
25893,25904
25893,25910
25893,25913
25893,25919
25894,25897
25894,25899
25894,25901
25894,25910
25894,25913
25894,25919
25894,25924
25897,25899
25897,25901
25897,25904
25897,25910
25897,25913
25897,25919
25897,25924
25897,25931
25899,25901
25899,25904
25899,25910
25899,25913
25899,25919
25899,25924
25899,25931
25899,25936
25901,25904
25901,25910
25901,25913
25901,25919
25901,25924
25901,25931
25901,25936
25904,25910
25904,25913
25904,25919
25904,25924
25904,25931
25904,25936
25904,25939
25910,25913
25910,25919
25910,25924
25910,25936
25910,25939
25910,25940
25913,25919
25913,25924
25913,25931
25913,25936
25913,25939
25913,25940
25913,25942
25919,25924
25919,25931
25919,25936
25919,25939
25919,25940
25919,25942
25919,25947
25924,25931
25924,25936
25924,25939
25924,25940
25924,25942
25924,25944
25924,25947
25924,25950
25924,27313
25931,25936
25931,25939
25931,25940
25931,25942
25931,25944
25931,25947
25931,25950
25931,25952
25936,25939
25936,25942
25936,25944
25936,25947
25936,25950
25936,25953
25936,25956
25939,25940
25939,25942
25939,25944
25939,25947
25939,25950
25939,25952
25939,25953
25939,25956
25939,25962
25940,25942
25940,25944
25940,25950
25940,25952
25940,25953
25940,25956
25940,25962
25940,25963
25942,25944
25942,25947
25942,25950
25942,25952
25942,25953
25942,25956
25942,25962
25942,25963
25942,25971
25944,25947
25944,25950
25944,25953
25944,25956
25944,25962
25944,25963
25944,25971
25947,25950
25947,25952
25947,25953
25947,25956
25947,25962
25947,25971
25947,25976
25950,25952
25950,25953
25950,25956
25950,25962
25950,25963
25950,25971
25950,25976
25950,25977
25952,25953
25952,25956
25952,25962
25952,25963
25952,25971
25952,25976
25952,25977
25953,25956
25953,25962
25953,25971
25953,25976
25953,25977
25953,25980
25953,25981
25956,25962
25956,25963
25956,25971
25956,25976
25956,25977
25956,25980
25956,25981
25956,25982
25962,25963
25962,25971
25962,25976
25962,25977
25962,25980
25962,25981
25962,25982
25963,25971
25963,25976
25963,25977
25963,25980
25963,25981
25963,25982
25963,25989
25971,25976
25971,25977
25971,25980
25971,25981
25971,25982
25971,25989
25971,25992
25976,25977
25976,25980
25976,25981
25976,25982
25976,25989
25976,25992
25977,25980
25977,25981
25977,25982
25977,25989
25977,25992
25977,25997
25980,25981
25980,25982
25980,25989
25980,25992
25980,25997
25980,26005
25981,25982
25981,25989
25981,25992
25981,25997
25981,26005
25981,26007
25982,25989
25982,25992
25982,25997
25982,26007
25982,26009
25989,25992
25989,25997
25989,26005
25989,26007
25989,26009
25989,26013
25989,26028
25992,25997
25992,26005
25992,26007
25992,26009
25992,26013
25992,26028
25997,26005
25997,26009
25997,26012
25997,26013
25997,26028
25997,26033
25997,26038
26005,26007
26005,26009
26005,26012
26005,26013
26005,26028
26005,26033
26005,26034
26005,26038
26005,26039
26007,26009
26007,26012
26007,26013
26007,26028
26007,26033
26007,26034
26007,26038
26007,26039
26007,26045
26009,26012
26009,26013
26009,26028
26009,26033
26009,26038
26009,26039
26009,26045
26012,26013
26012,26028
26012,26033
26012,26034
26012,26038
26012,26039
26012,26045
26012,26049
26012,26054
26013,26028
26013,26033
26013,26034
26013,26038
26013,26039
26013,26045
26013,26049
26013,26054
26028,26033
26028,26034
26028,26039
26028,26045
26028,26049
26028,26054
26028,26059
26033,26034
26033,26038
26033,26039
26033,26045
26033,26049
26033,26054
26033,26059
26033,26060
26033,26062
26034,26038
26034,26039
26034,26045
26034,26049
26034,26054
26034,26059
26038,26039
26038,26045
26038,26049
26038,26054
26038,26059
26039,26045
26039,26049
26039,26054
26039,26059
26039,26060
26039,26062
26039,26073
26045,26049
26045,26054
26045,26059
26045,26060
26045,26062
26045,26073
26045,26074
26049,26059
26049,26060
26049,26062
26049,26073
26049,26074
26049,26082
26054,26059
26054,26060
26054,26062
26054,26073
26054,26074
26054,26082
26054,26085
26059,26060
26059,26062
26059,26073
26059,26074
26059,26082
26059,26085
26059,26090
26059,26092
26060,26062
26060,26073
26060,26074
26060,26082
26060,26085
26060,26090
26060,26092
26060,26095
26062,26073
26062,26074
26062,26085
26062,26090
26062,26092
26062,26095
26062,26096
26073,26074
26073,26082
26073,26085
26073,26090
26073,26095
26073,26096
26073,26107
26073,26894
26074,26082
26074,26085
26074,26090
26074,26092
26074,26096
26074,26107
26074,26108
26074,26109
26082,26092
26082,26095
26082,26096
26082,26108
26082,26110
26085,26090
26085,26092
26085,26095
26085,26096
26085,26107
26085,26108
26085,26110
26090,26092
26090,26095
26090,26096
26090,26107
26090,26109
26090,26110
26090,26114
26092,26095
26092,26107
26092,26108
26092,26109
26092,26110
26092,26114
26092,26127
26095,26096
26095,26107
26095,26108
26095,26109
26095,26110
26095,26114
26096,26108
26096,26109
26096,26110
26096,26114
26096,26127
26107,26108
26107,26109
26107,26110
26107,26114
26107,26127
26107,26139
26107,26144
26108,26109
26108,26110
26108,26114
26108,26127
26108,26139
26108,26144
26108,26149
26109,26110
26109,26114
26109,26127
26109,26139
26109,26149
26109,26150
26110,26114
26110,26127
26110,26139
26110,26144
26110,26149
26110,26150
26110,26152
26114,26127
26114,26139
26114,26144
26114,26149
26114,26150
26114,26152
26114,26157
26127,26139
26127,26144
26127,26149
26127,26150
26127,26152
26127,26157
26127,26162
26127,26164
26139,26144
26139,26149
26139,26150
26139,26152
26139,26157
26139,26162
26139,26164
26139,26165
26139,26172
26144,26149
26144,26150
26144,26152
26144,26157
26144,26162
26144,26165
26144,26172
26144,26176
26149,26150
26149,26152
26149,26157
26149,26162
26149,26165
26149,26172
26149,26176
26150,26152
26150,26157
26150,26162
26150,26165
26150,26172
26150,26180
26152,26157
26152,26162
26152,26164
26152,26165
26152,26172
26152,26176
26152,26180
26157,26162
26157,26164
26157,26165
26157,26172
26157,26176
26157,26183
26162,26164
26162,26165
26162,26176
26162,26180
26162,26183
26162,26190
26164,26165
26164,26176
26164,26180
26164,26183
26165,26172
26165,26176
26165,26180
26165,26183
26165,26190
26165,26193
26172,26176
26172,26180
26172,26183
26172,26190
26172,26193
26172,26199
26172,26201
26176,26180
26176,26183
26176,26190
26176,26193
26176,26199
26176,26201
26180,26183
26180,26193
26180,26204
26183,26190
26183,26193
26183,26199
26183,26201
26183,26204
26183,26207
26190,26193
26190,26199
26190,26201
26190,26204
26190,26207
26190,26210
26193,26199
26193,26201
26193,26204
26193,26207
26193,26208
26193,26210
26199,26201
26199,26204
26199,26207
26199,26208
26199,26210
26199,26213
26199,26219
26199,26220
26201,26204
26201,26207
26201,26208
26201,26210
26201,26213
26201,26219
26201,26220
26204,26207
26204,26210
26204,26213
26204,26219
26204,26222
26204,26223
26207,26208
26207,26210
26207,26213
26207,26219
26207,26220
26207,26222
26207,26223
26207,26225
26207,26228
26208,26210
26208,26213
26208,26219
26208,26220
26208,26222
26208,26223
26208,26225
26208,26228
26210,26213
26210,26219
26210,26222
26210,26223
26210,26225
26210,26230
26210,26232
26213,26219
26213,26222
26213,26223
26213,26225
26213,26228
26213,26230
26213,26232
26213,26233
26219,26220
26219,26222
26219,26225
26219,26228
26219,26230
26219,26232
26219,26233
26220,26222
26220,26223
26220,26225
26220,26228
26220,26230
26220,26232
26220,26233
26222,26223
26222,26225
26222,26228
26222,26230
26222,26232
26222,26233
26222,26245
26222,26247
26222,26569
26223,26225
26223,26228
26223,26230
26223,26232
26223,26233
26223,26245
26223,26247
26223,26248
26225,26228
26225,26232
26225,26233
26225,26245
26225,26250
26228,26230
26228,26232
26228,26233
26228,26245
26228,26247
26228,26248
26228,26250
26228,26252
26230,26232
26230,26233
26230,26245
26230,26247
26230,26248
26230,26255
26232,26233
26232,26245
26232,26247
26232,26250
26232,26252
26232,26255
26233,26245
26233,26247
26233,26248
26233,26250
26233,26252
26233,26255
26233,26262
26245,26247
26245,26248
26245,26250
26245,26252
26245,26255
26245,26262
26245,26277
26245,26279
26247,26248
26247,26250
26247,26252
26247,26255
26247,26262
26247,26277
26247,26279
26248,26250
26248,26252
26248,26255
26248,26262
26248,26277
26248,26279
26248,26287
26250,26252
26250,26255
26250,26262
26250,26277
26250,26279
26250,26287
26252,26255
26252,26262
26252,26277
26252,26287
26252,26290
26255,26262
26255,26277
26255,26279
26255,26287
26255,26290
26255,26292
26262,26277
26262,26279
26262,26287
26262,26290
26262,26292
26262,26302
26277,26279
26277,26287
26277,26290
26277,26292
26277,26302
26277,26311
26279,26290
26279,26292
26279,26302
26279,26303
26279,26311
26279,26312
26287,26290
26287,26292
26287,26302
26287,26303
26287,26311
26287,26312
26287,26322
26287,26326
26290,26292
26290,26302
26290,26303
26290,26311
26290,26322
26290,26326
26290,26327
26292,26302
26292,26303
26292,26311
26292,26312
26292,26322
26292,26326
26292,26327
26292,26329
26302,26303
26302,26311
26302,26312
26302,26322
26302,26326
26302,26327
26302,26329
26302,26333
26302,26339
26303,26311
26303,26312
26303,26322
26303,26326
26303,26327
26303,26329
26303,26333
26303,26339
26303,26364
26311,26312
26311,26322
26311,26326
26311,26327
26311,26329
26311,26333
26311,26364
26311,26365
26312,26322
26312,26326
26312,26327
26312,26329
26312,26333
26312,26339
26312,26364
26312,26365
26312,26370
26322,26326
26322,26327
26322,26329
26322,26339
26322,26364
26322,26365
26322,26370
26326,26327
26326,26333
26326,26339
26326,26364
26326,26365
26326,26370
26326,26371
26326,26374
26327,26329
26327,26333
26327,26339
26327,26364
26327,26365
26327,26371
26329,26333
26329,26339
26329,26364
26329,26365
26329,26370
26329,26371
26329,26374
26329,26375
26329,26382
26329,26383
26333,26339
26333,26364
26333,26365
26333,26370
26333,26371
26333,26374
26333,26375
26333,26382
26333,26383
26333,26388
26333,26908
26339,26364
26339,26365
26339,26371
26339,26374
26339,26375
26339,26382
26339,26383
26339,26388
26339,26390
26364,26365
26364,26370
26364,26371
26364,26374
26364,26375
26364,26382
26364,26383
26364,26388
26364,26390
26364,26391
26365,26370
26365,26371
26365,26374
26365,26375
26365,26382
26365,26383
26365,26388
26365,26390
26365,26391
26365,26392
26370,26371
26370,26374
26370,26375
26370,26382
26370,26388
26370,26392
26371,26374
26371,26375
26371,26382
26371,26383
26371,26388
26371,26390
26371,26392
26371,27071
26374,26375
26374,26382
26374,26383
26374,26388
26374,26390
26374,26391
26374,26392
26374,26406
26375,26382
26375,26383
26375,26388
26375,26390
26375,26391
26375,26392
26375,26406
26375,26409
26382,26383
26382,26388
26382,26390
26382,26391
26382,26392
26382,26406
26382,26409
26382,26411
26383,26388
26383,26391
26383,26392
26383,26406
26383,26409
26383,26411
26388,26390
26388,26391
26388,26392
26388,26406
26388,26409
26388,26411
26388,26413
26390,26391
26390,26392
26390,26406
26390,26411
26390,26413
26391,26406
26391,26409
26391,26411
26391,26413
26392,26406
26392,26411
26392,26413
26392,26431
26406,26409
26406,26411
26406,26413
26406,26431
26406,26436
26406,26441
26406,26444
26409,26411
26409,26413
26409,26431
26409,26436
26409,26441
26409,26444
26411,26413
26411,26431
26411,26436
26411,26441
26411,26444
26411,26451
26413,26431
26413,26436
26413,26441
26413,26444
26413,26450
26413,26451
26413,26456
26431,26436
26431,26441
26431,26444
26431,26450
26431,26451
26431,26456
26431,26460
26431,26462
26431,26470
26436,26444
26436,26450
26436,26451
26436,26456
26436,26460
26436,26470
26436,26472
26441,26444
26441,26450
26441,26451
26441,26456
26441,26462
26441,26470
26441,26472
26441,26488
26444,26450
26444,26451
26444,26456
26444,26460
26444,26462
26444,26470
26444,26472
26444,26488
26444,26493
26444,26497
26450,26451
26450,26456
26450,26460
26450,26462
26450,26470
26450,26472
26450,26488
26450,26493
26450,26497
26450,26503
26451,26456
26451,26460
26451,26462
26451,26470
26451,26472
26451,26488
26451,26493
26451,26497
26451,26503
26451,26505
26456,26462
26456,26470
26456,26472
26456,26493
26456,26497
26456,26503
26460,26470
26460,26472
26460,26488
26460,26493
26460,26497
26460,26503
26460,26506
26460,27149
26462,26470
26462,26472
26462,26488
26462,26493
26462,26497
26462,26503
26462,26505
26462,26506
26470,26472
26470,26488
26470,26493
26470,26497
26470,26503
26470,26505
26470,26506
26472,26488
26472,26493
26472,26503
26472,26505
26472,26506
26488,26493
26488,26497
26488,26503
26488,26505
26488,26506
26493,26497
26493,26503
26493,26505
26493,26506
26493,26531
26497,26503
26497,26506
26497,26531
26497,26544
26503,26505
26503,26506
26503,26531
26503,26544
26503,26552
26505,26506
26505,26531
26505,26544
26505,26552
26505,26553
26506,26544
26506,26552
26506,26553
26531,26544
26531,26552
26531,26553
26531,26565
26531,26569
26531,26583
26544,26552
26544,26553
26544,26565
26544,26569
26544,26582
26544,26583
26552,26553
26552,26565
26552,26569
26552,26582
26552,26583
26552,26584
26553,26565
26553,26569
26553,26582
26553,26583
26553,26584
26565,26569
26565,26582
26565,26583
26565,26584
26565,26595
26565,26596
26565,26598
26569,26582
26569,26583
26569,26584
26569,26595
26569,26596
26569,26598
26569,26600
26582,26583
26582,26584
26582,26595
26582,26596
26582,26598
26582,26600
26582,26601
26583,26595
26583,26596
26583,26598
26583,26600
26583,26601
26583,26602
26584,26595
26584,26596
26584,26600
26584,26601
26584,26602
26584,26609
26595,26596
26595,26598
26595,26601
26595,26602
26595,26609
26595,26610
26595,26616
26596,26598
26596,26600
26596,26601
26596,26602
26596,26609
26596,26610
26596,26612
26596,26620
26598,26600
26598,26602
26598,26609
26598,26610
26598,26612
26598,26616
26598,26620
26598,26626
26600,26601
26600,26602
26600,26609
26600,26610
26600,26612
26600,26620
26600,26626
26600,26628
26601,26602
26601,26609
26601,26610
26601,26612
26601,26616
26601,26620
26601,26626
26601,26628
26601,26638
26602,26609
26602,26610
26602,26612
26602,26616
26602,26620
26602,26628
26602,26638
26609,26610
26609,26620
26609,26626
26609,26628
26609,26638
26609,26650
26610,26612
26610,26616
26610,26620
26610,26626
26610,26628
26610,26638
26610,26650
26612,26616
26612,26620
26612,26626
26612,26628
26612,26638
26612,26650
26616,26638
26616,26650
26616,26656
26620,26626
26620,26628
26620,26638
26620,26650
26620,26656
26620,26666
26620,26671
26620,26684
26626,26628
26626,26638
26626,26650
26626,26656
26626,26666
26626,26671
26626,26684
26628,26638
26628,26650
26628,26656
26628,26666
26628,26671
26628,26684
26638,26656
26638,26666
26638,26671
26638,26684
26638,26690
26650,26656
26650,26666
26650,26671
26650,26684
26650,26690
26650,26691
26656,26666
26656,26671
26656,26684
26656,26691
26656,26706
26656,26713
26666,26671
26666,26684
26666,26690
26666,26691
26666,26706
26666,26713
26666,26720
26671,26684
26671,26690
26671,26706
26671,26713
26671,26719
26671,26720
26684,26690
26684,26691
26684,26706
26684,26713
26684,26719
26684,26720
26684,26734
26690,26691
26690,26706
26690,26713
26690,26719
26690,26720
26690,26734
26690,26735
26690,26736
26690,26739
26691,26706
26691,26719
26691,26720
26691,26734
26691,26736
26691,26739
26691,26740
26706,26713
26706,26719
26706,26720
26706,26735
26706,26736
26706,26739
26706,26740
26706,26749
26713,26719
26713,26720
26713,26734
26713,26735
26713,26736
26713,26739
26713,26740
26713,26749
26719,26720
26719,26734
26719,26735
26719,26736
26719,26739
26719,26740
26719,26749
26719,26757
26720,26734
26720,26735
26720,26736
26720,26739
26720,26740
26720,26749
26720,26757
26720,26760
26734,26735
26734,26740
26734,26757
26734,26760
26734,26767
26734,26774
26735,26736
26735,26739
26735,26740
26735,26749
26735,26757
26735,26760
26735,26767
26735,26774
26735,26776
26736,26739
26736,26740
26736,26749
26736,26757
26736,26760
26736,26767
26736,26776
26736,26778
26739,26740
26739,26749
26739,26757
26739,26767
26739,26774
26739,26776
26739,26778
26739,26781
26740,26749
26740,26757
26740,26760
26740,26767
26740,26774
26740,26776
26740,26778
26740,26781
26740,26785
26749,26757
26749,26760
26749,26767
26749,26774
26749,26776
26749,26778
26749,26781
26757,26760
26757,26767
26757,26774
26757,26776
26757,26778
26757,26781
26757,26785
26757,26791
26757,26793
26760,26767
26760,26774
26760,26778
26760,26781
26760,26785
26760,26791
26760,26797
26767,26774
26767,26776
26767,26778
26767,26781
26767,26785
26767,26791
26767,26793
26767,26797
26774,26776
26774,26781
26774,26785
26774,26791
26774,26797
26774,26798
26776,26778
26776,26781
26776,26791
26776,26793
26776,26798
26776,26812
26778,26781
26778,26791
26778,26793
26778,26797
26778,26798
26778,26812
26778,26813
26781,26785
26781,26791
26781,26797
26781,26798
26781,26812
26781,26813
26781,26819
26785,26791
26785,26793
26785,26798
26785,26812
26785,26813
26785,26819
26791,26793
26791,26797
26791,26798
26791,26812
26791,26813
26791,26819
26791,26821
26793,26797
26793,26798
26793,26812
26793,26813
26793,26819
26793,26821
26797,26798
26797,26812
26797,26813
26797,26819
26797,26821
26797,26843
26798,26812
26798,26813
26798,26819
26798,26821
26798,26840
26798,26843
26812,26813
26812,26819
26812,26821
26812,26840
26812,26843
26812,26851
26812,26857
26813,26819
26813,26821
26813,26843
26813,26851
26813,26857
26819,26821
26819,26840
26819,26843
26819,26851
26819,26857
26819,26864
26819,26894
26821,26840
26821,26843
26821,26851
26821,26857
26821,26870
26840,26843
26840,26851
26840,26857
26840,26864
26840,26870
26840,26875
26840,26885
26843,26851
26843,26857
26843,26864
26843,26875
26843,26885
26843,26887
26851,26857
26851,26864
26851,26870
26851,26875
26851,26885
26851,26887
26851,26888
26857,26864
26857,26870
26857,26875
26857,26885
26857,26887
26857,26892
26857,26893
26864,26870
26864,26875
26864,26885
26864,26888
26864,26892
26864,26893
26864,26894
26870,26875
26870,26885
26870,26892
26870,26893
26870,26894
26870,26902
26870,26904
26875,26885
26875,26887
26875,26888
26875,26892
26875,26893
26875,26894
26875,26902
26875,26904
26875,26908
26885,26887
26885,26888
26885,26892
26885,26893
26885,26894
26885,26902
26885,26904
26885,26908
26885,26914
26887,26888
26887,26892
26887,26893
26887,26894
26887,26902
26887,26904
26887,26908
26887,26914
26887,26915
26888,26892
26888,26893
26888,26894
26888,26902
26888,26904
26888,26908
26888,26914
26888,26915
26888,26916
26892,26893
26892,26894
26892,26904
26892,26908
26892,26914
26892,26915
26892,26916
26892,26921
26893,26894
26893,26902
26893,26904
26893,26914
26893,26915
26893,26916
26893,26921
26894,26902
26894,26904
26894,26908
26894,26914
26894,26915
26894,26916
26894,26928
26902,26904
26902,26915
26902,26916
26902,26921
26902,26928
26902,26938
26904,26908
26904,26914
26904,26915
26904,26921
26904,26928
26904,26936
26904,26938
26908,26914
26908,26915
26908,26916
26908,26921
26908,26928
26908,26936
26908,26938
26914,26915
26914,26916
26914,26921
26914,26936
26914,26938
26914,26942
26915,26916
26915,26921
26915,26928
26915,26936
26915,26938
26915,26946
26916,26921
26916,26936
26916,26938
26916,26942
26921,26928
26921,26936
26921,26938
26921,26942
26921,26946
26921,26955
26928,26936
26928,26938
26928,26942
26928,26946
26928,26955
26928,26958
26928,26967
26936,26938
26936,26942
26936,26946
26936,26955
26936,26958
26936,26967
26938,26942
26938,26946
26938,26955
26938,26958
26938,26967
26938,26969
26942,26955
26942,26958
26942,26967
26942,26969
26942,26972
26946,26955
26946,26958
26946,26967
26946,26969
26946,26972
26946,26978
26955,26958
26955,26967
26955,26969
26955,26972
26955,26976
26955,26978
26955,26980
26955,26985
26958,26967
26958,26969
26958,26972
26958,26976
26958,26978
26958,26985
26967,26969
26967,26972
26967,26976
26967,26978
26967,26980
26967,26985
26967,26986
26967,26988
26969,26972
26969,26976
26969,26978
26969,26980
26969,26985
26969,26986
26969,26988
26969,26990
26969,26991
26972,26976
26972,26978
26972,26985
26972,26986
26972,26988
26972,26990
26972,26991
26972,26995
26976,26978
26976,26980
26976,26985
26976,26986
26976,26988
26976,26990
26976,26991
26978,26980
26978,26986
26978,26988
26978,26990
26978,26991
26980,26985
26980,26986
26980,26988
26980,26990
26980,26991
26980,26995
26985,26986
26985,26988
26985,26990
26985,26991
26985,26995
26985,27004
26986,26988
26986,26990
26986,26995
26986,27000
26986,27004
26986,27011
26988,26990
26988,26991
26988,26995
26988,27000
26988,27004
26988,27011
26990,26991
26990,26995
26990,27000
26990,27004
26990,27011
26990,27016
26991,26995
26991,27000
26991,27004
26991,27016
26991,27017
26995,27000
26995,27011
26995,27016
26995,27017
26995,27025
26995,27028
27000,27004
27000,27017
27000,27025
27000,27028
27000,27030
27000,27051
27004,27016
27004,27025
27004,27028
27004,27030
27004,27051
27004,27053
27011,27016
27011,27017
27011,27025
27011,27028
27011,27030
27011,27053
27011,27058
27016,27017
27016,27025
27016,27028
27016,27030
27016,27051
27016,27053
27016,27058
27016,27060
27016,27061
27017,27025
27017,27028
27017,27030
27017,27051
27017,27053
27017,27058
27017,27060
27025,27028
27025,27030
27025,27051
27025,27053
27025,27058
27025,27060
27025,27061
27025,27069
27028,27030
27028,27051
27028,27053
27028,27058
27028,27060
27028,27069
27028,27071
27030,27051
27030,27053
27030,27058
27030,27060
27030,27061
27030,27069
27030,27071
27030,27076
27051,27053
27051,27058
27051,27060
27051,27061
27051,27069
27051,27071
27051,27076
27051,27079
27053,27058
27053,27060
27053,27061
27053,27069
27053,27071
27053,27076
27053,27079
27058,27060
27058,27069
27058,27071
27058,27076
27058,27079
27060,27061
27060,27069
27060,27071
27060,27076
27060,27079
27061,27069
27061,27071
27061,27076
27061,27079
27061,27097
27069,27071
27069,27076
27069,27079
27069,27097
27069,27099
27071,27076
27071,27079
27071,27097
27071,27101
27076,27079
27076,27097
27076,27099
27076,27101
27079,27097
27079,27099
27079,27106
27097,27099
27097,27101
27097,27106
27097,27129
27097,27138
27097,27144
27099,27101
27099,27106
27099,27129
27099,27138
27099,27144
27099,27145
27099,27147
27101,27106
27101,27129
27101,27138
27101,27144
27101,27145
27101,27147
27101,27149
27106,27129
27106,27138
27106,27144
27106,27145
27106,27147
27106,27149
27106,27161
27129,27138
27129,27144
27129,27145
27129,27147
27129,27149
27129,27161
27129,27171
27129,27172
27129,27177
27138,27144
27138,27145
27138,27147
27138,27149
27138,27161
27138,27171
27138,27177
27144,27145
27144,27147
27144,27149
27144,27161
27144,27171
27144,27172
27144,27177
27144,27181
27145,27147
27145,27149
27145,27161
27145,27171
27145,27172
27145,27178
27145,27181
27145,27182
27147,27149
27147,27161
27147,27171
27147,27172
27147,27177
27147,27178
27147,27181
27147,27182
27147,27188
27149,27161
27149,27171
27149,27177
27149,27178
27149,27182
27149,27188
27149,27190
27161,27171
27161,27172
27161,27177
27161,27178
27161,27181
27161,27188
27161,27190
27161,27196
27171,27172
27171,27177
27171,27178
27171,27181
27171,27182
27171,27188
27171,27190
27171,27196
27171,27200
27171,27202
27172,27177
27172,27178
27172,27181
27172,27188
27172,27190
27172,27196
27172,27200
27172,27202
27177,27178
27177,27182
27177,27188
27177,27190
27177,27196
27177,27200
27177,27202
27178,27181
27178,27182
27178,27190
27178,27196
27178,27200
27178,27202
27181,27182
27181,27188
27181,27190
27181,27196
27181,27200
27181,27202
27181,27213
27182,27188
27182,27190
27182,27196
27182,27200
27182,27224
27188,27190
27188,27196
27188,27200
27188,27213
27188,27224
27188,27226
27190,27202
27190,27213
27190,27224
27190,27226
27196,27200
27196,27202
27196,27213
27196,27224
27196,27226
27196,27237
27200,27202
27200,27224
27200,27226
27200,27237
27200,27238
27202,27213
27202,27226
27202,27237
27202,27238
27202,27240
27213,27224
27213,27226
27213,27237
27213,27238
27213,27240
27213,27243
27213,27244
27224,27226
27224,27237
27224,27238
27224,27240
27224,27243
27224,27244
27224,27245
27224,27251
27226,27237
27226,27238
27226,27240
27226,27243
27226,27245
27226,27251
27237,27238
27237,27240
27237,27243
27237,27244
27237,27245
27237,27251
27237,27254
27238,27240
27238,27243
27238,27244
27238,27245
27238,27251
27238,27253
27240,27243
27240,27244
27240,27245
27240,27251
27240,27253
27240,27254
27243,27244
27243,27251
27243,27253
27243,27254
27243,27257
27243,27260
27243,27263
27244,27245
27244,27251
27244,27253
27244,27254
27244,27260
27244,27263
27244,27275
27245,27251
27245,27253
27245,27254
27245,27257
27245,27260
27245,27263
27245,27275
27245,27278
27251,27253
27251,27254
27251,27260
27251,27263
27251,27275
27251,27278
27251,27285
27253,27254
27253,27260
27253,27263
27253,27275
27253,27278
27253,27285
27253,27290
27254,27257
27254,27260
27254,27263
27254,27275
27254,27278
27254,27285
27254,27290
27254,27291
27257,27260
27257,27263
27257,27275
27257,27278
27257,27290
27257,27291
27257,27305
27260,27263
27260,27275
27260,27290
27260,27291
27260,27305
27260,27310
27263,27275
27263,27285
27263,27290
27263,27291
27263,27305
27263,27310
27263,27313
27275,27285
27275,27291
27275,27305
27275,27310
27275,27313
27275,27315
27278,27285
27278,27290
27278,27291
27278,27305
27278,27310
27278,27313
27278,27315
27278,27316
27285,27290
27285,27291
27285,27305
27285,27310
27285,27316
27290,27291
27290,27305
27290,27310
27290,27316
27290,27323
27290,27325
27291,27305
27291,27310
27291,27313
27291,27315
27291,27316
27291,27323
27291,27325
27305,27310
27305,27313
27305,27315
27305,27325
27305,27334
27305,27336
27310,27313
27310,27315
27310,27316
27310,27323
27310,27325
27310,27334
27310,27336
27310,27339
27310,27350
27313,27316
27313,27323
27313,27325
27313,27334
27313,27336
27313,27353
27315,27316
27315,27323
27315,27325
27315,27334
27315,27336
27315,27339
27315,27350
27315,27353
27315,27359
27316,27323
27316,27325
27316,27334
27316,27336
27316,27339
27316,27350
27316,27353
27316,27359
27323,27325
27323,27336
27323,27339
27323,27350
27323,27353
27323,27359
27323,27364
27323,27366
27325,27334
27325,27336
27325,27339
27325,27350
27325,27353
27325,27359
27325,27364
27325,27366
27325,27379
27334,27336
27334,27350
27334,27353
27334,27359
27334,27364
27334,27379
27334,27380
27336,27339
27336,27350
27336,27353
27336,27359
27336,27364
27336,27366
27336,27379
27336,27380
27336,27383
27339,27350
27339,27353
27339,27359
27339,27364
27339,27366
27339,27379
27339,27380
27339,27386
27350,27353
27350,27359
27350,27364
27350,27366
27350,27379
27350,27380
27350,27383
27350,27386
27353,27359
27353,27364
27353,27366
27353,27379
27353,27380
27353,27383
27353,27386
27353,27388
27353,27394
27359,27364
27359,27366
27359,27379
27359,27380
27359,27383
27359,27386
27359,27388
27359,27394
27364,27366
27364,27380
27364,27383
27364,27386
27364,27388
27364,27394
27364,27402
27364,27410
27366,27380
27366,27383
27366,27386
27366,27388
27366,27394
27366,27402
27366,27410
27366,27416
27379,27380
27379,27383
27379,27386
27379,27388
27379,27394
27379,27402
27379,27410
27379,27416
27380,27383
27380,27386
27380,27388
27380,27394
27380,27410
27380,27416
27380,27420
27383,27386
27383,27388
27383,27394
27383,27402
27383,27410
27383,27416
27383,27420
27386,27388
27386,27394
27386,27402
27386,27410
27386,27416
27386,27420
27386,27424
27388,27394
27388,27402
27388,27416
27388,27420
27388,27424
27388,27425
27394,27402
27394,27410
27394,27416
27394,27420
27394,27424
27394,27425
27402,27410
27402,27416
27402,27420
27402,27424
27402,27425
27402,27435
27410,27416
27410,27420
27410,27424
27410,27435
27410,27438
27416,27420
27416,27424
27416,27425
27416,27435
27416,27438
27416,27440
27420,27424
27420,27425
27420,27435
27420,27438
27420,27444
27424,27425
27424,27435
27424,27438
27424,27440
27424,27444
27424,27450
27424,27454
27425,27435
27425,27438
27425,27440
27425,27444
27425,27450
27425,27454
27425,27455
27435,27438
27435,27440
27435,27444
27435,27450
27435,27454
27435,27455
27435,27459
27438,27440
27438,27444
27438,27450
27438,27454
27438,27455
27438,27459
27440,27444
27440,27450
27440,27454
27440,27455
27440,27459
27444,27450
27444,27454
27444,27455
27444,27459
27450,27454
27450,27455
27454,27455
27454,27459
27455,27459
