41,48
41,27459
41,51
41,27455
41,59
41,27454
41,90
41,27450
41,100
41,27444
41,106
41,27442
41,114
41,27440
41,115
41,139
41,27437
41,21673
48,51
48,59
48,27459
48,90
48,27455
48,100
48,27454
48,106
48,27450
48,114
48,27444
48,27442
48,139
48,27440
48,145
48,27438
48,25580
48,21117
51,59
51,100
51,27459
51,106
51,27455
51,114
51,27450
51,139
51,27444
51,145
51,27442
51,160
51,27440
51,19293
51,24917
59,90
59,106
59,114
59,115
59,27455
59,139
59,27454
59,27450
59,160
59,27444
59,167
59,27442
59,5748
59,7631
59,23913
90,100
90,106
90,114
90,115
90,139
90,27459
90,145
90,27455
90,160
90,27454
90,167
90,27450
90,176
90,27444
100,106
100,114
100,115
100,139
100,145
100,160
100,167
100,27455
100,176
100,27454
100,177
100,27450
106,114
106,115
106,139
106,145
106,160
106,167
106,176
106,27459
106,177
106,27455
106,185
106,27454
114,145
114,167
114,176
114,177
114,185
114,27459
114,195
114,27455
114,11724
114,12401
114,23582
114,7618
114,24084
115,139
115,145
115,160
115,167
115,176
115,177
115,185
115,195
115,223
115,27459
115,20108
115,18384
139,160
139,167
139,177
139,185
139,195
139,223
139,233
139,16381
139,23376
145,160
145,167
145,176
145,177
145,195
145,223
145,233
145,261
145,20897
160,167
160,176
160,177
160,185
160,195
160,223
160,233
160,261
160,268
167,176
167,177
167,185
167,195
167,223
167,233
167,261
167,268
167,275
176,177
176,185
176,223
176,233
176,261
176,275
176,298
176,9983
176,11021
177,185
177,223
177,233
177,261
177,275
177,298
177,307
177,18876
177,9933
177,18708
177,18668
185,195
185,223
185,233
185,261
185,268
185,275
185,298
185,307
185,319
195,223
195,233
195,261
195,268
195,275
195,298
195,307
195,319
195,328
223,261
223,268
223,298
223,307
223,328
223,344
223,23491
223,9890
223,10160
223,22808
223,10659
233,261
233,268
233,307
233,319
233,328
233,344
233,345
233,16443
233,14677
233,16332
233,10340
261,268
261,275
261,298
261,307
261,319
261,328
261,344
261,345
261,353
261,17132
261,23225
261,16908
268,275
268,298
268,307
268,319
268,328
268,344
268,345
268,353
268,361
268,14979
268,22193
275,298
275,307
275,328
275,344
275,345
275,353
275,361
275,19980
275,26968
298,307
298,319
298,328
298,344
298,345
298,353
298,361
298,370
298,376
307,319
307,328
307,345
307,353
307,361
307,370
307,376
307,389
307,10463
307,19852
307,26972
319,328
319,344
319,345
319,353
319,361
319,370
319,376
319,389
319,392
328,344
328,345
328,353
328,361
328,370
328,376
328,389
328,392
328,395
328,16566
344,345
344,353
344,361
344,370
344,389
344,392
344,395
344,397
344,18954
344,6568
345,353
345,361
345,370
345,376
345,389
345,392
345,395
345,397
345,404
345,916
353,361
353,370
353,376
353,389
353,392
353,397
353,404
353,411
353,21588
353,17918
353,19227
361,376
361,389
361,392
361,395
361,397
361,404
361,424
361,16803
361,14521
361,20759
361,6743
361,23232
361,14842
361,21578
370,376
370,389
370,397
370,404
370,411
370,424
370,441
370,17890
370,5476
370,17196
376,389
376,392
376,397
376,411
376,424
376,441
376,8885
376,16823
376,14822
389,392
389,395
389,397
389,404
389,424
389,441
389,455
389,19402
389,26584
389,18554
392,395
392,397
392,404
392,411
392,441
392,455
392,518
392,24993
392,17229
395,404
395,411
395,424
395,441
395,455
395,506
395,518
395,527
395,14532
395,13908
395,23625
395,23420
397,404
397,411
397,424
397,441
397,455
397,506
397,518
397,527
397,529
404,411
404,424
404,441
404,455
404,506
404,518
404,527
404,529
404,537
404,18101
404,25084
411,441
411,455
411,518
411,527
411,529
411,537
411,555
411,26395
411,7844
424,455
424,506
424,518
424,527
424,529
424,537
424,555
424,576
424,22999
441,455
441,506
441,518
441,527
441,529
441,537
441,555
441,576
441,609
455,506
455,518
455,527
455,529
455,537
455,555
455,576
455,609
455,623
455,24213
506,518
506,527
506,529
506,555
506,576
506,609
506,623
506,624
506,3663
506,25367
506,10686
506,14536
518,527
518,529
518,537
518,555
518,576
518,609
518,623
518,624
518,626
527,529
527,537
527,576
527,609
527,623
527,624
527,626
527,630
527,14257
527,9247
529,537
529,555
529,576
529,609
529,623
529,624
529,626
529,25747
529,27102
537,555
537,576
537,609
537,623
537,624
537,630
537,634
537,641
537,25938
537,12248
537,24954
555,576
555,623
555,626
555,630
555,641
555,670
555,9104
555,5089
555,23602
555,6813
555,24229
576,609
576,623
576,624
576,626
576,630
576,634
576,641
576,670
576,671
576,26688
609,623
609,624
609,630
609,634
609,641
609,671
609,674
609,8796
609,10846
623,624
623,626
623,630
623,634
623,641
623,670
623,671
623,674
623,678
623,8983
624,626
624,630
624,634
624,641
624,670
624,671
624,674
624,685
624,15222
624,13971
624,23511
626,630
626,634
626,641
626,670
626,671
626,674
626,678
626,685
626,695
626,12154
626,15899
630,634
630,641
630,670
630,671
630,674
630,678
630,685
630,695
630,18157
630,21616
630,10784
630,25917
634,641
634,670
634,671
634,674
634,678
634,685
634,695
634,699
634,707
634,19349
641,671
641,674
641,678
641,685
641,695
641,699
641,719
641,20288
641,10880
641,24119
641,8780
670,671
670,674
670,678
670,685
670,695
670,699
670,719
670,723
670,7025
670,6285
671,674
671,678
671,685
671,695
671,699
671,707
671,723
671,802
671,8290
671,16952
674,685
674,695
674,699
674,707
674,719
674,723
674,802
674,809
674,23904
674,25444
674,26199
678,695
678,699
678,719
678,723
678,802
678,809
678,813
678,24278
678,15701
678,8010
678,7863
685,695
685,699
685,707
685,719
685,723
685,802
685,813
685,837
685,9209
685,10159
695,699
695,707
695,719
695,723
695,802
695,809
695,813
695,837
695,840
699,707
699,719
699,723
699,802
699,809
699,813
699,840
699,841
699,17209
707,719
707,723
707,809
707,813
707,837
707,840
707,841
707,15096
707,25552
719,723
719,802
719,809
719,813
719,837
719,842
719,859
719,23612
719,16613
719,18498
719,19171
719,11024
723,802
723,809
723,813
723,840
723,841
723,859
723,895
723,10068
723,4049
723,21560
802,809
802,813
802,837
802,841
802,842
802,859
802,895
802,916
802,23864
802,10199
809,813
809,840
809,842
809,859
809,895
809,916
809,920
809,26505
809,18445
813,837
813,840
813,841
813,842
813,859
813,895
813,916
813,920
813,922
837,841
837,842
837,859
837,895
837,916
837,920
837,922
837,924
837,14223
840,841
840,842
840,859
840,895
840,916
840,920
840,922
840,924
840,933
840,25695
841,842
841,859
841,895
841,916
841,920
841,922
841,924
841,933
841,939
841,15817
842,859
842,895
842,916
842,920
842,922
842,924
842,933
842,939
842,941
859,895
859,920
859,922
859,939
859,942
859,26949
859,10605
859,16918
859,21553
895,916
895,920
895,922
895,933
895,939
895,941
895,942
895,954
895,17270
916,920
916,922
916,924
916,933
916,939
916,941
916,954
916,972
916,25179
916,25723
916,16199
920,922
920,924
920,933
920,939
920,941
920,942
920,954
920,972
920,976
922,933
922,939
922,941
922,942
922,954
922,972
922,976
922,1000
922,19167
922,26554
924,939
924,941
924,942
924,954
924,972
924,1000
924,1012
924,16929
924,22445
933,939
933,941
933,942
933,954
933,972
933,976
933,1000
933,1012
933,1022
933,9993
933,12289
939,941
939,942
939,954
939,972
939,976
939,1012
939,1022
939,1063
939,24553
939,15564
939,9776
939,19315
941,942
941,972
941,976
941,1000
941,1012
941,1022
941,1063
941,1088
941,19523
941,8946
941,21362
942,954
942,972
942,976
942,1000
942,1012
942,1022
942,1063
942,1088
942,1092
954,972
954,976
954,1000
954,1012
954,1022
954,1063
954,1088
954,1092
954,17331
954,3923
954,10209
972,976
972,1000
972,1012
972,1022
972,1063
972,1088
972,1094
972,1113
972,8983
976,1000
976,1012
976,1022
976,1063
976,1088
976,1092
976,1094
976,1113
976,1127
976,23805
976,11886
1000,1022
1000,1088
1000,1092
1000,1094
1000,1113
1000,1127
1000,10916
1000,9660
1000,25457
1000,22509
1012,1022
1012,1063
1012,1092
1012,1094
1012,1113
1012,1127
1012,1128
1012,9553
1012,13295
1012,21810
1022,1063
1022,1088
1022,1092
1022,1094
1022,1113
1022,1127
1022,1128
1022,1151
1022,1160
1063,1088
1063,1092
1063,1094
1063,1113
1063,1127
1063,1128
1063,1151
1063,1160
1063,1176
1088,1092
1088,1094
1088,1113
1088,1127
1088,1128
1088,1151
1088,1160
1088,1176
1088,1187
1092,1094
1092,1113
1092,1127
1092,1128
1092,1160
1092,1176
1092,1187
1092,1191
1092,18256
1092,6939
1094,1113
1094,1127
1094,1128
1094,1151
1094,1160
1094,1187
1094,1191
1094,1211
1094,11589
1113,1127
1113,1128
1113,1151
1113,1160
1113,1187
1113,1191
1113,1211
1113,1213
1113,13511
1127,1128
1127,1151
1127,1160
1127,1176
1127,1187
1127,1191
1127,1211
1127,1213
1127,1221
1127,6405
1128,1160
1128,1176
1128,1187
1128,1191
1128,1211
1128,1213
1128,1221
1128,1258
1128,14096
1128,3176
1151,1160
1151,1176
1151,1187
1151,1211
1151,1213
1151,1221
1151,1261
1151,4340
1151,17521
1160,1176
1160,1187
1160,1191
1160,1211
1160,1213
1160,1221
1160,1258
1160,1261
1160,1277
1160,9860
1176,1187
1176,1191
1176,1211
1176,1213
1176,1221
1176,1258
1176,1261
1176,1277
1176,1283
1176,11539
1187,1191
1187,1211
1187,1213
1187,1221
1187,1258
1187,1261
1187,1277
1187,1283
1187,1308
1191,1211
1191,1213
1191,1221
1191,1258
1191,1261
1191,1277
1191,1283
1191,1308
1191,1319
1211,1213
1211,1221
1211,1258
1211,1261
1211,1277
1211,1283
1211,1308
1211,1319
1211,1332
1211,20467
1211,10062
1213,1221
1213,1258
1213,1261
1213,1277
1213,1283
1213,1308
1213,1319
1213,1332
1213,1337
1213,10511
1213,12567
1221,1258
1221,1261
1221,1277
1221,1283
1221,1308
1221,1319
1221,1332
1221,1337
1221,1340
1221,16485
1258,1261
1258,1277
1258,1283
1258,1308
1258,1319
1258,1332
1258,1337
1258,1340
1258,17591
1258,12817
1261,1283
1261,1308
1261,1332
1261,1337
1261,1340
1261,1393
1261,1397
1261,20717
1261,16276
1261,13488
1261,8552
1277,1283
1277,1308
1277,1319
1277,1332
1277,1340
1277,1393
1277,1397
1277,1407
1277,7781
1277,26443
1277,6570
1283,1308
1283,1319
1283,1332
1283,1337
1283,1340
1283,1393
1283,1397
1283,1407
1283,1413
1283,14663
1308,1319
1308,1332
1308,1337
1308,1340
1308,1397
1308,1407
1308,10837
1308,25509
1308,26787
1308,20947
1319,1332
1319,1337
1319,1340
1319,1393
1319,1397
1319,1407
1319,1430
1319,1432
1319,26233
1319,27238
1332,1337
1332,1393
1332,1397
1332,1407
1332,1413
1332,1432
1332,5601
1332,19262
1332,14433
1337,1340
1337,1393
1337,1397
1337,1407
1337,1413
1337,1430
1337,1432
1337,1443
1337,23664
1337,8735
1337,19670
1340,1393
1340,1397
1340,1407
1340,1413
1340,1432
1340,1443
1340,1448
1340,1473
1340,11846
1340,13271
1393,1397
1393,1413
1393,1430
1393,1432
1393,1443
1393,1448
1393,1473
1393,1484
1393,16337
1397,1407
1397,1413
1397,1430
1397,1432
1397,1443
1397,1448
1397,1473
1397,1484
1397,1508
1407,1413
1407,1430
1407,1432
1407,1443
1407,1448
1407,1473
1407,1484
1407,1508
1407,1510
1413,1430
1413,1432
1413,1443
1413,1448
1413,1473
1413,1484
1413,1508
1413,1510
1413,1512
1413,15387
1413,11389
1430,1443
1430,1448
1430,1473
1430,1484
1430,1508
1430,1512
1430,1577
1430,11260
1430,15911
1432,1443
1432,1448
1432,1473
1432,1484
1432,1508
1432,1510
1432,1512
1432,1577
1432,1583
1432,19844
1443,1448
1443,1473
1443,1484
1443,1508
1443,1510
1443,1577
1443,1583
1443,1586
1443,25483
1443,14966
1448,1473
1448,1484
1448,1508
1448,1510
1448,1512
1448,1577
1448,1583
1448,1586
1448,20277
1448,8838
1473,1484
1473,1508
1473,1510
1473,1577
1473,1583
1473,1589
1473,1600
1473,26995
1473,19167
1473,24014
1473,24320
1484,1510
1484,1512
1484,1577
1484,1583
1484,1586
1484,1600
1484,1627
1484,17952
1484,26616
1484,14427
1484,16294
1508,1510
1508,1512
1508,1583
1508,1586
1508,1589
1508,1600
1508,1627
1508,1695
1508,10330
1510,1512
1510,1577
1510,1583
1510,1586
1510,1600
1510,1627
1510,1695
1510,8501
1510,15008
1512,1577
1512,1583
1512,1586
1512,1589
1512,1627
1512,1695
1512,1701
1512,1724
1512,17783
1577,1583
1577,1586
1577,1589
1577,1600
1577,1627
1577,1695
1577,1701
1577,1724
1577,1761
1583,1586
1583,1589
1583,1600
1583,1627
1583,1701
1583,1724
1583,1761
1583,1778
1583,13457
1586,1589
1586,1600
1586,1627
1586,1695
1586,1701
1586,1724
1586,1761
1586,1779
1586,6656
1589,1600
1589,1627
1589,1695
1589,1701
1589,1724
1589,1761
1589,1778
1589,1779
1589,1782
1600,1627
1600,1695
1600,1701
1600,1724
1600,1761
1600,1778
1600,1779
1600,1782
1600,1791
1600,25841
1627,1695
1627,1701
1627,1761
1627,1778
1627,1779
1627,1782
1627,1797
1627,12445
1627,23686
1627,18235
1695,1701
1695,1724
1695,1761
1695,1778
1695,1779
1695,1782
1695,1791
1695,1797
1695,10969
1695,20476
1701,1724
1701,1778
1701,1782
1701,1791
1701,1797
1701,1816
1701,13591
1701,10488
1701,27102
1701,9404
1701,26090
1701,16802
1724,1761
1724,1778
1724,1779
1724,1782
1724,1791
1724,1797
1724,1816
1724,1820
1724,1834
1724,24131
1761,1778
1761,1779
1761,1782
1761,1791
1761,1797
1761,1816
1761,1820
1761,1834
1761,1853
1778,1779
1778,1782
1778,1791
1778,1797
1778,1816
1778,1820
1778,1834
1778,1853
1778,1859
1779,1782
1779,1791
1779,1797
1779,1816
1779,1820
1779,1834
1779,1853
1779,1859
1779,25898
1779,21859
1779,10655
1782,1797
1782,1816
1782,1820
1782,1834
1782,1853
1782,1859
1782,1885
1782,22461
1782,22195
1791,1797
1791,1816
1791,1820
1791,1834
1791,1853
1791,1885
1791,1897
1791,1926
1791,17625
1791,12574
1797,1816
1797,1820
1797,1834
1797,1853
1797,1859
1797,1885
1797,1897
1797,11034
1797,9907
1797,13622
1797,8491
1816,1820
1816,1834
1816,1853
1816,1859
1816,1885
1816,1897
1816,1926
1816,1929
1816,23162
1820,1834
1820,1853
1820,1859
1820,1885
1820,1926
1820,1929
1820,1935
1820,1938
1820,21221
1820,15380
1834,1853
1834,1859
1834,1885
1834,1897
1834,1926
1834,1929
1834,1935
1834,1938
1834,1984
1834,13735
1834,23681
1834,26419
1853,1859
1853,1885
1853,1897
1853,1926
1853,1929
1853,1935
1853,1938
1853,1984
1853,2007
1853,10403
1859,1885
1859,1897
1859,1926
1859,1929
1859,1935
1859,1938
1859,1984
1859,2007
1859,2012
1859,11877
1885,1897
1885,1926
1885,1929
1885,1935
1885,1938
1885,1984
1885,2007
1885,2023
1885,21454
1897,1926
1897,1929
1897,1935
1897,1938
1897,1984
1897,2007
1897,2023
1897,2031
1897,25782
1897,12315
1926,1929
1926,1935
1926,1938
1926,1984
1926,2007
1926,2012
1926,2023
1926,2031
1926,2039
1929,1935
1929,1938
1929,1984
1929,2007
1929,2012
1929,2023
1929,2031
1929,2039
1929,2057
1929,22355
1935,1938
1935,1984
1935,2007
1935,2012
1935,2023
1935,2031
1935,2039
1935,2061
1935,11621
1935,2057
1938,1984
1938,2007
1938,2012
1938,2023
1938,2031
1938,2039
1938,2057
1938,2061
1938,12978
1938,25585
1938,15294
1984,2007
1984,2012
1984,2023
1984,2057
1984,2061
1984,2070
1984,2092
1984,16772
1984,9137
1984,23370
1984,26127
2007,2012
2007,2023
2007,2031
2007,2039
2007,2057
2007,2061
2007,2070
2007,2092
2007,2096
2012,2023
2012,2031
2012,2039
2012,2070
2012,2092
2012,2096
2012,2167
2012,26202
2012,18760
2023,2031
2023,2039
2023,2057
2023,2061
2023,2070
2023,2092
2023,2096
2023,2176
2023,11515
2023,23625
2031,2039
2031,2057
2031,2061
2031,2092
2031,2096
2031,2167
2031,2176
2031,2195
2031,19561
2039,2057
2039,2061
2039,2070
2039,2092
2039,2096
2039,2167
2039,2195
2039,2197
2039,9174
2057,2061
2057,2070
2057,2092
2057,2096
2057,2167
2057,2176
2057,2195
2057,2197
2057,18442
2061,2070
2061,2092
2061,2096
2061,2167
2061,2176
2061,2195
2061,2197
2061,2198
2061,2207
2070,2092
2070,2096
2070,2167
2070,2176
2070,2195
2070,2197
2070,2198
2070,2207
2070,2210
2070,12495
2092,2096
2092,2167
2092,2176
2092,2195
2092,2197
2092,2198
2092,2207
2092,2210
2092,2218
2096,2176
2096,2195
2096,2197
2096,2198
2096,2207
2096,2210
2096,2218
2096,2223
2096,14761
2167,2176
2167,2195
2167,2197
2167,2198
2167,2207
2167,2210
2167,2218
2167,2223
2167,2237
2167,16405
2176,2197
2176,2198
2176,2210
2176,2218
2176,2223
2176,2237
2176,2239
2176,20430
2176,15128
2195,2197
2195,2198
2195,2207
2195,2210
2195,2218
2195,2223
2195,2237
2195,2249
2195,15367
2197,2207
2197,2210
2197,2218
2197,2237
2197,2239
2197,2249
2197,2255
2197,25318
2197,20976
2197,8355
2198,2207
2198,2210
2198,2218
2198,2223
2198,2237
2198,2239
2198,2249
2198,2255
2198,2260
2207,2210
2207,2223
2207,2237
2207,2239
2207,2249
2207,2255
2207,2260
2207,2267
2207,20483
2210,2218
2210,2223
2210,2237
2210,2239
2210,2249
2210,2267
2210,2280
2210,11858
2210,20840
2218,2223
2218,2237
2218,2239
2218,2249
2218,2255
2218,2260
2218,2267
2218,2280
2218,2281
2218,19537
2223,2237
2223,2239
2223,2249
2223,2255
2223,2260
2223,2267
2223,2280
2223,2281
2223,2295
2237,2239
2237,2249
2237,2255
2237,2260
2237,2267
2237,2280
2237,2281
2237,2295
2237,2308
2237,8984
2237,8553
2239,2249
2239,2255
2239,2260
2239,2267
2239,2280
2239,2281
2239,2295
2239,2308
2239,2323
2239,8949
2239,26990
2249,2255
2249,2260
2249,2267
2249,2281
2249,2295
2249,2308
2249,2323
2249,2327
2249,12122
2255,2260
2255,2267
2255,2280
2255,2281
2255,2295
2255,2308
2255,2323
2255,2327
2255,2380
2255,10887
2255,26845
2260,2267
2260,2280
2260,2281
2260,2295
2260,2308
2260,2323
2260,2327
2260,2380
2260,2390
2260,16454
2267,2280
2267,2281
2267,2295
2267,2308
2267,2323
2267,2380
2267,2390
2267,2409
2267,18712
2280,2281
2280,2295
2280,2308
2280,2323
2280,2380
2280,2409
2280,2410
2280,19317
2280,21156
2280,12362
2281,2295
2281,2308
2281,2323
2281,2327
2281,2380
2281,2390
2281,2409
2281,2410
2281,2411
2295,2308
2295,2323
2295,2327
2295,2380
2295,2390
2295,2409
2295,2410
2295,2411
2295,2413
2295,26526
2308,2323
2308,2327
2308,2380
2308,2390
2308,2410
2308,2411
2308,2413
2308,7863
2308,19097
2308,10505
2323,2327
2323,2390
2323,2409
2323,2410
2323,2411
2323,2413
2323,2415
2323,2427
2323,9681
2327,2390
2327,2409
2327,2410
2327,2411
2327,2413
2327,2415
2327,2427
2327,17767
2327,25196
2380,2409
2380,2410
2380,2411
2380,2413
2380,2415
2380,2427
2380,2430
2380,2431
2380,18882
2390,2409
2390,2410
2390,2411
2390,2413
2390,2415
2390,2427
2390,2430
2390,2431
2390,11433
2390,9137
2409,2411
2409,2413
2409,2427
2409,2430
2409,2431
2409,2432
2409,2446
2409,6006
2409,20452
2410,2411
2410,2413
2410,2415
2410,2427
2410,2430
2410,2431
2410,2432
2410,2446
2410,2451
2411,2413
2411,2415
2411,2427
2411,2430
2411,2431
2411,2432
2411,2446
2411,2451
2411,2454
2413,2415
2413,2430
2413,2431
2413,2432
2413,2446
2413,2451
2413,2454
2413,2469
2413,19041
2415,2430
2415,2431
2415,2432
2415,2446
2415,2451
2415,2454
2415,2469
2415,2471
2415,17315
2427,2431
2427,2432
2427,2446
2427,2451
2427,2454
2427,2469
2427,2471
2427,2492
2427,18643
2427,20536
2430,2431
2430,2432
2430,2446
2430,2451
2430,2469
2430,2471
2430,2492
2430,2522
2430,23005
2431,2432
2431,2446
2431,2451
2431,2454
2431,2469
2431,2471
2431,2522
2431,2525
2431,17823
2432,2446
2432,2451
2432,2469
2432,2471
2432,2492
2432,2522
2432,2525
2432,2539
2432,10429
2446,2454
2446,2471
2446,2492
2446,2522
2446,2525
2446,2539
2446,2544
2446,13481
2446,14598
2446,12891
2451,2454
2451,2469
2451,2471
2451,2492
2451,2522
2451,2525
2451,2539
2451,2544
2451,2551
2451,25785
2454,2469
2454,2471
2454,2522
2454,2525
2454,2539
2454,2544
2454,2551
2454,2555
2454,20407
2454,24795
2454,16759
2469,2471
2469,2492
2469,2522
2469,2525
2469,2539
2469,2544
2469,2551
2469,2555
2469,2561
2469,8583
2471,2492
2471,2522
2471,2525
2471,2539
2471,2544
2471,2551
2471,2555
2471,2561
2471,21790
2492,2522
2492,2525
2492,2539
2492,2544
2492,2551
2492,2555
2492,2634
2492,2637
2492,11189
2522,2525
2522,2539
2522,2544
2522,2551
2522,2561
2522,2634
2522,2637
2522,2638
2522,16972
2522,14826
2522,12499
2525,2539
2525,2544
2525,2551
2525,2555
2525,2561
2525,2637
2525,2638
2525,2689
2525,21839
2525,11823
2525,26085
2525,18790
2539,2544
2539,2551
2539,2555
2539,2561
2539,2634
2539,2637
2539,2638
2539,2694
2539,10874
2539,19701
2544,2551
2544,2555
2544,2561
2544,2634
2544,2637
2544,2689
2544,2694
2544,2734
2544,23907
2551,2555
2551,2561
2551,2634
2551,2637
2551,2689
2551,2694
2551,2734
2551,2750
2551,19276
2555,2561
2555,2634
2555,2637
2555,2638
2555,2689
2555,2694
2555,2734
2555,2750
2555,2757
2561,2634
2561,2637
2561,2638
2561,2689
2561,2694
2561,2734
2561,2750
2561,2757
2561,2783
2634,2637
2634,2689
2634,2694
2634,2734
2634,2750
2634,2757
2634,2783
2634,2830
2634,19293
2637,2638
2637,2689
2637,2694
2637,2734
2637,2757
2637,2783
2637,2830
2637,2856
2637,20487
2638,2689
2638,2694
2638,2734
2638,2750
2638,2757
2638,2783
2638,2856
2638,2866
2638,18004
2638,27061
2638,10450
2689,2734
2689,2750
2689,2757
2689,2783
2689,2830
2689,2856
2689,2866
2689,2867
2689,17072
2694,2750
2694,2783
2694,2830
2694,2856
2694,2866
2694,2867
2694,2882
2694,8405
2694,10136
2694,17072
2734,2750
2734,2757
2734,2783
2734,2830
2734,2856
2734,2866
2734,2867
2734,2882
2734,2902
2734,9180
2734,13808
2750,2757
2750,2783
2750,2830
2750,2856
2750,2866
2750,2867
2750,2902
2750,2908
2750,23757
2750,26149
2750,20546
2750,11141
2757,2783
2757,2830
2757,2856
2757,2866
2757,2867
2757,2882
2757,2902
2757,2908
2757,2933
2783,2830
2783,2856
2783,2866
2783,2867
2783,2882
2783,2902
2783,2908
2783,2933
2783,2934
2830,2856
2830,2866
2830,2867
2830,2882
2830,2902
2830,2908
2830,2934
2830,2941
2830,17404
2856,2866
2856,2867
2856,2882
2856,2908
2856,2933
2856,2934
2856,2941
2856,2950
2856,9759
2856,14426
2866,2867
2866,2882
2866,2902
2866,2908
2866,2933
2866,2941
2866,2950
2866,2951
2866,8407
2867,2882
2867,2902
2867,2908
2867,2933
2867,2934
2867,2941
2867,2950
2867,2951
2867,2985
2882,2902
2882,2908
2882,2933
2882,2934
2882,2941
2882,2950
2882,2951
2882,2985
2882,3004
2882,16225
2902,2933
2902,2934
2902,2941
2902,2950
2902,2951
2902,2985
2902,3004
2902,3016
2902,5145
2902,22080
2902,24634
2908,2933
2908,2934
2908,2941
2908,2950
2908,2951
2908,2985
2908,3004
2908,3016
2908,3021
2908,24502
2933,2934
2933,2941
2933,2950
2933,2951
2933,2985
2933,3004
2933,3016
2933,3021
2933,3038
2933,20020
2934,2941
2934,2950
2934,2951
2934,2985
2934,3004
2934,3016
2934,3021
2934,3038
2934,3046
2934,8386
2934,17011
2941,2950
2941,2951
2941,2985
2941,3004
2941,3016
2941,3021
2941,3038
2941,3046
2941,3047
2941,11034
2950,2951
2950,2985
2950,3004
2950,3016
2950,3021
2950,3038
2950,3046
2950,3047
2950,3049
2951,2985
2951,3004
2951,3016
2951,3021
2951,3038
2951,3047
2951,3049
2951,3050
2951,25624
2985,3004
2985,3016
2985,3021
2985,3038
2985,3046
2985,3047
2985,3049
2985,3050
2985,3071
3004,3016
3004,3038
3004,3046
3004,3047
3004,3049
3004,3050
3004,3071
3004,3092
3004,12964
3004,22864
3004,27383
3016,3021
3016,3038
3016,3046
3016,3047
3016,3050
3016,3071
3016,3092
3016,3094
3016,19346
3021,3038
3021,3046
3021,3047
3021,3049
3021,3050
3021,3092
3021,3094
3021,3102
3021,23553
3038,3046
3038,3047
3038,3049
3038,3050
3038,3071
3038,3092
3038,3094
3038,3102
3038,3106
3046,3047
3046,3049
3046,3050
3046,3071
3046,3092
3046,3094
3046,3102
3046,3125
3046,17494
3047,3049
3047,3050
3047,3071
3047,3092
3047,3094
3047,3102
3047,3106
3047,3125
3047,3141
3049,3050
3049,3092
3049,3094
3049,3102
3049,3106
3049,3125
3049,3141
3049,3146
3049,15226
3050,3071
3050,3092
3050,3094
3050,3102
3050,3125
3050,3141
3050,3146
3050,9009
3050,17657
3050,26719
3071,3092
3071,3094
3071,3102
3071,3106
3071,3125
3071,3141
3071,3146
3071,3176
3071,3188
3071,7969
3071,9461
3071,14299
3092,3094
3092,3102
3092,3106
3092,3125
3092,3141
3092,3146
3092,3176
3092,3188
3092,3199
3092,18708
3094,3102
3094,3106
3094,3125
3094,3146
3094,3176
3094,3188
3094,3199
3094,3215
3094,22435
3102,3106
3102,3125
3102,3141
3102,3146
3102,3176
3102,3188
3102,3199
3102,3215
3102,3236
3106,3125
3106,3141
3106,3146
3106,3176
3106,3188
3106,3199
3106,3215
3106,3256
3106,16802
3125,3146
3125,3176
3125,3188
3125,3199
3125,3215
3125,3236
3125,3256
3125,3258
3125,20667
3125,8103
3141,3146
3141,3188
3141,3199
3141,3215
3141,3236
3141,3256
3141,3258
3141,3265
3141,22187
3141,10242
3141,23067
3141,17121
3146,3176
3146,3188
3146,3199
3146,3215
3146,3236
3146,3256
3146,3258
3146,3265
3146,3270
3176,3188
3176,3199
3176,3236
3176,3256
3176,3258
3176,3265
3176,3270
3176,3272
3188,3199
3188,3215
3188,3236
3188,3256
3188,3258
3188,3265
3188,3270
3188,3272
3188,3281
3188,15331
3199,3215
3199,3236
3199,3256
3199,3258
3199,3265
3199,3270
3199,3281
3199,3292
3199,22982
3215,3236
3215,3256
3215,3258
3215,3265
3215,3270
3215,3272
3215,3281
3215,3292
3215,3293
3215,16452
3236,3256
3236,3258
3236,3265
3236,3270
3236,3272
3236,3281
3236,3292
3236,3293
3236,3304
3236,13356
3236,14172
3256,3265
3256,3270
3256,3272
3256,3281
3256,3292
3256,3293
3256,3304
3256,3316
3256,19040
3256,24886
3256,26429
3258,3265
3258,3270
3258,3272
3258,3281
3258,3292
3258,3293
3258,3304
3258,3316
3258,3321
3258,9497
3258,21681
3258,26967
3265,3270
3265,3272
3265,3281
3265,3292
3265,3293
3265,3304
3265,3316
3265,3321
3265,3329
3265,10437
3265,22922
3270,3272
3270,3281
3270,3292
3270,3293
3270,3304
3270,3316
3270,3321
3270,3329
3270,14598
3270,19174
3272,3281
3272,3292
3272,3293
3272,3304
3272,3316
3272,3329
3272,3340
3272,3364
3272,24991
3281,3292
3281,3293
3281,3316
3281,3321
3281,3329
3281,3340
3281,3364
3281,3367
3281,18440
3281,26230
3281,21304
3292,3293
3292,3304
3292,3316
3292,3321
3292,3329
3292,3340
3292,3364
3292,3367
3292,3379
3292,16362
3293,3304
3293,3316
3293,3321
3293,3329
3293,3340
3293,3364
3293,3367
3293,3379
3293,3380
3293,7973
3293,12171
3293,9623
3304,3316
3304,3321
3304,3329
3304,3340
3304,3364
3304,3367
3304,3379
3304,3380
3304,3398
3304,14325
3316,3321
3316,3329
3316,3364
3316,3367
3316,3379
3316,3380
3316,3398
3316,3402
3316,10946
3316,27350
3316,12191
3321,3329
3321,3340
3321,3364
3321,3367
3321,3379
3321,3398
3321,3402
3321,3403
3321,10435
3321,10555
3329,3340
3329,3364
3329,3367
3329,3379
3329,3380
3329,3398
3329,3402
3329,3403
3329,3445
3340,3367
3340,3379
3340,3380
3340,3398
3340,3402
3340,3403
3340,3445
3340,27307
3340,12946
3340,7692
3364,3367
3364,3379
3364,3380
3364,3398
3364,3402
3364,3403
3364,3445
3364,3485
3364,24477
3364,23021
3367,3379
3367,3380
3367,3398
3367,3403
3367,3445
3367,3452
3367,3485
3367,3509
3367,18157
3379,3380
3379,3398
3379,3402
3379,3403
3379,3445
3379,3452
3379,3485
3379,3509
3379,3515
3379,11021
3379,3954
3380,3398
3380,3402
3380,3403
3380,3452
3380,3485
3380,3509
3380,3515
3380,3516
3380,14716
3380,23442
3398,3402
3398,3445
3398,3452
3398,3485
3398,3509
3398,3515
3398,3516
3398,3535
3398,24755
3398,10239
3402,3403
3402,3445
3402,3452
3402,3485
3402,3509
3402,3515
3402,3516
3402,3535
3402,3539
3403,3445
3403,3485
3403,3515
3403,3516
3403,3535
3403,3539
3403,3545
3403,10086
3403,26656
3403,13063
3445,3485
3445,3509
3445,3515
3445,3535
3445,3539
3445,3545
3445,3568
3445,22024
3445,12183
3445,15501
3445,22476
3445,15026
3452,3515
3452,3516
3452,3535
3452,3539
3452,3545
3452,3568
3452,3593
3452,9218
3452,14331
3485,3515
3485,3516
3485,3535
3485,3539
3485,3545
3485,3568
3485,3593
3485,3599
3485,17355
3485,18929
3485,8804
3485,13246
3485,26798
3509,3515
3509,3535
3509,3539
3509,3545
3509,3568
3509,3593
3509,3599
3509,3609
3509,10555
3509,20335
3509,26526
3515,3516
3515,3535
3515,3539
3515,3545
3515,3568
3515,3593
3515,3599
3515,3609
3515,3611
3515,10648
3516,3535
3516,3539
3516,3545
3516,3568
3516,3593
3516,3599
3516,3609
3516,3611
3516,3634
3535,3539
3535,3545
3535,3568
3535,3593
3535,3609
3535,3611
3535,3634
3535,3663
3535,17647
3539,3545
3539,3568
3539,3593
3539,3599
3539,3609
3539,3611
3539,3634
3539,3663
3539,26059
3545,3568
3545,3599
3545,3609
3545,3611
3545,3634
3545,3663
3545,3679
3545,3699
3545,17532
3568,3593
3568,3599
3568,3609
3568,3611
3568,3634
3568,3663
3568,3679
3568,3699
3568,3701
3593,3599
3593,3609
3593,3611
3593,3634
3593,3663
3593,3679
3593,3699
3593,3701
3593,3718
3599,3609
3599,3611
3599,3634
3599,3663
3599,3679
3599,3701
3599,3718
3599,3726
3599,18093
3609,3611
3609,3634
3609,3663
3609,3679
3609,3699
3609,3701
3609,3718
3609,3726
3609,25482
3611,3634
3611,3663
3611,3679
3611,3699
3611,3701
3611,3718
3611,3726
3611,3727
3611,3738
3634,3663
3634,3699
3634,3701
3634,3718
3634,3726
3634,3727
3634,3738
3634,3747
3634,21586
3634,11654
3634,10242
3663,3699
3663,3726
3663,3727
3663,3738
3663,3747
3663,3829
3663,10010
3663,13285
3679,3699
3679,3701
3679,3718
3679,3726
3679,3727
3679,3738
3679,3747
3679,3829
3679,3830
3699,3701
3699,3718
3699,3726
3699,3727
3699,3738
3699,3747
3699,3829
3699,3830
3699,3834
3699,9192
3699,13678
3701,3718
3701,3726
3701,3727
3701,3747
3701,3829
3701,3830
3701,3834
3701,17270
3701,9606
3701,20366
3701,19631
3701,14609
3701,17960
3701,19353
3718,3726
3718,3738
3718,3747
3718,3829
3718,3830
3718,3835
3718,3836
3718,14389
3718,19879
3726,3727
3726,3738
3726,3747
3726,3829
3726,3830
3726,3834
3726,3835
3726,3836
3726,3838
3726,10355
3727,3738
3727,3747
3727,3829
3727,3830
3727,3834
3727,3835
3727,3836
3727,3838
3727,3865
3738,3747
3738,3829
3738,3834
3738,3835
3738,3836
3738,3838
3738,3865
3738,3894
3738,14850
3747,3829
3747,3834
3747,3835
3747,3836
3747,3838
3747,3865
3747,3894
3747,3895
3747,21294
3747,24632
3829,3830
3829,3835
3829,3836
3829,3838
3829,3865
3829,3894
3829,3895
3829,3909
3829,12844
3829,13369
3829,8260
3830,3834
3830,3835
3830,3836
3830,3838
3830,3865
3830,3894
3830,3895
3830,3909
3830,3923
3830,8938
3834,3836
3834,3838
3834,3865
3834,3894
3834,3895
3834,3909
3834,3923
3834,19153
3834,21322
3834,15551
3835,3836
3835,3838
3835,3865
3835,3894
3835,3895
3835,3909
3835,3931
3835,3934
3835,18704
3835,25838
3835,24095
3835,25276
3836,3838
3836,3865
3836,3894
3836,3895
3836,3909
3836,3923
3836,3931
3836,3934
3836,11913
3836,13971
3836,10437
3838,3865
3838,3894
3838,3895
3838,3909
3838,3923
3838,3931
3838,3934
3838,3946
3838,3954
3865,3895
3865,3909
3865,3923
3865,3931
3865,3934
3865,3946
3865,3954
3865,3959
3865,19537
3865,9664
3894,3895
3894,3909
3894,3923
3894,3934
3894,3946
3894,3954
3894,3959
3894,3962
3894,18668
3894,8443
3895,3909
3895,3923
3895,3931
3895,3934
3895,3946
3895,3954
3895,3959
3895,3962
3895,3979
3909,3934
3909,3946
3909,3954
3909,3959
3909,3962
3909,3979
3909,3994
3909,25919
3909,25034
3909,24633
3923,3931
3923,3934
3923,3954
3923,3959
3923,3962
3923,3979
3923,3994
3923,4005
3923,8286
3931,3934
3931,3946
3931,3954
3931,3959
3931,3962
3931,3979
3931,3994
3931,4005
3931,4006
3931,4275
3931,24133
3931,23021
3934,3946
3934,3954
3934,3959
3934,3962
3934,3979
3934,3994
3934,4005
3934,4006
3934,4021
3934,8558
3946,3954
3946,3959
3946,3962
3946,3979
3946,3994
3946,4005
3946,4006
3946,4021
3946,4028
3946,7969
3954,3959
3954,3962
3954,3979
3954,3994
3954,4006
3954,4021
3954,4028
3954,21586
3959,3962
3959,3979
3959,3994
3959,4005
3959,4006
3959,4021
3959,4028
3959,4038
3959,4040
3962,3979
3962,3994
3962,4005
3962,4006
3962,4021
3962,4038
3962,4040
3962,4049
3962,17947
3962,15690
3962,23595
3962,26993
3979,3994
3979,4005
3979,4006
3979,4021
3979,4028
3979,4038
3979,4040
3979,4049
3979,4053
3994,4005
3994,4021
3994,4028
3994,4038
3994,4040
3994,4049
3994,4061
3994,14955
3994,13811
3994,27102
4005,4006
4005,4028
4005,4038
4005,4049
4005,4053
4005,4061
4005,4079
4005,26507
4005,20262
4006,4028
4006,4038
4006,4040
4006,4049
4006,4053
4006,4061
4006,4079
4006,12600
4006,21454
4006,22912
4006,10745
4021,4028
4021,4038
4021,4040
4021,4049
4021,4053
4021,4061
4021,4079
4021,4085
4021,4086
4028,4038
4028,4040
4028,4053
4028,4061
4028,4079
4028,4085
4028,4086
4028,4096
4028,13102
4038,4040
4038,4049
4038,4053
4038,4061
4038,4079
4038,4085
4038,4086
4038,4096
4038,4110
4040,4049
4040,4053
4040,4079
4040,4085
4040,4086
4040,4096
4040,4110
4040,4116
4040,4426
4049,4053
4049,4061
4049,4079
4049,4086
4049,4110
4049,4116
4049,4137
4049,8151
4053,4061
4053,4079
4053,4085
4053,4086
4053,4096
4053,4110
4053,4116
4053,4137
4053,4162
4061,4079
4061,4085
4061,4086
4061,4096
4061,4110
4061,4116
4061,4137
4061,4162
4061,4183
4061,17536
4079,4085
4079,4096
4079,4110
4079,4116
4079,4137
4079,4162
4079,4183
4079,4203
4079,23811
4079,27090
4085,4086
4085,4096
4085,4110
4085,4116
4085,4137
4085,4162
4085,4183
4085,4203
4085,4237
4085,14052
4085,8946
4085,21156
4086,4096
4086,4110
4086,4116
4086,4162
4086,4183
4086,4203
4086,4237
4086,4245
4086,21057
4086,21731
4096,4110
4096,4116
4096,4137
4096,4162
4096,4183
4096,4237
4096,4245
4096,4275
4096,24908
4110,4116
4110,4137
4110,4162
4110,4183
4110,4281
4110,20918
4110,21983
4110,14587
4110,21441
4110,10658
4116,4162
4116,4183
4116,4203
4116,4245
4116,4275
4116,4281
4116,4308
4116,20694
4116,9337
4137,4162
4137,4183
4137,4203
4137,4237
4137,4275
4137,4281
4137,4308
4137,14796
4137,23811
4162,4183
4162,4203
4162,4237
4162,4245
4162,4281
4162,4308
4162,4340
4162,22790
4162,22505
4162,13924
4162,21991
4183,4203
4183,4237
4183,4245
4183,4275
4183,4281
4183,4308
4183,4318
4183,4340
4183,4342
4203,4237
4203,4245
4203,4275
4203,4281
4203,4308
4203,4318
4203,4340
4203,4342
4203,4343
4203,19896
4237,4245
4237,4275
4237,4281
4237,4308
4237,4318
4237,4340
4237,4342
4237,4343
4237,4359
4237,17781
4237,13506
4237,10177
4245,4275
4245,4281
4245,4308
4245,4318
4245,4340
4245,4342
4245,4343
4245,4359
4245,4373
4245,16101
4275,4281
4275,4308
4275,4318
4275,4343
4275,4359
4275,4373
4275,10555
4275,22724
4275,8108
4281,4308
4281,4318
4281,4340
4281,4342
4281,4343
4281,4359
4281,4373
4281,4400
4281,25917
4281,23754
4308,4318
4308,4340
4308,4342
4308,4343
4308,4359
4308,4373
4308,4400
4308,4413
4308,4423
4308,8058
4308,19274
4318,4340
4318,4342
4318,4343
4318,4359
4318,4373
4318,4400
4318,4413
4318,4423
4318,4425
4340,4342
4340,4343
4340,4359
4340,4373
4340,4400
4340,4413
4340,4423
4340,4425
4340,4426
4340,26095
4342,4343
4342,4359
4342,4373
4342,4400
4342,4413
4342,4423
4342,4425
4342,4426
4342,4449
4343,4359
4343,4373
4343,4400
4343,4413
4343,4425
4343,4426
4343,4449
4343,4452
4343,13102
4343,24467
4359,4373
4359,4400
4359,4423
4359,4425
4359,4426
4359,4449
4359,4452
4359,4507
4359,13430
4373,4400
4373,4413
4373,4423
4373,4425
4373,4426
4373,4449
4373,4452
4373,4507
4373,4519
4373,10080
4400,4413
4400,4423
4400,4425
4400,4426
4400,4449
4400,4452
4400,4507
4400,4519
4400,4596
4400,22080
4413,4423
4413,4425
4413,4426
4413,4449
4413,4452
4413,4507
4413,4596
4413,4599
4413,26685
4413,15045
4413,19393
4423,4425
4423,4426
4423,4449
4423,4519
4423,4596
4423,4599
4423,4619
4423,23305
4423,20277
4423,14148
4425,4426
4425,4449
4425,4452
4425,4507
4425,4519
4425,4596
4425,4599
4425,4619
4425,4632
4426,4449
4426,4452
4426,4507
4426,4519
4426,4596
4426,4599
4426,4619
4426,4632
4426,4638
4449,4452
4449,4507
4449,4519
4449,4596
4449,4599
4449,4619
4449,4632
4449,4666
4449,19649
4452,4507
4452,4519
4452,4596
4452,4599
4452,4632
4452,4638
4452,4670
4452,8049
4452,13126
4507,4519
4507,4596
4507,4599
4507,4619
4507,4632
4507,4638
4507,4666
4507,4670
4507,4684
4507,14516
4519,4596
4519,4599
4519,4632
4519,4666
4519,4704
4519,8030
4519,25680
4519,25348
4519,22542
4596,4599
4596,4619
4596,4632
4596,4638
4596,4666
4596,4670
4596,4684
4596,4704
4596,4705
4596,15960
4596,10653
4599,4619
4599,4632
4599,4638
4599,4666
4599,4670
4599,4684
4599,4704
4599,4705
4599,4724
4599,22565
4619,4632
4619,4638
4619,4666
4619,4670
4619,4704
4619,4705
4619,4724
4619,4750
4619,9660
4619,18878
4632,4666
4632,4670
4632,4684
4632,4704
4632,4724
4632,4750
4632,4770
4632,24449
4632,13271
4638,4666
4638,4670
4638,4684
4638,4704
4638,4724
4638,4750
4638,4770
4638,4782
4638,22329
4666,4670
4666,4704
4666,4705
4666,4724
4666,4750
4666,4770
4666,4782
4666,4783
4666,17662
4670,4684
4670,4704
4670,4705
4670,4724
4670,4750
4670,4770
4670,4782
4670,4783
4670,4787
4684,4704
4684,4705
4684,4724
4684,4750
4684,4770
4684,4782
4684,4783
4684,4787
4684,4794
4684,22702
4704,4705
4704,4724
4704,4750
4704,4770
4704,4782
4704,4783
4704,4787
4704,4794
4704,4819
4705,4724
4705,4750
4705,4770
4705,4782
4705,4783
4705,4787
4705,4794
4705,4819
4705,4846
4705,21560
4724,4750
4724,4770
4724,4782
4724,4783
4724,4787
4724,4794
4724,4819
4724,4846
4724,4847
4750,4770
4750,4782
4750,4787
4750,4794
4750,4819
4750,4846
4750,4847
4750,4853
4750,11873
4770,4782
4770,4787
4770,4794
4770,4819
4770,4847
4770,4876
4770,10251
4770,24509
4770,6385
4782,4783
4782,4787
4782,4794
4782,4846
4782,4853
4782,4888
4782,24198
4782,10251
4782,23068
4783,4787
4783,4794
4783,4819
4783,4846
4783,4847
4783,4853
4783,4876
4783,4888
4783,4899
4783,17657
4787,4794
4787,4819
4787,4846
4787,4847
4787,4853
4787,4876
4787,4888
4787,4899
4787,4921
4787,20724
4787,24005
4787,27336
4794,4819
4794,4846
4794,4853
4794,4888
4794,4899
4794,4921
4794,4932
4794,9298
4794,15414
4794,19624
4819,4846
4819,4847
4819,4853
4819,4876
4819,4888
4819,4899
4819,4921
4819,4932
4819,4935
4819,25686
4846,4847
4846,4853
4846,4876
4846,4888
4846,4899
4846,4921
4846,4932
4846,4935
4846,4969
4846,23004
4847,4853
4847,4876
4847,4888
4847,4899
4847,4921
4847,4932
4847,4935
4847,4969
4847,4983
4847,24774
4853,4888
4853,4899
4853,4921
4853,4932
4853,4969
4853,4983
4853,5029
4853,26108
4853,8450
4876,4888
4876,4899
4876,4921
4876,4932
4876,4935
4876,4969
4876,4983
4876,5029
4876,5030
4876,12834
4888,4899
4888,4921
4888,4932
4888,4935
4888,4969
4888,4983
4888,5029
4888,5030
4888,5051
4888,11480
4899,4921
4899,4932
4899,4935
4899,4969
4899,4983
4899,5029
4899,5030
4899,5051
4899,5089
4899,26888
4921,4932
4921,4935
4921,4983
4921,5029
4921,5030
4921,5051
4921,5101
4921,25196
4921,16908
4932,4935
4932,4969
4932,4983
4932,5030
4932,5051
4932,5089
4932,5101
4932,5102
4932,16358
4935,4969
4935,5029
4935,5030
4935,5051
4935,5101
4935,5102
4935,5111
4935,13809
4935,11931
4935,23530
4969,5029
4969,5030
4969,5089
4969,5101
4969,5111
4969,5115
4969,11130
4969,12289
4969,26798
4969,24361
4983,5029
4983,5030
4983,5051
4983,5089
4983,5102
4983,5115
4983,17315
4983,12655
4983,22121
5029,5030
5029,5051
5029,5089
5029,5101
5029,5111
5029,5115
5029,5130
5029,13093
5029,13779
5030,5051
5030,5089
5030,5101
5030,5102
5030,5111
5030,5115
5030,5122
5030,5130
5030,12822
5030,8902
5051,5089
5051,5101
5051,5102
5051,5111
5051,5115
5051,5122
5051,5130
5051,5134
5051,5135
5089,5101
5089,5111
5089,5115
5089,5134
5089,5135
5089,5142
5089,11092
5089,23384
5089,18683
5101,5102
5101,5111
5101,5115
5101,5122
5101,5130
5101,5134
5101,5135
5101,5142
5101,5145
5101,25552
5101,15568
5101,24395
5102,5111
5102,5115
5102,5122
5102,5130
5102,5134
5102,5135
5102,5142
5102,5145
5102,15783
5111,5115
5111,5122
5111,5134
5111,5135
5111,5142
5111,5145
5111,5169
5111,5187
5111,21659
5115,5122
5115,5130
5115,5134
5115,5135
5115,5142
5115,5145
5115,5169
5115,5187
5115,19188
5122,5130
5122,5135
5122,5142
5122,5145
5122,5169
5122,5189
5122,5202
5122,9958
5122,22940
5130,5134
5130,5135
5130,5142
5130,5145
5130,5187
5130,5189
5130,5202
5130,5213
5130,8542
5134,5135
5134,5142
5134,5145
5134,5169
5134,5187
5134,5189
5134,5202
5134,5219
5134,22102
5134,8161
5135,5142
5135,5145
5135,5187
5135,5189
5135,5202
5135,5213
5135,5219
5135,5236
5135,22927
5142,5145
5142,5169
5142,5187
5142,5189
5142,5202
5142,5213
5142,5219
5142,5236
5142,5242
5142,8417
5142,20206
5145,5169
5145,5187
5145,5189
5145,5213
5145,5219
5145,5236
5145,5242
5145,5266
5145,8026
5169,5187
5169,5189
5169,5202
5169,5213
5169,5219
5169,5236
5169,5242
5169,5268
5169,21566
5187,5189
5187,5202
5187,5213
5187,5219
5187,5236
5187,5242
5187,5268
5187,5286
5187,21373
5189,5202
5189,5213
5189,5219
5189,5236
5189,5242
5189,5266
5189,5268
5189,5286
5189,5298
5189,10367
5202,5213
5202,5219
5202,5236
5202,5242
5202,5266
5202,5268
5202,5286
5202,5298
5202,24704
5202,17962
5213,5219
5213,5236
5213,5242
5213,5266
5213,5268
5213,5286
5213,5298
5213,5312
5213,5339
5213,26526
5213,6381
5219,5236
5219,5242
5219,5266
5219,5268
5219,5298
5219,5312
5219,5339
5219,5369
5219,18966
5236,5242
5236,5266
5236,5268
5236,5286
5236,5298
5236,5312
5236,5369
5236,5398
5236,8856
5236,9395
5242,5266
5242,5268
5242,5286
5242,5298
5242,5312
5242,5339
5242,5369
5242,5398
5242,5407
5242,10655
5242,26749
5266,5268
5266,5286
5266,5298
5266,5312
5266,5339
5266,5369
5266,5398
5266,5407
5266,5415
5266,24865
5268,5286
5268,5298
5268,5312
5268,5339
5268,5369
5268,5398
5268,5407
5268,5415
5268,5447
5268,15417
5286,5298
5286,5312
5286,5339
5286,5369
5286,5398
5286,5407
5286,5415
5286,5447
5286,5452
5286,20631
5298,5312
5298,5369
5298,5398
5298,5407
5298,5415
5298,5447
5298,5452
5298,5475
5298,21845
5298,22370
5312,5339
5312,5369
5312,5398
5312,5407
5312,5415
5312,5447
5312,5452
5312,5475
5312,5476
5339,5369
5339,5398
5339,5407
5339,5415
5339,5447
5339,5452
5339,5475
5339,5476
5339,5480
5369,5398
5369,5415
5369,5447
5369,5452
5369,5475
5369,5476
5369,5522
5369,16524
5369,7693
5398,5407
5398,5415
5398,5447
5398,5452
5398,5475
5398,5476
5398,5522
5398,5538
5398,14701
5398,7722
5398,13490
5398,19984
5407,5415
5407,5447
5407,5452
5407,5475
5407,5476
5407,5480
5407,5522
5407,5538
5407,5559
5415,5452
5415,5476
5415,5480
5415,5538
5415,5559
5415,5575
5415,14835
5415,14424
5415,25675
5447,5475
5447,5476
5447,5480
5447,5538
5447,5559
5447,5575
5447,5576
5447,21980
5447,24363
5447,15282
5447,10171
5452,5475
5452,5476
5452,5522
5452,5538
5452,5559
5452,5575
5452,5576
5452,5584
5452,26776
5475,5476
5475,5480
5475,5522
5475,5559
5475,5575
5475,5576
5475,5584
5475,5601
5475,22505
5475,23401
5475,21731
5476,5480
5476,5522
5476,5559
5476,5575
5476,5576
5476,5584
5476,5601
5476,5603
5476,17251
5480,5522
5480,5538
5480,5559
5480,5575
5480,5576
5480,5584
5480,5601
5480,5651
5480,12309
5522,5538
5522,5559
5522,5575
5522,5576
5522,5584
5522,5601
5522,5603
5522,5651
5522,5709
5538,5559
5538,5575
5538,5576
5538,5584
5538,5601
5538,5603
5538,5651
5538,5709
5538,5719
5538,15721
5538,16613
5538,20758
5559,5576
5559,5584
5559,5601
5559,5603
5559,5651
5559,5709
5559,5719
5559,5726
5559,13414
5559,20657
5559,14217
5575,5576
5575,5584
5575,5601
5575,5603
5575,5651
5575,5709
5575,5719
5575,5726
5575,5728
5575,23146
5576,5584
5576,5601
5576,5603
5576,5709
5576,5726
5576,5728
5576,5744
5576,10473
5576,21479
5576,12293
5576,21529
5584,5601
5584,5603
5584,5651
5584,5709
5584,5719
5584,5726
5584,5728
5584,5744
5584,5748
5601,5603
5601,5651
5601,5709
5601,5719
5601,5726
5601,5728
5601,5744
5601,5748
5601,5772
5603,5651
5603,5719
5603,5726
5603,5728
5603,5744
5603,5748
5603,5772
5603,5782
5603,15911
5603,15150
5651,5709
5651,5726
5651,5728
5651,5744
5651,5748
5651,5772
5651,5782
5651,5825
5651,8103
5709,5719
5709,5726
5709,5728
5709,5744
5709,5772
5709,5782
5709,5825
5709,5831
5709,11841
5719,5726
5719,5728
5719,5744
5719,5748
5719,5772
5719,5782
5719,5831
5719,5853
5719,25381
5719,9218
5726,5728
5726,5748
5726,5772
5726,5782
5726,5825
5726,5831
5726,5853
5726,5861
5726,8036
5726,25997
5728,5744
5728,5772
5728,5782
5728,5825
5728,5831
5728,5853
5728,5861
5728,5869
5728,10834
5728,15029
5744,5748
5744,5772
5744,5782
5744,5825
5744,5831
5744,5853
5744,5861
5744,5869
5744,5871
5748,5772
5748,5782
5748,5825
5748,5853
5748,5861
5748,5869
5748,5871
5748,5876
5748,17893
5748,27243
5748,13033
5748,26561
5772,5782
5772,5825
5772,5831
5772,5853
5772,5861
5772,5869
5772,5871
5772,5876
5772,5887
5782,5825
5782,5831
5782,5853
5782,5861
5782,5869
5782,5871
5782,5876
5782,5903
5782,25140
5782,14134
5782,21960
5782,19920
5825,5831
5825,5853
5825,5861
5825,5869
5825,5876
5825,5887
5825,5903
5825,6939
5825,10440
5825,15803
5831,5853
5831,5861
5831,5869
5831,5871
5831,5876
5831,5887
5831,5903
5831,5924
5831,5933
5853,5869
5853,5871
5853,5876
5853,5887
5853,5903
5853,5924
5853,5933
5853,5940
5853,7695
5853,22260
5861,5869
5861,5871
5861,5876
5861,5887
5861,5903
5861,5924
5861,5933
5861,5940
5861,5945
5869,5871
5869,5876
5869,5887
5869,5903
5869,5933
5869,5940
5869,5945
5869,5976
5869,15752
5869,6811
5869,26706
5871,5876
5871,5887
5871,5903
5871,5924
5871,5933
5871,5940
5871,5945
5871,5976
5871,5987
5876,5887
5876,5903
5876,5924
5876,5933
5876,5940
5876,5976
5876,5987
5876,6006
5876,17259
5876,10335
5876,23460
5887,5903
5887,5924
5887,5933
5887,5940
5887,5945
5887,5976
5887,5987
5887,6006
5887,6009
5903,5924
5903,5933
5903,5940
5903,5945
5903,5976
5903,5987
5903,6006
5903,6009
5903,6015
5903,8222
5924,5933
5924,5940
5924,5945
5924,5976
5924,5987
5924,6006
5924,6009
5924,6015
5924,6024
5933,5940
5933,5945
5933,5976
5933,5987
5933,6006
5933,6009
5933,6015
5933,6024
5933,6027
5940,5945
5940,5976
5940,5987
5940,6006
5940,6009
5940,6015
5940,6024
5940,6030
5940,21891
5945,5976
5945,5987
5945,6006
5945,6009
5945,6015
5945,6024
5945,6027
5945,6030
5945,6034
5976,5987
5976,6006
5976,6009
5976,6015
5976,6024
5976,6027
5976,6030
5976,6053
5976,26985
5976,9818
5987,6006
5987,6009
5987,6015
5987,6024
5987,6027
5987,6030
5987,6053
5987,6056
5987,7757
6006,6009
6006,6015
6006,6024
6006,6027
6006,6030
6006,6034
6006,6058
6006,20956
6006,17242
6006,17890
6009,6015
6009,6024
6009,6027
6009,6030
6009,6034
6009,6053
6009,6056
6009,6058
6009,6073
6015,6024
6015,6027
6015,6030
6015,6034
6015,6053
6015,6056
6015,6058
6015,6073
6015,6122
6015,20987
6015,26774
6024,6027
6024,6030
6024,6034
6024,6053
6024,6056
6024,6058
6024,6073
6024,6122
6024,6144
6027,6034
6027,6053
6027,6056
6027,6058
6027,6073
6027,6122
6027,6144
6027,6145
6027,26787
6027,8871
6030,6034
6030,6053
6030,6056
6030,6058
6030,6073
6030,6122
6030,6144
6030,6145
6030,6171
6030,8252
6034,6053
6034,6056
6034,6058
6034,6073
6034,6122
6034,6144
6034,6145
6034,6171
6034,6185
6053,6056
6053,6058
6053,6073
6053,6122
6053,6144
6053,6145
6053,6171
6053,6185
6053,6232
6056,6058
6056,6073
6056,6122
6056,6144
6056,6145
6056,6171
6056,6185
6056,6232
6056,26213
6058,6073
6058,6122
6058,6144
6058,6171
6058,6185
6058,6232
6058,6242
6058,12813
6058,16755
6073,6122
6073,6144
6073,6145
6073,6171
6073,6232
6073,6234
6073,6242
6073,6256
6073,9404
6073,21537
6073,8195
6122,6144
6122,6145
6122,6171
6122,6185
6122,6232
6122,6234
6122,6242
6122,6259
6122,24225
6144,6145
6144,6171
6144,6232
6144,6234
6144,6242
6144,6256
6144,6259
6144,6267
6144,16715
6144,19701
6144,13757
6145,6171
6145,6185
6145,6232
6145,6234
6145,6242
6145,6256
6145,6259
6145,6267
6145,6275
6171,6185
6171,6232
6171,6234
6171,6242
6171,6256
6171,6259
6171,6267
6171,6275
6171,12401
6171,18712
6171,14341
6185,6232
6185,6234
6185,6242
6185,6256
6185,6259
6185,6267
6185,6275
6185,6285
6185,6300
6185,24065
6185,16656
6232,6234
6232,6242
6232,6256
6232,6259
6232,6267
6232,6275
6232,6285
6232,6300
6232,6304
6232,15960
6234,6242
6234,6256
6234,6267
6234,6275
6234,6285
6234,6304
6234,6306
6234,15114
6234,19262
6242,6256
6242,6259
6242,6275
6242,6285
6242,6300
6242,6304
6242,6306
6242,6311
6242,27289
6242,16385
6256,6259
6256,6267
6256,6275
6256,6285
6256,6300
6256,6304
6256,6306
6256,6311
6256,6314
6259,6267
6259,6275
6259,6285
6259,6300
6259,6304
6259,6306
6259,6311
6259,6314
6259,6330
6267,6275
6267,6285
6267,6304
6267,6311
6267,6314
6267,6330
6267,25137
6267,12918
6267,16529
6267,21650
6275,6285
6275,6300
6275,6304
6275,6306
6275,6330
6275,6334
6275,6337
6275,6956
6275,24261
6275,11702
6285,6300
6285,6304
6285,6306
6285,6311
6285,6314
6285,6330
6285,6334
6285,6337
6300,6304
6300,6306
6300,6311
6300,6314
6300,6330
6300,6334
6300,6337
6300,6350
6300,6368
6304,6306
6304,6311
6304,6314
6304,6330
6304,6337
6304,6350
6304,6368
6304,6381
6304,17951
6304,8534
6306,6311
6306,6330
6306,6334
6306,6337
6306,6350
6306,6368
6306,6381
6306,20351
6306,11653
6311,6314
6311,6330
6311,6334
6311,6337
6311,6381
6311,6383
6311,6385
6311,15150
6311,16575
6311,20869
6314,6330
6314,6334
6314,6337
6314,6350
6314,6368
6314,6381
6314,6383
6314,6385
6314,22556
6330,6334
6330,6337
6330,6350
6330,6368
6330,6381
6330,6385
6330,6405
6330,6442
6330,22293
6330,18198
6334,6337
6334,6350
6334,6368
6334,6381
6334,6383
6334,6385
6334,6405
6334,6442
6334,6450
6337,6350
6337,6368
6337,6381
6337,6383
6337,6385
6337,6405
6337,6442
6337,6450
6337,6480
6337,24775
6337,20209
6350,6368
6350,6381
6350,6383
6350,6385
6350,6405
6350,6442
6350,6450
6350,6480
6350,8410
6350,11652
6368,6381
6368,6383
6368,6385
6368,6405
6368,6442
6368,6450
6368,6480
6368,6506
6368,6513
6368,23283
6381,6383
6381,6385
6381,6405
6381,6442
6381,6450
6381,6480
6381,6506
6381,6518
6381,22667
6383,6385
6383,6405
6383,6442
6383,6450
6383,6506
6383,6513
6383,6518
6383,6520
6383,24688
6383,24264
6385,6405
6385,6442
6385,6450
6385,6480
6385,6513
6385,6518
6385,6528
6385,9983
6385,12151
6385,22974
6405,6442
6405,6450
6405,6480
6405,6513
6405,6518
6405,6520
6405,6528
6405,12289
6405,16319
6442,6450
6442,6480
6442,6506
6442,6513
6442,6518
6442,6520
6442,6528
6442,6542
6442,6549
6442,17289
6450,6480
6450,6506
6450,6513
6450,6518
6450,6520
6450,6528
6450,6542
6450,6549
6450,6568
6450,26505
6450,9592
6480,6506
6480,6518
6480,6520
6480,6528
6480,6542
6480,6549
6480,6568
6480,6570
6480,22380
6480,24055
6506,6513
6506,6518
6506,6520
6506,6528
6506,6542
6506,6549
6506,6568
6506,6573
6506,14257
6513,6518
6513,6520
6513,6528
6513,6549
6513,6568
6513,6570
6513,6573
6513,22404
6513,8788
6513,26785
6513,15891
6518,6520
6518,6528
6518,6542
6518,6549
6518,6568
6518,6570
6518,6573
6518,6579
6518,8265
6520,6528
6520,6542
6520,6549
6520,6568
6520,6570
6520,6573
6520,6579
6520,6594
6520,6598
6528,6542
6528,6549
6528,6568
6528,6570
6528,6573
6528,6579
6528,6594
6528,6598
6528,6608
6528,24049
6528,19278
6542,6549
6542,6568
6542,6570
6542,6573
6542,6579
6542,6594
6542,6598
6542,6608
6542,6616
6549,6568
6549,6570
6549,6573
6549,6579
6549,6594
6549,6598
6549,6608
6549,6632
6549,11637
6549,19176
6549,27307
6549,16500
6549,17864
6549,22390
6568,6570
6568,6573
6568,6579
6568,6594
6568,6598
6568,6608
6568,6616
6568,6632
6568,6647
6570,6573
6570,6594
6570,6598
6570,6608
6570,6616
6570,6632
6570,6647
6570,6649
6570,24112
6573,6579
6573,6594
6573,6598
6573,6632
6573,6647
6573,6649
6573,6656
6573,13228
6573,10761
6579,6594
6579,6598
6579,6608
6579,6647
6579,6656
6579,6664
6579,11016
6579,16369
6579,16255
6594,6598
6594,6608
6594,6616
6594,6632
6594,6647
6594,6649
6594,6664
6594,6692
6594,16157
6594,26976
6598,6608
6598,6616
6598,6632
6598,6647
6598,6649
6598,6656
6598,6664
6598,6692
6598,6699
6608,6616
6608,6632
6608,6647
6608,6649
6608,6656
6608,6664
6608,6692
6608,6699
6608,6705
6616,6632
6616,6647
6616,6649
6616,6656
6616,6664
6616,6692
6616,6699
6616,6705
6616,6722
6616,24554
6616,19809
6616,21350
6632,6647
6632,6649
6632,6656
6632,6664
6632,6692
6632,6699
6632,6705
6632,6743
6632,21459
6632,8844
6647,6649
6647,6656
6647,6664
6647,6692
6647,6699
6647,6705
6647,6722
6647,6751
6647,26998
6649,6656
6649,6664
6649,6692
6649,6699
6649,6722
6649,6743
6649,6751
6649,6755
6649,15358
6656,6664
6656,6692
6656,6699
6656,6705
6656,6722
6656,6743
6656,6751
6656,6755
6656,6758
6656,17892
6656,24925
6664,6692
6664,6699
6664,6705
6664,6722
6664,6743
6664,6751
6664,6755
6664,6758
6664,6811
6664,14132
6692,6699
6692,6705
6692,6722
6692,6743
6692,6751
6692,6755
6692,6758
6692,6811
6692,24336
6692,13236
6699,6705
6699,6722
6699,6743
6699,6751
6699,6755
6699,6758
6699,6811
6699,6813
6699,6815
6699,8821
6699,16706
6699,15513
6699,14365
6705,6722
6705,6743
6705,6755
6705,6758
6705,6811
6705,6813
6705,6815
6705,6816
6705,18954
6722,6743
6722,6751
6722,6758
6722,6811
6722,6813
6722,6816
6722,18004
6722,12861
6722,11073
6722,17140
6743,6755
6743,6815
6743,6816
6743,6828
6743,6833
6743,10699
6743,10330
6743,24992
6743,9146
6743,15149
6751,6755
6751,6758
6751,6811
6751,6813
6751,6815
6751,6816
6751,6833
6751,6861
6751,19931
6751,15551
6751,19331
6751,24756
6755,6758
6755,6811
6755,6813
6755,6815
6755,6816
6755,6828
6755,6833
6755,6861
6755,6879
6755,18036
6755,26233
6758,6811
6758,6813
6758,6815
6758,6816
6758,6828
6758,6861
6758,6902
6758,26749
6758,19056
6758,25939
6758,16708
6811,6813
6811,6815
6811,6816
6811,6833
6811,6861
6811,6879
6811,6902
6811,6939
6811,16613
6813,6815
6813,6816
6813,6828
6813,6833
6813,6861
6813,6902
6813,6939
6813,6953
6815,6816
6815,6833
6815,6861
6815,6879
6815,6902
6815,6939
6815,6953
6815,6956
6815,13162
6816,6828
6816,6833
6816,6861
6816,6902
6816,6953
6816,6956
6816,6961
6816,26990
6816,9193
6828,6833
6828,6861
6828,6879
6828,6902
6828,6939
6828,6953
6828,6956
6828,6961
6828,6978
6828,19624
6828,17019
6833,6861
6833,6879
6833,6902
6833,6939
6833,6953
6833,6961
6833,6978
6833,7004
6833,24489
6861,6902
6861,6939
6861,6953
6861,6961
6861,6978
6861,7004
6861,7025
6861,24804
6861,21574
6861,20882
6861,25847
6879,6902
6879,6939
6879,6953
6879,6956
6879,6961
6879,6978
6879,7004
6879,7025
6879,9989
6879,14761
6902,6939
6902,6956
6902,6961
6902,6978
6902,7004
6902,7025
6902,7026
6902,7041
6902,11165
6902,7528
6939,6953
6939,6956
6939,6961
6939,6978
6939,7025
6939,7026
6939,7041
6939,7052
6953,6956
6953,6961
6953,6978
6953,7004
6953,7025
6953,7026
6953,7052
6953,7058
6953,14196
6953,26774
6953,19289
6953,19242
6956,6961
6956,6978
6956,7004
6956,7025
6956,7026
6956,7052
6956,7058
6956,7071
6956,24255
6961,6978
6961,7004
6961,7025
6961,7026
6961,7041
6961,7058
6961,7071
6961,7075
6961,25312
6961,23189
6978,7004
6978,7025
6978,7041
6978,7052
6978,7058
6978,7071
6978,7075
6978,7089
6978,13387
6978,8086
6978,13555
7004,7025
7004,7052
7004,7058
7004,7071
7004,7075
7004,7089
7004,7098
7004,25685
7004,9580
7004,25944
7025,7026
7025,7041
7025,7052
7025,7058
7025,7071
7025,7075
7025,7089
7025,7098
7025,7112
7025,11144
7026,7041
7026,7052
7026,7058
7026,7071
7026,7075
7026,7089
7026,7098
7026,7112
7026,7139
7041,7052
7041,7058
7041,7089
7041,7098
7041,7112
7041,7139
7041,7151
7041,10635
7041,10645
7052,7058
7052,7071
7052,7075
7052,7089
7052,7098
7052,7112
7052,7139
7052,7151
7052,7173
7058,7071
7058,7075
7058,7089
7058,7098
7058,7112
7058,7139
7058,7151
7058,7173
7058,7181
7071,7075
7071,7089
7071,7098
7071,7112
7071,7139
7071,7173
7071,7181
7071,7195
7071,22912
7075,7098
7075,7112
7075,7139
7075,7151
7075,7173
7075,7181
7075,7213
7075,8080
7075,19695
7075,21650
7089,7098
7089,7112
7089,7139
7089,7151
7089,7173
7089,7181
7089,7195
7089,7213
7089,15361
7098,7112
7098,7139
7098,7173
7098,7181
7098,7195
7098,7213
7098,7293
7098,7300
7098,17840
7098,26255
7098,21261
7112,7151
7112,7173
7112,7181
7112,7195
7112,7213
7112,7293
7112,7300
7112,7324
7112,19695
7112,16849
7139,7151
7139,7173
7139,7181
7139,7195
7139,7213
7139,7293
7139,7300
7139,7324
7139,7326
7151,7181
7151,7195
7151,7213
7151,7300
7151,7324
7151,7395
7151,23629
7151,7709
7151,23595
7173,7181
7173,7293
7173,7300
7173,7324
7173,7326
7173,7395
7173,7415
7173,8448
7173,20224
7173,11444
7181,7195
7181,7213
7181,7293
7181,7300
7181,7324
7181,7326
7181,7395
7181,7415
7181,7417
7195,7213
7195,7293
7195,7300
7195,7324
7195,7326
7195,7395
7195,7415
7195,7447
7195,13745
7195,23157
7195,13899
7213,7293
7213,7300
7213,7324
7213,7326
7213,7395
7213,7415
7213,7447
7213,7476
7213,19955
7293,7300
7293,7324
7293,7326
7293,7395
7293,7415
7293,7417
7293,7447
7293,7476
7293,7480
7300,7326
7300,7395
7300,7415
7300,7417
7300,7447
7300,7476
7300,7480
7300,12875
7300,10038
7300,18220
7324,7326
7324,7395
7324,7415
7324,7417
7324,7447
7324,7476
7324,7480
7324,7485
7324,7526
7324,12572
7326,7395
7326,7415
7326,7417
7326,7447
7326,7476
7326,7480
7326,7485
7326,7526
7326,7528
7395,7415
7395,7417
7395,7447
7395,7476
7395,7480
7395,7485
7395,7526
7395,7533
7395,12574
7415,7417
7415,7476
7415,7485
7415,7526
7415,7528
7415,7533
7415,7545
7415,14433
7415,16999
7417,7447
7417,7476
7417,7480
7417,7485
7417,7526
7417,7528
7417,7533
7417,7545
7417,7584
7447,7480
7447,7485
7447,7526
7447,7528
7447,7533
7447,7545
7447,7584
7447,7618
7447,17404
7447,23253
7476,7480
7476,7526
7476,7528
7476,7533
7476,7545
7476,7584
7476,7618
7476,7630
7476,13278
7476,17662
7476,25483
7476,9962
7480,7485
7480,7526
7480,7528
7480,7545
7480,7584
7480,7618
7480,7630
7480,14658
7480,9192
7485,7526
7485,7528
7485,7533
7485,7545
7485,7584
7485,7618
7485,7631
7485,9483
7485,14234
7526,7528
7526,7533
7526,7545
7526,7584
7526,7618
7526,7630
7526,7631
7526,18789
7526,26980
7526,27042
7526,14743
7528,7545
7528,7584
7528,7618
7528,7630
7528,7631
7528,7642
7528,7646
7528,7665
7528,13199
7533,7545
7533,7584
7533,7618
7533,7630
7533,7631
7533,7642
7533,7665
7533,22787
7533,23446
7533,14115
7533,23952
7545,7584
7545,7618
7545,7630
7545,7631
7545,7642
7545,7646
7545,7665
7545,7673
7545,7688
7545,11767
7545,27307
7545,27317
7545,27400
7545,27418
7545,27423
7545,27432
7545,27437
7545,27442
7545,7558
7545,7562
7545,7570
7545,7571
7545,7590
7545,7599
7545,7600
7545,7602
7584,7618
7584,7631
7584,7642
7584,7646
7584,7665
7584,7673
7584,7688
7584,7710
7584,19871
7584,10851
7584,17920
7584,27423
7584,27432
7584,27437
7584,27442
7584,7558
7584,7562
7584,7570
7584,7571
7584,7599
7584,7600
7584,7602
7584,7612
7584,7617
7584,7626
7584,22234
7584,8258
7584,22816
7618,7630
7618,7631
7618,7642
7618,7665
7618,7673
7618,7688
7618,7710
7618,7722
7618,14349
7618,14850
7618,7571
7618,7590
7618,7599
7618,7600
7618,7602
7618,7611
7618,7612
7618,7626
7618,7627
7618,7647
7618,7649
7618,13802
7618,19341
7630,7631
7630,7642
7630,7646
7630,7665
7630,7673
7630,7688
7630,7710
7630,7722
7630,7729
7630,7599
7630,7600
7630,7602
7630,7611
7630,7612
7630,7617
7630,7626
7630,7627
7630,7647
7630,7649
7630,7656
7630,7658
7630,7664
7631,7642
7631,7646
7631,7665
7631,7688
7631,7710
7631,7729
7631,7743
7631,8161
7631,15119
7631,23782
7631,7600
7631,7602
7631,7611
7631,7612
7631,7617
7631,7626
7631,7627
7631,7647
7631,7649
7631,7658
7631,7664
7631,7673
7631,22355
7631,17861
7642,7646
7642,7665
7642,7688
7642,7710
7642,7722
7642,7729
7642,7743
7642,7746
7642,12729
7642,25431
7642,13471
7642,7602
7642,7611
7642,7612
7642,7617
7642,7626
7642,7627
7642,7647
7642,7649
7642,7656
7642,7658
7642,7673
7642,7687
7642,9282
7642,18574
7642,24499
7646,7665
7646,7673
7646,7688
7646,7710
7646,7722
7646,7729
7646,7743
7646,7746
7646,7757
7646,7611
7646,7626
7646,7627
7646,7647
7646,7649
7646,7656
7646,7658
7646,7664
7646,7687
7665,7673
7665,7688
7665,7710
7665,7722
7665,7729
7665,7743
7665,7746
7665,7757
7665,7764
7665,18149
7665,7647
7665,7656
7665,7658
7665,7664
7665,7687
7665,7689
7665,7692
7665,7693
7665,7695
7665,7698
7665,15314
7673,7688
7673,7710
7673,7722
7673,7743
7673,7746
7673,7757
7673,7764
7673,7786
7673,10778
7673,8086
7673,7647
7673,7649
7673,7656
7673,7664
7673,7687
7673,7689
7673,7691
7673,7692
7673,7693
7673,7695
7673,7698
7673,7700
7673,15961
7688,7710
7688,7722
7688,7729
7688,7743
7688,7746
7688,7757
7688,7764
7688,7786
7688,25961
7688,17436
7688,7649
7688,7656
7688,7658
7688,7664
7688,7687
7688,7689
7688,7691
7688,7692
7688,7693
7688,7695
7688,7698
7688,7700
7688,7706
7688,7707
7710,7722
7710,7729
7710,7743
7710,7746
7710,7764
7710,7786
7710,7789
7710,7822
7710,12834
7710,8356
7710,10126
7710,23516
7710,7691
7710,7692
7710,7695
7710,7698
7710,7700
7710,7706
7710,7707
7710,7709
7710,7712
7710,7717
7710,7718
7710,7721
7710,7725
7710,7727
7710,26028
7710,13834
7722,7729
7722,7743
7722,7746
7722,7757
7722,7789
7722,7835
7722,18538
7722,15899
7722,13492
7722,7700
7722,7706
7722,7707
7722,7709
7722,7712
7722,7717
7722,7718
7722,7721
7722,7723
7722,7725
7722,7734
7722,7740
7722,7753
7722,18836
7722,16737
7729,7743
7729,7746
7729,7757
7729,7764
7729,7786
7729,7789
7729,7822
7729,7835
7729,7871
7729,18416
7729,7712
7729,7717
7729,7718
7729,7721
7729,7723
7729,7725
7729,7727
7729,7734
7729,7753
7729,7760
7729,24153
7743,7757
7743,7764
7743,7786
7743,7789
7743,7822
7743,7835
7743,7871
7743,7929
7743,8196
7743,19496
7743,7718
7743,7721
7743,7723
7743,7725
7743,7727
7743,7734
7743,7746
7743,7753
7743,7760
7743,7765
7743,7766
7743,7777
7743,7781
7743,17183
7746,7757
7746,7764
7746,7786
7746,7789
7746,7835
7746,7929
7746,7975
7746,9386
7746,20070
7746,20439
7746,7721
7746,7725
7746,7727
7746,7734
7746,7740
7746,7753
7746,7760
7746,7765
7746,7766
7746,7777
7746,7781
7746,7782
7746,21839
7746,18707
7757,7764
7757,7786
7757,7789
7757,7835
7757,7871
7757,7929
7757,7975
7757,14078
7757,8812
7757,23305
7757,15622
7757,9084
7757,23737
7757,7723
7757,7725
7757,7727
7757,7734
7757,7740
7757,7753
7757,7760
7757,7765
7757,7766
7757,7777
7757,7781
7757,7782
7757,7783
7764,7786
7764,7789
7764,7822
7764,7835
7764,7929
7764,7975
7764,7981
7764,7984
7764,14929
7764,9052
7764,20850
7764,7727
7764,7734
7764,7740
7764,7753
7764,7760
7764,7765
7764,7777
7764,7781
7764,7782
7764,7783
7764,7784
7764,7785
7764,11642
7764,11776
7786,7822
7786,7835
7786,7871
7786,7929
7786,7975
7786,7981
7786,7984
7786,7993
7786,11311
7786,17359
7786,7765
7786,7766
7786,7777
7786,7783
7786,7784
7786,7785
7786,7789
7786,7794
7786,7796
7786,7797
7786,7798
7786,7803
7786,7805
7786,7806
7786,7811
7786,12481
7786,17557
7789,7822
7789,7835
7789,7871
7789,7929
7789,7975
7789,7981
7789,7984
7789,7993
7789,8010
7789,7766
7789,7777
7789,7781
7789,7782
7789,7783
7789,7784
7789,7785
7789,7794
7789,7796
7789,7797
7789,7798
7789,7803
7789,7805
7789,7806
7789,7811
7789,7815
7789,13808
7822,7871
7822,7929
7822,7975
7822,7981
7822,7984
7822,7993
7822,8010
7822,8013
7822,19526
7822,7796
7822,7797
7822,7798
7822,7803
7822,7805
7822,7806
7822,7811
7822,7824
7822,7836
7822,7844
7822,7845
7822,7847
7822,7849
7822,20797
7822,9188
7822,11196
7822,17148
7822,14032
7835,7871
7835,7929
7835,7975
7835,7981
7835,7984
7835,7993
7835,8010
7835,8013
7835,8036
7835,7805
7835,7806
7835,7811
7835,7818
7835,7824
7835,7828
7835,7836
7835,7838
7835,7844
7835,7845
7835,7847
7835,7849
7835,7850
7835,7857
7835,7862
7835,26949
7871,7975
7871,7981
7871,7984
7871,7993
7871,8010
7871,8013
7871,8036
7871,19027
7871,13181
7871,11882
7871,24941
7871,7845
7871,7847
7871,7849
7871,7850
7871,7857
7871,7862
7871,7865
7871,7874
7871,7878
7871,7888
7871,7895
7871,7897
7871,7903
7871,7906
7871,7908
7871,27177
7871,23460
7871,16492
7929,7981
7929,7984
7929,7993
7929,8010
7929,8013
7929,8036
7929,8052
7929,8058
7929,19701
7929,21007
7929,22859
7929,7895
7929,7897
7929,7903
7929,7904
7929,7908
7929,7922
7929,7925
7929,7927
7929,7935
7929,7937
7929,7956
7929,7966
7929,7967
7929,7968
7929,7969
7929,7973
7975,7984
7975,7993
7975,8010
7975,8013
7975,8036
7975,8052
7975,8058
7975,8071
7975,25961
7975,16755
7975,14835
7975,7935
7975,7937
7975,7956
7975,7967
7975,7968
7975,7983
7975,7995
7975,8006
7975,8007
7981,7984
7981,7993
7981,8010
7981,8013
7981,8036
7981,8052
7981,8058
7981,8071
7981,8085
7981,22102
7981,9919
7981,7935
7981,7937
7981,7956
7981,7967
7981,7968
7981,7969
7981,7973
7981,7983
7981,7995
7981,8006
7981,8007
7981,11539
7981,22905
7984,7993
7984,8010
7984,8013
7984,8036
7984,8052
7984,8058
7984,8085
7984,8086
7984,12486
7984,11454
7984,24108
7984,7956
7984,7966
7984,7967
7984,7968
7984,7969
7984,7973
7984,7983
7984,8007
7984,8026
7984,8027
7984,8030
7984,8185
7984,19540
7993,8010
7993,8036
7993,8052
7993,8058
7993,8071
7993,8085
7993,8086
7993,10599
7993,8152
7993,7966
7993,7967
7993,7968
7993,7973
7993,7983
7993,7995
7993,8006
7993,8007
7993,8026
7993,8027
7993,8030
7993,8032
7993,15531
8010,8013
8010,8052
8010,8058
8010,8071
8010,8085
8010,8086
8010,8103
8010,21891
8010,20554
8010,22437
8010,7983
8010,7995
8010,8006
8010,8007
8010,8026
8010,8027
8010,8030
8010,8032
8010,8041
8010,8046
8010,8049
8013,8036
8013,8052
8013,8058
8013,8071
8013,8085
8013,8086
8013,8102
8013,8103
8013,8108
8013,7983
8013,7995
8013,8006
8013,8026
8013,8027
8013,8030
8013,8032
8013,8041
8013,8046
8013,8049
8036,8052
8036,8058
8036,8071
8036,8085
8036,8086
8036,8102
8036,8103
8036,8108
8036,8112
8036,24554
8036,7995
8036,8006
8036,8007
8036,8026
8036,8027
8036,8030
8036,8032
8036,8041
8036,8046
8036,8049
8036,8056
8036,8061
8036,8080
8036,12722
8052,8071
8052,8085
8052,8086
8052,8102
8052,8103
8052,8108
8052,8112
8052,8141
8052,10874
8052,12000
8052,20215
8052,8026
8052,8027
8052,8030
8052,8032
8052,8041
8052,8046
8052,8049
8052,8056
8052,8058
8052,8061
8052,8080
8058,8071
8058,8102
8058,8103
8058,8108
8058,8112
8058,8141
8058,8144
8058,7626
8058,8027
8058,8030
8058,8032
8058,8041
8058,8046
8058,8049
8058,8056
8058,8061
8058,8080
8058,8085
8058,8086
8058,8107
8058,17102
8071,8085
8071,8086
8071,8102
8071,8103
8071,8108
8071,8112
8071,8141
8071,12763
8071,19086
8071,14032
8071,22972
8071,8032
8071,8041
8071,8049
8071,8056
8071,8061
8071,8080
8071,8107
8071,8113
8085,8086
8085,8102
8085,8103
8085,8108
8085,8112
8085,8141
8085,8144
8085,8151
8085,8152
8085,27095
8085,8041
8085,8046
8085,8049
8085,8056
8085,8061
8085,8107
8085,8113
8085,8128
8085,8134
8085,8918
8085,20279
8085,22060
8086,8103
8086,8108
8086,8141
8086,8144
8086,8151
8086,8152
8086,8153
8086,18095
8086,19033
8086,12209
8086,8046
8086,8049
8086,8056
8086,8061
8086,8080
8086,8102
8086,8107
8086,8113
8086,8128
8086,8134
8086,8137
8086,23969
8086,10335
8086,17020
8102,8103
8102,8108
8102,8112
8102,8141
8102,8144
8102,8151
8102,8152
8102,8153
8102,8160
8102,8049
8102,8056
8102,8061
8102,8080
8102,8107
8102,8113
8102,8128
8102,8134
8102,8137
8102,8140
8102,10760
8103,8108
8103,8112
8103,8141
8103,8144
8103,8151
8103,8152
8103,8153
8103,8160
8103,20452
8103,8056
8103,8107
8103,8113
8103,8128
8103,8134
8103,8137
8108,8112
8108,8141
8108,8144
8108,8151
8108,8152
8108,8153
8108,8160
8108,8182
8108,8195
8108,24108
8108,26012
8108,20452
8108,8061
8108,8080
8108,8107
8108,8113
8108,8128
8108,8134
8108,8137
8108,8145
8108,13464
8112,8141
8112,8144
8112,8151
8112,8152
8112,8153
8112,8160
8112,8182
8112,8212
8112,11993
8112,19459
8112,9630
8112,18910
8112,14506
8112,8061
8112,8080
8112,8107
8112,8113
8112,8128
8112,8134
8112,8137
8112,8140
8112,8145
8112,23446
8112,17218
8112,15448
8141,8144
8141,8151
8141,8153
8141,8160
8141,8182
8141,8212
8141,8222
8141,24954
8141,12431
8141,8107
8141,8128
8141,8134
8141,8137
8141,8140
8141,8145
8141,8152
8141,8155
8141,8158
8141,8161
8141,24306
8144,8151
8144,8152
8144,8153
8144,8160
8144,8182
8144,8195
8144,8222
8144,8244
8144,25367
8144,8107
8144,8113
8144,8128
8144,8134
8144,8137
8144,8140
8144,8145
8144,8155
8144,8158
8144,8161
8144,8164
8151,8152
8151,8153
8151,8160
8151,8182
8151,8195
8151,8212
8151,8222
8151,8244
8151,8252
8151,23324
8151,20800
8151,17365
8151,8113
8151,8134
8151,8137
8151,8140
8151,8145
8151,8155
8151,8158
8151,8161
8151,8171
8151,8173
8151,14674
8152,8153
8152,8160
8152,8182
8152,8195
8152,8212
8152,8244
8152,8264
8152,17702
8152,27379
8152,23573
8152,8849
8152,20590
8152,8113
8152,8128
8152,8134
8152,8137
8152,8140
8152,8145
8152,8155
8152,8158
8152,8161
8152,8164
8152,8171
8153,8160
8153,8182
8153,8195
8153,8212
8153,8222
8153,8244
8153,8252
8153,8264
8153,8280
8153,8128
8153,8134
8153,8137
8153,8140
8153,8145
8153,8155
8153,8158
8153,8161
8153,8164
8153,8171
8153,8173
8153,8185
8160,8182
8160,8212
8160,8222
8160,8244
8160,8252
8160,8264
8160,8286
8160,25406
8160,24361
8160,19976
8160,12692
8160,8145
8160,8155
8160,8158
8160,8161
8160,8164
8160,8171
8160,8173
8160,8185
8160,8192
8160,8195
8160,8196
8182,8212
8182,8222
8182,8244
8182,8252
8182,8264
8182,8280
8182,8286
8182,8292
8182,18425
8182,8155
8182,8158
8182,8161
8182,8164
8182,8171
8182,8173
8182,8185
8182,8192
8182,8195
8182,8196
8182,8200
8182,8205
8182,8209
8182,25318
8182,25956
8182,22942
8195,8212
8195,8222
8195,8244
8195,8252
8195,8264
8195,8280
8195,8286
8195,8301
8195,21230
8195,8158
8195,8161
8195,8164
8195,8171
8195,8173
8195,8185
8195,8192
8195,8196
8195,8200
8195,8205
8195,8209
8195,8216
8195,8219
8195,8224
8212,8222
8212,8244
8212,8252
8212,8286
8212,8292
8212,8301
8212,8327
8212,20090
8212,20539
8212,19319
8212,8173
8212,8185
8212,8192
8212,8196
8212,8200
8212,8205
8212,8209
8212,8216
8212,8219
8212,8224
8212,8227
8212,8237
8212,8241
8212,8247
8222,8244
8222,8252
8222,8264
8222,8280
8222,8286
8222,8292
8222,8301
8222,8327
8222,8330
8222,8192
8222,8196
8222,8200
8222,8205
8222,8209
8222,8216
8222,8219
8222,8224
8222,8227
8222,8241
8222,8247
8222,8253
8222,8256
8222,26740
8244,8252
8244,8264
8244,8280
8244,8286
8244,8292
8244,8301
8244,8327
8244,8330
8244,8336
8244,12628
8244,8216
8244,8219
8244,8224
8244,8227
8244,8237
8244,8241
8244,8247
8244,8253
8244,8256
8244,8258
8244,8259
8244,8260
8244,8265
8252,8264
8252,8286
8252,8301
8252,8327
8252,8330
8252,8336
8252,8338
8252,12149
8252,11850
8252,8216
8252,8219
8252,8224
8252,8227
8252,8241
8252,8247
8252,8253
8252,8256
8252,8258
8252,8259
8252,8260
8252,8265
8252,8267
8252,8280
8264,8280
8264,8286
8264,8292
8264,8301
8264,8327
8264,8330
8264,8336
8264,8356
8264,24611
8264,18981
8264,8241
8264,8253
8264,8256
8264,8258
8264,8259
8264,8260
8264,8267
8264,8281
8264,8290
8264,8297
8264,12213
8264,24521
8264,12231
8264,26720
8264,14737
8264,26225
8280,8286
8280,8292
8280,8301
8280,8330
8280,8338
8280,8356
8280,18960
8280,19537
8280,22180
8280,8256
8280,8258
8280,8259
8280,8260
8280,8265
8280,8267
8280,8281
8280,8283
8280,8290
8280,8297
8280,8302
8280,8309
8280,27196
8286,8292
8286,8301
8286,8327
8286,8330
8286,8336
8286,8338
8286,8374
8286,8386
8286,11225
8286,21181
8286,8258
8286,8259
8286,8260
8286,8265
8286,8267
8286,8281
8286,8283
8286,8290
8286,8297
8286,8302
8286,8309
8286,8312
8286,8315
8286,21265
8292,8301
8292,8327
8292,8330
8292,8336
8292,8338
8292,8356
8292,8374
8292,8388
8292,20323
8292,11335
8292,8260
8292,8265
8292,8267
8292,8281
8292,8283
8292,8290
8292,8297
8292,8302
8292,8309
8292,8312
8292,8315
8292,8319
8292,8323
8292,8326
8292,22181
8292,12936
8301,8327
8301,8330
8301,8336
8301,8338
8301,8356
8301,8374
8301,8386
8301,8388
8301,8407
8301,10503
8301,8267
8301,8281
8301,8283
8301,8290
8301,8297
8301,8302
8301,8309
8301,8312
8301,8315
8301,8319
8301,8323
8301,8326
8301,8329
8327,8330
8327,8336
8327,8338
8327,8374
8327,8386
8327,8388
8327,8407
8327,8413
8327,20688
8327,14918
8327,8297
8327,8302
8327,8309
8327,8312
8327,8315
8327,8319
8327,8323
8327,8326
8327,8329
8327,8333
8327,8334
8327,8341
8327,8343
8327,8347
8327,9808
8327,12518
8330,8336
8330,8338
8330,8356
8330,8374
8330,8386
8330,8388
8330,8407
8330,8413
8330,8443
8330,25629
8330,8302
8330,8309
8330,8312
8330,8315
8330,8319
8330,8323
8330,8326
8330,8329
8330,8333
8330,8334
8330,8341
8330,8343
8330,8347
8330,8355
8330,15979
8336,8338
8336,8356
8336,8374
8336,8386
8336,8388
8336,8407
8336,8443
8336,8448
8336,13483
8336,8315
8336,8319
8336,8323
8336,8326
8336,8329
8336,8333
8336,8334
8336,8341
8336,8343
8336,8347
8336,8355
8336,8361
8336,8367
8336,8373
8338,8356
8338,8374
8338,8386
8338,8388
8338,8407
8338,8413
8338,8443
8338,8448
8338,8457
8338,14712
8338,22278
8338,17891
8338,7847
8338,8319
8338,8323
8338,8326
8338,8329
8338,8333
8338,8334
8338,8343
8338,8347
8338,8361
8338,8367
8338,8373
8338,27275
8356,8374
8356,8386
8356,8388
8356,8407
8356,8413
8356,8443
8356,8448
8356,8457
8356,8466
8356,8333
8356,8334
8356,8341
8356,8343
8356,8347
8356,8355
8356,8361
8356,8367
8356,8373
8356,8382
8356,8387
8356,10677
8374,8388
8374,8413
8374,8443
8374,8448
8374,8457
8374,8466
8374,21034
8374,8405
8374,23245
8374,11323
8374,27188
8374,24991
8374,8341
8374,8343
8374,8347
8374,8355
8374,8367
8374,8373
8374,8382
8374,8383
8374,8386
8374,8387
8374,8407
8374,8410
8374,18659
8374,21839
8386,8388
8386,8413
8386,8443
8386,8448
8386,8466
8386,8503
8386,8534
8386,17591
8386,27093
8386,24917
8386,8347
8386,8361
8386,8373
8386,8382
8386,8383
8386,8394
8386,8405
8386,8407
8386,8410
8386,8417
8386,8418
8386,22092
8386,17022
8388,8407
8388,8413
8388,8443
8388,8448
8388,8457
8388,8466
8388,8503
8388,8534
8388,8541
8388,22355
8388,8361
8388,8367
8388,8373
8388,8382
8388,8383
8388,8387
8388,8394
8388,8405
8388,8410
8388,8418
8388,8419
8388,8421
8407,8413
8407,8443
8407,8448
8407,8457
8407,8466
8407,8503
8407,8534
8407,8541
8407,8543
8407,8373
8407,8382
8407,8383
8407,8387
8407,8405
8407,8410
8407,8417
8407,8421
8407,8441
8407,26038
8407,10851
8413,8443
8413,8457
8413,8466
8413,8503
8413,8534
8413,8541
8413,8543
8413,8547
8413,18841
8413,25892
8413,27307
8413,17016
8413,23343
8413,8382
8413,8383
8413,8394
8413,8405
8413,8410
8413,8417
8413,8419
8413,8421
8413,8441
8413,8448
8413,9606
8413,8745
8443,8448
8443,8457
8443,8466
8443,8503
8443,8534
8443,8541
8443,8543
8443,8547
8443,8552
8443,8405
8443,8410
8443,8418
8443,8419
8443,8421
8443,8441
8443,8450
8443,8456
8443,8461
8443,8484
8443,18532
8443,9729
8448,8466
8448,8503
8448,8534
8448,8541
8448,8543
8448,8547
8448,8552
8448,8575
8448,9137
8448,21150
8448,8410
8448,8418
8448,8419
8448,8421
8448,8441
8448,8450
8448,8453
8448,8456
8448,8457
8448,8461
8448,8476
8448,8484
8448,8487
8457,8466
8457,8503
8457,8534
8457,8541
8457,8543
8457,8547
8457,8552
8457,8575
8457,8583
8457,10337
8457,8419
8457,8421
8457,8441
8457,8450
8457,8456
8457,8461
8457,8476
8457,8484
8457,8487
8457,8491
8457,8494
8457,8497
8457,8501
8466,8534
8466,8541
8466,8543
8466,8547
8466,8552
8466,8575
8466,8583
8466,8603
8466,26798
8466,23360
8466,8421
8466,8441
8466,8450
8466,8453
8466,8461
8466,8476
8466,8484
8466,8487
8466,8491
8466,8494
8466,8497
8466,8503
8466,21941
8466,15862
8503,8534
8503,8541
8503,8543
8503,8547
8503,8552
8503,8575
8503,8583
8503,8603
8503,8607
8503,13886
8503,8461
8503,8476
8503,8484
8503,8487
8503,8491
8503,8494
8503,8497
8503,8501
8503,8511
8503,8515
8503,8518
8503,8521
8503,8523
8503,8524
8503,15597
8503,22463
8503,24058
8534,8543
8534,8547
8534,8552
8534,8575
8534,8583
8534,8603
8534,8607
8534,8615
8534,22168
8534,25188
8534,8509
8534,8511
8534,8515
8534,8518
8534,8520
8534,8521
8534,8523
8534,8524
8534,8533
8534,8537
8534,8541
8534,8542
8534,8553
8534,8556
8534,8557
8534,26845
8541,8543
8541,8547
8541,8552
8541,8575
8541,8583
8541,8603
8541,8607
8541,8615
8541,8634
8541,20976
8541,22380
8541,8515
8541,8518
8541,8521
8541,8523
8541,8524
8541,8533
8541,8537
8541,8542
8541,8553
8541,8556
8541,8557
8541,8558
8541,8563
8541,14676
8541,10144
8543,8547
8543,8552
8543,8575
8543,8583
8543,8603
8543,8607
8543,8615
8543,8634
8543,8655
8543,24462
8543,8520
8543,8521
8543,8523
8543,8524
8543,8533
8543,8537
8543,8542
8543,8553
8543,8556
8543,8557
8543,8558
8543,8563
8543,8566
8543,8567
8547,8552
8547,8575
8547,8583
8547,8603
8547,8607
8547,8615
8547,8634
8547,8655
8547,8657
8547,8523
8547,8524
8547,8533
8547,8537
8547,8542
8547,8553
8547,8556
8547,8557
8547,8558
8547,8563
8547,8566
8547,8567
8547,8571
8552,8575
8552,8583
8552,8603
8552,8607
8552,8634
8552,8655
8552,8657
8552,8683
8552,12836
8552,12587
8552,8523
8552,8524
8552,8533
8552,8537
8552,8542
8552,8553
8552,8556
8552,8557
8552,8558
8552,8563
8552,8566
8552,8567
8552,8571
8575,8583
8575,8603
8575,8607
8575,8615
8575,8634
8575,8655
8575,8657
8575,8683
8575,23370
8575,8382
8575,8556
8575,8557
8575,8558
8575,8563
8575,8566
8575,8567
8575,8571
8575,8576
8575,8584
8575,8589
8575,8619
8575,20978
8575,25317
8575,20657
8583,8615
8583,8634
8583,8655
8583,8657
8583,8683
8583,8693
8583,8714
8583,18158
8583,18775
8583,25220
8583,8556
8583,8558
8583,8563
8583,8566
8583,8567
8583,8571
8583,8576
8583,8584
8583,8589
8583,8598
8583,8603
8583,8607
8583,8624
8583,20965
8583,13291
8603,8607
8603,8615
8603,8634
8603,8655
8603,8657
8603,8693
8603,8714
8603,8716
8603,12485
8603,8566
8603,8571
8603,8576
8603,8584
8603,8589
8603,8598
8603,8619
8603,8624
8603,8625
8603,8630
8603,8653
8603,8654
8603,26595
8603,13588
8607,8615
8607,8655
8607,8657
8607,8683
8607,8693
8607,8714
8607,8716
8607,8735
8607,21116
8607,24485
8607,18350
8607,8567
8607,8571
8607,8576
8607,8584
8607,8589
8607,8598
8607,8619
8607,8624
8607,8625
8607,8630
8607,8634
8607,8653
8607,8654
8615,8634
8615,8655
8615,8657
8615,8683
8615,8693
8615,8714
8615,8735
8615,8773
8615,19274
8615,8571
8615,8584
8615,8589
8615,8598
8615,8619
8615,8624
8615,8625
8615,8630
8615,8653
8615,8654
8615,8885
8634,8655
8634,8657
8634,8693
8634,8714
8634,8716
8634,8735
8634,8773
8634,8780
8634,12481
8634,20316
8634,17168
8634,23457
8634,8589
8634,8598
8634,8619
8634,8625
8634,8630
8634,8653
8634,8654
8634,8662
8634,8666
8634,8672
8634,8675
8655,8657
8655,8693
8655,8714
8655,8716
8655,8780
8655,8809
8655,19278
8655,27066
8655,15684
8655,15343
8655,13286
8655,8619
8655,8624
8655,8625
8655,8630
8655,8654
8655,8662
8655,8666
8655,8671
8655,8672
8655,8675
8655,8677
8655,8678
8655,17840
8657,8683
8657,8714
8657,8716
8657,8735
8657,8773
8657,8780
8657,8809
8657,8812
8657,24009
8657,23420
8657,8619
8657,8624
8657,8625
8657,8630
8657,8653
8657,8654
8657,8662
8657,8671
8657,8672
8657,8675
8657,8677
8657,8678
8657,8680
8657,8682
8657,20585
8683,8693
8683,8714
8683,8716
8683,8735
8683,8773
8683,8780
8683,8809
8683,8821
8683,18757
8683,12149
8683,14874
8683,8662
8683,8666
8683,8671
8683,8675
8683,8677
8683,8678
8683,8680
8683,8682
8683,8684
8683,8685
8683,8705
8683,8710
8683,8711
8683,8712
8683,10121
8693,8714
8693,8716
8693,8773
8693,8780
8693,8809
8693,8812
8693,8821
8693,8832
8693,26626
8693,11877
8693,13082
8693,8672
8693,8675
8693,8677
8693,8678
8693,8682
8693,8684
8693,8685
8693,8703
8693,8705
8693,8710
8693,8711
8693,8712
8693,8715
8693,8735
8693,16492
8714,8716
8714,8735
8714,8773
8714,8780
8714,8809
8714,8812
8714,8821
8714,8832
8714,8838
8714,15172
8714,8684
8714,8685
8714,8703
8714,8705
8714,8710
8714,8711
8714,8712
8714,8715
8714,8745
8714,8751
8714,8756
8714,8757
8714,8762
8714,16276
8714,23311
8714,24493
8716,8735
8716,8773
8716,8780
8716,8809
8716,8812
8716,8821
8716,8838
8716,8848
8716,19695
8716,8685
8716,8703
8716,8705
8716,8710
8716,8712
8716,8715
8716,8745
8716,8751
8716,8753
8716,8756
8716,8757
8716,8769
8716,27196
8716,21147
8735,8780
8735,8812
8735,8821
8735,8832
8735,8838
8735,8848
8735,8849
8735,18410
8735,9262
8735,8703
8735,8705
8735,8710
8735,8711
8735,8715
8735,8751
8735,8753
8735,8756
8735,8757
8735,8762
8735,8767
8735,8769
8735,8773
8735,20943
8735,25333
8773,8780
8773,8809
8773,8812
8773,8821
8773,8832
8773,8838
8773,8848
8773,8849
8773,8856
8773,16044
8773,8745
8773,8751
8773,8753
8773,8756
8773,8757
8773,8767
8773,8769
8773,8774
8773,8776
8773,8778
8773,8796
8773,8797
8773,8804
8773,11011
8773,18806
8780,8809
8780,8812
8780,8821
8780,8832
8780,8849
8780,8856
8780,8863
8780,26936
8780,27098
8780,12154
8780,8757
8780,8762
8780,8767
8780,8769
8780,8774
8780,8776
8780,8778
8780,8788
8780,8796
8780,8797
8780,8801
8780,8804
8780,8805
8809,8812
8809,8821
8809,8832
8809,8838
8809,8848
8809,8849
8809,8856
8809,8863
8809,8870
8809,8776
8809,8778
8809,8788
8809,8796
8809,8797
8809,8801
8809,8804
8809,8805
8809,8823
8809,8827
8809,8841
8809,8844
8809,8847
8809,19176
8812,8821
8812,8832
8812,8838
8812,8848
8812,8849
8812,8856
8812,8863
8812,8870
8812,8871
8812,18258
8812,21589
8812,8323
8812,8778
8812,8788
8812,8796
8812,8797
8812,8801
8812,8804
8812,8805
8812,8827
8812,8841
8812,8844
8812,8847
8812,23450
8812,26967
8812,14796
8821,8832
8821,8838
8821,8856
8821,8863
8821,8870
8821,8871
8821,8875
8821,19281
8821,7904
8821,8788
8821,8796
8821,8797
8821,8801
8821,8804
8821,8805
8821,8823
8821,8827
8821,8841
8821,8844
8821,8847
8821,8849
8821,22141
8821,10175
8832,8838
8832,8848
8832,8856
8832,8863
8832,8870
8832,8871
8832,8875
8832,8877
8832,12857
8832,21181
8832,20790
8832,8797
8832,8801
8832,8804
8832,8805
8832,8823
8832,8827
8832,8841
8832,8844
8832,8847
8832,8849
8832,8855
8838,8848
8838,8849
8838,8856
8838,8863
8838,8870
8838,8871
8838,8875
8838,8877
8838,8879
8838,8801
8838,8804
8838,8805
8838,8823
8838,8827
8838,8841
8838,8844
8838,8847
8838,8855
8838,8867
8838,25738
8848,8849
8848,8856
8848,8863
8848,8870
8848,8871
8848,8875
8848,8877
8848,8879
8848,8903
8848,8823
8848,8841
8848,8844
8848,8847
8848,8855
8848,8867
8848,20425
8849,8856
8849,8863
8849,8871
8849,8875
8849,8877
8849,8903
8849,8918
8849,25265
8849,27350
8849,8827
8849,8841
8849,8844
8849,8855
8849,8867
8849,8870
8849,8879
8849,26431
8856,8863
8856,8870
8856,8871
8856,8877
8856,8903
8856,8918
8856,8919
8856,18124
8856,11823
8856,20476
8856,8827
8856,8841
8856,8844
8856,8847
8856,8855
8856,8867
8856,8875
8856,8879
8856,8885
8856,8892
8863,8870
8863,8875
8863,8877
8863,8879
8863,8919
8863,8923
8863,19896
8863,13503
8863,25281
8863,8841
8863,8844
8863,8847
8863,8855
8863,8867
8863,8871
8863,8885
8863,8892
8863,8894
8863,19622
8863,15697
8870,8871
8870,8875
8870,8877
8870,8879
8870,8918
8870,8919
8870,8933
8870,27219
8870,21144
8870,17620
8870,21661
8870,8841
8870,8847
8870,8855
8870,8867
8870,8885
8870,8902
8870,8903
8870,11873
8871,8875
8871,8877
8871,8879
8871,8903
8871,8918
8871,8919
8871,8923
8871,8933
8871,8938
8871,8844
8871,8847
8871,8855
8871,8867
8871,8885
8871,8892
8871,8902
8871,8908
8871,18954
8875,8877
8875,8879
8875,8903
8875,8918
8875,8923
8875,8938
8875,8955
8875,20350
8875,10773
8875,13471
8875,8847
8875,8867
8875,8885
8875,8892
8875,8894
8875,8902
8875,8908
8875,8912
8875,13918
8875,17478
8877,8879
8877,8903
8877,8918
8877,8919
8877,8923
8877,8933
8877,8938
8877,8955
8877,8975
8877,8855
8877,8867
8877,8885
8877,8892
8877,8894
8877,8902
8877,8908
8877,8912
8877,8916
8877,13967
8877,15872
8879,8903
8879,8918
8879,8919
8879,8923
8879,8933
8879,8938
8879,8955
8879,8975
8879,8979
8879,8855
8879,8867
8879,8885
8879,8892
8879,8894
8879,8902
8879,8908
8879,8912
8879,8916
8879,21399
8903,8918
8903,8919
8903,8923
8903,8933
8903,8938
8903,8955
8903,8975
8903,8979
8903,8983
8903,16349
8903,17588
8903,8885
8903,8892
8903,8894
8903,8902
8903,8908
8903,8912
8903,8916
8903,8932
8903,8936
8903,24908
8903,21182
8918,8919
8918,8923
8918,8938
8918,8955
8918,8975
8918,8979
8918,8983
8918,8984
8918,26892
8918,13678
8918,8885
8918,8892
8918,8894
8918,8902
8918,8908
8918,8912
8918,8916
8918,8932
8918,8933
8918,8936
8918,8946
8918,8949
8919,8923
8919,8933
8919,8938
8919,8955
8919,8975
8919,8979
8919,8983
8919,8987
8919,20103
8919,17321
8919,18668
8919,7700
8919,8885
8919,8892
8919,8894
8919,8908
8919,8912
8919,8916
8919,8932
8919,8936
8919,8942
8919,8946
8919,8951
8923,8933
8923,8955
8923,8975
8923,8979
8923,8983
8923,8984
8923,8987
8923,8990
8923,9034
8923,8894
8923,8902
8923,8908
8923,8912
8923,8916
8923,8932
8923,8936
8923,8938
8923,8942
8923,8946
8923,8949
8923,8951
8923,8954
8933,8955
8933,8975
8933,8979
8933,8983
8933,8984
8933,8987
8933,8990
8933,12281
8933,22452
8933,8902
8933,8908
8933,8912
8933,8916
8933,8932
8933,8936
8933,8938
8933,8942
8933,8946
8933,8949
8933,8951
8933,8954
8933,8959
8938,8955
8938,8975
8938,8979
8938,8983
8938,8987
8938,8990
8938,9034
8938,9044
8938,19955
8938,19176
8938,8908
8938,8912
8938,8916
8938,8932
8938,8936
8938,8942
8938,8946
8938,8949
8938,8954
8938,8959
8938,8966
8938,15027
8938,11829
8938,24255
8955,8975
8955,8979
8955,8983
8955,8984
8955,8987
8955,8990
8955,9034
8955,9044
8955,9052
8955,13424
8955,22221
8955,8932
8955,8936
8955,8946
8955,8951
8955,8959
8955,8961
8955,8966
8955,8971
8955,8974
8955,8976
8955,8977
8975,8979
8975,8984
8975,8987
8975,8990
8975,9034
8975,9044
8975,9052
8975,9066
8975,13808
8975,12504
8975,20236
8975,8949
8975,8951
8975,8954
8975,8959
8975,8961
8975,8966
8975,8971
8975,8974
8975,8976
8975,8977
8975,8983
8975,8992
8975,20057
8979,8983
8979,8984
8979,8987
8979,8990
8979,9034
8979,9044
8979,9052
8979,9066
8979,9078
8979,8959
8979,8961
8979,8966
8979,8971
8979,8974
8979,8976
8979,8977
8979,8992
8979,8997
8979,9001
8979,9008
8979,9009
8979,17196
8983,8984
8983,8987
8983,8990
8983,9034
8983,9044
8983,9052
8983,9066
8983,25088
8983,27095
8983,8959
8983,8961
8983,8966
8983,8974
8983,8976
8983,8992
8983,8997
8983,9001
8983,9008
8983,9009
8983,9011
8983,20045
8984,8987
8984,9034
8984,9052
8984,9066
8984,9078
8984,9084
8984,9086
8984,23262
8984,24764
8984,18574
8984,8961
8984,8971
8984,8974
8984,8977
8984,8990
8984,8992
8984,8997
8984,9001
8984,9008
8984,9009
8984,9011
8984,9016
8984,24822
8987,8990
8987,9034
8987,9044
8987,9052
8987,9066
8987,9078
8987,9084
8987,9086
8987,9102
8987,11203
8987,9350
8987,8971
8987,8974
8987,8976
8987,8977
8987,8992
8987,9008
8987,9009
8987,9011
8987,9016
8987,9022
8987,23530
8987,13258
8987,10607
8990,9034
8990,9044
8990,9052
8990,9066
8990,9078
8990,9084
8990,9086
8990,9102
8990,9104
8990,10821
8990,8971
8990,8976
8990,8977
8990,8992
8990,8997
8990,9001
8990,9008
8990,9009
8990,9011
8990,9016
8990,9022
8990,9024
9034,9066
9034,9078
9034,9084
9034,9086
9034,9102
9034,9104
9034,9105
9034,9357
9034,20060
9034,15867
9034,8997
9034,9001
9034,9008
9034,9009
9034,9011
9034,9016
9034,9022
9034,9024
9034,9032
9034,9052
9034,9058
9034,9063
9034,9065
9034,19611
9044,9052
9044,9066
9044,9084
9044,9086
9044,9102
9044,9104
9044,9105
9044,9137
9044,17956
9044,18760
9044,9001
9044,9008
9044,9009
9044,9016
9044,9022
9044,9024
9044,9032
9044,9058
9044,9065
9044,9078
9052,9066
9052,9078
9052,9084
9052,9086
9052,9102
9052,9104
9052,9105
9052,9137
9052,9139
9052,11690
9052,9008
9052,9009
9052,9011
9052,9022
9052,9024
9052,9058
9052,9063
9052,9065
9066,9078
9066,9084
9066,9086
9066,9102
9066,9104
9066,9137
9066,9139
9066,9146
9066,11345
9066,14258
9066,23420
9066,19379
9066,27212
9066,9022
9066,9024
9066,9032
9066,9058
9066,9063
9066,9065
9066,9109
9066,9113
9078,9084
9078,9086
9078,9102
9078,9104
9078,9105
9078,9137
9078,9139
9078,9146
9078,12063
9078,14223
9078,18719
9078,9024
9078,9032
9078,9058
9078,9063
9078,9065
9078,9107
9078,9109
9078,9115
9078,17588
9084,9102
9084,9104
9084,9105
9084,9137
9084,9139
9084,9146
9084,9156
9084,9180
9084,13678
9084,16814
9084,24932
9084,9032
9084,9058
9084,9063
9084,9065
9084,9086
9084,9107
9084,9109
9084,9113
9084,9126
9084,22113
9084,25170
9086,9102
9086,9104
9086,9105
9086,9137
9086,9139
9086,9146
9086,9156
9086,9180
9086,9193
9086,9063
9086,9065
9086,9107
9086,9109
9086,9113
9086,9115
9086,9126
9086,9131
9086,20126
9086,12260
9086,21589
9102,9104
9102,9105
9102,9137
9102,9139
9102,9146
9102,9156
9102,9180
9102,9193
9102,9209
9102,23253
9102,9058
9102,9063
9102,9065
9102,9107
9102,9109
9102,9113
9102,9115
9102,9126
9102,9131
9102,18938
9104,9105
9104,9137
9104,9139
9104,9146
9104,9156
9104,9180
9104,9193
9104,9209
9104,9218
9104,9058
9104,9063
9104,9065
9104,9107
9104,9109
9104,9113
9104,9115
9104,9126
9104,9131
9104,9590
9105,9137
9105,9139
9105,9146
9105,9156
9105,9180
9105,9193
9105,9209
9105,9218
9105,9219
9105,22128
9105,9058
9105,9063
9105,9065
9105,9107
9105,9109
9105,9115
9105,9126
9105,9141
9105,22774
9105,11199
9137,9139
9137,9146
9137,9156
9137,9193
9137,9218
9137,9219
9137,9247
9137,25427
9137,15141
9137,9107
9137,9109
9137,9113
9137,9115
9137,9126
9137,9131
9137,9141
9137,9142
9137,9144
9137,9155
9137,9159
9137,9161
9137,24836
9139,9146
9139,9156
9139,9180
9139,9193
9139,9209
9139,9219
9139,9247
9139,9254
9139,15289
9139,24477
9139,9107
9139,9109
9139,9113
9139,9115
9139,9126
9139,9131
9139,9142
9139,9144
9139,9155
9139,9159
9139,9161
9139,9167
9139,10200
9139,9719
9139,16852
9146,9156
9146,9180
9146,9193
9146,9209
9146,9218
9146,9219
9146,9247
9146,9254
9146,9113
9146,9115
9146,9131
9146,9141
9146,9142
9146,9144
9146,9159
9146,9161
9146,9167
9146,9170
9146,9174
9146,9175
9146,15904
9146,22805
9156,9180
9156,9193
9156,9209
9156,9218
9156,9219
9156,9247
9156,9255
9156,9258
9156,23252
9156,13732
9156,9126
9156,9131
9156,9141
9156,9142
9156,9144
9156,9155
9156,9159
9156,9161
9156,9167
9156,9170
9156,9174
9156,9175
9156,9178
9156,9185
9156,17365
9180,9193
9180,9209
9180,9218
9180,9219
9180,9247
9180,9254
9180,9255
9180,9258
9180,9274
9180,17162
9180,24395
9180,9155
9180,9159
9180,9161
9180,9167
9180,9170
9180,9174
9180,9175
9180,9178
9180,9187
9180,9188
9180,9189
9180,9191
9180,9192
9180,9195
9180,9197
9180,22531
9180,25307
9193,9209
9193,9218
9193,9247
9193,9254
9193,9255
9193,9258
9193,9274
9193,9304
9193,17421
9193,10764
9193,9175
9193,9178
9193,9185
9193,9187
9193,9188
9193,9189
9193,9191
9193,9195
9193,9197
9193,9210
9193,9216
9193,9219
9193,9228
9193,9229
9209,9218
9209,9219
9209,9254
9209,9255
9209,9258
9209,9274
9209,9304
9209,9321
9209,10080
9209,9185
9209,9187
9209,9188
9209,9189
9209,9191
9209,9192
9209,9195
9209,9197
9209,9216
9209,9228
9209,9229
9209,9234
9209,9247
9209,9250
9209,11067
9209,15689
9209,19177
9218,9219
9218,9247
9218,9254
9218,9255
9218,9274
9218,9304
9218,9321
9218,9330
9218,27432
9218,17524
9218,9191
9218,9192
9218,9195
9218,9197
9218,9210
9218,9216
9218,9228
9218,9234
9218,9250
9218,9251
9218,25681
9219,9247
9219,9254
9219,9255
9219,9258
9219,9274
9219,9304
9219,9321
9219,9330
9219,9337
9219,7897
9219,14543
9219,9191
9219,9192
9219,9195
9219,9197
9219,9210
9219,9228
9219,9229
9219,9234
9219,9250
9219,9251
9219,27069
9247,9254
9247,9255
9247,9258
9247,9274
9247,9304
9247,9330
9247,9337
9247,9350
9247,11800
9247,9197
9247,9210
9247,9216
9247,9228
9247,9229
9247,9234
9247,9250
9247,9251
9247,9262
9247,9270
9247,9271
9247,15387
9254,9255
9254,9258
9254,9274
9254,9304
9254,9330
9254,9337
9254,9350
9254,9352
9254,26245
9254,24586
9254,11354
9254,9216
9254,9228
9254,9234
9254,9250
9254,9251
9254,9262
9254,9270
9254,9271
9254,9277
9254,9282
9254,9285
9254,20980
9255,9304
9255,9321
9255,9330
9255,9337
9255,9350
9255,9352
9255,9372
9255,9393
9255,22718
9255,18814
9255,9228
9255,9229
9255,9234
9255,9250
9255,9251
9255,9258
9255,9262
9255,9270
9255,9274
9255,9277
9255,9282
9255,9285
9255,9290
9255,22675
9258,9274
9258,9304
9258,9321
9258,9330
9258,9337
9258,9350
9258,9352
9258,9372
9258,9393
9258,14889
9258,18990
9258,9229
9258,9234
9258,9250
9258,9251
9258,9262
9258,9270
9258,9271
9258,9277
9258,9282
9258,9285
9258,9290
9258,9297
9258,18259
9274,9304
9274,9321
9274,9330
9274,9337
9274,9350
9274,9352
9274,9372
9274,9393
9274,9395
9274,10493
9274,17962
9274,26760
9274,9250
9274,9251
9274,9270
9274,9271
9274,9277
9274,9282
9274,9285
9274,9290
9274,9298
9274,9299
9274,14394
9274,26312
9304,9321
9304,9330
9304,9337
9304,9350
9304,9372
9304,9393
9304,9395
9304,9404
9304,18662
9304,9277
9304,9282
9304,9285
9304,9290
9304,9297
9304,9298
9304,9299
9304,9301
9304,9309
9304,9310
9304,9312
9304,9316
9304,9317
9304,9318
9304,9323
9304,9329
9321,9330
9321,9337
9321,9350
9321,9352
9321,9372
9321,9393
9321,9395
9321,9404
9321,9412
9321,8827
9321,9299
9321,9301
9321,9309
9321,9310
9321,9312
9321,9316
9321,9317
9321,9318
9321,9323
9321,9329
9321,9331
9321,9332
9321,9336
9321,24062
9330,9337
9330,9350
9330,9352
9330,9372
9330,9393
9330,9395
9330,9404
9330,9412
9330,9032
9330,16088
9330,9309
9330,9310
9330,9312
9330,9316
9330,9317
9330,9318
9330,9323
9330,9329
9330,9331
9330,9332
9330,9335
9330,9336
9330,9357
9330,9364
9330,10663
9337,9352
9337,9372
9337,9393
9337,9395
9337,9404
9337,9412
9337,9442
9337,9446
9337,23289
9337,22829
9337,9318
9337,9323
9337,9329
9337,9331
9337,9332
9337,9335
9337,9336
9337,9350
9337,9357
9337,9364
9337,9386
9337,9387
9337,9389
9350,9352
9350,9372
9350,9393
9350,9404
9350,9442
9350,9446
9350,9452
9350,19685
9350,10726
9350,9323
9350,9329
9350,9331
9350,9332
9350,9335
9350,9336
9350,9357
9350,9364
9350,9386
9350,9387
9350,9389
9350,9395
9350,15934
9350,21961
9350,24955
9350,17215
9352,9372
9352,9393
9352,9395
9352,9404
9352,9412
9352,9442
9352,9446
9352,9452
9352,9461
9352,22105
9352,15199
9352,12331
9352,9323
9352,9329
9352,9331
9352,9332
9352,9335
9352,9336
9352,9357
9352,9364
9352,9386
9352,9387
9352,9389
9352,9397
9352,24886
9372,9393
9372,9395
9372,9412
9372,9442
9372,9446
9372,9452
9372,9461
9372,9467
9372,26166
9372,24957
9372,9331
9372,9332
9372,9335
9372,9336
9372,9357
9372,9364
9372,9386
9372,9387
9372,9389
9372,9397
9372,9411
9372,27459
9372,17194
9393,9395
9393,9404
9393,9412
9393,9442
9393,9446
9393,9452
9393,9461
9393,9467
9393,9475
9393,16415
9393,9357
9393,9364
9393,9386
9393,9387
9393,9389
9393,9397
9393,9425
9393,9430
9393,14084
9393,26736
9393,21231
9395,9404
9395,9412
9395,9442
9395,9446
9395,9452
9395,9461
9395,9467
9395,9478
9395,9357
9395,9364
9395,9386
9395,9387
9395,9389
9395,9397
9395,9411
9395,9420
9395,9425
9395,9426
9395,9430
9395,9435
9395,25685
9395,16800
9404,9412
9404,9442
9404,9446
9404,9461
9404,9467
9404,9475
9404,9478
9404,9479
9404,14032
9404,9228
9404,27107
9404,9357
9404,9364
9404,9386
9404,9387
9404,9389
9404,9397
9404,9411
9404,9420
9404,9425
9404,9430
9404,9435
9404,15047
9404,24807
9412,9442
9412,9446
9412,9452
9412,9461
9412,9475
9412,9478
9412,9479
9412,9498
9412,8682
9412,18772
9412,9386
9412,9387
9412,9389
9412,9397
9412,9411
9412,9420
9412,9425
9412,9426
9412,9430
9412,9435
9412,9437
9412,12834
9442,9446
9442,9452
9442,9461
9442,9467
9442,9475
9442,9478
9442,9479
9442,9498
9442,9500
9442,10761
9442,9411
9442,9425
9442,9426
9442,9430
9442,9437
9442,9449
9442,9451
9442,9455
9446,9452
9446,9461
9446,9467
9446,9475
9446,9478
9446,9479
9446,9498
9446,9500
9446,9502
9446,20901
9446,9962
9446,9420
9446,9425
9446,9426
9446,9430
9446,9435
9446,9437
9446,9449
9446,9451
9446,9455
9446,9456
9446,11556
9446,12135
9452,9461
9452,9467
9452,9475
9452,9478
9452,9479
9452,9498
9452,9500
9452,9502
9452,9532
9452,25399
9452,17049
9452,9425
9452,9426
9452,9430
9452,9435
9452,9449
9452,9451
9452,9455
9452,9456
9452,9489
9461,9467
9461,9475
9461,9478
9461,9479
9461,9498
9461,9500
9461,9502
9461,9532
9461,9543
9461,17144
9461,9435
9461,9437
9461,9449
9461,9451
9461,9455
9461,9456
9461,9483
9461,9489
9461,9496
9461,10724
9461,20472
9467,9475
9467,9478
9467,9498
9467,9500
9467,9502
9467,9532
9467,9543
9467,9580
9467,13376
9467,11144
9467,9437
9467,9451
9467,9455
9467,9456
9467,9479
9467,9483
9467,9489
9467,9496
9467,9497
9467,21803
9475,9478
9475,9479
9475,9498
9475,9500
9475,9502
9475,9532
9475,9543
9475,9580
9475,9585
9475,9449
9475,9451
9475,9456
9475,9483
9475,9489
9475,9496
9475,9497
9475,14400
9478,9479
9478,9498
9478,9500
9478,9502
9478,9532
9478,9543
9478,9580
9478,9585
9478,9599
9478,9449
9478,9451
9478,9455
9478,9456
9478,9483
9478,9489
9478,9496
9478,9497
9478,9508
9478,19920
9479,9498
9479,9500
9479,9532
9479,9543
9479,9580
9479,9585
9479,9599
9479,9629
9479,25347
9479,12735
9479,9449
9479,9451
9479,9455
9479,9456
9479,9483
9479,9489
9479,9496
9479,9497
9479,9502
9479,9508
9479,9515
9479,9670
9498,9500
9498,9532
9498,9543
9498,9580
9498,9585
9498,9599
9498,9630
9498,13772
9498,19031
9498,9483
9498,9489
9498,9496
9498,9497
9498,9502
9498,9508
9498,9515
9498,9516
9498,9525
9498,9536
9498,9540
9500,9502
9500,9532
9500,9580
9500,9585
9500,9599
9500,9629
9500,9630
9500,9661
9500,18708
9500,14647
9500,9483
9500,9489
9500,9496
9500,9508
9500,9515
9500,9516
9500,9525
9500,9536
9500,9540
9500,9543
9500,22134
9502,9543
9502,9580
9502,9585
9502,9599
9502,9629
9502,9630
9502,9661
9502,9681
9502,15193
9502,9483
9502,9489
9502,9496
9502,9497
9502,9508
9502,9515
9502,9516
9502,9525
9502,9532
9502,9536
9502,9546
9502,18089
9502,21578
9532,9543
9532,9580
9532,9585
9532,9629
9532,9630
9532,9661
9532,9703
9532,23474
9532,21007
9532,10653
9532,9496
9532,9497
9532,9508
9532,9515
9532,9516
9532,9525
9532,9536
9532,9540
9532,9546
9532,9548
9532,9553
9532,9556
9532,9559
9532,23758
9543,9580
9543,9585
9543,9599
9543,9629
9543,9630
9543,9661
9543,9703
9543,9719
9543,19069
9543,17356
9543,9508
9543,9515
9543,9516
9543,9525
9543,9536
9543,9540
9543,9546
9543,9548
9543,9553
9543,9556
9543,9559
9543,9565
9543,9571
9543,9572
9543,24999
9580,9585
9580,9599
9580,9630
9580,9661
9580,9681
9580,9703
9580,9719
9580,9724
9580,23197
9580,9546
9580,9548
9580,9553
9580,9556
9580,9559
9580,9565
9580,9569
9580,9571
9580,9588
9580,9590
9580,9592
9580,9594
9580,9597
9580,9603
9580,9606
9580,25161
9580,14124
9580,25446
9585,9599
9585,9629
9585,9630
9585,9661
9585,9681
9585,9703
9585,9719
9585,9759
9585,23890
9585,9553
9585,9556
9585,9559
9585,9565
9585,9571
9585,9572
9585,9588
9585,9590
9585,9592
9585,9594
9585,9597
9585,9603
9585,9606
9585,9607
9585,19788
9599,9629
9599,9630
9599,9661
9599,9681
9599,9719
9599,9759
9599,9776
9599,25444
9599,22405
9599,15100
9599,22500
9599,9571
9599,9572
9599,9588
9599,9592
9599,9594
9599,9597
9599,9603
9599,9606
9599,9616
9599,9618
9599,9622
9599,9623
9599,9624
9599,24176
9629,9630
9629,9661
9629,9703
9629,9719
9629,9724
9629,9759
9629,9776
9629,9789
9629,18859
9629,14194
9629,9144
9629,9603
9629,9607
9629,9616
9629,9618
9629,9622
9629,9623
9629,9624
9629,9627
9629,9635
9629,9640
9629,9641
9629,9652
9629,9660
9629,9664
9629,13757
9630,9661
9630,9681
9630,9703
9630,9719
9630,9724
9630,9759
9630,9776
9630,9789
9630,9797
9630,13287
9630,26735
9630,8567
9630,9606
9630,9607
9630,9616
9630,9618
9630,9622
9630,9623
9630,9624
9630,9627
9630,9635
9630,9640
9630,9641
9630,9643
9630,9652
9630,9660
9630,9664
9630,9665
9630,12594
9630,21470
9661,9681
9661,9703
9661,9724
9661,9759
9661,9776
9661,9789
9661,9800
9661,16613
9661,12110
9661,20876
9661,18422
9661,9627
9661,9640
9661,9641
9661,9652
9661,9660
9661,9664
9661,9665
9661,9670
9661,9683
9661,9685
9661,9710
9661,14677
9661,20243
9661,20797
9681,9703
9681,9719
9681,9724
9681,9759
9681,9776
9681,9789
9681,9797
9681,9800
9681,9812
9681,26628
9681,9643
9681,9652
9681,9660
9681,9664
9681,9665
9681,9670
9681,9675
9681,9683
9681,9710
9681,9712
9681,9714
9681,9715
9681,9716
9681,9718
9681,20831
9681,18294
9703,9719
9703,9724
9703,9759
9703,9776
9703,9797
9703,9800
9703,9812
9703,9818
9703,25936
9703,9660
9703,9664
9703,9665
9703,9670
9703,9675
9703,9683
9703,9685
9703,9710
9703,9712
9703,9714
9703,9715
9703,9716
9703,9718
9703,9725
9703,17940
9703,23080
9719,9724
9719,9776
9719,9789
9719,9797
9719,9800
9719,9812
9719,9818
9719,9887
9719,9571
9719,9683
9719,9685
9719,9710
9719,9718
9719,9725
9719,9747
9719,9750
9719,9753
9719,9759
9719,9768
9719,9772
9719,18562
9719,25385
9724,9759
9724,9776
9724,9797
9724,9812
9724,9818
9724,9906
9724,26391
9724,10886
9724,19317
9724,9685
9724,9710
9724,9712
9724,9714
9724,9716
9724,9718
9724,9725
9724,9729
9724,9747
9724,9750
9724,9753
9724,9772
9724,24763
9724,22718
9759,9776
9759,9789
9759,9797
9759,9800
9759,9812
9759,9818
9759,9887
9759,9906
9759,9911
9759,17924
9759,9716
9759,9718
9759,9725
9759,9729
9759,9747
9759,9750
9759,9753
9759,9768
9759,9772
9759,9801
9759,9807
9759,20112
9776,9789
9776,9797
9776,9800
9776,9818
9776,9887
9776,9906
9776,9911
9776,9919
9776,9725
9776,9729
9776,9747
9776,9750
9776,9753
9776,9772
9776,9801
9776,9803
9776,9807
9776,9808
9776,9812
9776,9815
9776,27418
9776,10002
9789,9797
9789,9800
9789,9812
9789,9818
9789,9887
9789,9906
9789,9911
9789,9919
9789,9932
9789,24756
9789,25741
9789,9725
9789,9729
9789,9747
9789,9750
9789,9753
9789,9768
9789,9772
9789,9801
9789,9803
9789,9807
9789,9815
9789,9817
9789,18791
9797,9800
9797,9812
9797,9887
9797,9906
9797,9911
9797,9919
9797,9932
9797,9940
9797,10834
9797,25191
9797,9729
9797,9747
9797,9750
9797,9753
9797,9768
9797,9772
9797,9801
9797,9803
9797,9808
9797,9815
9797,9817
9797,9818
9797,18929
9797,23904
9797,23508
9800,9812
9800,9818
9800,9887
9800,9906
9800,9911
9800,9919
9800,9932
9800,9940
9800,9959
9800,9747
9800,9750
9800,9753
9800,9768
9800,9772
9800,9801
9800,9803
9800,9807
9800,9808
9800,9815
9800,9817
9800,9829
9812,9818
9812,9887
9812,9906
9812,9919
9812,9940
9812,9959
9812,9962
9812,10874
9812,18012
9812,27364
9812,9801
9812,9803
9812,9807
9812,9829
9812,9832
9812,9834
9812,9844
9812,9845
9812,9848
9812,17466
9812,18422
9812,17987
9812,14600
9818,9887
9818,9906
9818,9911
9818,9919
9818,9932
9818,9940
9818,9959
9818,9962
9818,9975
9818,15592
9818,9801
9818,9803
9818,9807
9818,9808
9818,9815
9818,9817
9818,9829
9818,9832
9818,9834
9818,9844
9818,9845
9818,9851
9818,9852
9818,9854
9818,14901
9818,20113
9887,9906
9887,9911
9887,9919
9887,9932
9887,9940
9887,9959
9887,9962
9887,9975
9887,9983
9887,26013
9887,8049
9887,9851
9887,9852
9887,9854
9887,9856
9887,9860
9887,9864
9887,9867
9887,9870
9887,9874
9887,9890
9887,9901
9887,9905
9887,9907
9887,9913
9887,25174
9887,10976
9906,9911
9906,9919
9906,9932
9906,9940
9906,9959
9906,9962
9906,9975
9906,9983
9906,9993
9906,9864
9906,9867
9906,9870
9906,9874
9906,9889
9906,9890
9906,9901
9906,9907
9906,9910
9906,9913
9906,9914
9906,9915
9906,9933
9906,13968
9911,9919
9911,9932
9911,9940
9911,9959
9911,9962
9911,9983
9911,9993
9911,10002
9911,11354
9911,24937
9911,14955
9911,10151
9911,9874
9911,9889
9911,9890
9911,9901
9911,9905
9911,9907
9911,9910
9911,9914
9911,9915
9911,9933
9911,9946
9911,9947
9911,16906
9911,24763
9911,24586
9919,9932
9919,9940
9919,9959
9919,9962
9919,9975
9919,9983
9919,9993
9919,10002
9919,10004
9919,9901
9919,9905
9919,9907
9919,9910
9919,9913
9919,9914
9919,9915
9919,9933
9919,9946
9919,9947
9919,9948
9919,9952
9919,9955
9919,9957
9932,9940
9932,9959
9932,9962
9932,9975
9932,9983
9932,9993
9932,10002
9932,10004
9932,10026
9932,10095
9932,11620
9932,7712
9932,9905
9932,9907
9932,9910
9932,9913
9932,9933
9932,9946
9932,9947
9932,9948
9932,9952
9932,9955
9932,9957
9932,9958
9932,19002
9932,23314
9940,9959
9940,9962
9940,9975
9940,9983
9940,9993
9940,10002
9940,10004
9940,10026
9940,10038
9940,26506
9940,24714
9940,9907
9940,9910
9940,9913
9940,9914
9940,9915
9940,9933
9940,9946
9940,9947
9940,9948
9940,9952
9940,9955
9940,9957
9940,9958
9940,9960
9959,9962
9959,9975
9959,9983
9959,10002
9959,10004
9959,10026
9959,10038
9959,11273
9959,14966
9959,9933
9959,9946
9959,9947
9959,9948
9959,9952
9959,9955
9959,9957
9959,9958
9959,9960
9959,9965
9959,9969
9959,9971
9959,9972
9959,9987
9962,9975
9962,9983
9962,9993
9962,10002
9962,10004
9962,10026
9962,10050
9962,10068
9962,27450
9962,9947
9962,9948
9962,9952
9962,9955
9962,9957
9962,9958
9962,9960
9962,9965
9962,9969
9962,9971
9962,9972
9962,9987
9962,9989
9962,9992
9975,9983
9975,9993
9975,10002
9975,10004
9975,10026
9975,10038
9975,10050
9975,10068
9975,10086
9975,9175
9975,9957
9975,9958
9975,9965
9975,9969
9975,9971
9975,9972
9975,9987
9975,9989
9975,9992
9975,9997
9975,10001
9975,19494
9983,9993
9983,10004
9983,10026
9983,10038
9983,10050
9983,10068
9983,13516
9983,21381
9983,13682
9983,9958
9983,9960
9983,9965
9983,9969
9983,9971
9983,9972
9983,9987
9983,9989
9983,9992
9983,9997
9983,10001
9983,10002
9983,10010
9993,10002
9993,10004
9993,10026
9993,10038
9993,10050
9993,10068
9993,10086
9993,10095
9993,10107
9993,25672
9993,11687
9993,9965
9993,9971
9993,9972
9993,9987
9993,9989
9993,9997
9993,10010
9993,10015
9993,10023
9993,10029
10002,10004
10002,10026
10002,10050
10002,10068
10002,10086
10002,10095
10002,10107
10002,10126
10002,16676
10002,22277
10002,24506
10002,24749
10002,9987
10002,9992
10002,9997
10002,10001
10002,10010
10002,10015
10002,10023
10002,10029
10002,10033
10002,10034
10004,10026
10004,10038
10004,10050
10004,10068
10004,10086
10004,10095
10004,10107
10004,10126
10004,10136
10004,9987
10004,9989
10004,9992
10004,9997
10004,10001
10004,10010
10004,10015
10004,10023
10004,10029
10004,10033
10004,10034
10004,12460
10004,14364
10026,10038
10026,10050
10026,10068
10026,10086
10026,10095
10026,10107
10026,10126
10026,10136
10026,10142
10026,19865
10026,21014
10026,18088
10026,9312
10026,9992
10026,9997
10026,10001
10026,10010
10026,10015
10026,10023
10026,10029
10026,10033
10026,10034
10026,10042
10026,10046
10026,10047
10026,10053
10038,10050
10038,10068
10038,10086
10038,10126
10038,10136
10038,10142
10038,10151
10038,22746
10038,13369
10038,10010
10038,10015
10038,10023
10038,10029
10038,10033
10038,10034
10038,10042
10038,10047
10038,10053
10038,10062
10038,10066
10038,10071
10038,23696
10050,10068
10050,10086
10050,10095
10050,10107
10050,10126
10050,10136
10050,10142
10050,10151
10050,10160
10050,15244
10050,10029
10050,10034
10050,10042
10050,10046
10050,10047
10050,10053
10050,10066
10050,10071
10050,10073
10050,10077
10050,10078
10050,10080
10068,10086
10068,10095
10068,10107
10068,10126
10068,10136
10068,10142
10068,10151
10068,10160
10068,10163
10068,24105
10068,16712
10068,10034
10068,10042
10068,10046
10068,10047
10068,10053
10068,10062
10068,10066
10068,10071
10068,10073
10068,10077
10068,10078
10068,10080
10068,10083
10068,10087
10068,22216
10068,15845
10086,10095
10086,10126
10086,10136
10086,10142
10086,10151
10086,10160
10086,10163
10086,10171
10086,20206
10086,18231
10086,11039
10086,8523
10086,9592
10086,10062
10086,10066
10086,10071
10086,10073
10086,10077
10086,10078
10086,10083
10086,10101
10086,10105
10086,10107
10086,10124
10086,10130
10095,10107
10095,10126
10095,10136
10095,10142
10095,10151
10095,10163
10095,10171
10095,10175
10095,7956
10095,10071
10095,10073
10095,10077
10095,10080
10095,10083
10095,10087
10095,10105
10095,10121
10095,10124
10095,10130
10095,10140
10107,10126
10107,10136
10107,10142
10107,10151
10107,10160
10107,10163
10107,10171
10107,10175
10107,18442
10107,14658
10107,10077
10107,10078
10107,10080
10107,10083
10107,10087
10107,10101
10107,10105
10107,10121
10107,10124
10107,10130
10107,10140
10107,10144
10107,20635
10126,10136
10126,10142
10126,10151
10126,10160
10126,10163
10126,10171
10126,10175
10126,10191
10126,10200
10126,10083
10126,10087
10126,10105
10126,10121
10126,10124
10126,10130
10126,10140
10126,10143
10126,10144
10126,10145
10126,10149
10136,10151
10136,10175
10136,10191
10136,10200
10136,10241
10136,17026
10136,25629
10136,14973
10136,11957
10136,10087
10136,10101
10136,10105
10136,10121
10136,10124
10136,10130
10136,10140
10136,10142
10136,10143
10136,10144
10136,10145
10136,10149
10136,10150
10136,10157
10136,23759
10142,10151
10142,10160
10142,10163
10142,10171
10142,10175
10142,10191
10142,10200
10142,10241
10142,10251
10142,9571
10142,10101
10142,10105
10142,10121
10142,10124
10142,10130
10142,10140
10142,10143
10142,10144
10142,10145
10142,10149
10142,10150
10142,10157
10142,10159
10151,10160
10151,10163
10151,10171
10151,10175
10151,10191
10151,10200
10151,10241
10151,10251
10151,10254
10151,24199
10151,10140
10151,10143
10151,10144
10151,10145
10151,10149
10151,10150
10151,10157
10151,10159
10151,10166
10151,10172
10151,10177
10151,20061
10160,10163
10160,10171
10160,10175
10160,10200
10160,10241
10160,10251
10160,10254
10160,17981
10160,10263
10160,10143
10160,10144
10160,10145
10160,10149
10160,10150
10160,10157
10160,10159
10160,10166
10160,10172
10160,10177
10160,10178
10160,10184
10160,10187
10163,10175
10163,10191
10163,10200
10163,10241
10163,10251
10163,10254
10163,10266
10163,10288
10163,20303
10163,15500
10163,10143
10163,10144
10163,10145
10163,10149
10163,10150
10163,10157
10163,10166
10163,10171
10163,10172
10163,10177
10163,10178
10163,10184
10163,10187
10163,23340
10171,10175
10171,10191
10171,10200
10171,10241
10171,10251
10171,10254
10171,10266
10171,10289
10171,10145
10171,10149
10171,10150
10171,10157
10171,10159
10171,10172
10171,10177
10171,10184
10171,10187
10171,10197
10171,10199
10171,10969
10171,18821
10175,10191
10175,10200
10175,10251
10175,10254
10175,10266
10175,10288
10175,10289
10175,10381
10175,16455
10175,25338
10175,10150
10175,10157
10175,10159
10175,10166
10175,10172
10175,10177
10175,10178
10175,10184
10175,10187
10175,10197
10175,10199
10175,10203
10191,10200
10191,10241
10191,10251
10191,10254
10191,10266
10191,10288
10191,10289
10191,10381
10191,10431
10191,10166
10191,10172
10191,10177
10191,10184
10191,10187
10191,10197
10191,10199
10191,10203
10191,10209
10191,10221
10191,10222
10191,10224
10191,10227
10200,10241
10200,10251
10200,10254
10200,10266
10200,10288
10200,10289
10200,10381
10200,10431
10200,10435
10200,11314
10200,10177
10200,10178
10200,10184
10200,10187
10200,10197
10200,10199
10200,10203
10200,10209
10200,10221
10200,10222
10200,10224
10200,10227
10200,10236
10200,10239
10200,12874
10241,10251
10241,10254
10241,10266
10241,10288
10241,10381
10241,10431
10241,10435
10241,10437
10241,16442
10241,25457
10241,10203
10241,10209
10241,10221
10241,10222
10241,10224
10241,10227
10241,10236
10241,10239
10241,10242
10241,10245
10241,10257
10241,10263
10241,10268
10241,10269
10241,14080
10251,10254
10251,10266
10251,10288
10251,10381
10251,10431
10251,10435
10251,10437
10251,10450
10251,21304
10251,18087
10251,16846
10251,9972
10251,10221
10251,10222
10251,10227
10251,10236
10251,10239
10251,10245
10251,10257
10251,10263
10251,10268
10251,10269
10251,10270
10251,10277
10251,10281
10251,16831
10251,19194
10254,10266
10254,10288
10254,10289
10254,10381
10254,10431
10254,10437
10254,10450
10254,10463
10254,21219
10254,11617
10254,17525
10254,10222
10254,10224
10254,10227
10254,10236
10254,10239
10254,10242
10254,10245
10254,10257
10254,10263
10254,10268
10254,10269
10254,10270
10254,10277
10254,10281
10266,10288
10266,10289
10266,10381
10266,10431
10266,10435
10266,10437
10266,10450
10266,10463
10266,10503
10266,10236
10266,10239
10266,10245
10266,10257
10266,10268
10266,10269
10266,10270
10266,10277
10266,10281
10266,10290
10266,10296
10288,10381
10288,10435
10288,10437
10288,10450
10288,10463
10288,10503
10288,10505
10288,11301
10288,14424
10288,11994
10288,10257
10288,10263
10288,10268
10288,10269
10288,10270
10288,10277
10288,10281
10288,10289
10288,10290
10288,10296
10288,10306
10288,10309
10288,10310
10288,10321
10288,10322
10288,24153
10288,19749
10289,10381
10289,10431
10289,10435
10289,10437
10289,10450
10289,10463
10289,10503
10289,10505
10289,10515
10289,25672
10289,21543
10289,9262
10289,10257
10289,10263
10289,10268
10289,10269
10289,10270
10289,10277
10289,10281
10289,10290
10289,10296
10289,10306
10289,10309
10289,10310
10289,10315
10289,10321
10289,22564
10381,10431
10381,10435
10381,10437
10381,10450
10381,10463
10381,10503
10381,10505
10381,10515
10381,10555
10381,10340
10381,10342
10381,10347
10381,10355
10381,10368
10381,10370
10381,10373
10381,10393
10381,10396
10381,10403
10381,10413
10381,10414
10381,10429
10381,20578
10381,20734
10431,10435
10431,10437
10431,10450
10431,10503
10431,10505
10431,10515
10431,10555
10431,15784
10431,14346
10431,21838
10431,8128
10431,10393
10431,10395
10431,10396
10431,10403
10431,10404
10431,10413
10431,10414
10431,10429
10431,10440
10431,10447
10431,10473
10431,10474
10431,23116
10435,10450
10435,10463
10435,10503
10435,10505
10435,10515
10435,10555
10435,10607
10435,10629
10435,26902
10435,10393
10435,10396
10435,10403
10435,10404
10435,10413
10435,10414
10435,10429
10435,10437
10435,10438
10435,10440
10435,10447
10435,10473
10435,10474
10435,10481
10437,10450
10437,10463
10437,10503
10437,10505
10437,10515
10437,10607
10437,10629
10437,10632
10437,15719
10437,19439
10437,9170
10437,10396
10437,10413
10437,10414
10437,10429
10437,10438
10437,10447
10437,10473
10437,10474
10437,10481
10437,10488
10450,10463
10450,10505
10450,10555
10450,10607
10450,10643
10450,24897
10450,18157
10450,25729
10450,11092
10450,10414
10450,10429
10450,10440
10450,10447
10450,10473
10450,10474
10450,10481
10450,10488
10450,10490
10450,10493
10450,10501
10450,10503
10463,10503
10463,10505
10463,10515
10463,10555
10463,10607
10463,10632
10463,10643
10463,13278
10463,20557
10463,10414
10463,10429
10463,10438
10463,10440
10463,10447
10463,10473
10463,10481
10463,10488
10463,10490
10463,10501
10463,26103
10463,19815
10503,10505
10503,10515
10503,10555
10503,10607
10503,10629
10503,10632
10503,10643
10503,10652
10503,10653
10503,10440
10503,10101
10503,10404
10503,10473
10503,10474
10503,10481
10503,10490
10503,10501
10503,10511
10503,10512
10503,10534
10503,10549
10503,18798
10503,21308
10503,22647
10503,21194
10505,10515
10505,10607
10505,10629
10505,10632
10505,10643
10505,10652
10505,10653
10505,10655
10505,12376
10505,10473
10505,10474
10505,10481
10505,10488
10505,10490
10505,10493
10505,10501
10505,10511
10505,10512
10505,10529
10505,10533
10505,10534
10505,10535
10505,10549
10505,10555
10515,10555
10515,10607
10515,10629
10515,10632
10515,10643
10515,10652
10515,10653
10515,10655
10515,22498
10515,10481
10515,10488
10515,10490
10515,10493
10515,10501
10515,10511
10515,10529
10515,10533
10515,10534
10515,10535
10515,10549
10515,10559
10515,10561
10515,10567
10555,10607
10555,10629
10555,10632
10555,10643
10555,10652
10555,10653
10555,10655
10555,10686
10555,23940
10555,16116
10555,16435
10555,9627
10555,10511
10555,10512
10555,10529
10555,10533
10555,10534
10555,10535
10555,10549
10555,10559
10555,10571
10555,10579
10555,10583
10555,10596
10555,10597
10555,10599
10607,10629
10607,10632
10607,10643
10607,10652
10607,10653
10607,10655
10607,10675
10607,10686
10607,10695
10607,10567
10607,10571
10607,10579
10607,10583
10607,10596
10607,10597
10607,10599
10607,10603
10607,10605
10607,10610
10607,10622
10607,10624
10607,10635
10607,10641
10607,10642
10607,22832
10629,10632
10629,10652
10629,10653
10629,10675
10629,10686
10629,10695
10629,10723
10629,27000
10629,11324
10629,9915
10629,10596
10629,10597
10629,10599
10629,10603
10629,10605
10629,10610
10629,10622
10629,10624
10629,10641
10629,10642
10629,10643
10629,10645
10629,10648
10629,10651
10632,10643
10632,10652
10632,10653
10632,10655
10632,10675
10632,10686
10632,10695
10632,10723
10632,10726
10632,10599
10632,10603
10632,10610
10632,10622
10632,10624
10632,10635
10632,10641
10632,10642
10632,10645
10632,10648
10632,10651
10632,15603
10632,21960
10643,10652
10643,10653
10643,10675
10643,10686
10643,10695
10643,10723
10643,10726
10643,10745
10643,20635
10643,21231
10643,24688
10643,10610
10643,10622
10643,10624
10643,10635
10643,10641
10643,10642
10643,10645
10643,10648
10643,10651
10643,10655
10643,10658
10643,10659
10643,10663
10652,10653
10652,10655
10652,10675
10652,10686
10652,10695
10652,10723
10652,10745
10652,10761
10652,14147
10652,19967
10652,10635
10652,10641
10652,10642
10652,10645
10652,10648
10652,10658
10652,10659
10652,10663
10652,10667
10652,10672
10652,10674
10652,26946
10652,26497
10653,10655
10653,10686
10653,10695
10653,10723
10653,10726
10653,10745
10653,10776
10653,10270
10653,23954
10653,12291
10653,16529
10653,10635
10653,10641
10653,10645
10653,10648
10653,10651
10653,10658
10653,10659
10653,10663
10653,10667
10653,10672
10653,10675
10655,10675
10655,10695
10655,10723
10655,10726
10655,10745
10655,10761
10655,10776
10655,10778
10655,26045
10655,11314
10655,10635
10655,10641
10655,10642
10655,10645
10655,10648
10655,10651
10655,10658
10655,10659
10655,10663
10655,10667
10655,10672
10655,10673
10655,10674
10655,10677
10655,24986
10675,10686
10675,10695
10675,10723
10675,10726
10675,10745
10675,10761
10675,10776
10675,10778
10675,10821
10675,22785
10675,11890
10675,10658
10675,10659
10675,10663
10675,10667
10675,10673
10675,10674
10675,10677
10675,10680
10675,10683
10675,10688
10675,10690
10675,10696
10675,10698
10686,10695
10686,10723
10686,10726
10686,10745
10686,10761
10686,10776
10686,10778
10686,10821
10686,10823
10686,12241
10686,10663
10686,10667
10686,10672
10686,10673
10686,10674
10686,10677
10686,10680
10686,10683
10686,10688
10686,10690
10686,10696
10686,10698
10686,10699
10686,10700
10686,10715
10695,10723
10695,10726
10695,10745
10695,10776
10695,10778
10695,10821
10695,10823
10695,10837
10695,13506
10695,15098
10695,22888
10695,10673
10695,10674
10695,10677
10695,10683
10695,10688
10695,10690
10695,10696
10695,10698
10695,10699
10695,10700
10695,10715
10695,10724
10695,10729
10723,10745
10723,10761
10723,10776
10723,10778
10723,10821
10723,10823
10723,10837
10723,10865
10723,10907
10723,27350
10723,12844
10723,10976
10723,10688
10723,10690
10723,10696
10723,10698
10723,10699
10723,10700
10723,10715
10723,10724
10723,10729
10723,10735
10723,10738
10723,10759
10723,10760
10723,25580
10723,23324
10726,10745
10726,10761
10726,10776
10726,10778
10726,10821
10726,10823
10726,10837
10726,10865
10726,10886
10726,10690
10726,10696
10726,10698
10726,10700
10726,10715
10726,10724
10726,10729
10726,10735
10726,10738
10726,10759
10726,10760
10726,10764
10726,10773
10745,10761
10745,10776
10745,10778
10745,10821
10745,10823
10745,10837
10745,10865
10745,10886
10745,10887
10745,11810
10745,10699
10745,10700
10745,10715
10745,10729
10745,10735
10745,10738
10745,10759
10745,10760
10745,10764
10745,10773
10745,10774
10745,18169
10761,10776
10761,10778
10761,10823
10761,10837
10761,10865
10761,10886
10761,10887
10761,10898
10761,26326
10761,24096
10761,10724
10761,10729
10761,10735
10761,10738
10761,10759
10761,10760
10761,10764
10761,10773
10761,10774
10761,10779
10761,10784
10761,10798
10761,10810
10761,13063
10761,19756
10776,10778
10776,10865
10776,10886
10776,10887
10776,10898
10776,10914
10776,26944
10776,20832
10776,9228
10776,20381
10776,10735
10776,10738
10776,10759
10776,10764
10776,10773
10776,10774
10776,10779
10776,10784
10776,10798
10776,10815
10776,10821
10776,10822
10776,10823
10776,20539
10776,13379
10778,10821
10778,10823
10778,10837
10778,10865
10778,10886
10778,10887
10778,10898
10778,10914
10778,10924
10778,24701
10778,10738
10778,10759
10778,10764
10778,10773
10778,10774
10778,10779
10778,10784
10778,10798
10778,10810
10778,10815
10778,10822
10778,10824
10778,22002
10821,10823
10821,10837
10821,10865
10821,10886
10821,10887
10821,10898
10821,10914
10821,10941
10821,10596
10821,10773
10821,10774
10821,10779
10821,10784
10821,10798
10821,10810
10821,10815
10821,10822
10821,10824
10821,10828
10821,10829
10821,10840
10821,10841
10821,16968
10821,15915
10821,27144
10823,10865
10823,10886
10823,10887
10823,10898
10823,10914
10823,10924
10823,10941
10823,10957
10823,18760
10823,19931
10823,10779
10823,10784
10823,10798
10823,10810
10823,10815
10823,10822
10823,10824
10823,10828
10823,10829
10823,10834
10823,10837
10823,10840
10823,10841
10823,10843
10823,10845
10823,11496
10837,10865
10837,10898
10837,10914
10837,10924
10837,10941
10837,10957
10837,10965
10837,20595
10837,18261
10837,19983
10837,10810
10837,10815
10837,10822
10837,10824
10837,10828
10837,10829
10837,10840
10837,10841
10837,10843
10837,10845
10837,10846
10837,10847
10837,10850
10837,10851
10837,10852
10837,18294
10865,10886
10865,10887
10865,10898
10865,10914
10865,10924
10865,10941
10865,10957
10865,10965
10865,10969
10865,13588
10865,10843
10865,10845
10865,10847
10865,10850
10865,10852
10865,10855
10865,10861
10865,10870
10865,10871
10865,10874
10865,10875
10865,10880
10865,10889
10865,10890
10865,21455
10865,20090
10886,10887
10886,10898
10886,10914
10886,10924
10886,10941
10886,10957
10886,10965
10886,10969
10886,10976
10886,14516
10886,10855
10886,10861
10886,10870
10886,10871
10886,10874
10886,10875
10886,10880
10886,10889
10886,10890
10886,10895
10886,10904
10886,10907
10886,10916
10886,15904
10887,10941
10887,10957
10887,10965
10887,10969
10887,10976
10887,17315
10887,11931
10887,11349
10887,13177
10887,27437
10887,10855
10887,10861
10887,10870
10887,10871
10887,10874
10887,10875
10887,10880
10887,10889
10887,10890
10887,10895
10887,10898
10887,10904
10887,10914
10887,10916
10887,10924
10887,23416
10898,10914
10898,10924
10898,10941
10898,10957
10898,10965
10898,10969
10898,10976
10898,10977
10898,10980
10898,17911
10898,21322
10898,20244
10898,10871
10898,10874
10898,10875
10898,10889
10898,10890
10898,10895
10898,10904
10898,10907
10898,10916
10898,10937
10898,10946
10898,10950
10914,10924
10914,10941
10914,10957
10914,10965
10914,10976
10914,10977
10914,11008
10914,12393
10914,21419
10914,25174
10914,20618
10914,16306
10914,10904
10914,23605
10914,10880
10914,10889
10914,10890
10914,10895
10914,10907
10914,10916
10914,10950
10914,10960
10914,16151
10914,24047
10924,10941
10924,10957
10924,10965
10924,10976
10924,10977
10924,10980
10924,11008
10924,11009
10924,25179
10924,19209
10924,24803
10924,10890
10924,10895
10924,10904
10924,10916
10924,10937
10924,10946
10924,10950
10924,10969
10924,10970
10924,13481
10941,10957
10941,10965
10941,10976
10941,10977
10941,10980
10941,11009
10941,11010
10941,24319
10941,27226
10941,10890
10941,10895
10941,10904
10941,10907
10941,10916
10941,10937
10941,10946
10941,10950
10941,10960
10941,10969
10941,10970
10941,10975
10957,10965
10957,10969
10957,10976
10957,10977
10957,10980
10957,11008
10957,11010
10957,15257
10957,15588
10957,23343
10957,26645
10957,10904
10957,10907
10957,10916
10957,10937
10957,10946
10957,10950
10957,10960
10957,10970
10957,10975
10957,10979
10957,20943
10965,10969
10965,10976
10965,10977
10965,10980
10965,11009
10965,11010
10965,11016
10965,16926
10965,14041
10965,10937
10965,10946
10965,10950
10965,10960
10965,10970
10965,10975
10965,10979
10965,10982
10965,10983
10969,10976
10969,10977
10969,10980
10969,11008
10969,11009
10969,11010
10969,11016
10969,11056
10969,24009
10969,25152
10969,10916
10969,10937
10969,10946
10969,10950
10969,10960
10969,10970
10969,10975
10969,10979
10969,10988
10969,14925
10976,10977
10976,10980
10976,11008
10976,11009
10976,11010
10976,11056
10976,11061
10976,22222
10976,26949
10976,9229
10976,10946
10976,10950
10976,10960
10976,10970
10976,10975
10976,10979
10976,10982
10976,10983
10976,10990
10976,10992
10976,11004
10976,23707
10977,10980
10977,11008
10977,11009
10977,11010
10977,11016
10977,11034
10977,11056
10977,11061
10977,11065
10977,11735
10977,8619
10977,10946
10977,10950
10977,10960
10977,10970
10977,10975
10977,10979
10977,10982
10977,10983
10977,10988
10977,10990
10977,10992
10977,11004
10977,13267
10980,11008
10980,11009
10980,11010
10980,11016
10980,11034
10980,11056
10980,11065
10980,11113
10980,25508
10980,14794
10980,10960
10980,10970
10980,10975
10980,10979
10980,10982
10980,10983
10980,10988
10980,10990
10980,10992
10980,11004
11008,11010
11008,11016
11008,11034
11008,11056
11008,11065
11008,11113
11008,11141
11008,9641
11008,17591
11008,10979
11008,10982
11008,10983
11008,10988
11008,10990
11008,10992
11008,11004
11008,11009
11008,11011
11008,11014
11008,11019
11008,11021
11008,11024
11008,11027
11009,11010
11009,11016
11009,11034
11009,11056
11009,11061
11009,11065
11009,11113
11009,11141
11009,11144
11009,26328
11009,16210
11009,10979
11009,10982
11009,10983
11009,10988
11009,10990
11009,10992
11009,11004
11009,11011
11009,11014
11009,11019
11009,11021
11009,11024
11009,11027
11009,12183
11009,18786
11010,11016
11010,11034
11010,11056
11010,11061
11010,11065
11010,11113
11010,11141
11010,11144
11010,11152
11010,10982
11010,10983
11010,10988
11010,10990
11010,10992
11010,11004
11010,11011
11010,11014
11010,11019
11010,11021
11010,11027
11010,11039
11010,25347
11016,11056
11016,11065
11016,11113
11016,11141
11016,11144
11016,11152
11016,11189
11016,11254
11016,14433
11016,14194
11016,19201
11016,10988
11016,10990
11016,10992
11016,11004
11016,11011
11016,11014
11016,11019
11016,11021
11016,11024
11016,11027
11016,11034
11016,11039
11016,11041
11016,11043
11016,11044
11034,11056
11034,11061
11034,11065
11034,11113
11034,11144
11034,11152
11034,11189
11034,11190
11034,11011
11034,11014
11034,11021
11034,11024
11034,11027
11034,11039
11034,11041
11034,11043
11034,11044
11034,11050
11034,11053
11034,11058
11034,22746
11056,11141
11056,11144
11056,11152
11056,11189
11056,11190
11056,11202
11056,13953
11056,15418
11056,11444
11056,11027
11056,11039
11056,11041
11056,11043
11056,11044
11056,11047
11056,11053
11056,11058
11056,11060
11056,11061
11056,11064
11056,11065
11056,11066
11056,11067
11056,17153
11056,12723
11061,11113
11061,11141
11061,11144
11061,11152
11061,11189
11061,11190
11061,11202
11061,11203
11061,19844
11061,24049
11061,11041
11061,11043
11061,11044
11061,11047
11061,11050
11061,11053
11061,11058
11061,11060
11061,11064
11061,11065
11061,11066
11061,11067
11061,11073
11061,11092
11061,11099
11061,11106
11061,11107
11065,11141
11065,11144
11065,11152
11065,11189
11065,11190
11065,11202
11065,11203
11065,11254
11065,25686
11065,12728
11065,17532
11065,11047
11065,11050
11065,11053
11065,11058
11065,11060
11065,11067
11065,11073
11065,11092
11065,11099
11065,11107
11065,11112
11065,11113
11065,18816
11113,11141
11113,11144
11113,11152
11113,11189
11113,11190
11113,11202
11113,11286
11113,26993
11113,25390
11113,12325
11113,9890
11113,11066
11113,11067
11113,11073
11113,11092
11113,11099
11113,11106
11113,11107
11113,11112
11113,11114
11113,11145
11113,11150
11113,11151
11113,11153
11113,12401
11141,11144
11141,11152
11141,11189
11141,11190
11141,11202
11141,11203
11141,11254
11141,11286
11141,11289
11141,25840
11141,18149
11141,11073
11141,11092
11141,11099
11141,11106
11141,11107
11141,11112
11141,11130
11141,11145
11141,11150
11141,11153
11141,11154
11141,11155
11141,11165
11141,19249
11141,27182
11141,19980
11144,11189
11144,11190
11144,11203
11144,11254
11144,11286
11144,11289
11144,11301
11144,18859
11144,16467
11144,25892
11144,11092
11144,11106
11144,11107
11144,11112
11144,11114
11144,11145
11144,11150
11144,11151
11144,11152
11144,11153
11144,11154
11144,11167
11152,11189
11152,11190
11152,11203
11152,11254
11152,11286
11152,11289
11152,11301
11152,11307
11152,20447
11152,25892
11152,11112
11152,11114
11152,11130
11152,11145
11152,11150
11152,11151
11152,11153
11152,11155
11152,11165
11152,11167
11152,11170
11152,11176
11152,11177
11152,14845
11152,21837
11189,11190
11189,11202
11189,11203
11189,11254
11189,11286
11189,11289
11189,11301
11189,11307
11189,11314
11189,8624
11189,9508
11189,11155
11189,11165
11189,11167
11189,11169
11189,11170
11189,11176
11189,11177
11189,11185
11189,11196
11189,11210
11189,11214
11189,11216
11189,11222
11189,24119
11189,22407
11190,11202
11190,11203
11190,11254
11190,11286
11190,11289
11190,11301
11190,11307
11190,11314
11190,11323
11190,20046
11190,27190
11190,11165
11190,11167
11190,11169
11190,11170
11190,11176
11190,11184
11190,11185
11190,11196
11190,11199
11190,11210
11190,11214
11190,11216
11190,11222
11190,11225
11202,11203
11202,11254
11202,11286
11202,11289
11202,11301
11202,11307
11202,11314
11202,11323
11202,11335
11202,24096
11202,16850
11202,24261
11202,24009
11202,11170
11202,11176
11202,11177
11202,11184
11202,11185
11202,11196
11202,11199
11202,11210
11202,11214
11202,11216
11202,11222
11202,11225
11202,11226
11202,11227
11202,11228
11202,20550
11202,25359
11203,11254
11203,11286
11203,11289
11203,11301
11203,11307
11203,11314
11203,11323
11203,11349
11203,26327
11203,22221
11203,11176
11203,11177
11203,11184
11203,11185
11203,11199
11203,11210
11203,11222
11203,11225
11203,11226
11203,11227
11203,11228
11203,11230
11203,19328
11203,25780
11254,11286
11254,11289
11254,11301
11254,11314
11254,11323
11254,11335
11254,11349
11254,11354
11254,27071
11254,26288
11254,11228
11254,11230
11254,11231
11254,11233
11254,11236
11254,11245
11254,11246
11254,11247
11254,11248
11254,11255
11254,11260
11254,11263
11254,11270
11254,11273
11254,11277
11254,14680
11286,11289
11286,11301
11286,11307
11286,11314
11286,11323
11286,11335
11286,11349
11286,11359
11286,27000
11286,17209
11286,11248
11286,11255
11286,11257
11286,11260
11286,11263
11286,11270
11286,11273
11286,11277
11286,11300
11286,11311
11286,11316
11286,11320
11286,20075
11286,17591
11286,14536
11289,11301
11289,11307
11289,11314
11289,11323
11289,11335
11289,11349
11289,11354
11289,11359
11289,11360
11289,9915
11289,11255
11289,11257
11289,11270
11289,11273
11289,11277
11289,11300
11289,11311
11289,11316
11289,11318
11289,11320
11289,14349
11301,11307
11301,11314
11301,11323
11301,11335
11301,11349
11301,11354
11301,11360
11301,11365
11301,13215
11301,9310
11301,11257
11301,11260
11301,11263
11301,11270
11301,11273
11301,11277
11301,11300
11301,11311
11301,11316
11301,11318
11301,11320
11301,11324
11301,11333
11307,11314
11307,11323
11307,11349
11307,11354
11307,11359
11307,11360
11307,11365
11307,11379
11307,7925
11307,11260
11307,11270
11307,11273
11307,11300
11307,11311
11307,11318
11307,11320
11307,11324
11307,11333
11307,11335
11307,27310
11314,11323
11314,11335
11314,11349
11314,11354
11314,11359
11314,11360
11314,11365
11314,11379
11314,11396
11314,13481
11314,11270
11314,11273
11314,11277
11314,11300
11314,11311
11314,11316
11314,11324
11314,11340
11314,11345
11314,26333
11323,11335
11323,11349
11323,11354
11323,11359
11323,11360
11323,11379
11323,18783
11323,22551
11323,14915
11323,11300
11323,11311
11323,11316
11323,11318
11323,11320
11323,11324
11323,11333
11323,11340
11323,11345
11323,17964
11335,11349
11335,11354
11335,11359
11335,11360
11335,11365
11335,11379
11335,11396
11335,11436
11335,26776
11335,25660
11335,11311
11335,11316
11335,11318
11335,11320
11335,11324
11335,11333
11335,11340
11335,11345
11335,11352
11335,11362
11335,20422
11335,20258
11349,11354
11349,11359
11349,11360
11349,11365
11349,11379
11349,11396
11349,11412
11349,11436
11349,11454
11349,23080
11349,12723
11349,11316
11349,11318
11349,11320
11349,11324
11349,11333
11349,11340
11349,11345
11349,11352
11349,11364
11349,11372
11349,12587
11349,15679
11349,13223
11354,11359
11354,11360
11354,11365
11354,11396
11354,11412
11354,11436
11354,11463
11354,27224
11354,25121
11354,11320
11354,11333
11354,11340
11354,11345
11354,11352
11354,11362
11354,11372
11354,11379
11354,11386
11354,11389
11354,17230
11359,11360
11359,11365
11359,11379
11359,11396
11359,11412
11359,11436
11359,11454
11359,11463
11359,11470
11359,14827
11359,20490
11359,24052
11359,11324
11359,11333
11359,11340
11359,11352
11359,11362
11359,11372
11359,11386
11359,11389
11359,11394
11359,27097
11360,11365
11360,11379
11360,11396
11360,11412
11360,11436
11360,11454
11360,11463
11360,11470
11360,11480
11360,11324
11360,11333
11360,11340
11360,11352
11360,11362
11360,11364
11360,11372
11360,11386
11360,11389
11360,11394
11360,23494
11360,26164
11365,11396
11365,11412
11365,11436
11365,11454
11365,11463
11365,11470
11365,11480
11365,11485
11365,26243
11365,21655
11365,23859
11365,11340
11365,11345
11365,11352
11365,11362
11365,11364
11365,11372
11365,11379
11365,11386
11365,11389
11365,11394
11365,11407
11365,11418
11365,15520
11365,12429
11379,11396
11379,11412
11379,11436
11379,11454
11379,11463
11379,11470
11379,11480
11379,11485
11379,11498
11379,17603
11379,9058
11379,11352
11379,11362
11379,11364
11379,11372
11379,11386
11379,11389
11379,11407
11379,11418
11379,11431
11379,11432
11379,19891
11396,11412
11396,11436
11396,11454
11396,11463
11396,11470
11396,11485
11396,11498
11396,11502
11396,23402
11396,24426
11396,11362
11396,11364
11396,11372
11396,11386
11396,11389
11396,11394
11396,11407
11396,11418
11396,11431
11396,11432
11396,11433
11396,11438
11396,11442
11396,24040
11412,11436
11412,11454
11412,11463
11412,11470
11412,11480
11412,11485
11412,11498
11412,11502
11412,11522
11412,12571
11412,11364
11412,11372
11412,11386
11412,11389
11412,11394
11412,11407
11412,11418
11412,11431
11412,11432
11412,11433
11412,11438
11412,11442
11412,11444
11412,11445
11412,18426
11412,23538
11436,11454
11436,11463
11436,11470
11436,11480
11436,11485
11436,11498
11436,11502
11436,11527
11436,8672
11436,13574
11436,11389
11436,11394
11436,11407
11436,11418
11436,11432
11436,11438
11436,11442
11436,11444
11436,11445
11436,11447
11436,11450
11436,11459
11436,14520
11454,11463
11454,11470
11454,11498
11454,11522
11454,11527
11454,11529
11454,23822
11454,24131
11454,7727
11454,17274
11454,10700
11454,11432
11454,11433
11454,11438
11454,11444
11454,11445
11454,11447
11454,11450
11454,11459
11454,11465
11454,11483
11454,11485
11454,11494
11454,19341
11454,16779
11463,11470
11463,11480
11463,11485
11463,11498
11463,11502
11463,11522
11463,11527
11463,11529
11463,11534
11463,11438
11463,11442
11463,11444
11463,11445
11463,11447
11463,11450
11463,11457
11463,11459
11463,11465
11463,11483
11463,11494
11463,11496
11463,11497
11463,13163
11470,11480
11470,11485
11470,11498
11470,11502
11470,11522
11470,11527
11470,11529
11470,11534
11470,11538
11470,26544
11470,11444
11470,11445
11470,11447
11470,11450
11470,11457
11470,11459
11470,11465
11470,11483
11470,11494
11470,11496
11470,11497
11470,11513
11480,11485
11480,11498
11480,11502
11480,11522
11480,11527
11480,11534
11480,11538
11480,25317
11480,15503
11480,13481
11480,15244
11480,11445
11480,11447
11480,11450
11480,11457
11480,11459
11480,11465
11480,11483
11480,11494
11480,11497
11480,11515
11480,21003
11480,17020
11485,11498
11485,11502
11485,11522
11485,11527
11485,11529
11485,11534
11485,11538
11485,11591
11485,11637
11485,16200
11485,11450
11485,11457
11485,11459
11485,11465
11485,11483
11485,11494
11485,11496
11485,11497
11485,11513
11485,11521
11485,17555
11485,15500
11498,11502
11498,11522
11498,11527
11498,11529
11498,11534
11498,11538
11498,11591
11498,11637
11498,11646
11498,23691
11498,11465
11498,11483
11498,11494
11498,11496
11498,11497
11498,11513
11498,11515
11498,11521
11498,11530
11498,14999
11498,25317
11502,11522
11502,11527
11502,11529
11502,11534
11502,11538
11502,11591
11502,11637
11502,11646
11502,11667
11502,8347
11502,20490
11502,13528
11502,11483
11502,11494
11502,11496
11502,11497
11502,11513
11502,11515
11502,11521
11502,11530
11522,11527
11522,11529
11522,11534
11522,11538
11522,11591
11522,11637
11522,11646
11522,11674
11522,19456
11522,9992
11522,11494
11522,11496
11522,11497
11522,11513
11522,11530
11522,11539
11522,11540
11522,11546
11522,11555
11522,21659
11527,11529
11527,11534
11527,11538
11527,11591
11527,11646
11527,11667
11527,11676
11527,12243
11527,12367
11527,12463
11527,11494
11527,11496
11527,11497
11527,11513
11527,11515
11527,11521
11527,11530
11527,11540
11527,11546
11527,11556
11527,23218
11527,20487
11527,15130
11529,11534
11529,11538
11529,11591
11529,11646
11529,11667
11529,11674
11529,11676
11529,11687
11529,16052
11529,26520
11529,11497
11529,11513
11529,11515
11529,11521
11529,11530
11529,11539
11529,11540
11529,11546
11529,11555
11529,11556
11529,11557
11529,16546
11534,11538
11534,11591
11534,11637
11534,11646
11534,11667
11534,11674
11534,11676
11534,11690
11534,25718
11534,14973
11534,11513
11534,11515
11534,11521
11534,11539
11534,11540
11534,11546
11534,11555
11534,11556
11534,11557
11534,11558
11534,11567
11538,11591
11538,11637
11538,11646
11538,11667
11538,11674
11538,11676
11538,11687
11538,11690
11538,11697
11538,8557
11538,11513
11538,11515
11538,11521
11538,11530
11538,11539
11538,11540
11538,11546
11538,11555
11538,11556
11538,11557
11538,11558
11538,11567
11538,11570
11538,13405
11591,11637
11591,11646
11591,11667
11591,11674
11591,11676
11591,11687
11591,11697
11591,11714
11591,21904
11591,11058
11591,24089
11591,11556
11591,11557
11591,11567
11591,11570
11591,11578
11591,11583
11591,11589
11591,11590
11591,11592
11591,11596
11591,11600
11591,11601
11591,11603
11591,11605
11591,25982
11591,17436
11637,11646
11637,11667
11637,11687
11637,11690
11637,11697
11637,11719
11637,21030
11637,15216
11637,12883
11637,10010
11637,11598
11637,11600
11637,11601
11637,11603
11637,11605
11637,11617
11637,11620
11637,11621
11637,11628
11637,11638
11637,11642
11637,11649
11637,11652
11637,11654
11646,11667
11646,11674
11646,11676
11646,11687
11646,11690
11646,11697
11646,11714
11646,11719
11646,11735
11646,11603
11646,11605
11646,11617
11646,11620
11646,11621
11646,11628
11646,11638
11646,11649
11646,11652
11646,11653
11646,11669
11646,11675
11646,18919
11667,11674
11667,11676
11667,11687
11667,11690
11667,11697
11667,11714
11667,11719
11667,11735
11667,11750
11667,11628
11667,11638
11667,11642
11667,11649
11667,11652
11667,11653
11667,11654
11667,11669
11667,11675
11667,11681
11667,11684
11667,11688
11667,18643
11674,11676
11674,11687
11674,11690
11674,11697
11674,11714
11674,11719
11674,11735
11674,11754
11674,23253
11674,8209
11674,11638
11674,11642
11674,11649
11674,11652
11674,11653
11674,11654
11674,11669
11674,11675
11674,11681
11674,11684
11674,11688
11674,11694
11674,11696
11676,11687
11676,11690
11676,11697
11676,11714
11676,11719
11676,11735
11676,11750
11676,11758
11676,17704
11676,12651
11676,11649
11676,11652
11676,11653
11676,11654
11676,11669
11676,11681
11676,11684
11676,11688
11676,11694
11676,11696
11676,11700
11687,11697
11687,11714
11687,11735
11687,11750
11687,11754
11687,11764
11687,21877
11687,7966
11687,14410
11687,10846
11687,11653
11687,11654
11687,11669
11687,11675
11687,11681
11687,11684
11687,11688
11687,11690
11687,11694
11687,11700
11687,11708
11687,25499
11690,11697
11690,11719
11690,11735
11690,11754
11690,11758
11690,11764
11690,11776
11690,20655
11690,10688
11690,10699
11690,19544
11690,11669
11690,11675
11690,11681
11690,11684
11690,11688
11690,11694
11690,11696
11690,11700
11690,11702
11690,11703
11690,11708
11690,11709
11690,11710
11697,11714
11697,11735
11697,11750
11697,11754
11697,11758
11697,11764
11697,11776
11697,11780
11697,17011
11697,11681
11697,11684
11697,11688
11697,11694
11697,11696
11697,11700
11697,11702
11697,11703
11697,11708
11697,11709
11697,11710
11697,11711
11697,11713
11697,23644
11697,26328
11714,11719
11714,11735
11714,11750
11714,11754
11714,11758
11714,11764
11714,11776
11714,11780
11714,11800
11714,13367
11714,27263
11714,25459
11714,11700
11714,11702
11714,11703
11714,11708
11714,11709
11714,11710
11714,11711
11714,11713
11714,11716
11714,11722
11714,11724
11714,11726
11714,11730
11714,11731
11714,11733
11714,21304
11719,11735
11719,11754
11719,11758
11719,11764
11719,11776
11719,11780
11719,11800
11719,11819
11719,21034
11719,11702
11719,11708
11719,11709
11719,11710
11719,11711
11719,11713
11719,11716
11719,11722
11719,11724
11719,11726
11719,11730
11719,11731
11719,11733
11719,11740
11719,11741
11735,11750
11735,11754
11735,11758
11735,11764
11735,11776
11735,11780
11735,11800
11735,11819
11735,15520
11735,14234
11735,11716
11735,11722
11735,11724
11735,11726
11735,11730
11735,11731
11735,11733
11735,11740
11735,11741
11735,11742
11735,11744
11735,11745
11735,11749
11750,11754
11750,11758
11750,11764
11750,11776
11750,11780
11750,11800
11750,11819
11750,11846
11750,11873
11750,11733
11750,11741
11750,11743
11750,11744
11750,11745
11750,11749
11750,11759
11750,11787
11750,11788
11750,17625
11750,19290
11754,11758
11754,11764
11754,11776
11754,11780
11754,11800
11754,11819
11754,11846
11754,11873
11754,11877
11754,11740
11754,11741
11754,11742
11754,11743
11754,11744
11754,11745
11754,11749
11754,11759
11754,11767
11754,11787
11754,11788
11754,11797
11754,22394
11754,21880
11754,22321
11758,11764
11758,11776
11758,11780
11758,11800
11758,11819
11758,11846
11758,11873
11758,11877
11758,11905
11758,16869
11758,11740
11758,11741
11758,11742
11758,11743
11758,11744
11758,11745
11758,11749
11758,11759
11758,11767
11758,11787
11758,11788
11758,24080
11758,13138
11764,11776
11764,11780
11764,11800
11764,11819
11764,11846
11764,11873
11764,11877
11764,11931
11764,27257
11764,20734
11764,18664
11764,11742
11764,11744
11764,11745
11764,11749
11764,11759
11764,11767
11764,11788
11764,11797
11764,11801
11764,11802
11764,27200
11764,19600
11776,11780
11776,11800
11776,11819
11776,11846
11776,11873
11776,11877
11776,11905
11776,11931
11776,11938
11776,19960
11776,11744
11776,11745
11776,11759
11776,11767
11776,11787
11776,11788
11776,11797
11776,11801
11776,11802
11776,23605
11780,11800
11780,11819
11780,11846
11780,11873
11780,11877
11780,11905
11780,11931
11780,11938
11780,11942
11780,11745
11780,11749
11780,11759
11780,11787
11780,11788
11780,11797
11780,11801
11780,11802
11780,11810
11780,11823
11800,11846
11800,11873
11800,11877
11800,11905
11800,11931
11800,11942
11800,11988
11800,16436
11800,10493
11800,11759
11800,11767
11800,11787
11800,11788
11800,11797
11800,11801
11800,11802
11800,11810
11800,11819
11800,11823
11800,11829
11800,11831
11800,11841
11800,11844
11800,18487
11819,11846
11819,11873
11819,11877
11819,11905
11819,11931
11819,11938
11819,11942
11819,11988
11819,11990
11819,13809
11819,11787
11819,11788
11819,11797
11819,11801
11819,11802
11819,11810
11819,11823
11819,11829
11819,11831
11819,11841
11819,11844
11819,11845
11819,11850
11819,11854
11846,11873
11846,11905
11846,11931
11846,11942
11846,11988
11846,11990
11846,11993
11846,20710
11846,22965
11846,11802
11846,11810
11846,11829
11846,11831
11846,11841
11846,11844
11846,11850
11846,11854
11846,11858
11846,11860
11846,11864
11846,11869
11846,11875
11846,11877
11873,11877
11873,11905
11873,11931
11873,11938
11873,11942
11873,11988
11873,11990
11873,11993
11873,12000
11873,21116
11873,25080
11873,11844
11873,11845
11873,11854
11873,11858
11873,11860
11873,11864
11873,11869
11873,11875
11873,11880
11873,11882
11873,11884
11873,11886
11873,11890
11873,11892
11873,11893
11877,11905
11877,11931
11877,11938
11877,11942
11877,11988
11877,11990
11877,11993
11877,12000
11877,12003
11877,14925
11877,11850
11877,11854
11877,11858
11877,11860
11877,11864
11877,11875
11877,11880
11877,11882
11877,11886
11877,11890
11877,11892
11877,11893
11877,11896
11877,11901
11905,11931
11905,11942
11905,11988
11905,11990
11905,11993
11905,21961
11905,22446
11905,15261
11905,24856
11905,21526
11905,19172
11905,11886
11905,11890
11905,11892
11905,11893
11905,11896
11905,11901
11905,11904
11905,11909
11905,11913
11905,11914
11905,11925
11905,11933
11905,11937
11905,22885
11905,26645
11905,19143
11931,11942
11931,11988
11931,11990
11931,11993
11931,12000
11931,12003
11931,12005
11931,12032
11931,11896
11931,11901
11931,11904
11931,11909
11931,11913
11931,11914
11931,11925
11931,11932
11931,11933
11931,11937
11931,11953
11931,11957
11931,22214
11931,17494
11938,11942
11938,11988
11938,11990
11938,12000
11938,12003
11938,12005
11938,12032
11938,12058
11938,17792
11938,25231
11938,17295
11938,11909
11938,11913
11938,11914
11938,11925
11938,11932
11938,11933
11938,11936
11938,11937
11938,11950
11938,11953
11938,11957
11938,11959
11938,11961
11938,11962
11938,11963
11938,11964
11938,16996
11942,11988
11942,11990
11942,11993
11942,12000
11942,12003
11942,12005
11942,12032
11942,12058
11942,12063
11942,9712
11942,14234
11942,11914
11942,11925
11942,11933
11942,11936
11942,11937
11942,11950
11942,11953
11942,11957
11942,11959
11942,11961
11942,11962
11942,11963
11942,11964
11942,21350
11942,25796
11988,11990
11988,11993
11988,12000
11988,12005
11988,12032
11988,12058
11988,12063
11988,21106
11988,13819
11988,11959
11988,11961
11988,11962
11988,11963
11988,11964
11988,11965
11988,11975
11988,11976
11988,11987
11988,11991
11988,12001
11988,12003
11988,17439
11988,17335
11990,11993
11990,12000
11990,12003
11990,12005
11990,12032
11990,12058
11990,12063
11990,12083
11990,12084
11990,19809
11990,9316
11990,11961
11990,11962
11990,11963
11990,11964
11990,11965
11990,11975
11990,11976
11990,11987
11990,11991
11990,11994
11990,11997
11990,12001
11990,12008
11990,15918
11990,12231
11990,14483
11993,12000
11993,12003
11993,12005
11993,12058
11993,12063
11993,12083
11993,12084
11993,12108
11993,10889
11993,11963
11993,11964
11993,11965
11993,11975
11993,11976
11993,11987
11993,11991
11993,11994
11993,11997
11993,12001
11993,12012
11993,12021
11993,25161
12000,12003
12000,12005
12000,12032
12000,12058
12000,12063
12000,12083
12000,12084
12000,12108
12000,12110
12000,23355
12000,20747
12000,11975
12000,11976
12000,11987
12000,11991
12000,11997
12000,12001
12000,12008
12000,12012
12000,12021
12000,12024
12000,12025
12000,13891
12000,26327
12003,12005
12003,12032
12003,12058
12003,12063
12003,12083
12003,12084
12003,12108
12003,12110
12003,12122
12003,23343
12003,11987
12003,11991
12003,11997
12003,12001
12003,12008
12003,12012
12003,12021
12003,12024
12003,12036
12003,12038
12003,14204
12005,12032
12005,12058
12005,12063
12005,12083
12005,12084
12005,12108
12005,12110
12005,12122
12005,15354
12005,10975
12005,11991
12005,11994
12005,11997
12005,12001
12005,12012
12005,12021
12005,12024
12005,12025
12005,12036
12005,12038
12005,12048
12005,27210
12005,20980
12032,12058
12032,12083
12032,12084
12032,12108
12032,12110
12032,12122
12032,12151
12032,26284
12032,14669
12032,18569
12032,12001
12032,12012
12032,12021
12032,12024
12032,12025
12032,12036
12032,12038
12032,12048
12032,12051
12032,12060
12032,12063
12032,12067
12032,25045
12058,12063
12058,12083
12058,12108
12058,12110
12058,12122
12058,12146
12058,12151
12058,8367
12058,22303
12058,12012
12058,12021
12058,12024
12058,12036
12058,12038
12058,12048
12058,12051
12058,12060
12058,12067
12058,12069
12058,12076
12058,12080
12058,19620
12058,14593
12058,15348
12063,12083
12063,12084
12063,12108
12063,12110
12063,12122
12063,12151
12063,12154
12063,12181
12063,24080
12063,21850
12063,12024
12063,12025
12063,12036
12063,12048
12063,12051
12063,12060
12063,12067
12063,12069
12063,12074
12063,12076
12063,12080
12063,12103
12083,12084
12083,12108
12083,12110
12083,12122
12083,12146
12083,12151
12083,12181
12083,12182
12083,18693
12083,9317
12083,12051
12083,12060
12083,12067
12083,12069
12083,12074
12083,12076
12083,12080
12083,12103
12083,12124
12083,12126
12083,12135
12083,18375
12083,25586
12083,13063
12084,12108
12084,12110
12084,12122
12084,12146
12084,12151
12084,12154
12084,12181
12084,12182
12084,12191
12084,18280
12084,25708
12084,12060
12084,12067
12084,12069
12084,12074
12084,12076
12084,12080
12084,12103
12084,12124
12084,12126
12084,12135
12084,12137
12084,22699
12108,12110
12108,12122
12108,12146
12108,12151
12108,12154
12108,12181
12108,12182
12108,12191
12108,12209
12108,13834
12108,24229
12108,15770
12108,12067
12108,12069
12108,12074
12108,12076
12108,12080
12108,12103
12108,12124
12108,12127
12108,12135
12108,12137
12108,12139
12108,23657
12108,16646
12108,21045
12110,12122
12110,12146
12110,12154
12110,12181
12110,12182
12110,12209
12110,12213
12110,25971
12110,25482
12110,11024
12110,12067
12110,12074
12110,12076
12110,12080
12110,12103
12110,12124
12110,12126
12110,12127
12110,12137
12110,12139
12110,12149
12110,24241
12110,21767
12122,12146
12122,12151
12122,12154
12122,12181
12122,12182
12122,12191
12122,12209
12122,12213
12122,12223
12122,12069
12122,12074
12122,12076
12122,12080
12122,12124
12122,12126
12122,12127
12122,12135
12122,12137
12122,12139
12122,12149
12146,12151
12146,12181
12146,12182
12146,12191
12146,12209
12146,12213
12146,12223
12146,12241
12146,10635
12146,8281
12146,12126
12146,12127
12146,12135
12146,12137
12146,12139
12146,12149
12146,12154
12146,12158
12146,12166
12146,12167
12146,12171
12146,12180
12151,12154
12151,12181
12151,12182
12151,12209
12151,12213
12151,12223
12151,12241
12151,12248
12151,17548
12151,12124
12151,12126
12151,12127
12151,12135
12151,12139
12151,12149
12151,12158
12151,12166
12151,12167
12151,12171
12151,12179
12154,12191
12154,12209
12154,12213
12154,12223
12154,12241
12154,12248
12154,12265
12154,8237
12154,20927
12154,15261
12154,18003
12154,12124
12154,12126
12154,12127
12154,12137
12154,12139
12154,12149
12154,12158
12154,12166
12154,12167
12154,12171
12154,12179
12154,12180
12154,12181
12154,12182
12154,12183
12181,12182
12181,12191
12181,12213
12181,12223
12181,12241
12181,12248
12181,12265
12181,12291
12181,15867
12181,11583
12181,12149
12181,12158
12181,12166
12181,12167
12181,12171
12181,12179
12181,12180
12181,12183
12181,12187
12181,12201
12181,12208
12181,12209
12181,12211
12182,12191
12182,12209
12182,12213
12182,12223
12182,12241
12182,12248
12182,12265
12182,12291
12182,12293
12182,9309
12182,20472
12182,23602
12182,12158
12182,12166
12182,12167
12182,12171
12182,12179
12182,12180
12182,12183
12182,12187
12182,12201
12182,12208
12182,12211
12191,12209
12191,12213
12191,12223
12191,12241
12191,12248
12191,12265
12191,12291
12191,12293
12191,12309
12191,21764
12191,25952
12191,25576
12191,8476
12191,12166
12191,12167
12191,12171
12191,12179
12191,12180
12191,12183
12191,12187
12191,12201
12191,12208
12191,12211
12191,12227
12191,12231
12191,25273
12209,12213
12209,12223
12209,12248
12209,12265
12209,12291
12209,12293
12209,12309
12209,19349
12209,20495
12209,14973
12209,13183
12209,12180
12209,12187
12209,12201
12209,12208
12209,12211
12209,12224
12209,12227
12209,12232
12209,12234
12209,15500
12213,12223
12213,12241
12213,12248
12213,12291
12213,12293
12213,12309
12213,12325
12213,12331
12213,26419
12213,12183
12213,12187
12213,12201
12213,12208
12213,12211
12213,12224
12213,12227
12213,12231
12213,12232
12213,12234
12213,12243
12213,23145
12213,25191
12213,26150
12223,12241
12223,12248
12223,12265
12223,12293
12223,12309
12223,12325
12223,12331
12223,12359
12223,24866
12223,12183
12223,12187
12223,12201
12223,12208
12223,12211
12223,12224
12223,12227
12223,12231
12223,12232
12223,12234
12223,12257
12223,25228
12223,14426
12241,12248
12241,12291
12241,12293
12241,12309
12241,12325
12241,12331
12241,12359
12241,12416
12241,25312
12241,12211
12241,12224
12241,12227
12241,12231
12241,12232
12241,12234
12241,12243
12241,12257
12241,12260
12241,12265
12241,12268
12241,12281
12241,12282
12241,12284
12248,12265
12248,12291
12248,12309
12248,12325
12248,12331
12248,12359
12248,12416
12248,12431
12248,11962
12248,12224
12248,12227
12248,12231
12248,12232
12248,12243
12248,12257
12248,12268
12248,12281
12248,12282
12248,12284
12248,12290
12248,14041
12265,12291
12265,12293
12265,12309
12265,12331
12265,12359
12265,12431
12265,12445
12265,16846
12265,19194
12265,25983
12265,15340
12265,18461
12265,12227
12265,12231
12265,12232
12265,12234
12265,12243
12265,12257
12265,12268
12265,12281
12265,12282
12265,12284
12265,12289
12265,12290
12265,12294
12291,12293
12291,12309
12291,12331
12291,12416
12291,12431
12291,12445
12291,12446
12291,23322
12291,22166
12291,8329
12291,12257
12291,12268
12291,12281
12291,12282
12291,12284
12291,12290
12291,12294
12291,12297
12291,12301
12291,12312
12291,12318
12291,12325
12291,16780
12293,12309
12293,12325
12293,12331
12293,12359
12293,12416
12293,12431
12293,12445
12293,12446
12293,12455
12293,11997
12293,12260
12293,12268
12293,12281
12293,12282
12293,12289
12293,12290
12293,12294
12293,12297
12293,12301
12293,12312
12293,12315
12293,12318
12293,12326
12309,12331
12309,12359
12309,12416
12309,12431
12309,12445
12309,12446
12309,12455
12309,12485
12309,14669
12309,12643
12309,12282
12309,12284
12309,12290
12309,12294
12309,12297
12309,12301
12309,12312
12309,12315
12309,12318
12309,12325
12309,12326
12309,12327
12309,12336
12309,12337
12309,26733
12325,12331
12325,12359
12325,12416
12325,12431
12325,12445
12325,12446
12325,12455
12325,12485
12325,12486
12325,27190
12325,12294
12325,12297
12325,12301
12325,12312
12325,12315
12325,12318
12325,12326
12325,12327
12325,12336
12325,12337
12325,12346
12325,12347
12325,12349
12331,12359
12331,12416
12331,12431
12331,12445
12331,12446
12331,12455
12331,12485
12331,12486
12331,26176
12331,21829
12331,12301
12331,12315
12331,12318
12331,12326
12331,12327
12331,12337
12331,12346
12331,12347
12331,12349
12331,12367
12331,12372
12331,24742
12359,12431
12359,12445
12359,12446
12359,12455
12359,12485
12359,12517
12359,12518
12359,19599
12359,18702
12359,12326
12359,12327
12359,12336
12359,12346
12359,12347
12359,12349
12359,12362
12359,12367
12359,12372
12359,12375
12359,12376
12359,12378
12359,12384
12359,12390
12359,12393
12416,12431
12416,12445
12416,12446
12416,12455
12416,12485
12416,12486
12416,12517
12416,12518
12416,12542
12416,18440
12416,12375
12416,12376
12416,12378
12416,12384
12416,12390
12416,12401
12416,12404
12416,12408
12416,12418
12416,12421
12416,12429
12416,12453
12416,12457
12416,15237
12416,18808
12416,13376
12431,12446
12431,12455
12431,12485
12431,12486
12431,12517
12431,12518
12431,12542
12431,12547
12431,18280
12431,12390
12431,12393
12431,12401
12431,12404
12431,12408
12431,12418
12431,12421
12431,12429
12431,12445
12431,12453
12431,12457
12431,12458
12431,12460
12431,12463
12431,12467
12431,18428
12445,12446
12445,12455
12445,12485
12445,12486
12445,12517
12445,12518
12445,12542
12445,12547
12445,12548
12445,11058
12445,26944
12445,12393
12445,12401
12445,12404
12445,12408
12445,12418
12445,12421
12445,12429
12445,12453
12445,12457
12445,12458
12445,12460
12445,12463
12445,12467
12445,12470
12446,12455
12446,12485
12446,12486
12446,12542
12446,12547
12446,12548
12446,12567
12446,20844
12446,24040
12446,13078
12446,12401
12446,12404
12446,12408
12446,12418
12446,12421
12446,12429
12446,12453
12446,12457
12446,12458
12446,12460
12446,12463
12446,12467
12446,12470
12446,12477
12455,12485
12455,12486
12455,12517
12455,12518
12455,12542
12455,12547
12455,12548
12455,12567
12455,12571
12455,25971
12455,10157
12455,12408
12455,12418
12455,12421
12455,12429
12455,12453
12455,12457
12455,12460
12455,12467
12455,12470
12455,12477
12455,12478
12455,12479
12455,15367
12455,22309
12485,12486
12485,12517
12485,12518
12485,12542
12485,12547
12485,12548
12485,12567
12485,12572
12485,19537
12485,8977
12485,12460
12485,12463
12485,12467
12485,12470
12485,12477
12485,12478
12485,12479
12485,12484
12485,12495
12485,12497
12485,12499
12485,12500
12485,12501
12485,12504
12485,22137
12486,12517
12486,12518
12486,12542
12486,12547
12486,12548
12486,12567
12486,12571
12486,12572
12486,12585
12486,15597
12486,12463
12486,12467
12486,12477
12486,12478
12486,12479
12486,12481
12486,12484
12486,12495
12486,12497
12486,12499
12486,12501
12486,12504
12486,12522
12486,26908
12517,12518
12517,12542
12517,12547
12517,12548
12517,12571
12517,12572
12517,12585
12517,12600
12517,25994
12517,12484
12517,12495
12517,12497
12517,12499
12517,12500
12517,12504
12517,12522
12517,12523
12517,12530
12517,12533
12517,12536
12517,12544
12517,27263
12517,15244
12518,12542
12518,12547
12518,12548
12518,12567
12518,12571
12518,12572
12518,12585
12518,12600
12518,12628
12518,12495
12518,12497
12518,12499
12518,12500
12518,12501
12518,12504
12518,12522
12518,12523
12518,12533
12518,12534
12518,12536
12518,12544
12518,12546
12542,12547
12542,12548
12542,12567
12542,12571
12542,12600
12542,12628
12542,12651
12542,16275
12542,8671
12542,14609
12542,17823
12542,12504
12542,12523
12542,12530
12542,12533
12542,12534
12542,12536
12542,12544
12542,12546
12542,12556
12542,12572
12542,15130
12547,12548
12547,12567
12547,12571
12547,12572
12547,12585
12547,12600
12547,12628
12547,12651
12547,12658
12547,17845
12547,13105
12547,11107
12547,11247
12547,12522
12547,12523
12547,12530
12547,12533
12547,12534
12547,12536
12547,12544
12547,12546
12547,12552
12547,12556
12547,12574
12547,12576
12547,12580
12547,24464
12548,12567
12548,12571
12548,12572
12548,12585
12548,12600
12548,12628
12548,12651
12548,12658
12548,12663
12548,21387
12548,14764
12548,7777
12548,12523
12548,12530
12548,12533
12548,12534
12548,12536
12548,12544
12548,12546
12548,12552
12548,12556
12548,12574
12548,12576
12548,12580
12548,12584
12567,12571
12567,12572
12567,12585
12567,12600
12567,12628
12567,12651
12567,12658
12567,12663
12567,12684
12567,8769
12567,12534
12567,12536
12567,12544
12567,12546
12567,12552
12567,12556
12567,12574
12567,12576
12567,12580
12567,12591
12567,16715
12567,16362
12571,12572
12571,12600
12571,12628
12571,12651
12571,12658
12571,12663
12571,16470
12571,10597
12571,15899
12571,12536
12571,12546
12571,12552
12571,12574
12571,12576
12571,12580
12571,12584
12571,12585
12571,12587
12571,12591
12571,12594
12572,12585
12572,12600
12572,12651
12572,12684
12572,12692
12572,12723
12572,15226
12572,22111
12572,12544
12572,12546
12572,12552
12572,12556
12572,12574
12572,12576
12572,12580
12572,12587
12572,12591
12572,20987
12572,25522
12585,12600
12585,12628
12585,12651
12585,12658
12585,12684
12585,12692
12585,12735
12585,9712
12585,24167
12585,11099
12585,12723
12585,18292
12585,12552
12585,12556
12585,12574
12585,12576
12585,12580
12585,12584
12585,12591
12585,12594
12585,12610
12585,12612
12585,12613
12585,12614
12585,12618
12585,19730
12585,25279
12600,12628
12600,12651
12600,12658
12600,12663
12600,12684
12600,12692
12600,12723
12600,12755
12600,10597
12600,24684
12600,12574
12600,12576
12600,12584
12600,12587
12600,12591
12600,12594
12600,12610
12600,12612
12600,12613
12600,12614
12600,12618
12600,12623
12600,12624
12600,12643
12628,12651
12628,12663
12628,12684
12628,12692
12628,12723
12628,12735
12628,12755
12628,12768
12628,22966
12628,10042
12628,10916
12628,12594
12628,12610
12628,12612
12628,12613
12628,12614
12628,12618
12628,12623
12628,12624
12628,12643
12628,12652
12628,12655
12628,12657
12628,12658
12628,12675
12651,12658
12651,12663
12651,12684
12651,12723
12651,12735
12651,12755
12651,12768
12651,12789
12651,24611
12651,15205
12651,12612
12651,12613
12651,12614
12651,12618
12651,12623
12651,12624
12651,12643
12651,12647
12651,12652
12651,12655
12651,12657
12651,12690
12651,12692
12651,22122
12651,20701
12658,12684
12658,12692
12658,12723
12658,12735
12658,12755
12658,12768
12658,12789
12658,12813
12658,25102
12658,12894
12658,12522
12658,12623
12658,12624
12658,12643
12658,12647
12658,12652
12658,12655
12658,12657
12658,12663
12658,12675
12658,12690
12658,12697
12658,12701
12658,12706
12658,12719
12663,12684
12663,12692
12663,12723
12663,12735
12663,12755
12663,12768
12663,12789
12663,12813
12663,12817
12663,23595
12663,25695
12663,12624
12663,12643
12663,12647
12663,12652
12663,12655
12663,12657
12663,12675
12663,12690
12663,12697
12663,12719
12663,12720
12663,22395
12663,21570
12663,17677
12684,12692
12684,12723
12684,12735
12684,12755
12684,12789
12684,12813
12684,12817
12684,12834
12684,16038
12684,24897
12684,8672
12684,12643
12684,12647
12684,12652
12684,12655
12684,12657
12684,12675
12684,12690
12684,12697
12684,12701
12684,12706
12684,12720
12684,12721
12684,12722
12684,21960
12692,12723
12692,12735
12692,12755
12692,12768
12692,12789
12692,12813
12692,12817
12692,12834
12692,12855
12692,16556
12692,13506
12692,14565
12692,17061
12692,12652
12692,12657
12692,12675
12692,12690
12692,12697
12692,12701
12692,12706
12692,12719
12692,12720
12692,12721
12692,12722
12723,12735
12723,12755
12723,12768
12723,12789
12723,12817
12723,12834
12723,12855
12723,12883
12723,14850
12723,12690
12723,12697
12723,12701
12723,12706
12723,12719
12723,12720
12723,12721
12723,12722
12723,12725
12723,12728
12723,12729
12723,12741
12723,12743
12723,12745
12723,12748
12723,24825
12723,13304
12723,18683
12735,12755
12735,12768
12735,12789
12735,12813
12735,12817
12735,12834
12735,12883
12735,12891
12735,23401
12735,11675
12735,8343
12735,12706
12735,12719
12735,12720
12735,12721
12735,12725
12735,12729
12735,12740
12735,12741
12735,12743
12735,12745
12735,12748
12735,12754
12735,12763
12735,18410
12755,12789
12755,12813
12755,12817
12755,12834
12755,12855
12755,12883
12755,12891
12755,12902
12755,21098
12755,8949
12755,12728
12755,12729
12755,12740
12755,12741
12755,12743
12755,12745
12755,12748
12755,12754
12755,12763
12755,12767
12755,12768
12755,12776
12755,12779
12755,12786
12755,12791
12768,12789
12768,12813
12768,12817
12768,12834
12768,12855
12768,12902
12768,12906
12768,13741
12768,24727
12768,7691
12768,9336
12768,12740
12768,12743
12768,12745
12768,12748
12768,12763
12768,12767
12768,12772
12768,12776
12768,12779
12768,12786
12768,12791
12768,12793
12768,17802
12789,12813
12789,12817
12789,12834
12789,12855
12789,12883
12789,12902
12789,12906
12789,12909
12789,15761
12789,11724
12789,20918
12789,12754
12789,12763
12789,12767
12789,12772
12789,12776
12789,12779
12789,12786
12789,12791
12789,12793
12789,12803
12789,12810
12789,12816
12789,12822
12789,12833
12813,12817
12813,12834
12813,12855
12813,12883
12813,12891
12813,12902
12813,12906
12813,12909
12813,12912
12813,12772
12813,12776
12813,12786
12813,12791
12813,12793
12813,12803
12813,12810
12813,12816
12813,12822
12813,12833
12813,12836
12813,12839
12813,12840
12813,12844
12813,26925
12813,13652
12817,12834
12817,12855
12817,12883
12817,12891
12817,12902
12817,12906
12817,12909
12817,12912
12817,13834
12817,12741
12817,12779
12817,12786
12817,12791
12817,12803
12817,12810
12817,12816
12817,12822
12817,12833
12817,12836
12817,12839
12817,12840
12817,12844
12817,12852
12817,14483
12834,12855
12834,12883
12834,12891
12834,12906
12834,12909
12834,12912
12834,12913
12834,12922
12834,8219
12834,12791
12834,12793
12834,12803
12834,12810
12834,12816
12834,12822
12834,12833
12834,12836
12834,12839
12834,12840
12834,12844
12834,12852
12834,12857
12834,12861
12834,12863
12855,12883
12855,12891
12855,12902
12855,12906
12855,12909
12855,12913
12855,19492
12855,26179
12855,10784
12855,15368
12855,12822
12855,12833
12855,12836
12855,12839
12855,12840
12855,12844
12855,12852
12855,12857
12855,12861
12855,12863
12855,12865
12855,12874
12855,12875
12855,12879
12855,12881
12883,12891
12883,12902
12883,12906
12883,12909
12883,12912
12883,12913
12883,12922
12883,12927
12883,12946
12883,12857
12883,12861
12883,12863
12883,12865
12883,12874
12883,12875
12883,12879
12883,12881
12883,12884
12883,12889
12883,12890
12883,12901
12883,12903
12883,27147
12891,12906
12891,12912
12891,12913
12891,12922
12891,12927
12891,12946
12891,12978
12891,27025
12891,25693
12891,12865
12891,12874
12891,12879
12891,12881
12891,12884
12891,12889
12891,12890
12891,12894
12891,12901
12891,12902
12891,12903
12891,12909
12891,12910
12891,25938
12902,12906
12902,12909
12902,12912
12902,12913
12902,12922
12902,12946
12902,12982
12902,27251
12902,13123
12902,11914
12902,22813
12902,12879
12902,12881
12902,12884
12902,12889
12902,12890
12902,12901
12902,12903
12902,12910
12902,12918
12902,12924
12906,12909
12906,12912
12906,12913
12906,12922
12906,12927
12906,12946
12906,12978
12906,12982
12906,13054
12906,11316
12906,19568
12906,12884
12906,12889
12906,12894
12906,12901
12906,12903
12906,12910
12906,12918
12906,12924
12906,12934
12909,12912
12909,12913
12909,12922
12909,12927
12909,12946
12909,12978
12909,12982
12909,13054
12909,13078
12909,23497
12909,12884
12909,12889
12909,12890
12909,12894
12909,12903
12909,12910
12909,12918
12909,12924
12909,12934
12909,12936
12912,12913
12912,12927
12912,12946
12912,12978
12912,12982
12912,13054
12912,13078
12912,13082
12912,21919
12912,17492
12912,12890
12912,12901
12912,12903
12912,12910
12912,12918
12912,12924
12912,12934
12912,12936
12912,12938
12912,12939
12913,12922
12913,12927
12913,12946
12913,12982
12913,13054
12913,13078
12913,13082
12913,13085
12913,26096
12913,13503
12913,14994
12913,12894
12913,12901
12913,12903
12913,12910
12913,12918
12913,12924
12913,12934
12913,12936
12913,12938
12913,12939
12913,12941
12913,15525
12922,12927
12922,12946
12922,12978
12922,12982
12922,13054
12922,13078
12922,13082
12922,13100
12922,16116
12922,17793
12922,12901
12922,12903
12922,12910
12922,12918
12922,12924
12922,12934
12922,12936
12922,12938
12922,12939
12922,12941
12922,12944
12927,12946
12927,12978
12927,12982
12927,13054
12927,13078
12927,13082
12927,13085
12927,13100
12927,13101
12927,17893
12927,22302
12927,12903
12927,12910
12927,12918
12927,12924
12927,12934
12927,12936
12927,12938
12927,12939
12927,12941
12927,12944
12927,12950
12927,12953
12927,18949
12946,12978
12946,12982
12946,13054
12946,13078
12946,13085
12946,13100
12946,13101
12946,13102
12946,25718
12946,15783
12946,11167
12946,12924
12946,12934
12946,12936
12946,12938
12946,12941
12946,12944
12946,12950
12946,12953
12946,12956
12946,12964
12946,12976
12946,12984
12978,12982
12978,13054
12978,13078
12978,13082
12978,13085
12978,13100
12978,13101
12978,13102
12978,13126
12978,13773
12978,10895
12978,12939
12978,12941
12978,12944
12978,12950
12978,12953
12978,12956
12978,12964
12978,12976
12978,12984
12978,12991
12978,13015
12978,13018
12978,13029
12978,13033
12982,13054
12982,13078
12982,13082
12982,13085
12982,13100
12982,13101
12982,13126
12982,13159
12982,24674
12982,12941
12982,12944
12982,12950
12982,12953
12982,12956
12982,12964
12982,12976
12982,12984
12982,12991
12982,13015
12982,13018
12982,13024
12982,13029
12982,13033
12982,13043
12982,15193
12982,20750
13054,13078
13054,13082
13054,13085
13054,13100
13054,13101
13054,13102
13054,13126
13054,13183
13054,18935
13054,19871
13054,12991
13054,13015
13054,13019
13054,13024
13054,13029
13054,13033
13054,13043
13054,13052
13054,13057
13054,13063
13054,13065
13054,13068
13054,13070
13054,13073
13054,13074
13054,13080
13054,24975
13078,13082
13078,13085
13078,13100
13078,13101
13078,13102
13078,13126
13078,13159
13078,13183
13078,13205
13078,13052
13078,13065
13078,13068
13078,13070
13078,13073
13078,13074
13078,13080
13078,13081
13078,13096
13078,13098
13078,21665
13078,26552
13082,13085
13082,13100
13082,13101
13082,13102
13082,13126
13082,13159
13082,13183
13082,13205
13082,13231
13082,13065
13082,13068
13082,13070
13082,13073
13082,13074
13082,13080
13082,13081
13082,13093
13082,13096
13082,13098
13082,13105
13082,13500
13085,13100
13085,13101
13085,13102
13085,13126
13085,13159
13085,13205
13085,13231
13085,13239
13085,15569
13085,23641
13085,17795
13085,25030
13085,13065
13085,13070
13085,13073
13085,13074
13085,13080
13085,13081
13085,13093
13085,13096
13085,13098
13085,13105
13085,13109
13085,13118
13085,20014
13100,13101
13100,13102
13100,13126
13100,13159
13100,13183
13100,13205
13100,13239
13100,13240
13100,16659
13100,23235
13100,13074
13100,13080
13100,13081
13100,13093
13100,13098
13100,13105
13100,13109
13100,13121
13100,13123
13100,13137
13100,27305
13101,13102
13101,13126
13101,13159
13101,13183
13101,13205
13101,13239
13101,13240
13101,13271
13101,11494
13101,13080
13101,13093
13101,13098
13101,13105
13101,13109
13101,13118
13101,13121
13101,13123
13101,13137
13101,13138
13102,13126
13102,13159
13102,13183
13102,13205
13102,13231
13102,13239
13102,13240
13102,13271
13102,13277
13102,23283
13102,13080
13102,13081
13102,13093
13102,13096
13102,13098
13102,13109
13102,13118
13102,13121
13102,13123
13102,13137
13102,13138
13102,13142
13102,14488
13102,20040
13102,15429
13126,13159
13126,13183
13126,13205
13126,13231
13126,13239
13126,13271
13126,13277
13126,13285
13126,25509
13126,13098
13126,13105
13126,13109
13126,13118
13126,13121
13126,13137
13126,13138
13126,13142
13126,13152
13126,13156
13126,13158
13126,13162
13126,13163
13126,20046
13159,13183
13159,13205
13159,13239
13159,13240
13159,13271
13159,13277
13159,13285
13159,13287
13159,14565
13159,13121
13159,13123
13159,13137
13159,13138
13159,13142
13159,13152
13159,13156
13159,13158
13159,13162
13159,13163
13159,13165
13159,13170
13159,13172
13159,13175
13159,13177
13159,13178
13159,13181
13183,13205
13183,13231
13183,13239
13183,13240
13183,13271
13183,13277
13183,13285
13183,13287
13183,13291
13183,26205
13183,26290
13183,13162
13183,13163
13183,13165
13183,13170
13183,13172
13183,13175
13183,13177
13183,13178
13183,13181
13183,13199
13183,13201
13183,13212
13183,13215
13183,13216
13183,13217
13183,13218
13183,13223
13205,13231
13205,13239
13205,13240
13205,13271
13205,13277
13205,13285
13205,13287
13205,13291
13205,13303
13205,14148
13205,13170
13205,13172
13205,13175
13205,13181
13205,13201
13205,13212
13205,13215
13205,13216
13205,13217
13205,13218
13205,13223
13205,13228
13205,13229
13205,27102
13205,25478
13231,13239
13231,13240
13231,13271
13231,13277
13231,13285
13231,13287
13231,13291
13231,13303
13231,13324
13231,13212
13231,13215
13231,13216
13231,13217
13231,13218
13231,13223
13231,13228
13231,13229
13231,13236
13231,13238
13231,13246
13231,13248
13231,13251
13231,13257
13231,13258
13239,13240
13239,13271
13239,13285
13239,13287
13239,13291
13239,13303
13239,13324
13239,11731
13239,13043
13239,18719
13239,16769
13239,13216
13239,13217
13239,13218
13239,13223
13239,13228
13239,13229
13239,13236
13239,13238
13239,13246
13239,13248
13239,13251
13239,13257
13239,13258
13239,13267
13239,13275
13239,18492
13240,13271
13240,13277
13240,13285
13240,13287
13240,13291
13240,13303
13240,13324
13240,13329
13240,22568
13240,10473
13240,13217
13240,13218
13240,13223
13240,13228
13240,13229
13240,13236
13240,13238
13240,13246
13240,13248
13240,13251
13240,13258
13240,13267
13240,22768
13240,25000
13271,13277
13271,13285
13271,13291
13271,13324
13271,13330
13271,13339
13271,17703
13271,20215
13271,19705
13271,13238
13271,13246
13271,13248
13271,13251
13271,13257
13271,13258
13271,13267
13271,13275
13271,13278
13271,13284
13271,13286
13271,13287
13271,22966
13277,13285
13277,13287
13277,13291
13277,13303
13277,13324
13277,13329
13277,13330
13277,13339
13277,13350
13277,27400
13277,13246
13277,13251
13277,13257
13277,13267
13277,13275
13277,13278
13277,13284
13277,13286
13277,13295
13277,13302
13285,13287
13285,13291
13285,13303
13285,13329
13285,13339
13285,13350
13285,13369
13285,25772
13285,13741
13285,13251
13285,13257
13285,13258
13285,13267
13285,13275
13285,13278
13285,13284
13285,13286
13285,13295
13285,13302
13285,13304
13285,13311
13285,13314
13287,13291
13287,13303
13287,13324
13287,13329
13287,13330
13287,13339
13287,13350
13287,13369
13287,13387
13287,10907
13287,13258
13287,13275
13287,13278
13287,13284
13287,13286
13287,13295
13287,13302
13287,13311
13287,13315
13287,25568
13287,27437
13287,23632
13291,13303
13291,13324
13291,13330
13291,13339
13291,13387
13291,19950
13291,15701
13291,25460
13291,10197
13291,13267
13291,13275
13291,13278
13291,13284
13291,13286
13291,13295
13291,13302
13291,13304
13291,13311
13291,13315
13291,13329
13291,17864
13303,13324
13303,13329
13303,13330
13303,13339
13303,13350
13303,13369
13303,13387
13303,13414
13303,13419
13303,13278
13303,13284
13303,13286
13303,13302
13303,13304
13303,13311
13303,13314
13303,13315
13303,13334
13303,23435
13303,26005
13324,13330
13324,13339
13324,13350
13324,13369
13324,13387
13324,13414
13324,13419
13324,13420
13324,15556
13324,23985
13324,8756
13324,13295
13324,13302
13324,13304
13324,13311
13324,13314
13324,13315
13324,13329
13324,13334
13324,13340
13324,13342
13324,13343
13324,13348
13324,22829
13329,13330
13329,13339
13329,13350
13329,13369
13329,13414
13329,13419
13329,13420
13329,13427
13329,26908
13329,13295
13329,13302
13329,13304
13329,13311
13329,13314
13329,13315
13329,13340
13329,13342
13329,13343
13329,13348
13329,13352
13329,20319
13330,13350
13330,13369
13330,13387
13330,13414
13330,13419
13330,13420
13330,13427
13330,13430
13330,17272
13330,18461
13330,20686
13330,8290
13330,12282
13330,13295
13330,13302
13330,13304
13330,13311
13330,13314
13330,13315
13330,13334
13330,13339
13330,13340
13330,13342
13330,13343
13330,13348
13330,13356
13330,24091
13339,13350
13339,13369
13339,13387
13339,13414
13339,13419
13339,13420
13339,13427
13339,13430
13339,13431
13339,13304
13339,13311
13339,13314
13339,13315
13339,13334
13339,13342
13339,13343
13339,13348
13339,13352
13339,13356
13339,13359
13339,16372
13339,18859
13350,13369
13350,13414
13350,13419
13350,13430
13350,13431
13350,13471
13350,12754
13350,24981
13350,22872
13350,12623
13350,13334
13350,13340
13350,13342
13350,13343
13350,13348
13350,13352
13350,13356
13350,13359
13350,13360
13350,13364
13350,13367
13350,13376
13350,13379
13369,13387
13369,13414
13369,13419
13369,13420
13369,13430
13369,13471
13369,13480
13369,8341
13369,27323
13369,13063
13369,13348
13369,13352
13369,13356
13369,13359
13369,13360
13369,13364
13369,13376
13369,13379
13369,13391
13369,13392
13369,13400
13369,13401
13369,13405
13387,13414
13387,13419
13387,13420
13387,13427
13387,13430
13387,13431
13387,13471
13387,13480
13387,13490
13387,21170
13387,14122
13387,12499
13387,13356
13387,13359
13387,13360
13387,13364
13387,13367
13387,13376
13387,13379
13387,13386
13387,13391
13387,13392
13387,13400
13387,13401
13387,13405
13387,13415
13387,26914
13414,13419
13414,13420
13414,13430
13414,13431
13414,13471
13414,13480
13414,13490
13414,13492
13414,24047
13414,13483
13414,13379
13414,13386
13414,13392
13414,13400
13414,13401
13414,13405
13414,13410
13414,13415
13414,13424
13414,13427
13414,13435
13414,13448
13419,13420
13419,13427
13419,13430
13419,13431
13419,13471
13419,13480
13419,13490
13419,13492
13419,22105
13419,25359
13419,13391
13419,13392
13419,13400
13419,13401
13419,13405
13419,13410
13419,13415
13419,13424
13419,13435
13419,13448
13419,13449
13419,13454
13419,23850
13420,13427
13420,13430
13420,13431
13420,13471
13420,13480
13420,13497
13420,13503
13420,21537
13420,16780
13420,13162
13420,12460
13420,13391
13420,13392
13420,13400
13420,13401
13420,13405
13420,13415
13420,13424
13420,13435
13420,13448
13420,13449
13420,13454
13420,23072
13427,13430
13427,13431
13427,13471
13427,13480
13427,13490
13427,13492
13427,13497
13427,13503
13427,14205
13427,24397
13427,13400
13427,13401
13427,13410
13427,13415
13427,13424
13427,13435
13427,13448
13427,13449
13427,13456
13427,13457
13427,13463
13427,21760
13427,27438
13430,13431
13430,13471
13430,13480
13430,13490
13430,13492
13430,13497
13430,13503
13430,13555
13430,16971
13430,16551
13430,11953
13430,21166
13430,11364
13430,13401
13430,13405
13430,13410
13430,13415
13430,13424
13430,13448
13430,13449
13430,13454
13430,13456
13430,13457
13430,13463
13430,13464
13431,13471
13431,13480
13431,13490
13431,13492
13431,13497
13431,13503
13431,13555
13431,13574
13431,13591
13431,13792
13431,20339
13431,13405
13431,13410
13431,13415
13431,13435
13431,13448
13431,13449
13431,13454
13431,13457
13431,13463
13431,13464
13431,15952
13471,13480
13471,13490
13471,13497
13471,13503
13471,13555
13471,13574
13471,13591
13471,13600
13471,11092
13471,13435
13471,13448
13471,13449
13471,13454
13471,13456
13471,13457
13471,13463
13471,13464
13471,13472
13471,13478
13471,13483
13471,13492
13471,13494
13471,21768
13471,24182
13480,13492
13480,13497
13480,13503
13480,13555
13480,13574
13480,13600
13480,13652
13480,24774
13480,13750
13480,13449
13480,13454
13480,13456
13480,13463
13480,13464
13480,13478
13480,13481
13480,13483
13480,13490
13480,13494
13480,13498
13480,13500
13480,27336
13490,13492
13490,13497
13490,13503
13490,13555
13490,13591
13490,13600
13490,13652
13490,13660
13490,13463
13490,13464
13490,13472
13490,13478
13490,13481
13490,13483
13490,13488
13490,13494
13490,13498
13490,13500
13490,13506
13490,13508
13490,17162
13492,13497
13492,13503
13492,13555
13492,13591
13492,13600
13492,13652
13492,13660
13492,13662
13492,22428
13492,13464
13492,13472
13492,13478
13492,13481
13492,13483
13492,13488
13492,13498
13492,13500
13492,13506
13492,13508
13492,13511
13492,13513
13492,22564
13492,26503
13492,19144
13492,14806
13497,13555
13497,13574
13497,13591
13497,13600
13497,13652
13497,13662
13497,13666
13497,18921
13497,24229
13497,11044
13497,13472
13497,13478
13497,13481
13497,13483
13497,13488
13497,13494
13497,13498
13497,13500
13497,13503
13497,13506
13497,13508
13497,13511
13497,13513
13497,13515
13497,13516
13497,21054
13503,13555
13503,13574
13503,13591
13503,13600
13503,13652
13503,13660
13503,13662
13503,13666
13503,9624
13503,10140
13503,13481
13503,13483
13503,13488
13503,13498
13503,13500
13503,13508
13503,13511
13503,13513
13503,13515
13503,13516
13503,13521
13503,13524
13503,13528
13503,22115
13555,13574
13555,13591
13555,13600
13555,13652
13555,13660
13555,13662
13555,13666
13555,13678
13555,13699
13555,20499
13555,25367
13555,16359
13555,13494
13555,13521
13555,13524
13555,13531
13555,13534
13555,13541
13555,13545
13555,13547
13555,13554
13555,13566
13555,13568
13555,13577
13555,13586
13555,13588
13555,15803
13555,26552
13574,13591
13574,13600
13574,13652
13574,13660
13574,13666
13574,13678
13574,13699
13574,13725
13574,9559
13574,23728
13574,13534
13574,13541
13574,13545
13574,13547
13574,13554
13574,13559
13574,13566
13574,13568
13574,13577
13574,13580
13574,13586
13574,13588
13574,13597
13574,13612
13574,13622
13591,13600
13591,13652
13591,13660
13591,13662
13591,13678
13591,13699
13591,13725
13591,13729
13591,27219
13591,16635
13591,9451
13591,13559
13591,13566
13591,13568
13591,13577
13591,13580
13591,13588
13591,13597
13591,13612
13591,13622
13591,13623
13591,13625
13591,13629
13591,13640
13600,13652
13600,13660
13600,13662
13600,13666
13600,13725
13600,13729
13600,26787
13600,7658
13600,19393
13600,24061
13600,11438
13600,13566
13600,13568
13600,13577
13600,13580
13600,13586
13600,13597
13600,13622
13600,13623
13600,13625
13600,13627
13600,13629
13600,13640
13600,13649
13652,13660
13652,13662
13652,13666
13652,13678
13652,13699
13652,13725
13652,13729
13652,13730
13652,13732
13652,25307
13652,13622
13652,13623
13652,13627
13652,13629
13652,13640
13652,13649
13652,13670
13652,13676
13652,13677
13652,13680
13660,13662
13660,13666
13660,13678
13660,13699
13660,13725
13660,13729
13660,13730
13660,13732
13660,13739
13660,26232
13660,13612
13660,13622
13660,13623
13660,13625
13660,13627
13660,13629
13660,13640
13660,13649
13660,13670
13660,13676
13660,13677
13660,13680
13660,13682
13660,13685
13662,13666
13662,13678
13662,13699
13662,13725
13662,13729
13662,13730
13662,13732
13662,13739
13662,13740
13662,24752
13662,13622
13662,13623
13662,13625
13662,13627
13662,13629
13662,13640
13662,13649
13662,13670
13662,13676
13662,13677
13662,13680
13662,13682
13662,13685
13662,13691
13662,22660
13662,17089
13666,13678
13666,13699
13666,13725
13666,13729
13666,13730
13666,13732
13666,13739
13666,13740
13666,13741
13666,16282
13666,13623
13666,13625
13666,13640
13666,13649
13666,13670
13666,13676
13666,13677
13666,13680
13666,13682
13666,13685
13666,13691
13666,21522
13678,13699
13678,13725
13678,13729
13678,13730
13678,13732
13678,13739
13678,13740
13678,13741
13678,13745
13678,13640
13678,13649
13678,13670
13678,13676
13678,13677
13678,13680
13678,13682
13678,13685
13678,13691
13678,13706
13678,13710
13678,13711
13678,24699
13699,13725
13699,13729
13699,13730
13699,13732
13699,13739
13699,13740
13699,13741
13699,13745
13699,13757
13699,18231
13699,9750
13699,13342
13699,13670
13699,13676
13699,13677
13699,13680
13699,13682
13699,13685
13699,13705
13699,13706
13699,13710
13699,13721
13699,22168
13699,24547
13699,23422
13725,13729
13725,13730
13725,13732
13725,13739
13725,13740
13725,13741
13725,13745
13725,13757
13725,13772
13725,25997
13725,9946
13725,13685
13725,13691
13725,13705
13725,13706
13725,13710
13725,13711
13725,13717
13725,13721
13725,13731
13725,13735
13725,22989
13729,13730
13729,13732
13729,13740
13729,13745
13729,13757
13729,13772
13729,13773
13729,23179
13729,10046
13729,13691
13729,13705
13729,13706
13729,13711
13729,13717
13729,13721
13729,13731
13729,13735
13729,13739
13729,13741
13729,13750
13729,17535
13730,13739
13730,13740
13730,13741
13730,13745
13730,13757
13730,13772
13730,13773
13730,13779
13730,24695
13730,14598
13730,10393
13730,11932
13730,13680
13730,13705
13730,13706
13730,13710
13730,13711
13730,13717
13730,13721
13730,13731
13730,13732
13730,13735
13732,13739
13732,13740
13732,13741
13732,13745
13732,13757
13732,13772
13732,22345
13732,15747
13732,25509
13732,24433
13732,13706
13732,13710
13732,13711
13732,13717
13732,13721
13732,13731
13732,13735
13732,13750
13732,13755
13732,13762
13739,13740
13739,13741
13739,13745
13739,13773
13739,13779
13739,13792
13739,13809
13739,7983
13739,19177
13739,10066
13739,13711
13739,13717
13739,13721
13739,13731
13739,13750
13739,13755
13739,13757
13739,13762
13739,13764
13739,13767
13740,13741
13740,13745
13740,13757
13740,13772
13740,13779
13740,13809
13740,13817
13740,20930
13740,12938
13740,13717
13740,13721
13740,13731
13740,13735
13740,13750
13740,13755
13740,13762
13740,13764
13740,13767
13740,13768
13741,13745
13741,13757
13741,13772
13741,13773
13741,13779
13741,13792
13741,13809
13741,13817
13741,13824
13741,13721
13741,13731
13741,13735
13741,13750
13741,13755
13741,13762
13741,13764
13741,13767
13741,13768
13741,13770
13745,13757
13745,13772
13745,13773
13745,13779
13745,13792
13745,13817
13745,13824
13745,13845
13745,24167
13745,21381
13745,13731
13745,13735
13745,13750
13745,13755
13745,13762
13745,13764
13745,13767
13745,13768
13745,13770
13757,13772
13757,13773
13757,13779
13757,13792
13757,13809
13757,13817
13757,13824
13757,13845
13757,13859
13757,13731
13757,13735
13757,13755
13757,13762
13757,13764
13757,13767
13757,13768
13757,13770
13772,13773
13772,13779
13772,13792
13772,13809
13772,13817
13772,13824
13772,13845
13772,13868
13772,11438
13772,25585
13772,13750
13772,13755
13772,13764
13772,13767
13772,13768
13772,13770
13772,13780
13772,13781
13772,13783
13772,13787
13772,13798
13772,13802
13773,13792
13773,13809
13773,13817
13773,13824
13773,13845
13773,13859
13773,13868
13773,13886
13773,13750
13773,13755
13773,13762
13773,13764
13773,13767
13773,13768
13773,13770
13773,13779
13773,13780
13773,13781
13773,13783
13773,13787
13773,13798
13773,13802
13773,13808
13773,17327
13779,13809
13779,13817
13779,13824
13779,13845
13779,13859
13779,13868
13779,13886
13779,13899
13779,24347
13779,19048
13779,13755
13779,13762
13779,13764
13779,13768
13779,13770
13779,13780
13779,13781
13779,13783
13779,13787
13779,13792
13779,13798
13779,13802
13779,13808
13792,13809
13792,13817
13792,13824
13792,13845
13792,13859
13792,13868
13792,13886
13792,13899
13792,13912
13792,26733
13792,13768
13792,13770
13792,13780
13792,13781
13792,13783
13792,13787
13792,13802
13792,13808
13792,13811
13792,13819
13792,13822
13792,13823
13792,13939
13809,13817
13809,13824
13809,13845
13809,13859
13809,13868
13809,13899
13809,13912
13809,13921
13809,16385
13809,13780
13809,13781
13809,13783
13809,13787
13809,13798
13809,13802
13809,13811
13809,13822
13809,13823
13809,13829
13809,13834
13809,13841
13809,24016
13817,13824
13817,13845
13817,13859
13817,13868
13817,13886
13817,13899
13817,13912
13817,13921
13817,13952
13817,13783
13817,13787
13817,13798
13817,13802
13817,13808
13817,13811
13817,13819
13817,13822
13817,13823
13817,13829
13817,13834
13817,13841
13817,14945
13824,13845
13824,13859
13824,13868
13824,13886
13824,13899
13824,13912
13824,13921
13824,13952
13824,13953
13824,20688
13824,24884
13824,25686
13824,12336
13824,13798
13824,13802
13824,13808
13824,13811
13824,13822
13824,13829
13824,13834
13824,13841
13824,13842
13824,13847
13824,13849
13824,13853
13824,19920
13845,13859
13845,13868
13845,13886
13845,13899
13845,13912
13845,13921
13845,13952
13845,13953
13845,14006
13845,12875
13845,13819
13845,13822
13845,13823
13845,13829
13845,13834
13845,13841
13845,13842
13845,13846
13845,13847
13845,13849
13845,13853
13845,13857
13845,13862
13845,23393
13845,17205
13845,15784
13859,13868
13859,13886
13859,13899
13859,13912
13859,13952
13859,13953
13859,14006
13859,14052
13859,21537
13859,20855
13859,13841
13859,13846
13859,13847
13859,13849
13859,13853
13859,13854
13859,13857
13859,13862
13859,13875
13859,13882
13859,13890
13859,13891
13859,13892
13859,23241
13868,13886
13868,13899
13868,13921
13868,13952
13868,13953
13868,14006
13868,14052
13868,14072
13868,10784
13868,13846
13868,13847
13868,13849
13868,13853
13868,13854
13868,13857
13868,13862
13868,13875
13868,13882
13868,13883
13868,13890
13868,13891
13868,13892
13868,13897
13886,13899
13886,13912
13886,13921
13886,13952
13886,13953
13886,14006
13886,14052
13886,14072
13886,14080
13886,21230
13886,17845
13886,13853
13886,13854
13886,13857
13886,13862
13886,13875
13886,13882
13886,13883
13886,13890
13886,13891
13886,13892
13886,13897
13886,13908
13886,13918
13886,14656
13886,16500
13886,22639
13899,13912
13899,13921
13899,13952
13899,13953
13899,14052
13899,14080
13899,14084
13899,23635
13899,11185
13899,13875
13899,13882
13899,13883
13899,13890
13899,13892
13899,13908
13899,13918
13899,13924
13899,13939
13899,13943
13899,16855
13899,26110
13912,13921
13912,13952
13912,13953
13912,14006
13912,14052
13912,14072
13912,14080
13912,14084
13912,14088
13912,13882
13912,13883
13912,13890
13912,13891
13912,13892
13912,13908
13912,13918
13912,13924
13912,13926
13912,13927
13912,13943
13912,13945
13912,13946
13912,19215
13921,13952
13921,14006
13921,14052
13921,14072
13921,14080
13921,14084
13921,14088
13921,14096
13921,17443
13921,21318
13921,15795
13921,15509
13921,13890
13921,13891
13921,13892
13921,13897
13921,13908
13921,13918
13921,13924
13921,13926
13921,13927
13921,13939
13921,13943
13921,13945
13921,13953
13921,17878
13952,14006
13952,14052
13952,14080
13952,14084
13952,14088
13952,14096
13952,14100
13952,20770
13952,11864
13952,22787
13952,25246
13952,13918
13952,13924
13952,13927
13952,13939
13952,13943
13952,13945
13952,13946
13952,13953
13952,13954
13952,13960
13952,13967
13952,13968
13952,13971
13952,13972
13952,13977
13952,13978
13952,23940
13952,20361
13953,14006
13953,14052
13953,14072
13953,14080
13953,14084
13953,14088
13953,14096
13953,14100
13953,14110
13953,9229
13953,24347
13953,25993
13953,13924
13953,13926
13953,13927
13953,13939
13953,13943
13953,13945
13953,13946
13953,13954
13953,13960
13953,13967
13953,13968
13953,13972
13953,13984
13953,22912
13953,18492
14006,14072
14006,14080
14006,14084
14006,14088
14006,14096
14006,14100
14006,14110
14006,14122
14006,17890
14006,7765
14006,13968
14006,13971
14006,13972
14006,13977
14006,13978
14006,13989
14006,13992
14006,13998
14006,14013
14006,14017
14006,14032
14006,14034
14006,14038
14006,14040
14006,14041
14006,14052
14006,14062
14006,20026
14006,17960
14052,14072
14052,14084
14052,14088
14052,14096
14052,14100
14052,14110
14052,14122
14052,14132
14052,24683
14052,13998
14052,14013
14052,14017
14052,14032
14052,14034
14052,14038
14052,14040
14052,14041
14052,14062
14052,14067
14052,14069
14052,14078
14052,14080
14052,23491
14072,14080
14072,14084
14072,14088
14072,14096
14072,14100
14072,14110
14072,14122
14072,14132
14072,14134
14072,9714
14072,24774
14072,24547
14072,14032
14072,14034
14072,14038
14072,14040
14072,14041
14072,14067
14072,14069
14072,14078
14072,14106
14072,14113
14080,14084
14080,14088
14080,14096
14080,14100
14080,14110
14080,14122
14080,14132
14080,14134
14080,14135
14080,23034
14080,23324
14080,14040
14080,14041
14080,14062
14080,14067
14080,14106
14080,14113
14080,14114
14080,14115
14080,21950
14080,16052
14084,14088
14084,14096
14084,14100
14084,14110
14084,14122
14084,14132
14084,14134
14084,14135
14084,9960
14084,12618
14084,27012
14084,12910
14084,14040
14084,14041
14084,14062
14084,14067
14084,14069
14084,14078
14084,14106
14084,14113
14084,14114
14088,14096
14088,14100
14088,14110
14088,14122
14088,14132
14088,14134
14088,14135
14088,14144
14088,14146
14088,14062
14088,14067
14088,14069
14088,14078
14088,14106
14088,14113
14088,14114
14088,14115
14088,14124
14096,14100
14096,14110
14096,14122
14096,14132
14096,14134
14096,14135
14096,14144
14096,14146
14096,14147
14096,14062
14096,14067
14096,14069
14096,14078
14096,14106
14096,14113
14096,14114
14096,14115
14096,14124
14096,14130
14100,14122
14100,14132
14100,14134
14100,14135
14100,14144
14100,14146
14100,14147
14100,14148
14100,22406
14100,20821
14100,26382
14100,14062
14100,14067
14100,14069
14100,14078
14100,14106
14100,14110
14100,14113
14100,14114
14100,14115
14100,14124
14100,14130
14110,14122
14110,14135
14110,14144
14110,14146
14110,14147
14110,14148
14110,14164
14110,25551
14110,19307
14110,16040
14110,19509
14110,7805
14110,12816
14110,14069
14110,14078
14110,14106
14110,14113
14110,14130
14110,14132
14110,14134
14110,14612
14122,14132
14122,14135
14122,14144
14122,14146
14122,14147
14122,14164
14122,14211
14122,22551
14122,7874
14122,9142
14122,16492
14122,15130
14122,15273
14122,14106
14122,14113
14122,14114
14122,14115
14122,14124
14122,14130
14122,14134
14122,14141
14132,14134
14132,14135
14132,14144
14132,14146
14132,14148
14132,14211
14132,14230
14132,22444
14132,19404
14132,14106
14132,14113
14132,14114
14132,14115
14132,14124
14132,14130
14132,14141
14132,14147
14132,14149
14132,14164
14132,20922
14134,14135
14134,14144
14134,14146
14134,14147
14134,14148
14134,14211
14134,14230
14134,14234
14134,19194
14134,12393
14134,14106
14134,14114
14134,14115
14134,14124
14134,14130
14134,14141
14134,14149
14134,14171
14134,20030
14134,14680
14135,14144
14135,14146
14135,14147
14135,14148
14135,14164
14135,14211
14135,14234
14135,26009
14135,23494
14135,13073
14135,14113
14135,14114
14135,14115
14135,14130
14135,14141
14135,14149
14135,14171
14135,14172
14135,23357
14144,14146
14144,14147
14144,14148
14144,14164
14144,14211
14144,14230
14144,14234
14144,14248
14144,14255
14144,14114
14144,14115
14144,14124
14144,14130
14144,14141
14144,14149
14144,14171
14144,14172
14144,14173
14144,14178
14146,14147
14146,14148
14146,14164
14146,14211
14146,14230
14146,14234
14146,14248
14146,14255
14146,14257
14146,16806
14146,15342
14146,14115
14146,14124
14146,14130
14146,14141
14146,14149
14146,14171
14146,14173
14146,14178
14146,14184
14146,23064
14147,14148
14147,14164
14147,14211
14147,14230
14147,14234
14147,14248
14147,14255
14147,14257
14147,20428
14147,14130
14147,14141
14147,14149
14147,14171
14147,14172
14147,14173
14147,14178
14147,14184
14147,14194
14148,14164
14148,14211
14148,14230
14148,14234
14148,14248
14148,14255
14148,14257
14148,14341
14148,17521
14148,17674
14148,14124
14148,14130
14148,14141
14148,14149
14148,14171
14148,14172
14148,14173
14148,14178
14148,14194
14148,14196
14164,14211
14164,14230
14164,14234
14164,14248
14164,14255
14164,14257
14164,14272
14164,14341
14164,14349
14164,22554
14164,10843
14164,17704
14164,17911
14164,10242
14164,14141
14164,14149
14164,14171
14164,14172
14164,14173
14164,14178
14164,14194
14164,14196
14164,14200
14164,14201
14211,14230
14211,14234
14211,14248
14211,14255
14211,14257
14211,14272
14211,14341
14211,14349
14211,14375
14211,14178
14211,14194
14211,14196
14211,14200
14211,14204
14211,14205
14211,14208
14211,14213
14211,14217
14211,14218
14211,14223
14211,14231
14211,14236
14211,14240
14230,14234
14230,14248
14230,14255
14230,14257
14230,14272
14230,14341
14230,14349
14230,14375
14230,14382
14230,18422
14230,14201
14230,14204
14230,14205
14230,14208
14230,14213
14230,14217
14230,14218
14230,14223
14230,14231
14230,14236
14230,14240
14230,14244
14230,14249
14230,22832
14234,14248
14234,14255
14234,14257
14234,14272
14234,14341
14234,14375
14234,14382
14234,9228
14234,22960
14234,20939
14234,11447
14234,14205
14234,14208
14234,14213
14234,14217
14234,14218
14234,14223
14234,14231
14234,14236
14234,14240
14234,14244
14234,14249
14234,14251
14234,14258
14248,14255
14248,14257
14248,14272
14248,14341
14248,14349
14248,14375
14248,14382
14248,14391
14248,14397
14248,16335
14248,14218
14248,14223
14248,14231
14248,14236
14248,14240
14248,14244
14248,14249
14248,14251
14248,14258
14248,14260
14248,14277
14248,14281
14248,20663
14248,23501
14248,19773
14255,14272
14255,14341
14255,14349
14255,14375
14255,14382
14255,14391
14255,14397
14255,14398
14255,17989
14255,26617
14255,9715
14255,14231
14255,14236
14255,14240
14255,14244
14255,14249
14255,14251
14255,14257
14255,14258
14255,14260
14255,14281
14255,14288
14255,14293
14255,14294
14257,14272
14257,14341
14257,14349
14257,14375
14257,14382
14257,14391
14257,14397
14257,14406
14257,16809
14257,17148
14257,18018
14257,26821
14257,14231
14257,14236
14257,14240
14257,14244
14257,14249
14257,14251
14257,14258
14257,14260
14257,14277
14257,14281
14257,14288
14257,14293
14257,14294
14257,14298
14257,20831
14272,14341
14272,14349
14272,14375
14272,14382
14272,14391
14272,14397
14272,14398
14272,14406
14272,14413
14272,22332
14272,14240
14272,14244
14272,14249
14272,14251
14272,14258
14272,14260
14272,14277
14272,14281
14272,14288
14272,14293
14272,14294
14272,14298
14272,14299
14272,14300
14272,14304
14272,27090
14341,14349
14341,14375
14341,14382
14341,14391
14341,14398
14341,14406
14341,14413
14341,14424
14341,16059
14341,14258
14341,14300
14341,14304
14341,14307
14341,14313
14341,14331
14341,14340
14341,14342
14341,14344
14341,14346
14341,14353
14341,14364
14341,14365
14341,14366
14341,18976
14349,14375
14349,14382
14349,14391
14349,14397
14349,14398
14349,14406
14349,14413
14349,14424
14349,14426
14349,24735
14349,21309
14349,14313
14349,14323
14349,14325
14349,14331
14349,14340
14349,14342
14349,14344
14349,14346
14349,14353
14349,14364
14349,14366
14349,14387
14349,14388
14349,22972
14375,14382
14375,14391
14375,14397
14375,14398
14375,14406
14375,14413
14375,14424
14375,14426
14375,14433
14375,27095
14375,14344
14375,14346
14375,14353
14375,14365
14375,14366
14375,14387
14375,14388
14375,14389
14375,14394
14375,14395
14382,14391
14382,14397
14382,14398
14382,14406
14382,14413
14382,14424
14382,14426
14382,14433
14382,14477
14382,14342
14382,14344
14382,14346
14382,14353
14382,14364
14382,14365
14382,14366
14382,14387
14382,14388
14382,14389
14382,14394
14382,14395
14382,14399
14391,14397
14391,14398
14391,14413
14391,14424
14391,14426
14391,14433
14391,14477
14391,14488
14391,25548
14391,24410
14391,13304
14391,14353
14391,14364
14391,14365
14391,14366
14391,14387
14391,14388
14391,14389
14391,14394
14391,14395
14391,14399
14391,14406
14391,14409
14391,14410
14391,23064
14397,14398
14397,14406
14397,14413
14397,14424
14397,14426
14397,14433
14397,14477
14397,14498
14397,26894
14397,23497
14397,22972
14397,14366
14397,14387
14397,14388
14397,14389
14397,14394
14397,14395
14397,14399
14397,14400
14397,14409
14397,14410
14397,14418
14397,22389
14398,14406
14398,14413
14398,14424
14398,14433
14398,14477
14398,14488
14398,14498
14398,14506
14398,21166
14398,9115
14398,14387
14398,14388
14398,14389
14398,14395
14398,14399
14398,14400
14398,14409
14398,14410
14398,14418
14398,14426
14406,14413
14406,14424
14406,14426
14406,14433
14406,14477
14406,14488
14406,14498
14406,14506
14406,14514
14406,24176
14406,24287
14406,14388
14406,14389
14406,14394
14406,14395
14406,14399
14406,14400
14406,14410
14406,14418
14406,14427
14406,14429
14406,14431
14413,14424
14413,14426
14413,14477
14413,14488
14413,14498
14413,14506
14413,14514
14413,14516
14413,22007
14413,10843
14413,10083
14413,14394
14413,14395
14413,14399
14413,14400
14413,14409
14413,14410
14413,14418
14413,14427
14413,14431
14413,14448
14413,14452
14413,23553
14413,16862
14424,14426
14424,14433
14424,14477
14424,14488
14424,14498
14424,14506
14424,14514
14424,14516
14424,14520
14424,15983
14424,10364
14424,14399
14424,14400
14424,14409
14424,14410
14424,14418
14424,14427
14424,14429
14424,14431
14424,14448
14424,14457
14424,14458
14426,14433
14426,14477
14426,14488
14426,14498
14426,14514
14426,14516
14426,14520
14426,14536
14426,14399
14426,14400
14426,14409
14426,14410
14426,14418
14426,14427
14426,14429
14426,14431
14426,14448
14426,14452
14426,14457
14426,14458
14426,14463
14426,26284
14433,14477
14433,14498
14433,14506
14433,14514
14433,14516
14433,14520
14433,14536
14433,14549
14433,19685
14433,15128
14433,11896
14433,14409
14433,14410
14433,14418
14433,14427
14433,14429
14433,14431
14433,14448
14433,14452
14433,14457
14433,14458
14433,14463
14433,14472
14433,14479
14433,14483
14433,15613
14433,23014
14477,14488
14477,14498
14477,14506
14477,14514
14477,14516
14477,14520
14477,14549
14477,14574
14477,16882
14477,24108
14477,25576
14477,14431
14477,14452
14477,14457
14477,14458
14477,14463
14477,14472
14477,14479
14477,14483
14477,14485
14477,14486
14477,14505
14477,14509
14477,26757
14488,14498
14488,14506
14488,14514
14488,14516
14488,14520
14488,14536
14488,14549
14488,14574
14488,14595
14488,8450
14488,9449
14488,14457
14488,14458
14488,14463
14488,14472
14488,14479
14488,14483
14488,14485
14488,14513
14488,14515
14488,14517
14488,19319
14488,22805
14488,21695
14488,20896
14498,14506
14498,14514
14498,14516
14498,14520
14498,14536
14498,14549
14498,14574
14498,14595
14498,14596
14498,19432
14498,27238
14498,13304
14498,14458
14498,14463
14498,14472
14498,14479
14498,14483
14498,14486
14498,14505
14498,14509
14498,14513
14498,14515
14498,14517
14506,14516
14506,14520
14506,14536
14506,14549
14506,14574
14506,14595
14506,14596
14506,14598
14506,17102
14506,21491
14506,9318
14506,14472
14506,14479
14506,14483
14506,14485
14506,14486
14506,14505
14506,14509
14506,14513
14506,14514
14506,14515
14506,14517
14506,14521
14506,14532
14506,26220
14514,14516
14514,14520
14514,14536
14514,14549
14514,14574
14514,14595
14514,14596
14514,14598
14514,14600
14514,7723
14514,14485
14514,14486
14514,14505
14514,14509
14514,14515
14514,14517
14514,14521
14514,14532
14514,14539
14514,14541
14516,14536
14516,14549
14516,14574
14516,14596
14516,14598
14516,14600
14516,14633
14516,14486
14516,14505
14516,14509
14516,14513
14516,14515
14516,14517
14516,14520
14516,14521
14516,14532
14516,14539
14516,14541
14516,14543
14516,14547
14516,21045
14520,14536
14520,14549
14520,14574
14520,14595
14520,14596
14520,14598
14520,14600
14520,14633
14520,14634
14520,22134
14520,25728
14520,9144
14520,14505
14520,14509
14520,14513
14520,14515
14520,14517
14520,14521
14520,14539
14520,14541
14520,14543
14520,14547
14536,14549
14536,14574
14536,14595
14536,14596
14536,14598
14536,14600
14536,14633
14536,14640
14536,9768
14536,14509
14536,14513
14536,14515
14536,14517
14536,14521
14536,14532
14536,14539
14536,14541
14536,14543
14536,14547
14536,14556
14536,14561
14536,14564
14536,14565
14536,15124
14549,14574
14549,14595
14549,14596
14549,14598
14549,14600
14549,14633
14549,14634
14549,14640
14549,14645
14549,10172
14549,26205
14549,14517
14549,14532
14549,14539
14549,14541
14549,14543
14549,14547
14549,14556
14549,14561
14549,14564
14549,14565
14549,14568
14549,14569
14549,14571
14549,14576
14574,14595
14574,14596
14574,14598
14574,14600
14574,14633
14574,14634
14574,14640
14574,14645
14574,14646
14574,7815
14574,14547
14574,14556
14574,14561
14574,14564
14574,14565
14574,14568
14574,14569
14574,14571
14574,14576
14574,14579
14574,14587
14574,14593
14574,14606
14595,14596
14595,14598
14595,14600
14595,14633
14595,14640
14595,14645
14595,14646
14595,14647
14595,24758
14595,14568
14595,14571
14595,14576
14595,14579
14595,14587
14595,14593
14595,14606
14595,14609
14595,14611
14595,14612
14595,14617
14595,14618
14595,27350
14596,14598
14596,14600
14596,14633
14596,14634
14596,14640
14596,14645
14596,14646
14596,14647
14596,14648
14596,14568
14596,14571
14596,14576
14596,14579
14596,14587
14596,14593
14596,14606
14596,14609
14596,14611
14596,14612
14596,14617
14596,14618
14596,14622
14596,15679
14598,14600
14598,14633
14598,14634
14598,14640
14598,14645
14598,14647
14598,14656
14598,17911
14598,26409
14598,14569
14598,14571
14598,14576
14598,14579
14598,14593
14598,14606
14598,14611
14598,14612
14598,14617
14598,14618
14598,14622
14598,24141
14600,14633
14600,14634
14600,14640
14600,14645
14600,14646
14600,14647
14600,14648
14600,14656
14600,14658
14600,14571
14600,14576
14600,14579
14600,14587
14600,14593
14600,14606
14600,14609
14600,14611
14600,14617
14600,14618
14600,14622
14600,20393
14633,14634
14633,14640
14633,14645
14633,14646
14633,14647
14633,14648
14633,14656
14633,14658
14633,14669
14633,15721
14633,25220
14633,23365
14633,14606
14633,14609
14633,14611
14633,14612
14633,14618
14633,14622
14633,14641
14633,14643
14634,14640
14634,14645
14634,14646
14634,14647
14634,14648
14634,14656
14634,14658
14634,14669
14634,14676
14634,26443
14634,14606
14634,14609
14634,14611
14634,14612
14634,14617
14634,14618
14634,14622
14634,14641
14634,14643
14640,14645
14640,14646
14640,14647
14640,14656
14640,14658
14640,14669
14640,14676
14640,14677
14640,8762
14640,14606
14640,14611
14640,14612
14640,14617
14640,14618
14640,14622
14640,14641
14640,14643
14640,14648
14640,14663
14640,26054
14645,14646
14645,14647
14645,14648
14645,14656
14645,14658
14645,14669
14645,14677
14645,14704
14645,27454
14645,11177
14645,14612
14645,14617
14645,14618
14645,14622
14645,14641
14645,14643
14645,14663
14645,14668
14645,14674
14646,14647
14646,14648
14646,14656
14646,14658
14646,14669
14646,14676
14646,14677
14646,14704
14646,14716
14646,16846
14646,13295
14646,15119
14646,27091
14646,14617
14646,14618
14646,14622
14646,14641
14646,14643
14646,14663
14646,14668
14646,14674
14647,14648
14647,14656
14647,14658
14647,14669
14647,14677
14647,14704
14647,14716
14647,14761
14647,14618
14647,14622
14647,14641
14647,14643
14647,14663
14647,14668
14647,14674
14647,14676
14648,14656
14648,14658
14648,14669
14648,14676
14648,14677
14648,14704
14648,14716
14648,14761
14648,14764
14648,21139
14648,11845
14648,14622
14648,14641
14648,14643
14648,14663
14648,14668
14648,14674
14648,17343
14648,24614
14656,14658
14656,14669
14656,14676
14656,14677
14656,14704
14656,14716
14656,14761
14656,24521
14656,12728
14656,14641
14656,14643
14656,14663
14656,14674
14656,14680
14656,15968
14658,14669
14658,14677
14658,14704
14658,14716
14658,14761
14658,14764
14658,14786
14658,14794
14658,14641
14658,14643
14658,14663
14658,14668
14658,14674
14658,14676
14658,14680
14658,14682
14658,14690
14658,22264
14669,14676
14669,14677
14669,14704
14669,14716
14669,14761
14669,14764
14669,14786
14669,14822
14669,11185
14669,9270
14669,14643
14669,14663
14669,14668
14669,14674
14669,14680
14669,14682
14669,14690
14669,14691
14669,14700
14669,14701
14676,14677
14676,14704
14676,14716
14676,14761
14676,14764
14676,14794
14676,14822
14676,14826
14676,20108
14676,10473
14676,14663
14676,14668
14676,14674
14676,14690
14676,14691
14676,14701
14676,14703
14676,16148
14676,23262
14676,15797
14677,14704
14677,14716
14677,14761
14677,14764
14677,14786
14677,14794
14677,14822
14677,14826
14677,16655
14677,14663
14677,14668
14677,14674
14677,14680
14677,14682
14677,14690
14677,14691
14677,14700
14677,14701
14677,14703
14677,15305
14704,14716
14704,14761
14704,14764
14704,14786
14704,14794
14704,14822
14704,14826
14704,14835
14704,14848
14704,13449
14704,14680
14704,14682
14704,14690
14704,14700
14704,14701
14704,14703
14704,14709
14704,14712
14704,14732
14704,14737
14704,14743
14704,14744
14704,14748
14704,22869
14716,14761
14716,14764
14716,14786
14716,14794
14716,14822
14716,14835
14716,14848
14716,14431
14716,23973
14716,24856
14716,14690
14716,14691
14716,14700
14716,14701
14716,14709
14716,14718
14716,14732
14716,14737
14716,14743
14716,14744
14716,14748
14716,14754
14761,14764
14761,14786
14761,14794
14761,14822
14761,14826
14761,14835
14761,14848
14761,14875
14761,8942
14761,24598
14761,14718
14761,14732
14761,14737
14761,14743
14761,14744
14761,14748
14761,14754
14761,14765
14761,14768
14761,14769
14761,14774
14761,14781
14761,23856
14761,23923
14764,14786
14764,14794
14764,14822
14764,14826
14764,14835
14764,14874
14764,14875
14764,14884
14764,14718
14764,14732
14764,14737
14764,14743
14764,14744
14764,14748
14764,14754
14764,14765
14764,14768
14764,14769
14764,14770
14764,14774
14764,14781
14764,14784
14764,14791
14786,14794
14786,14822
14786,14826
14786,14835
14786,14848
14786,14874
14786,14875
14786,14884
14786,14886
14786,24010
14786,14765
14786,14768
14786,14769
14786,14770
14786,14781
14786,14784
14786,14791
14786,14795
14786,14796
14786,14806
14786,14827
14794,14822
14794,14826
14794,14835
14794,14848
14794,14874
14794,14875
14794,14884
14794,14886
14794,14915
14794,23218
14794,10992
14794,8966
14794,14765
14794,14768
14794,14769
14794,14770
14794,14774
14794,14781
14794,14784
14794,14791
14794,14795
14794,14796
14794,14806
14794,14827
14794,14842
14794,14845
14822,14826
14822,14835
14822,14848
14822,14875
14822,14884
14822,14886
14822,14915
14822,14925
14822,8997
14822,26329
14822,14774
14822,14781
14822,14784
14822,14791
14822,14795
14822,14796
14822,14806
14822,14827
14822,14842
14822,14845
14822,14874
14822,24561
14826,14835
14826,14848
14826,14874
14826,14884
14826,14886
14826,14915
14826,14925
14826,14946
14826,24366
14826,14781
14826,14784
14826,14791
14826,14795
14826,14796
14826,14806
14826,14827
14826,14842
14826,14845
14826,14850
14826,14875
14826,14880
14826,20615
14835,14848
14835,14874
14835,14875
14835,14884
14835,14886
14835,14915
14835,14925
14835,14946
14835,14955
14835,14791
14835,14796
14835,14806
14835,14827
14835,14842
14835,14845
14835,14850
14835,14880
14835,14882
14848,14874
14848,14875
14848,14884
14848,14886
14848,14915
14848,14925
14848,14955
14848,14973
14848,25124
14848,12652
14848,14795
14848,14806
14848,14842
14848,14845
14848,14850
14848,14880
14848,14882
14848,14885
14848,14889
14874,14875
14874,14884
14874,14886
14874,14915
14874,14925
14874,14946
14874,14955
14874,14973
14874,14979
14874,14806
14874,14827
14874,14842
14874,14845
14874,14850
14874,14880
14874,14882
14874,14885
14874,14889
14874,14901
14874,14902
14875,14884
14875,14886
14875,14915
14875,14946
14875,14973
14875,14979
14875,14983
14875,9955
14875,10990
14875,15503
14875,19188
14875,14827
14875,14842
14875,14845
14875,14850
14875,14882
14875,14885
14875,14889
14875,14901
14875,14902
14884,14886
14884,14915
14884,14925
14884,14946
14884,14955
14884,14973
14884,14979
14884,14983
14884,15007
14884,15008
14884,23797
14884,14842
14884,14850
14884,14880
14884,14882
14884,14885
14884,14889
14884,14901
14884,14902
14884,14918
14884,14927
14886,14915
14886,14925
14886,14946
14886,14955
14886,14973
14886,14979
14886,14983
14886,15007
14886,15008
14886,8954
14886,14845
14886,14880
14886,14882
14886,14885
14886,14889
14886,14901
14886,14902
14886,14918
14886,14927
14886,14929
14886,14933
14915,14925
14915,14946
14915,14955
14915,14973
14915,14979
14915,14983
14915,15007
14915,15008
14915,15012
14915,24073
14915,14880
14915,14882
14915,14885
14915,14889
14915,14901
14915,14902
14915,14918
14915,14929
14915,14933
14915,14938
14915,14941
14915,14945
14915,16116
14925,14946
14925,14955
14925,14973
14925,14979
14925,15007
14925,15008
14925,15012
14925,15067
14925,18756
14925,12069
14925,14882
14925,14885
14925,14889
14925,14901
14925,14902
14925,14918
14925,14927
14925,14938
14925,14945
14925,14949
14925,18242
14946,14955
14946,14973
14946,14979
14946,15007
14946,15008
14946,15012
14946,15067
14946,15078
14946,22785
14946,14918
14946,14927
14946,14929
14946,14933
14946,14938
14946,14941
14946,14945
14946,14949
14946,14960
14946,14962
14946,14966
14946,14983
14946,14994
14955,14973
14955,14979
14955,14983
14955,15007
14955,15008
14955,15012
14955,15067
14955,15096
14955,23940
14955,27256
14955,10203
14955,14929
14955,14933
14955,14938
14955,14945
14955,14949
14955,14960
14955,14962
14955,14966
14955,14994
14955,14998
14955,14999
14973,14979
14973,14983
14973,15007
14973,15008
14973,15012
14973,15067
14973,15078
14973,15096
14973,19749
14973,20423
14973,14938
14973,14941
14973,14945
14973,14949
14973,14960
14973,14962
14973,14966
14973,14994
14973,14998
14973,14999
14973,15006
14979,15007
14979,15008
14979,15012
14979,15067
14979,15078
14979,15096
14979,15098
14979,15099
14979,16846
14979,18783
14979,14941
14979,14945
14979,14949
14979,14960
14979,14962
14979,14966
14979,14983
14979,14994
14979,14998
14979,14999
14979,15006
14979,15014
14983,15007
14983,15008
14983,15012
14983,15067
14983,15078
14983,15096
14983,15098
14983,15099
14983,15119
14983,19027
14983,14945
14983,14949
14983,14960
14983,14962
14983,14966
14983,14994
14983,14998
14983,14999
14983,15006
14983,15014
14983,15022
14983,16519
14983,23691
15007,15008
15007,15012
15007,15067
15007,15078
15007,15096
15007,15098
15007,15099
15007,15119
15007,15128
15007,24319
15007,19259
15007,14962
15007,14966
15007,14994
15007,14998
15007,14999
15007,15006
15007,15014
15007,15022
15007,15026
15007,15027
15007,15029
15007,15031
15008,15012
15008,15067
15008,15078
15008,15096
15008,15098
15008,15099
15008,15119
15008,15128
15008,16566
15008,25146
15008,14966
15008,14994
15008,14998
15008,14999
15008,15006
15008,15014
15008,15022
15008,15024
15008,15026
15008,15029
15008,15031
15008,15032
15012,15067
15012,15078
15012,15096
15012,15098
15012,15099
15012,15119
15012,15128
15012,15190
15012,15198
15012,7922
15012,15006
15012,15014
15012,15022
15012,15024
15012,15026
15012,15029
15012,15031
15012,15032
15012,15045
15067,15078
15067,15096
15067,15098
15067,15099
15067,15119
15067,15128
15067,15190
15067,15198
15067,15199
15067,24440
15067,15026
15067,15027
15067,15029
15067,15031
15067,15032
15067,15045
15067,15047
15067,15052
15067,15065
15067,15073
15067,15075
15067,15077
15067,15084
15067,15086
15067,15093
15067,15094
15078,15098
15078,15099
15078,15119
15078,15128
15078,15190
15078,15198
15078,15199
15078,15205
15078,19276
15078,20737
15078,15032
15078,15045
15078,15047
15078,15052
15078,15065
15078,15073
15078,15077
15078,15084
15078,15086
15078,15093
15078,15094
15078,15096
15078,15100
15078,15103
15096,15098
15096,15099
15096,15119
15096,15128
15096,15190
15096,15198
15096,15199
15096,15205
15096,15222
15096,8258
15096,15073
15096,15075
15096,15077
15096,15084
15096,15086
15096,15093
15096,15094
15096,15100
15096,15107
15096,15114
15096,15118
15096,15121
15096,25831
15098,15099
15098,15119
15098,15128
15098,15190
15098,15199
15098,15205
15098,15222
15098,15244
15098,12719
15098,25745
15098,15073
15098,15075
15098,15077
15098,15084
15098,15094
15098,15100
15098,15103
15098,15114
15098,15118
15098,15121
15098,15123
15098,20029
15099,15119
15099,15190
15099,15198
15099,15199
15099,15205
15099,15222
15099,15244
15099,7658
15099,22813
15099,13284
15099,15075
15099,15077
15099,15084
15099,15086
15099,15093
15099,15094
15099,15100
15099,15103
15099,15107
15099,15114
15099,15118
15099,15121
15099,15123
15099,15124
15099,23637
15119,15128
15119,15190
15119,15198
15119,15199
15119,15205
15119,15222
15119,15244
15119,15249
15119,15259
15119,15094
15119,15100
15119,15103
15119,15107
15119,15114
15119,15118
15119,15123
15119,15124
15119,15130
15119,15140
15119,15141
15119,15150
15119,24727
15128,15190
15128,15198
15128,15199
15128,15205
15128,15222
15128,15244
15128,15249
15128,15259
15128,25671
15128,15100
15128,15103
15128,15107
15128,15114
15128,15118
15128,15121
15128,15123
15128,15124
15128,15130
15128,15140
15128,15141
15128,15149
15128,15150
15128,15152
15128,15154
15128,15156
15128,15162
15128,20860
15190,15198
15190,15199
15190,15205
15190,15222
15190,15244
15190,15249
15190,15259
15190,15273
15190,15282
15190,15150
15190,15152
15190,15154
15190,15156
15190,15162
15190,15167
15190,15176
15190,15181
15190,15191
15190,15193
15190,15200
15190,15206
15190,15207
15190,15216
15198,15199
15198,15205
15198,15222
15198,15244
15198,15249
15198,15259
15198,15273
15198,15282
15198,15289
15198,15156
15198,15162
15198,15167
15198,15172
15198,15181
15198,15191
15198,15193
15198,15200
15198,15206
15198,15207
15198,15216
15198,15217
15198,15226
15198,21307
15199,15205
15199,15222
15199,15244
15199,15249
15199,15259
15199,15282
15199,15289
15199,15290
15199,25942
15199,15162
15199,15167
15199,15172
15199,15176
15199,15181
15199,15191
15199,15193
15199,15200
15199,15206
15199,15207
15199,15216
15199,15217
15199,15226
15199,15228
15205,15222
15205,15244
15205,15249
15205,15259
15205,15273
15205,15282
15205,15290
15205,15314
15205,15172
15205,15176
15205,15181
15205,15191
15205,15193
15205,15200
15205,15206
15205,15207
15205,15216
15205,15217
15205,15228
15205,15229
15205,19950
15205,19177
15222,15244
15222,15249
15222,15273
15222,15282
15222,15289
15222,15290
15222,15314
15222,15331
15222,9829
15222,15193
15222,15200
15222,15206
15222,15207
15222,15226
15222,15228
15222,15229
15222,15235
15222,15237
15222,15257
15222,15259
15222,20371
15244,15249
15244,15273
15244,15282
15244,15289
15244,15290
15244,15314
15244,15331
15244,15340
15244,11014
15244,15207
15244,15226
15244,15228
15244,15229
15244,15235
15244,15237
15244,15257
15244,15259
15244,15261
15244,15262
15244,15271
15244,24975
15249,15259
15249,15273
15249,15282
15249,15289
15249,15290
15249,15314
15249,15331
15249,15340
15249,15347
15249,12268
15249,15217
15249,15226
15249,15229
15249,15235
15249,15237
15249,15257
15249,15261
15249,15262
15249,15271
15249,25228
15259,15282
15259,15289
15259,15290
15259,15314
15259,15331
15259,15340
15259,15347
15259,15358
15259,17749
15259,15226
15259,15228
15259,15229
15259,15235
15259,15237
15259,15257
15259,15261
15259,15262
15259,15269
15259,15271
15259,15273
15259,15291
15273,15282
15273,15289
15273,15290
15273,15314
15273,15331
15273,15340
15273,15347
15273,15358
15273,15362
15273,15237
15273,15257
15273,15261
15273,15262
15273,15269
15273,15271
15273,15291
15273,15294
15273,15301
15273,15305
15273,15307
15282,15289
15282,15290
15282,15314
15282,15331
15282,15340
15282,15347
15282,15358
15282,15362
15282,15404
15282,17795
15282,12069
15282,15257
15282,15261
15282,15262
15282,15269
15282,15291
15282,15294
15282,15305
15282,15306
15282,15307
15282,15308
15282,26996
15289,15290
15289,15331
15289,15340
15289,15347
15289,15358
15289,15362
15289,15404
15289,15421
15289,20203
15289,15257
15289,15261
15289,15262
15289,15269
15289,15271
15289,15294
15289,15301
15289,15305
15289,15306
15289,15307
15289,15308
15289,15314
15290,15314
15290,15331
15290,15340
15290,15347
15290,15358
15290,15362
15290,15421
15290,15458
15290,25161
15290,15257
15290,15262
15290,15269
15290,15271
15290,15291
15290,15294
15290,15305
15290,15306
15290,15307
15290,15308
15290,26150
15290,17892
15290,18350
15314,15331
15314,15340
15314,15347
15314,15358
15314,15362
15314,15404
15314,15421
15314,15458
15314,15489
15314,11936
15314,12879
15314,15294
15314,15301
15314,15305
15314,15306
15314,15307
15314,15308
15314,15322
15314,15329
15314,15333
15314,15339
15314,15342
15314,15343
15331,15340
15331,15347
15331,15358
15331,15362
15331,15404
15331,15421
15331,15458
15331,15489
15331,15494
15331,8032
15331,15305
15331,15306
15331,15307
15331,15308
15331,15322
15331,15327
15331,15329
15331,15333
15331,15339
15331,15342
15331,15345
15331,15348
15331,15351
15340,15347
15340,15358
15340,15362
15340,15404
15340,15421
15340,15458
15340,15494
15340,15500
15340,21446
15340,15307
15340,15308
15340,15322
15340,15327
15340,15329
15340,15333
15340,15339
15340,15343
15340,15345
15340,15348
15340,15351
15340,15353
15340,15354
15340,25137
15347,15358
15347,15362
15347,15404
15347,15421
15347,15489
15347,15494
15347,15500
15347,15501
15347,7862
15347,14795
15347,15327
15347,15329
15347,15333
15347,15339
15347,15342
15347,15345
15347,15351
15347,15353
15347,15354
15347,15361
15347,15365
15347,15367
15358,15362
15358,15404
15358,15421
15358,15458
15358,15494
15358,15500
15358,15501
15358,15503
15358,23307
15358,16454
15358,17712
15358,17365
15358,15345
15358,15348
15358,15353
15358,15354
15358,15361
15358,15367
15358,15368
15358,15371
15358,15373
15358,15377
15358,15380
15362,15404
15362,15458
15362,15489
15362,15494
15362,15500
15362,15501
15362,15503
15362,15533
15362,23641
15362,12894
15362,15904
15362,15343
15362,15345
15362,15348
15362,15351
15362,15353
15362,15354
15362,15361
15362,15365
15362,15367
15362,15368
15362,15371
15362,15373
15362,15377
15362,15380
15362,15383
15362,15385
15404,15421
15404,15458
15404,15489
15404,15494
15404,15500
15404,15501
15404,15503
15404,15533
15404,15544
15404,23434
15404,15373
15404,15377
15404,15380
15404,15383
15404,15385
15404,15387
15404,15398
15404,15401
15404,15402
15404,15405
15404,15414
15404,15417
15404,15418
15404,15423
15404,15425
15404,15426
15404,15429
15421,15458
15421,15489
15421,15494
15421,15500
15421,15501
15421,15503
15421,15533
15421,15544
15421,15589
15421,18282
15421,15398
15421,15402
15421,15405
15421,15414
15421,15417
15421,15418
15421,15423
15421,15425
15421,15426
15421,15429
15421,15430
15421,15432
15421,15448
15421,15453
15421,25892
15458,15489
15458,15494
15458,15500
15458,15501
15458,15503
15458,15533
15458,15544
15458,15589
15458,15597
15458,15462
15458,22944
15458,14293
15458,15425
15458,15426
15458,15429
15458,15430
15458,15432
15458,15448
15458,15453
15458,15457
15458,15461
15458,15470
15458,15473
15458,15475
15458,15482
15458,15484
15458,24717
15489,15494
15489,15500
15489,15501
15489,15503
15489,15544
15489,15589
15489,15597
15489,15613
15489,16733
15489,19445
15489,15460
15489,15461
15489,15462
15489,15470
15489,15473
15489,15475
15489,15482
15489,15484
15489,15504
15489,15506
15489,15509
15489,15513
15489,18929
15494,15500
15494,15501
15494,15503
15494,15533
15494,15544
15494,15589
15494,15597
15494,15613
15494,15622
15494,25983
15494,10674
15494,15460
15494,15461
15494,15462
15494,15470
15494,15473
15494,15475
15494,15482
15494,15484
15494,15499
15494,15504
15494,15506
15494,15509
15494,15513
15494,15516
15500,15503
15500,15533
15500,15544
15500,15589
15500,15597
15500,15613
15500,8556
15500,14364
15500,8456
15500,23890
15500,15470
15500,15473
15500,15475
15500,15482
15500,15484
15500,15499
15500,15501
15500,15504
15500,15506
15500,15513
15500,15516
15500,15520
15500,15521
15501,15503
15501,15533
15501,15544
15501,15589
15501,15597
15501,15613
15501,15622
15501,15662
15501,26949
15501,18606
15501,13528
15501,15470
15501,15473
15501,15475
15501,15482
15501,15484
15501,15504
15501,15506
15501,15509
15501,15513
15501,15520
15501,15521
15501,15522
15501,23107
15503,15533
15503,15544
15503,15589
15503,15597
15503,15613
15503,15622
15503,15659
15503,15701
15503,15473
15503,15475
15503,15482
15503,15484
15503,15499
15503,15504
15503,15506
15503,15509
15503,15516
15503,15520
15503,15521
15503,15525
15503,20657
15533,15544
15533,15589
15533,15597
15533,15613
15533,15622
15533,15659
15533,15662
15533,15701
15533,15720
15533,15181
15533,14041
15533,17924
15533,15509
15533,15513
15533,15516
15533,15520
15533,15521
15533,15522
15533,15525
15533,15531
15533,15545
15533,15549
15533,15551
15533,15555
15533,15556
15533,15559
15533,15564
15533,15566
15544,15589
15544,15597
15544,15613
15544,15622
15544,15659
15544,15662
15544,15701
15544,15720
15544,24110
15544,15513
15544,15516
15544,15520
15544,15521
15544,15522
15544,15525
15544,15531
15544,15545
15544,15549
15544,15551
15544,15555
15544,15556
15544,15559
15544,15564
15544,15566
15544,15568
15589,15597
15589,15613
15589,15622
15589,15659
15589,15662
15589,15701
15589,15720
15589,15725
15589,15730
15589,18534
15589,25546
15589,11060
15589,15555
15589,15556
15589,15559
15589,15564
15589,15566
15589,15569
15589,15588
15589,15590
15589,15591
15589,15598
15589,15601
15589,15603
15589,15608
15589,16292
15597,15613
15597,15622
15597,15659
15597,15662
15597,15701
15597,15720
15597,15725
15597,15730
15597,18425
15597,15568
15597,15569
15597,15581
15597,15588
15597,15590
15597,15591
15597,15592
15597,15598
15597,15601
15597,15603
15597,15608
15597,15614
15597,15618
15597,15630
15597,22200
15613,15659
15613,15662
15613,15701
15613,15720
15613,15725
15613,15730
15613,15738
15613,15740
15613,8419
15613,24128
15613,25140
15613,11759
15613,15590
15613,15591
15613,15592
15613,15598
15613,15601
15613,15603
15613,15608
15613,15614
15613,15622
15613,15630
15613,15633
15613,15638
15613,15639
15613,15642
15622,15659
15622,15662
15622,15701
15622,15720
15622,15725
15622,15730
15622,15738
15622,15740
15622,16652
15622,15592
15622,15598
15622,15601
15622,15608
15622,15614
15622,15618
15622,15630
15622,15633
15622,15634
15622,15638
15622,15639
15622,15642
15622,15644
15622,15650
15622,15652
15659,15662
15659,15701
15659,15720
15659,15738
15659,15740
15659,15742
15659,15758
15659,27442
15659,9665
15659,23067
15659,15633
15659,15634
15659,15638
15659,15639
15659,15644
15659,15650
15659,15652
15659,15655
15659,15661
15659,15668
15659,15674
15659,15678
15659,15679
15659,15680
15659,15683
15662,15701
15662,15720
15662,15725
15662,15730
15662,15738
15662,15740
15662,15742
15662,15758
15662,15784
15662,17920
15662,15638
15662,15639
15662,15642
15662,15644
15662,15650
15662,15652
15662,15655
15662,15661
15662,15668
15662,15674
15662,15678
15662,15679
15662,15680
15662,15683
15662,15684
15662,15689
15662,18528
15701,15720
15701,15725
15701,15730
15701,15738
15701,15740
15701,15742
15701,15758
15701,15784
15701,9848
15701,15680
15701,15681
15701,15683
15701,15684
15701,15689
15701,15690
15701,15697
15701,15700
15701,15712
15701,15718
15701,15719
15701,15721
15701,15736
15701,19995
15720,15725
15720,15730
15720,15738
15720,15740
15720,15742
15720,15758
15720,15784
15720,15795
15720,15841
15720,13629
15720,9997
15720,15634
15720,15684
15720,15689
15720,15690
15720,15697
15720,15700
15720,15718
15720,15719
15720,15736
15720,15747
15720,15750
15725,15730
15725,15740
15725,15742
15725,15758
15725,15784
15725,15795
15725,15841
15725,15845
15725,10337
15725,15690
15725,15697
15725,15700
15725,15712
15725,15718
15725,15719
15725,15721
15725,15736
15725,15738
15725,15747
15725,15750
15725,15754
15725,16063
15730,15740
15730,15758
15730,15784
15730,15841
15730,15880
15730,19346
15730,12721
15730,24683
15730,10889
15730,16276
15730,14452
15730,15700
15730,15712
15730,15718
15730,15719
15730,15721
15730,15736
15730,15738
15730,15742
15730,15747
15730,15750
15730,15752
15730,15754
15730,15756
15738,15740
15738,15742
15738,15758
15738,15784
15738,15795
15738,15841
15738,15845
15738,15880
15738,15899
15738,15712
15738,15718
15738,15719
15738,15736
15738,15747
15738,15750
15738,15752
15738,15754
15738,15756
15738,22164
15740,15742
15740,15784
15740,15795
15740,15845
15740,15880
15740,15899
15740,15902
15740,20202
15740,12950
15740,12623
15740,15712
15740,15718
15740,15719
15740,15736
15740,15747
15740,15750
15740,15754
15740,15756
15740,15758
15740,15761
15740,15765
15742,15758
15742,15784
15742,15795
15742,15841
15742,15845
15742,15880
15742,15899
15742,15902
15742,15911
15742,22121
15742,15100
15742,15718
15742,15719
15742,15721
15742,15736
15742,15747
15742,15750
15742,15752
15742,15754
15742,15756
15742,15761
15742,15765
15742,15770
15758,15784
15758,15795
15758,15841
15758,15845
15758,15880
15758,15899
15758,15902
15758,15911
15758,15942
15758,23655
15758,15736
15758,15747
15758,15750
15758,15752
15758,15754
15758,15756
15758,15761
15758,15765
15758,15770
15758,15771
15758,15772
15758,15779
15758,15783
15758,15794
15784,15795
15784,15841
15784,15845
15784,15880
15784,15899
15784,15902
15784,15911
15784,15942
15784,15952
15784,11864
15784,15756
15784,15761
15784,15770
15784,15772
15784,15779
15784,15783
15784,15794
15784,15803
15784,15809
15784,15813
15784,15814
15784,15824
15784,24065
15784,18749
15795,15841
15795,15845
15795,15880
15795,15899
15795,15902
15795,15911
15795,15942
15795,15952
15795,11324
15795,12612
15795,14806
15795,15761
15795,15765
15795,15770
15795,15771
15795,15783
15795,15794
15795,15797
15795,15809
15795,15813
15795,15814
15795,15817
15795,15834
15795,15835
15795,26028
15841,15845
15841,15880
15841,15899
15841,15902
15841,15911
15841,15942
15841,15952
15841,15954
15841,15972
15841,13819
15841,15797
15841,15803
15841,15809
15841,15813
15841,15814
15841,15817
15841,15824
15841,15834
15841,15835
15841,15842
15841,15855
15841,15857
15841,15862
15841,15867
15841,15872
15841,15875
15841,15879
15841,27432
15845,15880
15845,15902
15845,15911
15845,15952
15845,15954
15845,15972
15845,15983
15845,21003
15845,23555
15845,10203
15845,13068
15845,15809
15845,15813
15845,15814
15845,15824
15845,15834
15845,15835
15845,15842
15845,15855
15845,15857
15845,15862
15845,15867
15845,15872
15845,15875
15845,15879
15845,17232
15880,15899
15880,15902
15880,15911
15880,15942
15880,15952
15880,15954
15880,15972
15880,15983
15880,15991
15880,19313
15880,19788
15880,15842
15880,15855
15880,15867
15880,15872
15880,15875
15880,15879
15880,15881
15880,15882
15880,15885
15880,15888
15880,15891
15880,15894
15880,15898
15880,27237
15899,15902
15899,15954
15899,15972
15899,15983
15899,15991
15899,19946
15899,9299
15899,16499
15899,15462
15899,15879
15899,15881
15899,15885
15899,15888
15899,15891
15899,15894
15899,15898
15899,15904
15899,15909
15899,15911
15899,15917
15899,15918
15899,15922
15899,15924
15899,16882
15899,25367
15902,15911
15902,15942
15902,15952
15902,15954
15902,15972
15902,15983
15902,15991
15902,16006
15902,16016
15902,9271
15902,15343
15902,15881
15902,15882
15902,15885
15902,15888
15902,15891
15902,15894
15902,15898
15902,15904
15902,15909
15902,15915
15902,15917
15902,15918
15902,15922
15902,15924
15902,15926
15911,15942
15911,15952
15911,15954
15911,15991
15911,16006
15911,16016
15911,16021
15911,8501
15911,8894
15911,15885
15911,15888
15911,15894
15911,15898
15911,15904
15911,15909
15911,15915
15911,15917
15911,15918
15911,15922
15911,15924
15911,15926
15911,15934
15911,15935
15911,15936
15942,15952
15942,15954
15942,15972
15942,15983
15942,15991
15942,16006
15942,16016
15942,16021
15942,16022
15942,15917
15942,15918
15942,15922
15942,15924
15942,15926
15942,15934
15942,15935
15942,15936
15942,15943
15942,15960
15942,15961
15942,15965
15942,15968
15942,15979
15942,26138
15942,21850
15952,15954
15952,15972
15952,15983
15952,15991
15952,16006
15952,16016
15952,16021
15952,16037
15952,25838
15952,13787
15952,15918
15952,15922
15952,15924
15952,15926
15952,15934
15952,15935
15952,15943
15952,15960
15952,15961
15952,15965
15952,15968
15954,15972
15954,15983
15954,15991
15954,16006
15954,16016
15954,16022
15954,16037
15954,16038
15954,20536
15954,15922
15954,15924
15954,15926
15954,15934
15954,15935
15954,15936
15954,15943
15954,15960
15954,15961
15954,15965
15954,15968
15954,15979
15954,15996
15954,22702
15972,15983
15972,15991
15972,16006
15972,16016
15972,16022
15972,16037
15972,16040
15972,17404
15972,22687
15972,16551
15972,15936
15972,15943
15972,15960
15972,15961
15972,15965
15972,15968
15972,15979
15972,15996
15972,15998
15972,16004
15972,16017
15983,15991
15983,16006
15983,16016
15983,16022
15983,16037
15983,16038
15983,16040
15983,16054
15983,14281
15983,15943
15983,15961
15983,15965
15983,15968
15983,15979
15983,15996
15983,15998
15983,16004
15983,16017
15983,16021
15991,16006
15991,16016
15991,16021
15991,16022
15991,16037
15991,16038
15991,16040
15991,16054
15991,16068
15991,15960
15991,15961
15991,15965
15991,15968
15991,15979
15991,15996
15991,15998
15991,16004
15991,16017
15991,16027
15991,24105
16006,16016
16006,16021
16006,16022
16006,16037
16006,16038
16006,16040
16006,16054
16006,16068
16006,16168
16006,14069
16006,15924
16006,24741
16006,15965
16006,15968
16006,15996
16006,15998
16006,16004
16006,16017
16006,16027
16006,16033
16006,16035
16016,16021
16016,16037
16016,16038
16016,16054
16016,16068
16016,16168
16016,16185
16016,21573
16016,19496
16016,15968
16016,15979
16016,15996
16016,15998
16016,16022
16016,16027
16016,16033
16016,16035
16016,16040
16016,24727
16016,16070
16016,18960
16021,16037
16021,16038
16021,16040
16021,16054
16021,16068
16021,16168
16021,16185
16021,16193
16021,16306
16021,9126
16021,15979
16021,15996
16021,15998
16021,16004
16021,16022
16021,16027
16021,16033
16021,16035
16021,16044
16021,16046
16022,16037
16022,16038
16022,16054
16022,16068
16022,16168
16022,16185
16022,16193
16022,16200
16022,13463
16022,25963
16022,11263
16022,15996
16022,15998
16022,16017
16022,16027
16022,16033
16022,16035
16022,16040
16022,16044
16022,16046
16022,16052
16022,16955
16037,16038
16037,16040
16037,16054
16037,16168
16037,16185
16037,16193
16037,16200
16037,16210
16037,14244
16037,11060
16037,15581
16037,16004
16037,16017
16037,16027
16037,16033
16037,16035
16037,16044
16037,16053
16037,16059
16037,16063
16037,21402
16038,16040
16038,16054
16038,16068
16038,16168
16038,16185
16038,16193
16038,16200
16038,16210
16038,16252
16038,16017
16038,16027
16038,16035
16038,16044
16038,16046
16038,16052
16038,16053
16038,16059
16038,16063
16038,24795
16040,16054
16040,16068
16040,16185
16040,16193
16040,16200
16040,16252
16040,27278
16040,26968
16040,17190
16040,19289
16040,14748
16040,16017
16040,16033
16040,16035
16040,16044
16040,16046
16040,16052
16040,16053
16040,16059
16040,16070
16054,16068
16054,16168
16054,16185
16054,16193
16054,16200
16054,16210
16054,16276
16054,16294
16054,24131
16054,18170
16054,15499
16054,16035
16054,16044
16054,16046
16054,16052
16054,16053
16054,16059
16054,16063
16054,16070
16054,16075
16054,16083
16054,16087
16054,16088
16054,16101
16068,16168
16068,16185
16068,16193
16068,16200
16068,16210
16068,16252
16068,16276
16068,16294
16068,16298
16068,10263
16068,11841
16068,16044
16068,16046
16068,16052
16068,16053
16068,16059
16068,16063
16068,16070
16068,16075
16068,16087
16068,16088
16068,16101
16068,16116
16068,16117
16068,16122
16068,21057
16168,16185
16168,16193
16168,16200
16168,16210
16168,16252
16168,16276
16168,16298
16168,16306
16168,20688
16168,11558
16168,16137
16168,16150
16168,16151
16168,16153
16168,16155
16168,16157
16168,16162
16168,16165
16168,16178
16168,16179
16168,16199
16168,16208
16168,16216
16168,18271
16185,16193
16185,16200
16185,16210
16185,16252
16185,16276
16185,16294
16185,16306
16185,16337
16185,19959
16185,16151
16185,16153
16185,16155
16185,16162
16185,16165
16185,16178
16185,16179
16185,16208
16185,16216
16185,16220
16185,16225
16185,16232
16185,20776
16193,16200
16193,16210
16193,16252
16193,16294
16193,16298
16193,16306
16193,16337
16193,16349
16193,24062
16193,16832
16193,16153
16193,16155
16193,16157
16193,16162
16193,16165
16193,16199
16193,16208
16193,16216
16193,16220
16193,16225
16193,16232
16193,16234
16200,16210
16200,16252
16200,16276
16200,16294
16200,16298
16200,16306
16200,16337
16200,16349
16200,16364
16200,20939
16200,16157
16200,16165
16200,16178
16200,16179
16200,16199
16200,16208
16200,16216
16200,16225
16200,16232
16200,16234
16200,16243
16200,16246
16210,16252
16210,16276
16210,16294
16210,16298
16210,16306
16210,16337
16210,16364
16210,16381
16210,11909
16210,9834
16210,16165
16210,16178
16210,16179
16210,16208
16210,16216
16210,16220
16210,16225
16210,16232
16210,16234
16210,16243
16252,16276
16252,16294
16252,16298
16252,16306
16252,16337
16252,16349
16252,16364
16252,16381
16252,16383
16252,19036
16252,8992
16252,9913
16252,16208
16252,16216
16252,16220
16252,16225
16252,16232
16252,16234
16252,16243
16252,16246
16252,16255
16252,16272
16252,16275
16252,16277
16252,16282
16252,16284
16252,22611
16252,25231
16252,21522
16276,16306
16276,16337
16276,16349
16276,16364
16276,16381
16276,16383
16276,17538
16276,8762
16276,26998
16276,16225
16276,16232
16276,16234
16276,16246
16276,16255
16276,16272
16276,16275
16276,16282
16276,16284
16276,16287
16276,16292
16276,16294
16276,16297
16276,16298
16294,16298
16294,16306
16294,16337
16294,16349
16294,16364
16294,16381
16294,16405
16294,16415
16294,16967
16294,11092
16294,16255
16294,16272
16294,16275
16294,16282
16294,16284
16294,16287
16294,16292
16294,16297
16294,16314
16294,16319
16294,16329
16294,16332
16294,16334
16294,18103
16298,16337
16298,16349
16298,16364
16298,16381
16298,16383
16298,16405
16298,16415
16298,16419
16298,21133
16298,17940
16298,16275
16298,16277
16298,16282
16298,16284
16298,16292
16298,16306
16298,16314
16298,16319
16298,16327
16298,16329
16298,16332
16298,16334
16298,16335
16306,16337
16306,16349
16306,16364
16306,16381
16306,16383
16306,16405
16306,16415
16306,16419
16306,16452
16306,18806
16306,16277
16306,16282
16306,16284
16306,16287
16306,16292
16306,16297
16306,16314
16306,16319
16306,16329
16306,16332
16306,16334
16306,16335
16306,16339
16306,25245
16337,16349
16337,16364
16337,16381
16337,16383
16337,16405
16337,16415
16337,16419
16337,16452
16337,16470
16337,13834
16337,16319
16337,16327
16337,16329
16337,16332
16337,16334
16337,16339
16337,16353
16337,16358
16337,16359
16337,16362
16337,16366
16337,16368
16337,25685
16349,16364
16349,16381
16349,16383
16349,16405
16349,16415
16349,16419
16349,16452
16349,16470
16349,16472
16349,24957
16349,16314
16349,16319
16349,16327
16349,16329
16349,16334
16349,16335
16349,16339
16349,16353
16349,16358
16349,16359
16349,16362
16349,16366
16349,16368
16349,16369
16349,16370
16349,19980
16364,16381
16364,16383
16364,16415
16364,16452
16364,16470
16364,16472
16364,16484
16364,12231
16364,23422
16364,17102
16364,19317
16364,15207
16364,16334
16364,16335
16364,16353
16364,16358
16364,16359
16364,16362
16364,16366
16364,16368
16364,16370
16364,16372
16364,16385
16364,23428
16381,16383
16381,16405
16381,16415
16381,16419
16381,16472
16381,16484
16381,16499
16381,23612
16381,15642
16381,22214
16381,18231
16381,16358
16381,16359
16381,16362
16381,16366
16381,16368
16381,16370
16381,16372
16381,16382
16381,16385
16381,16393
16381,16408
16381,16432
16381,26312
16381,19865
16383,16405
16383,16415
16383,16419
16383,16452
16383,16470
16383,16484
16383,16499
16383,16511
16383,15842
16383,18149
16383,12941
16383,16362
16383,16366
16383,16368
16383,16369
16383,16370
16383,16372
16383,16382
16383,16385
16383,16393
16383,16408
16383,16432
16383,16435
16383,22489
16405,16415
16405,16419
16405,16452
16405,16470
16405,16472
16405,16484
16405,16499
16405,16529
16405,18094
16405,16368
16405,16369
16405,16370
16405,16372
16405,16382
16405,16385
16405,16393
16405,16408
16405,16432
16405,16435
16405,16436
16405,16442
16405,16443
16405,21601
16415,16419
16415,16452
16415,16470
16415,16472
16415,16484
16415,16499
16415,16511
16415,16529
16415,16556
16415,16372
16415,16382
16415,16385
16415,16393
16415,16408
16415,16432
16415,16435
16415,16436
16415,16442
16415,16443
16415,16447
16415,25971
16415,21941
16419,16452
16419,16470
16419,16472
16419,16484
16419,16499
16419,16511
16419,16529
16419,16556
16419,16571
16419,16372
16419,16382
16419,16385
16419,16393
16419,16408
16419,16432
16419,16435
16419,16436
16419,16442
16419,16443
16419,16447
16419,16451
16419,16454
16419,16731
16452,16470
16452,16472
16452,16484
16452,16499
16452,16511
16452,16529
16452,16556
16452,16575
16452,7571
16452,11742
16452,16432
16452,16436
16452,16442
16452,16447
16452,16451
16452,16454
16452,16456
16452,16462
16452,16465
16452,16467
16452,16468
16470,16472
16470,16484
16470,16499
16470,16511
16470,16556
16470,16571
16470,16575
16470,16590
16470,18757
16470,16451
16470,16454
16470,16456
16470,16462
16470,16465
16470,16467
16470,16473
16470,16477
16470,16483
16470,16485
16470,16491
16470,16492
16470,16494
16470,25981
16472,16499
16472,16529
16472,16556
16472,16571
16472,16575
16472,16590
16472,16652
16472,17257
16472,21180
16472,22302
16472,16454
16472,16455
16472,16456
16472,16462
16472,16465
16472,16467
16472,16468
16472,16477
16472,16483
16472,16484
16472,16485
16472,16491
16472,16494
16472,26290
16484,16499
16484,16511
16484,16529
16484,16556
16484,16571
16484,16575
16484,16590
16484,16652
16484,16656
16484,18231
16484,11745
16484,15291
16484,16462
16484,16465
16484,16467
16484,16473
16484,16477
16484,16483
16484,16485
16484,16491
16484,16492
16484,16494
16484,16500
16484,16510
16484,16514
16499,16511
16499,16529
16499,16556
16499,16575
16499,16590
16499,16652
16499,16656
16499,16707
16499,21561
16499,16638
16499,12580
16499,16473
16499,16477
16499,16483
16499,16485
16499,16491
16499,16492
16499,16494
16499,16500
16499,16510
16499,16514
16499,16516
16499,16517
16499,16519
16499,16520
16511,16529
16511,16556
16511,16571
16511,16575
16511,16590
16511,16652
16511,16656
16511,16707
16511,16708
16511,18175
16511,16483
16511,16485
16511,16491
16511,16492
16511,16494
16511,16500
16511,16510
16511,16516
16511,16517
16511,16519
16511,16520
16511,16523
16511,16524
16511,16526
16511,25317
16529,16571
16529,16575
16529,16590
16529,16652
16529,16707
16529,16708
16529,16715
16529,12874
16529,15618
16529,16514
16529,16516
16529,16517
16529,16519
16529,16520
16529,16524
16529,16526
16529,16542
16529,16546
16529,16548
16529,16551
16529,16556
16529,16565
16529,16566
16529,26110
16556,16571
16556,16590
16556,16652
16556,16656
16556,16708
16556,16715
16556,16724
16556,27289
16556,8196
16556,13842
16556,16523
16556,16524
16556,16526
16556,16539
16556,16542
16556,16546
16556,16548
16556,16551
16556,16565
16556,16572
16556,16574
16556,16575
16556,16584
16556,16596
16556,26238
16571,16575
16571,16590
16571,16652
16571,16656
16571,16707
16571,16708
16571,16715
16571,16724
16571,16726
16571,13984
16571,20982
16571,21290
16571,9947
16571,16539
16571,16542
16571,16548
16571,16551
16571,16565
16571,16566
16571,16572
16571,16574
16571,16584
16571,16596
16571,16597
16571,16599
16571,21616
16575,16590
16575,16652
16575,16656
16575,16707
16575,16708
16575,16715
16575,16724
16575,16726
16575,16732
16575,16546
16575,16548
16575,16551
16575,16565
16575,16566
16575,16572
16575,16574
16575,16584
16575,16596
16575,16597
16575,16598
16575,16599
16575,16613
16575,16615
16575,16620
16590,16652
16590,16656
16590,16707
16590,16708
16590,16724
16590,16726
16590,16732
16590,16733
16590,8908
16590,10309
16590,12839
16590,16551
16590,16565
16590,16572
16590,16574
16590,16584
16590,16596
16590,16597
16590,16598
16590,16599
16590,16613
16590,16615
16590,16620
16590,16628
16652,16656
16652,16707
16652,16708
16652,16715
16652,16726
16652,16732
16652,16745
16652,17767
16652,17349
16652,9565
16652,16598
16652,16599
16652,16620
16652,16628
16652,16635
16652,16638
16652,16646
16652,16655
16652,16659
16652,16663
16652,16666
16652,16669
16652,16670
16652,16674
16652,16675
16656,16707
16656,16708
16656,16715
16656,16724
16656,16726
16656,16732
16656,16733
16656,16745
16656,16759
16656,22781
16656,15998
16656,16613
16656,16615
16656,16620
16656,16635
16656,16638
16656,16646
16656,16655
16656,16659
16656,16666
16656,16669
16656,16670
16656,16674
16656,16675
16656,16676
16656,21239
16707,16708
16707,16715
16707,16724
16707,16726
16707,16733
16707,16759
16707,16781
16707,8315
16707,27219
16707,11546
16707,16674
16707,16675
16707,16676
16707,16683
16707,16688
16707,16701
16707,16702
16707,16704
16707,16706
16707,16712
16707,16731
16707,16732
16707,16734
16708,16715
16708,16724
16708,16726
16708,16732
16708,16733
16708,16745
16708,16759
16708,16781
16708,16796
16708,17891
16708,15217
16708,16675
16708,16676
16708,16683
16708,16688
16708,16701
16708,16702
16708,16704
16708,16706
16708,16734
16708,16737
16708,22222
16715,16724
16715,16726
16715,16732
16715,16733
16715,16745
16715,16759
16715,16796
16715,16802
16715,22944
16715,16683
16715,16688
16715,16701
16715,16702
16715,16704
16715,16712
16715,16731
16715,16734
16715,16737
16715,16741
16715,16743
16724,16726
16724,16732
16724,16733
16724,16745
16724,16759
16724,16781
16724,16796
16724,16803
16724,12976
16724,16688
16724,16701
16724,16702
16724,16704
16724,16706
16724,16712
16724,16731
16724,16734
16724,16737
16724,16741
16724,16743
16726,16732
16726,16733
16726,16745
16726,16759
16726,16781
16726,16796
16726,16802
16726,16803
16726,16806
16726,27102
16726,16701
16726,16702
16726,16706
16726,16712
16726,16731
16726,16734
16726,16737
16726,16741
16726,16743
16726,16749
16726,24000
16732,16733
16732,16745
16732,16759
16732,16781
16732,16796
16732,16802
16732,16846
16732,26225
16732,22444
16732,20407
16732,22100
16732,16704
16732,16706
16732,16712
16732,16731
16732,16734
16732,16737
16732,16741
16732,16743
16732,16749
16732,16751
16732,16755
16733,16745
16733,16759
16733,16781
16733,16796
16733,16802
16733,16803
16733,16806
16733,16846
16733,16850
16733,13165
16733,21034
16733,16706
16733,16731
16733,16734
16733,16737
16733,16741
16733,16743
16733,16749
16733,16751
16733,16755
16745,16759
16745,16796
16745,16802
16745,16803
16745,16806
16745,16846
16745,16850
16745,16881
16745,18694
16745,12404
16745,15525
16745,16731
16745,16734
16745,16737
16745,16741
16745,16743
16745,16749
16745,16751
16745,16755
16745,16763
16745,16769
16745,16779
16745,16780
16745,20566
16759,16781
16759,16796
16759,16802
16759,16803
16759,16806
16759,16846
16759,16850
16759,16881
16759,16734
16759,16737
16759,16741
16759,16743
16759,16749
16759,16751
16759,16755
16759,16763
16759,16769
16759,16772
16759,16779
16759,16780
16759,16789
16759,16800
16759,20361
16781,16796
16781,16803
16781,16806
16781,16846
16781,16850
16781,16881
16781,16889
16781,16901
16781,20316
16781,24425
16781,13972
16781,16749
16781,16751
16781,16755
16781,16763
16781,16769
16781,16772
16781,16779
16781,16789
16781,16800
16781,16802
16781,16814
16781,16817
16796,16802
16796,16803
16796,16806
16796,16846
16796,16881
16796,16889
16796,16901
16796,16908
16796,22428
16796,16972
16796,19448
16796,16755
16796,16763
16796,16769
16796,16772
16796,16779
16796,16780
16796,16789
16796,16800
16796,16814
16796,16817
16796,16821
16796,16823
16796,23401
16796,21164
16796,25025
16802,16803
16802,16806
16802,16846
16802,16850
16802,16881
16802,16889
16802,16901
16802,16918
16802,11823
16802,10197
16802,16763
16802,16769
16802,16772
16802,16779
16802,16780
16802,16800
16802,16809
16802,16814
16802,16817
16802,16821
16802,16830
16802,16831
16803,16806
16803,16846
16803,16850
16803,16881
16803,16889
16803,16901
16803,16908
16803,16918
16803,16929
16803,25470
16803,21007
16803,14539
16803,16772
16803,16779
16803,16780
16803,16789
16803,16800
16803,16809
16803,16814
16803,16821
16803,16823
16803,16830
16803,16831
16803,16832
16803,17964
16803,24192
16806,16846
16806,16850
16806,16881
16806,16889
16806,16901
16806,16908
16806,16929
16806,16947
16806,20339
16806,23340
16806,19608
16806,13121
16806,16468
16806,16772
16806,16779
16806,16780
16806,16789
16806,16800
16806,16817
16806,16821
16806,16823
16806,16830
16806,16831
16806,16832
16806,16833
16846,16881
16846,16889
16846,16901
16846,16908
16846,16918
16846,16929
16846,16967
16846,13352
16846,23033
16846,16817
16846,16821
16846,16823
16846,16830
16846,16831
16846,16832
16846,16833
16846,16837
16846,16840
16846,16850
16846,16852
16846,16854
16846,16855
16846,16856
16846,16859
16846,16862
16846,16869
16850,16881
16850,16901
16850,16908
16850,16918
16850,16929
16850,16967
16850,16994
16850,25660
16850,16823
16850,16830
16850,16831
16850,16832
16850,16833
16850,16837
16850,16840
16850,16849
16850,16852
16850,16854
16850,16855
16850,16856
16850,16859
16850,16869
16850,17022
16850,21230
16850,22115
16881,16889
16881,16901
16881,16908
16881,16918
16881,16929
16881,16947
16881,16967
16881,16994
16881,17016
16881,15367
16881,16849
16881,16852
16881,16854
16881,16855
16881,16856
16881,16859
16881,16862
16881,16869
16881,16882
16881,16898
16881,16906
16881,16914
16881,16916
16889,16901
16889,16908
16889,16918
16889,16929
16889,16967
16889,16994
16889,17016
16889,17035
16889,19608
16889,20371
16889,16852
16889,16854
16889,16855
16889,16856
16889,16859
16889,16862
16889,16869
16889,16882
16889,16898
16889,16906
16889,16914
16889,16916
16889,16922
16889,16926
16901,16908
16901,16918
16901,16929
16901,16947
16901,16967
16901,16994
16901,17016
16901,17035
16901,20263
16901,23812
16901,16855
16901,16856
16901,16859
16901,16862
16901,16869
16901,16898
16901,16906
16901,16914
16901,16916
16901,16922
16901,16926
16901,16932
16901,27323
16908,16918
16908,16929
16908,16947
16908,16967
16908,16994
16908,17016
16908,17035
16908,17049
16908,17061
16908,16369
16908,21366
16908,16179
16908,16859
16908,16862
16908,16869
16908,16882
16908,16898
16908,16914
16908,16916
16908,16922
16908,16938
16908,16944
16918,16929
16918,16967
16918,16994
16918,17016
16918,17035
16918,17049
16918,17061
16918,17066
16918,13123
16918,16817
16918,23393
16918,16148
16918,16882
16918,16898
16918,16906
16918,16914
16918,16916
16918,16922
16918,16926
16918,16932
16918,16938
16918,16944
16918,16947
16918,16951
16918,16952
16929,16947
16929,16967
16929,16994
16929,17016
16929,17035
16929,17049
16929,17061
16929,17066
16929,17072
16929,13897
16929,23305
16929,16898
16929,16906
16929,16914
16929,16916
16929,16922
16929,16926
16929,16932
16929,16938
16929,16951
16929,16952
16929,16955
16929,16956
16929,16965
16929,24034
16947,16967
16947,16994
16947,17016
16947,17035
16947,17049
16947,17061
16947,17066
16947,17072
16947,17102
16947,16914
16947,16916
16947,16922
16947,16926
16947,16932
16947,16938
16947,16944
16947,16951
16947,16952
16947,16956
16947,16965
16947,16968
16947,16971
16947,16972
16947,25034
16967,16994
16967,17035
16967,17049
16967,17066
16967,17072
16967,17102
16967,17140
16967,25660
16967,16243
16967,16932
16967,16938
16967,16944
16967,16951
16967,16952
16967,16955
16967,16956
16967,16965
16967,16968
16967,16971
16967,16972
16967,16976
16967,16980
16967,16981
16967,16986
16967,16987
16967,16990
16994,17016
16994,17035
16994,17049
16994,17066
16994,17072
16994,17102
16994,17140
16994,17147
16994,20039
16994,16968
16994,16971
16994,16972
16994,16980
16994,16981
16994,16986
16994,16987
16994,16990
16994,16996
16994,16999
16994,17011
16994,17017
16994,17019
16994,17020
16994,17021
16994,17022
17016,17035
17016,17049
17016,17066
17016,17072
17016,17102
17016,17140
17016,17147
17016,17168
17016,16980
17016,16981
17016,16986
17016,16987
17016,16990
17016,16996
17016,16999
17016,17011
17016,17017
17016,17019
17016,17020
17016,17021
17016,17022
17016,17026
17016,17048
17035,17049
17035,17061
17035,17066
17035,17072
17035,17102
17035,17140
17035,17147
17035,17168
17035,17185
17035,16999
17035,17011
17035,17017
17035,17019
17035,17020
17035,17021
17035,17022
17035,17026
17035,17048
17035,17053
17035,17058
17035,17077
17035,25204
17049,17061
17049,17066
17049,17072
17049,17102
17049,17140
17049,17147
17049,17168
17049,17185
17049,17203
17049,13015
17049,17017
17049,17020
17049,17021
17049,17026
17049,17048
17049,17053
17049,17058
17049,17059
17049,17077
17049,17079
17049,17083
17049,22774
17049,25343
17061,17066
17061,17072
17061,17102
17061,17147
17061,17168
17061,17185
17061,17203
17061,17209
17061,18235
17061,15100
17061,15736
17061,17021
17061,17022
17061,17026
17061,17048
17061,17053
17061,17058
17061,17059
17061,17077
17061,17079
17061,17083
17061,17089
17061,17090
17061,17092
17066,17072
17066,17102
17066,17140
17066,17147
17066,17168
17066,17185
17066,17203
17066,17209
17066,17221
17066,7983
17066,15482
17066,17022
17066,17026
17066,17048
17066,17053
17066,17058
17066,17059
17066,17077
17066,17079
17066,17083
17066,17087
17066,17089
17066,17090
17066,17094
17066,18306
17072,17102
17072,17140
17072,17147
17072,17168
17072,17185
17072,17203
17072,17209
17072,17221
17072,17229
17072,17026
17072,17048
17072,17053
17072,17058
17072,17059
17072,17077
17072,17079
17072,17083
17072,17087
17072,17089
17072,17090
17072,17092
17072,17094
17102,17140
17102,17147
17102,17168
17102,17185
17102,17203
17102,17209
17102,17221
17102,17230
17102,23582
17102,14184
17102,17077
17102,17079
17102,17083
17102,17087
17102,17090
17102,17092
17102,17094
17102,17100
17102,17107
17102,17121
17102,17131
17102,17132
17102,17143
17102,17145
17140,17147
17140,17168
17140,17185
17140,17209
17140,17229
17140,17230
17140,17232
17140,23004
17140,11442
17140,19188
17140,17092
17140,17094
17140,17100
17140,17107
17140,17121
17140,17131
17140,17132
17140,17137
17140,17143
17140,17144
17140,17145
17140,17146
17140,17148
17140,17149
17140,17153
17140,17155
17147,17168
17147,17185
17147,17203
17147,17221
17147,17229
17147,17230
17147,17232
17147,17259
17147,11230
17147,12776
17147,17121
17147,17131
17147,17132
17147,17137
17147,17143
17147,17145
17147,17146
17147,17148
17147,17149
17147,17153
17147,17155
17147,17157
17147,17162
17147,17179
17147,23946
17147,24898
17168,17185
17168,17203
17168,17209
17168,17221
17168,17229
17168,17230
17168,17232
17168,17259
17168,17265
17168,8361
17168,21770
17168,17145
17168,17146
17168,17148
17168,17149
17168,17153
17168,17155
17168,17157
17168,17171
17168,17179
17168,17183
17168,17190
17168,17196
17168,22480
17168,18095
17185,17203
17185,17209
17185,17221
17185,17229
17185,17230
17185,17232
17185,17259
17185,17265
17185,17272
17185,10904
17185,14395
17185,17149
17185,17153
17185,17155
17185,17157
17185,17162
17185,17171
17185,17179
17185,17183
17185,17190
17185,17194
17185,17195
17185,17196
17185,17205
17185,17210
17185,17215
17185,21494
17203,17209
17203,17221
17203,17232
17203,17259
17203,17272
17203,17292
17203,25385
17203,17819
17203,10315
17203,25713
17203,17171
17203,17179
17203,17183
17203,17190
17203,17196
17203,17205
17203,17210
17203,17215
17203,17218
17203,17219
17203,17229
17203,17230
17209,17221
17209,17229
17209,17230
17209,17232
17209,17259
17209,17265
17209,17272
17209,17292
17209,17295
17209,16155
17209,17190
17209,17194
17209,17195
17209,17196
17209,17205
17209,17210
17209,17215
17209,17218
17209,17219
17209,17231
17221,17229
17221,17230
17221,17232
17221,17259
17221,17265
17221,17272
17221,17292
17221,17295
17221,17302
17221,16101
17221,13755
17221,7691
17221,23324
17221,17195
17221,17196
17221,17205
17221,17210
17221,17215
17221,17218
17221,17219
17221,17231
17221,17242
17221,17250
17221,17251
17221,20791
17221,22984
17229,17230
17229,17232
17229,17259
17229,17265
17229,17272
17229,17292
17229,17295
17229,17302
17229,17305
17229,10263
17229,17179
17229,21770
17229,17196
17229,17205
17229,17210
17229,17215
17229,17218
17229,17219
17229,17231
17229,17242
17229,17250
17229,17251
17229,17257
17229,22509
17229,22667
17230,17232
17230,17259
17230,17265
17230,17272
17230,17292
17230,17295
17230,17302
17230,17305
17230,17327
17230,20163
17230,17205
17230,17210
17230,17215
17230,17218
17230,17219
17230,17231
17230,17242
17230,17250
17230,17251
17230,17257
17230,17258
17230,25399
17230,20876
17232,17259
17232,17265
17232,17272
17232,17292
17232,17295
17232,17302
17232,17305
17232,17349
17232,25840
17232,17539
17232,17210
17232,17215
17232,17218
17232,17219
17232,17231
17232,17242
17232,17250
17232,17257
17232,17258
17232,17260
17232,17270
17259,17265
17259,17272
17259,17292
17259,17302
17259,17305
17259,17327
17259,17349
17259,17357
17259,17231
17259,17242
17259,17250
17259,17257
17259,17258
17259,17260
17259,17270
17259,17271
17259,17274
17259,17279
17259,17280
17259,17287
17265,17272
17265,17292
17265,17302
17265,17305
17265,17327
17265,17357
17265,17359
17265,27251
17265,27350
17265,17242
17265,17250
17265,17251
17265,17257
17265,17258
17265,17260
17265,17270
17265,17271
17265,17274
17265,17279
17265,17280
17265,17287
17265,17289
17265,17291
17265,20205
17272,17292
17272,17295
17272,17302
17272,17327
17272,17349
17272,17357
17272,17359
17272,17365
17272,24155
17272,17250
17272,17251
17272,17257
17272,17258
17272,17260
17272,17270
17272,17271
17272,17274
17272,17279
17272,17280
17272,17287
17272,17289
17272,17291
17292,17295
17292,17305
17292,17327
17292,17349
17292,17357
17292,17359
17292,17365
17292,17408
17292,22435
17292,22611
17292,17270
17292,17271
17292,17274
17292,17279
17292,17280
17292,17287
17292,17289
17292,17291
17292,17302
17292,17309
17292,17315
17292,17321
17292,17331
17292,17334
17292,24784
17295,17302
17295,17305
17295,17327
17295,17349
17295,17357
17295,17359
17295,17365
17295,17408
17295,11210
17295,13348
17295,17271
17295,17279
17295,17280
17295,17287
17295,17289
17295,17291
17295,17309
17295,17315
17295,17321
17295,17331
17295,17335
17295,25947
17302,17305
17302,17327
17302,17349
17302,17357
17302,17359
17302,17365
17302,17408
17302,17428
17302,17469
17302,7983
17302,17274
17302,17279
17302,17280
17302,17287
17302,17289
17302,17291
17302,17309
17302,17315
17302,17321
17302,17334
17302,17335
17302,17337
17302,18258
17305,17327
17305,17349
17305,17357
17305,17359
17305,17365
17305,17408
17305,17428
17305,17469
17305,17471
17305,26328
17305,26544
17305,11263
17305,23555
17305,17274
17305,17279
17305,17280
17305,17287
17305,17289
17305,17291
17305,17309
17305,17315
17305,17321
17305,17331
17305,17334
17305,17335
17305,17338
17305,22092
17305,19561
17327,17349
17327,17357
17327,17359
17327,17365
17327,17408
17327,17428
17327,17469
17327,17471
17327,17478
17327,8161
17327,17289
17327,17291
17327,17309
17327,17315
17327,17331
17327,17334
17327,17335
17327,17338
17327,17340
17327,17343
17327,17344
17327,27380
17349,17357
17349,17359
17349,17365
17349,17408
17349,17428
17349,17471
17349,17478
17349,17486
17349,9546
17349,16734
17349,8137
17349,25310
17349,12894
17349,17331
17349,17334
17349,17335
17349,17337
17349,17338
17349,17340
17349,17343
17349,17344
17349,17351
17349,17355
17349,17356
17349,17360
17349,17363
17349,17366
17349,25898
17357,17359
17357,17365
17357,17408
17357,17428
17357,17469
17357,17471
17357,17478
17357,17486
17357,26255
17357,17337
17357,17338
17357,17340
17357,17343
17357,17344
17357,17351
17357,17355
17357,17356
17357,17360
17357,17363
17357,17366
17357,17368
17357,17375
17357,17395
17357,17404
17357,21891
17359,17365
17359,17408
17359,17428
17359,17471
17359,17478
17359,17492
17359,17504
17359,11345
17359,24684
17359,22565
17359,17338
17359,17340
17359,17343
17359,17344
17359,17351
17359,17355
17359,17356
17359,17360
17359,17363
17359,17366
17359,17368
17359,17395
17359,17404
17365,17428
17365,17469
17365,17471
17365,17478
17365,17486
17365,17492
17365,17504
17365,17517
17365,11593
17365,17728
17365,23161
17365,12612
17365,13456
17365,17344
17365,17351
17365,17355
17365,17356
17365,17360
17365,17363
17365,17366
17365,17368
17365,17395
17365,17404
17365,17415
17365,17422
17365,22579
17408,17428
17408,17469
17408,17471
17408,17478
17408,17486
17408,17492
17408,17504
17408,17517
17408,17521
17408,8113
17408,17360
17408,17363
17408,17366
17408,17368
17408,17375
17408,17395
17408,17404
17408,17415
17408,17421
17408,17422
17408,17436
17408,17439
17408,17443
17408,17450
17408,24047
17428,17469
17428,17471
17428,17478
17428,17486
17428,17504
17428,17517
17428,17521
17428,17524
17428,24073
17428,8224
17428,17368
17428,17375
17428,17395
17428,17404
17428,17415
17428,17421
17428,17422
17428,17426
17428,17436
17428,17439
17428,17443
17428,17450
17428,17455
17428,17457
17428,17462
17428,17463
17428,17466
17428,26183
17469,17471
17469,17478
17469,17486
17469,17492
17469,17504
17469,17517
17469,17524
17469,17525
17469,25994
17469,17439
17469,17443
17469,17450
17469,17455
17469,17457
17469,17462
17469,17463
17469,17466
17469,17477
17469,17483
17469,17498
17469,20667
17471,17478
17471,17492
17471,17504
17471,17521
17471,17524
17471,17525
17471,17532
17471,26892
17471,11600
17471,25483
17471,17439
17471,17443
17471,17450
17471,17455
17471,17457
17471,17462
17471,17463
17471,17466
17471,17477
17471,17483
17471,17486
17471,17494
17471,17498
17471,17506
17478,17486
17478,17492
17478,17504
17478,17517
17478,17521
17478,17525
17478,17538
17478,24870
17478,24886
17478,17450
17478,17455
17478,17457
17478,17462
17478,17463
17478,17466
17478,17477
17478,17483
17478,17494
17478,17498
17478,17506
17478,17515
17486,17492
17486,17504
17486,17517
17486,17521
17486,17524
17486,17525
17486,17532
17486,17538
17486,17545
17486,17457
17486,17462
17486,17463
17486,17466
17486,17477
17486,17483
17486,17494
17486,17498
17486,17506
17486,17515
17486,20619
17492,17504
17492,17517
17492,17524
17492,17525
17492,17532
17492,17538
17492,17545
17492,17563
17492,27256
17492,11620
17492,17462
17492,17463
17492,17466
17492,17477
17492,17483
17492,17494
17492,17498
17492,17506
17492,17515
17504,17517
17504,17521
17504,17524
17504,17525
17504,17532
17504,17538
17504,17545
17504,17575
17504,24910
17504,16477
17504,17477
17504,17483
17504,17494
17504,17498
17504,17506
17504,17515
17504,17528
17504,17529
17517,17521
17517,17524
17517,17525
17517,17532
17517,17538
17517,17545
17517,17563
17517,17575
17517,17579
17517,17483
17517,17494
17517,17498
17517,17506
17517,17515
17517,17529
17517,17535
17517,23970
17517,18828
17521,17524
17521,17525
17521,17532
17521,17538
17521,17545
17521,17575
17521,17579
17521,17591
17521,22621
17521,14429
17521,17483
17521,17494
17521,17498
17521,17506
17521,17515
17521,17528
17521,17529
17521,17535
17521,17536
17521,17539
17524,17525
17524,17532
17524,17538
17524,17545
17524,17563
17524,17575
17524,17579
17524,17591
17524,17617
17524,17498
17524,17515
17524,17528
17524,17529
17524,17535
17524,17536
17524,17539
17525,17532
17525,17538
17525,17545
17525,17575
17525,17579
17525,17591
17525,17617
17525,17620
17525,17494
17525,17498
17525,17506
17525,17528
17525,17529
17525,17535
17525,17536
17525,17539
17525,17548
17532,17538
17532,17563
17532,17575
17532,17579
17532,17591
17532,17617
17532,17620
17532,17631
17532,23080
17532,17506
17532,17515
17532,17528
17532,17529
17532,17535
17532,17539
17532,17545
17532,17548
17532,17549
17532,17552
17532,17554
17532,23610
17532,26322
17538,17545
17538,17575
17538,17579
17538,17591
17538,17617
17538,17620
17538,17631
17538,17662
17538,13972
17538,17528
17538,17529
17538,17535
17538,17536
17538,17539
17538,17548
17538,17549
17538,17552
17538,17555
17538,17557
17538,17559
17538,24735
17545,17563
17545,17575
17545,17579
17545,17591
17545,17617
17545,17620
17545,17662
17545,17674
17545,23428
17545,18490
17545,13218
17545,17529
17545,17535
17545,17536
17545,17539
17545,17548
17545,17549
17545,17552
17545,17554
17545,17555
17545,17557
17545,17559
17545,27240
17563,17575
17563,17579
17563,17591
17563,17617
17563,17620
17563,17631
17563,17662
17563,17674
17563,17704
17563,14791
17563,17539
17563,17548
17563,17549
17563,17552
17563,17554
17563,17555
17563,17557
17563,17559
17563,17568
17563,17581
17563,17587
17563,17588
17563,17594
17563,25847
17575,17579
17575,17591
17575,17617
17575,17620
17575,17631
17575,17662
17575,17674
17575,17704
17575,17741
17575,22790
17575,17548
17575,17549
17575,17552
17575,17554
17575,17555
17575,17557
17575,17559
17575,17568
17575,17581
17575,17587
17575,17588
17575,17594
17575,17597
17575,17600
17575,17603
17579,17591
17579,17617
17579,17620
17579,17631
17579,17662
17579,17674
17579,17704
17579,17741
17579,17754
17579,17552
17579,17554
17579,17555
17579,17557
17579,17559
17579,17581
17579,17587
17579,17588
17579,17594
17579,17597
17579,17600
17579,17603
17591,17617
17591,17620
17591,17631
17591,17662
17591,17674
17591,17704
17591,17741
17591,17754
17591,17783
17591,17557
17591,17559
17591,17568
17591,17581
17591,17587
17591,17588
17591,17594
17591,17597
17591,17600
17591,17603
17591,17618
17591,17622
17591,17625
17591,23314
17617,17620
17617,17631
17617,17662
17617,17674
17617,17704
17617,17754
17617,17783
17617,17793
17617,20968
17617,16443
17617,17581
17617,17587
17617,17588
17617,17594
17617,17597
17617,17600
17617,17603
17617,17618
17617,17622
17617,17625
17617,17630
17617,17635
17617,17647
17617,17650
17617,18000
17617,27245
17620,17631
17620,17662
17620,17674
17620,17704
17620,17741
17620,17754
17620,17793
17620,17795
17620,14217
17620,9834
17620,15398
17620,17587
17620,17594
17620,17597
17620,17600
17620,17603
17620,17618
17620,17622
17620,17625
17620,17630
17620,17635
17620,17647
17620,17650
17620,17656
17620,21859
17631,17674
17631,17704
17631,17741
17631,17783
17631,17793
17631,17816
17631,26938
17631,25323
17631,11652
17631,17597
17631,17600
17631,17603
17631,17625
17631,17630
17631,17635
17631,17647
17631,17650
17631,17654
17631,17656
17631,17657
17631,17660
17631,17662
17631,17665
17662,17674
17662,17741
17662,17754
17662,17783
17662,17793
17662,17795
17662,17816
17662,17819
17662,12347
17662,13566
17662,17630
17662,17635
17662,17647
17662,17650
17662,17654
17662,17656
17662,17657
17662,17660
17662,17665
17662,17666
17662,17668
17662,17673
17662,17676
17662,17677
17662,17689
17674,17704
17674,17741
17674,17754
17674,17783
17674,17793
17674,17795
17674,17816
17674,17819
17674,17823
17674,24470
17674,17656
17674,17660
17674,17665
17674,17666
17674,17667
17674,17673
17674,17676
17674,17677
17674,17689
17674,17695
17674,17702
17674,17703
17674,17705
17674,17712
17674,26791
17704,17754
17704,17793
17704,17795
17704,17816
17704,17819
17704,17823
17704,17845
17704,18256
17704,14880
17704,13096
17704,25728
17704,17668
17704,17673
17704,17676
17704,17677
17704,17689
17704,17695
17704,17702
17704,17703
17704,17705
17704,17712
17704,17715
17704,17717
17704,17718
17704,17725
17704,17728
17704,17732
17704,21447
17704,21774
17741,17754
17741,17783
17741,17793
17741,17795
17741,17816
17741,17819
17741,17845
17741,17884
17741,20548
17741,23681
17741,17712
17741,17715
17741,17717
17741,17718
17741,17725
17741,17732
17741,17735
17741,17740
17741,17749
17741,17750
17741,17752
17741,17767
17741,17768
17741,17769
17741,17774
17741,17776
17754,17783
17754,17793
17754,17795
17754,17816
17754,17819
17754,17823
17754,17845
17754,17884
17754,17890
17754,18538
17754,17725
17754,17728
17754,17732
17754,17735
17754,17740
17754,17750
17754,17767
17754,17768
17754,17769
17754,17774
17754,17776
17754,17781
17754,17785
17754,17787
17783,17793
17783,17795
17783,17816
17783,17819
17783,17823
17783,17845
17783,17884
17783,17890
17783,17891
17783,23253
17783,17750
17783,17752
17783,17767
17783,17768
17783,17774
17783,17776
17783,17781
17783,17785
17783,17787
17783,17788
17783,17792
17783,17798
17783,17802
17783,17806
17783,23693
17793,17795
17793,17816
17793,17819
17793,17823
17793,17845
17793,17890
17793,17891
17793,17892
17793,14365
17793,8155
17793,17769
17793,17774
17793,17776
17793,17785
17793,17787
17793,17788
17793,17792
17793,17798
17793,17802
17793,17806
17793,17817
17793,17821
17795,17816
17795,17819
17795,17823
17795,17845
17795,17884
17795,17890
17795,17891
17795,17892
17795,17911
17795,22186
17795,17774
17795,17776
17795,17781
17795,17785
17795,17787
17795,17788
17795,17792
17795,17798
17795,17802
17795,17806
17795,17817
17795,17821
17816,17819
17816,17823
17816,17845
17816,17884
17816,17890
17816,17891
17816,17892
17816,17911
17816,17920
17816,9815
17816,17785
17816,17787
17816,17788
17816,17792
17816,17798
17816,17802
17816,17806
17816,17821
17816,17822
17816,17824
17816,17828
17816,17834
17816,17840
17816,26207
17819,17823
17819,17845
17819,17884
17819,17890
17819,17891
17819,17892
17819,17911
17819,17920
17819,17923
17819,14927
17819,17788
17819,17792
17819,17798
17819,17802
17819,17806
17819,17817
17819,17821
17819,17822
17819,17824
17819,17828
17819,17834
17819,17840
17819,17853
17819,25989
17823,17845
17823,17884
17823,17890
17823,17891
17823,17892
17823,17911
17823,17920
17823,17924
17823,21604
17823,17798
17823,17802
17823,17806
17823,17817
17823,17821
17823,17822
17823,17824
17823,17828
17823,17834
17823,17840
17823,17853
17823,17860
17823,17861
17823,17863
17845,17884
17845,17890
17845,17891
17845,17892
17845,17911
17845,17920
17845,17923
17845,17924
17845,17821
17845,17822
17845,17824
17845,17828
17845,17834
17845,17853
17845,17860
17845,17863
17845,17864
17845,17868
17845,17873
17845,17876
17845,17878
17845,18967
17884,17890
17884,17891
17884,17892
17884,17911
17884,17920
17884,17923
17884,17924
17884,17960
17884,17962
17884,15968
17884,14249
17884,17860
17884,17864
17884,17868
17884,17873
17884,17876
17884,17878
17884,17883
17884,17886
17884,17893
17884,17900
17884,17908
17884,17909
17890,17891
17890,17892
17890,17911
17890,17920
17890,17923
17890,17924
17890,17960
17890,17962
17890,17981
17890,12327
17890,17863
17890,17868
17890,17873
17890,17878
17890,17883
17890,17886
17890,17893
17890,17900
17890,17909
17890,17912
17890,17918
17890,18544
17891,17892
17891,17911
17891,17920
17891,17923
17891,17924
17891,17960
17891,17962
17891,17981
17891,18018
17891,17864
17891,17868
17891,17873
17891,17876
17891,17878
17891,17883
17891,17893
17891,17900
17891,17908
17891,17909
17891,17912
17891,17918
17891,17919
17892,17911
17892,17920
17892,17923
17892,17924
17892,17960
17892,17962
17892,17981
17892,18018
17892,18032
17892,19890
17892,20673
17892,17079
17892,17868
17892,17873
17892,17876
17892,17878
17892,17883
17892,17886
17892,17893
17892,17908
17892,17909
17892,17918
17911,17920
17911,17960
17911,17962
17911,17981
17911,18032
17911,18036
17911,26845
17911,9323
17911,17886
17911,17893
17911,17900
17911,17908
17911,17909
17911,17912
17911,17918
17911,17922
17911,17923
17911,17924
17911,17938
17911,17940
17920,17923
17920,17924
17920,17960
17920,17962
17920,17981
17920,18018
17920,18032
17920,18036
17920,18069
17920,17893
17920,17900
17920,17908
17920,17909
17920,17912
17920,17918
17920,17922
17920,17938
17920,17940
17920,17942
17920,17945
17920,17950
17923,17924
17923,17960
17923,17962
17923,17981
17923,18018
17923,18032
17923,18069
17923,18087
17923,14340
17923,24410
17923,17900
17923,17908
17923,17909
17923,17912
17923,17918
17923,17919
17923,17922
17923,17938
17923,17940
17923,17942
17923,17945
17923,17947
17923,17950
17923,17951
17923,17952
17923,23138
17923,23596
17924,17960
17924,17962
17924,17981
17924,18018
17924,18032
17924,18093
17924,24395
17924,23995
17924,17908
17924,17912
17924,17918
17924,17919
17924,17922
17924,17938
17924,17940
17924,17945
17924,17947
17924,17950
17924,17951
17924,17952
17924,17954
17924,21154
17960,17962
17960,17981
17960,18018
17960,18036
17960,18069
17960,18087
17960,18093
17960,18095
17960,11130
17960,18169
17960,17940
17960,17942
17960,17945
17960,17947
17960,17950
17960,17952
17960,17954
17960,17964
17960,17966
17960,17969
17960,17970
17960,17979
17960,17986
17962,17981
17962,18018
17962,18032
17962,18036
17962,18069
17962,18093
17962,18095
17962,18149
17962,22931
17962,11394
17962,12458
17962,12745
17962,17942
17962,17945
17962,17947
17962,17950
17962,17951
17962,17952
17962,17956
17962,17964
17962,17966
17962,17969
17962,17970
17962,17983
17962,17986
17981,18018
17981,18032
17981,18036
17981,18069
17981,18087
17981,18093
17981,18095
17981,18149
17981,17162
17981,16926
17981,16451
17981,17954
17981,17956
17981,17966
17981,17969
17981,17970
17981,17979
17981,17983
17981,17986
17981,17988
17981,17989
17981,18000
17981,18003
17981,18004
17981,18008
18018,18032
18018,18036
18018,18069
18018,18087
18018,18093
18018,18095
18018,18149
18018,18159
18018,21850
18018,13163
18018,17986
18018,17987
18018,17988
18018,17989
18018,18004
18018,18008
18018,18012
18018,18019
18018,18024
18018,18028
18018,18038
18018,18055
18032,18036
18032,18069
18032,18087
18032,18093
18032,18095
18032,18149
18032,18154
18032,18159
18032,18169
18032,18760
18032,26126
18032,8711
18032,18000
18032,18003
18032,18004
18032,18008
18032,18019
18032,18024
18032,18028
18032,18038
18032,18050
18032,18054
18032,18055
18032,18062
18032,18070
18032,18083
18032,21322
18036,18069
18036,18087
18036,18093
18036,18095
18036,18149
18036,18154
18036,18159
18036,18169
18036,18175
18036,16033
18036,25423
18036,26397
18036,18003
18036,18004
18036,18008
18036,18012
18036,18019
18036,18028
18036,18050
18036,18054
18036,18055
18036,18062
18036,18070
18036,18083
18036,18086
18069,18087
18069,18093
18069,18095
18069,18154
18069,18159
18069,18169
18069,18175
18069,18192
18069,17477
18069,20046
18069,26062
18069,26429
18069,18024
18069,18028
18069,18038
18069,18050
18069,18054
18069,18055
18069,18062
18069,18070
18069,18083
18069,18086
18069,18088
18069,18089
18069,22390
18087,18093
18087,18149
18087,18154
18087,18192
18087,18202
18087,10177
18087,11245
18087,22299
18087,18038
18087,18050
18087,18054
18087,18055
18087,18062
18087,18070
18087,18083
18087,18086
18087,18088
18087,18089
18087,18094
18087,18095
18087,18101
18087,18103
18087,18105
18087,18120
18093,18095
18093,18149
18093,18154
18093,18159
18093,18169
18093,18175
18093,18192
18093,18231
18093,19437
18093,25406
18093,20108
18093,18055
18093,18062
18093,18070
18093,18083
18093,18086
18093,18088
18093,18094
18093,18101
18093,18103
18093,18105
18093,18120
18093,18124
18093,18128
18093,18130
18095,18149
18095,18154
18095,18159
18095,18169
18095,18175
18095,18192
18095,18202
18095,18233
18095,13780
18095,26429
18095,27289
18095,18070
18095,18083
18095,18086
18095,18088
18095,18089
18095,18094
18095,18101
18095,18103
18095,18105
18095,18124
18095,18128
18095,18130
18095,18132
18095,18137
18149,18154
18149,18159
18149,18169
18149,18175
18149,18202
18149,18231
18149,18233
18149,18256
18149,20098
18149,18120
18149,18124
18149,18128
18149,18130
18149,18137
18149,18141
18149,18144
18149,18157
18149,18158
18149,18160
18149,18167
18149,18170
18149,22564
18154,18159
18154,18169
18154,18175
18154,18192
18154,18231
18154,18233
18154,18256
18154,18259
18154,26991
18154,18306
18154,11909
18154,18124
18154,18128
18154,18130
18154,18137
18154,18141
18154,18144
18154,18145
18154,18157
18154,18158
18154,18160
18154,18167
18154,18170
18159,18169
18159,18192
18159,18202
18159,18231
18159,18233
18159,18256
18159,18259
18159,18266
18159,15652
18159,10596
18159,14196
18159,18132
18159,18137
18159,18141
18159,18144
18159,18145
18159,18160
18159,18175
18159,18198
18159,18200
18169,18175
18169,18192
18169,18202
18169,18231
18169,18233
18169,18256
18169,18259
18169,18266
18169,18273
18169,18144
18169,18145
18169,18158
18169,18160
18169,18167
18169,18170
18169,18198
18169,18200
18169,18203
18169,18211
18169,23727
18175,18192
18175,18231
18175,18233
18175,18259
18175,18266
18175,18273
18175,18279
18175,12260
18175,9483
18175,18157
18175,18158
18175,18160
18175,18167
18175,18170
18175,18198
18175,18200
18175,18202
18175,18203
18175,18207
18175,18211
18175,18220
18175,22808
18175,26165
18192,18202
18192,18231
18192,18233
18192,18256
18192,18259
18192,18266
18192,18287
18192,11459
18192,26936
18192,10370
18192,18157
18192,18158
18192,18160
18192,18167
18192,18170
18192,18198
18192,18200
18192,18203
18192,18207
18192,18211
18192,18220
18192,27212
18202,18231
18202,18233
18202,18256
18202,18259
18202,18266
18202,18279
18202,18287
18202,18303
18202,25891
18202,17059
18202,21570
18202,26845
18202,14431
18202,18160
18202,18167
18202,18170
18202,18198
18202,18200
18202,18207
18202,18211
18202,18220
18202,18235
18202,18238
18202,18241
18231,18233
18231,18256
18231,18279
18231,18287
18231,18303
18231,18198
18231,18200
18231,18207
18231,18211
18231,18220
18231,18235
18231,18238
18231,18241
18231,18242
18231,18243
18231,18245
18231,18247
18231,18253
18233,18256
18233,18259
18233,18266
18233,18273
18233,18279
18233,18287
18233,18303
18233,18306
18233,18367
18233,26243
18233,13172
18233,18200
18233,18203
18233,18211
18233,18220
18233,18235
18233,18238
18233,18241
18233,18242
18233,18243
18233,18245
18233,18247
18233,18253
18233,18254
18256,18259
18256,18266
18256,18273
18256,18279
18256,18287
18256,18303
18256,18306
18256,18367
18256,18412
18256,22105
18256,18235
18256,18238
18256,18241
18256,18242
18256,18243
18256,18245
18256,18247
18256,18254
18256,18258
18256,18261
18256,18271
18256,18276
18256,18280
18256,20978
18259,18266
18259,18273
18259,18279
18259,18287
18259,18303
18259,18306
18259,18367
18259,18412
18259,18416
18259,18241
18259,18242
18259,18245
18259,18247
18259,18253
18259,18254
18259,18258
18259,18276
18259,18280
18259,18282
18259,18283
18259,19304
18266,18273
18266,18279
18266,18287
18266,18303
18266,18306
18266,18367
18266,18412
18266,18416
18266,18422
18266,18243
18266,18245
18266,18247
18266,18253
18266,18254
18266,18258
18266,18261
18266,18271
18266,18276
18266,18280
18266,18282
18266,18283
18266,18288
18266,24975
18266,20590
18273,18279
18273,18287
18273,18303
18273,18306
18273,18412
18273,18416
18273,18422
18273,18442
18273,22310
18273,18247
18273,18254
18273,18261
18273,18271
18273,18276
18273,18280
18273,18282
18273,18283
18273,18288
18273,18292
18273,18294
18279,18287
18279,18303
18279,18306
18279,18367
18279,18412
18279,18416
18279,18422
18279,18442
18279,18443
18279,22004
18279,18254
18279,18258
18279,18261
18279,18271
18279,18276
18279,18282
18279,18283
18279,18288
18279,18292
18279,18294
18279,18301
18279,24553
18279,25744
18287,18303
18287,18306
18287,18367
18287,18412
18287,18416
18287,18422
18287,18442
18287,18443
18287,18451
18287,18261
18287,18271
18287,18276
18287,18282
18287,18283
18287,18288
18287,18292
18287,18294
18287,18300
18287,18301
18287,18309
18287,18315
18287,21706
18303,18306
18303,18367
18303,18412
18303,18416
18303,18422
18303,18442
18303,18443
18303,18461
18303,7562
18303,11749
18303,18280
18303,18282
18303,18283
18303,18288
18303,18292
18303,18294
18303,18300
18303,18301
18303,18309
18303,18315
18303,18324
18303,18332
18303,18333
18303,18336
18303,18337
18303,21599
18306,18367
18306,18412
18306,18416
18306,18422
18306,18442
18306,18443
18306,18461
18306,18494
18306,18282
18306,18283
18306,18294
18306,18300
18306,18301
18306,18309
18306,18315
18306,18324
18306,18332
18306,18336
18306,18337
18306,18340
18306,26928
18306,24579
18306,25838
18367,18412
18367,18416
18367,18422
18367,18442
18367,18443
18367,18451
18367,18461
18367,18498
18367,15229
18367,18333
18367,18336
18367,18337
18367,18340
18367,18348
18367,18350
18367,18355
18367,18356
18367,18372
18367,18375
18367,18379
18367,18384
18367,18407
18367,18409
18367,18410
18367,25161
18412,18416
18412,18422
18412,18442
18412,18443
18412,18451
18412,18461
18412,18494
18412,18498
18412,18510
18412,18372
18412,18375
18412,18378
18412,18379
18412,18407
18412,18409
18412,18410
18412,18425
18412,18426
18412,18428
18412,18433
18412,18440
18416,18422
18416,18442
18416,18443
18416,18461
18416,18494
18416,18510
18416,18524
18416,15721
18416,14184
18416,18372
18416,18375
18416,18378
18416,18379
18416,18384
18416,18407
18416,18409
18416,18410
18416,18425
18416,18426
18416,18428
18416,18444
18416,21560
18416,18746
18422,18442
18422,18443
18422,18451
18422,18461
18422,18494
18422,18498
18422,18510
18422,18524
18422,18534
18422,16542
18422,18375
18422,18378
18422,18379
18422,18384
18422,18407
18422,18409
18422,18426
18422,18428
18422,18440
18422,18444
18422,18445
18442,18443
18442,18451
18442,18494
18442,18498
18442,18510
18442,18524
18442,18534
18442,18538
18442,20303
18442,18410
18442,18425
18442,18428
18442,18433
18442,18440
18442,18444
18442,18445
18442,18454
18442,18460
18442,18461
18442,18473
18443,18451
18443,18461
18443,18494
18443,18510
18443,18524
18443,18534
18443,18538
18443,18580
18443,25303
18443,18425
18443,18426
18443,18428
18443,18433
18443,18440
18443,18444
18443,18445
18443,18448
18443,18454
18443,18460
18443,18473
18443,18476
18451,18461
18451,18494
18451,18498
18451,18510
18451,18524
18451,18534
18451,18538
18451,18580
18451,18591
18451,8511
18451,18426
18451,18428
18451,18433
18451,18440
18451,18444
18451,18445
18451,18448
18451,18454
18451,18460
18451,18473
18451,18476
18451,18478
18451,18486
18451,18487
18451,18490
18461,18494
18461,18498
18461,18534
18461,18538
18461,18580
18461,18591
18461,18606
18461,18440
18461,18444
18461,18445
18461,18448
18461,18454
18461,18473
18461,18476
18461,18478
18461,18486
18461,18487
18461,18490
18461,18492
18494,18498
18494,18524
18494,18534
18494,18580
18494,18591
18494,18606
18494,18628
18494,25881
18494,22071
18494,14410
18494,18473
18494,18476
18494,18478
18494,18486
18494,18487
18494,18490
18494,18492
18494,18510
18494,18512
18494,18515
18494,18522
18494,18528
18494,18532
18498,18510
18498,18524
18498,18534
18498,18538
18498,18580
18498,18591
18498,18606
18498,18628
18498,18657
18498,18473
18498,18478
18498,18486
18498,18487
18498,18490
18498,18492
18498,18512
18498,18515
18498,18522
18498,18528
18498,18532
18510,18524
18510,18534
18510,18538
18510,18591
18510,18606
18510,18628
18510,18657
18510,18662
18510,25788
18510,26397
18510,9729
18510,7966
18510,18473
18510,18476
18510,18478
18510,18486
18510,18487
18510,18490
18510,18512
18510,18515
18510,18522
18510,18528
18510,18532
18510,18540
18510,25195
18524,18534
18524,18538
18524,18580
18524,18591
18524,18606
18524,18628
18524,18657
18524,18662
18524,18668
18524,18487
18524,18490
18524,18512
18524,18515
18524,18522
18524,18528
18524,18532
18524,18540
18524,18542
18524,18544
18524,18547
18524,18551
18524,20745
18524,19842
18534,18538
18534,18580
18534,18628
18534,18657
18534,18662
18534,18668
18534,18676
18534,16151
18534,15257
18534,14781
18534,18512
18534,18515
18534,18522
18534,18528
18534,18540
18534,18542
18534,18544
18534,18547
18534,18551
18534,18554
18534,18562
18534,18567
18534,21020
18538,18580
18538,18591
18538,18606
18538,18628
18538,18657
18538,18662
18538,18668
18538,18676
18538,18694
18538,18512
18538,18515
18538,18522
18538,18528
18538,18532
18538,18542
18538,18544
18538,18547
18538,18551
18538,18554
18538,18562
18538,18569
18538,21091
18580,18591
18580,18606
18580,18628
18580,18657
18580,18662
18580,18668
18580,18676
18580,18694
18580,18708
18580,13199
18580,18542
18580,18544
18580,18547
18580,18551
18580,18554
18580,18562
18580,18567
18580,18569
18580,18585
18580,18587
18580,18589
18580,18597
18580,18600
18580,18613
18580,24929
18591,18606
18591,18628
18591,18657
18591,18662
18591,18668
18591,18676
18591,18694
18591,18708
18591,18712
18591,15765
18591,18562
18591,18567
18591,18569
18591,18574
18591,18583
18591,18585
18591,18589
18591,18597
18591,18600
18591,18613
18591,18617
18591,18620
18591,18634
18591,18635
18591,22675
18606,18628
18606,18657
18606,18662
18606,18668
18606,18676
18606,18708
18606,18712
18606,18719
18606,23283
18606,16358
18606,21999
18606,18574
18606,18583
18606,18585
18606,18587
18606,18589
18606,18597
18606,18600
18606,18613
18606,18617
18606,18620
18606,18634
18606,18635
18606,18643
18606,18647
18628,18657
18628,18662
18628,18668
18628,18676
18628,18694
18628,18708
18628,18712
18628,18719
18628,18751
18628,7818
18628,18587
18628,18589
18628,18597
18628,18600
18628,18613
18628,18617
18628,18620
18628,18634
18628,18643
18628,18647
18628,18651
18628,18652
18628,24964
18628,20709
18657,18662
18657,18668
18657,18676
18657,18694
18657,18708
18657,18719
18657,18751
18657,18756
18657,25784
18657,15943
18657,18617
18657,18620
18657,18634
18657,18635
18657,18643
18657,18647
18657,18651
18657,18652
18657,18659
18657,18664
18657,18669
18657,18683
18657,18684
18657,18686
18662,18668
18662,18694
18662,18708
18662,18712
18662,18719
18662,18751
18662,18756
18662,18760
18662,22111
18662,15228
18662,9913
18662,18634
18662,18635
18662,18643
18662,18647
18662,18651
18662,18652
18662,18664
18662,18669
18662,18676
18662,18683
18662,18684
18662,18686
18662,18693
18662,22375
18668,18676
18668,18694
18668,18719
18668,18751
18668,18756
18668,18760
18668,18762
18668,20499
18668,21663
18668,15026
18668,18635
18668,18643
18668,18647
18668,18651
18668,18652
18668,18659
18668,18664
18668,18669
18668,18683
18668,18684
18668,18686
18668,18693
18668,18701
18668,18702
18676,18694
18676,18708
18676,18712
18676,18719
18676,18751
18676,18756
18676,18760
18676,18762
18676,18774
18676,25577
18676,18647
18676,18651
18676,18652
18676,18659
18676,18664
18676,18683
18676,18684
18676,18686
18676,18693
18676,18701
18676,18702
18676,18704
18676,18707
18694,18708
18694,18712
18694,18751
18694,18756
18694,18760
18694,18762
18694,18774
18694,18775
18694,22872
18694,18664
18694,18669
18694,18683
18694,18684
18694,18686
18694,18693
18694,18701
18694,18702
18694,18704
18694,18707
18694,18720
18694,18731
18694,21419
18708,18712
18708,18719
18708,18751
18708,18756
18708,18762
18708,18774
18708,18775
18708,18783
18708,15156
18708,18683
18708,18686
18708,18701
18708,18720
18708,18735
18708,18744
18708,18746
18708,18747
18708,18749
18712,18719
18712,18751
18712,18756
18712,18760
18712,18762
18712,18774
18712,18783
18712,19886
18712,15813
18712,18684
18712,18686
18712,18693
18712,18702
18712,18704
18712,18707
18712,18720
18712,18731
18712,18735
18712,18744
18712,18746
18712,18747
18712,18749
18712,19409
18719,18751
18719,18756
18719,18760
18719,18762
18719,18774
18719,18775
18719,18783
18719,18789
18719,18797
18719,18242
18719,18686
18719,18693
18719,18701
18719,18704
18719,18707
18719,18731
18719,18735
18719,18744
18719,18746
18719,18747
18719,18749
18719,19784
18719,26628
18719,25672
18751,18756
18751,18760
18751,18762
18751,18774
18751,18775
18751,18783
18751,18789
18751,18797
18751,18814
18751,22080
18751,18720
18751,18731
18751,18735
18751,18746
18751,18747
18751,18749
18751,18757
18751,18759
18751,18772
18751,24631
18756,18760
18756,18774
18756,18775
18756,18789
18756,18797
18756,18814
18756,18826
18756,27256
18756,17966
18756,18720
18756,18731
18756,18735
18756,18744
18756,18746
18756,18747
18756,18749
18756,18757
18756,18759
18756,18762
18756,18772
18756,18783
18756,18786
18760,18762
18760,18774
18760,18775
18760,18783
18760,18789
18760,18797
18760,18814
18760,18828
18760,15674
18760,18735
18760,18744
18760,18746
18760,18747
18760,18749
18760,18757
18760,18772
18760,18786
18760,18790
18760,18791
18762,18774
18762,18775
18762,18783
18762,18789
18762,18797
18762,18814
18762,18826
18762,18878
18762,9397
18762,18744
18762,18746
18762,18747
18762,18749
18762,18757
18762,18759
18762,18772
18762,18786
18762,18790
18762,18791
18774,18775
18774,18783
18774,18797
18774,18814
18774,18826
18774,18828
18774,18878
18774,18882
18774,16101
18774,17954
18774,22015
18774,18747
18774,18749
18774,18757
18774,18759
18774,18786
18774,18789
18774,18790
18774,18791
18774,18798
18774,18802
18775,18783
18775,18789
18775,18797
18775,18814
18775,18826
18775,18828
18775,18878
18775,18882
18775,17853
18775,11277
18775,13783
18775,17622
18775,17677
18775,18749
18775,18757
18775,18759
18775,18786
18775,18790
18775,18791
18775,18798
18775,18802
18775,18806
18783,18789
18783,18797
18783,18814
18783,18826
18783,18828
18783,18878
18783,18882
18783,18922
18783,18927
18783,11886
18783,18757
18783,18759
18783,18772
18783,18786
18783,18790
18783,18791
18783,18798
18783,18802
18783,18806
18783,18808
18783,25739
18789,18797
18789,18814
18789,18826
18789,18828
18789,18878
18789,18927
18789,18935
18789,13449
18789,18757
18789,18759
18789,18772
18789,18786
18789,18790
18789,18791
18789,18798
18789,18802
18789,18806
18789,18808
18789,18816
18789,20116
18797,18814
18797,18826
18797,18828
18797,18878
18797,18882
18797,18922
18797,18927
18797,18935
18797,18949
18797,18786
18797,18790
18797,18798
18797,18802
18797,18806
18797,18808
18797,18816
18797,18819
18797,18821
18814,18826
18814,18828
18814,18878
18814,18882
18814,18922
18814,18927
18814,18935
18814,18949
18814,18954
18814,8145
18814,18786
18814,18790
18814,18791
18814,18798
18814,18802
18814,18806
18814,18808
18814,18816
18814,18819
18814,18821
18814,18831
18814,18835
18814,18836
18814,18841
18826,18828
18826,18878
18826,18882
18826,18922
18826,18927
18826,18935
18826,18949
18826,18954
18826,18956
18826,20976
18826,18798
18826,18802
18826,18806
18826,18808
18826,18816
18826,18821
18826,18831
18826,18835
18826,18836
18826,18859
18826,18876
18826,18879
18828,18878
18828,18882
18828,18922
18828,18935
18828,18949
18828,18954
18828,18956
18828,18966
18828,16598
18828,17219
18828,18806
18828,18808
18828,18816
18828,18819
18828,18821
18828,18831
18828,18835
18828,18836
18828,18841
18828,18859
18828,18879
18828,18880
18878,18882
18878,18922
18878,18927
18878,18935
18878,18954
18878,18956
18878,18966
18878,18970
18878,25788
18878,17956
18878,10798
18878,18821
18878,18831
18878,18836
18878,18841
18878,18859
18878,18876
18878,18879
18878,18880
18878,18884
18878,18894
18878,18897
18878,18902
18878,18908
18878,18910
18882,18922
18882,18927
18882,18935
18882,18949
18882,18954
18882,18956
18882,18966
18882,18970
18882,15217
18882,17155
18882,18831
18882,18835
18882,18836
18882,18841
18882,18859
18882,18876
18882,18879
18882,18880
18882,18884
18882,18894
18882,18897
18882,18902
18882,18908
18882,18910
18882,18912
18882,18919
18882,18921
18922,18927
18922,18935
18922,18949
18922,18954
18922,18956
18922,18966
18922,18970
18922,18976
18922,18990
18922,18884
18922,18894
18922,18897
18922,18902
18922,18908
18922,18910
18922,18912
18922,18919
18922,18921
18922,18929
18922,18938
18922,18948
18922,18951
18927,18935
18927,18949
18927,18954
18927,18956
18927,18966
18927,18970
18927,18990
18927,19027
18927,22352
18927,20476
18927,23365
18927,18897
18927,18902
18927,18908
18927,18910
18927,18912
18927,18919
18927,18921
18927,18929
18927,18938
18927,18948
18927,18951
18927,18958
18927,23906
18935,18954
18935,18956
18935,18966
18935,18970
18935,18976
18935,18990
18935,19027
18935,19033
18935,19252
18935,9716
18935,18544
18935,18902
18935,18908
18935,18910
18935,18912
18935,18919
18935,18921
18935,18938
18935,18948
18935,18949
18935,18951
18935,18958
18935,18960
18949,18956
18949,18966
18949,18970
18949,18976
18949,18990
18949,19027
18949,19033
18949,19036
18949,15226
18949,12875
18949,14556
18949,18912
18949,18919
18949,18921
18949,18929
18949,18938
18949,18948
18949,18954
18949,18958
18949,18960
18949,18967
18954,18956
18954,18970
18954,18976
18954,18990
18954,19027
18954,19036
18954,19040
18954,12701
18954,11169
18954,9915
18954,18921
18954,18929
18954,18938
18954,18948
18954,18951
18954,18958
18954,18960
18954,18967
18954,18977
18954,18981
18954,22277
18954,19039
18956,18966
18956,18970
18956,18976
18956,18990
18956,19027
18956,19033
18956,19036
18956,19040
18956,19041
18956,14353
18956,17802
18956,18929
18956,18938
18956,18948
18956,18951
18956,18958
18956,18960
18956,18967
18956,18981
18956,18987
18966,18970
18966,18976
18966,18990
18966,19027
18966,19033
18966,19036
18966,19040
18966,19041
18966,19048
18966,22231
18966,19600
18966,22275
18966,18938
18966,18948
18966,18951
18966,18958
18966,18960
18966,18967
18966,18977
18966,18981
18966,18987
18966,18989
18966,18991
18970,18976
18970,18990
18970,19033
18970,19036
18970,19040
18970,19048
18970,19078
18970,16926
18970,19138
18970,25597
18970,12786
18970,18664
18970,18948
18970,18951
18970,18958
18970,18960
18970,18967
18970,18977
18970,18987
18970,18989
18970,18991
18970,18996
18970,22999
18976,18990
18976,19027
18976,19033
18976,19036
18976,19040
18976,19041
18976,19048
18976,19078
18976,19086
18976,18951
18976,18960
18976,18967
18976,18981
18976,18987
18976,18989
18976,18991
18976,18996
18976,19002
18976,19017
18976,21753
18990,19027
18990,19033
18990,19036
18990,19040
18990,19041
18990,19048
18990,19086
18990,19092
18990,18967
18990,18977
18990,18981
18990,18987
18990,18989
18990,18991
18990,18996
18990,19002
18990,19018
18990,19022
18990,19031
18990,26157
18990,22958
18990,25897
19027,19036
19027,19041
19027,19048
19027,19078
19027,19086
19027,19092
19027,19097
19027,18282
19027,20597
19027,18987
19027,18989
19027,18991
19027,18996
19027,19002
19027,19017
19027,19018
19027,19022
19027,19028
19027,19031
19027,19032
19027,19033
19027,19039
19027,19040
19027,19045
19033,19036
19033,19040
19033,19041
19033,19048
19033,19078
19033,19086
19033,19092
19033,19097
19033,19107
19033,23347
19033,19002
19033,19017
19033,19018
19033,19022
19033,19028
19033,19031
19033,19032
19033,19056
19033,19069
19033,20243
19033,25451
19036,19040
19036,19041
19036,19078
19036,19086
19036,19097
19036,19107
19036,19116
19036,24764
19036,19017
19036,19018
19036,19022
19036,19028
19036,19031
19036,19032
19036,19039
19036,19045
19036,19048
19036,19064
19036,19073
19036,22839
19036,25152
19040,19041
19040,19078
19040,19086
19040,19092
19040,19097
19040,19107
19040,19116
19040,19122
19040,14171
19040,19201
19040,16663
19040,19018
19040,19028
19040,19031
19040,19032
19040,19039
19040,19045
19040,19048
19040,19056
19040,19064
19040,19073
19040,19076
19041,19048
19041,19078
19041,19086
19041,19092
19041,19097
19041,19107
19041,19116
19041,19122
19041,19139
19041,15322
19041,8205
19041,19022
19041,19028
19041,19031
19041,19032
19041,19045
19041,19056
19041,19064
19041,19069
19041,19073
19041,19076
19041,19084
19048,19078
19048,19086
19048,19092
19048,19097
19048,19107
19048,19122
19048,19139
19048,16514
19048,18242
19048,19028
19048,19031
19048,19032
19048,19039
19048,19045
19048,19064
19048,19076
19048,19084
19048,19089
19048,21417
19048,26684
19078,19086
19078,19092
19078,19097
19078,19107
19078,19116
19078,19122
19078,19139
19078,19167
19078,19176
19078,16059
19078,19045
19078,19064
19078,19069
19078,19073
19078,19084
19078,19089
19078,25992
19078,19844
19086,19092
19086,19097
19086,19116
19086,19122
19086,19139
19086,19167
19086,19176
19086,19188
19086,19045
19086,19056
19086,19064
19086,19073
19086,19076
19086,19084
19086,19107
19086,19110
19086,19118
19086,19120
19086,26628
19092,19097
19092,19107
19092,19116
19092,19122
19092,19139
19092,19167
19092,19176
19092,19188
19092,19194
19092,17695
19092,19064
19092,19069
19092,19073
19092,19076
19092,19084
19092,19089
19092,19110
19092,19118
19092,19120
19092,19125
19097,19107
19097,19116
19097,19122
19097,19139
19097,19167
19097,19176
19097,19201
19097,27252
19097,10571
19097,19064
19097,19069
19097,19073
19097,19076
19097,19084
19097,19089
19097,19110
19097,19118
19097,19120
19097,19125
19097,19128
19097,19138
19097,27171
19107,19116
19107,19122
19107,19139
19107,19167
19107,19176
19107,19188
19107,19194
19107,19201
19107,19209
19107,8558
19107,19069
19107,19073
19107,19076
19107,19089
19107,19110
19107,19118
19107,19120
19107,19125
19107,19128
19107,19138
19116,19122
19116,19167
19116,19176
19116,19188
19116,19194
19116,19209
19116,19215
19116,27149
19116,18460
19116,11041
19116,14539
19116,19076
19116,19089
19116,19110
19116,19118
19116,19120
19116,19125
19116,19128
19116,19138
19116,19139
19116,19144
19122,19139
19122,19167
19122,19176
19122,19188
19122,19194
19122,19201
19122,19209
19122,10177
19122,7664
19122,22505
19122,19089
19122,19110
19122,19118
19122,19120
19122,19125
19122,19128
19122,19138
19122,19143
19122,19144
19122,19148
19122,19163
19139,19167
19139,19176
19139,19188
19139,19201
19139,19209
19139,19215
19139,19239
19139,19242
19139,24212
19139,12690
19139,16088
19139,16749
19139,19110
19139,19118
19139,19125
19139,19128
19139,19138
19139,19143
19139,19144
19139,19148
19139,19153
19139,19169
19139,20550
19167,19176
19167,19194
19167,19201
19167,19215
19167,19239
19167,19242
19167,19252
19167,22724
19167,14172
19167,11362
19167,11953
19167,17752
19167,19125
19167,19128
19167,19138
19167,19144
19167,19148
19167,19153
19167,19163
19167,19169
19167,19171
19167,19172
19167,19174
19167,19188
19167,19190
19167,19191
19176,19188
19176,19194
19176,19209
19176,19215
19176,19239
19176,19242
19176,19252
19176,19259
19176,14513
19176,18919
19176,21714
19176,19144
19176,19148
19176,19153
19176,19163
19176,19169
19176,19171
19176,19172
19176,19174
19176,19177
19176,19191
19176,19201
19176,19208
19188,19194
19188,19201
19188,19209
19188,19215
19188,19242
19188,19252
19188,19259
19188,19261
19188,7725
19188,8959
19188,18242
19188,19153
19188,19169
19188,19172
19188,19174
19188,19190
19188,19191
19188,19199
19188,19208
19188,19211
19194,19201
19194,19209
19194,19215
19194,19239
19194,19242
19194,19252
19194,19259
19194,19261
19194,19262
19194,19856
19194,19169
19194,19171
19194,19172
19194,19174
19194,19190
19194,19191
19194,19199
19194,19208
19194,19213
19194,19220
19194,19227
19201,19209
19201,19215
19201,19239
19201,19242
19201,19252
19201,19259
19201,19261
19201,19262
19201,25312
19201,15228
19201,19172
19201,19174
19201,19177
19201,19190
19201,19191
19201,19199
19201,19208
19201,19213
19201,19220
19201,19227
19201,19229
19209,19215
19209,19239
19209,19242
19209,19252
19209,19259
19209,19261
19209,19262
19209,19274
19209,19275
19209,19177
19209,19190
19209,19191
19209,19199
19209,19211
19209,19213
19209,19220
19209,19227
19209,19229
19209,19232
19209,25202
19215,19239
19215,19242
19215,19252
19215,19259
19215,19261
19215,19274
19215,19275
19215,19276
19215,18884
19215,24818
19215,19190
19215,19191
19215,19199
19215,19208
19215,19211
19215,19213
19215,19220
19215,19227
19215,19229
19215,19232
19215,19244
19215,19245
19215,19249
19239,19242
19239,19252
19239,19259
19239,19261
19239,19262
19239,19274
19239,19275
19239,19276
19239,19278
19239,19208
19239,19211
19239,19213
19239,19220
19239,19227
19239,19229
19239,19232
19239,19244
19239,19245
19239,19249
19239,19255
19239,19256
19242,19252
19242,19259
19242,19261
19242,19262
19242,19274
19242,19275
19242,19276
19242,19278
19242,19314
19242,20319
19242,19211
19242,19213
19242,19220
19242,19227
19242,19229
19242,19232
19242,19244
19242,19245
19242,19249
19242,19255
19242,19256
19252,19259
19252,19262
19252,19274
19252,19275
19252,19276
19252,19278
19252,19314
19252,19315
19252,20108
19252,25135
19252,11521
19252,12375
19252,19220
19252,19229
19252,19232
19252,19244
19252,19245
19252,19249
19252,19255
19252,19256
19252,19261
19252,19272
19259,19261
19259,19262
19259,19274
19259,19275
19259,19276
19259,19278
19259,19314
19259,19315
19259,19317
19259,19232
19259,19244
19259,19245
19259,19249
19259,19255
19259,19256
19259,19272
19259,19281
19259,19289
19261,19262
19261,19274
19261,19275
19261,19276
19261,19278
19261,19314
19261,19315
19261,19317
19261,19328
19261,17886
19261,19244
19261,19245
19261,19249
19261,19255
19261,19256
19261,19272
19261,19281
19261,19289
19261,19290
19262,19274
19262,19275
19262,19276
19262,19278
19262,19314
19262,19315
19262,19317
19262,19328
19262,19331
19262,19244
19262,19245
19262,19249
19262,19255
19262,19256
19262,19272
19262,19281
19262,19289
19262,19290
19262,19292
19274,19275
19274,19276
19274,19278
19274,19314
19274,19315
19274,19317
19274,19328
19274,19331
19274,19352
19274,9451
19274,19245
19274,19249
19274,19255
19274,19256
19274,19272
19274,19281
19274,19289
19274,19290
19274,25423
19275,19276
19275,19278
19275,19314
19275,19315
19275,19317
19275,19328
19275,19331
19275,19352
19275,19379
19275,19249
19275,19256
19275,19272
19275,19281
19275,19289
19275,19290
19275,19292
19275,19293
19275,19297
19275,19304
19276,19278
19276,19314
19276,19315
19276,19317
19276,19328
19276,19331
19276,19352
19276,19379
19276,19400
19276,20696
19276,14564
19276,19255
19276,19256
19276,19272
19276,19281
19276,19289
19276,19290
19276,19292
19276,19293
19276,19297
19276,19304
19276,19307
19278,19314
19278,19315
19278,19317
19278,19328
19278,19331
19278,19352
19278,19379
19278,19400
19278,7658
19278,15443
19278,19255
19278,19256
19278,19272
19278,19281
19278,19289
19278,19290
19278,19292
19278,19293
19278,19297
19278,19304
19278,19307
19278,19313
19314,19315
19314,19317
19314,19328
19314,19331
19314,19352
19314,19379
19314,19400
19314,19427
19314,19445
19314,26137
19314,8027
19314,8537
19314,14249
19314,19281
19314,19289
19314,19290
19314,19292
19314,19293
19314,19297
19314,19304
19314,19307
19314,19313
19314,19319
19314,19323
19314,19329
19314,19341
19314,19342
19314,20860
19314,24176
19315,19317
19315,19328
19315,19352
19315,19400
19315,19427
19315,19445
19315,19448
19315,19354
19315,8751
19315,19289
19315,19292
19315,19293
19315,19297
19315,19304
19315,19307
19315,19319
19315,19323
19315,19329
19315,19331
19315,19341
19315,19342
19315,19344
19315,22660
19317,19328
19317,19331
19317,19352
19317,19379
19317,19400
19317,19427
19317,19445
19317,19448
19317,19496
19317,20452
19317,19290
19317,19292
19317,19293
19317,19297
19317,19304
19317,19307
19317,19313
19317,19323
19317,19329
19317,19341
19317,19344
19317,19346
19317,26150
19317,21234
19317,23798
19328,19331
19328,19352
19328,19379
19328,19400
19328,19427
19328,19445
19328,19448
19328,19496
19328,19497
19328,26944
19328,11913
19328,19297
19328,19304
19328,19307
19328,19313
19328,19323
19328,19329
19328,19341
19328,19342
19328,19344
19328,19346
19328,19349
19328,19353
19328,22706
19331,19352
19331,19379
19331,19400
19331,19427
19331,19445
19331,19448
19331,19497
19331,19503
19331,10269
19331,19307
19331,19313
19331,19319
19331,19323
19331,19329
19331,19341
19331,19342
19331,19344
19331,19346
19331,19349
19331,19353
19331,19354
19331,19358
19331,23225
19352,19379
19352,19400
19352,19427
19352,19445
19352,19448
19352,19496
19352,19503
19352,19511
19352,8677
19352,19323
19352,19329
19352,19341
19352,19342
19352,19344
19352,19346
19352,19349
19352,19353
19352,19354
19352,19358
19352,19393
19352,19396
19352,19401
19352,19402
19379,19427
19379,19448
19379,19496
19379,19497
19379,19503
19379,19511
19379,19519
19379,21880
19379,20954
19379,18460
19379,19341
19379,19342
19379,19344
19379,19346
19379,19349
19379,19353
19379,19358
19379,19393
19379,19396
19379,19400
19379,19401
19379,19402
19379,19404
19379,19432
19400,19445
19400,19448
19400,19496
19400,19497
19400,19503
19400,19519
19400,19544
19400,22105
19400,19886
19400,19346
19400,19353
19400,19354
19400,19358
19400,19393
19400,19396
19400,19401
19400,19402
19400,19409
19400,19427
19400,19432
19400,19433
19400,19437
19400,19438
19400,22942
19427,19445
19427,19448
19427,19496
19427,19503
19427,19511
19427,19544
19427,19550
19427,25185
19427,17242
19427,19508
19427,19358
19427,19393
19427,19396
19427,19401
19427,19404
19427,19409
19427,19432
19427,19433
19427,19437
19427,19438
19427,19439
19427,19452
19427,19456
19445,19448
19445,19496
19445,19497
19445,19503
19445,19511
19445,19519
19445,19544
19445,19550
19445,11407
19445,25961
19445,19402
19445,19404
19445,19432
19445,19433
19445,19438
19445,19439
19445,19452
19445,19456
19445,19459
19445,19464
19445,19471
19445,19473
19445,19475
19445,19479
19445,25976
19448,19496
19448,19497
19448,19503
19448,19511
19448,19519
19448,19544
19448,19550
19448,19562
19448,19574
19448,14845
19448,19404
19448,19409
19448,19432
19448,19433
19448,19437
19448,19438
19448,19439
19448,19452
19448,19456
19448,19459
19448,19464
19448,19471
19448,19473
19448,19475
19448,19479
19496,19497
19496,19503
19496,19511
19496,19519
19496,19544
19496,19550
19496,19562
19496,19574
19496,19599
19496,17196
19496,19464
19496,19471
19496,19473
19496,19475
19496,19479
19496,19491
19496,19492
19496,19494
19496,19495
19496,19501
19496,19505
19496,19508
19496,19512
19496,27437
19497,19503
19497,19511
19497,19519
19497,19544
19497,19550
19497,19562
19497,19574
19497,19599
19497,19620
19497,16990
19497,19471
19497,19473
19497,19475
19497,19479
19497,19491
19497,19492
19497,19494
19497,19495
19497,19501
19497,19508
19497,19509
19497,19512
19497,19517
19503,19511
19503,19519
19503,19544
19503,19550
19503,19562
19503,19599
19503,19620
19503,19649
19503,21089
19503,19475
19503,19479
19503,19491
19503,19492
19503,19494
19503,19495
19503,19501
19503,19505
19503,19508
19503,19509
19503,19512
19503,19517
19503,19523
19503,19526
19511,19519
19511,19544
19511,19550
19511,19562
19511,19574
19511,19599
19511,19649
19511,19685
19511,18921
19511,19494
19511,19495
19511,19501
19511,19505
19511,19508
19511,19509
19511,19517
19511,19523
19511,19526
19511,19529
19511,19536
19511,19537
19511,19540
19511,23007
19519,19544
19519,19550
19519,19562
19519,19574
19519,19599
19519,19620
19519,19649
19519,19685
19519,19701
19519,10029
19519,19501
19519,19505
19519,19508
19519,19512
19519,19517
19519,19523
19519,19526
19519,19536
19519,19537
19519,19540
19519,19549
19519,25622
19519,19742
19544,19550
19544,19562
19544,19574
19544,19599
19544,19620
19544,19649
19544,19685
19544,19701
19544,24908
19544,11024
19544,19512
19544,19517
19544,19523
19544,19526
19544,19529
19544,19536
19544,19540
19544,19549
19544,19552
19544,19561
19544,19566
19544,19568
19544,19570
19550,19562
19550,19599
19550,19620
19550,19649
19550,19685
19550,19714
19550,19731
19550,16136
19550,20937
19550,13302
19550,19523
19550,19526
19550,19529
19550,19536
19550,19537
19550,19540
19550,19549
19550,19552
19550,19561
19550,19566
19550,19568
19550,19570
19550,19574
19550,19580
19562,19574
19562,19599
19562,19620
19562,19649
19562,19685
19562,19701
19562,19714
19562,19731
19562,19763
19562,22229
19562,11710
19562,12337
19562,19529
19562,19536
19562,19540
19562,19549
19562,19552
19562,19561
19562,19566
19562,19568
19562,19570
19562,19580
19562,19600
19562,19602
19562,19605
19574,19599
19574,19649
19574,19685
19574,19701
19574,19714
19574,19731
19574,19763
19574,19809
19574,25345
19574,12763
19574,19844
19574,19549
19574,19552
19574,19561
19574,19566
19574,19568
19574,19580
19574,19600
19574,19602
19574,19605
19574,19607
19574,19608
19574,19611
19599,19620
19599,19649
19599,19685
19599,19701
19599,19731
19599,19763
19599,19809
19599,19844
19599,27383
19599,19580
19599,11248
19599,15608
19599,18977
19599,19552
19599,19561
19599,19566
19599,19568
19599,19570
19599,19600
19599,19602
19599,19605
19599,19607
19599,19608
19599,19619
19599,26288
19599,23032
19620,19685
19620,19701
19620,19714
19620,19731
19620,19763
19620,19809
19620,19844
19620,23047
19620,25564
19620,19580
19620,19600
19620,19602
19620,19605
19620,19607
19620,19611
19620,19619
19620,19621
19620,19622
19620,19624
19620,19630
19620,19631
19620,19642
19620,19649
19620,19652
19620,19653
19649,19685
19649,19701
19649,19714
19649,19731
19649,19763
19649,19809
19649,19844
19649,19852
19649,19862
19649,19611
19649,19621
19649,19622
19649,19624
19649,19630
19649,19631
19649,19642
19649,19652
19649,19653
19649,19654
19649,19657
19649,19666
19649,19670
19649,19671
19649,19675
19685,19701
19685,19714
19685,19731
19685,19763
19685,19809
19685,19844
19685,19862
19685,19871
19685,16817
19685,18460
19685,27129
19685,19652
19685,19653
19685,19654
19685,19657
19685,19666
19685,19671
19685,19692
19685,19695
19685,19705
19685,19713
19685,19721
19685,19730
19701,19714
19701,19731
19701,19763
19701,19809
19701,19844
19701,19852
19701,19862
19701,19871
19701,19891
19701,19654
19701,19657
19701,19666
19701,19670
19701,19675
19701,19692
19701,19695
19701,19705
19701,19713
19701,19721
19701,19735
19701,19742
19714,19731
19714,19763
19714,19809
19714,19844
19714,19852
19714,19862
19714,19871
19714,19891
19714,19896
19714,15401
19714,19232
19714,19670
19714,19675
19714,19692
19714,19705
19714,19713
19714,19721
19714,19730
19714,19735
19714,19738
19714,19742
19714,19745
19714,19749
19714,19756
19731,19809
19731,19844
19731,19852
19731,19862
19731,19891
19731,19896
19731,19931
19731,24797
19731,24898
19731,19692
19731,19695
19731,19705
19731,19713
19731,19721
19731,19730
19731,19735
19731,19738
19731,19742
19731,19745
19731,19749
19731,19756
19731,19763
19731,19765
19731,19773
19763,19809
19763,19844
19763,19852
19763,19862
19763,19871
19763,19891
19763,19896
19763,19931
19763,19939
19763,19721
19763,19730
19763,19735
19763,19738
19763,19742
19763,19745
19763,19749
19763,19756
19763,19765
19763,19773
19763,19777
19763,19779
19763,19784
19763,19788
19763,19789
19763,19790
19763,19792
19809,19844
19809,19852
19809,19862
19809,19871
19809,19891
19809,19896
19809,19939
19809,19960
19809,19773
19809,19777
19809,19779
19809,19784
19809,19788
19809,19789
19809,19790
19809,19807
19809,19815
19809,19819
19809,19827
19809,19828
19809,19842
19809,19856
19844,19852
19844,19862
19844,19891
19844,19896
19844,19931
19844,19939
19844,19960
19844,20006
19844,20734
19844,19792
19844,19807
19844,19815
19844,19819
19844,19824
19844,19827
19844,19828
19844,19842
19844,19856
19844,19865
19844,19866
19844,19868
19844,19869
19844,19870
19852,19862
19852,19871
19852,19891
19852,19896
19852,19931
19852,19939
19852,19960
19852,20006
19852,20022
19852,19807
19852,19815
19852,19819
19852,19824
19852,19827
19852,19828
19852,19842
19852,19856
19852,19865
19852,19866
19852,19867
19852,19868
19852,19869
19852,19870
19852,20401
19862,19871
19862,19891
19862,19896
19862,19931
19862,19939
19862,19960
19862,20006
19862,20022
19862,20026
19862,26655
19862,19815
19862,19819
19862,19824
19862,19827
19862,19828
19862,19842
19862,19856
19862,19865
19862,19866
19862,19867
19862,19868
19862,19869
19862,19870
19862,19875
19862,19879
19871,19891
19871,19896
19871,19931
19871,19939
19871,19960
19871,20006
19871,20022
19871,20026
19871,18759
19871,19865
19871,19867
19871,19868
19871,19869
19871,19870
19871,19875
19871,19879
19871,19882
19871,19885
19871,19886
19871,19888
19871,19890
19871,25933
19891,19896
19891,19931
19891,19939
19891,19960
19891,20006
19891,20022
19891,20026
19891,20090
19891,20096
19891,13568
19891,15770
19891,19870
19891,19875
19891,19879
19891,19882
19891,19885
19891,19886
19891,19888
19891,19915
19891,19920
19891,19925
19891,19929
19891,19937
19891,19941
19896,19931
19896,19939
19896,19960
19896,20006
19896,20022
19896,20026
19896,20090
19896,20096
19896,20103
19896,10916
19896,19875
19896,19879
19896,19882
19896,19885
19896,19886
19896,19888
19896,19890
19896,19915
19896,19920
19896,19925
19896,19929
19896,19937
19896,19941
19896,19946
19931,19939
19931,20006
19931,20022
19931,20026
19931,20090
19931,20096
19931,20103
19931,20108
19931,18620
19931,19886
19931,19888
19931,19890
19931,19915
19931,19920
19931,19925
19931,19929
19931,19937
19931,19941
19931,19946
19931,19949
19931,19950
19931,19955
19931,19959
19939,19960
19939,20006
19939,20022
19939,20026
19939,20090
19939,20096
19939,20103
19939,20108
19939,20122
19939,26526
19939,19890
19939,19915
19939,19925
19939,19929
19939,19941
19939,19949
19939,19950
19939,19954
19939,19955
19939,19959
19939,19962
19939,26202
19960,20006
19960,20022
19960,20026
19960,20096
19960,20103
19960,20108
19960,20122
19960,20126
19960,19941
19960,19946
19960,19949
19960,19950
19960,19954
19960,19955
19960,19962
19960,19966
19960,19967
19960,19969
19960,19972
19960,19976
19960,19980
19960,19983
19960,19984
19960,26925
20006,20022
20006,20026
20006,20090
20006,20096
20006,20103
20006,20108
20006,20122
20006,20126
20006,20128
20006,19870
20006,14682
20006,7725
20006,19980
20006,19983
20006,19984
20006,19988
20006,19992
20006,19995
20006,20001
20006,20003
20006,20008
20006,20013
20006,20014
20006,20029
20006,20030
20006,20039
20006,25717
20022,20090
20022,20096
20022,20103
20022,20108
20022,20122
20022,20126
20022,20128
20022,20138
20022,18301
20022,10698
20022,15453
20022,19992
20022,19995
20022,20001
20022,20003
20022,20013
20022,20014
20022,20020
20022,20026
20022,20029
20022,20030
20022,20040
20022,20041
20022,20045
20022,20046
20022,20697
20022,23806
20026,20090
20026,20096
20026,20103
20026,20108
20026,20122
20026,20126
20026,20128
20026,20138
20026,20263
20026,8367
20026,18348
20026,19995
20026,20001
20026,20003
20026,20008
20026,20013
20026,20014
20026,20020
20026,20029
20026,20030
20026,20039
20026,20041
20026,20045
20026,20046
20026,20049
20026,20050
20090,20096
20090,20103
20090,20122
20090,20126
20090,20128
20090,20138
20090,20263
20090,25565
20090,11311
20090,20075
20090,15014
20090,20051
20090,20054
20090,20057
20090,20061
20090,20067
20090,20070
20090,20097
20090,20108
20090,20112
20090,20113
20090,20116
20096,20103
20096,20108
20096,20122
20096,20126
20096,20128
20096,20263
20096,20277
20096,20316
20096,26520
20096,20054
20096,20057
20096,20060
20096,20061
20096,20075
20096,20097
20096,20098
20096,20112
20096,20113
20096,20116
20096,20124
20103,20108
20103,20122
20103,20126
20103,20138
20103,20263
20103,20277
20103,20316
20103,24846
20103,20759
20103,17883
20103,18634
20103,20060
20103,20061
20103,20067
20103,20070
20103,20075
20103,20097
20103,20112
20103,20113
20103,20116
20103,20124
20103,20128
20103,20132
20108,20128
20108,20263
20108,20277
20108,20316
20108,20319
20108,20323
20108,24426
20108,13238
20108,10490
20108,20061
20108,20070
20108,20075
20108,20097
20108,20112
20108,20113
20108,20116
20108,20122
20108,20124
20108,20126
20108,20132
20108,22639
20122,20126
20122,20128
20122,20138
20122,20263
20122,20277
20122,20319
20122,20323
20122,20324
20122,25685
20122,20097
20122,20098
20122,20112
20122,20113
20122,20116
20122,20124
20122,20132
20122,20135
20122,20139
20122,20148
20122,20158
20122,23916
20126,20128
20126,20138
20126,20263
20126,20277
20126,20316
20126,20319
20126,20323
20126,20324
20126,20339
20126,8916
20126,26864
20126,20097
20126,20098
20126,20112
20126,20113
20126,20116
20126,20124
20126,20135
20126,20139
20126,20148
20126,20158
20126,20163
20126,20170
20126,23725
20128,20138
20128,20263
20128,20277
20128,20316
20128,20319
20128,20323
20128,20324
20128,20339
20128,20351
20128,24224
20128,20098
20128,20112
20128,20113
20128,20116
20128,20124
20128,20132
20128,20135
20128,20139
20128,20148
20128,20158
20128,20163
20128,20170
20128,20175
20138,20263
20138,20277
20138,20316
20138,20319
20138,20323
20138,20324
20138,20339
20138,20351
20138,20371
20138,25276
20138,15333
20138,10325
20138,20113
20138,20132
20138,20135
20138,20139
20138,20148
20138,20158
20138,20163
20138,20170
20138,20175
20138,20178
20138,20183
20138,20188
20263,20277
20263,20316
20263,20319
20263,20323
20263,20324
20263,20351
20263,20371
20263,20381
20263,24804
20263,20224
20263,20227
20263,20236
20263,20237
20263,20244
20263,20258
20263,20261
20263,20262
20263,20265
20263,20275
20263,20279
20263,20288
20263,20303
20263,20306
20263,20307
20277,20316
20277,20319
20277,20323
20277,20324
20277,20339
20277,20351
20277,20371
20277,20381
20277,20425
20277,20237
20277,20243
20277,20244
20277,20258
20277,20261
20277,20262
20277,20265
20277,20275
20277,20279
20277,20298
20277,20306
20277,20307
20277,20321
20316,20319
20316,20323
20316,20324
20316,20339
20316,20381
20316,20425
20316,20430
20316,23108
20316,26801
20316,17868
20316,20265
20316,20275
20316,20279
20316,20288
20316,20298
20316,20303
20316,20306
20316,20307
20316,20321
20316,20335
20316,20346
20316,20350
20316,24047
20319,20323
20319,20324
20319,20339
20319,20351
20319,20371
20319,20381
20319,20425
20319,20430
20319,20435
20319,24398
20319,20275
20319,20279
20319,20288
20319,20298
20319,20303
20319,20306
20319,20307
20319,20321
20319,20335
20319,20350
20319,20490
20323,20324
20323,20339
20323,20351
20323,20371
20323,20381
20323,20425
20323,20430
20323,20435
20323,20439
20323,20279
20323,20288
20323,20298
20323,20303
20323,20306
20323,20307
20323,20321
20323,20335
20323,20346
20323,20350
20323,20358
20323,20361
20323,20362
20323,24723
20324,20351
20324,20371
20324,20381
20324,20425
20324,20430
20324,20435
20324,20439
20324,20447
20324,22406
20324,9718
20324,20288
20324,20298
20324,20303
20324,20306
20324,20307
20324,20321
20324,20335
20324,20346
20324,20350
20324,20358
20324,20361
20324,20362
20324,20366
20324,20419
20324,20712
20339,20351
20339,20371
20339,20425
20339,20430
20339,20435
20339,20439
20339,20447
20339,20452
20339,27150
20339,18759
20339,20303
20339,20306
20339,20307
20339,20321
20339,20335
20339,20346
20339,20358
20339,20361
20339,20362
20339,20381
20339,20835
20339,24735
20351,20371
20351,20381
20351,20425
20351,20430
20351,20439
20351,20447
20351,20452
20351,20467
20351,26821
20351,10209
20351,24428
20351,17356
20351,20321
20351,20335
20351,20346
20351,20350
20351,20358
20351,20361
20351,20362
20351,20366
20351,20384
20351,20393
20351,20394
20371,20381
20371,20425
20371,20430
20371,20435
20371,20439
20371,20447
20371,20452
20371,20467
20371,20472
20371,20335
20371,20346
20371,20350
20371,20361
20371,20362
20371,20366
20371,20393
20371,20401
20371,20407
20371,20410
20371,20411
20371,20413
20371,25482
20381,20425
20381,20435
20381,20439
20381,20452
20381,20467
20381,20472
20381,20487
20381,9316
20381,10846
20381,20346
20381,20350
20381,20358
20381,20361
20381,20362
20381,20366
20381,20384
20381,20393
20381,20401
20381,20407
20381,20410
20381,20411
20381,20413
20381,20419
20425,20430
20425,20439
20425,20447
20425,20452
20425,20467
20425,20472
20425,20487
20425,20490
20425,25881
20425,20394
20425,20401
20425,20407
20425,20410
20425,20411
20425,20419
20425,20422
20425,20423
20425,20426
20425,20428
20425,20441
20425,20442
20425,26137
20425,26039
20430,20435
20430,20439
20430,20447
20430,20452
20430,20467
20430,20472
20430,20487
20430,20528
20430,24957
20430,22859
20430,12067
20430,18554
20430,10047
20430,24706
20430,12690
20430,20410
20430,20411
20430,20413
20430,20419
20430,20422
20430,20423
20430,20426
20430,20441
20430,20442
20430,20446
20430,20461
20430,20463
20435,20439
20435,20447
20435,20452
20435,20467
20435,20472
20435,20487
20435,20528
20435,20548
20435,13685
20435,26524
20435,20411
20435,20413
20435,20419
20435,20422
20435,20426
20435,20428
20435,20441
20435,20442
20435,20446
20435,20461
20435,20956
20439,20447
20439,20452
20439,20472
20439,20487
20439,20490
20439,20548
20439,20590
20439,26857
20439,20413
20439,20423
20439,20426
20439,20428
20439,20441
20439,20442
20439,20446
20439,20461
20439,20463
20439,20467
20447,20452
20447,20467
20447,20472
20447,20490
20447,20528
20447,20548
20447,20590
20447,20597
20447,10696
20447,20426
20447,20428
20447,20442
20447,20446
20447,20461
20447,20463
20447,20473
20447,20474
20447,20476
20447,20483
20447,25848
20447,22940
20452,20467
20452,20472
20452,20487
20452,20490
20452,20548
20452,20626
20452,15462
20452,13531
20452,20426
20452,20428
20452,20441
20452,20442
20452,20446
20452,20461
20452,20463
20452,20473
20452,20474
20452,20476
20452,20483
20452,24010
20467,20472
20467,20487
20467,20490
20467,20528
20467,20548
20467,20590
20467,20597
20467,20626
20467,20643
20467,26968
20467,9299
20467,20441
20467,20442
20467,20446
20467,20461
20467,20463
20467,20474
20467,20476
20467,20483
20467,20491
20467,20495
20472,20487
20472,20490
20472,20528
20472,20548
20472,20597
20472,20626
20472,20643
20472,20662
20472,18101
20472,20441
20472,20442
20472,20446
20472,20461
20472,20463
20472,20473
20472,20474
20472,20476
20472,20483
20472,20491
20472,20495
20472,20499
20487,20490
20487,20528
20487,20548
20487,20590
20487,20597
20487,20626
20487,20643
20487,20662
20487,20673
20487,20463
20487,20473
20487,20474
20487,20476
20487,20483
20487,20491
20487,20495
20487,20499
20487,20510
20487,20511
20487,20513
20487,20514
20490,20528
20490,20548
20490,20590
20490,20626
20490,20643
20490,20662
20490,20691
20490,22942
20490,9870
20490,22275
20490,10635
20490,18587
20490,20461
20490,20473
20490,20474
20490,20476
20490,20483
20490,20491
20490,20495
20490,20510
20490,20513
20490,20514
20490,23033
20528,20548
20528,20590
20528,20597
20528,20626
20528,20643
20528,20662
20528,20673
20528,20691
20528,20743
20528,9430
20528,10277
20528,20491
20528,20499
20528,20510
20528,20511
20528,20514
20528,20536
20528,20537
20528,20539
20528,20546
20528,20550
20528,20558
20548,20590
20548,20597
20548,20626
20548,20643
20548,20662
20548,20673
20548,20691
20548,20743
20548,20745
20548,24521
20548,20510
20548,20511
20548,20513
20548,20514
20548,20536
20548,20537
20548,20539
20548,20546
20548,20550
20548,20554
20548,20557
20548,20558
20548,20566
20548,20569
20548,20576
20548,20577
20548,20578
20590,20597
20590,20626
20590,20643
20590,20662
20590,20673
20590,20743
20590,20745
20590,20746
20590,8107
20590,20557
20590,20558
20590,20566
20590,20569
20590,20576
20590,20577
20590,20578
20590,20585
20590,20586
20590,20595
20590,20603
20590,20615
20590,20618
20590,20619
20597,20626
20597,20643
20597,20662
20597,20691
20597,20743
20597,20745
20597,20746
20597,23889
20597,20939
20597,23420
20597,12312
20597,20566
20597,20569
20597,20576
20597,20577
20597,20578
20597,20585
20597,20586
20597,20595
20597,20603
20597,20614
20597,20619
20597,20623
20597,20627
20597,20631
20597,27379
20626,20643
20626,20662
20626,20673
20626,20691
20626,20743
20626,20745
20626,20746
20626,20826
20626,26612
20626,7925
20626,20603
20626,20614
20626,20615
20626,20618
20626,20619
20626,20623
20626,20627
20626,20631
20626,20635
20626,20644
20626,20649
20626,20652
20626,20655
20626,20657
20643,20662
20643,20673
20643,20691
20643,20743
20643,20745
20643,20746
20643,20747
20643,20826
20643,20828
20643,11975
20643,12772
20643,20614
20643,20618
20643,20619
20643,20623
20643,20627
20643,20631
20643,20635
20643,20644
20643,20649
20643,20652
20643,20655
20643,20657
20643,20663
20643,20667
20643,20670
20643,20939
20662,20673
20662,20691
20662,20743
20662,20745
20662,20746
20662,20747
20662,20826
20662,20828
20662,27291
20662,17094
20662,17752
20662,20627
20662,20631
20662,20635
20662,20644
20662,20649
20662,20652
20662,20657
20662,20663
20662,20667
20662,20670
20662,20676
20662,20686
20662,20688
20673,20691
20673,20743
20673,20745
20673,20828
20673,20869
20673,20880
20673,10779
20673,15934
20673,25820
20673,20649
20673,20652
20673,20655
20673,20657
20673,20663
20673,20667
20673,20670
20673,20672
20673,20676
20673,20686
20673,20688
20673,20694
20673,20696
20673,20697
20673,20700
20673,20701
20691,20743
20691,20745
20691,20746
20691,20747
20691,20826
20691,20828
20691,20869
20691,20880
20691,20897
20691,20663
20691,20667
20691,20670
20691,20672
20691,20676
20691,20686
20691,20688
20691,20694
20691,20696
20691,20697
20691,20700
20691,20701
20691,20705
20691,20707
20691,20709
20691,20710
20691,21604
20743,20745
20743,20746
20743,20747
20743,20826
20743,20828
20743,20869
20743,20880
20743,20897
20743,20911
20743,26364
20743,25650
20743,20717
20743,20720
20743,20724
20743,20732
20743,20733
20743,20734
20743,20737
20743,20738
20743,20739
20743,20750
20743,20751
20743,20758
20743,20759
20743,20764
20743,20770
20743,23357
20745,20746
20745,20747
20745,20826
20745,20828
20745,20869
20745,20880
20745,20897
20745,20918
20745,10364
20745,14732
20745,20720
20745,20724
20745,20732
20745,20733
20745,20734
20745,20737
20745,20738
20745,20739
20745,20750
20745,20751
20745,20758
20745,20759
20745,20764
20745,20770
20745,20776
20746,20747
20746,20826
20746,20828
20746,20869
20746,20880
20746,20897
20746,20911
20746,20918
20746,20930
20746,20724
20746,20732
20746,20734
20746,20737
20746,20738
20746,20739
20746,20750
20746,20751
20746,20758
20746,20759
20746,20764
20746,20770
20746,20776
20746,20786
20747,20826
20747,20828
20747,20880
20747,20897
20747,20911
20747,20930
20747,20939
20747,26949
20747,18292
20747,20428
20747,20732
20747,20733
20747,20734
20747,20738
20747,20739
20747,20750
20747,20751
20747,20758
20747,20759
20747,20764
20747,20770
20747,20776
20747,20786
20747,20790
20826,20828
20826,20869
20826,20880
20826,20897
20826,20911
20826,20918
20826,20930
20826,20939
20826,20948
20826,25728
20826,19988
20826,20791
20826,20794
20826,20797
20826,20798
20826,20799
20826,20800
20826,20818
20826,20821
20826,20831
20826,20832
20826,20835
20826,20840
20826,20844
20826,20850
20826,20851
20826,20854
20828,20869
20828,20880
20828,20897
20828,20911
20828,20918
20828,20930
20828,20939
20828,20948
20828,20956
20828,20791
20828,20794
20828,20798
20828,20799
20828,20800
20828,20818
20828,20821
20828,20831
20828,20832
20828,20835
20828,20840
20828,20844
20828,20850
20828,20851
20828,20854
20828,20855
20869,20880
20869,20897
20869,20911
20869,20918
20869,20930
20869,20939
20869,20948
20869,20976
20869,20840
20869,20844
20869,20850
20869,20851
20869,20854
20869,20855
20869,20860
20869,20862
20869,20866
20869,20872
20869,20876
20869,20882
20869,20886
20869,20896
20869,20901
20880,20897
20880,20911
20880,20918
20880,20930
20880,20939
20880,20948
20880,20956
20880,20976
20880,20983
20880,13163
20880,20851
20880,20854
20880,20855
20880,20860
20880,20862
20880,20866
20880,20872
20880,20876
20880,20882
20880,20886
20880,20901
20880,20915
20880,20922
20897,20911
20897,20918
20897,20930
20897,20948
20897,20956
20897,20976
20897,20983
20897,20987
20897,12281
20897,19018
20897,20862
20897,20872
20897,20876
20897,20882
20897,20886
20897,20896
20897,20901
20897,20915
20897,20927
20897,20928
20897,20937
20897,24465
20911,20918
20911,20930
20911,20939
20911,20948
20911,20956
20911,20976
20911,20983
20911,20987
20911,21003
20911,27400
20911,11165
20911,20872
20911,20876
20911,20882
20911,20886
20911,20896
20911,20901
20911,20915
20911,20922
20911,20927
20911,20928
20911,20937
20911,20943
20911,23182
20918,20930
20918,20976
20918,20983
20918,20987
20918,21003
20918,21007
20918,9946
20918,20876
20918,20882
20918,20886
20918,20896
20918,20901
20918,20915
20918,20922
20918,20927
20918,20928
20918,20937
20918,20939
20918,20943
20918,20945
20918,20947
20930,20939
20930,20948
20930,20956
20930,20976
20930,20983
20930,21003
20930,21007
20930,21014
20930,15712
20930,22505
20930,18996
20930,20901
20930,20915
20930,20922
20930,20928
20930,20937
20930,20943
20930,20945
20930,20947
20930,20950
20930,20954
20939,20948
20939,20956
20939,20976
20939,20983
20939,20987
20939,21003
20939,21007
20939,21014
20939,9834
20939,20901
20939,20915
20939,20927
20939,20928
20939,20937
20939,20943
20939,20947
20939,20954
20939,20962
20939,20965
20948,20956
20948,20976
20948,20983
20948,20987
20948,21014
20948,21020
20948,21023
20948,25881
20948,24369
20948,20922
20948,20927
20948,20928
20948,20937
20948,20943
20948,20945
20948,20947
20948,20954
20948,20962
20948,20965
20948,20968
20948,20978
20948,20980
20948,21417
20956,20976
20956,20983
20956,20987
20956,21003
20956,21007
20956,21020
20956,21023
20956,21030
20956,17600
20956,10473
20956,20937
20956,20943
20956,20945
20956,20947
20956,20950
20956,20962
20956,20965
20956,20968
20956,20978
20956,20980
20956,20981
20956,20982
20976,20983
20976,20987
20976,21003
20976,21020
20976,21023
20976,21030
20976,21031
20976,22965
20976,20945
20976,20947
20976,20950
20976,20954
20976,20962
20976,20965
20976,20968
20976,20978
20976,20980
20976,20981
20976,20982
20976,20992
20976,20996
20976,21002
20983,20987
20983,21003
20983,21007
20983,21014
20983,21023
20983,21030
20983,21031
20983,21057
20983,18816
20983,20965
20983,20968
20983,20978
20983,20980
20983,20981
20983,20982
20983,20992
20983,20996
20983,21002
20983,21020
20987,21003
20987,21007
20987,21014
20987,21020
20987,21023
20987,21030
20987,21031
20987,21057
20987,21080
20987,17144
20987,7904
20987,8542
20987,20962
20987,20965
20987,20968
20987,20978
20987,20980
20987,20981
20987,20982
20987,20996
20987,21002
20987,24133
21003,21007
21003,21014
21003,21020
21003,21023
21003,21030
21003,21031
21003,21057
21003,21080
21003,21091
21003,15936
21003,22680
21003,20980
21003,20981
21003,20982
21003,20992
21003,20996
21003,21002
21003,21034
21003,21045
21007,21014
21007,21023
21007,21031
21007,21057
21007,21091
21007,21109
21007,22435
21007,21034
21007,19824
21007,20980
21007,20981
21007,20982
21007,20992
21007,20996
21007,21020
21007,21033
21007,21045
21007,21046
21007,21147
21014,21020
21014,21023
21014,21030
21014,21031
21014,21057
21014,21080
21014,21091
21014,21109
21014,21114
21014,14217
21014,20981
21014,20996
21014,21002
21014,21045
21014,21046
21014,21049
21020,21023
21020,21030
21020,21031
21020,21057
21020,21080
21020,21091
21020,21109
21020,21114
21020,21116
21020,17938
21020,20982
21020,20992
21020,20996
21020,21002
21020,21033
21020,21034
21020,21045
21020,21046
21020,21054
21023,21030
21023,21031
21023,21080
21023,21091
21023,21109
21023,21114
21023,21116
21023,21117
21023,9063
21023,20992
21023,20996
21023,21002
21023,21033
21023,21034
21023,21045
21023,21046
21023,21049
21023,21054
21023,21057
21023,22774
21030,21080
21030,21109
21030,21114
21030,21116
21030,21150
21030,22784
21030,18707
21030,16359
21030,25715
21030,8219
21030,20996
21030,21002
21030,21031
21030,21034
21030,21045
21030,21046
21030,21049
21030,21054
21030,21057
21030,21060
21031,21057
21031,21080
21031,21091
21031,21109
21031,21114
21031,21117
21031,21150
21031,21156
21031,13158
21031,27190
21031,17450
21031,20992
21031,20996
21031,21002
21031,21033
21031,21034
21031,21045
21031,21046
21031,21049
21031,21054
21031,21060
21031,21061
21057,21080
21057,21091
21057,21109
21057,21114
21057,21116
21057,21117
21057,21150
21057,21156
21057,21166
21057,21033
21057,21045
21057,21046
21057,21049
21057,21054
21057,21060
21057,21073
21057,21084
21057,21089
21057,21092
21080,21091
21080,21109
21080,21114
21080,21116
21080,21117
21080,21150
21080,21156
21080,21180
21080,19875
21080,9250
21080,21046
21080,21049
21080,21054
21080,21060
21080,21061
21080,21073
21080,21074
21080,21089
21080,21092
21080,21098
21080,21106
21080,21110
21080,26825
21091,21109
21091,21114
21091,21116
21091,21117
21091,21150
21091,21156
21091,21166
21091,21180
21091,21221
21091,24908
21091,26058
21091,17821
21091,20712
21091,21054
21091,21061
21091,21073
21091,21074
21091,21089
21091,21092
21091,21098
21091,21106
21091,21110
21091,21118
21091,23725
21091,25140
21109,21114
21109,21116
21109,21117
21109,21150
21109,21156
21109,21166
21109,21180
21109,25433
21109,19824
21109,25987
21109,21073
21109,21074
21109,21084
21109,21089
21109,21092
21109,21098
21109,21106
21109,21110
21109,21118
21109,21120
21109,21127
21109,21133
21109,21139
21109,24440
21114,21116
21114,21117
21114,21150
21114,21156
21114,21166
21114,21180
21114,21221
21114,21230
21114,21231
21114,9718
21114,23464
21114,25892
21114,21084
21114,21089
21114,21092
21114,21098
21114,21106
21114,21110
21114,21118
21114,21120
21114,21127
21114,21133
21114,21139
21114,21146
21116,21117
21116,21150
21116,21156
21116,21166
21116,21180
21116,21221
21116,21230
21116,21231
21116,21238
21116,9126
21116,21084
21116,21089
21116,21092
21116,21098
21116,21106
21116,21110
21116,21118
21116,21120
21116,21127
21116,21133
21116,21139
21116,21146
21117,21150
21117,21156
21117,21166
21117,21180
21117,21221
21117,21230
21117,21231
21117,21267
21117,19950
21117,21089
21117,21092
21117,21098
21117,21106
21117,21110
21117,21118
21117,21120
21117,21127
21117,21133
21117,21139
21117,21144
21117,21146
21117,21147
21150,21156
21150,21166
21150,21180
21150,21221
21150,21230
21150,21231
21150,21238
21150,21304
21150,18283
21150,13943
21150,21118
21150,21120
21150,21127
21150,21133
21150,21139
21150,21144
21150,21146
21150,21147
21150,21151
21150,21153
21150,21154
21150,21158
21150,21160
21150,21164
21150,21170
21156,21166
21156,21180
21156,21221
21156,21230
21156,21231
21156,21238
21156,21267
21156,21304
21156,8456
21156,21133
21156,21139
21156,21144
21156,21146
21156,21147
21156,21151
21156,21153
21156,21158
21156,21160
21156,21170
21156,21181
21156,21182
21156,27307
21166,21180
21166,21221
21166,21230
21166,21238
21166,21267
21166,21304
21166,21374
21166,21902
21166,21147
21166,21151
21166,21153
21166,21154
21166,21158
21166,21160
21166,21164
21166,21170
21166,21176
21166,21181
21166,21182
21166,21194
21166,21200
21166,21204
21166,21205
21180,21221
21180,21230
21180,21238
21180,21267
21180,21304
21180,21374
21180,21381
21180,19631
21180,12544
21180,23121
21180,21153
21180,21154
21180,21158
21180,21160
21180,21164
21180,21176
21180,21181
21180,21182
21180,21194
21180,21200
21180,21204
21180,21205
21180,21211
21180,21212
21180,21219
21221,21230
21221,21231
21221,21238
21221,21304
21221,21323
21221,21374
21221,21381
21221,21388
21221,21182
21221,21194
21221,21200
21221,21204
21221,21205
21221,21211
21221,21212
21221,21219
21221,21229
21221,21234
21221,21239
21221,21240
21221,21247
21221,21255
21230,21231
21230,21238
21230,21267
21230,21323
21230,21374
21230,21388
21230,21399
21230,21626
21230,8961
21230,21194
21230,21200
21230,21204
21230,21205
21230,21211
21230,21212
21230,21229
21230,21234
21230,21239
21230,21240
21230,21255
21230,21265
21230,25000
21231,21238
21231,21323
21231,21374
21231,21381
21231,21388
21231,21399
21231,21419
21231,21570
21231,13586
21231,21200
21231,21204
21231,21205
21231,21211
21231,21212
21231,21219
21231,21229
21231,21234
21231,21239
21231,21240
21231,21247
21231,21255
21231,21265
21231,21267
21238,21267
21238,21304
21238,21323
21238,21388
21238,21399
21238,21419
21238,21446
21238,12890
21238,21845
21238,22192
21238,9024
21238,21205
21238,21211
21238,21212
21238,21219
21238,21229
21238,21234
21238,21240
21238,21247
21238,21255
21238,21261
21238,21265
21238,21285
21238,21290
21238,23646
21267,21304
21267,21323
21267,21374
21267,21381
21267,21388
21267,21399
21267,21419
21267,21455
21267,16597
21267,20321
21267,21234
21267,21239
21267,21240
21267,21247
21267,21255
21267,21265
21267,21285
21267,21290
21267,21294
21267,21307
21267,21308
21267,21309
21267,21317
21267,25767
21304,21323
21304,21374
21304,21388
21304,21399
21304,21419
21304,21446
21304,21455
21304,21950
21304,23167
21304,16731
21304,21240
21304,21247
21304,21255
21304,21265
21304,21285
21304,21290
21304,21294
21304,21307
21304,21308
21304,21309
21304,21311
21304,21317
21304,21318
21304,21321
21323,21374
21323,21381
21323,21388
21323,21399
21323,21419
21323,21446
21323,21470
21323,21471
21323,20202
21323,26969
21323,7798
21323,10511
21323,21307
21323,21309
21323,21311
21323,21318
21323,21321
21323,21322
21323,21326
21323,21342
21323,21353
21323,21362
21323,21364
21323,21366
21323,21373
21374,21381
21374,21388
21374,21399
21374,21419
21374,21446
21374,21455
21374,21470
21374,21537
21374,22848
21374,27361
21374,21326
21374,21342
21374,21345
21374,21353
21374,21362
21374,21364
21374,21366
21374,21373
21374,21387
21374,21402
21374,21409
21374,21417
21374,21431
21381,21388
21381,21399
21381,21419
21381,21446
21381,21455
21381,21470
21381,21471
21381,21537
21381,21543
21381,21345
21381,21353
21381,21364
21381,21366
21381,21373
21381,21387
21381,21402
21381,21409
21381,21417
21381,21431
21381,21441
21388,21399
21388,21446
21388,21455
21388,21470
21388,21471
21388,21537
21388,21543
21388,26456
21388,10784
21388,21353
21388,21362
21388,21364
21388,21373
21388,21387
21388,21402
21388,21409
21388,21417
21388,21419
21388,21431
21388,21441
21388,21447
21399,21419
21399,21446
21399,21455
21399,21470
21399,21471
21399,21537
21399,21543
21399,21566
21399,21570
21399,21353
21399,21362
21399,21364
21399,21366
21399,21373
21399,21402
21399,21409
21399,21417
21399,21431
21399,21441
21399,21447
21399,21454
21419,21446
21419,21455
21419,21470
21419,21537
21419,21543
21419,21566
21419,21570
21419,21574
21419,16971
21419,12301
21419,9270
21419,21373
21419,21387
21419,21402
21419,21417
21419,21431
21419,21441
21419,21447
21419,21454
21419,21459
21419,21471
21419,23649
21446,21455
21446,21470
21446,21537
21446,21543
21446,21570
21446,21574
21446,21586
21446,13943
21446,25170
21446,26993
21446,20045
21446,21387
21446,21402
21446,21409
21446,21417
21446,21431
21446,21441
21446,21447
21446,21454
21446,21459
21446,21471
21446,21479
21446,21482
21446,21491
21455,21470
21455,21471
21455,21537
21455,21543
21455,21566
21455,21570
21455,21574
21455,21586
21455,21587
21455,10001
21455,17788
21455,21402
21455,21417
21455,21431
21455,21441
21455,21447
21455,21454
21455,21459
21455,21482
21455,21491
21455,21494
21455,21503
21455,21505
21470,21471
21470,21537
21470,21543
21470,21566
21470,21570
21470,21574
21470,21586
21470,21587
21470,21589
21470,15172
21470,21417
21470,21431
21470,21441
21470,21447
21470,21454
21470,21459
21470,21479
21470,21482
21470,21491
21470,21494
21470,21505
21470,21510
21470,21522
21471,21543
21471,21566
21471,21570
21471,21574
21471,21586
21471,21587
21471,21589
21471,21597
21471,27305
21471,21431
21471,21441
21471,21454
21471,21459
21471,21479
21471,21482
21471,21491
21471,21503
21471,21505
21471,21510
21471,21522
21471,21526
21471,22808
21471,26688
21537,21543
21537,21570
21537,21574
21537,21587
21537,21589
21537,21597
21537,21599
21537,25483
21537,8932
21537,9952
21537,21491
21537,21494
21537,21503
21537,21505
21537,21510
21537,21526
21537,21529
21537,21541
21537,21548
21537,21553
21537,21566
21543,21566
21543,21574
21543,21586
21543,21587
21543,21589
21543,21597
21543,21599
21543,21605
21543,21782
21543,7777
21543,21494
21543,21503
21543,21505
21543,21510
21543,21522
21543,21526
21543,21529
21543,21541
21543,21548
21543,21553
21543,21555
21543,21560
21543,21561
21543,21570
21543,21573
21543,23293
21566,21570
21566,21586
21566,21587
21566,21589
21566,21597
21566,21599
21566,21605
21566,21613
21566,9426
21566,16284
21566,21529
21566,21541
21566,21548
21566,21553
21566,21555
21566,21560
21566,21561
21566,21573
21566,21574
21566,21576
21566,21578
21566,21588
21566,21912
21566,23087
21570,21574
21570,21586
21570,21587
21570,21589
21570,21597
21570,21599
21570,21613
21570,18583
21570,22071
21570,12038
21570,16477
21570,21541
21570,21548
21570,21553
21570,21555
21570,21561
21570,21573
21570,21576
21570,21578
21570,21584
21574,21586
21574,21587
21574,21589
21574,21597
21574,21599
21574,21605
21574,21613
21574,21626
21574,21637
21574,25717
21574,18448
21574,21548
21574,21553
21574,21555
21574,21560
21574,21561
21574,21573
21574,21576
21574,21578
21574,21584
21574,21588
21574,21596
21586,21587
21586,21589
21586,21597
21586,21599
21586,21613
21586,21626
21586,21637
21586,21655
21586,17568
21586,19089
21586,26944
21586,21560
21586,21561
21586,21573
21586,21576
21586,21578
21586,21584
21586,21588
21586,21596
21586,21601
21586,21605
21586,27386
21587,21597
21587,21599
21587,21605
21587,21613
21587,21626
21587,21637
21587,21655
21587,21661
21587,22718
21587,21561
21587,21573
21587,21576
21587,21578
21587,21584
21587,21588
21587,21589
21587,21596
21587,21601
21587,21604
21587,21610
21587,26277
21589,21597
21589,21599
21589,21605
21589,21613
21589,21626
21589,21637
21589,21655
21589,21661
21589,21698
21589,11880
21589,21573
21589,21576
21589,21578
21589,21584
21589,21588
21589,21596
21589,21601
21589,21604
21589,21610
21589,21614
21597,21599
21597,21605
21597,21613
21597,21626
21597,21655
21597,21661
21597,21698
21597,21714
21597,15891
21597,23845
21597,25747
21597,21576
21597,21578
21597,21584
21597,21588
21597,21596
21597,21601
21597,21604
21597,21610
21597,21614
21597,21616
21597,23285
21599,21605
21599,21613
21599,21626
21599,21637
21599,21655
21599,21661
21599,21698
21599,21714
21599,21718
21599,13918
21599,9946
21599,17886
21599,18948
21599,21576
21599,21578
21599,21584
21599,21588
21599,21596
21599,21601
21599,21614
21599,21616
21599,21619
21599,21625
21605,21613
21605,21626
21605,21637
21605,21655
21605,21661
21605,21698
21605,21714
21605,21718
21605,21760
21605,16666
21605,21588
21605,21596
21605,21601
21605,21610
21605,21614
21605,21616
21605,21619
21605,21625
21605,21632
21613,21626
21613,21637
21613,21655
21613,21661
21613,21698
21613,21714
21613,21718
21613,21760
21613,26162
21613,21588
21613,21596
21613,21610
21613,21614
21613,21616
21613,21619
21613,21625
21613,21632
21613,21638
21613,21646
21626,21637
21626,21655
21626,21661
21626,21698
21626,21714
21626,21718
21626,21781
21626,27051
21626,24347
21626,10824
21626,23145
21626,21601
21626,21604
21626,21610
21626,21614
21626,21616
21626,21619
21626,21625
21626,21632
21626,21638
21626,21646
21626,21647
21626,21650
21626,21651
21626,21654
21637,21655
21637,21661
21637,21714
21637,21718
21637,21760
21637,21770
21637,21786
21637,17145
21637,11936
21637,21610
21637,21616
21637,21619
21637,21625
21637,21632
21637,21638
21637,21646
21637,21647
21637,21650
21637,21651
21637,21654
21637,21659
21637,22216
21655,21661
21655,21698
21655,21714
21655,21718
21655,21760
21655,21770
21655,21781
21655,21786
21655,21807
21655,21632
21655,21638
21655,21646
21655,21647
21655,21650
21655,21651
21655,21654
21655,21659
21655,21663
21655,21665
21655,21673
21655,21684
21655,21688
21655,21695
21661,21698
21661,21718
21661,21760
21661,21770
21661,21781
21661,21786
21661,21807
21661,21838
21661,16517
21661,21638
21661,21646
21661,21647
21661,21650
21661,21651
21661,21654
21661,21659
21661,21663
21661,21665
21661,21673
21661,21681
21661,21684
21661,21688
21661,21700
21698,21714
21698,21718
21698,21760
21698,21770
21698,21781
21698,21786
21698,21807
21698,21838
21698,17660
21698,21659
21698,21663
21698,21665
21698,21673
21698,21681
21698,21684
21698,21688
21698,21695
21698,21700
21698,21705
21698,21706
21698,21707
21698,21709
21698,21712
21698,21721
21698,27144
21714,21718
21714,21760
21714,21770
21714,21781
21714,21786
21714,21807
21714,21838
21714,21845
21714,21850
21714,24683
21714,21688
21714,21695
21714,21700
21714,21705
21714,21707
21714,21709
21714,21721
21714,21731
21714,21750
21714,21753
21714,21756
21714,21757
21714,21764
21718,21760
21718,21770
21718,21781
21718,21786
21718,21838
21718,21845
21718,21850
21718,21859
21718,14344
21718,21695
21718,21700
21718,21705
21718,21707
21718,21709
21718,21712
21718,21721
21718,21731
21718,21750
21718,21753
21718,21756
21718,21757
21718,21764
21718,21767
21718,22829
21760,21770
21760,21781
21760,21786
21760,21838
21760,21845
21760,21850
21760,21859
21760,21877
21760,21829
21760,21712
21760,21721
21760,21731
21760,21750
21760,21753
21760,21756
21760,21757
21760,21764
21760,21767
21760,21768
21760,21771
21760,21774
21760,21782
21760,21785
21770,21781
21770,21786
21770,21838
21770,21850
21770,21859
21770,21877
21770,21879
21770,23696
21770,21750
21770,21753
21770,21757
21770,21764
21770,21767
21770,21768
21770,21771
21770,21774
21770,21782
21770,21785
21770,21790
21770,21802
21770,21803
21770,25772
21781,21786
21781,21807
21781,21838
21781,21845
21781,21850
21781,21859
21781,21879
21781,21891
21781,19346
21781,27012
21781,21756
21781,21757
21781,21764
21781,21767
21781,21768
21781,21771
21781,21774
21781,21782
21781,21785
21781,21790
21781,21803
21781,21810
21781,26735
21781,23901
21786,21807
21786,21838
21786,21845
21786,21850
21786,21859
21786,21877
21786,21879
21786,21891
21786,21895
21786,21764
21786,21767
21786,21768
21786,21771
21786,21774
21786,21782
21786,21785
21786,21790
21786,21802
21786,21803
21786,21808
21786,21810
21786,21829
21786,21837
21807,21838
21807,21845
21807,21850
21807,21859
21807,21877
21807,21879
21807,21891
21807,21895
21807,21896
21807,11311
21807,19652
21807,21771
21807,21774
21807,21782
21807,21785
21807,21790
21807,21802
21807,21803
21807,21808
21807,21810
21807,21837
21807,21839
21807,21846
21838,21845
21838,21850
21838,21859
21838,21877
21838,21879
21838,21891
21838,21895
21838,21896
21838,21983
21838,18158
21838,21790
21838,21802
21838,21803
21838,21808
21838,21810
21838,21829
21838,21837
21838,21839
21838,21846
21838,21853
21838,21854
21838,21858
21838,21870
21845,21850
21845,21859
21845,21877
21845,21879
21845,21891
21845,21895
21845,21896
21845,22013
21845,11431
21845,18544
21845,9496
21845,22965
21845,17149
21845,21802
21845,21803
21845,21808
21845,21810
21845,21829
21845,21837
21845,21846
21845,21853
21845,21854
21845,21870
21850,21877
21850,21879
21850,21891
21850,21895
21850,21896
21850,21983
21850,22013
21850,22041
21850,21808
21850,21810
21850,21829
21850,21837
21850,21839
21850,21846
21850,21853
21850,21854
21850,21858
21850,21859
21850,21870
21850,21880
21850,21882
21859,21879
21859,21891
21859,21895
21859,21896
21859,21983
21859,22013
21859,22041
21859,16572
21859,15679
21859,18879
21859,21839
21859,21853
21859,21854
21859,21858
21859,21870
21859,21880
21859,21882
21859,21902
21877,21879
21877,21891
21877,21895
21877,21896
21877,21983
21877,22013
21877,22041
21877,22066
21877,22067
21877,22364
21877,8971
21877,11893
21877,21366
21877,21839
21877,21846
21877,21853
21877,21854
21877,21858
21877,21880
21877,21882
21877,21902
21877,21904
21877,21905
21879,21891
21879,21895
21879,21896
21879,21983
21879,22013
21879,22041
21879,22066
21879,22067
21879,22071
21879,21846
21879,21853
21879,21854
21879,21858
21879,21870
21879,21880
21879,21882
21879,21902
21879,21904
21879,21905
21879,21907
21891,21895
21891,21896
21891,21983
21891,22041
21891,22066
21891,22067
21891,22071
21891,22080
21891,16971
21891,25699
21891,15736
21891,8453
21891,16597
21891,21853
21891,21854
21891,21858
21891,21870
21891,21880
21891,21882
21891,21902
21891,21905
21891,21922
21891,25552
21895,21896
21895,21983
21895,22013
21895,22041
21895,22066
21895,22067
21895,22071
21895,22080
21895,22084
21895,19886
21895,19868
21895,21854
21895,21858
21895,21880
21895,21882
21895,21902
21895,21904
21895,21905
21895,21907
21895,21912
21895,21919
21895,21922
21895,21924
21896,21983
21896,22013
21896,22041
21896,22066
21896,22067
21896,22071
21896,22080
21896,22084
21896,22086
21896,22437
21896,26109
21896,20461
21896,21870
21896,21880
21896,21882
21896,21902
21896,21904
21896,21905
21896,21907
21896,21912
21896,21919
21896,21922
21896,21924
21896,21934
21983,22013
21983,22041
21983,22066
21983,22067
21983,22071
21983,22080
21983,22084
21983,22086
21983,22102
21983,21950
21983,21951
21983,21960
21983,21961
21983,21965
21983,21966
21983,21968
21983,21979
21983,21980
21983,21987
21983,21988
21983,21991
21983,21993
21983,21999
21983,22002
21983,22004
21983,22007
21983,22008
22013,22041
22013,22066
22013,22067
22013,22071
22013,22084
22013,22086
22013,22102
22013,22105
22013,17366
22013,21988
22013,21991
22013,21993
22013,21999
22013,22002
22013,22004
22013,22008
22013,22009
22013,22015
22013,22016
22013,22023
22013,22024
22013,22028
22013,22031
22013,22039
22013,22055
22013,24000
22041,22066
22041,22067
22041,22071
22041,22080
22041,22084
22041,22086
22041,22102
22041,22105
22041,22113
22041,16468
22041,22009
22041,22015
22041,22016
22041,22024
22041,22028
22041,22031
22041,22039
22041,22055
22041,22060
22041,22092
22066,22071
22066,22080
22066,22084
22066,22086
22066,22102
22066,22105
22066,22113
22066,26406
22066,22148
22066,10672
22066,22016
22066,22023
22066,22024
22066,22028
22066,22031
22066,22039
22066,22055
22066,22060
22066,22067
22066,22092
22066,22094
22066,22100
22066,24840
22067,22071
22067,22080
22067,22084
22067,22086
22067,22102
22067,22105
22067,22113
22067,22121
22067,22128
22067,10015
22067,22023
22067,22024
22067,22028
22067,22031
22067,22039
22067,22055
22067,22060
22067,22092
22067,22094
22067,22100
22071,22080
22071,22084
22071,22086
22071,22102
22071,22105
22071,22113
22071,22121
22071,22128
22071,22137
22071,11066
22071,22024
22071,22028
22071,22031
22071,22039
22071,22055
22071,22060
22071,22092
22071,22094
22071,22100
22071,22106
22080,22084
22080,22102
22080,22105
22080,22113
22080,22121
22080,22128
22080,22137
22080,22141
22080,14483
22080,21482
22080,22028
22080,22031
22080,22039
22080,22055
22080,22060
22080,22086
22080,22092
22080,22094
22080,22100
22080,22106
22080,22111
22080,25208
22084,22086
22084,22102
22084,22105
22084,22113
22084,22121
22084,22128
22084,22137
22084,22141
22084,24674
22084,8520
22084,12495
22084,10197
22084,22039
22084,22055
22084,22060
22084,22092
22084,22100
22084,22106
22084,22111
22084,24843
22086,22102
22086,22105
22086,22121
22086,22137
22086,22141
22086,22151
22086,22166
22086,7862
22086,17026
22086,11694
22086,22039
22086,22055
22086,22060
22086,22092
22086,22094
22086,22100
22086,22106
22086,22111
22086,22115
22086,22718
22102,22105
22102,22113
22102,22121
22102,22137
22102,22141
22102,22151
22102,22166
22102,20962
22102,20876
22102,13472
22102,18772
22102,22094
22102,22100
22102,22106
22102,22111
22102,22115
22102,22118
22102,22120
22102,22122
22105,22121
22105,22128
22105,22137
22105,22141
22105,22151
22105,22166
22105,22168
22105,22183
22105,25840
22105,22092
22105,22094
22105,22100
22105,22111
22105,22113
22105,22115
22105,22118
22105,22120
22105,22122
22113,22121
22113,22128
22113,22137
22113,22141
22113,22151
22113,22166
22113,22186
22113,24212
22113,24395
22113,22094
22113,22100
22113,22106
22113,22111
22113,22115
22113,22118
22113,22120
22113,22122
22113,22134
22121,22128
22121,22141
22121,22151
22121,22168
22121,22183
22121,22186
22121,22192
22121,14184
22121,13238
22121,20672
22121,22106
22121,22111
22121,22115
22121,22120
22121,22122
22121,22134
22121,22137
22121,22142
22121,22148
22121,22164
22128,22137
22128,22141
22128,22151
22128,22166
22128,22168
22128,22183
22128,22186
22128,22192
22128,22196
22128,23476
22128,15103
22128,16751
22128,22111
22128,22115
22128,22118
22128,22120
22128,22122
22128,22134
22128,22142
22137,22141
22137,22151
22137,22166
22137,22183
22137,22186
22137,22192
22137,22196
22137,22214
22137,26976
22137,22111
22137,22115
22137,22118
22137,22120
22137,22122
22137,22134
22137,22142
22137,22148
22137,22168
22137,22171
22137,22172
22141,22151
22141,22166
22141,22168
22141,22183
22141,22186
22141,22192
22141,22196
22141,22214
22141,22223
22141,14331
22141,22115
22141,22118
22141,22120
22141,22122
22141,22134
22141,22142
22141,22148
22141,22164
22141,22171
22141,22172
22151,22166
22151,22168
22151,22183
22151,22186
22151,22192
22151,22196
22151,22214
22151,22223
22151,22271
22151,22120
22151,22134
22151,22142
22151,22148
22151,22164
22151,22171
22151,22172
22151,22180
22151,22181
22166,22168
22166,22183
22166,22186
22166,22192
22166,22196
22166,22214
22166,22223
22166,22271
22166,22275
22166,7612
22166,12533
22166,22122
22166,22134
22166,22142
22166,22148
22166,22164
22166,22171
22166,22181
22166,22187
22166,22188
22166,26628
22168,22183
22168,22186
22168,22196
22168,22214
22168,22223
22168,22275
22168,22278
22168,25568
22168,16083
22168,15093
22168,22134
22168,22142
22168,22148
22168,22164
22168,22171
22168,22181
22168,22187
22168,22188
22168,22192
22168,22972
22183,22186
22183,22192
22183,22196
22183,22214
22183,22223
22183,22271
22183,22275
22183,22278
22183,22302
22183,10393
22183,22148
22183,22164
22183,22171
22183,22172
22183,22180
22183,22181
22183,22187
22183,22188
22183,22195
22183,22200
22183,22202
22186,22192
22186,22196
22186,22214
22186,22223
22186,22271
22186,22275
22186,22278
22186,22302
22186,13156
22186,22164
22186,22171
22186,22172
22186,22180
22186,22187
22186,22188
22186,22193
22186,22195
22186,22200
22186,22202
22192,22196
22192,22214
22192,22223
22192,22271
22192,22275
22192,22302
22192,15668
22192,19580
22192,22172
22192,22180
22192,22181
22192,22188
22192,22193
22192,22195
22192,22200
22192,22202
22192,22216
22192,22221
22192,22222
22192,25983
22196,22214
22196,22223
22196,22271
22196,22275
22196,22278
22196,22302
22196,22310
22196,22321
22196,22344
22196,22180
22196,22181
22196,22187
22196,22188
22196,22193
22196,22195
22196,22200
22196,22202
22196,22216
22196,22221
22196,22222
22196,22225
22196,22229
22214,22223
22214,22271
22214,22275
22214,22278
22214,22302
22214,22310
22214,22321
22214,22344
22214,22345
22214,25451
22214,19692
22214,13977
22214,22187
22214,22188
22214,22193
22214,22195
22214,22202
22214,22216
22214,22221
22214,22222
22214,22225
22214,22229
22214,22231
22214,22234
22223,22271
22223,22275
22223,22278
22223,22302
22223,22310
22223,22321
22223,22344
22223,22345
22223,22355
22223,25483
22223,22195
22223,22200
22223,22202
22223,22216
22223,22221
22223,22222
22223,22225
22223,22229
22223,22231
22223,22234
22223,22254
22223,22257
22223,22260
22223,22261
22223,22264
22271,22275
22271,22278
22271,22302
22271,22310
22271,22321
22271,22345
22271,22355
22271,22380
22271,18790
22271,15556
22271,22225
22271,22229
22271,22231
22271,22234
22271,22254
22271,22257
22271,22260
22271,22261
22271,22264
22271,22288
22271,22289
22271,22292
22271,22293
22271,22299
22275,22278
22275,22302
22275,22310
22275,22321
22275,22344
22275,22355
22275,22380
22275,22390
22275,27444
22275,19495
22275,22229
22275,22231
22275,22234
22275,22254
22275,22257
22275,22260
22275,22264
22275,22277
22275,22288
22275,22289
22275,22293
22275,22299
22275,22303
22275,27129
22278,22302
22278,22310
22278,22321
22278,22344
22278,22345
22278,22355
22278,22390
22278,22407
22278,16314
22278,18203
22278,18160
22278,22234
22278,22254
22278,22257
22278,22261
22278,22264
22278,22277
22278,22288
22278,22289
22278,22292
22278,22293
22278,22299
22278,22303
22278,22309
22302,22310
22302,22321
22302,22344
22302,22345
22302,22355
22302,22380
22302,22407
22302,22435
22302,22277
22302,22288
22302,22289
22302,22292
22302,22293
22302,22299
22302,22303
22302,22309
22302,22315
22302,22329
22302,22331
22302,22332
22302,22958
22310,22321
22310,22344
22310,22345
22310,22355
22310,22380
22310,22390
22310,22407
22310,22435
22310,22437
22310,21619
22310,22288
22310,22293
22310,22299
22310,22303
22310,22309
22310,22315
22310,22329
22310,22331
22310,22332
22310,22347
22310,22350
22321,22344
22321,22345
22321,22355
22321,22380
22321,22390
22321,22407
22321,22435
22321,22441
22321,13043
22321,21646
22321,22289
22321,22292
22321,22293
22321,22299
22321,22303
22321,22309
22321,22315
22321,22331
22321,22332
22321,22347
22321,22350
22321,22352
22321,25992
22344,22345
22344,22355
22344,22380
22344,22390
22344,22407
22344,22435
22344,22437
22344,22441
22344,22444
22344,22303
22344,22309
22344,22329
22344,22331
22344,22332
22344,22347
22344,22350
22344,22352
22344,22360
22344,22362
22344,22364
22344,22370
22345,22355
22345,22380
22345,22390
22345,22407
22345,22435
22345,22441
22345,22444
22345,22445
22345,22303
22345,22309
22345,22315
22345,22329
22345,22331
22345,22332
22345,22347
22345,22350
22345,22352
22345,22360
22345,22364
22345,22370
22345,22375
22345,25831
22345,23729
22355,22380
22355,22390
22355,22407
22355,22435
22355,22437
22355,22441
22355,22444
22355,22445
22355,22488
22355,25029
22355,16178
22355,22329
22355,22331
22355,22332
22355,22347
22355,22350
22355,22352
22355,22360
22355,22362
22355,22364
22355,22370
22355,22375
22355,22385
22355,22389
22355,24846
22380,22390
22380,22407
22380,22435
22380,22437
22380,22441
22380,22444
22380,22500
22380,14998
22380,22004
22380,22347
22380,22350
22380,22352
22380,22360
22380,22362
22380,22364
22380,22370
22380,22375
22380,22384
22380,22385
22380,22389
22380,22393
22380,22394
22380,22395
22380,22397
22380,22404
22390,22407
22390,22435
22390,22437
22390,22441
22390,22444
22390,22488
22390,22500
22390,22505
22390,16971
22390,16702
22390,22360
22390,22362
22390,22370
22390,22375
22390,22384
22390,22385
22390,22389
22390,22393
22390,22395
22390,22397
22390,22404
22390,22405
22390,22406
22390,24347
22407,22435
22407,22437
22407,22441
22407,22444
22407,22445
22407,22488
22407,22505
22407,22509
22407,17017
22407,8705
22407,26861
22407,9058
22407,16854
22407,22389
22407,22393
22407,22394
22407,22395
22407,22397
22407,22404
22407,22405
22407,22406
22407,22424
22407,22428
22407,22446
22435,22437
22435,22441
22435,22444
22435,22445
22435,22488
22435,22500
22435,22505
22435,22509
22435,22535
22435,26327
22435,22394
22435,22406
22435,22424
22435,22439
22435,22446
22435,22452
22435,22460
22435,22461
22435,24213
22435,24229
22437,22441
22437,22444
22437,22445
22437,22500
22437,22505
22437,22535
22437,22551
22437,23553
22437,25796
22437,22395
22437,22397
22437,22404
22437,22406
22437,22424
22437,22428
22437,22439
22437,22446
22437,22463
22437,26152
22441,22444
22441,22445
22441,22488
22441,22500
22441,22505
22441,22509
22441,22535
22441,22551
22441,22564
22441,16465
22441,22404
22441,22405
22441,22406
22441,22428
22441,22439
22441,22446
22441,22452
22441,22460
22441,22461
22441,22463
22441,22469
22441,22476
22441,22780
22444,22445
22444,22488
22444,22500
22444,22505
22444,22509
22444,22535
22444,22551
22444,22564
22444,22565
22444,18819
22444,26248
22444,15603
22444,8134
22444,10855
22444,13682
22444,22405
22444,22406
22444,22424
22444,22439
22444,22446
22444,22452
22444,22460
22444,22461
22444,22463
22444,22469
22444,22478
22445,22488
22445,22500
22445,22505
22445,22509
22445,22535
22445,22551
22445,22564
22445,22565
22445,22647
22445,21089
22445,22406
22445,22424
22445,22428
22445,22439
22445,22446
22445,22452
22445,22460
22445,22463
22445,22469
22445,22476
22445,22478
22445,22480
22445,27386
22488,22500
22488,22509
22488,22535
22488,22551
22488,22564
22488,22565
22488,22647
22488,22652
22488,19966
22488,22446
22488,22452
22488,22460
22488,22461
22488,22463
22488,22469
22488,22476
22488,22478
22488,22480
22488,22489
22488,22496
22488,22498
22488,22505
22488,22507
22488,22515
22488,22516
22500,22505
22500,22509
22500,22535
22500,22551
22500,22564
22500,22565
22500,22647
22500,22660
22500,16199
22500,12675
22500,22171
22500,22463
22500,22469
22500,22476
22500,22478
22500,22480
22500,22489
22500,22498
22500,22507
22500,22515
22500,22516
22500,22518
22500,22520
22500,22521
22500,22522
22500,24869
22505,22509
22505,22535
22505,22564
22505,22565
22505,22647
22505,22660
22505,22662
22505,19867
22505,22469
22505,22476
22505,22478
22505,22480
22505,22489
22505,22496
22505,22498
22505,22515
22505,22518
22505,22520
22505,22521
22505,22522
22505,22523
22505,23789
22509,22535
22509,22551
22509,22564
22509,22565
22509,22647
22509,22652
22509,22660
22509,22662
22509,22680
22509,27418
22509,22478
22509,22480
22509,22489
22509,22498
22509,22507
22509,22515
22509,22516
22509,22520
22509,22521
22509,22522
22509,22523
22509,22531
22535,22551
22535,22564
22535,22565
22535,22647
22535,22652
22535,22660
22535,22662
22535,22680
22535,22718
22535,26431
22535,26908
22535,24127
22535,7656
22535,22515
22535,22516
22535,22518
22535,22520
22535,22521
22535,22522
22535,22523
22535,22531
22535,22537
22535,22542
22535,22554
22535,22556
22535,22558
22535,22566
22535,27350
22551,22564
22551,22647
22551,22652
22551,22660
22551,22662
22551,22680
22551,22718
22551,22766
22551,26735
22551,11797
22551,8491
22551,13068
22551,13376
22551,22518
22551,22520
22551,22521
22551,22522
22551,22523
22551,22531
22551,22537
22551,22542
22551,22554
22551,22556
22551,22558
22551,22565
22551,22566
22551,22572
22564,22565
22564,22647
22564,22652
22564,22660
22564,22662
22564,22680
22564,22718
22564,22766
22564,22767
22564,22523
22564,22537
22564,22542
22564,22556
22564,22558
22564,22566
22564,22569
22564,22572
22564,22576
22564,22579
22564,22580
22564,22581
22565,22647
22565,22652
22565,22660
22565,22662
22565,22680
22565,22718
22565,22766
22565,22767
22565,22785
22565,11177
22565,9167
22565,22531
22565,22537
22565,22542
22565,22554
22565,22556
22565,22558
22565,22566
22565,22568
22565,22569
22565,22572
22565,22576
22565,22579
22565,22580
22565,22581
22647,22652
22647,22660
22647,22662
22647,22718
22647,22766
22647,22767
22647,22785
22647,22792
22647,11963
22647,13541
22647,22581
22647,22586
22647,22598
22647,22611
22647,22626
22647,22630
22647,22635
22647,22639
22647,22664
22647,22667
22647,22668
22647,22675
22647,22680
22647,22687
22647,25662
22652,22660
22652,22662
22652,22680
22652,22718
22652,22766
22652,22767
22652,22792
22652,22813
22652,12231
22652,25246
22652,13629
22652,22586
22652,22598
22652,22611
22652,22621
22652,22626
22652,22630
22652,22635
22652,22639
22652,22664
22652,22668
22652,22675
22652,22687
22652,22697
22652,24604
22660,22680
22660,22718
22660,22766
22660,22767
22660,22785
22660,22792
22660,22813
22660,22859
22660,14236
22660,22598
22660,22621
22660,22626
22660,22630
22660,22635
22660,22639
22660,22662
22660,22664
22660,22667
22660,22675
22660,22687
22660,22697
22660,22699
22660,22967
22662,22680
22662,22718
22662,22766
22662,22767
22662,22785
22662,22792
22662,22813
22662,22859
22662,22872
22662,22611
22662,22621
22662,22626
22662,22630
22662,22635
22662,22639
22662,22664
22662,22667
22662,22668
22662,22675
22662,22687
22662,22697
22662,22699
22662,22702
22680,22718
22680,22766
22680,22767
22680,22785
22680,22792
22680,22813
22680,22859
22680,22872
22680,22888
22680,26733
22680,22639
22680,22664
22680,22667
22680,22668
22680,22675
22680,22687
22680,22697
22680,22699
22680,22702
22680,22706
22680,22710
22680,22711
22680,22724
22718,22767
22718,22785
22718,22792
22718,22813
22718,22859
22718,22872
22718,22888
22718,22889
22718,20866
22718,20476
22718,22675
22718,22687
22718,22697
22718,22699
22718,22702
22718,22706
22718,22710
22718,22711
22718,22724
22718,22728
22718,22735
22718,22737
22718,22748
22718,22758
22766,22767
22766,22785
22766,22792
22766,22813
22766,22859
22766,22872
22766,22888
22766,22889
22766,22944
22766,16116
22766,22728
22766,22735
22766,22737
22766,22746
22766,22748
22766,22754
22766,22757
22766,22758
22766,22761
22766,22768
22766,22772
22766,22774
22766,22777
22766,22780
22766,22781
22766,22784
22767,22785
22767,22792
22767,22813
22767,22859
22767,22872
22767,22888
22767,22889
22767,22944
22767,22965
22767,22142
22767,22735
22767,22737
22767,22746
22767,22748
22767,22754
22767,22757
22767,22758
22767,22768
22767,22772
22767,22774
22767,22777
22767,22780
22767,22781
22767,22784
22767,22787
22767,25204
22785,22792
22785,22813
22785,22872
22785,22888
22785,22889
22785,22944
22785,22965
22785,22966
22785,26103
22785,22768
22785,22772
22785,22774
22785,22777
22785,22780
22785,22781
22785,22784
22785,22787
22785,22788
22785,22789
22785,22790
22785,22796
22785,22800
22785,22805
22785,22807
22792,22813
22792,22859
22792,22872
22792,22888
22792,22889
22792,22944
22792,22965
22792,22972
22792,11362
22792,26552
22792,24320
22792,15564
22792,22777
22792,22784
22792,22787
22792,22788
22792,22789
22792,22790
22792,22800
22792,22805
22792,22807
22792,22808
22792,22809
22792,22816
22813,22859
22813,22872
22813,22888
22813,22889
22813,22944
22813,22966
22813,22972
22813,22974
22813,16339
22813,22789
22813,22790
22813,22796
22813,22807
22813,22808
22813,22816
22813,22821
22813,22823
22813,22829
22813,22832
22813,22839
22813,22848
22813,22850
22813,22855
22859,22872
22859,22888
22859,22889
22859,22965
22859,22966
22859,22972
22859,22974
22859,22989
22859,11994
22859,22816
22859,22821
22859,22823
22859,22829
22859,22832
22859,22839
22859,22850
22859,22855
22859,22860
22859,22861
22859,22864
22859,22869
22859,22878
22859,22882
22859,22883
22859,22885
22859,25580
22872,22889
22872,22944
22872,22966
22872,22972
22872,22974
22872,22989
22872,22994
22872,25788
22872,20209
22872,9426
22872,22839
22872,22848
22872,22850
22872,22855
22872,22860
22872,22861
22872,22864
22872,22869
22872,22878
22872,22882
22872,22883
22872,22885
22872,22888
22872,22894
22872,22897
22872,22899
22888,22889
22888,22944
22888,22965
22888,22966
22888,22974
22888,22994
22888,22999
22888,15271
22888,27210
22888,26526
22888,22860
22888,22861
22888,22864
22888,22869
22888,22878
22888,22882
22888,22883
22888,22885
22888,22894
22888,22897
22888,22899
22888,22904
22888,22905
22888,22912
22888,22919
22889,22944
22889,22965
22889,22966
22889,22974
22889,22989
22889,22999
22889,23007
22889,17048
22889,10370
22889,18746
22889,22861
22889,22864
22889,22869
22889,22878
22889,22882
22889,22883
22889,22894
22889,22897
22889,22899
22889,22904
22889,22905
22889,22912
22889,22922
22889,22927
22889,26894
22944,22965
22944,22966
22944,22972
22944,22974
22944,22989
22944,22994
22944,22999
22944,23023
22944,9808
22944,20832
22944,22905
22944,22919
22944,22922
22944,22927
22944,22931
22944,22940
22944,22943
22944,22960
22944,22962
22944,22967
22944,22982
22944,25728
22965,22966
22965,22972
22965,22989
22965,22994
22965,22999
22965,23007
22965,23023
22965,23036
22965,26179
22965,9234
22965,22927
22965,22931
22965,22940
22965,22942
22965,22943
22965,22958
22965,22960
22965,22962
22965,22967
22965,22974
22965,22982
22965,22984
22965,22986
22965,22993
22966,22974
22966,22989
22966,22999
22966,23007
22966,23023
22966,15813
22966,12556
22966,20700
22966,25318
22966,10157
22966,18938
22966,18908
22966,22931
22966,22940
22966,22942
22966,22958
22966,22960
22966,22962
22966,22967
22966,22972
22966,22982
22966,22984
22966,22986
22966,22994
22972,22974
22972,22989
22972,22994
22972,22999
22972,23023
22972,23036
22972,23055
22972,23067
22972,11521
22972,25470
22972,22942
22972,22943
22972,22958
22972,22960
22972,22962
22972,22967
22972,22982
22972,22984
22972,22986
22972,22993
22972,23004
22974,22989
22974,22994
22974,22999
22974,23007
22974,23023
22974,23036
22974,23055
22974,23067
22974,23071
22974,17863
22974,20791
22974,22943
22974,22958
22974,22960
22974,22962
22974,22967
22974,22982
22974,22984
22974,22993
22974,23004
22974,23005
22974,26374
22989,22994
22989,22999
22989,23007
22989,23023
22989,23036
22989,23055
22989,23067
22989,23071
22989,23093
22989,13068
22989,22962
22989,22967
22989,22984
22989,22986
22989,22993
22989,23004
22989,23014
22989,23021
22994,22999
22994,23007
22994,23023
22994,23055
22994,23067
22994,23093
22994,23095
22994,22724
22994,19438
22994,14205
22994,22967
22994,22982
22994,22984
22994,22986
22994,22993
22994,23004
22994,23005
22994,23014
22994,23021
22994,23025
22994,23026
22999,23007
22999,23023
22999,23036
22999,23055
22999,23067
22999,23071
22999,23093
22999,23095
22999,23109
22999,27240
22999,15904
22999,22807
22999,22832
22999,22967
22999,22982
22999,22984
22999,22986
22999,22993
22999,23004
22999,23014
22999,23025
22999,23026
22999,23029
22999,24470
23007,23023
23007,23036
23007,23055
23007,23067
23007,23071
23007,23093
23007,23095
23007,23109
23007,23116
23007,22982
23007,22986
23007,22993
23007,23014
23007,23021
23007,23025
23007,23026
23007,23029
23007,23031
23007,23032
23007,23033
23023,23036
23023,23055
23023,23067
23023,23071
23023,23093
23023,23095
23023,23109
23023,23116
23023,23117
23023,10624
23023,21002
23023,22993
23023,23004
23023,23005
23023,23014
23023,23021
23023,23025
23023,23026
23023,23029
23023,23031
23023,23032
23023,23033
23023,23034
23023,23047
23036,23055
23036,23067
23036,23071
23036,23095
23036,23109
23036,23116
23036,23117
23036,23121
23036,20227
23036,23021
23036,23025
23036,23026
23036,23029
23036,23031
23036,23033
23036,23034
23036,23047
23036,23049
23036,23064
23036,23068
23036,23072
23036,23080
23055,23067
23055,23071
23055,23093
23055,23095
23055,23109
23055,23116
23055,23117
23055,23121
23055,23146
23055,24925
23055,23026
23055,23029
23055,23031
23055,23032
23055,23033
23055,23047
23055,23049
23055,23064
23055,23068
23055,23072
23055,23080
23055,23087
23067,23071
23067,23093
23067,23095
23067,23109
23067,23117
23067,23146
23067,23157
23067,11170
23067,25188
23067,20569
23067,23031
23067,23032
23067,23033
23067,23034
23067,23047
23067,23049
23067,23064
23067,23068
23067,23072
23067,23087
23067,23098
23067,23107
23071,23093
23071,23095
23071,23109
23071,23116
23071,23117
23071,23121
23071,23146
23071,23157
23071,23162
23071,17717
23071,23033
23071,23034
23071,23047
23071,23049
23071,23064
23071,23068
23071,23072
23071,23080
23071,23087
23071,23098
23071,23107
23071,23108
23093,23095
23093,23109
23093,23116
23093,23117
23093,23121
23093,23146
23093,23157
23093,23162
23093,23165
23093,15367
23093,23064
23093,23068
23093,23072
23093,23080
23093,23087
23093,23098
23093,23107
23093,23108
23093,23110
23095,23109
23095,23116
23095,23117
23095,23121
23095,23146
23095,23157
23095,23162
23095,23165
23095,23195
23095,18000
23095,10847
23095,23068
23095,23072
23095,23080
23095,23087
23095,23098
23095,23107
23095,23108
23095,23110
23095,23132
23109,23116
23109,23117
23109,23121
23109,23146
23109,23157
23109,23162
23109,23165
23109,23195
23109,23197
23109,23072
23109,23080
23109,23098
23109,23107
23109,23108
23109,23110
23109,23132
23109,23138
23109,23145
23109,23153
23109,24727
23116,23117
23116,23121
23116,23146
23116,23157
23116,23162
23116,23165
23116,23195
23116,11245
23116,24553
23116,13926
23116,23087
23116,23098
23116,23107
23116,23108
23116,23110
23116,23132
23116,23138
23116,23145
23116,23160
23116,25682
23117,23121
23117,23157
23117,23162
23117,23165
23117,23195
23117,23197
23117,23217
23117,23225
23117,14141
23117,12655
23117,18894
23117,14703
23117,15123
23117,23087
23117,23098
23117,23108
23117,23110
23117,23132
23117,23138
23117,23145
23117,23146
23117,23153
23117,23160
23117,23161
23121,23146
23121,23157
23121,23162
23121,23165
23121,23195
23121,23197
23121,23217
23121,23225
23121,23235
23121,20697
23121,23098
23121,23107
23121,23108
23121,23132
23121,23138
23121,23145
23121,23153
23121,23160
23121,23161
23121,26058
23146,23157
23146,23162
23146,23165
23146,23197
23146,23217
23146,23235
23146,23245
23146,9009
23146,24127
23146,23108
23146,23110
23146,23132
23146,23138
23146,23145
23146,23153
23146,23160
23146,23161
23146,23167
23146,23171
23146,23173
23157,23162
23157,23165
23157,23195
23157,23197
23157,23217
23157,23225
23157,23235
23157,23245
23157,23249
23157,18144
23157,23110
23157,23132
23157,23138
23157,23145
23157,23153
23157,23160
23157,23161
23157,23167
23157,23171
23157,23175
23157,23179
23162,23165
23162,23195
23162,23197
23162,23217
23162,23225
23162,23235
23162,23245
23162,23249
23162,23252
23162,23132
23162,23138
23162,23153
23162,23160
23162,23161
23162,23167
23162,23171
23162,23173
23162,23175
23162,23179
23162,23182
23162,23189
23162,23191
23165,23195
23165,23197
23165,23217
23165,23225
23165,23235
23165,23245
23165,23249
23165,23252
23165,23253
23165,16382
23165,8677
23165,10199
23165,23132
23165,23138
23165,23153
23165,23160
23165,23161
23165,23167
23165,23171
23165,23173
23165,23175
23165,23179
23165,23182
23165,23189
23165,23191
23195,23197
23195,23217
23195,23225
23195,23235
23195,23245
23195,23252
23195,23253
23195,23283
23195,15345
23195,24475
23195,10990
23195,23167
23195,23171
23195,23173
23195,23175
23195,23179
23195,23182
23195,23189
23195,23191
23195,23196
23195,23206
23195,23218
23195,23219
23195,23221
23195,23402
23195,23384
23197,23217
23197,23225
23197,23235
23197,23245
23197,23249
23197,23252
23197,23253
23197,23283
23197,23285
23197,16712
23197,18444
23197,23171
23197,23173
23197,23179
23197,23182
23197,23189
23197,23191
23197,23196
23197,23206
23197,23218
23197,23219
23197,23221
23197,23232
23197,26202
23217,23225
23217,23235
23217,23245
23217,23249
23217,23252
23217,23253
23217,23283
23217,23285
23217,23293
23217,15269
23217,23179
23217,23182
23217,23189
23217,23191
23217,23196
23217,23206
23217,23207
23217,23218
23217,23219
23217,23232
23217,23236
23217,23237
23217,23241
23225,23235
23225,23245
23225,23249
23225,23252
23225,23283
23225,23305
23225,26431
23225,22122
23225,11555
23225,23196
23225,23206
23225,23207
23225,23221
23225,23232
23225,23236
23225,23237
23225,23242
23225,24870
23235,23245
23235,23249
23235,23252
23235,23253
23235,23283
23235,23285
23235,23305
23235,18512
23235,26601
23235,15207
23235,17021
23235,23206
23235,23207
23235,23218
23235,23219
23235,23221
23235,23232
23235,23236
23235,23237
23235,23241
23235,23242
23235,23262
23235,26383
23245,23249
23245,23252
23245,23253
23245,23283
23245,23285
23245,23305
23245,23314
23245,23324
23245,12743
23245,23219
23245,23232
23245,23236
23245,23237
23245,23241
23245,23242
23245,23262
23245,23281
23245,23282
23245,23288
23245,26460
23249,23252
23249,23253
23249,23283
23249,23285
23249,23293
23249,23305
23249,23314
23249,23324
23249,23340
23249,23221
23249,23232
23249,23236
23249,23237
23249,23241
23249,23242
23249,23262
23249,23281
23249,23282
23249,23288
23249,23289
23252,23283
23252,23285
23252,23293
23252,23305
23252,23314
23252,23324
23252,23340
23252,23343
23252,11669
23252,23890
23252,9989
23252,23232
23252,23236
23252,23237
23252,23241
23252,23242
23252,23262
23252,23281
23252,23282
23252,23288
23252,23289
23252,23291
23252,25551
23253,23283
23253,23285
23253,23305
23253,23314
23253,23324
23253,23343
23253,23355
23253,27380
23253,23232
23253,23236
23253,23237
23253,23241
23253,23242
23253,23262
23253,23282
23253,23288
23253,23289
23253,23291
23253,23293
23283,23285
23283,23293
23283,23305
23283,23314
23283,23324
23283,23340
23283,23355
23283,23365
23283,13927
23283,23241
23283,23242
23283,23262
23283,23281
23283,23282
23283,23289
23283,23291
23283,23295
23283,23299
23283,23307
23285,23293
23285,23305
23285,23314
23285,23324
23285,23340
23285,23343
23285,23355
23285,23365
23285,23370
23285,11345
23285,17702
23285,23242
23285,23262
23285,23281
23285,23282
23285,23289
23285,23291
23285,23295
23285,23299
23285,23307
23285,27190
23285,23901
23293,23305
23293,23314
23293,23324
23293,23340
23293,23343
23293,23365
23293,23370
23293,23393
23293,27212
23293,22092
23293,23262
23293,23281
23293,23282
23293,23295
23293,23299
23293,23307
23293,23310
23293,23316
23293,23320
23305,23314
23305,23324
23305,23340
23305,23343
23305,23355
23305,23365
23305,23393
23305,23401
23305,23288
23305,23289
23305,23295
23305,23299
23305,23307
23305,23310
23305,23311
23305,23316
23305,23320
23305,23322
23305,23330
23314,23324
23314,23340
23314,23343
23314,23355
23314,23365
23314,23393
23314,23401
23314,23420
23314,25899
23314,19937
23314,23289
23314,23291
23314,23295
23314,23307
23314,23310
23314,23311
23314,23316
23314,23320
23314,23330
23314,23346
23324,23340
23324,23343
23324,23355
23324,23393
23324,23401
23324,23420
23324,23428
23324,27178
23324,18094
23324,23299
23324,23307
23324,23310
23324,23311
23324,23316
23324,23320
23324,23330
23324,23338
23324,23346
23324,23348
23324,23357
23340,23343
23340,23355
23340,23365
23340,23370
23340,23393
23340,23401
23340,23420
23340,23428
23340,23434
23340,18167
23340,23310
23340,23311
23340,23316
23340,23320
23340,23330
23340,23338
23340,23346
23340,23347
23340,23348
23340,23357
23340,23358
23340,23363
23343,23355
23343,23365
23343,23393
23343,23401
23343,23420
23343,23428
23343,23434
23343,23442
23343,12728
23343,15423
23343,17179
23343,23311
23343,23316
23343,23320
23343,23330
23343,23338
23343,23346
23343,23347
23343,23348
23343,23357
23343,23358
23343,23360
23343,23363
23355,23365
23355,23370
23355,23393
23355,23401
23355,23420
23355,23428
23355,23434
23355,23442
23355,23446
23355,15516
23355,23322
23355,23330
23355,23338
23355,23346
23355,23348
23355,23357
23355,23358
23355,23360
23355,23363
23355,23366
23355,23368
23365,23370
23365,23393
23365,23401
23365,23420
23365,23428
23365,23434
23365,23442
23365,23446
23365,23452
23365,17231
23365,20483
23365,23346
23365,23347
23365,23348
23365,23357
23365,23360
23365,23363
23365,23366
23365,23368
23365,23376
23365,23383
23365,23384
23370,23393
23370,23401
23370,23420
23370,23428
23370,23434
23370,23442
23370,23446
23370,23452
23370,23457
23370,20860
23370,24741
23370,23348
23370,23357
23370,23358
23370,23360
23370,23363
23370,23366
23370,23368
23370,23376
23370,23380
23370,23383
23370,23384
23370,23402
23370,23416
23370,23417
23393,23401
23393,23420
23393,23434
23393,23442
23393,23446
23393,23452
23393,23464
23393,7611
23393,23363
23393,23366
23393,23368
23393,23376
23393,23380
23393,23383
23393,23416
23393,23417
23393,23419
23393,23422
23393,23424
23393,23428
23401,23420
23401,23434
23401,23442
23401,23446
23401,23452
23401,23457
23401,23479
23401,23982
23401,9285
23401,8557
23401,12936
23401,23366
23401,23368
23401,23376
23401,23380
23401,23383
23401,23384
23401,23402
23401,23417
23401,23419
23401,23424
23401,23428
23401,25884
23420,23428
23420,23434
23420,23457
23420,23464
23420,23479
23420,23480
23420,7721
23420,23380
23420,23383
23420,23384
23420,23402
23420,23416
23420,23417
23420,23419
23420,23422
23420,23424
23420,23430
23420,23435
23420,23442
23420,23446
23420,24521
23428,23434
23428,23442
23428,23446
23428,23452
23428,23457
23428,23464
23428,23479
23428,23480
23428,23491
23428,16817
23428,15365
23428,23402
23428,23416
23428,23417
23428,23419
23428,23422
23428,23424
23428,23430
23428,23435
23428,23458
23428,25077
23434,23442
23434,23446
23434,23452
23434,23457
23434,23464
23434,23479
23434,23480
23434,23491
23434,24470
23434,13541
23434,16162
23434,23402
23434,23416
23434,23417
23434,23419
23434,23422
23434,23424
23434,23430
23434,23435
23434,23450
23434,23458
23442,23446
23442,23452
23442,23464
23442,23479
23442,23491
23442,23497
23442,23524
23442,18160
23442,20694
23442,25030
23442,23417
23442,23419
23442,23422
23442,23424
23442,23430
23442,23435
23442,23450
23442,23457
23442,23458
23442,23460
23442,23470
23442,23474
23446,23452
23446,23457
23446,23464
23446,23480
23446,23497
23446,23524
23446,23553
23446,17712
23446,22463
23446,10983
23446,10735
23446,23419
23446,23422
23446,23424
23446,23430
23446,23435
23446,23450
23446,23460
23446,23470
23446,23474
23446,23476
23452,23457
23452,23464
23452,23479
23452,23480
23452,23491
23452,23497
23452,23524
23452,23555
23452,10306
23452,16246
23452,19670
23452,23424
23452,23430
23452,23435
23452,23450
23452,23458
23452,23460
23452,23470
23452,23474
23452,23476
23452,23477
23457,23464
23457,23479
23457,23480
23457,23491
23457,23497
23457,23524
23457,23553
23457,23555
23457,23582
23457,26054
23457,17665
23457,18211
23457,23424
23457,23430
23457,23435
23457,23450
23457,23458
23457,23460
23457,23470
23457,23474
23457,23476
23457,23477
23464,23479
23464,23480
23464,23491
23464,23497
23464,23524
23464,23553
23464,23555
23464,23582
23464,23587
23464,24089
23464,26108
23464,26284
23464,23435
23464,23450
23464,23458
23464,23470
23464,23474
23464,23476
23464,23477
23464,23481
23464,23494
23479,23480
23479,23491
23479,23497
23479,23524
23479,23555
23479,23582
23479,23587
23479,23590
23479,24573
23479,23458
23479,23460
23479,23470
23479,23474
23479,23476
23479,23477
23479,23481
23479,23494
23479,23501
23479,23508
23479,23511
23479,23516
23480,23497
23480,23524
23480,23553
23480,23555
23480,23582
23480,23587
23480,23590
23480,23595
23480,16674
23480,22728
23480,23458
23480,23470
23480,23474
23480,23476
23480,23477
23480,23491
23480,23494
23480,23501
23480,23508
23480,23511
23480,23516
23491,23497
23491,23524
23491,23553
23491,23555
23491,23582
23491,23587
23491,23590
23491,23595
23491,23602
23491,23460
23491,23470
23491,23474
23491,23476
23491,23477
23491,23481
23491,23494
23491,23501
23491,23508
23491,23516
23491,23525
23491,23530
23497,23524
23497,23553
23497,23555
23497,23582
23497,23595
23497,23602
23497,23605
23497,26798
23497,23501
23497,15022
23497,17195
23497,23470
23497,23474
23497,23476
23497,23477
23497,23481
23497,23494
23497,23508
23497,23511
23497,23516
23497,23525
23497,23538
23524,23553
23524,23555
23524,23582
23524,23587
23524,23590
23524,23595
23524,23602
23524,23612
23524,23004
23524,23494
23524,23501
23524,23508
23524,23511
23524,23516
23524,23525
23524,23530
23524,23535
23524,23538
23524,23541
23524,23564
23524,23573
23553,23555
23553,23587
23553,23590
23553,23595
23553,23602
23553,23605
23553,23612
23553,23625
23553,17462
23553,23508
23553,23516
23553,23525
23553,23530
23553,23535
23553,23538
23553,23541
23553,23564
23553,23573
23553,23582
23553,23591
23553,23592
23555,23582
23555,23602
23555,23605
23555,23612
23555,23625
23555,23640
23555,23376
23555,14260
23555,23516
23555,23525
23555,23530
23555,23535
23555,23538
23555,23541
23555,23564
23555,23573
23555,23587
23555,23591
23555,23592
23555,23595
23555,23596
23582,23587
23582,23590
23582,23602
23582,23605
23582,23612
23582,23625
23582,23640
23582,23641
23582,10603
23582,10667
23582,23530
23582,23535
23582,23538
23582,23541
23582,23564
23582,23573
23582,23591
23582,23601
23582,23603
23582,25106
23582,26070
23582,25422
23587,23590
23587,23595
23587,23602
23587,23605
23587,23612
23587,23625
23587,23640
23587,23641
23587,23669
23587,8417
23587,23494
23587,23530
23587,23538
23587,23541
23587,23564
23587,23573
23587,23592
23587,23596
23587,23603
23587,26505
23590,23595
23590,23602
23590,23605
23590,23612
23590,23625
23590,23640
23590,23641
23590,23669
23590,23681
23590,10404
23590,18332
23590,14609
23590,23535
23590,23538
23590,23541
23590,23564
23590,23573
23590,23591
23590,23592
23590,23596
23590,23601
23590,23603
23590,23609
23595,23602
23595,23605
23595,23612
23595,23640
23595,23641
23595,23669
23595,23686
23595,26617
23595,23564
23595,23573
23595,23591
23595,23592
23595,23596
23595,23603
23595,23609
23595,23610
23595,23611
23602,23612
23602,23625
23602,23640
23602,23641
23602,23669
23602,23681
23602,23686
23602,23707
23602,23717
23602,22781
23602,23591
23602,23592
23602,23601
23602,23603
23602,23605
23602,23609
23602,23610
23602,23611
23602,23615
23602,23620
23605,23612
23605,23625
23605,23640
23605,23641
23605,23669
23605,23681
23605,23707
23605,23721
23605,8196
23605,25809
23605,15014
23605,17774
23605,23591
23605,23596
23605,23601
23605,23603
23605,23609
23605,23610
23605,23611
23605,23616
23605,23624
23612,23625
23612,23640
23612,23641
23612,23669
23612,23681
23612,23686
23612,23707
23612,23721
23612,23730
23612,19120
23612,21987
23612,23596
23612,23603
23612,23609
23612,23610
23612,23611
23612,23615
23612,23620
23612,23624
23612,23628
23612,23629
23612,23631
23612,23632
23625,23640
23625,23641
23625,23669
23625,23681
23625,23686
23625,23707
23625,23721
23625,21317
23625,23609
23625,23610
23625,23611
23625,23615
23625,23616
23625,23620
23625,23624
23625,23628
23625,23629
23625,23631
23625,23632
23625,23635
23625,23637
23625,23644
23625,25820
23640,23641
23640,23681
23640,23686
23640,23707
23640,23721
23640,23737
23640,23755
23640,11759
23640,17732
23640,23620
23640,23624
23640,23628
23640,23629
23640,23631
23640,23632
23640,23635
23640,23637
23640,23644
23640,23646
23640,23649
23640,23655
23640,23657
23640,23658
23640,23660
23640,23661
23641,23669
23641,23686
23641,23707
23641,23721
23641,23730
23641,23737
23641,23755
23641,24925
23641,23818
23641,23624
23641,23628
23641,23629
23641,23632
23641,23635
23641,23644
23641,23646
23641,23649
23641,23655
23641,23657
23641,23660
23641,23661
23641,23662
23669,23681
23669,23686
23669,23707
23669,23721
23669,23730
23669,23737
23669,23755
23669,23759
23669,23806
23669,23649
23669,23655
23669,23657
23669,23658
23669,23660
23669,23661
23669,23666
23669,23677
23669,23679
23669,23682
23669,23690
23669,23691
23669,23693
23669,23696
23681,23686
23681,23721
23681,23730
23681,23737
23681,23755
23681,23759
23681,23806
23681,23812
23681,23658
23681,23660
23681,23661
23681,23662
23681,23664
23681,23666
23681,23677
23681,23679
23681,23682
23681,23690
23681,23691
23681,23693
23681,23696
23681,23702
23681,23707
23686,23707
23686,23721
23686,23730
23686,23737
23686,23755
23686,23806
23686,23812
23686,23822
23686,22984
23686,18425
23686,19433
23686,23661
23686,23662
23686,23664
23686,23666
23686,23677
23686,23679
23686,23682
23686,23690
23686,23691
23686,23693
23686,23696
23686,23712
23686,23717
23686,23718
23707,23721
23707,23730
23707,23737
23707,23755
23707,23759
23707,23812
23707,23822
23707,23850
23707,12260
23707,15842
23707,23679
23707,23682
23707,23690
23707,23691
23707,23696
23707,23702
23707,23712
23707,23717
23707,23718
23707,23725
23707,23727
23707,23728
23707,23729
23707,24273
23721,23730
23721,23737
23721,23755
23721,23759
23721,23806
23721,23812
23721,23822
23721,23850
23721,23890
23721,11742
23721,23107
23721,23690
23721,23691
23721,23696
23721,23702
23721,23712
23721,23717
23721,23718
23721,23725
23721,23727
23721,23729
23721,23735
23721,23743
23721,23747
23721,23881
23730,23737
23730,23755
23730,23759
23730,23806
23730,23812
23730,23822
23730,23895
23730,27256
23730,18333
23730,12149
23730,23712
23730,23717
23730,23718
23730,23727
23730,23729
23730,23735
23730,23743
23730,23747
23730,23757
23730,23758
23737,23755
23737,23759
23737,23806
23737,23822
23737,23890
23737,23906
23737,25701
23737,11263
23737,16136
23737,23717
23737,23725
23737,23727
23737,23728
23737,23729
23737,23735
23737,23743
23737,23747
23737,23754
23737,23758
23737,23761
23737,23765
23755,23759
23755,23806
23755,23812
23755,23822
23755,23850
23755,23890
23755,23895
23755,23906
23755,23912
23755,9065
23755,9331
23755,23727
23755,23728
23755,23729
23755,23735
23755,23743
23755,23747
23755,23754
23755,23758
23755,23761
23755,23765
23755,23782
23755,23786
23755,23789
23755,23793
23759,23806
23759,23812
23759,23822
23759,23850
23759,23890
23759,23895
23759,23906
23759,23912
23759,23923
23759,9715
23759,23735
23759,23743
23759,23747
23759,23754
23759,23758
23759,23761
23759,23782
23759,23786
23759,23789
23759,23793
23759,23797
23759,23798
23806,23812
23806,23822
23806,23850
23806,23890
23806,23895
23806,23906
23806,23912
23806,23923
23806,23927
23806,24255
23806,18707
23806,23782
23806,23786
23806,23789
23806,23793
23806,23798
23806,23799
23806,23811
23806,23818
23806,23834
23806,23840
23806,23845
23806,25444
23812,23822
23812,23850
23812,23890
23812,23895
23812,23906
23812,23912
23812,23923
23812,23927
23812,23940
23812,23789
23812,23793
23812,23798
23812,23799
23812,23800
23812,23805
23812,23811
23812,23818
23812,23833
23812,23834
23812,23840
23812,23845
23812,23855
23812,23856
23822,23850
23822,23890
23822,23895
23822,23906
23822,23912
23822,23923
23822,23927
23822,23940
23822,23946
23822,15206
23822,23797
23822,23799
23822,23800
23822,23805
23822,23811
23822,23818
23822,23833
23822,23834
23822,23840
23822,23845
23822,23855
23822,23856
23822,23858
23822,23859
23850,23895
23850,23906
23850,23912
23850,23923
23850,23927
23850,23946
23850,23970
23850,13798
23850,18407
23850,23811
23850,23818
23850,23833
23850,23834
23850,23840
23850,23845
23850,23855
23850,23856
23850,23858
23850,23859
23850,23862
23850,23864
23850,23868
23850,23877
23850,23880
23890,23895
23890,23906
23890,23923
23890,23927
23890,23940
23890,23946
23890,24000
23890,15107
23890,23858
23890,23859
23890,23862
23890,23864
23890,23868
23890,23877
23890,23880
23890,23881
23890,23889
23890,23892
23890,23901
23890,23904
23890,23907
23890,23909
23890,23911
23895,23923
23895,23927
23895,23940
23895,23946
23895,23970
23895,24000
23895,24005
23895,8171
23895,23611
23895,23862
23895,23868
23895,23877
23895,23880
23895,23881
23895,23889
23895,23892
23895,23901
23895,23904
23895,23906
23895,23907
23895,23909
23895,23911
23895,23912
23895,23913
23895,23916
23906,23912
23906,23923
23906,23927
23906,23940
23906,23946
23906,23970
23906,24000
23906,24009
23906,20649
23906,23877
23906,23880
23906,23881
23906,23889
23906,23892
23906,23901
23906,23904
23906,23907
23906,23909
23906,23913
23906,23916
23906,23930
23912,23923
23912,23927
23912,23946
23912,23970
23912,24000
23912,24005
23912,24009
23912,24010
23912,22118
23912,25034
23912,17969
23912,22424
23912,23892
23912,23901
23912,23904
23912,23907
23912,23909
23912,23911
23912,23913
23912,23930
23912,23934
23912,23938
23912,23940
23912,23945
23923,23927
23923,23940
23923,23970
23923,24000
23923,24005
23923,24009
23923,24010
23923,24014
23923,8441
23923,20483
23923,24073
23923,23901
23923,23907
23923,23909
23923,23911
23923,23913
23923,23916
23923,23930
23923,23934
23923,23938
23923,23945
23923,23946
23923,23947
23923,23948
23923,26221
23927,23940
23927,23946
23927,23970
23927,24000
23927,24005
23927,24010
23927,24014
23927,24049
23927,23289
23927,25950
23927,23904
23927,23907
23927,23909
23927,23911
23927,23913
23927,23916
23927,23930
23927,23934
23927,23938
23927,23945
23927,23947
23927,23948
23927,23950
23940,23946
23940,23970
23940,24005
23940,24009
23940,24014
23940,24049
23940,24052
23940,11742
23940,16763
23940,20978
23940,19244
23940,23911
23940,23930
23940,23934
23940,23938
23940,23945
23940,23947
23940,23952
23940,23954
23940,23968
23940,23969
23946,23970
23946,24000
23946,24009
23946,24010
23946,24014
23946,24049
23946,24052
23946,24064
23946,14173
23946,22523
23946,23913
23946,23916
23946,23930
23946,23934
23946,23938
23946,23945
23946,23947
23946,23948
23946,23950
23946,23952
23946,23954
23946,23969
23946,23972
23970,24005
23970,24010
23970,24014
23970,24049
23970,24052
23970,24064
23970,24065
23970,12137
23970,12051
23970,10144
23970,23945
23970,23947
23970,23948
23970,23950
23970,23952
23970,23954
23970,23968
23970,23972
23970,23973
23970,23975
23970,23980
23970,23982
23970,23985
23970,23991
23970,24000
24000,24005
24000,24009
24000,24014
24000,24049
24000,24052
24000,24064
24000,24065
24000,24073
24000,23666
24000,12614
24000,23972
24000,23973
24000,23975
24000,23980
24000,23982
24000,23985
24000,23991
24000,24004
24000,24010
24000,24016
24000,24022
24000,24040
24000,25470
24005,24009
24005,24010
24005,24014
24005,24049
24005,24064
24005,24065
24005,24073
24005,24083
24005,15425
24005,15638
24005,18253
24005,23973
24005,23975
24005,23980
24005,23982
24005,23985
24005,23991
24005,23995
24005,24004
24005,24022
24005,24034
24005,24040
24005,24043
24005,24047
24009,24010
24009,24014
24009,24049
24009,24052
24009,24064
24009,24065
24009,24073
24009,24083
24009,24786
24009,22735
24009,25672
24009,23975
24009,23980
24009,23982
24009,23985
24009,23991
24009,23995
24009,24004
24009,24016
24009,24022
24009,24034
24009,24040
24009,24043
24009,24047
24010,24014
24010,24049
24010,24064
24010,24065
24010,24073
24010,24083
24010,24089
24010,24090
24010,10066
24010,7797
24010,23980
24010,23982
24010,23985
24010,23991
24010,23995
24010,24004
24010,24016
24010,24022
24010,24040
24010,24043
24010,24047
24010,24052
24014,24049
24014,24052
24014,24064
24014,24065
24014,24073
24014,24083
24014,24089
24014,24096
24014,25715
24014,21482
24014,25563
24014,23982
24014,23985
24014,23991
24014,23995
24014,24016
24014,24022
24014,24034
24014,24040
24014,24043
24014,24047
24014,24055
24049,24052
24049,24064
24049,24065
24049,24073
24049,24083
24049,24089
24049,24090
24049,24096
24049,24108
24049,15879
24049,24016
24049,24022
24049,24040
24049,24043
24049,24047
24049,24058
24049,24061
24049,24062
24049,24080
24052,24064
24052,24065
24052,24073
24052,24083
24052,24089
24052,24090
24052,24096
24052,24108
24052,10490
24052,24016
24052,24022
24052,24034
24052,24040
24052,24043
24052,24047
24052,24055
24052,24058
24052,24061
24052,24062
24052,24080
24052,24581
24064,24065
24064,24073
24064,24083
24064,24089
24064,24090
24064,24096
24064,24108
24064,24110
24064,24112
24064,12623
24064,18000
24064,24040
24064,24043
24064,24047
24064,24055
24064,24058
24064,24061
24064,24062
24064,24080
24064,24084
24064,24091
24065,24073
24065,24083
24065,24089
24065,24090
24065,24096
24065,24108
24065,24112
24065,24127
24065,8892
24065,24043
24065,24047
24065,24061
24065,24062
24065,24080
24065,24091
24065,24095
24065,24517
24065,26456
24073,24083
24073,24089
24073,24096
24073,24108
24073,24110
24073,24112
24073,24127
24073,24142
24073,10396
24073,24055
24073,24058
24073,24080
24073,24084
24073,24090
24073,24091
24073,24095
24073,24097
24083,24090
24083,24096
24083,24108
24083,24110
24083,24112
24083,24127
24083,24142
24083,24172
24083,22781
24083,10447
24083,18987
24083,24055
24083,24058
24083,24061
24083,24062
24083,24080
24083,24084
24083,24089
24083,24091
24083,24097
24083,24105
24089,24096
24089,24110
24089,24112
24089,24127
24089,24142
24089,24172
24089,24187
24089,11592
24089,13080
24089,21160
24089,24058
24089,24061
24089,24062
24089,24080
24089,24090
24089,24091
24089,24095
24089,24097
24089,24105
24089,26914
24090,24096
24090,24108
24090,24110
24090,24112
24090,24127
24090,24142
24090,24172
24090,24187
24090,24198
24090,13945
24090,24061
24090,24062
24090,24080
24090,24084
24090,24091
24090,24095
24090,24105
24090,24119
24096,24110
24096,24112
24096,24127
24096,24142
24096,24172
24096,24187
24096,24198
24096,11521
24096,9685
24096,17355
24096,24080
24096,24084
24096,24095
24096,24097
24096,24105
24096,24108
24096,24119
24096,24128
24108,24127
24108,24142
24108,24172
24108,24187
24108,24212
24108,16292
24108,13201
24108,20112
24108,24084
24108,24091
24108,24095
24108,24097
24108,24105
24108,24110
24108,24112
24108,24124
24108,24128
24108,24131
24108,24139
24110,24112
24110,24127
24110,24142
24110,24172
24110,24187
24110,24198
24110,24212
24110,24215
24110,24219
24110,13711
24110,17987
24110,24091
24110,24095
24110,24097
24110,24119
24110,24124
24110,24128
24110,24131
24110,24133
24110,24139
24110,24141
24112,24127
24112,24142
24112,24172
24112,24187
24112,24198
24112,24215
24112,24219
24112,24229
24112,24320
24112,21837
24112,24091
24112,24095
24112,24097
24112,24105
24112,24119
24112,24124
24112,24128
24112,24131
24112,24133
24112,24141
24127,24142
24127,24172
24127,24187
24127,24198
24127,24215
24127,24219
24127,24229
24127,24240
24127,21665
24127,8511
24127,23460
24127,19031
24127,23938
24127,24095
24127,24097
24127,24105
24127,24119
24127,24124
24127,24128
24127,24133
24127,24139
24127,24141
24127,24146
24127,24153
24127,24155
24142,24172
24142,24187
24142,24198
24142,24212
24142,24215
24142,24229
24142,24240
24142,24241
24142,10651
24142,8227
24142,24462
24142,20623
24142,24119
24142,24124
24142,24128
24142,24131
24142,24133
24142,24139
24142,24141
24142,24146
24142,24153
24142,24155
24142,24157
24142,24159
24142,24164
24142,24167
24142,24176
24172,24187
24172,24198
24172,24212
24172,24215
24172,24229
24172,24240
24172,24241
24172,24255
24172,26893
24172,16491
24172,26734
24172,9251
24172,24141
24172,24146
24172,24153
24172,24155
24172,24157
24172,24159
24172,24164
24172,24167
24172,24176
24172,24179
24172,24181
24172,24183
24172,24185
24172,24192
24172,24194
24172,26250
24187,24198
24187,24212
24187,24215
24187,24219
24187,24229
24187,24240
24187,24241
24187,24255
24187,24261
24187,12297
24187,13939
24187,24164
24187,24167
24187,24176
24187,24179
24187,24181
24187,24182
24187,24183
24187,24185
24187,24192
24187,24194
24187,24195
24187,24199
24187,24202
24187,24213
24198,24212
24198,24215
24198,24219
24198,24229
24198,24240
24198,24241
24198,24255
24198,24261
24198,24273
24198,24941
24198,18512
24198,24179
24198,24181
24198,24182
24198,24185
24198,24192
24198,24194
24198,24195
24198,24199
24198,24202
24198,24213
24198,24217
24198,24224
24198,24225
24212,24215
24212,24219
24212,24229
24212,24240
24212,24241
24212,24255
24212,24261
24212,24273
24212,24275
24212,11099
24212,24183
24212,24185
24212,24192
24212,24194
24212,24195
24212,24199
24212,24202
24212,24213
24212,24217
24212,24224
24212,24225
24212,24235
24215,24219
24215,24229
24215,24240
24215,24241
24215,24255
24215,24261
24215,24273
24215,24275
24215,24287
24215,21089
24215,24192
24215,24194
24215,24195
24215,24199
24215,24202
24215,24224
24215,24225
24215,24235
24215,24248
24219,24229
24219,24240
24219,24241
24219,24255
24219,24261
24219,24273
24219,24287
24219,24319
24219,25367
24219,26221
24219,13891
24219,24194
24219,24195
24219,24199
24219,24217
24219,24224
24219,24225
24219,24235
24219,24248
24229,24240
24229,24255
24229,24261
24229,24273
24229,24275
24229,24287
24229,24319
24229,24320
24229,15262
24229,24199
24229,24202
24229,24213
24229,24217
24229,24224
24229,24225
24229,24235
24229,24248
24229,24252
24229,24256
24229,24264
24229,24616
24240,24241
24240,24255
24240,24261
24240,24273
24240,24275
24240,24287
24240,24319
24240,24320
24240,24336
24240,24213
24240,24217
24240,24225
24240,24248
24240,24252
24240,24256
24240,24264
24240,24268
24241,24255
24241,24261
24241,24273
24241,24275
24241,24287
24241,24319
24241,24320
24241,24336
24241,24347
24241,24213
24241,24217
24241,24225
24241,24248
24241,24256
24241,24264
24241,24268
24241,24274
24255,24261
24255,24273
24255,24275
24255,24287
24255,24319
24255,24320
24255,24336
24255,24347
24255,24354
24255,24225
24255,24235
24255,24248
24255,24252
24255,24256
24255,24268
24255,24274
24255,24278
24261,24273
24261,24287
24261,24319
24261,24320
24261,24336
24261,24347
24261,24354
24261,15761
24261,11829
24261,22496
24261,24225
24261,24235
24261,24248
24261,24252
24261,24256
24261,24264
24261,24268
24261,24274
24261,24275
24261,24278
24261,24296
24261,24297
24261,26165
24273,24275
24273,24287
24273,24319
24273,24320
24273,24336
24273,24347
24273,24354
24273,24361
24273,24363
24273,24248
24273,24252
24273,24256
24273,24264
24273,24268
24273,24274
24273,24278
24273,24297
24273,24306
24273,24312
24275,24319
24275,24320
24275,24347
24275,24354
24275,24361
24275,24363
24275,24372
24275,13717
24275,25597
24275,25208
24275,25788
24275,24248
24275,24252
24275,24256
24275,24264
24275,24268
24275,24274
24275,24278
24275,24287
24275,24296
24275,24297
24275,24306
24275,24312
24275,24323
24287,24319
24287,24336
24287,24347
24287,24354
24287,24361
24287,24363
24287,24372
24287,24388
24287,10315
24287,24256
24287,24264
24287,24268
24287,24274
24287,24278
24287,24296
24287,24297
24287,24306
24287,24312
24287,24320
24287,24323
24287,24335
24319,24320
24319,24347
24319,24354
24319,24361
24319,24363
24319,24372
24319,24388
24319,24395
24319,23161
24319,25748
24319,24274
24319,24278
24319,24296
24319,24297
24319,24312
24319,24323
24319,24335
24319,24355
24320,24336
24320,24347
24320,24354
24320,24361
24320,24363
24320,24372
24320,24388
24320,24395
24320,12643
24320,19568
24320,24274
24320,24278
24320,24296
24320,24297
24320,24306
24320,24312
24320,24323
24320,24335
24320,24366
24336,24347
24336,24354
24336,24361
24336,24363
24336,24372
24336,24388
24336,24395
24336,24397
24336,24398
24336,12069
24336,22060
24336,24296
24336,24297
24336,24306
24336,24312
24336,24323
24336,24335
24336,24355
24336,24366
24336,24369
24347,24354
24347,24361
24347,24363
24347,24372
24347,24388
24347,24395
24347,24397
24347,24398
24347,24410
24347,17840
24347,26443
24347,22031
24347,24296
24347,24297
24347,24306
24347,24312
24347,24323
24347,24355
24347,24368
24347,24369
24347,27455
24354,24361
24354,24363
24354,24372
24354,24395
24354,24397
24354,24398
24354,24410
24354,24425
24354,25114
24354,16769
24354,24297
24354,24306
24354,24312
24354,24323
24354,24355
24354,24366
24354,24367
24354,24368
24354,24369
24354,24376
24361,24363
24361,24372
24361,24388
24361,24397
24361,24398
24361,24410
24361,25870
24361,27289
24361,24323
24361,24335
24361,24355
24361,24366
24361,24367
24361,24368
24361,24369
24361,24376
24361,24383
24361,24386
24363,24372
24363,24388
24363,24398
24363,24410
24363,24425
24363,24426
24363,24440
24363,26942
24363,19401
24363,18407
24363,24323
24363,24335
24363,24355
24363,24366
24363,24367
24363,24368
24363,24376
24363,24383
24363,24386
24363,24387
24363,26531
24372,24388
24372,24395
24372,24397
24372,24398
24372,24410
24372,24425
24372,24426
24372,24460
24372,14929
24372,24355
24372,24366
24372,24367
24372,24368
24372,24369
24372,24376
24372,24383
24372,24386
24372,24387
24372,27323
24388,24395
24388,24397
24388,24398
24388,24410
24388,24425
24388,24426
24388,24440
24388,24460
24388,24462
24388,12362
24388,24366
24388,24367
24388,24368
24388,24376
24388,24383
24388,24386
24388,24387
24388,24389
24388,24409
24388,24418
24395,24410
24395,24426
24395,24440
24395,24462
24395,24470
24395,11021
24395,10330
24395,18908
24395,24368
24395,24369
24395,24376
24395,24383
24395,24386
24395,24387
24395,24389
24395,24397
24395,24398
24395,24409
24395,24425
24395,24428
24395,24430
24397,24398
24397,24410
24397,24425
24397,24426
24397,24440
24397,24460
24397,24521
24397,18731
24397,26029
24397,24369
24397,24376
24397,24383
24397,24387
24397,24389
24397,24409
24397,24418
24397,24428
24397,24430
24397,24433
24398,24410
24398,24425
24398,24426
24398,24440
24398,24460
24398,24462
24398,24470
24398,24521
24398,24547
24398,24383
24398,24386
24398,24389
24398,24409
24398,24418
24398,24428
24398,24430
24398,24433
24410,24425
24410,24440
24410,24460
24410,24462
24410,24470
24410,24521
24410,24547
24410,24571
24410,24383
24410,24386
24410,24387
24410,24389
24410,24409
24410,24418
24410,24426
24410,24428
24410,24430
24410,24433
24410,24449
24410,24456
24425,24426
24425,24440
24425,24460
24425,24462
24425,24470
24425,24521
24425,24547
24425,24571
24425,24589
24425,25456
24425,8501
24425,10760
24425,24387
24425,24389
24425,24409
24425,24418
24425,24428
24425,24430
24425,24433
24425,24449
24425,24456
24425,26713
24426,24440
24426,24460
24426,24462
24426,24470
24426,24547
24426,24589
24426,24594
24426,8302
24426,16467
24426,10622
24426,15566
24426,18651
24426,24389
24426,24409
24426,24418
24426,24428
24426,24430
24426,24449
24426,24456
24426,24464
24440,24460
24440,24462
24440,24470
24440,24521
24440,24571
24440,24589
24440,24594
24440,24601
24440,16004
24440,25191
24440,24409
24440,24418
24440,24428
24440,24430
24440,24433
24440,24449
24440,24464
24440,24465
24440,24466
24440,24467
24460,24462
24460,24470
24460,24521
24460,24547
24460,24571
24460,24589
24460,24594
24460,24609
24460,23221
24460,24418
24460,24430
24460,24433
24460,24449
24460,24456
24460,24464
24460,24465
24460,24466
24460,24467
24460,24473
24460,24475
24460,24477
24460,25143
24460,26813
24462,24470
24462,24521
24462,24547
24462,24589
24462,24594
24462,24609
24462,24614
24462,25161
24462,18540
24462,16492
24462,24428
24462,24430
24462,24433
24462,24449
24462,24456
24462,24464
24462,24465
24462,24466
24462,24473
24462,24477
24462,24485
24470,24521
24470,24547
24470,24571
24470,24589
24470,24594
24470,24601
24470,24609
24470,24614
24470,26187
24470,15872
24470,24449
24470,24456
24470,24464
24470,24465
24470,24466
24470,24467
24470,24473
24470,24475
24470,24477
24470,24489
24470,24493
24470,24502
24470,24506
24470,25585
24521,24589
24521,24594
24521,24601
24521,24609
24521,24631
24521,24633
24521,27316
24521,9867
24521,25585
24521,24485
24521,24493
24521,24499
24521,24509
24521,24517
24521,24519
24521,24526
24521,24537
24521,24541
24521,24547
24521,24553
24521,24554
24521,24556
24547,24571
24547,24589
24547,24594
24547,24601
24547,24609
24547,24614
24547,24631
24547,24633
24547,21311
24547,9597
24547,19056
24547,24506
24547,24509
24547,24517
24547,24519
24547,24526
24547,24533
24547,24537
24547,24541
24547,24553
24547,24554
24547,24556
24547,24561
24547,24573
24547,24577
24547,24579
24547,24581
24571,24589
24571,24594
24571,24601
24571,24609
24571,24614
24571,24631
24571,24633
24571,24669
24571,24674
24571,27102
24571,26596
24571,9192
24571,24526
24571,24533
24571,24537
24571,24541
24571,24553
24571,24554
24571,24556
24571,24573
24571,24577
24571,24579
24571,24581
24571,24586
24571,24595
24571,24598
24589,24594
24589,24601
24589,24609
24589,24614
24589,24633
24589,24669
24589,24674
24589,24682
24589,15590
24589,24554
24589,24556
24589,24561
24589,24573
24589,24577
24589,24581
24589,24586
24589,24595
24589,24598
24589,24604
24589,24607
24589,24611
24594,24601
24594,24609
24594,24614
24594,24631
24594,24633
24594,24674
24594,24682
24594,24683
24594,26868
24594,24556
24594,24561
24594,24577
24594,24579
24594,24581
24594,24595
24594,24598
24594,24604
24594,24607
24594,24611
24594,24616
24601,24609
24601,24614
24601,24631
24601,24633
24601,24669
24601,24674
24601,24682
24601,24683
24601,24706
24601,14569
24601,16814
24601,20203
24601,24573
24601,24577
24601,24579
24601,24581
24601,24586
24601,24595
24601,24598
24601,24604
24601,24607
24601,24611
24601,24616
24601,24620
24601,24623
24601,24628
24609,24614
24609,24631
24609,24633
24609,24669
24609,24674
24609,24682
24609,24683
24609,24706
24609,24711
24609,24581
24609,24586
24609,24595
24609,24598
24609,24604
24609,24611
24609,24616
24609,24620
24609,24623
24609,24628
24609,24632
24609,25340
24614,24633
24614,24674
24614,24682
24614,24706
24614,24711
24614,24714
24614,25624
24614,19920
24614,16976
24614,20060
24614,17145
24614,24595
24614,24598
24614,24604
24614,24607
24614,24611
24614,24616
24614,24620
24614,24623
24614,24628
24614,24631
24614,24632
24614,24634
24614,24639
24631,24633
24631,24669
24631,24674
24631,24682
24631,24683
24631,24706
24631,24711
24631,24714
24631,24733
24631,23262
24631,24604
24631,24607
24631,24611
24631,24620
24631,24623
24631,24628
24631,24632
24631,24634
24631,24639
24631,24643
24631,24646
24631,24651
24631,24653
24631,24654
24633,24669
24633,24674
24633,24682
24633,24683
24633,24711
24633,24714
24633,24733
24633,24741
24633,21870
24633,25682
24633,24676
24633,24611
24633,24616
24633,24620
24633,24623
24633,24628
24633,24632
24633,24634
24633,24639
24633,24643
24633,24646
24633,24651
24633,24653
24633,24654
24633,24671
24669,24682
24669,24683
24669,24706
24669,24711
24669,24714
24669,24733
24669,24741
24669,26179
24669,13750
24669,10596
24669,27317
24669,24632
24669,24634
24669,24639
24669,24643
24669,24646
24669,24651
24669,24653
24669,24654
24669,24671
24669,24673
24669,24674
24669,24676
24669,24678
24669,24680
24669,24684
24674,24682
24674,24683
24674,24706
24674,24714
24674,24733
24674,24741
24674,24752
24674,24756
24674,15343
24674,15513
24674,24639
24674,24643
24674,24646
24674,24653
24674,24654
24674,24671
24674,24673
24674,24676
24674,24678
24674,24680
24674,24684
24674,24685
24674,24694
24682,24683
24682,24706
24682,24711
24682,24714
24682,24733
24682,24741
24682,24752
24682,24756
24682,24775
24682,11869
24682,24653
24682,24654
24682,24671
24682,24673
24682,24676
24682,24678
24682,24680
24682,24684
24682,24685
24682,24688
24682,24694
24682,24695
24682,24699
24682,24701
24682,24704
24683,24706
24683,24711
24683,24714
24683,24733
24683,24741
24683,24752
24683,24756
24683,24775
24683,24795
24683,16287
24683,10688
24683,9808
24683,24654
24683,24671
24683,24673
24683,24676
24683,24678
24683,24680
24683,24684
24683,24685
24683,24688
24683,24694
24683,24695
24683,24699
24683,24704
24706,24711
24706,24714
24706,24733
24706,24741
24706,24752
24706,24756
24706,24775
24706,24795
24706,24803
24706,11497
24706,7571
24706,24684
24706,24685
24706,24688
24706,24694
24706,24695
24706,24699
24706,24704
24706,24709
24706,24712
24706,24717
24706,24723
24706,24727
24706,24728
24711,24714
24711,24733
24711,24752
24711,24756
24711,24795
24711,24803
24711,24807
24711,15633
24711,15683
24711,17421
24711,24685
24711,24688
24711,24694
24711,24695
24711,24699
24711,24701
24711,24704
24711,24709
24711,24712
24711,24717
24711,24723
24711,24727
24711,24728
24711,24735
24711,24738
24714,24733
24714,24741
24714,24756
24714,24775
24714,24795
24714,24803
24714,24807
24714,17834
24714,26180
24714,25196
24714,24694
24714,24695
24714,24699
24714,24704
24714,24709
24714,24712
24714,24717
24714,24723
24714,24727
24714,24728
24714,24738
24733,24741
24733,24752
24733,24756
24733,24775
24733,24795
24733,24803
24733,24807
24733,24817
24733,24831
24733,14251
24733,22724
24733,24709
24733,24717
24733,24723
24733,24727
24733,24728
24733,24735
24733,24738
24733,24742
24733,24744
24733,24749
24733,24755
24741,24752
24741,24756
24741,24775
24741,24795
24741,24803
24741,24817
24741,24831
24741,24856
24741,24712
24741,24717
24741,24727
24741,24728
24741,24738
24741,24742
24741,24744
24741,24749
24741,24754
24741,24755
24741,24758
24741,24760
24752,24756
24752,24775
24752,24795
24752,24803
24752,24807
24752,24817
24752,24831
24752,24856
24752,24861
24752,26976
24752,24727
24752,24728
24752,24735
24752,24738
24752,24742
24752,24744
24752,24749
24752,24755
24752,24758
24752,24760
24752,24763
24752,24764
24752,24770
24752,24772
24756,24775
24756,24795
24756,24803
24756,24807
24756,24817
24756,24831
24756,24856
24756,24861
24756,24865
24756,11418
24756,24735
24756,24738
24756,24742
24756,24744
24756,24749
24756,24754
24756,24755
24756,24758
24756,24760
24756,24764
24756,24770
24756,24772
24756,24774
24756,24780
24775,24795
24775,24803
24775,24807
24775,24817
24775,24856
24775,24861
24775,24865
24775,24870
24775,14313
24775,7849
24775,23525
24775,17058
24775,20832
24775,24755
24775,24758
24775,24760
24775,24763
24775,24764
24775,24770
24775,24772
24775,24780
24775,24784
24775,24786
24775,24789
24775,24794
24775,24798
24795,24807
24795,24817
24795,24831
24795,24856
24795,24861
24795,24870
24795,24897
24795,16862
24795,24770
24795,24772
24795,24774
24795,24780
24795,24784
24795,24786
24795,24789
24795,24794
24795,24797
24795,24798
24795,24800
24795,24803
24795,24804
24795,24820
24803,24807
24803,24856
24803,24861
24803,24865
24803,24870
24803,24897
24803,12533
24803,18375
24803,13802
24803,24780
24803,24784
24803,24786
24803,24789
24803,24794
24803,24797
24803,24798
24803,24800
24803,24804
24803,24817
24803,24818
24803,24820
24803,24822
24803,24824
24803,24825
24803,24831
24807,24817
24807,24831
24807,24856
24807,24861
24807,24865
24807,24870
24807,24897
24807,24898
24807,24907
24807,7865
24807,24786
24807,24789
24807,24794
24807,24797
24807,24798
24807,24800
24807,24804
24807,24818
24807,24820
24807,24822
24807,24824
24807,24825
24807,24832
24807,24836
24817,24831
24817,24856
24817,24861
24817,24865
24817,24870
24817,24897
24817,24898
24817,24907
24817,26126
24817,11962
24817,24789
24817,24794
24817,24797
24817,24798
24817,24800
24817,24804
24817,24818
24817,24820
24817,24822
24817,24824
24817,24825
24817,24832
24817,24840
24831,24856
24831,24861
24831,24865
24831,24870
24831,24897
24831,24898
24831,24907
24831,24908
24831,24925
24831,11845
24831,13391
24831,15525
24831,24804
24831,24818
24831,24820
24831,24822
24831,24824
24831,24825
24831,24832
24831,24836
24831,24840
24831,24843
24831,24846
24831,24866
24856,24861
24856,24897
24856,24898
24856,24925
24856,24932
24856,16216
24856,16477
24856,21688
24856,19433
24856,21153
24856,24822
24856,24824
24856,24825
24856,24832
24856,24843
24856,24865
24856,24866
24856,24868
24856,24869
24856,24870
24856,24871
24856,24878
24861,24865
24861,24870
24861,24897
24861,24898
24861,24907
24861,24925
24861,24932
24861,24937
24861,26942
24861,24824
24861,24825
24861,24836
24861,24840
24861,24843
24861,24846
24861,24866
24861,24868
24861,24869
24861,24871
24861,24878
24861,24882
24861,24884
24865,24870
24865,24897
24865,24898
24865,24907
24865,24908
24865,24932
24865,24937
24865,24941
24865,8417
24865,17331
24865,24825
24865,24832
24865,24836
24865,24840
24865,24843
24865,24866
24865,24869
24865,24871
24865,24878
24865,24882
24865,24884
24865,24886
24865,25340
24870,24897
24870,24898
24870,24907
24870,24908
24870,24925
24870,24937
24870,24941
24870,24943
24870,26059
24870,13096
24870,12393
24870,24843
24870,24846
24870,24866
24870,24868
24870,24869
24870,24871
24870,24878
24870,24882
24870,24884
24870,24886
24870,24899
24897,24898
24897,24907
24897,24908
24897,24925
24897,24932
24897,24937
24897,24941
24897,24943
24897,17676
24897,15354
24897,24866
24897,24868
24897,24871
24897,24878
24897,24882
24897,24884
24897,24899
24897,24910
24897,24918
24897,24929
24898,24907
24898,24908
24898,24925
24898,24932
24898,24937
24898,24941
24898,24943
24898,24957
24898,24964
24898,20441
24898,24868
24898,24869
24898,24871
24898,24878
24898,24882
24898,24884
24898,24899
24898,24910
24898,24917
24898,24918
24898,24929
24907,24932
24907,24937
24907,24941
24907,24943
24907,24957
24907,24964
24907,24986
24907,13454
24907,11245
24907,23281
24907,22912
24907,24871
24907,24878
24907,24882
24907,24884
24907,24886
24907,24899
24907,24908
24907,24910
24907,24917
24907,24918
24907,24925
24907,24929
24908,24925
24908,24937
24908,24941
24908,24943
24908,24964
24908,24986
24908,24992
24908,12294
24908,20350
24908,24573
24908,8654
24908,24871
24908,24878
24908,24882
24908,24884
24908,24886
24908,24899
24908,24910
24908,24918
24908,24929
24908,24932
24908,26509
24925,24932
24925,24937
24925,24941
24925,24943
24925,24957
24925,24964
24925,24986
24925,25000
24925,25459
24925,11740
24925,24886
24925,24899
24925,24910
24925,24917
24925,24918
24925,24929
24925,24945
24925,24954
24925,24955
24925,25321
24932,24937
24932,24941
24932,24943
24932,24957
24932,24964
24932,24986
24932,24992
24932,25000
24932,25003
24932,15228
24932,24910
24932,24917
24932,24918
24932,24929
24932,24945
24932,24954
24932,24965
24937,24941
24937,24943
24937,24957
24937,24964
24937,24986
24937,24992
24937,25000
24937,25003
24937,25022
24937,27438
24937,24899
24937,24910
24937,24917
24937,24918
24937,24929
24937,24945
24937,24954
24937,24955
24937,24965
24937,24966
24941,24943
24941,24957
24941,24964
24941,24986
24941,24992
24941,25000
24941,25022
24941,25025
24941,24022
24941,24910
24941,24917
24941,24918
24941,24929
24941,24945
24941,24954
24941,24955
24941,24965
24941,24966
24941,24975
24943,24957
24943,24964
24943,24986
24943,24992
24943,25003
24943,25022
24943,25025
24943,25030
24943,10227
24943,16208
24943,25585
24943,22171
24943,24910
24943,24917
24943,24929
24943,24945
24943,24954
24943,24955
24943,24966
24943,24975
24943,24981
24957,24964
24957,24986
24957,24992
24957,25003
24957,25022
24957,25025
24957,25034
24957,10321
24957,24929
24957,24945
24957,24954
24957,24975
24957,24981
24957,24991
24957,24993
24964,24986
24964,24992
24964,25003
24964,25022
24964,25025
24964,25030
24964,25034
24964,25080
24964,8902
24964,12384
24964,9683
24964,10073
24964,24929
24964,24945
24964,24954
24964,24955
24964,24965
24964,24966
24964,24975
24964,24981
24964,24993
24964,24995
24986,24992
24986,25000
24986,25022
24986,25025
24986,25030
24986,25034
24986,25092
24986,8804
24986,27069
24986,25748
24986,24945
24986,24955
24986,24965
24986,24966
24986,24981
24986,24991
24986,24993
24986,24995
24986,24999
24986,25003
24986,25009
24992,25000
24992,25003
24992,25022
24992,25025
24992,25030
24992,25034
24992,25080
24992,25092
24992,25114
24992,13819
24992,17436
24992,24955
24992,24965
24992,24966
24992,24981
24992,24991
24992,24993
24992,24995
24992,24999
24992,25009
24992,25019
24992,25878
25000,25003
25000,25022
25000,25025
25000,25030
25000,25034
25000,25080
25000,25092
25000,25114
25000,25121
25000,7718
25000,24966
25000,24975
25000,24981
25000,24991
25000,24993
25000,24995
25000,24999
25000,25019
25000,25029
25000,25038
25000,26232
25003,25022
25003,25025
25003,25030
25003,25034
25003,25080
25003,25092
25003,25114
25003,25121
25003,25135
25003,12453
25003,24975
25003,24981
25003,24991
25003,24993
25003,24995
25003,24999
25003,25009
25003,25019
25003,25029
25003,25038
25003,25041
25022,25025
25022,25030
25022,25034
25022,25080
25022,25092
25022,25114
25022,25121
25022,25135
25022,25137
25022,20947
25022,26108
25022,24991
25022,24995
25022,25019
25022,25029
25022,25038
25022,25041
25022,25045
25022,25050
25022,25067
25025,25030
25025,25080
25025,25092
25025,25114
25025,25121
25025,25135
25025,25137
25025,25140
25025,11860
25025,24993
25025,24995
25025,24999
25025,25009
25025,25019
25025,25029
25025,25034
25025,25038
25025,25041
25025,25050
25025,25067
25025,25070
25030,25080
25030,25114
25030,25121
25030,25135
25030,25137
25030,25140
25030,25146
25030,12612
25030,10172
25030,16980
25030,23175
25030,24995
25030,24999
25030,25009
25030,25019
25030,25029
25030,25034
25030,25038
25030,25041
25030,25045
25030,25050
25030,25067
25030,25070
25030,25071
25030,25077
25034,25080
25034,25092
25034,25114
25034,25121
25034,25137
25034,25140
25034,24929
25034,20366
25034,13456
25034,18024
25034,24999
25034,25009
25034,25019
25034,25038
25034,25041
25034,25050
25034,25067
25034,25070
25034,25071
25034,25077
25034,25079
25034,25273
25080,25092
25080,25114
25080,25121
25080,25135
25080,25137
25080,25140
25080,25146
25080,25152
25080,25170
25080,9131
25080,13918
25080,25038
25080,25041
25080,25045
25080,25050
25080,25067
25080,25070
25080,25071
25080,25077
25080,25079
25080,25082
25080,25084
25080,25088
25080,25094
25080,25097
25080,25100
25080,25102
25092,25114
25092,25121
25092,25135
25092,25137
25092,25140
25092,25146
25092,25152
25092,25170
25092,25174
25092,11150
25092,25067
25092,25070
25092,25071
25092,25079
25092,25082
25092,25094
25092,25097
25092,25100
25092,25102
25092,25104
25092,25106
25092,25116
25092,25118
25114,25121
25114,25135
25114,25137
25114,25140
25114,25146
25114,25170
25114,25174
25114,25176
25114,20652
25114,14141
25114,25084
25114,25088
25114,25094
25114,25097
25114,25100
25114,25102
25114,25104
25114,25106
25114,25116
25114,25118
25114,25124
25114,25127
25114,25136
25121,25135
25121,25137
25121,25140
25121,25146
25121,25152
25121,25174
25121,25176
25121,25179
25121,27000
25121,25094
25121,25097
25121,25100
25121,25102
25121,25104
25121,25106
25121,25116
25121,25118
25121,25124
25121,25127
25121,25136
25121,25143
25121,25898
25135,25137
25135,25140
25135,25146
25135,25152
25135,25170
25135,25176
25135,25179
25135,25185
25135,25936
25135,25546
25135,25641
25135,19492
25135,25102
25135,25104
25135,25106
25135,25116
25135,25118
25135,25124
25135,25127
25135,25136
25135,25143
25135,25161
25135,25443
25137,25140
25137,25146
25137,25152
25137,25170
25137,25174
25137,25176
25137,25179
25137,25185
25137,25188
25137,26820
25137,23798
25137,25106
25137,25116
25137,25118
25137,25124
25137,25127
25137,25136
25137,25143
25137,25161
25137,25169
25140,25146
25140,25152
25140,25176
25140,25179
25140,25185
25140,25188
25140,25191
25140,13968
25140,11169
25140,25116
25140,25118
25140,25124
25140,25127
25140,25136
25140,25143
25140,25161
25140,25169
25140,25170
25140,25174
25146,25152
25146,25170
25146,25174
25146,25176
25146,25179
25146,25185
25146,25188
25146,25196
25146,8329
25146,21681
25146,25118
25146,25127
25146,25136
25146,25143
25146,25161
25146,25169
25146,25181
25152,25170
25152,25174
25152,25176
25152,25179
25152,25185
25152,25188
25152,25191
25152,25196
25152,25208
25152,16598
25152,25124
25152,25127
25152,25169
25152,25181
25152,26176
25152,27379
25170,25174
25170,25176
25170,25179
25170,25185
25170,25188
25170,25191
25170,25196
25170,25208
25170,25214
25170,11860
25170,25136
25170,25143
25170,25161
25170,25169
25170,25181
25170,25183
25170,25195
25174,25176
25174,25179
25174,25185
25174,25188
25174,25191
25174,25196
25174,25208
25174,25214
25174,25228
25174,19967
25174,8155
25174,25136
25174,25143
25174,25169
25174,25181
25174,25195
25176,25179
25176,25185
25176,25188
25176,25191
25176,25196
25176,25208
25176,25214
25176,25228
25176,25245
25176,11844
25176,8491
25176,25143
25176,25161
25176,25169
25176,25181
25176,25183
25176,25195
25176,25202
25179,25188
25179,25191
25179,25196
25179,25208
25179,25214
25179,25228
25179,25245
25179,25246
25179,9870
25179,13819
25179,14795
25179,25143
25179,25161
25179,25169
25179,25185
25179,25195
25179,25202
25179,25204
25179,26329
25185,25188
25185,25191
25185,25196
25185,25214
25185,25228
25185,25245
25185,25246
25185,25259
25185,17321
25185,13515
25185,26596
25185,21700
25185,23573
25185,25161
25185,25169
25185,25181
25185,25183
25185,25202
25185,25204
25185,25207
25185,25208
25188,25191
25188,25196
25188,25208
25188,25214
25188,25228
25188,25245
25188,25246
25188,25259
25188,25276
25188,25161
25188,25169
25188,25181
25188,25183
25188,25195
25188,25202
25188,25204
25191,25196
25191,25208
25191,25214
25191,25228
25191,25245
25191,25246
25191,25259
25191,25276
25191,25317
25191,25169
25191,25181
25191,25183
25191,25195
25191,25202
25191,25204
25191,25205
25191,25207
25191,25220
25196,25208
25196,25214
25196,25228
25196,25245
25196,25246
25196,25276
25196,25317
25196,25332
25196,13096
25196,27241
25196,25369
25196,16916
25196,18145
25196,25181
25196,25183
25196,25195
25196,25202
25196,25204
25196,25205
25196,25220
25196,25224
25208,25214
25208,25228
25208,25245
25208,25246
25208,25276
25208,25317
25208,25332
25208,25345
25208,10851
25208,25195
25208,25202
25208,25204
25208,25205
25208,25207
25208,25220
25208,25229
25208,25232
25208,25236
25208,25239
25214,25228
25214,25245
25214,25246
25214,25276
25214,25317
25214,25332
25214,25345
25214,25359
25214,26589
25214,10023
25214,25482
25214,9845
25214,15261
25214,20992
25214,25202
25214,25204
25214,25205
25214,25207
25214,25229
25214,25231
25214,25232
25214,25236
25214,25239
25228,25245
25228,25246
25228,25259
25228,25276
25228,25317
25228,25332
25228,25345
25228,25359
25228,25367
25228,15591
25228,8387
25228,15322
25228,23952
25228,25204
25228,25205
25228,25207
25228,25220
25228,25224
25228,25229
25228,25236
25228,25239
25228,25252
25228,25257
25245,25246
25245,25259
25245,25276
25245,25317
25245,25332
25245,25345
25245,25359
25245,25367
25245,25369
25245,14448
25245,25224
25245,25229
25245,25232
25245,25236
25245,25239
25245,25252
25245,25257
25245,25265
25245,25269
25245,25273
25245,25279
25246,25259
25246,25276
25246,25317
25246,25332
25246,25345
25246,25359
25246,25367
25246,25385
25246,14641
25246,25220
25246,25224
25246,25229
25246,25231
25246,25232
25246,25236
25246,25239
25246,25252
25246,25257
25246,25265
25246,25269
25246,25273
25246,25281
25259,25276
25259,25317
25259,25332
25259,25359
25259,25367
25259,25369
25259,25385
25259,25387
25259,7798
25259,12060
25259,25229
25259,25231
25259,25232
25259,25236
25259,25239
25259,25252
25259,25257
25259,25265
25259,25269
25259,25273
25259,25279
25259,25281
25259,25295
25259,25298
25259,25302
25276,25332
25276,25359
25276,25367
25276,25369
25276,25387
25276,25399
25276,18409
25276,18445
25276,25239
25276,25265
25276,25269
25276,25273
25276,25279
25276,25281
25276,25295
25276,25298
25276,25302
25276,25303
25276,25305
25276,25307
25276,25310
25317,25332
25317,25345
25317,25359
25317,25367
25317,25369
25317,25385
25317,25387
25317,25399
25317,25406
25317,10605
25317,11726
25317,20209
25317,25302
25317,25303
25317,25305
25317,25307
25317,25310
25317,25311
25317,25312
25317,25318
25317,25321
25317,25323
25317,25333
25317,25338
25317,25340
25317,27305
25332,25345
25332,25359
25332,25367
25332,25369
25332,25385
25332,25387
25332,25399
25332,25406
25332,25423
25332,23718
25332,25310
25332,25312
25332,25316
25332,25318
25332,25321
25332,25323
25332,25330
25332,25333
25332,25338
25332,25340
25332,25343
25332,25347
25332,25348
25332,25350
25345,25359
25345,25367
25345,25369
25345,25385
25345,25387
25345,25399
25345,25423
25345,25431
25345,26157
25345,25318
25345,25323
25345,25333
25345,25340
25345,25343
25345,25346
25345,25347
25345,25348
25345,25350
25345,25352
25345,25370
25359,25367
25359,25369
25359,25385
25359,25387
25359,25399
25359,25406
25359,25423
25359,25431
25359,25436
25359,10673
25359,9011
25359,22899
25359,25338
25359,25340
25359,25343
25359,25346
25359,25347
25359,25348
25359,25350
25359,25352
25359,25370
25359,25374
25359,25380
25359,25381
25359,25382
25359,25383
25367,25387
25367,25399
25367,25406
25367,25423
25367,25431
25367,25436
25367,25444
25367,25467
25367,26845
25367,9332
25367,10990
25367,25340
25367,25343
25367,25346
25367,25347
25367,25348
25367,25350
25367,25369
25367,25370
25367,25374
25367,25378
25367,25382
25367,25385
25369,25385
25369,25387
25369,25406
25369,25423
25369,25431
25369,25436
25369,25444
25369,25446
25369,11933
25369,25343
25369,25346
25369,25347
25369,25348
25369,25350
25369,25352
25369,25370
25369,25374
25369,25378
25369,25380
25369,25381
25369,25383
25385,25387
25385,25406
25385,25423
25385,25431
25385,25436
25385,25444
25385,25446
25385,25457
25385,18701
25385,24312
25385,25370
25385,25374
25385,25378
25385,25381
25385,25382
25385,25383
25385,25390
25385,25398
25385,25399
25385,25411
25385,25422
25387,25399
25387,25406
25387,25423
25387,25431
25387,25436
25387,25444
25387,25446
25387,25457
25387,25459
25387,8253
25387,25370
25387,25374
25387,25378
25387,25380
25387,25381
25387,25382
25387,25390
25387,25398
25387,25411
25387,25422
25387,25426
25387,25427
25387,27459
25399,25406
25399,25423
25399,25431
25399,25444
25399,25446
25399,25457
25399,25459
25399,23419
25399,12139
25399,18253
25399,25378
25399,25380
25399,25381
25399,25382
25399,25383
25399,25390
25399,25398
25399,25422
25399,25426
25399,25427
25399,25433
25399,25436
25406,25431
25406,25436
25406,25444
25406,25446
25406,25457
25406,25483
25406,25509
25406,11386
25406,23049
25406,15432
25406,25380
25406,25381
25406,25382
25406,25383
25406,25390
25406,25398
25406,25411
25406,25422
25406,25423
25406,25426
25406,25427
25406,25433
25406,25443
25423,25436
25423,25444
25423,25446
25423,25457
25423,25459
25423,25483
25423,25509
25423,25551
25423,25383
25423,25390
25423,25411
25423,25422
25423,25426
25423,25427
25423,25431
25423,25433
25423,25443
25423,25451
25431,25436
25431,25444
25431,25446
25431,25457
25431,25459
25431,25483
25431,25509
25431,25551
25431,25564
25431,14217
25431,17802
25431,25390
25431,25398
25431,25411
25431,25422
25431,25426
25431,25427
25431,25433
25431,25443
25431,25452
25436,25444
25436,25446
25436,25457
25436,25459
25436,25483
25436,25509
25436,25551
25436,25564
25436,25576
25436,25411
25436,25422
25436,25426
25436,25427
25436,25433
25436,25443
25436,25451
25436,25452
25436,25456
25436,25460
25444,25446
25444,25457
25444,25459
25444,25483
25444,25509
25444,25551
25444,25564
25444,25576
25444,25577
25444,7709
25444,25411
25444,25422
25444,25426
25444,25427
25444,25433
25444,25443
25444,25451
25444,25452
25444,25456
25444,25467
25444,25470
25446,25457
25446,25459
25446,25509
25446,25551
25446,25564
25446,25576
25446,25577
25446,25585
25446,22234
25446,17196
25446,12211
25446,7782
25446,11236
25446,14998
25446,25422
25446,25426
25446,25427
25446,25451
25446,25452
25446,25456
25446,25460
25446,25467
25446,25470
25457,25459
25457,25483
25457,25509
25457,25576
25457,25577
25457,25585
25457,25589
25457,15345
25457,20060
25457,25433
25457,25443
25457,25451
25457,25452
25457,25456
25457,25460
25457,25467
25457,25470
25457,25477
25457,25478
25457,25479
25457,25481
25457,25482
25459,25509
25459,25551
25459,25564
25459,25576
25459,25577
25459,25585
25459,25589
25459,25597
25459,8237
25459,13516
25459,25433
25459,25443
25459,25451
25459,25452
25459,25456
25459,25460
25459,25467
25459,25470
25459,25477
25459,25478
25459,25479
25459,25481
25459,25482
25483,25551
25483,25564
25483,25576
25483,25577
25483,25589
25483,25597
25483,25629
25483,25460
25483,25470
25483,25477
25483,25478
25483,25481
25483,25482
25483,25490
25483,25495
25483,25496
25483,25500
25483,25501
25483,25508
25483,25509
25483,25522
25509,25551
25509,25564
25509,25576
25509,25577
25509,25585
25509,25589
25509,25629
25509,25630
25509,18664
25509,19163
25509,19749
25509,25482
25509,25490
25509,25495
25509,25496
25509,25499
25509,25500
25509,25501
25509,25522
25509,25525
25509,25532
25509,25538
25509,25548
25509,25552
25509,25556
25551,25576
25551,25577
25551,25585
25551,25589
25551,25597
25551,25629
25551,25630
25551,25641
25551,15343
25551,25501
25551,25508
25551,25522
25551,25525
25551,25532
25551,25538
25551,25546
25551,25548
25551,25552
25551,25558
25551,25561
25551,25563
25551,25564
25551,25565
25551,25568
25551,25574
25564,25576
25564,25577
25564,25585
25564,25589
25564,25597
25564,25629
25564,25641
25564,25658
25564,11880
25564,25538
25564,25546
25564,25548
25564,25552
25564,25556
25564,25558
25564,25561
25564,25563
25564,25565
25564,25568
25564,25574
25564,25578
25564,25580
25564,25586
25576,25577
25576,25585
25576,25597
25576,25629
25576,25630
25576,25641
25576,25660
25576,8892
25576,12349
25576,24651
25576,25552
25576,25556
25576,25558
25576,25561
25576,25563
25576,25565
25576,25568
25576,25574
25576,25578
25576,25580
25576,25586
25576,25589
25576,25592
25576,25599
25577,25585
25577,25597
25577,25629
25577,25630
25577,25641
25577,25658
25577,25660
25577,25662
25577,18532
25577,10143
25577,26898
25577,25556
25577,25558
25577,25561
25577,25563
25577,25565
25577,25568
25577,25574
25577,25578
25577,25580
25577,25586
25577,25589
25577,25592
25577,25599
25585,25589
25585,25597
25585,25629
25585,25630
25585,25641
25585,25658
25585,25660
25585,23747
25585,26972
25585,25565
25585,25568
25585,25578
25585,25586
25585,25599
25585,25621
25585,25624
25589,25597
25589,25629
25589,25630
25589,25641
25589,25658
25589,25660
25589,25662
25589,25672
25589,25675
25589,21912
25589,7845
25589,25565
25589,25568
25589,25574
25589,25578
25589,25586
25589,25592
25589,25599
25589,25619
25589,25622
25589,26893
25597,25629
25597,25630
25597,25641
25597,25658
25597,25660
25597,25662
25597,25672
25597,25675
25597,18652
25597,25574
25597,25578
25597,25580
25597,25586
25597,25592
25597,25599
25597,25619
25597,25621
25597,25622
25597,25624
25597,25635
25629,25630
25629,25641
25629,25658
25629,25660
25629,25672
25629,25675
25629,25686
25629,12504
25629,17725
25629,25586
25629,25592
25629,25599
25629,25619
25629,25621
25629,25622
25629,25624
25629,25650
25629,25651
25629,25655
25629,25662
25630,25641
25630,25658
25630,25660
25630,25662
25630,25672
25630,25675
25630,25685
25630,25686
25630,25695
25630,22106
25630,25592
25630,25599
25630,25619
25630,25621
25630,25635
25630,25650
25630,25651
25630,25655
25630,25663
25641,25658
25641,25660
25641,25662
25641,25672
25641,25675
25641,25685
25641,25686
25641,25695
25641,25708
25641,25599
25641,25619
25641,25622
25641,25624
25641,25635
25641,25650
25641,25651
25641,25655
25641,25663
25641,25664
25641,25671
25658,25660
25658,25662
25658,25672
25658,25675
25658,25685
25658,25686
25658,25708
25658,25717
25658,26713
25658,19540
25658,25622
25658,25624
25658,25635
25658,25651
25658,25655
25658,25663
25658,25664
25658,25671
25658,25679
25658,25680
25660,25662
25660,25672
25660,25675
25660,25685
25660,25686
25660,25708
25660,25717
25660,25718
25660,8487
25660,21650
25660,22787
25660,23693
25660,25624
25660,25635
25660,25655
25660,25663
25660,25664
25660,25680
25660,25681
25662,25672
25662,25675
25662,25685
25662,25686
25662,25695
25662,25708
25662,25717
25662,25718
25662,25728
25662,18880
25662,25635
25662,25650
25662,25651
25662,25655
25662,25663
25662,25664
25662,25671
25662,25679
25662,25680
25662,25681
25662,25682
25672,25675
25672,25685
25672,25686
25672,25695
25672,25717
25672,25728
25672,9559
25672,25650
25672,25651
25672,25655
25672,25663
25672,25664
25672,25671
25672,25679
25672,25680
25672,25681
25672,25683
25672,25692
25675,25685
25675,25686
25675,25695
25675,25708
25675,25717
25675,25718
25675,25728
25675,25735
25675,25738
25675,25651
25675,25655
25675,25663
25675,25664
25675,25671
25675,25679
25675,25680
25675,25681
25675,25682
25675,25683
25675,25692
25675,25693
25685,25686
25685,25695
25685,25708
25685,25717
25685,25718
25685,25728
25685,25735
25685,25738
25685,25739
25685,25664
25685,25671
25685,25679
25685,25680
25685,25681
25685,25682
25685,25683
25685,25692
25685,25699
25685,25700
25685,25702
25685,25704
25686,25718
25686,25728
25686,25735
25686,25739
25686,25741
25686,22460
25686,7740
25686,25671
25686,25679
25686,25680
25686,25681
25686,25683
25686,25692
25686,25693
25686,25695
25686,25699
25686,25700
25686,25701
25686,25702
25686,25704
25686,25708
25695,25708
25695,25717
25695,25718
25695,25738
25695,25739
25695,25741
25695,9815
25695,19866
25695,27437
25695,25680
25695,25681
25695,25682
25695,25683
25695,25692
25695,25693
25695,25700
25695,25701
25695,25702
25695,25704
25695,25709
25695,25711
25708,25717
25708,25718
25708,25728
25708,25735
25708,25738
25708,25741
25708,25747
25708,16823
25708,26326
25708,10290
25708,25692
25708,25693
25708,25699
25708,25700
25708,25701
25708,25702
25708,25704
25708,25709
25708,25711
25708,25713
25708,25715
25708,25723
25708,25726
25717,25718
25717,25728
25717,25735
25717,25738
25717,25739
25717,25741
25717,25747
25717,25750
25717,25767
25717,16675
25717,25701
25717,25702
25717,25704
25717,25709
25717,25711
25717,25713
25717,25715
25717,25723
25717,25726
25717,25737
25718,25728
25718,25735
25718,25738
25718,25739
25718,25741
25718,25747
25718,25750
25718,25767
25718,25782
25718,12362
25718,18996
25718,25701
25718,25702
25718,25704
25718,25709
25718,25711
25718,25713
25718,25715
25718,25726
25718,25729
25728,25735
25728,25738
25728,25741
25728,25747
25728,25767
25728,25782
25728,25788
25728,13074
25728,25709
25728,25711
25728,25713
25728,25715
25728,25726
25728,25729
25728,25739
25728,25745
25735,25738
25735,25739
25735,25741
25735,25747
25735,25750
25735,25767
25735,25782
25735,25788
25735,25847
25735,22809
25735,25711
25735,25713
25735,25723
25735,25726
25735,25729
25735,25737
25735,25744
25735,25745
25735,25748
25735,25749
25738,25739
25738,25741
25738,25747
25738,25750
25738,25767
25738,25782
25738,25788
25738,25847
25738,25859
25738,8951
25738,25715
25738,25723
25738,25726
25738,25729
25738,25737
25738,25744
25738,25745
25738,25748
25738,25749
25738,25753
25739,25741
25739,25747
25739,25750
25739,25767
25739,25782
25739,25788
25739,25881
25739,10053
25739,11226
25739,7782
25739,25723
25739,25726
25739,25729
25739,25744
25739,25745
25739,25748
25739,25749
25739,25753
25739,25761
25741,25747
25741,25750
25741,25767
25741,25782
25741,25847
25741,25859
25741,25881
25741,21084
25741,20163
25741,10875
25741,11845
25741,11225
25741,20040
25741,20657
25741,25723
25741,25726
25741,25737
25741,25744
25741,25745
25741,25748
25741,25749
25741,25753
25741,25761
25741,27219
25747,25750
25747,25767
25747,25847
25747,25859
25747,25881
25747,25892
25747,25898
25747,13068
25747,9022
25747,12810
25747,25729
25747,25737
25747,25744
25747,25745
25747,25748
25747,25749
25747,25753
25747,25761
25747,25772
25747,25773
25747,25780
25750,25767
25750,25782
25750,25788
25750,25847
25750,25859
25750,25892
25750,25898
25750,25917
25750,15167
25750,11950
25750,25737
25750,25744
25750,25745
25750,25753
25750,25761
25750,25772
25750,25773
25750,25780
25750,25783
25750,25784
25767,25782
25767,25788
25767,25847
25767,25859
25767,25881
25767,25892
25767,25898
25767,25917
25767,25933
25767,26949
25767,22790
25767,10429
25767,25744
25767,25745
25767,25748
25767,25749
25767,25753
25767,25761
25767,25772
25767,25780
25767,25783
25767,25784
25767,25785
25767,25794
25782,25788
25782,25847
25782,25859
25782,25881
25782,25892
25782,25898
25782,25917
25782,25933
25782,25938
25782,10367
25782,16467
25782,25748
25782,25749
25782,25753
25782,25761
25782,25772
25782,25773
25782,25780
25782,25783
25782,25784
25782,25785
25782,25796
25782,25809
25782,25811
25782,25820
25782,26970
25788,25859
25788,25881
25788,25898
25788,25917
25788,25933
25788,25938
25788,25961
25788,8334
25788,25761
25788,25772
25788,25780
25788,25783
25788,25784
25788,25785
25788,25794
25788,25796
25788,25809
25788,25820
25788,25831
25788,25838
25788,25840
25788,25841
25847,25859
25847,25881
25847,25892
25847,25898
25847,25917
25847,25933
25847,25938
25847,25961
25847,25972
25847,23458
25847,24955
25847,25794
25847,25796
25847,25809
25847,25811
25847,25820
25847,25831
25847,25838
25847,25840
25847,25841
25847,25848
25847,25861
25847,25867
25847,25870
25847,25872
25859,25881
25859,25892
25859,25898
25859,25917
25859,25933
25859,25938
25859,25961
25859,25972
25859,25983
25859,25809
25859,25811
25859,25820
25859,25831
25859,25841
25859,25848
25859,25861
25859,25867
25859,25868
25859,25870
25859,25872
25859,25878
25859,25883
25859,25884
25881,25892
25881,25898
25881,25917
25881,25933
25881,25938
25881,25961
25881,25972
25881,25983
25881,25987
25881,17657
25881,7818
25881,24387
25881,25848
25881,25861
25881,25867
25881,25870
25881,25872
25881,25878
25881,25883
25881,25884
25881,25891
25881,25893
25881,25894
25881,25897
25881,25899
25892,25898
25892,25917
25892,25933
25892,25972
25892,25983
25892,25987
25892,25868
25892,25870
25892,25878
25892,25884
25892,25891
25892,25893
25892,25894
25892,25897
25892,25899
25892,25901
25892,25904
25892,25910
25892,25913
25898,25917
25898,25933
25898,25938
25898,25961
25898,25972
25898,25983
25898,25987
25898,25993
25898,25994
25898,7781
25898,25878
25898,25883
25898,25884
25898,25891
25898,25893
25898,25894
25898,25897
25898,25899
25898,25901
25898,25904
25898,25913
25898,25919
25898,25924
25898,25931
25917,25938
25917,25972
25917,25983
25917,25987
25917,25993
25917,25994
25917,14208
25917,15935
25917,25893
25917,25894
25917,25897
25917,25899
25917,25901
25917,25904
25917,25910
25917,25913
25917,25919
25917,25924
25917,25931
25917,25933
25917,25936
25917,25939
25917,25940
25917,25942
25933,25938
25933,25961
25933,25972
25933,25987
25933,25993
25933,25994
25933,26029
25933,26058
25933,14217
25933,25899
25933,25901
25933,25904
25933,25910
25933,25913
25933,25919
25933,25924
25933,25931
25933,25936
25933,25940
25933,25942
25933,25944
25933,25947
25933,25950
25933,25952
25938,25961
25938,25983
25938,25987
25938,25993
25938,25994
25938,26029
25938,26058
25938,26067
25938,11457
25938,25904
25938,25910
25938,25913
25938,25919
25938,25931
25938,25936
25938,25939
25938,25940
25938,25942
25938,25944
25938,25947
25938,25952
25938,25953
25938,25956
25961,25972
25961,25983
25961,25987
25961,25993
25961,26058
25961,26070
25961,12349
25961,14244
25961,10010
25961,25939
25961,25940
25961,25942
25961,25947
25961,25950
25961,25952
25961,25953
25961,25956
25961,25962
25961,25963
25961,25971
25961,25976
25961,25977
25961,25980
25961,25981
25972,25983
25972,25987
25972,25993
25972,25994
25972,26029
25972,26058
25972,26067
25972,26070
25972,26103
25972,13024
25972,13781
25972,22774
25972,25947
25972,25952
25972,25953
25972,25956
25972,25962
25972,25963
25972,25977
25972,25980
25972,25981
25972,25982
25972,25989
25972,25992
25983,25993
25983,25994
25983,26029
25983,26058
25983,26067
25983,26070
25983,26103
25983,26126
25983,15779
25983,20915
25983,25962
25983,25963
25983,25971
25983,25976
25983,25977
25983,25980
25983,25981
25983,25982
25983,25987
25983,25989
25983,25992
25983,25997
25983,26005
25983,26007
25987,25993
25987,26029
25987,26058
25987,26067
25987,26103
25987,26126
25987,26137
25987,11744
25987,13623
25987,26531
25987,7798
25987,24182
25987,25963
25987,25971
25987,25976
25987,25977
25987,25980
25987,25981
25987,25982
25987,25989
25987,25994
25987,25997
25987,26005
25987,26009
25987,26012
25993,25994
25993,26029
25993,26058
25993,26067
25993,26070
25993,26103
25993,26126
25993,26137
25993,26138
25993,19790
25993,25976
25993,25977
25993,25980
25993,25982
25993,25989
25993,25992
25993,25997
25993,26005
25993,26007
25993,26009
25993,26012
25993,26013
25993,26028
25994,26029
25994,26058
25994,26067
25994,26070
25994,26103
25994,26126
25994,26137
25994,26138
25994,26166
25994,8113
25994,20945
25994,25977
25994,25980
25994,25981
25994,25982
25994,25989
25994,25992
25994,25997
25994,26005
25994,26007
25994,26009
25994,26012
25994,26013
25994,26028
25994,26033
26029,26058
26029,26067
26029,26070
26029,26103
26029,26126
26029,26138
26029,26166
26029,11270
26029,11961
26029,23620
26029,26005
26029,26007
26029,26012
26029,26013
26029,26028
26029,26033
26029,26034
26029,26038
26029,26039
26029,26045
26029,26054
26029,26059
26058,26067
26058,26070
26058,26103
26058,26126
26058,26137
26058,26166
26058,26179
26058,26187
26058,26028
26058,26033
26058,26034
26058,26038
26058,26039
26058,26045
26058,26049
26058,26054
26058,26059
26058,26060
26058,26062
26058,26073
26058,26082
26058,26085
26067,26070
26067,26103
26067,26126
26067,26137
26067,26138
26067,26166
26067,26179
26067,26187
26067,26197
26067,26441
26067,20800
26067,26038
26067,26039
26067,26045
26067,26049
26067,26059
26067,26060
26067,26062
26067,26073
26067,26074
26067,26082
26067,26085
26067,26090
26067,26092
26067,26095
26067,26096
26070,26103
26070,26126
26070,26137
26070,26138
26070,26179
26070,26187
26070,26197
26070,26202
26070,15814
26070,13670
26070,26039
26070,26045
26070,26049
26070,26054
26070,26059
26070,26060
26070,26062
26070,26073
26070,26074
26070,26082
26070,26085
26070,26090
26070,26092
26070,26095
26070,26096
26103,26126
26103,26137
26103,26138
26103,26166
26103,26179
26103,26197
26103,26202
26103,26205
26103,21311
26103,26073
26103,26074
26103,26082
26103,26085
26103,26092
26103,26095
26103,26096
26103,26108
26103,26109
26103,26110
26103,26114
26103,26127
26126,26137
26126,26138
26126,26166
26126,26179
26126,26187
26126,26197
26126,26205
26126,26221
26126,19738
26126,26092
26126,26095
26126,26096
26126,26107
26126,26109
26126,26110
26126,26114
26126,26127
26126,26139
26126,26144
26126,26149
26126,26152
26126,26157
26137,26166
26137,26179
26137,26187
26137,26197
26137,26202
26137,26205
26137,26221
26137,26238
26137,21139
26137,16477
26137,26096
26137,26107
26137,26108
26137,26109
26137,26110
26137,26114
26137,26127
26137,26138
26137,26144
26137,26149
26137,26150
26137,26152
26137,26157
26137,26162
26137,26164
26137,26220
26138,26166
26138,26179
26138,26187
26138,26197
26138,26202
26138,26205
26138,26221
26138,26238
26138,26243
26138,13138
26138,14737
26138,26107
26138,26108
26138,26109
26138,26114
26138,26127
26138,26139
26138,26144
26138,26149
26138,26150
26138,26152
26138,26157
26138,26164
26138,26165
26166,26179
26166,26187
26166,26197
26166,26202
26166,26205
26166,26238
26166,26243
26166,26259
26166,25899
26166,15506
26166,15935
26166,26139
26166,26144
26166,26149
26166,26152
26166,26162
26166,26164
26166,26165
26166,26172
26166,26176
26166,26180
26166,26183
26166,26190
26166,26193
26179,26187
26179,26202
26179,26205
26179,26221
26179,26238
26179,26243
26179,26259
26179,26275
26179,12327
26179,26152
26179,26162
26179,26165
26179,26172
26179,26176
26179,26180
26179,26183
26179,26190
26179,26193
26179,26199
26179,26201
26187,26197
26187,26202
26187,26205
26187,26221
26187,26238
26187,26243
26187,26259
26187,26275
26187,26284
26187,20705
26187,26162
26187,26164
26187,26165
26187,26172
26187,26176
26187,26180
26187,26183
26187,26190
26187,26193
26187,26199
26187,26201
26187,26204
26187,26207
26197,26202
26197,26205
26197,26221
26197,26238
26197,26243
26197,26259
26197,26275
26197,26284
26197,26288
26197,22261
26197,11216
26197,25977
26197,26172
26197,26176
26197,26180
26197,26183
26197,26190
26197,26193
26197,26199
26197,26201
26197,26204
26197,26207
26197,26208
26197,26213
26202,26205
26202,26221
26202,26238
26202,26259
26202,26275
26202,26284
26202,26288
26202,26300
26202,21146
26202,18258
26202,26180
26202,26183
26202,26190
26202,26193
26202,26199
26202,26201
26202,26204
26202,26207
26202,26210
26202,26213
26202,26219
26205,26221
26205,26243
26205,26259
26205,26275
26205,26284
26205,26288
26205,26300
26205,26328
26205,26183
26205,26190
26205,26193
26205,26199
26205,26204
26205,26207
26205,26208
26205,26210
26205,26213
26205,26219
26205,26220
26205,26223
26221,26238
26221,26259
26221,26275
26221,26284
26221,26288
26221,26300
26221,26328
26221,26395
26221,12613
26221,26204
26221,26207
26221,26208
26221,26210
26221,26213
26221,26219
26221,26220
26221,26222
26221,26223
26221,26228
26221,26230
26221,26232
26221,26233
26221,26243
26221,26655
26238,26243
26238,26259
26238,26275
26238,26284
26238,26300
26238,26328
26238,26395
26238,26397
26238,11169
26238,26220
26238,26222
26238,26223
26238,26225
26238,26228
26238,26230
26238,26232
26238,26245
26238,26247
26238,26248
26238,26250
26238,26252
26238,26255
26238,26262
26243,26259
26243,26275
26243,26284
26243,26288
26243,26300
26243,26328
26243,26395
26243,26397
26243,26419
26243,10672
26243,26222
26243,26223
26243,26225
26243,26232
26243,26233
26243,26245
26243,26247
26243,26248
26243,26250
26243,26255
26243,26262
26259,26275
26259,26284
26259,26288
26259,26300
26259,26328
26259,26395
26259,26397
26259,26419
26259,26429
26259,16955
26259,24473
26259,25711
26259,26245
26259,26247
26259,26250
26259,26252
26259,26255
26259,26262
26259,26277
26259,26279
26259,26287
26259,26290
26259,26553
26275,26284
26275,26288
26275,26300
26275,26328
26275,26395
26275,26397
26275,26419
26275,26429
26275,26443
26275,15121
26275,26245
26275,26247
26275,26248
26275,26250
26275,26252
26275,26255
26275,26262
26275,26279
26275,26287
26275,26290
26275,26292
26275,26302
26284,26288
26284,26300
26284,26328
26284,26395
26284,26397
26284,26419
26284,26429
26284,26443
26284,26507
26284,26248
26284,26250
26284,26252
26284,26255
26284,26262
26284,26277
26284,26279
26284,26287
26284,26290
26284,26292
26284,26302
26284,26303
26288,26300
26288,26328
26288,26395
26288,26397
26288,26429
26288,26443
26288,26507
26288,26509
26288,22861
26288,17375
26288,26252
26288,26255
26288,26262
26288,26277
26288,26279
26288,26287
26288,26290
26288,26292
26288,26302
26288,26303
26288,26311
26288,26312
26288,26322
26288,26326
26300,26328
26300,26395
26300,26397
26300,26419
26300,26429
26300,26443
26300,26507
26300,26509
26300,26520
26300,25136
26300,26277
26300,26279
26300,26287
26300,26290
26300,26292
26300,26302
26300,26303
26300,26311
26300,26312
26300,26322
26300,26326
26300,26327
26300,26329
26328,26395
26328,26397
26328,26419
26328,26429
26328,26443
26328,26524
26328,22805
26328,17555
26328,26292
26328,26302
26328,26303
26328,26311
26328,26312
26328,26322
26328,26326
26328,26329
26328,26333
26328,26364
26328,26365
26328,26370
26328,26371
26328,26374
26395,26397
26395,26419
26395,26429
26395,26443
26395,26507
26395,26509
26395,26520
26395,26524
26395,26526
26395,26371
26395,26374
26395,26375
26395,26382
26395,26388
26395,26390
26395,26391
26395,26392
26395,26406
26395,26409
26395,26411
26395,26413
26395,26431
26395,26436
26397,26419
26397,26429
26397,26443
26397,26507
26397,26509
26397,26520
26397,26524
26397,26554
26397,7709
26397,8666
26397,22558
26397,24764
26397,26374
26397,26382
26397,26383
26397,26388
26397,26390
26397,26391
26397,26392
26397,26409
26397,26411
26397,26413
26397,26431
26397,26436
26397,26441
26419,26429
26419,26443
26419,26509
26419,26520
26419,26524
26419,26526
26419,26554
26419,26556
26419,18981
26419,25378
26419,26390
26419,26391
26419,26392
26419,26406
26419,26409
26419,26411
26419,26413
26419,26431
26419,26441
26419,26444
26419,26450
26419,26451
26419,26456
26429,26443
26429,26507
26429,26509
26429,26520
26429,26524
26429,26526
26429,26554
26429,26556
26429,26561
26429,26391
26429,26392
26429,26406
26429,26409
26429,26411
26429,26413
26429,26431
26429,26436
26429,26441
26429,26444
26429,26450
26429,26451
26429,26460
26443,26507
26443,26509
26443,26526
26443,26554
26443,26556
26443,26561
26443,26587
26443,16659
26443,24712
26443,20576
26443,26406
26443,26409
26443,26411
26443,26413
26443,26436
26443,26441
26443,26444
26443,26450
26443,26451
26443,26456
26443,26460
26443,26462
26443,26470
26443,26472
26443,26488
26507,26509
26507,26524
26507,26526
26507,26554
26507,26556
26507,26561
26507,26587
26507,26589
26507,11255
26507,26462
26507,26470
26507,26472
26507,26488
26507,26493
26507,26497
26507,26503
26507,26505
26507,26506
26507,26520
26507,26531
26507,26544
26507,26552
26507,26553
26509,26520
26509,26524
26509,26526
26509,26554
26509,26556
26509,26561
26509,26587
26509,26589
26509,26592
26509,9548
26509,26470
26509,26472
26509,26488
26509,26497
26509,26503
26509,26505
26509,26506
26509,26531
26509,26544
26509,26552
26509,26553
26520,26524
26520,26526
26520,26554
26520,26556
26520,26587
26520,26589
26520,26617
26520,8421
26520,16477
26520,26472
26520,26488
26520,26493
26520,26497
26520,26503
26520,26506
26520,26531
26520,26544
26520,26552
26520,26553
26520,26561
26524,26526
26524,26554
26524,26556
26524,26561
26524,26587
26524,26589
26524,26592
26524,26617
26524,23616
26524,12522
26524,19354
26524,25499
26524,26488
26524,26493
26524,26497
26524,26503
26524,26505
26524,26506
26524,26531
26524,26544
26524,26552
26524,26553
26526,26556
26526,26561
26526,26587
26526,26589
26526,26617
26526,26645
26526,26655
26526,15885
26526,26493
26526,26497
26526,26503
26526,26505
26526,26544
26526,26552
26526,26553
26526,26554
26526,26565
26526,26569
26554,26561
26554,26587
26554,26589
26554,26592
26554,26617
26554,26645
26554,26655
26554,26685
26554,19790
26554,26552
26554,26553
26554,26556
26554,26565
26554,26569
26554,26582
26554,26583
26554,26584
26556,26561
26556,26587
26556,26589
26556,26592
26556,26617
26556,26645
26556,26655
26556,26685
26556,26688
26556,11053
26556,26531
26556,26544
26556,26552
26556,26553
26556,26565
26556,26569
26556,26582
26556,26583
26556,26584
26561,26587
26561,26589
26561,26592
26561,26617
26561,26645
26561,26655
26561,26685
26561,26688
26561,7845
26561,23601
26561,20067
26561,26531
26561,26544
26561,26552
26561,26553
26561,26565
26561,26569
26561,26582
26561,26583
26561,26584
26561,26595
26587,26589
26587,26592
26587,26617
26587,26645
26587,26655
26587,26685
26587,26688
26587,26733
26587,26752
26587,23189
26587,9808
26587,26553
26587,26565
26587,26569
26587,26582
26587,26583
26587,26584
26587,26595
26587,26596
26587,26598
26587,26600
26587,26601
26587,26602
26587,26609
26589,26592
26589,26617
26589,26655
26589,26685
26589,26688
26589,26752
26589,26787
26589,27402
26589,24966
26589,26565
26589,26569
26589,26582
26589,26583
26589,26584
26589,26595
26589,26596
26589,26598
26589,26600
26589,26601
26589,26602
26589,26609
26589,26610
26592,26617
26592,26645
26592,26655
26592,26685
26592,26688
26592,26733
26592,26752
26592,26787
26592,26801
26592,19163
26592,26565
26592,26569
26592,26582
26592,26583
26592,26584
26592,26595
26592,26596
26592,26598
26592,26600
26592,26601
26592,26602
26592,26609
26592,26610
26592,26612
26617,26645
26617,26655
26617,26685
26617,26688
26617,26733
26617,26752
26617,26787
26617,26801
26617,26820
26617,22984
26617,26598
26617,26600
26617,26601
26617,26602
26617,26609
26617,26610
26617,26612
26617,26616
26617,26620
26617,26626
26617,26628
26617,26638
26617,26650
26617,26666
26645,26655
26645,26685
26645,26688
26645,26733
26645,26752
26645,26787
26645,26801
26645,26820
26645,26825
26645,15504
26645,26609
26645,26610
26645,26612
26645,26616
26645,26620
26645,26626
26645,26628
26645,26638
26645,26650
26645,26656
26645,26666
26645,26671
26645,26684
26645,26690
26655,26685
26655,26688
26655,26733
26655,26752
26655,26787
26655,26801
26655,26820
26655,26825
26655,26845
26655,9665
26655,26612
26655,26616
26655,26620
26655,26626
26655,26628
26655,26638
26655,26650
26655,26656
26655,26666
26655,26671
26655,26690
26655,26706
26685,26733
26685,26752
26685,26787
26685,26801
26685,26820
26685,26825
26685,26845
26685,26861
26685,22702
26685,26628
26685,26638
26685,26650
26685,26666
26685,26671
26685,26684
26685,26688
26685,26691
26685,26706
26685,26713
26685,26719
26685,26720
26685,26734
26688,26733
26688,26752
26688,26787
26688,26801
26688,26820
26688,26825
26688,26845
26688,26861
26688,26868
26688,26638
26688,26650
26688,26656
26688,26666
26688,26671
26688,26684
26688,26690
26688,26691
26688,26706
26688,26713
26688,26719
26688,26720
26688,26735
26733,26752
26733,26787
26733,26801
26733,26820
26733,26825
26733,26861
26733,26898
26733,15305
26733,26684
26733,26690
26733,26691
26733,26706
26733,26713
26733,26719
26733,26720
26733,26734
26733,26735
26733,26739
26733,26740
26733,26749
26733,26757
26733,26760
26752,26787
26752,26801
26752,26820
26752,26825
26752,26845
26752,26868
26752,26925
26752,15915
26752,22781
26752,15149
26752,10960
26752,26666
26752,26719
26752,26720
26752,26734
26752,26735
26752,26736
26752,26739
26752,26740
26752,26760
26752,26767
26752,26774
26752,26776
26752,26778
26752,26781
26752,26785
26787,26801
26787,26820
26787,26825
26787,26845
26787,26861
26787,26868
26787,26898
26787,26925
26787,26940
26787,24176
26787,26760
26787,26767
26787,26776
26787,26778
26787,26781
26787,26793
26787,26797
26787,26798
26787,26812
26787,26813
26787,26819
26801,26825
26801,26845
26801,26861
26801,26868
26801,26898
26801,26925
26801,26940
26801,26944
26801,17549
26801,26776
26801,26778
26801,26781
26801,26791
26801,26793
26801,26797
26801,26798
26801,26812
26801,26813
26801,26819
26801,26820
26801,26821
26801,26840
26801,26843
26820,26845
26820,26861
26820,26868
26820,26898
26820,26925
26820,26940
26820,26944
26820,26949
26820,13918
26820,26791
26820,26793
26820,26797
26820,26812
26820,26813
26820,26819
26820,26821
26820,26825
26820,26840
26820,26843
26820,26851
26820,26864
26825,26861
26825,26868
26825,26898
26825,26925
26825,26944
26825,26949
26825,26968
26825,18433
26825,20586
26825,13364
26825,26793
26825,26797
26825,26798
26825,26812
26825,26813
26825,26819
26825,26840
26825,26843
26825,26845
26825,26851
26825,26857
26825,26864
26825,26870
26845,26861
26845,26868
26845,26925
26845,26944
26845,26949
26845,26968
26845,26970
26845,22958
26845,26813
26845,26819
26845,26821
26845,26840
26845,26843
26845,26851
26845,26857
26845,26864
26845,26870
26845,26875
26845,26885
26845,26887
26861,26868
26861,26898
26861,26925
26861,26940
26861,26944
26861,26949
26861,26968
26861,26993
26861,14611
26861,26819
26861,26821
26861,26840
26861,26843
26861,26851
26861,26857
26861,26864
26861,26870
26861,26875
26861,26885
26861,26887
26861,26888
26861,26892
26861,26893
26868,26898
26868,26925
26868,26940
26868,26944
26868,26949
26868,26968
26868,26970
26868,26993
26868,26996
26868,14882
26868,17529
26868,26821
26868,26840
26868,26843
26868,26851
26868,26857
26868,26864
26868,26870
26868,26875
26868,26885
26868,26887
26868,26888
26868,26892
26868,26893
26868,26894
26898,26925
26898,26940
26898,26944
26898,26949
26898,26968
26898,26970
26898,26993
26898,26996
26898,26998
26898,26870
26898,26885
26898,26887
26898,26888
26898,26892
26898,26893
26898,26902
26898,26904
26898,26908
26898,26914
26898,26915
26898,26916
26898,26921
26898,26928
26925,26940
26925,26944
26925,26949
26925,26968
26925,26970
26925,26993
26925,26996
26925,26998
26925,27012
26925,17769
26925,20950
26925,25097
26925,26894
26925,26902
26925,26904
26925,26908
26925,26914
26925,26915
26925,26916
26925,26928
26925,26936
26925,26942
26925,26946
26925,26955
26940,26944
26940,26949
26940,26968
26940,26970
26940,26993
26940,26996
26940,26998
26940,27012
26940,27042
26940,15343
26940,26914
26940,26915
26940,26916
26940,26921
26940,26928
26940,26936
26940,26938
26940,26942
26940,26946
26940,26955
26940,26958
26940,26967
26940,26969
26944,26949
26944,26968
26944,26970
26944,26993
26944,26996
26944,26998
26944,27042
26944,13676
26944,23282
26944,26915
26944,26916
26944,26921
26944,26928
26944,26936
26944,26938
26944,26942
26944,26946
26944,26955
26944,26958
26944,26967
26944,26972
26949,26968
26949,26970
26949,26993
26949,26996
26949,26998
26949,27012
26949,27042
26949,27066
26949,20491
26949,26928
26949,26936
26949,26938
26949,26942
26949,26946
26949,26955
26949,26958
26949,26967
26949,26972
26949,26976
26949,26978
26968,26970
26968,26993
26968,26998
26968,27012
26968,27042
26968,27090
26968,27091
26968,19495
26968,22816
26968,26938
26968,26942
26968,26946
26968,26955
26968,26958
26968,26967
26968,26969
26968,26972
26968,26976
26968,26978
26968,26985
26968,26986
26968,26988
26970,26993
26970,26996
26970,26998
26970,27012
26970,27042
26970,27066
26970,27090
26970,27091
26970,27093
26970,13024
26970,10224
26970,10277
26970,20644
26970,26942
26970,26955
26970,26958
26970,26967
26970,26969
26970,26972
26970,26976
26970,26980
26970,26985
26970,26986
26970,26988
26970,26990
26970,26991
26993,26996
26993,26998
26993,27012
26993,27042
26993,27090
26993,27091
26993,27095
26993,10342
26993,20737
26993,21311
26993,26972
26993,26976
26993,26978
26993,26980
26993,26986
26993,26988
26993,26990
26993,26991
26993,26995
26993,27000
26993,27004
26993,27011
26993,27016
26996,26998
26996,27012
26996,27042
26996,27066
26996,27090
26996,27091
26996,27093
26996,27095
26996,27098
26996,12613
26996,26978
26996,26980
26996,26985
26996,26986
26996,26988
26996,26990
26996,26991
26996,26995
26996,27004
26996,27016
26996,27017
26996,27025
26996,27028
26998,27012
26998,27042
26998,27066
26998,27090
26998,27091
26998,27093
26998,27095
26998,27098
26998,27102
26998,23662
26998,26980
26998,26985
26998,26986
26998,26988
26998,26990
26998,26991
26998,26995
26998,27000
26998,27004
26998,27011
26998,27016
26998,27017
26998,27028
26998,27030
27012,27042
27012,27090
27012,27091
27012,27093
27012,27095
27012,27102
27012,27107
27012,18050
27012,26990
27012,26991
27012,26995
27012,27000
27012,27004
27012,27011
27012,27016
27012,27017
27012,27025
27012,27028
27012,27030
27012,27051
27012,27053
27012,27058
27042,27066
27042,27090
27042,27091
27042,27093
27042,27095
27042,27098
27042,27102
27042,27112
27042,23191
27042,27000
27042,27004
27042,27011
27042,27016
27042,27017
27042,27025
27042,27028
27042,27030
27042,27051
27042,27053
27042,27060
27042,27061
27042,27069
27042,27071
27042,27076
27066,27090
27066,27091
27066,27093
27066,27095
27066,27098
27066,27102
27066,27107
27066,27112
27066,27150
27066,8757
27066,7794
27066,11694
27066,27025
27066,27028
27066,27030
27066,27051
27066,27058
27066,27060
27066,27061
27066,27069
27066,27071
27066,27076
27066,27079
27066,27097
27090,27091
27090,27093
27090,27095
27090,27098
27090,27102
27090,27107
27090,27112
27090,27150
27090,27210
27090,16133
27090,27053
27090,27058
27090,27060
27090,27061
27090,27069
27090,27071
27090,27076
27090,27079
27090,27099
27090,27101
27091,27093
27091,27095
27091,27098
27091,27102
27091,27107
27091,27150
27091,27210
27091,27212
27091,7760
27091,10080
27091,27058
27091,27060
27091,27061
27091,27069
27091,27071
27091,27076
27091,27079
27091,27097
27091,27099
27091,27101
27091,27106
27093,27095
27093,27098
27093,27102
27093,27112
27093,27150
27093,27210
27093,27212
27093,27219
27093,20200
27093,21074
27093,27060
27093,27061
27093,27076
27093,27079
27093,27097
27093,27099
27093,27101
27093,27106
27093,27107
27095,27102
27095,27107
27095,27112
27095,27150
27095,27210
27095,27212
27095,27219
27095,27235
27095,19605
27095,16646
27095,14622
27095,26038
27095,27061
27095,27071
27095,27076
27095,27079
27095,27097
27095,27098
27095,27099
27095,27106
27095,27129
27098,27102
27098,27107
27098,27112
27098,27150
27098,27212
27098,27219
27098,27235
27098,27241
27098,25568
27098,8061
27098,10850
27098,19323
27098,27069
27098,27071
27098,27076
27098,27079
27098,27097
27098,27099
27098,27101
27098,27129
27098,27138
27102,27107
27102,27112
27102,27150
27102,27210
27102,27212
27102,27219
27102,27241
27102,15569
27102,18292
27102,27079
27102,27097
27102,27099
27102,27101
27102,27106
27102,27129
27102,27138
27102,27144
27102,27147
27102,27149
27107,27112
27107,27150
27107,27210
27107,27212
27107,27219
27107,27235
27107,27241
27107,27252
27107,27256
27107,9710
27107,18544
27107,27099
27107,27101
27107,27106
27107,27129
27107,27138
27107,27144
27107,27145
27107,27147
27107,27149
27107,27161
27112,27150
27112,27210
27112,27212
27112,27219
27112,27241
27112,27252
27112,27256
27112,27289
27112,18476
27112,12312
27112,27097
27112,27099
27112,27101
27112,27106
27112,27129
27112,27138
27112,27144
27112,27145
27112,27147
27112,27149
27112,27161
27112,27171
27150,27210
27150,27212
27150,27219
27150,27235
27150,27241
27150,27252
27150,27256
27150,27289
27150,27307
27150,27106
27150,27129
27150,27138
27150,27144
27150,27145
27150,27147
27150,27149
27150,27161
27150,27171
27150,27172
27150,27177
27150,27178
27150,27181
27150,27182
27150,27188
27150,27190
27210,27212
27210,27219
27210,27241
27210,27252
27210,27256
27210,27289
27210,27307
27210,27317
27210,7969
27210,25704
27210,22982
27210,27177
27210,27181
27210,27182
27210,27190
27210,27196
27210,27200
27210,27202
27210,27213
27210,27224
27210,27226
27210,27235
27210,27237
27210,27238
27210,27240
27212,27219
27212,27235
27212,27241
27212,27252
27212,27256
27212,27289
27212,27307
27212,27317
27212,27361
27212,27178
27212,27181
27212,27188
27212,27196
27212,27200
27212,27202
27212,27213
27212,27226
27212,27237
27212,27238
27212,27240
27219,27235
27219,27241
27219,27289
27219,27307
27219,27317
27219,27361
27219,27400
27219,15405
27219,15943
27219,17145
27219,27182
27219,27188
27219,27196
27219,27200
27219,27202
27219,27213
27219,27224
27219,27226
27219,27237
27219,27243
27219,27244
27235,27241
27235,27252
27235,27256
27235,27307
27235,27361
27235,27400
27235,27418
27235,25947
27235,14606
27235,27196
27235,27200
27235,27202
27235,27213
27235,27226
27235,27237
27235,27238
27235,27240
27235,27243
27235,27244
27235,27245
27235,27251
27241,27252
27241,27256
27241,27289
27241,27307
27241,27317
27241,27361
27241,27400
27241,27418
27241,27423
27241,23458
27241,21688
27241,27213
27241,27224
27241,27226
27241,27237
27241,27238
27241,27243
27241,27244
27241,27245
27241,27251
27241,27253
27241,27254
27241,27257
27252,27256
27252,27289
27252,27317
27252,27361
27252,27400
27252,27418
27252,27423
27252,27432
27252,19915
27252,27237
27252,27238
27252,27240
27252,27243
27252,27244
27252,27245
27252,27251
27252,27253
27252,27254
27252,27257
27252,27260
27252,27263
27252,27275
27252,27278
27252,27285
27256,27307
27256,27317
27256,27361
27256,27400
27256,27418
27256,27423
27256,27432
27256,23693
27256,9829
27256,27240
27256,27243
27256,27244
27256,27245
27256,27251
27256,27253
27256,27254
27256,27257
27256,27260
27256,27263
27256,27275
27256,27278
27256,27285
27256,27289
27256,27290
27256,27291
27289,27307
27289,27361
27289,27400
27289,27423
27289,27432
27289,27437
27289,27442
27289,8080
27289,24489
27289,10270
27289,23108
27289,27254
27289,27257
27289,27260
27289,27275
27289,27278
27289,27290
27289,27291
27289,27305
27289,27310
27289,27313
27289,27315
27289,27316
27289,27317
27307,27317
27307,27361
27307,27400
27307,27418
27307,27423
27307,27432
27307,27437
27307,27442
27307,10395
27307,27260
27307,27263
27307,27278
27307,27285
27307,27290
27307,27291
27307,27305
27307,27310
27307,27315
27307,27316
27307,27323
27307,27334
27307,27336
27317,27361
27317,27400
27317,27418
27317,27423
27317,27437
27317,27442
27317,7558
27317,21712
27317,20197
27317,9860
27317,15674
27317,23889
27317,27290
27317,27291
27317,27305
27317,27310
27317,27315
27317,27316
27317,27323
27317,27334
27317,27336
27317,27339
27317,27350
27317,27353
27317,27359
27361,27400
27361,27418
27361,27423
27361,27432
27361,27437
27361,27442
27361,7558
27361,7562
27361,18375
27361,23068
27361,26150
27361,26978
27361,27323
27361,27325
27361,27334
27361,27336
27361,27339
27361,27353
27361,27359
27361,27364
27361,27380
27361,27383
27361,27386
27361,27388
27361,27394
27400,27418
27400,27423
27400,27432
27400,27442
27400,7570
27400,24643
27400,16565
27400,10645
27400,27366
27400,27379
27400,27380
27400,27386
27400,27388
27400,27394
27400,27402
27400,27410
27400,27416
27400,27420
27400,27424
27400,27425
27418,27423
27418,27432
27418,27437
27418,27442
27418,7558
27418,7562
27418,7570
27418,9960
27418,27383
27418,27388
27418,27394
27418,27402
27418,27410
27418,27416
27418,27424
27418,27425
27418,27435
27418,27438
27418,27440
27423,27432
27423,27437
27423,27442
27423,7558
27423,7562
27423,7570
27423,7571
27423,22927
27423,16033
27423,27386
27423,27388
27423,27394
27423,27402
27423,27410
27423,27416
27423,27420
27423,27424
27423,27425
27423,27438
27423,27440
27423,27444
27432,27437
27432,27442
27432,7562
27432,7570
27432,25561
27432,16800
27432,22668
27432,27402
27432,27410
27432,27416
27432,27420
27432,27424
27432,27425
27432,27435
27432,27438
27432,27440
27432,27444
27432,27450
27432,27454
27432,27455
27437,27442
27437,7558
27437,7562
27437,7570
27437,7571
27437,7590
27437,7599
27437,18659
27437,11932
27437,19920
27437,27410
27437,27416
27437,27420
27437,27424
27437,27425
27437,27435
27437,27438
27437,27440
27437,27444
27437,27450
27437,27454
27437,27455
27437,27459
27442,7558
27442,7562
27442,7570
27442,7571
27442,7599
27442,7600
27442,18958
27442,20901
27442,27420
27442,27424
27442,27425
27442,27435
27442,27438
27442,27440
27442,27444
27442,27450
27442,27454
27442,27455
27442,27459
7558,7562
7558,7570
7558,7571
7558,7590
7558,7599
7558,7600
7558,7602
7558,7611
7562,7570
7562,7590
7562,7599
7562,7600
7562,7602
7562,7611
7562,7612
7570,7571
7570,7590
7570,7599
7570,7600
7570,7602
7570,7611
7570,7612
7570,7617
7570,12504
7570,15216
7571,7590
7571,7602
7571,7611
7571,7612
7571,14194
7590,7599
7590,7600
7590,7602
7590,7612
7590,7617
7590,7626
7590,7627
7590,11726
7590,26005
7590,22728
7599,7600
7599,7602
7599,7611
7599,7612
7599,7617
7599,7626
7599,7627
7600,7602
7600,7611
7600,7612
7600,7617
7600,7626
7600,7627
7602,7611
7602,7612
7602,7617
7602,7626
7602,7627
7602,22172
7611,7612
7611,7617
7611,7626
7611,7627
7611,18707
7612,7617
7612,7626
7612,7627
7612,7647
7617,7626
7617,7627
7617,7647
7617,7649
7617,12183
7617,19607
7617,19611
7626,7627
7626,7647
7626,7649
7626,7656
7626,7658
7627,7647
7627,7649
7627,7656
7627,7658
7627,7969
7647,7649
7647,7656
7647,7658
7647,7664
7647,7687
7647,7689
7647,13508
7649,7656
7649,7658
7649,7664
7649,7687
7649,7689
7649,7691
7649,23291
7649,11263
7656,7658
7656,7664
7656,7687
7656,7689
7656,7691
7656,7692
7658,7687
7658,7689
7658,7691
7658,7692
7658,7693
7658,21854
7664,7687
7664,7689
7664,7691
7664,7692
7664,7693
7664,7695
7687,7689
7687,7691
7687,7692
7687,7693
7687,7698
7687,7700
7687,7706
7687,18528
7687,8185
7687,21907
7689,7691
7689,7692
7689,7693
7689,7695
7689,7698
7689,7700
7689,7706
7689,7707
7689,7709
7689,14299
7691,7692
7691,7693
7691,7695
7691,7698
7691,7700
7691,7706
7691,7709
7691,13401
7692,7693
7692,7695
7692,7698
7692,7700
7692,7706
7692,7707
7692,7709
7692,7712
7693,7695
7693,7698
7693,7700
7693,7706
7693,7707
7693,7709
7693,7712
7693,7717
7693,22288
7695,7698
7695,7700
7695,7706
7695,7707
7695,7709
7695,7712
7695,7717
7695,7718
7698,7700
7698,7706
7698,7707
7698,7709
7698,7712
7698,7717
7698,7718
7698,7721
7700,7706
7700,7707
7700,7709
7700,7712
7700,7718
7700,7721
7706,7707
7706,7712
7706,7717
7706,7718
7706,7721
7706,7723
7706,18798
7707,7709
7707,7712
7707,7717
7707,7718
7707,7721
7707,7723
7707,18819
7709,7712
7709,7717
7709,7721
7709,7723
7709,7725
7712,7717
7712,7718
7712,7721
7712,7723
7712,7725
7712,7727
7712,7734
7717,7718
7717,7721
7717,7723
7717,7725
7717,7727
7717,7734
7717,7740
7718,7721
7718,7723
7718,7725
7718,7727
7718,7734
7718,7740
7718,24084
7721,7723
7721,7725
7721,7734
7721,7740
7721,10937
7723,7725
7723,7727
7723,7734
7723,7740
7723,7753
7725,7727
7725,7740
7725,7753
7725,7760
7725,9907
7727,7734
7727,7740
7727,7760
7734,7740
7734,7753
7734,7760
7734,7765
7734,7766
7734,9397
7740,7753
7740,7760
7740,7765
7740,7766
7740,16520
7740,13892
7753,7760
7753,7765
7753,7766
7753,7777
7753,7781
7753,7782
7753,7783
7760,7765
7760,7766
7760,7777
7760,7781
7760,7782
7760,7784
7760,7785
7760,23793
7760,12025
7765,7766
7765,7777
7765,7781
7765,7782
7765,7783
7765,7784
7765,25748
7766,7777
7766,7781
7766,7782
7766,7783
7766,7784
7766,7785
7766,7794
7777,7782
7777,7783
7777,7784
7777,7785
7777,7794
7777,7796
7777,18647
7781,7783
7781,7784
7781,7785
7781,7794
7781,7796
7781,7797
7781,16370
7782,7783
7782,7785
7782,7794
7782,7796
7782,7797
7782,7798
7783,7784
7783,7785
7783,7794
7783,7796
7783,7797
7783,7798
7783,7803
7783,23664
7784,7785
7784,7794
7784,7796
7784,7797
7784,7798
7784,7803
7784,7805
7785,7794
7785,7796
7785,7798
7785,7803
7785,7805
7785,7806
7785,25599
7785,20158
7794,7797
7794,7798
7794,7805
7794,7806
7794,7811
7794,7815
7794,17395
7794,26162
7794,18238
7796,7797
7796,7798
7796,7803
7796,7805
7796,7806
7796,7811
7796,7815
7796,12729
7796,13710
7797,7798
7797,7805
7797,7806
7797,7811
7797,7815
7797,7818
7797,7824
7798,7803
7798,7805
7798,7806
7798,7815
7798,7818
7798,7824
7798,7828
7798,9411
7803,7805
7803,7806
7803,7811
7803,7815
7803,7818
7803,7824
7803,7828
7803,18410
7803,25312
7805,7806
7805,7811
7805,7815
7805,7818
7805,7824
7805,7828
7805,7836
7805,19171
7806,7811
7806,7815
7806,7818
7806,7824
7806,7828
7806,7836
7806,7838
7806,16830
7811,7815
7811,7818
7811,7824
7811,7828
7811,7836
7811,7838
7811,7844
7815,7818
7815,7828
7815,7838
7815,7845
7815,17908
7815,21768
7815,9437
7815,12036
7815,24886
7815,11767
7818,7824
7818,7828
7818,7836
7818,7838
7818,7844
7818,7847
7818,19621
7824,7828
7824,7836
7824,7838
7824,7844
7824,7845
7824,7847
7824,7849
7824,13862
7828,7836
7828,7838
7828,7844
7828,7845
7828,7847
7828,7849
7828,7850
7828,7857
7836,7838
7836,7844
7836,7845
7836,7847
7836,7849
7836,7857
7836,7862
7836,7863
7836,26060
7836,8855
7838,7844
7838,7845
7838,7847
7838,7849
7838,7850
7838,7857
7838,7862
7838,7863
7838,7865
7838,15581
7844,7845
7844,7847
7844,7849
7844,7850
7844,7857
7844,7862
7844,7863
7844,7865
7844,11953
7845,7847
7845,7849
7845,7850
7845,7862
7845,7865
7845,7874
7845,18170
7847,7849
7847,7850
7847,7857
7847,7862
7847,7863
7847,7865
7847,7874
7847,13622
7849,7850
7849,7857
7849,7862
7849,7863
7849,7865
7849,7874
7849,7888
7850,7857
7850,7862
7850,7863
7850,7865
7850,7874
7850,7878
7850,7888
7850,26012
7857,7863
7857,7865
7857,7874
7857,7878
7857,7888
7857,7895
7857,7897
7857,11496
7862,7863
7862,7865
7862,7874
7862,7878
7862,7888
7862,7895
7862,7897
7862,7903
7863,7865
7863,7874
7863,7878
7863,7888
7863,7895
7863,7897
7863,17979
7863,13750
7865,7878
7865,7888
7865,7895
7865,7897
7865,7903
7865,7904
7865,7906
7874,7878
7874,7888
7874,7895
7874,7897
7874,7904
7874,7906
7874,7908
7874,7922
7874,14196
7874,18702
7878,7888
7878,7895
7878,7897
7878,7903
7878,7906
7878,7908
7878,7922
7878,7925
7878,17179
7878,10651
7888,7895
7888,7897
7888,7903
7888,7904
7888,7906
7888,7908
7888,7922
7888,7927
7888,19738
7895,7897
7895,7903
7895,7904
7895,7908
7895,7922
7895,7925
7895,7927
7895,17422
7895,17089
7897,7904
7897,7906
7897,7908
7897,7922
7897,7925
7897,7927
7897,7935
7903,7904
7903,7906
7903,7908
7903,7922
7903,7925
7903,7927
7903,7935
7903,7937
7904,7906
7904,7922
7904,7927
7904,7935
7904,7937
7904,7956
7906,7908
7906,7925
7906,7927
7906,7937
7906,7956
7906,7966
7906,12991
7906,9914
7906,26870
7906,23145
7908,7922
7908,7925
7908,7927
7908,7935
7908,7937
7908,7956
7908,7966
7908,7967
7922,7925
7922,7927
7922,7937
7922,7966
7922,7967
7922,7968
7922,16246
7922,22781
7922,9161
7925,7927
7925,7935
7925,7937
7925,7956
7925,7966
7925,7968
7925,7969
7925,8521
7927,7935
7927,7937
7927,7956
7927,7967
7927,7968
7927,7969
7927,7973
7927,20046
7935,7937
7935,7956
7935,7966
7935,7967
7935,7968
7935,7969
7935,7973
7937,7956
7937,7966
7937,7967
7937,7968
7937,7969
7937,7973
7937,7983
7937,21160
7956,7966
7956,7967
7956,7969
7956,7973
7956,7983
7956,12857
7966,7967
7966,7968
7966,7969
7966,7973
7966,7983
7966,19986
7966,10150
7967,7968
7967,7969
7967,7973
7967,7983
7967,7995
7968,7969
7968,7973
7968,7983
7968,7995
7968,8006
7969,7973
7969,7983
7969,7995
7969,8006
7969,8007
7969,13081
7973,7983
7973,7995
7973,8006
7973,8007
7973,17375
7973,8137
7983,7995
7983,8006
7983,8007
7983,20050
7995,8006
7995,8007
7995,8026
7995,8027
7995,8030
7995,8032
8006,8007
8006,8026
8006,8027
8006,8030
8006,8032
8006,8041
8007,8026
8007,8027
8007,8030
8007,8032
8007,8041
8007,8046
8007,13516
8007,17162
8026,8027
8026,8030
8026,8032
8026,8041
8026,8046
8026,8049
8026,8056
8026,8290
8027,8030
8027,8032
8027,8041
8027,8046
8027,8049
8027,8056
8027,9829
8030,8032
8030,8041
8030,8046
8030,8049
8030,8056
8030,8061
8032,8041
8032,8046
8032,8049
8032,8056
8041,8046
8041,8049
8041,8056
8041,8061
8041,8080
8041,9665
8046,8049
8046,8056
8046,8061
8046,8080
8046,16165
8046,26451
8049,8061
8049,8080
8056,8061
8056,8080
8056,8107
8056,9729
8056,12728
8061,8080
8061,8107
8061,14517
8080,8107
8080,8113
8080,8128
8080,25891
8107,8113
8107,8128
8107,8134
8107,8137
8107,8140
8107,19675
8113,8134
8113,8137
8113,8140
8113,8145
8128,8134
8128,8137
8128,8140
8128,8145
8128,21756
8128,24981
8128,26916
8134,8137
8134,8140
8134,8145
8134,8155
8137,8140
8137,8155
8140,8145
8140,8155
8140,8158
8140,17242
8145,8155
8145,8158
8145,8161
8145,8164
8155,8158
8155,8161
8155,8164
8155,8171
8155,8173
8155,8185
8155,8192
8155,17258
8158,8161
8158,8164
8158,8171
8158,8173
8158,8185
8158,8192
8161,8164
8161,8173
8161,8185
8161,8192
8161,16368
8164,8171
8164,8173
8164,8185
8164,8192
8164,8196
8164,8200
8164,8205
8164,10166
8171,8173
8171,8185
8171,8192
8171,8196
8171,8200
8171,8205
8171,8209
8171,26928
8173,8185
8173,8192
8173,8196
8173,8200
8173,8205
8173,8209
8185,8192
8185,8196
8185,8200
8185,8205
8185,8216
8185,8219
8185,14400
8192,8196
8192,8200
8192,8205
8192,8209
8192,8216
8192,8219
8196,8200
8196,8205
8196,8216
8196,8219
8196,8224
8196,8227
8200,8205
8200,8209
8200,8216
8200,8219
8200,8224
8200,8227
8200,8237
8200,13246
8200,12613
8200,26157
8205,8209
8205,8216
8205,8227
8205,8237
8205,21234
8205,18683
8209,8216
8209,8219
8209,8224
8209,8227
8209,8237
8209,8241
8209,13939
8216,8219
8216,8224
8216,8227
8216,8241
8216,8247
8216,20715
8219,8224
8219,8227
8219,8237
8219,8241
8219,8253
8219,9548
8219,9750
8224,8227
8224,8237
8224,8241
8224,8247
8224,8256
8224,8258
8224,19742
8227,8237
8227,8247
8227,8253
8227,8256
8227,8258
8227,18004
8237,8241
8237,8247
8237,8253
8237,8256
8237,8258
8237,8259
8237,8260
8241,8247
8241,8253
8241,8256
8241,8258
8241,8259
8241,8260
8241,23904
8247,8256
8247,8258
8247,8259
8247,8260
8247,8265
8247,10224
8247,21285
8247,12523
8253,8256
8253,8258
8253,8259
8253,8260
8253,8265
8253,8267
8253,8281
8256,8258
8256,8259
8256,8260
8256,8265
8256,8267
8256,8281
8256,8283
8256,11106
8258,8259
8258,8260
8258,8265
8258,8267
8258,8281
8259,8260
8259,8265
8259,8267
8259,8281
8259,8290
8259,17196
8260,8265
8260,8267
8260,8283
8260,8290
8265,8267
8265,8281
8265,8283
8265,8290
8265,8297
8265,23207
8265,9216
8267,8281
8267,8283
8267,8290
8267,8297
8267,20306
8281,8283
8281,8290
8281,8297
8281,8302
8281,8312
8281,17079
8283,8297
8283,8302
8283,8309
8283,8312
8283,8315
8283,12367
8283,9860
8283,19289
8283,18836
8290,8302
8290,8312
8290,8315
8290,8323
8297,8302
8297,8309
8297,8312
8297,8315
8297,8319
8297,8323
8297,8326
8297,16615
8302,8309
8302,8312
8302,8315
8302,8323
8302,8326
8302,15301
8302,12544
8309,8312
8309,8315
8309,8319
8309,8323
8309,8326
8309,8329
8309,8333
8312,8315
8312,8319
8312,8323
8312,8326
8312,8329
8312,8333
8312,8334
8312,11726
8315,8319
8315,8323
8315,8326
8315,8329
8315,8333
8315,8334
8319,8323
8319,8326
8319,8329
8319,8333
8319,8334
8319,21154
8323,8326
8323,8329
8323,8333
8323,8334
8323,8341
8323,18276
8326,8329
8326,8333
8326,8334
8326,8341
8326,8343
8329,8333
8329,8334
8329,8341
8329,8343
8329,8347
8329,8355
8329,12478
8329,25982
8333,8334
8333,8341
8333,8343
8333,8347
8333,8355
8333,8361
8333,12728
8334,8341
8334,8343
8334,8355
8334,8361
8334,8367
8341,8343
8341,8347
8341,8355
8341,8361
8341,8373
8341,8382
8341,14458
8343,8347
8343,8355
8343,8361
8343,8367
8343,8373
8343,8382
8343,24199
8347,8355
8347,8367
8347,8373
8347,8382
8347,8383
8355,8361
8355,8367
8355,8373
8355,8382
8355,8383
8355,8387
8361,8367
8361,8382
8361,8383
8361,8387
8361,8394
8361,19749
8367,8373
8367,8382
8367,8383
8367,8387
8367,8394
8367,8405
8367,19249
8373,8382
8373,8383
8373,8387
8373,8394
8373,8405
8373,14539
8373,9860
8382,8383
8382,8387
8382,8394
8382,8405
8382,8410
8383,8394
8383,8405
8383,8410
8383,8417
8383,11592
8383,21308
8387,8394
8387,8405
8387,8410
8387,8417
8387,8419
8387,10321
8387,10342
8387,11743
8394,8405
8394,8410
8394,8417
8394,8418
8394,8419
8394,8421
8394,8441
8394,16362
8394,13924
8405,8410
8405,8417
8405,8418
8405,8419
8405,8421
8405,8441
8405,17195
8405,25205
8410,8417
8410,8418
8410,8419
8410,8421
8410,8450
8417,8418
8417,8419
8417,8421
8417,8441
8417,8453
8417,8456
8417,10846
8417,27290
8417,23718
8418,8419
8418,8421
8418,8441
8418,8450
8418,8453
8418,8456
8418,21700
8418,24556
8419,8421
8419,8441
8419,8450
8419,8453
8419,8456
8419,17483
8421,8441
8421,8450
8421,8453
8421,8456
8421,8461
8421,15156
8441,8450
8441,8456
8441,8461
8441,8476
8441,13568
8441,23834
8450,8453
8450,8456
8450,8461
8450,8476
8450,8484
8450,8487
8450,8491
8453,8456
8453,8461
8453,8476
8453,8484
8453,8487
8453,8491
8453,8494
8453,11642
8456,8461
8456,8484
8456,8487
8456,8491
8456,8494
8456,8497
8456,25565
8456,8537
8461,8476
8461,8484
8461,8487
8461,8491
8461,8494
8461,8497
8461,8501
8476,8484
8476,8491
8476,8494
8476,8497
8476,8501
8476,8504
8476,8509
8476,9299
8484,8487
8484,8491
8484,8494
8484,8497
8484,8501
8484,8504
8484,8509
8484,8511
8487,8497
8487,8501
8487,8504
8487,8509
8487,8511
8487,16462
8487,10990
8487,24456
8487,24194
8491,8494
8491,8497
8491,8501
8491,8509
8491,8511
8491,8515
8494,8501
8494,8504
8494,8509
8494,8511
8494,8515
8494,8518
8494,8520
8494,20209
8494,10651
8497,8501
8497,8504
8497,8509
8497,8511
8497,8515
8497,8518
8497,8520
8497,8521
8501,8504
8501,8509
8501,8511
8501,8515
8501,8518
8501,8520
8501,8521
8501,8523
8501,23291
8504,8509
8504,8511
8504,8515
8504,8518
8504,8520
8504,8521
8504,8523
8504,8533
8504,26887
8509,8511
8509,8515
8509,8518
8509,8520
8509,8521
8509,8523
8509,8524
8509,8533
8511,8515
8511,8518
8511,8520
8511,8521
8511,8523
8511,8524
8511,8537
8515,8518
8515,8520
8515,8521
8515,8523
8515,8524
8515,8533
8515,8537
8515,22807
8518,8521
8518,8523
8518,8524
8518,8533
8518,8537
8518,8542
8518,21688
8520,8521
8520,8523
8520,8524
8520,8533
8520,8537
8520,8542
8521,8523
8521,8524
8521,8533
8521,8537
8521,8542
8521,14172
8521,17426
8521,19950
8521,9867
8523,8524
8523,8533
8523,8537
8523,8542
8524,8533
8524,8537
8524,8542
8524,8553
8524,8942
8533,8537
8533,8542
8533,8553
8533,8556
8537,8542
8537,8553
8537,8556
8537,8557
8542,8553
8542,8556
8542,8557
8542,8558
8542,8563
8542,8566
8542,13566
8553,8556
8553,8557
8553,8558
8553,8563
8553,8566
8553,8567
8553,8571
8553,8576
8556,8557
8556,8558
8556,8563
8556,8566
8556,8567
8556,8571
8556,8576
8557,8558
8557,8563
8557,8566
8557,8567
8557,8571
8557,8576
8557,8584
8558,8563
8558,8566
8558,8567
8558,8571
8558,8576
8558,8584
8558,17938
8563,8566
8563,8567
8563,8571
8563,8576
8563,8584
8563,8589
8563,8598
8566,8567
8566,8571
8566,8576
8566,8584
8566,8589
8566,8598
8567,8571
8567,8576
8567,8584
8567,8589
8567,8598
8571,8576
8571,8584
8571,8589
8571,8598
8576,8584
8576,8589
8576,8598
8576,8619
8576,8624
8576,9331
8584,8589
8584,8598
8584,8619
8584,8624
8584,8625
8584,8630
8589,8598
8589,8619
8589,8624
8589,8625
8589,8630
8598,8619
8598,8624
8598,8625
8598,8630
8598,8653
8619,8624
8619,8625
8619,8630
8619,8653
8619,8654
8624,8625
8624,8630
8624,8654
8624,8662
8624,8666
8624,20737
8625,8630
8625,8653
8625,8654
8625,8662
8625,8666
8625,8671
8625,10845
8630,8653
8630,8654
8630,8662
8630,8666
8630,8672
8630,19605
8653,8654
8653,8662
8653,8666
8653,8671
8653,8672
8653,8675
8653,8677
8653,9009
8654,8666
8654,8671
8654,8672
8654,8675
8654,8677
8654,8678
8662,8666
8662,8671
8662,8672
8662,8675
8662,8677
8662,8678
8662,8680
8662,8682
8662,12552
8662,25622
8666,8671
8666,8672
8666,8675
8666,8677
8666,8678
8666,8682
8666,14700
8666,26073
8671,8672
8671,8675
8671,8677
8671,8678
8671,8680
8671,8682
8671,8685
8671,10651
8672,8675
8672,8678
8672,8680
8672,8682
8672,8684
8672,8685
8672,14457
8675,8677
8675,8678
8675,8680
8675,8682
8675,8684
8675,8685
8675,8703
8677,8678
8677,8680
8677,8682
8677,8685
8677,8703
8677,8705
8677,14427
8677,24428
8678,8680
8678,8682
8678,8684
8678,8685
8678,8703
8678,8705
8678,20050
8680,8682
8680,8684
8680,8685
8680,8703
8680,8705
8680,8710
8680,8711
8680,19432
8682,8684
8682,8685
8682,8703
8682,8705
8682,8710
8682,8711
8682,8712
8682,8767
8682,20358
8684,8685
8684,8703
8684,8705
8684,8710
8684,8711
8684,8712
8684,8715
8684,22816
8684,10970
8685,8703
8685,8705
8685,8710
8685,8711
8685,8712
8685,8715
8703,8705
8703,8710
8703,8711
8703,8712
8703,8745
8703,26005
8703,24268
8705,8710
8705,8711
8705,8712
8705,8745
8705,8751
8710,8711
8710,8712
8710,8715
8710,8745
8710,8751
8710,8753
8711,8712
8711,8715
8711,8745
8711,8751
8711,8753
8711,20029
8711,22007
8712,8715
8712,8745
8712,8751
8712,8753
8712,8756
8712,8757
8712,13597
8715,8745
8715,8751
8715,8753
8715,8756
8715,8757
8715,8762
8715,8767
8745,8751
8745,8753
8745,8756
8745,8762
8745,8767
8745,8769
8745,8774
8745,23530
8751,8753
8751,8756
8751,8757
8751,8762
8751,8767
8751,8769
8751,8774
8751,8776
8753,8756
8753,8757
8753,8762
8753,8767
8753,8769
8753,8774
8753,8776
8753,22028
8756,8757
8756,8762
8756,8767
8756,8769
8756,8774
8756,8776
8756,8778
8756,13481
8757,8762
8757,8767
8757,8769
8757,8774
8757,8776
8757,8788
8762,8767
8762,8769
8762,8776
8762,8778
8762,8788
8762,8796
8762,23014
8767,8769
8767,8774
8767,8778
8767,8788
8767,8796
8767,8797
8767,10263
8769,8776
8769,8778
8769,8788
8769,8796
8769,8797
8769,8801
8774,8776
8774,8778
8774,8788
8774,8796
8774,8797
8774,8801
8774,8804
8774,8805
8776,8778
8776,8788
8776,8797
8776,8801
8776,8804
8776,8805
8776,9910
8778,8788
8778,8796
8778,8797
8778,8801
8778,8804
8778,8805
8788,8797
8788,8801
8788,8804
8788,8805
8788,8823
8788,22710
8788,23995
8796,8797
8796,8801
8796,8804
8796,8805
8796,8827
8796,11230
8796,16216
8797,8801
8797,8804
8797,8805
8797,8823
8797,8827
8797,21049
8801,8804
8801,8805
8801,8823
8801,8827
8801,10203
8801,20098
8804,8805
8804,8827
8804,8841
8805,8823
8805,8827
8805,8841
8805,20799
8823,8827
8823,8841
8823,8844
8823,8847
8823,8855
8823,14223
8827,8841
8827,8844
8827,16596
8827,19439
8841,8844
8841,8847
8841,8855
8841,8867
8841,17768
8844,8847
8844,8855
8844,8867
8844,16063
8847,8855
8847,8867
8847,12754
8855,8867
8855,8885
8867,8885
8867,8892
8867,8894
8867,8902
8885,8892
8885,8902
8885,8908
8885,8912
8885,8916
8885,23611
8885,22303
8885,11044
8892,8894
8892,8902
8892,8908
8892,8912
8892,8916
8892,19721
8894,8902
8894,8908
8894,8912
8894,8916
8894,8932
8894,20821
8902,8912
8902,8916
8902,8932
8902,16297
8902,12594
8908,8912
8908,8916
8908,8932
8908,8936
8912,8916
8912,8932
8912,8936
8912,8942
8912,23460
8916,8936
8916,8942
8916,8946
8932,8936
8932,8942
8932,8946
8932,8949
8932,8951
8932,8954
8932,17893
8936,8942
8936,8946
8936,8949
8936,8951
8936,8954
8936,8959
8936,8961
8942,8946
8942,8949
8942,8951
8942,8954
8942,8959
8942,8966
8942,8971
8946,8949
8946,8951
8946,8959
8946,8966
8946,8971
8946,8974
8946,23881
8949,8951
8949,8954
8949,8959
8949,8961
8949,8966
8949,8971
8949,8974
8949,21345
8951,8954
8951,8959
8951,8961
8951,8966
8951,8971
8951,11225
8954,8959
8954,8961
8954,8966
8954,8971
8954,8974
8954,8976
8954,8977
8954,21614
8959,8961
8959,8966
8959,8974
8959,8976
8959,8977
8961,8966
8961,8971
8961,8974
8961,8976
8961,8977
8966,8971
8966,8974
8966,8976
8966,8977
8966,24159
8971,8974
8971,8976
8971,8977
8974,8976
8974,8977
8974,8992
8974,23032
8974,11710
8976,8977
8976,8992
8976,8997
8976,9001
8976,26734
8977,8992
8977,9001
8977,9008
8977,23376
8977,15462
8977,19229
8992,8997
8992,9001
8992,9008
8992,9009
8992,9011
8992,9022
8992,9024
8992,9032
8997,9001
8997,9009
8997,9011
8997,9016
8997,9022
8997,9032
8997,15634
9001,9008
9001,9009
9001,9011
9001,9016
9001,9022
9001,9024
9001,9032
9008,9009
9008,9011
9008,9016
9008,9022
9008,9024
9008,9032
9008,18157
9009,9016
9009,9022
9009,9024
9009,9032
9009,9058
9009,26857
9011,9016
9011,9022
9011,9024
9011,9032
9011,9058
9011,21045
9016,9022
9016,9024
9016,9032
9016,9058
9016,9063
9016,9065
9016,26190
9022,9024
9022,9032
9022,9063
9022,9065
9024,9032
9024,9058
9024,9063
9024,9065
9024,17426
9032,9063
9032,9065
9032,15935
9058,9063
9058,9065
9063,9065
9063,9107
9065,9107
9065,9109
9107,9109
9107,9113
9107,9115
9107,9126
9107,9131
9107,9141
9107,9142
9109,9113
9109,9115
9109,9126
9109,9131
9109,9141
9109,9142
9109,9144
9113,9115
9113,9126
9113,9131
9113,9141
9113,9142
9113,9144
9115,9126
9115,9131
9115,9141
9115,9142
9115,9144
9115,9155
9126,9131
9126,9141
9126,9142
9126,9144
9126,9155
9126,18664
9126,20384
9131,9141
9131,9155
9131,9159
9131,17983
9131,10034
9141,9142
9141,9144
9141,9155
9141,9159
9141,9161
9141,9167
9141,9170
9142,9144
9142,9155
9142,9159
9142,9161
9142,9167
9142,9170
9142,9174
9144,9155
9144,9159
9144,9161
9144,9167
9144,9170
9144,9174
9144,9175
9155,9159
9155,9161
9155,9167
9155,9170
9155,9174
9155,9175
9155,9178
9155,10395
9159,9161
9159,9167
9159,9170
9159,9174
9159,9175
9159,9178
9159,9185
9159,9187
9161,9167
9161,9170
9161,9174
9161,9175
9161,9178
9161,9185
9161,9187
9167,9170
9167,9174
9167,9175
9167,9178
9167,9187
9167,9188
9167,9189
9170,9174
9170,9175
9170,9178
9170,9185
9170,9187
9170,9188
9170,9191
9174,9178
9174,9185
9174,9187
9174,9188
9174,9189
9174,9191
9174,9192
9174,16882
9175,9178
9175,9185
9175,9187
9175,9189
9175,9191
9175,21311
9178,9187
9178,9188
9178,9189
9178,9191
9178,9192
9178,9195
9178,26303
9178,24840
9185,9187
9185,9188
9185,9189
9185,9191
9185,9192
9185,9195
9185,9197
9185,21317
9187,9188
9187,9189
9187,9191
9187,9192
9187,9195
9187,9197
9187,9210
9187,24376
9188,9189
9188,9191
9188,9192
9188,9195
9188,9197
9188,9210
9188,9216
9189,9191
9189,9192
9189,9195
9189,9197
9189,9210
9189,9216
9189,25924
9189,22531
9189,13286
9191,9192
9191,9195
9191,9197
9191,9210
9191,9216
9191,15556
9191,25106
9192,9197
9192,9210
9192,9216
9192,9228
9195,9197
9195,9210
9195,9216
9195,9228
9195,9234
9195,18587
9197,9210
9197,9216
9197,9228
9197,9229
9197,9234
9210,9216
9210,9228
9210,9229
9210,9234
9210,9250
9210,9251
9216,9228
9216,9229
9216,9234
9216,9250
9216,9251
9216,20770
9216,10975
9228,9229
9228,9234
9228,9251
9228,9262
9229,9234
9229,9250
9229,9251
9229,9270
9229,16565
9234,9250
9234,9262
9234,9270
9234,9271
9250,9251
9250,9262
9250,9270
9250,9271
9250,9277
9251,9262
9251,9270
9251,9271
9251,9277
9251,9282
9251,23913
9262,9277
9262,9282
9262,9285
9262,9290
9262,9297
9262,9298
9262,15679
9270,9271
9270,9277
9270,9285
9270,9297
9270,9298
9270,9299
9270,23242
9271,9277
9271,9282
9271,9285
9271,9297
9271,9299
9271,9301
9271,21731
9277,9282
9277,9285
9277,9290
9277,9297
9277,9298
9277,9299
9277,9301
9277,9309
9282,9290
9282,9297
9282,9298
9282,9301
9282,9309
9282,9310
9282,17966
9285,9290
9285,9297
9285,9298
9285,9299
9285,9301
9285,9309
9285,9310
9285,9312
9290,9298
9290,9299
9290,9301
9290,9309
9290,9310
9290,9312
9290,9316
9290,11047
9297,9298
9297,9299
9297,9301
9297,9309
9297,9310
9297,9312
9297,9316
9297,9317
9297,17919
9297,19790
9298,9301
9298,9309
9298,9310
9298,9312
9298,9316
9298,9317
9298,9318
9299,9301
9299,9309
9299,9312
9299,9316
9299,9318
9299,19869
9301,9309
9301,9310
9301,9312
9301,9316
9301,9323
9301,26232
9301,15961
9309,9312
9309,9316
9309,9317
9309,9318
9309,9323
9309,9329
9310,9312
9310,9316
9310,9317
9310,9318
9310,9323
9310,9329
9310,9331
9312,9316
9312,9317
9312,9318
9312,9323
9312,9329
9312,9331
9312,9332
9316,9317
9316,9318
9316,9323
9316,9329
9316,9331
9316,16670
9317,9318
9317,9323
9317,9329
9317,9331
9317,9335
9317,9336
9318,9323
9318,9329
9318,9332
9318,9335
9318,9336
9318,11515
9323,9332
9323,9335
9323,9336
9323,11600
9329,9331
9329,9332
9329,9336
9329,9357
9329,21089
9331,9335
9331,9336
9331,9357
9331,9364
9331,15639
9332,9335
9332,9336
9332,9357
9332,9364
9332,9386
9335,9336
9335,9357
9335,9364
9335,9386
9335,9387
9335,24869
9336,9357
9336,9364
9336,9386
9336,9387
9336,9389
9357,9364
9357,9386
9357,9387
9357,9389
9357,9397
9357,13177
9364,9386
9364,9387
9364,9389
9364,9397
9364,9411
9386,9387
9386,9389
9386,9397
9386,9411
9386,11442
9387,9389
9387,9397
9387,9411
9387,9420
9387,9425
9389,9397
9389,9411
9389,9420
9389,9425
9389,9426
9389,22289
9389,16393
9397,9411
9397,9420
9397,9425
9397,9430
9397,9435
9397,20876
9411,9420
9411,9425
9411,9426
9411,9430
9411,9435
9411,9437
9411,22823
9420,9425
9420,9426
9420,9430
9420,9435
9420,9437
9420,9449
9420,9451
9420,14452
9425,9426
9425,9430
9425,9435
9425,9437
9425,9451
9425,10414
9425,11841
9426,9430
9426,9435
9426,9437
9426,9449
9426,9455
9426,11345
9430,9435
9430,9437
9430,9449
9430,9451
9430,9455
9430,9456
9435,9437
9435,9449
9435,9451
9435,9455
9435,9456
9435,13780
9435,26329
9437,9449
9437,9451
9437,9455
9437,9456
9437,11884
9449,9451
9449,9455
9449,9456
9451,9455
9451,9456
9451,9483
9455,9456
9455,9489
9455,9496
9455,14410
9455,10699
9455,19022
9456,9483
9456,9489
9456,9496
9456,9497
9483,9489
9483,9496
9483,9497
9483,9508
9483,9515
9489,9496
9489,9497
9489,9508
9489,9515
9489,9516
9489,9525
9489,23221
9496,9497
9496,9508
9496,9515
9496,9516
9496,9525
9496,23218
9496,16004
9497,9508
9497,9515
9497,9516
9497,9525
9497,9536
9508,9515
9508,9516
9508,9525
9508,9536
9508,9540
9508,9546
9508,9548
9515,9516
9515,9525
9515,9536
9515,9540
9515,9546
9515,9548
9515,9553
9516,9525
9516,9536
9516,9540
9516,9546
9516,9548
9516,9553
9516,9556
9516,18460
9525,9536
9525,9540
9525,9546
9525,9548
9525,9553
9525,9559
9525,17552
9525,14184
9536,9540
9536,9546
9536,9548
9536,9553
9536,9556
9536,9559
9536,9565
9536,9569
9536,18669
9536,16246
9540,9546
9540,9548
9540,9553
9540,9556
9540,9559
9540,9565
9540,9569
9540,9571
9546,9548
9546,9556
9546,9559
9546,9565
9546,9569
9546,9571
9546,9572
9548,9553
9548,9556
9548,9565
9548,9569
9548,9572
9548,14795
9548,27275
9553,9556
9553,9559
9553,9565
9553,9569
9553,9571
9553,9572
9553,9588
9556,9559
9556,9565
9556,9571
9556,9572
9556,9588
9556,9590
9556,25820
9559,9565
9559,9569
9559,9571
9559,9572
9559,9588
9559,9590
9559,9592
9565,9569
9565,9571
9565,9572
9565,9588
9565,9592
9565,9594
9565,13340
9569,9571
9569,9572
9569,9588
9569,9590
9569,9592
9569,9594
9569,9597
9569,13939
9571,9588
9571,9590
9571,9592
9571,9594
9571,26007
9572,9588
9572,9590
9572,9592
9572,9594
9572,9597
9572,9603
9572,14288
9588,9590
9588,9592
9588,9594
9588,9597
9588,9603
9588,9606
9588,9607
9588,9616
9590,9592
9590,9594
9590,9597
9590,9603
9590,9606
9590,9607
9590,9616
9590,9618
9590,24772
9592,9594
9592,9597
9592,9603
9592,9606
9592,9607
9592,9616
9592,9622
9594,9597
9594,9603
9594,9606
9594,9607
9594,9616
9594,9618
9594,9622
9594,9623
9594,10197
9597,9603
9597,9606
9597,9607
9597,9616
9597,9618
9597,9622
9597,9623
9597,9624
9603,9606
9603,9607
9603,9616
9603,9618
9603,9622
9603,9623
9603,9624
9603,9627
9606,9607
9606,9616
9606,9618
9606,9622
9606,9623
9606,9624
9606,9627
9606,18288
9606,16027
9606,22790
9607,9616
9607,9618
9607,9622
9607,9623
9607,9627
9607,9635
9607,22193
9607,23107
9616,9618
9616,9622
9616,9623
9616,9624
9616,9627
9616,9635
9616,9640
9618,9622
9618,9623
9618,9624
9618,9627
9618,9640
9618,9641
9618,25381
9618,17735
9618,13612
9622,9623
9622,9624
9622,9627
9622,9635
9622,9640
9622,9641
9622,9643
9623,9624
9623,9627
9623,9635
9623,9641
9623,9643
9623,9652
9624,9627
9624,9635
9624,9640
9624,9641
9624,9643
9624,9652
9624,9660
9627,9635
9627,9640
9627,9641
9627,9643
9627,9652
9627,21294
9635,9640
9635,9641
9635,9643
9635,9660
9635,9664
9635,9665
9635,9670
9635,18819
9635,16704
9640,9641
9640,9643
9640,9652
9640,9660
9640,9664
9640,9665
9640,9670
9640,9675
9641,9643
9641,9652
9641,9660
9641,9664
9641,9665
9641,9670
9641,9675
9641,23072
9643,9652
9643,9660
9643,9664
9643,9665
9643,9670
9643,9675
9643,9683
9643,13029
9643,18460
9643,22899
9652,9660
9652,9664
9652,9665
9652,9670
9652,9675
9652,9683
9652,9685
9660,9664
9660,9665
9660,9675
9660,9683
9660,25426
9664,9665
9664,9670
9664,9675
9664,9683
9664,9685
9664,9710
9665,9670
9665,9675
9665,9683
9665,9710
9665,9712
9665,21767
9665,17462
9670,9675
9670,9683
9670,9685
9670,9710
9670,9712
9670,9715
9675,9683
9675,9685
9675,9710
9675,9712
9675,9714
9675,9715
9675,9716
9683,9685
9683,9710
9683,9712
9683,9714
9683,9715
9683,9718
9683,14517
9685,9710
9685,9712
9685,9715
9685,9718
9685,22171
9710,9712
9710,9714
9710,9715
9710,9716
9710,9718
9710,9729
9712,9715
9712,9716
9712,9725
9712,9729
9712,9747
9712,25558
9714,9715
9714,9716
9714,9718
9714,9725
9714,9729
9714,9747
9714,9750
9715,9716
9715,9718
9715,9725
9715,9729
9715,9747
9715,9750
9715,9753
9715,17022
9716,9718
9716,9725
9716,9729
9716,9747
9716,9750
9716,9753
9716,10597
9716,12479
9716,16663
9718,9725
9718,9747
9718,9750
9718,9753
9718,9768
9725,9729
9725,9747
9725,9750
9725,9753
9725,9768
9725,20844
9729,9750
9729,9753
9729,9768
9729,23289
9747,9750
9747,9753
9747,9768
9747,9772
9750,9753
9750,9768
9753,9768
9753,9772
9753,9801
9753,9803
9753,24886
9768,9801
9768,9803
9768,9807
9768,9808
9768,11841
9768,19526
9772,9801
9772,9803
9772,9807
9772,9808
9772,19824
9801,9803
9801,9807
9801,9808
9801,9815
9801,9817
9801,9829
9801,9832
9803,9807
9803,9808
9803,9815
9803,9817
9803,9829
9803,9832
9803,9834
9803,13954
9807,9808
9807,9815
9807,9817
9807,9832
9807,9834
9807,9844
9807,16638
9807,20670
9808,9815
9808,9829
9808,9832
9808,9834
9808,9845
9808,27285
9815,9817
9815,9829
9815,9832
9815,9834
9815,9844
9815,9845
9815,9848
9815,9851
9815,22332
9817,9829
9817,9834
9817,9844
9817,9845
9817,9848
9817,9851
9817,9852
9817,16628
9829,9832
9829,9834
9829,9844
9829,9845
9829,9848
9829,9852
9829,9854
9832,9834
9832,9844
9832,9845
9832,9848
9832,9851
9832,9852
9832,9854
9832,9856
9832,9860
9832,17457
9834,9844
9834,9845
9834,9848
9834,9851
9834,9852
9834,9854
9834,9856
9834,9864
9834,24553
9844,9845
9844,9848
9844,9851
9844,9852
9844,9854
9844,9856
9844,9860
9844,9864
9844,9867
9845,9848
9845,9851
9845,9852
9845,9854
9845,9856
9845,9860
9845,9864
9845,9867
9845,9870
9848,9851
9848,9852
9848,9854
9848,9856
9848,9860
9848,9864
9848,9867
9848,9870
9848,9874
9848,10699
9851,9852
9851,9854
9851,9856
9851,9860
9851,9864
9851,9867
9851,9870
9851,9874
9851,25893
9852,9854
9852,9856
9852,9860
9852,9864
9852,9867
9852,9870
9852,9874
9852,9889
9854,9860
9854,9864
9854,9867
9854,9870
9854,9874
9854,9889
9854,9890
9854,18301
9854,26193
9854,16116
9856,9860
9856,9864
9856,9867
9856,9870
9856,9874
9856,9889
9856,9890
9856,9901
9860,9864
9860,9867
9860,9870
9860,9901
9860,9905
9864,9867
9864,9870
9864,9889
9864,9890
9864,9905
9864,25499
9864,22758
9867,9870
9867,9874
9867,9889
9867,9890
9867,9901
9867,9905
9867,15608
9870,9889
9870,9890
9870,9901
9870,9905
9870,9907
9870,9910
9874,9890
9874,9901
9874,9905
9874,9907
9874,9910
9874,19605
9889,9890
9889,9901
9889,9905
9889,9907
9889,9910
9889,9913
9889,9914
9890,9901
9890,9905
9890,9910
9890,9913
9890,9914
9890,15484
9890,11170
9901,9905
9901,9907
9901,9910
9901,9913
9901,9914
9901,9915
9905,9907
9905,9910
9905,9913
9905,9914
9905,9915
9905,26778
9907,9910
9907,9913
9907,9914
9907,9933
9910,9913
9910,9914
9910,9915
9910,9933
9910,9946
9910,24628
9913,9915
9913,9933
9913,9946
9913,9947
9913,9948
9914,9915
9914,9933
9914,9947
9914,9948
9914,9952
9914,10034
9914,21731
9915,9933
9915,9946
9915,9947
9915,9948
9915,9952
9915,11596
9933,9946
9933,9948
9933,9952
9933,9955
9933,9957
9933,9958
9933,25398
9946,9947
9946,9948
9946,9952
9946,9955
9946,9958
9946,9960
9947,9948
9947,9952
9947,9955
9947,9958
9947,9960
9947,9965
9948,9955
9948,9957
9948,9958
9948,9960
9948,9965
9948,9969
9948,12690
9952,9955
9952,9957
9952,9958
9952,9960
9952,9965
9952,9969
9952,9971
9955,9957
9955,9958
9955,9960
9955,9965
9955,9969
9955,9971
9955,9972
9955,19313
9955,23666
9957,9958
9957,9960
9957,9965
9957,9969
9957,9971
9957,9972
9958,9960
9958,9965
9958,9969
9958,9971
9958,9972
9960,9965
9960,9969
9960,9971
9960,9972
9960,9989
9960,25312
9965,9969
9965,9971
9965,9972
9965,9987
9965,9989
9965,9992
9965,11653
9969,9971
9969,9972
9969,9987
9969,9989
9969,9992
9969,9997
9969,17919
9969,18333
9969,14251
9971,9972
9971,9987
9971,9989
9971,9992
9971,9997
9971,10001
9972,9987
9972,9989
9972,9992
9972,9997
9972,10001
9987,9992
9987,9997
9987,10001
9987,10010
9987,10015
9987,15305
9987,21721
9989,9997
9989,10001
9989,10010
9989,10015
9989,10023
9992,9997
9992,10001
9992,10010
9992,10015
9992,10023
9997,10001
9997,10010
9997,10015
9997,10023
9997,10029
9997,10033
10001,10010
10001,10023
10001,10029
10001,10033
10001,10034
10010,10015
10010,10023
10010,10029
10010,10033
10010,10034
10010,10046
10010,19471
10015,10023
10015,10029
10015,10033
10015,10042
10015,10046
10015,10047
10015,23725
10023,10029
10023,10033
10023,10034
10023,10042
10023,10046
10023,10047
10023,12936
10029,10033
10029,10042
10029,10046
10029,10047
10029,10053
10029,10062
10033,10034
10033,10042
10033,10046
10033,10047
10033,10053
10033,10062
10033,10066
10033,22761
10033,13506
10033,21688
10034,10042
10034,10046
10034,10047
10034,10053
10034,10066
10042,10046
10042,10047
10042,10053
10042,10062
10042,10066
10042,10071
10042,10073
10046,10047
10046,10053
10046,10062
10046,10066
10046,10071
10046,10073
10046,10077
10047,10053
10047,10062
10047,10066
10047,10073
10047,10077
10047,10078
10053,10062
10053,10066
10053,10071
10053,10073
10053,10077
10053,10078
10053,10083
10053,13033
10062,10066
10062,10071
10062,10077
10062,10078
10062,10080
10062,10083
10062,25809
10066,10071
10066,10073
10066,10077
10066,10078
10066,10080
10066,10087
10071,10073
10071,10077
10071,10078
10071,10080
10071,10083
10071,10087
10071,10101
10073,10077
10073,10078
10073,10080
10073,10083
10073,10087
10073,10101
10073,10105
10077,10078
10077,10080
10077,10083
10077,10087
10077,10101
10077,10105
10078,10080
10078,10083
10078,10087
10078,10101
10078,10105
10078,10121
10078,23975
10080,10083
10080,10087
10080,10101
10080,10105
10080,10121
10080,10124
10080,19349
10083,10087
10083,10101
10083,10121
10083,10124
10087,10101
10087,10105
10087,10121
10087,10124
10087,10130
10101,10105
10101,10121
10101,10124
10101,10130
10101,10140
10105,10121
10105,10124
10105,10130
10105,10140
10105,10143
10121,10130
10121,10140
10121,10143
10121,10144
10121,10145
10121,14184
10124,10130
10124,10140
10124,10143
10124,10144
10124,10145
10124,10149
10130,10140
10130,10143
10130,10144
10130,10145
10130,10149
10130,10150
10130,21616
10140,10143
10140,10144
10140,10145
10140,10149
10140,10157
10140,10159
10143,10144
10143,10145
10143,10149
10143,10157
10143,10159
10144,10145
10144,10149
10144,10157
10144,10159
10144,10166
10144,26277
10144,12390
10144,23025
10145,10149
10145,10150
10145,10157
10145,10159
10145,10166
10149,10150
10149,10157
10149,10159
10149,10166
10149,10172
10150,10157
10150,10159
10150,10166
10150,10172
10150,14200
10157,10166
10157,10172
10157,10178
10157,15499
10159,10166
10159,10172
10159,10177
10159,10178
10159,16968
10159,20050
10166,10172
10166,10177
10166,10178
10166,10184
10166,10187
10166,10197
10166,18693
10172,10178
10172,10184
10172,10197
10172,10199
10172,10784
10177,10178
10177,10184
10177,10187
10177,10197
10177,10199
10177,13435
10178,10184
10178,10187
10178,10197
10178,10199
10178,10203
10178,10209
10178,10221
10178,23206
10184,10187
10184,10197
10184,10199
10184,10203
10184,10209
10184,10221
10184,10222
10184,21002
10187,10197
10187,10199
10187,10203
10187,10209
10187,10221
10187,10222
10187,10224
10197,10199
10197,10203
10197,10209
10197,10221
10197,10222
10197,19289
10199,10203
10199,10209
10199,10221
10199,10222
10199,10227
10199,10236
10199,10239
10199,10310
10203,10222
10203,10224
10203,10227
10203,10236
10203,10239
10203,10242
10203,23930
10209,10221
10209,10222
10209,10224
10209,10236
10209,10239
10209,10242
10209,10245
10209,17422
10209,10846
10221,10222
10221,10224
10221,10227
10221,10236
10221,10239
10221,10242
10221,10245
10222,10224
10222,10227
10222,10236
10222,10239
10222,10242
10222,10245
10222,23481
10224,10227
10224,10236
10224,10239
10224,10242
10224,10245
10224,10257
10224,21663
10227,10236
10227,10239
10227,10242
10227,10245
10227,10257
10227,23087
10236,10239
10236,10242
10236,10245
10236,10257
10236,10263
10239,10257
10239,10263
10239,10268
10239,12556
10242,10245
10242,10257
10242,10263
10242,10268
10242,10269
10242,10270
10245,10257
10245,10263
10245,10268
10245,10269
10245,10270
10245,10277
10257,10268
10257,10269
10257,10270
10257,10277
10257,10281
10257,16996
10263,10268
10263,10269
10263,10270
10263,10277
10263,10290
10268,10277
10268,10290
10268,10296
10268,10306
10268,21160
10268,21147
10268,15457
10268,12706
10269,10277
10269,10281
10269,10290
10269,10296
10269,10306
10269,15149
10270,10281
10270,10290
10270,10296
10270,10306
10270,10309
10270,10310
10270,12779
10270,26222
10277,10281
10277,10290
10277,10296
10277,10306
10277,10309
10277,10310
10281,10290
10281,10296
10281,10309
10281,10310
10281,10315
10281,10321
10281,21154
10281,17769
10290,10306
10290,10309
10290,10310
10290,10315
10290,10321
10290,10322
10290,10325
10290,10329
10290,16817
10290,21261
10290,11590
10296,10306
10296,10309
10296,10310
10296,10315
10296,10322
10296,10329
10296,10330
10296,26691
10296,27030
10306,10309
10306,10310
10306,10315
10306,10321
10306,10322
10306,10325
10306,10329
10306,10330
10306,10335
10309,10310
10309,10315
10309,10321
10309,10322
10309,10325
10309,10329
10309,10330
10309,10335
10309,10337
10310,10315
10310,10321
10310,10322
10310,10325
10310,10329
10310,10335
10310,10337
10310,10340
10315,10321
10315,10322
10315,10325
10315,10329
10315,10330
10315,10335
10315,10337
10315,10340
10315,10342
10321,10322
10321,10325
10321,10330
10321,10335
10321,10337
10321,10342
10321,10347
10321,18929
10322,10325
10322,10329
10322,10330
10322,10335
10322,10337
10322,10340
10322,10342
10322,10347
10322,10355
10325,10329
10325,10330
10325,10335
10325,10337
10325,10340
10325,10342
10325,10347
10325,10364
10329,10330
10329,10335
10329,10337
10329,10340
10329,10342
10329,10347
10329,10355
10329,10364
10329,10367
10330,10335
10330,10337
10330,10342
10330,10347
10330,10355
10330,10364
10330,10367
10330,10368
10330,14078
10335,10337
10335,10340
10335,10342
10335,10347
10335,10364
10335,10368
10335,10370
10335,21941
10337,10342
10337,10347
10337,10355
10337,10364
10337,10367
10337,10368
10337,10370
10337,10373
10340,10347
10340,10355
10340,10364
10340,10367
10340,10370
10340,10373
10340,15114
10342,10347
10342,10355
10342,10364
10342,10367
10342,10368
10342,10370
10342,10373
10342,10393
10347,10355
10347,10364
10347,10367
10347,10368
10347,10370
10347,10373
10347,10393
10347,10395
10355,10364
10355,10367
10355,10368
10355,10370
10355,10395
10355,10396
10355,13391
10364,10367
10364,10368
10364,10370
10364,10373
10364,10393
10364,10395
10364,10396
10364,10403
10364,17415
10364,24820
10364,21870
10367,10368
10367,10370
10367,10373
10367,10395
10367,10396
10367,10403
10367,10404
10368,10370
10368,10373
10368,10393
10368,10395
10368,10396
10368,10403
10368,10404
10368,15031
10368,15504
10370,10373
10370,10393
10370,10395
10370,10403
10370,10404
10370,10414
10373,10393
10373,10395
10373,10396
10373,10403
10373,10404
10373,10413
10373,10414
10373,10429
10393,10396
10393,10403
10393,10404
10393,10413
10393,10414
10393,10429
10393,15351
10395,10396
10395,10403
10395,10404
10395,10413
10395,10414
10395,10429
10395,17340
10395,24754
10395,11043
10396,10403
10396,10404
10396,10413
10396,10414
10396,10438
10403,10404
10403,10413
10403,10414
10403,10429
10403,10438
10403,10440
10403,15176
10404,10414
10404,10438
10404,10440
10404,10447
10404,10698
10413,10414
10413,10429
10413,10438
10413,10440
10413,10447
10413,10610
10414,10429
10414,10438
10414,10440
10414,10447
10429,10438
10429,10440
10429,10447
10429,10473
10438,10440
10438,10447
10438,10473
10438,10474
10438,10481
10438,10488
10438,10490
10438,21712
10438,14774
10440,10447
10440,10481
10440,10488
10440,10490
10440,10493
10440,15269
10447,10473
10447,10474
10447,10481
10447,10488
10447,10490
10447,10493
10447,10501
10447,12839
10473,10474
10473,10481
10473,10488
10473,10493
10473,10501
10473,10511
10473,14304
10474,10488
10474,10490
10474,10493
10474,10501
10474,10511
10474,10512
10474,16063
10481,10488
10481,10490
10481,10493
10481,10501
10481,10511
10481,10512
10488,10493
10488,10511
10488,10512
10488,10529
10488,22904
10488,24199
10490,10493
10490,10501
10490,10511
10490,10529
10490,10533
10493,10501
10493,10511
10493,10512
10493,10529
10493,10534
10501,10511
10501,10512
10501,10529
10501,10533
10501,10534
10501,10535
10511,10529
10511,10533
10511,10534
10511,10535
10511,10549
10511,18910
10512,10529
10512,10533
10512,10534
10512,10535
10512,10549
10512,10559
10512,10561
10512,12421
10512,13096
10529,10533
10529,10534
10529,10535
10529,10549
10529,10559
10529,10561
10529,10567
10529,10571
10533,10534
10533,10535
10533,10549
10533,10561
10533,10567
10533,10571
10533,10822
10533,15564
10534,10535
10534,10549
10534,10559
10534,10561
10534,10567
10534,10571
10534,10579
10534,10583
10535,10549
10535,10559
10535,10561
10535,10567
10535,10571
10535,10579
10535,10583
10535,10596
10549,10559
10549,10561
10549,10567
10549,10571
10549,10579
10549,10583
10549,10596
10549,10597
10559,10561
10559,10567
10559,10571
10559,10579
10559,10583
10559,10596
10559,10597
10559,10599
10559,10603
10561,10567
10561,10579
10561,10583
10561,10596
10561,10597
10561,10599
10561,10603
10561,10605
10561,21968
10567,10571
10567,10579
10567,10583
10567,10596
10567,10597
10567,10599
10567,10603
10567,10605
10571,10579
10571,10583
10571,10596
10571,10597
10571,10599
10571,10603
10571,10605
10571,10610
10579,10583
10579,10596
10579,10597
10579,10599
10579,10603
10579,10610
10579,10622
10579,11216
10583,10596
10583,10597
10583,10599
10583,10603
10583,10610
10583,10622
10583,10624
10583,13463
10596,10597
10596,10599
10596,10603
10596,10610
10596,10622
10596,10624
10596,13891
10597,10599
10597,10605
10597,10622
10597,26252
10597,16817
10599,10603
10599,10605
10599,10610
10599,10622
10599,10624
10599,10635
10603,10605
10603,10610
10603,10622
10603,10635
10603,10641
10603,24061
10605,10610
10605,10622
10605,10624
10605,10641
10605,10642
10605,16800
10610,10622
10610,10624
10610,10635
10610,10641
10610,10642
10610,10645
10622,10624
10622,10635
10622,10642
10622,10645
10622,10648
10622,19888
10622,24709
10624,10635
10624,10641
10624,10642
10624,10648
10624,10651
10635,10641
10635,10642
10635,10645
10635,10648
10635,10651
10641,10642
10641,10645
10641,10648
10641,10651
10641,10658
10642,10645
10642,10648
10642,10658
10642,10659
10642,11860
10642,20170
10645,10648
10645,10651
10645,10658
10645,10663
10645,10667
10648,10651
10648,10658
10648,10659
10648,10667
10648,10672
10651,10658
10651,10663
10651,10667
10651,10673
10658,10659
10658,10663
10658,10667
10658,10672
10658,10673
10658,10674
10658,10677
10658,10680
10658,25496
10659,10663
10659,10667
10659,10673
10659,10674
10659,10680
10659,10683
10659,12944
10663,10667
10663,10672
10663,10673
10663,10677
10663,10680
10663,10683
10663,12470
10667,10672
10667,10673
10667,10674
10667,10677
10667,10680
10667,10688
10667,23368
10667,23855
10672,10673
10672,10674
10672,10677
10672,10683
10672,10688
10672,22568
10672,20860
10673,10674
10673,10677
10673,10683
10673,10688
10673,10690
10673,21317
10674,10677
10674,10680
10674,10683
10674,10688
10674,10690
10674,10696
10674,21960
10677,10680
10677,10688
10677,10690
10677,10696
10677,10698
10677,10699
10677,16856
10677,13586
10680,10683
10680,10690
10680,10696
10680,10698
10680,10699
10680,10700
10680,18379
10680,20554
10680,16456
10683,10688
10683,10690
10683,10696
10683,10698
10683,10699
10683,10700
10683,10715
10688,10690
10688,10696
10688,10698
10688,10715
10688,10724
10688,26760
10690,10696
10690,10698
10690,10699
10690,10700
10690,10715
10690,10724
10696,10698
10696,10699
10696,10700
10696,10715
10696,10724
10696,10729
10696,10735
10698,10699
10698,10700
10698,10724
10698,10729
10698,10735
10698,10738
10699,10700
10699,10715
10699,10724
10699,10729
10699,10735
10699,25257
10700,10715
10700,10724
10700,10735
10700,17768
10700,23291
10700,26201
10715,10724
10715,10729
10715,10735
10715,10738
10715,10759
10715,10760
10715,19602
10724,10729
10724,10735
10724,10738
10724,10759
10724,10760
10724,10764
10724,11199
10729,10735
10729,10738
10729,10759
10729,10760
10729,10764
10729,10773
10729,10774
10735,10738
10735,10759
10735,10760
10735,10764
10735,10773
10735,10774
10735,16546
10738,10759
10738,10760
10738,10764
10738,10773
10738,10774
10759,10760
10759,10764
10759,10773
10759,10774
10759,10779
10759,10784
10759,13024
10760,10764
10760,10773
10760,10774
10760,10779
10760,10784
10760,10798
10764,10773
10764,10774
10764,10779
10764,10784
10764,10798
10764,10810
10764,10815
10773,10774
10773,10779
10773,10784
10773,10798
10773,10810
10773,10815
10774,10779
10774,10784
10774,10798
10774,10810
10774,10815
10774,10822
10779,10798
10779,10810
10779,10815
10779,10822
10779,10824
10779,10828
10779,14260
10784,10798
10784,10810
10784,10815
10784,10822
10784,10824
10784,10828
10784,10829
10798,10815
10798,10822
10798,10828
10798,10829
10798,10834
10798,14539
10810,10815
10810,10822
10810,10824
10810,10828
10810,10829
10810,10834
10810,25913
10815,10822
10815,10824
10815,10828
10815,10829
10815,10834
10815,10840
10822,10824
10822,10828
10822,10829
10822,10834
10822,10840
10822,10843
10822,19976
10824,10828
10824,10829
10824,10834
10824,10840
10824,10841
10824,10845
10824,12201
10828,10829
10828,10834
10828,10840
10828,10841
10828,10843
10828,10845
10828,10846
10828,10847
10829,10834
10829,10840
10829,10841
10829,10843
10829,10845
10829,10846
10829,10850
10829,27188
10829,11961
10834,10840
10834,10841
10834,10843
10834,10845
10834,10846
10834,10847
10834,10850
10834,10851
10840,10841
10840,10843
10840,10845
10840,10846
10840,10847
10840,10850
10840,10851
10840,10852
10840,10855
10841,10843
10841,10845
10841,10846
10841,10847
10841,10850
10841,10851
10841,10852
10841,10855
10841,10861
10843,10845
10843,10846
10843,10847
10843,10851
10843,10852
10843,10861
10843,19630
10843,18409
10845,10846
10845,10847
10845,10850
10845,10851
10845,10852
10845,10855
10845,10861
10846,10850
10846,10851
10846,10852
10846,10855
10846,10871
10846,21646
10846,19992
10847,10850
10847,10851
10847,10852
10847,10855
10847,10861
10847,10870
10847,10871
10847,10874
10847,25097
10850,10851
10850,10852
10850,10855
10850,10861
10850,10870
10850,10871
10850,10874
10850,10875
10850,12522
10851,10852
10851,10855
10851,10861
10851,10870
10851,10871
10851,10874
10851,10875
10851,10880
10852,10855
10852,10861
10852,10870
10852,10871
10852,10874
10852,10875
10852,10880
10852,15075
10852,22180
10855,10861
10855,10870
10855,10874
10855,10875
10855,10880
10855,25952
10855,11730
10861,10870
10861,10871
10861,10874
10861,10875
10861,10880
10861,10889
10861,27017
10870,10874
10870,10875
10870,10880
10870,10890
10870,10895
10870,22331
10870,17355
10871,10874
10871,10875
10871,10889
10871,10890
10871,10895
10871,12576
10874,10875
10874,10880
10874,10889
10874,10890
10874,10895
10874,10904
10875,10880
10875,10889
10875,10890
10875,10904
10875,10907
10880,10889
10880,10890
10880,10895
10880,10904
10880,10907
10880,24235
10889,10890
10889,10895
10889,10904
10889,10907
10889,10916
10889,10937
10890,10895
10890,10904
10890,10907
10890,10916
10890,10937
10895,10904
10895,10907
10895,10916
10895,10937
10895,10946
10904,10907
10904,10916
10904,10937
10904,10946
10907,10916
10907,10937
10907,10946
10907,10950
10907,10960
10907,24502
10916,10946
10916,10950
10916,10960
10916,20050
10937,10946
10937,10950
10937,10960
10937,10975
10937,25106
10946,10950
10946,10960
10946,10970
10946,10975
10950,10960
10950,10970
10950,10975
10950,10979
10950,22761
10960,10970
10960,10975
10960,10979
10970,10975
10970,10979
10970,10982
10970,10988
10970,10990
10970,19471
10975,10982
10975,10983
10975,10990
10975,10992
10975,19959
10975,12839
10975,14941
10979,10982
10979,10983
10979,10988
10979,10990
10979,10992
10979,11004
10979,17194
10979,18894
10982,10988
10982,10990
10982,10992
10982,11004
10982,11011
10982,13927
10983,10988
10983,10990
10983,10992
10983,11004
10983,11011
10983,11014
10983,18337
10988,10990
10988,10992
10988,11004
10988,11011
10988,11014
10990,10992
10990,11011
10990,11014
10992,11004
10992,11014
10992,11019
10992,11021
11004,11011
11004,11014
11004,11019
11004,11021
11004,11024
11004,20279
11004,14106
11004,14184
11011,11014
11011,11019
11011,11021
11011,11024
11011,11027
11011,11039
11011,11041
11014,11019
11014,11021
11014,11024
11014,11027
11014,11039
11014,11041
11014,11043
11019,11021
11019,11024
11019,11027
11019,11039
11019,11041
11019,11043
11019,11044
11019,11047
11019,19227
11021,11024
11021,11027
11021,11043
11021,11044
11021,11047
11021,11050
11021,11444
11024,11041
11024,11043
11024,11044
11024,11053
11024,21810
11024,21308
11027,11039
11027,11041
11027,11044
11027,11047
11027,11050
11027,11053
11027,19824
11039,11041
11039,11043
11039,11044
11039,11050
11039,11053
11039,11060
11039,12743
11041,11043
11041,11044
11041,11047
11041,11050
11041,11053
11041,11058
11041,11060
11043,11044
11043,11050
11043,11053
11043,11058
11043,11060
11043,11064
11043,19272
11043,11445
11044,11047
11044,11053
11044,11058
11044,11060
11044,21965
11047,11050
11047,11053
11047,11058
11047,11060
11047,11064
11047,11066
11047,19120
11050,11053
11050,11058
11050,11060
11050,11064
11050,11066
11050,11067
11050,16275
11050,22384
11053,11060
11053,11064
11053,11066
11053,11067
11053,11073
11053,26797
11053,21753
11058,11060
11058,11064
11058,11067
11058,11092
11058,11099
11060,11064
11060,11066
11060,11067
11060,11073
11060,11092
11060,11106
11060,26985
11064,11066
11064,11067
11064,11073
11064,11092
11064,11099
11064,11106
11064,11107
11064,11112
11064,20054
11066,11067
11066,11073
11066,11099
11066,11106
11066,11107
11066,11112
11066,11114
11067,11073
11067,11092
11067,11099
11067,11106
11067,11107
11067,11112
11067,11114
11067,11130
11073,11099
11073,11106
11073,11107
11073,11112
11073,11114
11073,11130
11073,19540
11073,17630
11092,11107
11092,11112
11092,11114
11092,11130
11099,11106
11099,11112
11099,11114
11099,11130
11099,11145
11099,20954
11106,11107
11106,11112
11106,11114
11106,11130
11106,11145
11107,11112
11107,11114
11107,11130
11107,11145
11107,11150
11107,11151
11112,11114
11112,11130
11112,11145
11112,11150
11112,11151
11112,23236
11114,11130
11114,11145
11114,11150
11114,11153
11114,11154
11114,15257
11114,15590
11114,12048
11130,11145
11130,11150
11130,11151
11130,11153
11130,11154
11130,11155
11145,11150
11145,11151
11145,11153
11145,11154
11145,11155
11145,11165
11145,11167
11145,11169
11150,11151
11150,11153
11150,11155
11150,11165
11150,11167
11150,11169
11150,11170
11150,26656
11151,11153
11151,11154
11151,11155
11151,11165
11151,11167
11151,11169
11151,11170
11151,11176
11151,23087
11153,11154
11153,11165
11153,11167
11153,11169
11153,11170
11153,11176
11153,11177
11153,23718
11153,27243
11153,22164
11153,21919
11154,11155
11154,11165
11154,11167
11154,11169
11154,11170
11154,11176
11154,11177
11154,11184
11154,11185
11154,27316
11155,11165
11155,11167
11155,11169
11155,11170
11155,11176
11155,11177
11155,11184
11155,11185
11165,11169
11165,11170
11165,11176
11165,11177
11165,11185
11167,11169
11167,11170
11167,11176
11167,11177
11167,11184
11167,11185
11167,11196
11167,17443
11167,12008
11169,11176
11169,11177
11169,11184
11169,11185
11169,11196
11169,11199
11170,11176
11170,11177
11170,11184
11170,11185
11170,11196
11170,11199
11176,11177
11176,11184
11176,11185
11176,11196
11176,11199
11177,11185
11177,11196
11177,11199
11177,11210
11177,15484
11184,11185
11184,11196
11184,11199
11184,11210
11184,11214
11184,13623
11185,11199
11185,11210
11185,11214
11185,11216
11185,18294
11196,11199
11196,11214
11196,11216
11196,11222
11196,11225
11196,11226
11196,17048
11199,11210
11199,11214
11199,11216
11199,11222
11199,11225
11199,11227
11199,27325
11199,17787
11210,11216
11210,11222
11210,11225
11210,11226
11210,11227
11210,11228
11210,11230
11210,11231
11214,11216
11214,11222
11214,11226
11214,11227
11214,11228
11214,11230
11214,11231
11214,11233
11214,13945
11216,11222
11216,11225
11216,11227
11216,11228
11216,11230
11216,11231
11216,11233
11216,11236
11222,11225
11222,11226
11222,11227
11222,11228
11222,11230
11222,11231
11222,11233
11222,11236
11222,11245
11225,11226
11225,11227
11225,11228
11225,11230
11225,11231
11225,11236
11225,11245
11225,11246
11225,12289
11226,11227
11226,11228
11226,11230
11226,11231
11226,11233
11226,11236
11226,11245
11226,11246
11226,11247
11226,12127
11226,17231
11227,11230
11227,11231
11227,11233
11227,11236
11227,11245
11227,11246
11227,11247
11227,11248
11227,14331
11228,11230
11228,11231
11228,11233
11228,11236
11228,11245
11228,11246
11228,11247
11228,11248
11228,26201
11230,11231
11230,11233
11230,11236
11230,11246
11230,11247
11230,11248
11230,11255
11230,18170
11231,11233
11231,11236
11231,11245
11231,11246
11231,11247
11231,11255
11231,11257
11231,13580
11233,11236
11233,11245
11233,11246
11233,11247
11233,11248
11233,11255
11233,11257
11233,11260
11236,11245
11236,11246
11236,11248
11236,11255
11236,11257
11236,11260
11236,11263
11245,11248
11245,11255
11245,11257
11245,11260
11245,11263
11245,11270
11245,27238
11246,11247
11246,11248
11246,11255
11246,11257
11246,11260
11246,11263
11246,11270
11246,11273
11246,12376
11247,11248
11247,11255
11247,11257
11247,11263
11247,11270
11247,11273
11247,11277
11247,17515
11248,11255
11248,11257
11248,11260
11248,11263
11248,11270
11248,11273
11248,11277
11248,20738
11255,11257
11255,11260
11255,11263
11255,11270
11255,11273
11255,11277
11255,11300
11257,11260
11257,11263
11257,11270
11257,11273
11257,11277
11257,11300
11260,11263
11260,11270
11260,11273
11260,11277
11260,11300
11260,17938
11263,11270
11263,11273
11263,11300
11263,11311
11270,11273
11270,11277
11270,11300
11270,11311
11270,19765
11270,24554
11273,11277
11273,11311
11273,11316
11273,24607
11277,11300
11277,11311
11277,11316
11277,11318
11277,12839
11300,11311
11300,11316
11300,11318
11300,11320
11300,11324
11311,11316
11311,11320
11311,11324
11311,11333
11311,11340
11311,19890
11311,17940
11316,11318
11316,11324
11316,11333
11316,11340
11316,11345
11318,11320
11318,11324
11318,11333
11318,11340
11318,11345
11318,11352
11318,17594
11320,11324
11320,11333
11320,11340
11320,11345
11320,11352
11320,26287
11324,11345
11324,11352
11324,13623
11324,16676
11333,11340
11333,11345
11333,11352
11333,11362
11340,11345
11340,11352
11340,11362
11340,11364
11340,26875
11345,11352
11345,11362
11345,11364
11345,11372
11352,11362
11352,11364
11352,11372
11352,11386
11352,21705
11362,11372
11362,11386
11362,11389
11362,11407
11362,22331
11364,11372
11364,11386
11364,11389
11364,11394
11364,11407
11372,11386
11372,11389
11372,11394
11372,11407
11372,11418
11372,11431
11386,11389
11386,11394
11386,11407
11386,11418
11386,11431
11386,11432
11386,15608
11389,11394
11389,11407
11389,11418
11389,11431
11389,11433
11394,11407
11394,11418
11394,11431
11394,11432
11394,11433
11394,11438
11407,11418
11407,11431
11407,11432
11407,11433
11407,11438
11407,11442
11407,11444
11407,12580
11418,11431
11418,11432
11418,11433
11418,11438
11418,11442
11418,11444
11418,11447
11418,16339
11431,11432
11431,11433
11431,11442
11431,11444
11431,11445
11431,11447
11431,11450
11431,17552
11431,14521
11432,11433
11432,11438
11432,11442
11432,11444
11432,11445
11432,11447
11432,11450
11433,11438
11433,11442
11433,11444
11433,11445
11433,11447
11433,11450
11433,11457
11438,11442
11438,11444
11438,11445
11438,11450
11438,11457
11438,11459
11442,11444
11442,11445
11442,11447
11442,11450
11442,11457
11442,11459
11442,11465
11442,12499
11444,11445
11444,11447
11444,11450
11444,11457
11444,11459
11444,11465
11444,23167
11445,11447
11445,11450
11445,11459
11445,11465
11447,11450
11447,11457
11447,11459
11447,11483
11450,11459
11450,11483
11450,16046
11450,13623
11450,18567
11457,11459
11457,11465
11457,11483
11457,11494
11457,11496
11457,22809
11459,11465
11459,11483
11459,11494
11459,11496
11459,18253
11459,14587
11465,11483
11465,11494
11465,11497
11465,13577
11465,24886
11465,16485
11483,11494
11483,11496
11483,11513
11483,11515
11483,11521
11483,12964
11494,11496
11494,11513
11494,11515
11494,11521
11494,13891
11496,11497
11496,11513
11496,11515
11496,11521
11497,11515
11497,11521
11497,11530
11513,11515
11513,11521
11513,11530
11513,11539
11515,11521
11515,11530
11515,11539
11515,11540
11521,11539
11521,11540
11521,11675
11521,21345
11521,14389
11530,11539
11530,11540
11530,11546
11530,11555
11530,11556
11530,11557
11530,11558
11530,27316
11530,21961
11539,11540
11539,11546
11539,11556
11539,11557
11539,11567
11539,11570
11539,11578
11540,11546
11540,11555
11540,11556
11540,11557
11540,11558
11540,11567
11540,11570
11540,11578
11540,11583
11540,18702
11546,11555
11546,11556
11546,11557
11546,11558
11546,11567
11546,11570
11546,11583
11546,11589
11546,25310
11555,11556
11555,11558
11555,11567
11555,11570
11555,11578
11555,11583
11555,11589
11555,11590
11555,21919
11555,24047
11556,11557
11556,11558
11556,11567
11556,11570
11556,11578
11556,11589
11556,11590
11556,18070
11557,11558
11557,11567
11557,11570
11557,11578
11557,11583
11557,11589
11557,11590
11557,11592
11558,11567
11558,11570
11558,11583
11558,11589
11558,11590
11558,11592
11558,11593
11558,12767
11567,11570
11567,11578
11567,11583
11567,11589
11567,11590
11567,11592
11567,11593
11567,11596
11567,23288
11570,11578
11570,11583
11570,11589
11570,11590
11570,11592
11570,11596
11570,11598
11570,14748
11578,11583
11578,11589
11578,11590
11578,11592
11578,11593
11578,11596
11578,11598
11578,11600
11583,11589
11583,11590
11583,11592
11583,11593
11583,11596
11583,11598
11583,11600
11583,11601
11589,11590
11589,11592
11589,11593
11589,11596
11589,11598
11589,11600
11589,11601
11589,11603
11590,11593
11590,11596
11590,11598
11590,11600
11590,11603
11590,11605
11590,20619
11590,13178
11592,11596
11592,11598
11592,11600
11592,11601
11592,11603
11592,11605
11592,11617
11592,11620
11593,11596
11593,11598
11593,11601
11593,11603
11593,11605
11593,11617
11593,11620
11593,11621
11596,11598
11596,11600
11596,11601
11596,11605
11596,11617
11596,11620
11596,11621
11596,22569
11596,26958
11596,19756
11596,17588
11598,11600
11598,11601
11598,11603
11598,11605
11598,11617
11598,11620
11598,11621
11598,11628
11598,22805
11600,11601
11600,11603
11600,11605
11600,11617
11600,11621
11600,11638
11600,12754
11600,27101
11601,11603
11601,11605
11601,11617
11601,11620
11601,11621
11601,11628
11601,11638
11601,11642
11603,11605
11603,11617
11603,11620
11603,11621
11603,11628
11603,11638
11603,11642
11605,11617
11605,11620
11605,11621
11605,11628
11605,11638
11605,11642
11605,11649
11617,11620
11617,11621
11617,11628
11617,11638
11617,11649
11617,12810
11617,19946
11620,11621
11620,11628
11620,11638
11620,11642
11620,11653
11620,21802
11620,14114
11621,11628
11621,11638
11621,11642
11621,11649
11621,11652
11621,11653
11621,11654
11628,11638
11628,11642
11628,11649
11628,11652
11628,11653
11628,11654
11628,22579
11638,11642
11638,11649
11638,11652
11638,11653
11638,11654
11638,11669
11642,11649
11642,11652
11642,11653
11642,11669
11642,11675
11642,18350
11642,24355
11642,27025
11649,11652
11649,11653
11649,11654
11649,11669
11649,11675
11649,11681
11652,11653
11652,11654
11652,11669
11652,11675
11652,11681
11652,11684
11653,11654
11653,11669
11653,11681
11653,11684
11653,15772
11654,11669
11654,11675
11654,11681
11654,11684
11654,11688
11669,11675
11669,11681
11669,11684
11669,11688
11669,11694
11669,24553
11675,11681
11675,11684
11675,11688
11675,11694
11675,11696
11681,11684
11681,11688
11681,11694
11681,11696
11681,11700
11681,11702
11684,11694
11684,11696
11684,11700
11684,11702
11684,11703
11684,18938
11688,11694
11688,11696
11688,11700
11688,11702
11688,11703
11688,11708
11688,11709
11694,11696
11694,11700
11694,11702
11694,11703
11694,11708
11694,11709
11694,11710
11694,11711
11694,13622
11696,11700
11696,11702
11696,11703
11696,11708
11696,11709
11696,11710
11696,11711
11696,11713
11696,12458
11696,21350
11700,11702
11700,11703
11700,11708
11700,11709
11700,11710
11700,11711
11700,11713
11700,11716
11702,11703
11702,11708
11702,11709
11702,11711
11702,11716
11702,22899
11703,11709
11703,11710
11703,11711
11703,11713
11703,11716
11703,11722
11703,27253
11703,16137
11708,11709
11708,11710
11708,11711
11708,11713
11708,11722
11708,11724
11708,26045
11709,11710
11709,11711
11709,11713
11709,11716
11709,11722
11709,11724
11709,11726
11710,11711
11710,11713
11710,11716
11710,11722
11710,11726
11711,11713
11711,11716
11711,11722
11711,11724
11711,11726
11711,11730
11711,11731
11711,17650
11713,11716
11713,11722
11713,11724
11713,11726
11713,11730
11713,11731
11713,11733
11716,11722
11716,11724
11716,11726
11716,11730
11716,11731
11716,11733
11716,11740
11716,20008
11722,11724
11722,11726
11722,11730
11722,11731
11722,11733
11722,11740
11722,11741
11722,11742
11724,11726
11724,11730
11724,11731
11724,11733
11724,11740
11724,11742
11724,11743
11726,11730
11726,11741
11726,11742
11726,11743
11726,11744
11726,17148
11726,22521
11730,11731
11730,11733
11730,11740
11730,11741
11730,11742
11730,11743
11730,11745
11730,25784
11731,11733
11731,11740
11731,11741
11731,11743
11731,11744
11731,11745
11731,11749
11731,14539
11733,11740
11733,11741
11733,11742
11733,11743
11733,11744
11733,11745
11733,11749
11733,17768
11740,11741
11740,11742
11740,11743
11740,11744
11740,11745
11740,11749
11740,21712
11741,11742
11741,11743
11741,11744
11741,11745
11741,11749
11741,11759
11742,11743
11742,11744
11742,11745
11742,11749
11742,11759
11743,11744
11743,11745
11743,11749
11743,11759
11743,15103
11744,11745
11744,11749
11744,11759
11744,11767
11745,11749
11745,11759
11745,11767
11745,24999
11749,11759
11749,11767
11749,11787
11749,20191
11749,13246
11759,11767
11759,11788
11759,11797
11759,11801
11767,11787
11767,11788
11767,11797
11767,11801
11767,11802
11767,11810
11787,11788
11787,11797
11787,11801
11787,11802
11787,11810
11787,11823
11787,11829
11788,11797
11788,11801
11788,11802
11788,11810
11788,11823
11788,11829
11788,11831
11797,11801
11797,11802
11797,11823
11797,11829
11797,11831
11797,16916
11801,11802
11801,11810
11801,11823
11801,11829
11801,11831
11801,11841
11801,11844
11801,11845
11801,20832
11801,20045
11802,11810
11802,11823
11802,11829
11802,11831
11802,11841
11802,11844
11802,11845
11810,11829
11810,11831
11810,11841
11810,11844
11810,11845
11810,11850
11823,11829
11823,11841
11823,11844
11823,11845
11823,11850
11823,11854
11823,11858
11823,22254
11823,12301
11829,11831
11829,11841
11829,11844
11829,11845
11829,11850
11829,11860
11829,23881
11831,11841
11831,11844
11831,11845
11831,11850
11831,11854
11831,11858
11831,11860
11831,11864
11841,11844
11841,11850
11841,11854
11841,11858
11841,11864
11841,26503
11844,11845
11844,11854
11844,11858
11844,11860
11844,11864
11844,11869
11845,11850
11845,11854
11845,11858
11845,11860
11845,11864
11845,11875
11850,11854
11850,11858
11850,11869
11850,11875
11850,11880
11850,22664
11850,23511
11850,15592
11854,11858
11854,11860
11854,11864
11854,11869
11854,11875
11854,11880
11854,11882
11854,21625
11858,11860
11858,11864
11858,11869
11858,11875
11858,11880
11858,11882
11858,11884
11858,13892
11860,11864
11860,11869
11860,11875
11860,11880
11860,11884
11860,11886
11864,11869
11864,11880
11864,11882
11864,11884
11864,11886
11864,11890
11869,11875
11869,11880
11869,11882
11869,11884
11869,11890
11869,11892
11869,18960
11869,15425
11875,11880
11875,11882
11875,11884
11875,11886
11875,11890
11875,11892
11875,11893
11875,11896
11875,19972
11880,11882
11880,11884
11880,11886
11880,11890
11880,11892
11880,11893
11880,11896
11880,11901
11880,23160
11882,11884
11882,11886
11882,11892
11882,11893
11882,11896
11882,11901
11882,11904
11882,12126
11884,11886
11884,11890
11884,11892
11884,11893
11884,11896
11884,11904
11884,11909
11884,23859
11884,21750
11886,11890
11886,11892
11886,11893
11886,11896
11886,11901
11886,11909
11890,11892
11890,11893
11890,11896
11890,11901
11890,11909
11890,11913
11890,11914
11892,11893
11892,11896
11892,11901
11892,11904
11892,11909
11892,11914
11892,11925
11892,18372
11893,11896
11893,11904
11893,11909
11893,11913
11893,11914
11893,11925
11893,20361
11893,26152
11896,11901
11896,11904
11896,11909
11896,11914
11896,11925
11896,11932
11901,11904
11901,11909
11901,11913
11901,11914
11901,11925
11901,11932
11901,20014
11904,11909
11904,11913
11904,11914
11904,11925
11904,11932
11904,11933
11904,25265
11904,24955
11909,11913
11909,11925
11909,11932
11909,11936
11909,18651
11909,26365
11913,11914
11913,11925
11913,11932
11913,11936
11913,11937
11913,14032
11914,11925
11914,11932
11914,11933
11914,11936
11914,11937
11914,11950
11925,11932
11925,11933
11925,11936
11925,11937
11925,11950
11925,11953
11932,11933
11932,11936
11932,11937
11932,11953
11932,11957
11932,11959
11932,24868
11933,11936
11933,11937
11933,11950
11933,11953
11933,11957
11933,11959
11933,11961
11936,11937
11936,11953
11936,11957
11936,11959
11936,11961
11936,11962
11936,22331
11936,13352
11937,11950
11937,11953
11937,11957
11937,11959
11937,11961
11937,11962
11937,11963
11950,11953
11950,11959
11950,11961
11950,11962
11950,11963
11950,11964
11950,11965
11950,11975
11953,11957
11953,11959
11953,11961
11953,11962
11953,11963
11953,11964
11953,11965
11953,11975
11957,11959
11957,11961
11957,11962
11957,11963
11957,11964
11957,11965
11957,11975
11957,11976
11957,11987
11959,11961
11959,11962
11959,11963
11959,11964
11959,11965
11959,11975
11959,11976
11959,11987
11961,11962
11961,11963
11961,11964
11961,11965
11961,11975
11961,11976
11961,11987
11962,11963
11962,11964
11962,11965
11962,11975
11962,11976
11962,11987
11962,11991
11963,11964
11963,11965
11963,11975
11963,11976
11963,11987
11963,11991
11964,11965
11964,11975
11964,11976
11964,11987
11964,11991
11964,11994
11965,11975
11965,11976
11965,11987
11965,11991
11965,11994
11965,11997
11965,15301
11975,11976
11975,11987
11975,11994
11975,15551
11976,11991
11976,11994
11976,11997
11976,12001
11976,14806
11976,14485
11976,14587
11987,11991
11987,11994
11987,11997
11987,12001
11991,11994
11991,11997
11991,12001
11991,12012
11991,14532
11994,11997
11994,12001
11994,12008
11994,12021
11994,13401
11994,19307
11997,12001
11997,12008
11997,12012
11997,12021
11997,12024
11997,12025
12001,12008
12001,12012
12001,12021
12001,12025
12001,26813
12001,25883
12008,12012
12008,12021
12008,12024
12008,12025
12008,12036
12008,12038
12008,12048
12008,12051
12012,12021
12012,12024
12012,12025
12012,12036
12012,12038
12012,12048
12012,12051
12021,12024
12021,12025
12021,12036
12021,12038
12021,12048
12021,12051
12021,12060
12024,12025
12024,12036
12024,12038
12024,12048
12024,12051
12024,12060
12024,16800
12025,12036
12025,12038
12025,12048
12025,12051
12025,12060
12025,19561
12036,12038
12036,12048
12036,12051
12036,12067
12036,12069
12036,12074
12038,12048
12038,12051
12038,12060
12038,12067
12038,12069
12038,12074
12038,12076
12038,26371
12048,12051
12048,12069
12048,12076
12048,12080
12048,19869
12048,24376
12048,16017
12048,15032
12048,15915
12051,12060
12051,12067
12051,12069
12051,12074
12051,12076
12051,12080
12060,12067
12060,12069
12060,12074
12060,12076
12060,12080
12060,12103
12067,12069
12067,12074
12067,12076
12067,21853
12069,12074
12069,12076
12069,12080
12074,12076
12074,12080
12074,12103
12074,12124
12076,12080
12076,12103
12076,12124
12076,12126
12080,12103
12080,12124
12080,12126
12080,12127
12103,12124
12103,12126
12103,12127
12103,12135
12103,12137
12103,12139
12103,18089
12124,12127
12124,12135
12124,12137
12124,12139
12124,12149
12124,20657
12124,25451
12126,12127
12126,12135
12126,12137
12126,12139
12126,12149
12126,12158
12127,12137
12127,12139
12127,12149
12127,12158
12127,12166
12135,12137
12135,12139
12135,12149
12135,12158
12135,12166
12135,12167
12135,19069
12137,12139
12137,12149
12137,12158
12137,12166
12137,12167
12137,12171
12137,26791
12139,12149
12139,12158
12139,12166
12139,12167
12139,12171
12139,12179
12139,15014
12149,12158
12149,12166
12149,12167
12149,12171
12149,12179
12149,23864
12158,12166
12158,12167
12158,12171
12158,12179
12158,12180
12158,12183
12158,12187
12166,12167
12166,12171
12166,12179
12166,12180
12166,12183
12166,12187
12167,12171
12167,12179
12167,12180
12167,12183
12167,12187
12167,12201
12171,12180
12171,12183
12171,12187
12171,12201
12171,12208
12171,25700
12179,12180
12179,12183
12179,12187
12179,12201
12179,12208
12179,22754
12179,25711
12180,12183
12180,12187
12180,12201
12180,12208
12180,12211
12180,14994
12183,12187
12183,12208
12183,12211
12183,12224
12183,13494
12183,25077
12187,12201
12187,12208
12187,12211
12187,12224
12187,12227
12201,12208
12201,12211
12201,12224
12201,12227
12201,12231
12201,12232
12201,22598
12208,12211
12208,12224
12208,12227
12208,12231
12208,12232
12208,12234
12211,12224
12211,12232
12211,12234
12211,12243
12211,23952
12224,12227
12224,12231
12224,12232
12224,12243
12224,12257
12224,12260
12224,22808
12227,12231
12227,12232
12227,12234
12227,12243
12227,12257
12227,22919
12231,12232
12231,12234
12231,12243
12231,12257
12231,12260
12231,12268
12231,19742
12232,12234
12232,12243
12232,12257
12232,12260
12232,12268
12232,12281
12234,12243
12234,12257
12234,12260
12234,12268
12234,12281
12234,12282
12234,12984
12243,12257
12243,12268
12243,12281
12243,12282
12243,12284
12243,12289
12243,20635
12257,12260
12257,12268
12257,12281
12257,12282
12257,12284
12257,12289
12257,12290
12260,12268
12260,12281
12260,12282
12260,12290
12260,25840
12260,22008
12260,20003
12268,12281
12268,12282
12268,12284
12268,12289
12268,12290
12268,12294
12268,12297
12281,12282
12281,12284
12281,12289
12281,12290
12281,12294
12281,12297
12281,12301
12282,12284
12282,12289
12282,12290
12282,12294
12282,12297
12282,12301
12284,12289
12284,12290
12284,12294
12284,12297
12284,12301
12284,12312
12284,24428
12284,16628
12289,12294
12289,12297
12289,12301
12289,12315
12289,26034
12290,12294
12290,12297
12290,12301
12290,12312
12290,12315
12290,12318
12290,24671
12294,12297
12294,12301
12294,12312
12294,12315
12294,12318
12294,12326
12294,12327
12294,20764
12297,12301
12297,12312
12297,12315
12297,12318
12297,12326
12297,12327
12301,12312
12301,12315
12301,12326
12301,12327
12301,12336
12301,21576
12312,12315
12312,12318
12312,12326
12312,12327
12312,12337
12312,12346
12315,12318
12315,12326
12315,12327
12315,12336
12315,12337
12315,12346
12315,20288
12318,12326
12318,12327
12318,12336
12318,12337
12318,12346
12318,12347
12318,12349
12318,15124
12326,12327
12326,12336
12326,12337
12326,12346
12326,12347
12326,12349
12326,12362
12327,12336
12327,12337
12327,12346
12327,12362
12327,12367
12327,16613
12327,20510
12336,12337
12336,12346
12336,12347
12336,12349
12336,12362
12336,12367
12336,12372
12336,12375
12337,12346
12337,12347
12337,12349
12337,12362
12337,12367
12337,12372
12337,12376
12337,13528
12337,15026
12337,14850
12346,12347
12346,12349
12346,12362
12346,12367
12346,12372
12346,12375
12346,12376
12346,12378
12346,26497
12347,12349
12347,12362
12347,12367
12347,12372
12347,12376
12347,12378
12347,12384
12347,19144
12347,12741
12349,12362
12349,12367
12349,12372
12349,12375
12349,12376
12349,12378
12349,12384
12349,12390
12362,12367
12362,12375
12362,12376
12362,12378
12362,12384
12362,12390
12362,12393
12362,12401
12362,15387
12367,12372
12367,12375
12367,12376
12367,12378
12367,12384
12367,12390
12367,12401
12367,12404
12367,15857
12372,12375
12372,12376
12372,12378
12372,12384
12372,12390
12372,12393
12372,12401
12372,12404
12372,18522
12375,12376
12375,12378
12375,12384
12375,12390
12375,12393
12375,12401
12375,12404
12375,12408
12376,12384
12376,12390
12376,12393
12376,12401
12376,12404
12376,12408
12376,12418
12378,12384
12378,12390
12378,12401
12378,12404
12378,12408
12378,12418
12378,12421
12378,16436
12384,12390
12384,12393
12384,12401
12384,12404
12384,12408
12384,12418
12384,12421
12384,12429
12390,12393
12390,12401
12390,12404
12390,12408
12390,12418
12390,12421
12390,12429
12393,12401
12393,12404
12393,12418
12393,12421
12393,12429
12393,21120
12393,26039
12401,12404
12401,12408
12401,12418
12401,12421
12401,12429
12404,12408
12404,12421
12404,12429
12404,12453
12404,25381
12408,12418
12408,12421
12408,12429
12408,12453
12408,21482
12418,12421
12418,12429
12418,12453
12418,12457
12418,12458
12421,12429
12421,12457
12421,12458
12421,12460
12421,14606
12429,12453
12429,12457
12429,12458
12429,12460
12429,12463
12429,24323
12453,12458
12453,12460
12453,12467
12453,12470
12453,12477
12453,12478
12453,21705
12457,12458
12457,12460
12457,12467
12457,12470
12457,12477
12457,12478
12457,12479
12457,12481
12457,25723
12457,18241
12458,12460
12458,12470
12458,12477
12458,12478
12458,12479
12458,12481
12458,12484
12458,25796
12458,24770
12460,12463
12460,12467
12460,12470
12460,12479
12460,12481
12460,12484
12463,12467
12463,12470
12463,12477
12463,12478
12463,12479
12463,12481
12463,12484
12467,12470
12467,12477
12467,12478
12467,12479
12467,12481
12467,12484
12467,12495
12470,12477
12470,12478
12470,12479
12470,12481
12470,12484
12470,12495
12470,12497
12470,14509
12477,12478
12477,12479
12477,12481
12477,12484
12477,12495
12477,12497
12477,12499
12478,12479
12478,12481
12478,12484
12478,12495
12478,12497
12478,12500
12479,12481
12479,12484
12479,12495
12479,12497
12479,12500
12479,12501
12479,25749
12481,12484
12481,12495
12481,12497
12481,12499
12481,12504
12481,17355
12484,12495
12484,12497
12484,12499
12484,12500
12484,12501
12484,12504
12495,12497
12495,12499
12495,12500
12495,12501
12495,12504
12495,12522
12497,12499
12497,12500
12497,12501
12497,12504
12497,12522
12497,12523
12497,12530
12499,12500
12499,12501
12499,12504
12499,12522
12499,12530
12499,12533
12500,12501
12500,12504
12500,12522
12500,12523
12500,12530
12500,12533
12500,12534
12501,12504
12501,12522
12501,12530
12501,12533
12501,12534
12501,12536
12501,26090
12501,21782
12501,23530
12504,12522
12504,12533
12504,12534
12504,12536
12522,12523
12522,12533
12522,12546
12522,16763
12522,21342
12523,12530
12523,12533
12523,12534
12523,12536
12523,12544
12523,12546
12530,12533
12530,12534
12530,12536
12530,12544
12530,12546
12530,12552
12533,12534
12533,12536
12533,12544
12533,12546
12533,12552
12533,12556
12534,12536
12534,12544
12534,12546
12534,12552
12534,12556
12536,12544
12536,12546
12536,12552
12536,12556
12544,12552
12544,12574
12544,25683
12544,15271
12546,12552
12546,12556
12546,12574
12546,12576
12552,12574
12552,12576
12552,12580
12552,24248
12556,12574
12556,12576
12556,12584
12556,12587
12556,17053
12574,12576
12574,12580
12574,12584
12574,12587
12574,12591
12574,12594
12574,12610
12574,25773
12574,22122
12576,12580
12576,12584
12576,12587
12576,12591
12576,12594
12576,12610
12576,12612
12576,21767
12580,12584
12580,12587
12580,12591
12580,12594
12580,12610
12580,12612
12580,12613
12584,12587
12584,12594
12584,12610
12584,12612
12584,12613
12584,12614
12584,21061
12584,27339
12587,12594
12587,12610
12587,12612
12587,12614
12587,12618
12587,12623
12591,12594
12591,12610
12591,12612
12591,12613
12591,12614
12591,12618
12591,12623
12591,12624
12594,12610
12594,12613
12594,12614
12594,12618
12594,12623
12594,12624
12594,27425
12594,14038
12610,12612
12610,12613
12610,12614
12610,12618
12610,12623
12610,12624
12610,12643
12610,12647
12612,12613
12612,12614
12612,12623
12612,12643
12612,12647
12612,24202
12612,24105
12613,12614
12613,12618
12613,12623
12613,12624
12613,12643
12613,12652
12614,12618
12614,12623
12614,12624
12614,12647
12614,12652
12614,12655
12614,15371
12618,12623
12618,12624
12618,12643
12618,12647
12618,12652
12618,12655
12618,12657
12623,12624
12623,12643
12623,12647
12623,12652
12623,12655
12623,12657
12624,12643
12624,12647
12624,12652
12624,12655
12624,12657
12643,12652
12643,12655
12643,12675
12647,12652
12647,12655
12647,12657
12647,12675
12647,12690
12647,16516
12652,12655
12652,12657
12652,12675
12652,12690
12652,24789
12655,12657
12655,12675
12655,12690
12655,12701
12655,26616
12655,15754
12657,12675
12657,12690
12657,12697
12657,12701
12657,12706
12657,20688
12675,12690
12675,12697
12675,12701
12675,12706
12675,12721
12675,25989
12675,13057
12690,12697
12690,12701
12690,12706
12690,12719
12690,12720
12690,12721
12690,12722
12690,19611
12697,12701
12697,12706
12697,12719
12697,12720
12697,12721
12697,12722
12697,12725
12697,12728
12697,21342
12701,12706
12701,12719
12701,12721
12701,12722
12701,12725
12701,12728
12701,12729
12701,23241
12706,12719
12706,12720
12706,12721
12706,12722
12706,12725
12706,12728
12706,12729
12719,12720
12719,12722
12719,12725
12719,12728
12719,12729
12719,12740
12720,12721
12720,12722
12720,12725
12720,12728
12720,12729
12720,12740
12720,12741
12721,12722
12721,12725
12721,12728
12721,12729
12721,12740
12721,12741
12721,12743
12722,12725
12722,12728
12722,12729
12722,12740
12722,12741
12722,12743
12722,12745
12722,16314
12725,12728
12725,12729
12725,12740
12725,12741
12725,12743
12725,12745
12725,12748
12725,12754
12728,12729
12728,12740
12728,12743
12728,12754
12728,17251
12729,12740
12729,12743
12729,12745
12729,12748
12729,12754
12729,12763
12729,16789
12740,12741
12740,12743
12740,12745
12740,12748
12740,12754
12740,12763
12740,12767
12741,12743
12741,12748
12741,12754
12741,12763
12741,12767
12741,12772
12743,12745
12743,12748
12743,12754
12743,12763
12743,12767
12743,12772
12743,12776
12745,12748
12745,12754
12745,12763
12745,12767
12745,12772
12745,12779
12748,12754
12748,12763
12748,12767
12748,12772
12748,12776
12748,12779
12748,12786
12748,22986
12754,12763
12754,12767
12754,12772
12754,12776
12754,12786
12754,21505
12754,15354
12754,23384
12763,12779
12763,12786
12763,12791
12763,12793
12763,12956
12767,12772
12767,12776
12767,12779
12767,12786
12767,12791
12767,12803
12767,26821
12767,19549
12767,20275
12772,12776
12772,12779
12772,12786
12772,12791
12772,12793
12772,12803
12776,12779
12776,12791
12776,12793
12776,12803
12776,12810
12776,12816
12776,23691
12776,14288
12779,12786
12779,12791
12779,12793
12779,12803
12779,12810
12779,12816
12786,12791
12786,12793
12786,12803
12786,12810
12786,12816
12786,12822
12791,12793
12791,12803
12791,12810
12791,12816
12791,12822
12791,12833
12793,12803
12793,12810
12793,12816
12793,12833
12793,12836
12793,14703
12793,14258
12803,12810
12803,12816
12803,12822
12803,12833
12803,12836
12803,12839
12810,12816
12810,12822
12810,12833
12810,12836
12810,12840
12816,12822
12816,12833
12816,12836
12816,12839
12816,12840
12816,12844
12816,12852
12816,19925
12822,12833
12822,12836
12822,12840
12822,12852
12822,12857
12822,20786
12833,12836
12833,12839
12833,12840
12833,12844
12833,12852
12833,12857
12833,12861
12836,12839
12836,12840
12836,12844
12836,12857
12836,12861
12836,12863
12836,12865
12839,12857
12839,12861
12839,12865
12839,12874
12840,12844
12840,12852
12840,12857
12840,12861
12840,12863
12840,12865
12840,12874
12840,12875
12840,22202
12844,12852
12844,12857
12844,12861
12844,12865
12844,12874
12844,12875
12844,12879
12844,15581
12844,13165
12852,12857
12852,12861
12852,12863
12852,12865
12852,12874
12852,12875
12852,12879
12852,12881
12857,12861
12857,12865
12857,12874
12857,12875
12857,12879
12857,12881
12857,12884
12861,12863
12861,12865
12861,12874
12861,12875
12861,12884
12861,12889
12861,18977
12861,21441
12863,12865
12863,12874
12863,12875
12863,12879
12863,12881
12863,12884
12863,12889
12863,12890
12865,12874
12865,12875
12865,12881
12865,12884
12865,12889
12865,12890
12865,14882
12874,12875
12874,12879
12874,12881
12874,12884
12874,12890
12874,12894
12875,12879
12875,12881
12875,12884
12875,12890
12875,12894
12875,12901
12879,12881
12879,12884
12879,12890
12879,12901
12879,18094
12881,12889
12881,12890
12881,12894
12881,12903
12881,25701
12881,27181
12884,12889
12884,12890
12884,12894
12884,12901
12884,12903
12889,12890
12889,12894
12889,12901
12889,12903
12889,12910
12890,12894
12890,12901
12890,12903
12890,12910
12890,13109
12894,12901
12894,12910
12894,12918
12901,12903
12901,12910
12901,12918
12901,25748
12901,16628
12903,12910
12903,12918
12903,12924
12903,18288
12910,12918
12910,12924
12910,12936
12910,12938
12910,21750
12918,12924
12918,12934
12918,12936
12918,12938
12918,12939
12918,12941
12918,12944
12918,15872
12924,12934
12924,12936
12924,12938
12924,12939
12924,12941
12924,12944
12924,12950
12934,12936
12934,12938
12934,12939
12934,12941
12934,12944
12934,12950
12934,12953
12934,12956
12934,15965
12936,12938
12936,12939
12936,12944
12936,12953
12936,12956
12936,12964
12936,14962
12938,12939
12938,12944
12938,12950
12938,12953
12938,12956
12938,12964
12938,12976
12938,14323
12938,20139
12939,12941
12939,12944
12939,12950
12939,12953
12939,12956
12939,12964
12939,12976
12939,21934
12941,12944
12941,12950
12941,12953
12941,12964
12941,12976
12941,20051
12944,12950
12944,12953
12944,12956
12944,12964
12944,12976
12944,12984
12944,15291
12950,12953
12950,12956
12950,12964
12950,12976
12950,12984
12950,12991
12950,13015
12950,27410
12953,12956
12953,12964
12953,12976
12953,12984
12953,12991
12953,13015
12953,13018
12956,12964
12956,12976
12956,12991
12956,13015
12956,13018
12956,13019
12956,17785
12964,12976
12964,12984
12964,12991
12964,13015
12964,13018
12964,13019
12964,13024
12964,21255
12976,12984
12976,12991
12976,13015
12976,13018
12976,13019
12976,13024
12976,13029
12984,12991
12984,13015
12984,13018
12984,13019
12984,13024
12984,13029
12984,13033
12984,13043
12984,13052
12991,13015
12991,13018
12991,13019
12991,13024
12991,13029
12991,13033
12991,13043
12991,13052
13015,13018
13015,13024
13015,13029
13015,13033
13015,13043
13015,13052
13015,13057
13015,26776
13018,13019
13018,13024
13018,13029
13018,13033
13018,13043
13018,13052
13018,13057
13018,13063
13018,24034
13019,13024
13019,13029
13019,13033
13019,13043
13019,13052
13019,13057
13019,13063
13019,13065
13024,13029
13024,13033
13024,13052
13024,13063
13024,13065
13024,13068
13029,13043
13029,13057
13029,13063
13029,13065
13029,13068
13029,13070
13029,16755
13029,19153
13033,13043
13033,13052
13033,13057
13033,13063
13033,13068
13033,13070
13033,13073
13043,13052
13043,13057
13043,13063
13043,13065
13043,13068
13043,13070
13043,13074
13043,18375
13052,13057
13052,13063
13052,13065
13052,13068
13052,13070
13052,13073
13052,13074
13057,13063
13057,13065
13057,13068
13057,13070
13057,13073
13057,13074
13057,13080
13057,13081
13057,20298
13063,13065
13063,13068
13063,13070
13063,13073
13063,13074
13063,13080
13063,13081
13065,13068
13065,13070
13065,13073
13065,13074
13065,13080
13065,13081
13068,13070
13068,13073
13068,13080
13068,13081
13068,13093
13068,27097
13070,13073
13070,13074
13070,13080
13070,13081
13070,13093
13070,13096
13073,13074
13073,13080
13073,13081
13073,13093
13073,13096
13073,13098
13073,19208
13074,13080
13074,13081
13074,13093
13074,13096
13074,13098
13080,13081
13080,13096
13080,13098
13081,13093
13081,13096
13081,13098
13081,13105
13093,13096
13093,13098
13093,13105
13093,13109
13093,13118
13093,13121
13093,14208
13096,13098
13096,13105
13096,13121
13096,14342
13098,13105
13098,13109
13098,13118
13098,13121
13098,13123
13098,24386
13105,13109
13105,13118
13105,13121
13105,13123
13105,13137
13105,13142
13105,13152
13105,14827
13109,13118
13109,13121
13109,13123
13109,13137
13109,13138
13109,13142
13109,13152
13109,13156
13109,16517
13118,13121
13118,13123
13118,13138
13118,13142
13118,13152
13118,13156
13118,13158
13118,14201
13121,13123
13121,13137
13121,13138
13121,13142
13121,13152
13121,13156
13121,13158
13123,13137
13123,13138
13123,13142
13123,13152
13123,13156
13123,13158
13123,13162
13123,15130
13137,13138
13137,13142
13137,13152
13137,13156
13137,13158
13137,13162
13137,13163
13137,13165
13138,13142
13138,13152
13138,13156
13138,13158
13138,13162
13138,13163
13138,13165
13142,13152
13142,13156
13142,13158
13142,13162
13142,13165
13142,13170
13142,13172
13142,18894
13142,23747
13152,13156
13152,13158
13152,13162
13152,13163
13152,13165
13152,13170
13152,13172
13152,13175
13156,13158
13156,13162
13156,13165
13156,13170
13156,13172
13156,13175
13156,13177
13156,19675
13158,13162
13158,13165
13158,13170
13158,13172
13158,13175
13158,13177
13158,13178
13158,18819
13162,13163
13162,13165
13162,13170
13162,13172
13162,13175
13162,13177
13162,13178
13162,13181
13163,13165
13163,13172
13163,13175
13163,13177
13163,13178
13163,13181
13163,13199
13163,27149
13165,13170
13165,13172
13165,13177
13165,13178
13165,13181
13165,13199
13170,13172
13170,13175
13170,13177
13170,13178
13170,13181
13170,13201
13170,16932
13172,13175
13172,13177
13172,13178
13172,13181
13172,13199
13172,13212
13175,13177
13175,13178
13175,13181
13175,13199
13175,13201
13175,13212
13175,13215
13177,13178
13177,13181
13177,13199
13177,13201
13177,13212
13177,13215
13177,13216
13178,13181
13178,13199
13178,13201
13178,13212
13178,13215
13178,13216
13178,13217
13178,21494
13178,13908
13181,13199
13181,13201
13181,13212
13181,13215
13181,13216
13181,13217
13181,13218
13181,25942
13199,13201
13199,13212
13199,13215
13199,13216
13199,13217
13199,13218
13199,13223
13199,13228
13201,13212
13201,13215
13201,13216
13201,13217
13201,13218
13201,13223
13201,13228
13201,13229
13212,13215
13212,13216
13212,13217
13212,13218
13212,13223
13212,13228
13212,13229
13212,13236
13215,13216
13215,13217
13215,13218
13215,13223
13215,13228
13215,13229
13215,13236
13215,13238
13215,17821
13216,13217
13216,13218
13216,13223
13216,13228
13216,13229
13216,13236
13216,13238
13217,13218
13217,13223
13217,13228
13217,13229
13217,13236
13217,13238
13218,13223
13218,13228
13218,13229
13218,13236
13218,13238
13218,13246
13218,15712
13218,16393
13223,13228
13223,13229
13223,13236
13223,13238
13223,13246
13223,13248
13228,13229
13228,13238
13228,13246
13228,13248
13228,16277
13228,23972
13229,13236
13229,13238
13229,13246
13229,13248
13229,13251
13229,13257
13229,13457
13229,23145
13236,13246
13236,13248
13236,13251
13236,13257
13236,13258
13236,13267
13236,14680
13238,13248
13238,13251
13238,13257
13238,13258
13238,13267
13246,13248
13246,13257
13246,13258
13246,13275
13246,13278
13248,13251
13248,13257
13248,13258
13248,13267
13248,13275
13248,13278
13248,13284
13248,22697
13251,13257
13251,13258
13251,13267
13251,13275
13251,13278
13251,13284
13257,13258
13257,13267
13257,13275
13257,13278
13257,13284
13257,13286
13258,13267
13258,13275
13258,13278
13258,13284
13258,13286
13258,23954
13258,21846
13267,13275
13267,13278
13267,13284
13267,13286
13275,13278
13275,13284
13275,13286
13275,13295
13275,13302
13278,13286
13278,13295
13278,13302
13278,13304
13278,25252
13284,13286
13284,13295
13284,13302
13284,13311
13284,24694
13286,13295
13286,13302
13286,13304
13286,13311
13286,13315
13295,13302
13295,13311
13295,13314
13295,13315
13302,13304
13302,13311
13302,13314
13302,13315
13302,13334
13304,13311
13304,13314
13304,13315
13304,13334
13304,16442
13311,13314
13311,13315
13311,13334
13311,13340
13311,13342
13314,13315
13314,13334
13314,13342
13314,13343
13314,18355
13314,20992
13315,13334
13315,13340
13315,13342
13315,13343
13315,13348
13334,13340
13334,13342
13334,13343
13334,13348
13334,13352
13334,13356
13334,13359
13340,13342
13340,13348
13340,13352
13340,13356
13340,13359
13340,13360
13340,13364
13342,13343
13342,13348
13342,13352
13342,13359
13342,13360
13342,13364
13342,13367
13342,24179
13343,13348
13343,13352
13343,13356
13343,13359
13343,13360
13343,13364
13343,13367
13343,23690
13348,13352
13348,13356
13348,13359
13348,13360
13348,13364
13348,13367
13348,13376
13348,25041
13352,13356
13352,13359
13352,13367
13352,13376
13352,13379
13352,13386
13352,21491
13356,13360
13356,13364
13356,13367
13356,13376
13356,13379
13356,13386
13359,13360
13359,13364
13359,13367
13359,13376
13359,13379
13359,13386
13359,13391
13360,13364
13360,13367
13360,13376
13360,13379
13360,13386
13360,13391
13360,13392
13364,13367
13364,13376
13364,13379
13364,13386
13364,13391
13364,13392
13364,13400
13367,13379
13367,13386
13367,13391
13367,13392
13367,13400
13367,13401
13367,23160
13376,13379
13376,13386
13376,13392
13376,13401
13376,13405
13376,13410
13376,24022
13379,13386
13379,13391
13379,13392
13379,13400
13379,13405
13379,13410
13386,13391
13386,13392
13386,13400
13386,13401
13386,13405
13386,13410
13386,13415
13391,13392
13391,13400
13391,13401
13391,13405
13391,13410
13391,13415
13391,20202
13392,13400
13392,13401
13392,13405
13392,13410
13392,13415
13392,13424
13400,13401
13400,13405
13400,13410
13400,13415
13400,13424
13401,13405
13401,13415
13401,13424
13405,13410
13405,13415
13405,13424
13405,27238
13410,13415
13410,13424
13410,13435
13410,23945
13415,13424
13415,13435
13415,13448
13415,13449
13424,13435
13424,13448
13424,13449
13424,13454
13424,13456
13424,13457
13435,13448
13435,13449
13435,13454
13435,13456
13435,13457
13435,13463
13435,13464
13435,13472
13448,13449
13448,13456
13448,13457
13448,13463
13448,13464
13448,13472
13448,13478
13448,13989
13449,13454
13449,13456
13449,13457
13449,13463
13449,13464
13449,13472
13449,13478
13454,13456
13454,13457
13454,13463
13454,13464
13454,13472
13454,13478
13454,13481
13456,13457
13456,13463
13456,13464
13456,13472
13456,13478
13456,25963
13457,13463
13457,13464
13457,13472
13457,13478
13457,13481
13457,13483
13457,13488
13463,13464
13463,13472
13463,13478
13463,13481
13463,13483
13463,13488
13464,13472
13464,13478
13464,13481
13464,13483
13464,13488
13472,13478
13472,13481
13472,13483
13472,13488
13472,13494
13478,13481
13478,13483
13478,13488
13478,13494
13478,13498
13481,13483
13481,13494
13481,13500
13481,24040
13483,13488
13483,13498
13483,13500
13483,13506
13488,13494
13488,13498
13488,13500
13488,13506
13488,13508
13494,13498
13494,13500
13494,13506
13494,13508
13494,13513
13494,13515
13494,13554
13498,13500
13498,13506
13498,13508
13498,13511
13498,13513
13498,13515
13498,13516
13498,13521
13498,18587
13498,24723
13500,13506
13500,13508
13500,13511
13500,13513
13500,13515
13500,13516
13500,13521
13500,13524
13506,13508
13506,13511
13506,13513
13506,13515
13506,13516
13506,13528
13508,13511
13508,13513
13508,13515
13508,13516
13508,13521
13508,13524
13508,13528
13508,13531
13508,13534
13508,15217
13511,13513
13511,13515
13511,13516
13511,13521
13511,13528
13511,13531
13511,13534
13511,13541
13511,17587
13513,13515
13513,13516
13513,13521
13513,13524
13513,13528
13513,13531
13513,13541
13513,13545
13513,26114
13513,15432
13515,13516
13515,13521
13515,13528
13515,13531
13515,13534
13515,13541
13515,13545
13515,13547
13516,13521
13516,13524
13516,13528
13516,13531
13516,13534
13516,13541
13516,13547
13516,13554
13521,13524
13521,13528
13521,13531
13521,13534
13521,13541
13521,13545
13521,13547
13521,13554
13521,26199
13524,13528
13524,13531
13524,13534
13524,13541
13524,13545
13524,13547
13524,13554
13524,13559
13528,13531
13528,13534
13528,13541
13528,13545
13528,13547
13528,13554
13528,13566
13528,26223
13531,13534
13531,13541
13531,13545
13531,13547
13531,13554
13531,13566
13531,13568
13531,14307
13534,13541
13534,13545
13534,13547
13534,13554
13534,13559
13534,13566
13534,13568
13534,20550
13541,13545
13541,13547
13541,13554
13541,13559
13541,13566
13541,13568
13545,13547
13545,13554
13545,13559
13545,13566
13545,13568
13545,13580
13545,22580
13547,13554
13547,13559
13547,13566
13547,13568
13547,13577
13547,13580
13547,13586
13547,14754
13554,13559
13554,13568
13554,13577
13554,13580
13554,13586
13554,13588
13554,23907
13559,13566
13559,13568
13559,13577
13559,13580
13559,13586
13559,13588
13559,13597
13559,21721
13566,13568
13566,13577
13566,13580
13566,13586
13566,13588
13566,20394
13568,13580
13568,13586
13568,13588
13568,13597
13577,13586
13577,13588
13577,13597
13577,13612
13577,13622
13577,13623
13577,20854
13580,13586
13580,13588
13580,13597
13580,13612
13580,13622
13580,13623
13580,13625
13586,13588
13586,13597
13586,13612
13586,13622
13586,13623
13586,13625
13586,13627
13588,13597
13588,13612
13588,13622
13588,13623
13588,13627
13588,13629
13597,13612
13597,13622
13597,13623
13597,13625
13597,13627
13597,13629
13597,13640
13597,18089
13612,13622
13612,13623
13612,13625
13612,13627
13612,13629
13612,13640
13612,13649
13622,13625
13622,13627
13622,13629
13622,13640
13622,13649
13623,13625
13623,13629
13623,13640
13623,13649
13625,13629
13625,13640
13625,13649
13625,13670
13625,18567
13625,18000
13627,13629
13627,13640
13627,13649
13627,13670
13627,13676
13627,23508
13629,13649
13629,13670
13629,13676
13629,13677
13629,16779
13640,13649
13640,13670
13640,13676
13640,13677
13640,18492
13649,13670
13649,13676
13649,13677
13649,13680
13670,13676
13670,13677
13670,13680
13670,13682
13670,13685
13670,13691
13670,13705
13670,18241
13676,13677
13676,13680
13676,13682
13676,13685
13676,13691
13676,13705
13676,13706
13677,13680
13677,13682
13677,13685
13677,13691
13677,13705
13677,13706
13677,13710
13680,13682
13680,13685
13680,13691
13680,13705
13680,13706
13680,13710
13680,13711
13680,13717
13682,13685
13682,13691
13682,13705
13682,13706
13682,13717
13682,13721
13682,18720
13685,13691
13685,13705
13685,13706
13685,13710
13685,13711
13685,13717
13685,13721
13691,13705
13691,13706
13691,13710
13691,13711
13691,13717
13691,13721
13691,17026
13705,13706
13705,13710
13705,13711
13705,13717
13705,13721
13705,13731
13706,13710
13706,13711
13706,13717
13706,13721
13706,13731
13710,13711
13710,13717
13710,13721
13710,13731
13710,13735
13710,20413
13711,13717
13711,13721
13711,13735
13711,20710
13711,23299
13717,13721
13717,13731
13717,13735
13717,24058
13721,13731
13721,13735
13721,16137
13731,13735
13731,13750
13731,13755
13735,13750
13735,13755
13735,13762
13735,13764
13750,13755
13750,13762
13750,13764
13750,13767
13750,13768
13750,13770
13750,23291
13750,26885
13750,22897
13755,13762
13755,13764
13755,13767
13755,13768
13762,13764
13762,13767
13762,13768
13762,13770
13762,13780
13762,13781
13762,23818
13762,14394
13764,13767
13764,13768
13764,13770
13764,13780
13764,13781
13764,13783
13764,26213
13767,13768
13767,13770
13767,13780
13767,13781
13767,13783
13767,13787
13767,26190
13768,13770
13768,13780
13768,13781
13768,13783
13768,13787
13768,27177
13770,13780
13770,13781
13770,13787
13770,20513
13770,17817
13780,13783
13780,13787
13780,13798
13780,13808
13780,13811
13781,13787
13781,13798
13781,13802
13781,13808
13781,13811
13781,19969
13783,13787
13783,13798
13783,13802
13783,13808
13783,13811
13783,22257
13787,13798
13787,13802
13787,13808
13787,13811
13787,13819
13787,13822
13798,13802
13798,13808
13798,13811
13798,13819
13798,13822
13798,13823
13802,13811
13802,13819
13802,13822
13802,13829
13808,13811
13808,13819
13808,13823
13808,13829
13808,13834
13811,13819
13811,13822
13811,13823
13811,13829
13811,13834
13811,13841
13811,13842
13819,13822
13819,13829
13819,13834
13819,13841
13819,13842
13819,13846
13822,13823
13822,13829
13822,13841
13822,13842
13822,13846
13822,13847
13822,17650
13823,13834
13823,13841
13823,13842
13823,13846
13823,13847
13823,15107
13823,24509
13823,27202
13829,13834
13829,13841
13829,13842
13829,13847
13829,13849
13829,13853
13829,13854
13829,22784
13834,13842
13834,13847
13834,13849
13834,13854
13834,13857
13834,22967
13834,23153
13841,13842
13841,13846
13841,13847
13841,13849
13841,13853
13841,13854
13841,13857
13842,13846
13842,13847
13842,13849
13842,13853
13842,13854
13842,13857
13842,18038
13846,13847
13846,13849
13846,13853
13846,13854
13846,13857
13846,13862
13846,13875
13847,13849
13847,13853
13847,13854
13847,13857
13847,13862
13847,13875
13847,13882
13849,13853
13849,13854
13849,13857
13849,13862
13849,13882
13849,13883
13849,21968
13853,13854
13853,13857
13853,13862
13853,13875
13853,13882
13853,13883
13854,13857
13854,13862
13854,13875
13854,13882
13854,13883
13854,13890
13857,13862
13857,13875
13857,13882
13857,13883
13857,13890
13857,13891
13857,24248
13862,13875
13862,13882
13862,13883
13862,13890
13862,13891
13862,13892
13862,13897
13875,13882
13875,13883
13875,13890
13875,13891
13875,13908
13875,25565
13875,21904
13875,22882
13882,13883
13882,13890
13882,13891
13882,13892
13882,13897
13882,13908
13883,13890
13883,13891
13883,13892
13883,13897
13883,13908
13883,13918
13883,16951
13890,13891
13890,13892
13890,13897
13890,13908
13890,13924
13890,25780
13891,13892
13891,13918
13891,13924
13891,13926
13891,24296
13891,27364
13892,13897
13892,13908
13892,13924
13892,13926
13892,13927
13892,15678
13897,13908
13897,13918
13897,13924
13897,13926
13897,13927
13897,13939
13897,26569
13897,26565
13908,13918
13908,13924
13908,13927
13908,13945
13908,20243
13908,22115
13918,13927
13918,13939
13918,13943
13918,13946
13924,13926
13924,13927
13924,13939
13924,13943
13924,13945
13924,13946
13926,13927
13926,13939
13926,13943
13926,13945
13926,13946
13926,13954
13926,13960
13926,18647
13927,13939
13927,13943
13927,13945
13927,13946
13927,13954
13927,13960
13927,13967
13939,13945
13939,13946
13939,13954
13939,13960
13939,13967
13939,13968
13943,13954
13943,13960
13943,13967
13943,13968
13943,13971
13945,13946
13945,13954
13945,13960
13945,13967
13945,13971
13945,13972
13945,17945
13946,13954
13946,13960
13946,13967
13946,13968
13946,13971
13946,13972
13946,13977
13954,13960
13954,13967
13954,13968
13954,13971
13954,13972
13954,13977
13954,13984
13954,13989
13960,13967
13960,13968
13960,13971
13960,13972
13960,13977
13960,13978
13960,13984
13960,13989
13960,13992
13967,13971
13967,13972
13967,13977
13967,13978
13967,13984
13967,13992
13967,13998
13967,24581
13968,13972
13968,13977
13968,13978
13968,13984
13968,13989
13968,13992
13968,13998
13971,13972
13971,13977
13971,13978
13971,13984
13971,13992
13971,14013
13972,13977
13972,13978
13972,13984
13972,13989
13972,13992
13972,13998
13972,14013
13977,13978
13977,13984
13977,13992
13977,13998
13977,14013
13977,14017
13977,14032
13977,22922
13978,13984
13978,13989
13978,13992
13978,13998
13978,14013
13978,14017
13978,14034
13978,17536
13984,13989
13984,13992
13984,13998
13984,14013
13984,14017
13984,14032
13984,14034
13984,14038
13989,13992
13989,13998
13989,14013
13989,14017
13989,14032
13989,14034
13989,14038
13989,17368
13992,13998
13992,14013
13992,14017
13992,14032
13992,14034
13992,14038
13992,14040
13992,14041
13998,14013
13998,14017
13998,14032
13998,14034
13998,14038
13998,14040
13998,14041
14013,14017
14013,14032
14013,14034
14013,14038
14013,14040
14013,14041
14013,14062
14013,14067
14017,14032
14017,14034
14017,14038
14017,14040
14017,14041
14017,14062
14017,14067
14017,14069
14017,16468
14017,17922
14032,14034
14032,14038
14032,14062
14032,14067
14034,14038
14034,14040
14034,14041
14034,14062
14034,14067
14034,14069
14034,14078
14038,14040
14038,14062
14038,14067
14038,14069
14038,14078
14038,19568
14038,26333
14038,23322
14040,14041
14040,14062
14040,14067
14040,14069
14040,14078
14041,14062
14041,14067
14041,14069
14041,14078
14062,14067
14062,14069
14062,14078
14062,14244
14062,17918
14067,14069
14067,14078
14067,14106
14069,14078
14069,14106
14078,14106
14078,14113
14078,14114
14078,14743
14106,14113
14106,14114
14106,14115
14106,21882
14106,23516
14113,14114
14113,14115
14113,14124
14113,14130
14113,14141
14113,24499
14113,25561
14114,14115
14114,14124
14114,14130
14115,14124
14115,14141
14115,23481
14124,14130
14124,18301
14124,19988
14130,14141
14130,14149
14141,14149
14141,14171
14141,14172
14141,25780
14149,14171
14149,14172
14149,14173
14149,14178
14149,14184
14149,14194
14149,14196
14149,14200
14149,20307
14171,14172
14171,14173
14171,14178
14171,14184
14171,14194
14171,14196
14171,14200
14171,14201
14171,14204
14172,14184
14172,14194
14172,14196
14172,14200
14172,14201
14172,14205
14172,21560
14172,15506
14172,20631
14173,14178
14173,14184
14173,14194
14173,14196
14173,14200
14173,14201
14173,14204
14173,14205
14173,26333
14178,14184
14178,14194
14178,14196
14178,14200
14178,14201
14178,14204
14178,14205
14178,14208
14184,14194
14184,14196
14184,14200
14184,14201
14184,14204
14184,14213
14194,14196
14194,14200
14194,14201
14194,14204
14194,14205
14194,14213
14194,14217
14196,14204
14196,14205
14196,14208
14196,14213
14196,14217
14196,14218
14200,14201
14200,14205
14200,14208
14200,14213
14200,14217
14200,14218
14200,14223
14201,14204
14201,14205
14201,14208
14201,14213
14201,14217
14201,14218
14201,14223
14201,20098
14201,23322
14204,14205
14204,14208
14204,14217
14204,14218
14204,14223
14204,14231
14204,18908
14205,14208
14205,14213
14205,14218
14205,14223
14205,14231
14205,26628
14208,14213
14208,14217
14208,14218
14208,14231
14208,14236
14213,14217
14213,14218
14213,14223
14213,14231
14213,14236
14213,14240
14213,14244
14213,25479
14217,14223
14217,14231
14217,14236
14217,14240
14217,14244
14218,14223
14218,14231
14218,14236
14218,14240
14218,14244
14218,14249
14223,14231
14223,14236
14223,14240
14223,14244
14223,14249
14223,14251
14223,22395
14231,14236
14231,14240
14231,14244
14231,14249
14231,14251
14236,14240
14236,14244
14236,14249
14236,14251
14236,14258
14236,14260
14236,14674
14240,14251
14240,14258
14240,14260
14240,23930
14240,25323
14244,14249
14244,14251
14244,14258
14244,14260
14244,14277
14249,14258
14249,14260
14249,14277
14249,14281
14249,20428
14251,14258
14251,14260
14251,14277
14251,14281
14251,14288
14258,14260
14258,14281
14258,14293
14258,14298
14258,14299
14258,16849
14258,20208
14260,14281
14260,14288
14260,14293
14260,14294
14260,14298
14260,14299
14260,14300
14277,14281
14277,14288
14277,14293
14277,14294
14277,14298
14277,14299
14277,14300
14277,14304
14277,14307
14281,14288
14281,14293
14281,14294
14281,14298
14281,14299
14281,14300
14281,14304
14281,14313
14288,14293
14288,14294
14288,14298
14288,14300
14288,14304
14288,14307
14288,14313
14288,14323
14288,18203
14293,14294
14293,14298
14293,14299
14293,14300
14293,14304
14293,14307
14293,14313
14293,14323
14293,20321
14294,14298
14294,14299
14294,14300
14294,14304
14294,14307
14294,14313
14294,14323
14294,14325
14294,14331
14298,14299
14298,14300
14298,14304
14298,14307
14298,14313
14298,14323
14298,14325
14298,14331
14298,14340
14299,14304
14299,14313
14299,14323
14299,14325
14299,14331
14299,14340
14299,21308
14300,14304
14300,14307
14300,14313
14300,14323
14300,14325
14300,14331
14300,14340
14300,14342
14304,14313
14304,14323
14304,14325
14304,14331
14304,14340
14304,14342
14304,14344
14307,14313
14307,14323
14307,14325
14307,14331
14307,14340
14307,14342
14307,14344
14307,14346
14313,14325
14313,14331
14313,14340
14313,14342
14313,14344
14313,14346
14313,22993
14323,14325
14323,14331
14323,14340
14323,14342
14323,14344
14323,14346
14323,14353
14323,25143
14325,14331
14325,14340
14325,14342
14325,14344
14325,14346
14325,14353
14325,14364
14331,14340
14331,14342
14331,14344
14331,14346
14331,14353
14331,14364
14331,14365
14340,14342
14340,14344
14340,14346
14340,14353
14340,14364
14340,14365
14340,27251
14342,14344
14342,14346
14342,14353
14342,14364
14342,14365
14342,14366
14342,16987
14344,14346
14344,14353
14344,14364
14344,14365
14344,14366
14344,14387
14346,14353
14346,14364
14346,14365
14346,14366
14346,14387
14346,14388
14346,22315
14353,14366
14353,14387
14353,14388
14353,14389
14353,14885
14364,14365
14364,14366
14364,14387
14364,14388
14364,14389
14364,14394
14365,14366
14365,14387
14365,14388
14365,14389
14365,14395
14366,14387
14366,14388
14366,14389
14366,14394
14366,14395
14366,19671
14387,14388
14387,14389
14387,14394
14387,14395
14387,14399
14387,14400
14387,15881
14388,14389
14388,14394
14388,14395
14388,14399
14388,14400
14389,14394
14389,14395
14389,14399
14389,14409
14394,14395
14394,14400
14394,14409
14394,14410
14394,17404
14394,25136
14394,23242
14395,14400
14395,14409
14395,14410
14395,14418
14399,14400
14399,14409
14399,14410
14399,14418
14399,14427
14399,18207
14400,14409
14400,14410
14400,14418
14400,14427
14400,27149
14409,14410
14409,14418
14409,14427
14409,14429
14409,14431
14410,14418
14410,14427
14410,14429
14410,14431
14418,14427
14418,14429
14418,14431
14418,14448
14418,14452
14418,14457
14427,14429
14427,14448
14427,14452
14427,14458
14427,14463
14427,14472
14429,14431
14429,14448
14429,14452
14429,14457
14429,14458
14429,14463
14429,14472
14431,14448
14431,14452
14431,14457
14431,14458
14431,14463
14431,14472
14431,14479
14448,14452
14448,14463
14448,14472
14448,14479
14448,14483
14448,14485
14448,16769
14448,20705
14452,14457
14452,14458
14452,14472
14452,14479
14452,14483
14452,14485
14452,14486
14457,14458
14457,14463
14457,14472
14457,14479
14457,14483
14457,14485
14457,14486
14458,14463
14458,14472
14458,14479
14458,14483
14458,14485
14458,14486
14463,14472
14463,14479
14463,14483
14463,14485
14463,14486
14463,14505
14472,14479
14472,14483
14472,14485
14472,14486
14472,14505
14479,14483
14479,14485
14479,14486
14479,14505
14479,14509
14479,14513
14483,14485
14483,14486
14483,14505
14483,14509
14483,14513
14485,14486
14485,14505
14485,14509
14485,14513
14485,14515
14486,14505
14486,14509
14486,14513
14486,14515
14486,19988
14505,14509
14505,14513
14505,14515
14505,14517
14505,14521
14509,14513
14509,14515
14509,14517
14509,14521
14509,24034
14513,14515
14513,14517
14513,14521
14513,14539
14513,17443
14515,14517
14515,14521
14515,14532
14515,14539
14515,14541
14515,14543
14517,14521
14517,14532
14517,14539
14517,14541
14517,14543
14517,14547
14521,14539
14521,14541
14521,14543
14521,14547
14521,14556
14521,14561
14532,14539
14532,14541
14532,14543
14532,14547
14532,14556
14532,14564
14532,24467
14532,16526
14539,14547
14539,14556
14539,14561
14539,14564
14539,14565
14539,14568
14539,19404
14541,14543
14541,14547
14541,14556
14541,14561
14541,14564
14541,14565
14541,14568
14541,14569
14543,14547
14543,14556
14543,14564
14543,14565
14543,14568
14543,14569
14543,14571
14547,14556
14547,14561
14547,14564
14547,14565
14547,14568
14547,14569
14547,14571
14547,17021
14556,14561
14556,14564
14556,14565
14556,14569
14556,14571
14556,14576
14556,14579
14556,17287
14556,21402
14561,14564
14561,14565
14561,14568
14561,14569
14561,14571
14561,14576
14561,14579
14561,14587
14561,25883
14564,14565
14564,14568
14564,14569
14564,14571
14564,14576
14564,14579
14564,14587
14564,14593
14564,18991
14565,14568
14565,14569
14565,14571
14565,14576
14565,14579
14565,14587
14565,14593
14565,19765
14568,14569
14568,14571
14568,14576
14568,14579
14568,14587
14568,14593
14568,21837
14569,14571
14569,14576
14569,14579
14569,14587
14569,14593
14569,15721
14569,15814
14571,14576
14571,14587
14571,14593
14571,15504
14576,14579
14576,14587
14576,14593
14576,14606
14576,14609
14579,14587
14579,14593
14579,14606
14579,14609
14579,14611
14587,14593
14587,14606
14587,14609
14587,14611
14587,14612
14593,14609
14593,14611
14593,14612
14593,14617
14606,14609
14606,14617
14606,14618
14606,14622
14606,20927
14606,15513
14609,14611
14609,14612
14609,14617
14609,14618
14609,14641
14609,15022
14611,14612
14611,14617
14611,14618
14611,14622
14611,14641
14611,14643
14612,14617
14612,14618
14612,14622
14612,14641
14612,14643
14617,14618
14617,14622
14617,14641
14617,14643
14617,23717
14618,14622
14618,14641
14618,14643
14622,14641
14622,14643
14641,14663
14641,14668
14643,14663
14643,14668
14663,14668
14663,14680
14663,14690
14663,14691
14663,21646
14668,14674
14668,14680
14668,14682
14668,14690
14668,14691
14668,14700
14674,14682
14674,14691
14674,14700
14674,14701
14674,14703
14674,16117
14674,26247
14680,14682
14680,14690
14680,14691
14680,14701
14680,14709
14680,14712
14682,14690
14682,14691
14682,14700
14682,14701
14682,14703
14682,14709
14682,14712
14690,14691
14690,14700
14690,14701
14690,14703
14690,14709
14690,14712
14690,14718
14691,14700
14691,14701
14691,14703
14691,14709
14691,14712
14691,14718
14691,14732
14691,14737
14700,14703
14700,14712
14700,14718
14700,14732
14700,14737
14700,18487
14701,14703
14701,14709
14701,14718
14701,14732
14701,14737
14701,14743
14701,20928
14703,14709
14703,14712
14703,14718
14703,14732
14703,14737
14703,14743
14703,25953
14709,14712
14709,14718
14709,14732
14709,14737
14709,14743
14709,14744
14709,14748
14709,14754
14712,14718
14712,14732
14712,14737
14712,14743
14712,14744
14712,14748
14712,14754
14712,17274
14718,14732
14718,14737
14718,14743
14718,14744
14718,14748
14718,14754
14718,14765
14732,14737
14732,14743
14732,14744
14732,14748
14732,14754
14732,14765
14732,14768
14737,14743
14737,14744
14737,14748
14737,14754
14737,14768
14737,14769
14743,14744
14743,14748
14743,14754
14743,14768
14743,14769
14743,14770
14744,14754
14744,14765
14744,14768
14744,14769
14744,14770
14744,14774
14744,16122
14748,14754
14748,14765
14748,14768
14748,14769
14748,14770
14748,14774
14748,14781
14754,14765
14754,14768
14754,14770
14754,14774
14754,14781
14754,14784
14765,14768
14765,14769
14765,14770
14765,14774
14765,14781
14765,14784
14765,14791
14765,21054
14768,14769
14768,14770
14768,14774
14768,14781
14768,14784
14768,14791
14768,14795
14769,14770
14769,14774
14769,14781
14769,14784
14769,14791
14769,14795
14769,14796
14769,17368
14770,14774
14770,14781
14770,14784
14770,14791
14770,14795
14770,14796
14770,14806
14770,25084
14774,14781
14774,14784
14774,14791
14774,14795
14774,14796
14774,14806
14781,14784
14781,14791
14781,14796
14781,14806
14781,24846
14784,14791
14784,14795
14784,14796
14784,14806
14784,14827
14791,14795
14791,14806
14791,14827
14791,14842
14791,17137
14795,14796
14795,14806
14795,14827
14795,14842
14795,22984
14796,14806
14796,14827
14796,14842
14796,14845
14796,14850
14806,14827
14806,14845
14806,14850
14827,14842
14827,14845
14827,14880
14827,14882
14842,14850
14842,14880
14842,14885
14842,27076
14845,14850
14845,14880
14845,14882
14845,14885
14850,14880
14850,14882
14850,14885
14850,14901
14850,22850
14880,14885
14880,14889
14880,14901
14880,14902
14880,14918
14882,14885
14882,14889
14882,14901
14882,14902
14885,14889
14885,14901
14885,14902
14885,14918
14885,20335
14885,17840
14889,14901
14889,14902
14889,14918
14889,14929
14889,14933
14889,14938
14901,14902
14901,14918
14901,14927
14901,14929
14901,14933
14901,14938
14901,14941
14902,14918
14902,14927
14902,14929
14902,14933
14902,14938
14902,14941
14902,14945
14918,14927
14918,14929
14918,14933
14918,14941
14918,14945
14918,14949
14927,14929
14927,14933
14927,14938
14927,14941
14927,14945
14927,14949
14927,14960
14927,22537
14927,23511
14929,14933
14929,14941
14929,14949
14929,14960
14929,14962
14929,23973
14933,14938
14933,14941
14933,14945
14933,14949
14933,14960
14933,14962
14933,14966
14938,14945
14938,14949
14938,14960
14938,14962
14938,14966
14938,22115
14941,14945
14941,14949
14941,14960
14941,14962
14941,14966
14941,21707
14945,14949
14945,14960
14945,14962
14945,14966
14949,14960
14949,14962
14949,14966
14949,14994
14949,14998
14960,14966
14960,14994
14960,14998
14960,15006
14960,16408
14960,19827
14962,14966
14962,14994
14962,14998
14962,14999
14962,15006
14966,14994
14966,14998
14966,15006
14966,21980
14994,14998
14994,14999
14994,15006
14994,15022
14994,15024
14994,20655
14994,15922
14998,14999
14998,15006
14998,15014
14998,15022
14998,15024
14998,25558
14999,15006
14999,15014
14999,15022
14999,15024
14999,15026
14999,15027
15006,15014
15006,15022
15006,15024
15006,15026
15006,15027
15006,15029
15014,15022
15014,15024
15014,15026
15014,15027
15014,15029
15014,15045
15014,15047
15014,22172
15022,15024
15022,15026
15022,15027
15022,15029
15022,15031
15022,15032
15022,15045
15022,15047
15024,15026
15024,15027
15024,15029
15024,15031
15024,15032
15024,15045
15024,15047
15024,15052
15024,15065
15026,15027
15026,15029
15026,15031
15026,15047
15026,15065
15026,15882
15027,15029
15027,15031
15027,15032
15027,15045
15027,15047
15027,15052
15027,15065
15027,15073
15029,15031
15029,15032
15029,15045
15029,15047
15029,15052
15029,15065
15029,15073
15031,15032
15031,15045
15031,15047
15031,15052
15031,15065
15031,15073
15031,15075
15031,15077
15032,15045
15032,15047
15032,15052
15032,15065
15032,15073
15032,15077
15045,15047
15045,15052
15045,15065
15045,15073
15045,15077
15045,15084
15045,17774
15047,15052
15047,15065
15047,15073
15047,15075
15047,15077
15047,15084
15047,15086
15047,24866
15047,23646
15052,15065
15052,15073
15052,15075
15052,15077
15052,15084
15052,15086
15052,15093
15065,15073
15065,15075
15065,15077
15065,15084
15065,15086
15065,15093
15065,15094
15073,15075
15073,15077
15073,15084
15073,15086
15073,15093
15073,15094
15073,22007
15075,15077
15075,15084
15075,15086
15075,15093
15075,15094
15075,15879
15077,15086
15077,15093
15077,15094
15077,15100
15077,27060
15084,15086
15084,15093
15084,15094
15084,15100
15084,15103
15084,15107
15086,15093
15086,15094
15086,15100
15086,15103
15086,15107
15086,15114
15086,25761
15093,15100
15093,15103
15093,15107
15093,15114
15093,15118
15093,22476
15093,24639
15094,15100
15094,15103
15094,15107
15094,15114
15094,15118
15100,15103
15100,15114
15100,15121
15100,15123
15103,15107
15103,15114
15103,15118
15103,15121
15103,15123
15103,15124
15103,15130
15107,15114
15107,15118
15107,15121
15107,15123
15107,15124
15107,15130
15107,15140
15114,15118
15114,15121
15114,15123
15114,15124
15114,15130
15114,15140
15114,15141
15118,15121
15118,15123
15118,15124
15118,15130
15118,15140
15118,15141
15118,15149
15121,15123
15121,15124
15121,15130
15121,15140
15121,15141
15121,15149
15121,15150
15121,15152
15121,15261
15123,15124
15123,15130
15123,15140
15123,15141
15123,15150
15123,15152
15123,15154
15124,15130
15124,15141
15124,15149
15124,15150
15124,15152
15124,15156
15130,15140
15130,15141
15130,15149
15130,15150
15130,15152
15130,15154
15130,15167
15140,15141
15140,15149
15140,15150
15140,15152
15140,15154
15140,15156
15140,15162
15140,15167
15140,15172
15140,25784
15140,20113
15141,15149
15141,15150
15141,15152
15141,15154
15141,15156
15141,15162
15141,15172
15141,15176
15149,15150
15149,15152
15149,15154
15149,15156
15149,15162
15149,15167
15149,15172
15149,15176
15149,16906
15150,15152
15150,15154
15150,15162
15150,15167
15150,15172
15150,15176
15150,15181
15152,15154
15152,15156
15152,15162
15152,15167
15152,15172
15152,15176
15152,15181
15152,15191
15154,15156
15154,15162
15154,15167
15154,15172
15154,15176
15154,15181
15154,15191
15154,15193
15156,15167
15156,15176
15156,15181
15156,15193
15156,24554
15162,15167
15162,15172
15162,15176
15162,15181
15162,15191
15162,15193
15167,15172
15167,15176
15167,15181
15167,15191
15167,15193
15167,15200
15172,15176
15172,15181
15172,15191
15172,15200
15176,15181
15176,15191
15176,15193
15176,15200
15176,15206
15181,15191
15181,15193
15181,15200
15181,15207
15191,15193
15191,15200
15191,15206
15191,15207
15191,15216
15191,15217
15193,15200
15193,15206
15193,15207
15193,15216
15193,15217
15200,15206
15200,15207
15200,15216
15200,15217
15200,15226
15200,15228
15200,15229
15206,15207
15206,15216
15206,15217
15206,15226
15206,15228
15206,15235
15206,15237
15207,15216
15207,15217
15207,15226
15207,15228
15207,15229
15207,15235
15207,15237
15216,15217
15216,15226
15216,15228
15216,15235
15216,15237
15216,23221
15216,26972
15216,24616
15216,24694
15217,15226
15217,15228
15217,15229
15217,15235
15217,16165
15217,24489
15226,15228
15226,15229
15226,15235
15226,15237
15226,15257
15226,15261
15228,15229
15228,15235
15228,15237
15228,15257
15228,15262
15229,15235
15229,15237
15229,15261
15229,15262
15229,15269
15229,26162
15235,15237
15235,15257
15235,15261
15235,15262
15235,15269
15235,15271
15235,19828
15237,15257
15237,15261
15237,15262
15237,15271
15237,23693
15257,15261
15257,15262
15257,15269
15257,24554
15261,15262
15261,15291
15261,15294
15262,15269
15262,15271
15262,15291
15262,15294
15262,15301
15262,22002
15262,15683
15269,15271
15269,15291
15269,15294
15269,15301
15271,15294
15271,15301
15271,15305
15271,15306
15271,15679
15291,15294
15291,15301
15291,15305
15291,15306
15291,15307
15291,15308
15291,15327
15291,24579
15291,17817
15291,26740
15294,15301
15294,15305
15294,15306
15294,15307
15294,15308
15294,15322
15294,15327
15294,15329
15294,20707
15301,15305
15301,15306
15301,15307
15301,15308
15301,15322
15301,15327
15301,15329
15305,15306
15305,15307
15305,15308
15305,15322
15305,15329
15305,15333
15306,15307
15306,15308
15306,15322
15306,15327
15306,15329
15306,15333
15306,15339
15306,21154
15307,15308
15307,15322
15307,15327
15307,15329
15307,15333
15307,15339
15308,15322
15308,15327
15308,15329
15308,15333
15308,15339
15308,15342
15322,15327
15322,15333
15322,15339
15322,15342
15322,15343
15322,15345
15327,15329
15327,15333
15327,15339
15327,15342
15327,15343
15327,15345
15327,25944
15329,15333
15329,15339
15329,15342
15329,15343
15329,15345
15329,15348
15333,15339
15333,15342
15333,15345
15333,15348
15333,15351
15333,15353
15339,15342
15339,15343
15339,15345
15339,15348
15339,15351
15339,15353
15339,15354
15339,26894
15342,15343
15342,15345
15342,15348
15342,15351
15342,15353
15342,15354
15342,15361
15343,15345
15343,15348
15343,15353
15343,15354
15343,15361
15343,25460
15343,26371
15345,15348
15345,15351
15345,15353
15345,15361
15345,19471
15348,15351
15348,15353
15348,15354
15348,15361
15348,15365
15348,15367
15348,15368
15348,20419
15351,15353
15351,15354
15351,15365
15351,15367
15351,15368
15351,15371
15351,22008
15351,17735
15351,25841
15351,24466
15353,15354
15353,15361
15353,15365
15353,15367
15353,15368
15353,15371
15353,15373
15354,15361
15354,15365
15354,15367
15354,15368
15354,15373
15361,15365
15361,15367
15361,15368
15361,15371
15361,15373
15361,15377
15361,15380
15361,15383
15365,15367
15365,15368
15365,15371
15365,15373
15365,15377
15365,15380
15365,15385
15365,15387
15365,22055
15365,20045
15365,26650
15365,26073
15367,15368
15367,15371
15367,15373
15367,15377
15367,15383
15367,15385
15367,15387
15368,15371
15368,15373
15368,15377
15368,15380
15368,15383
15368,15385
15368,15387
15368,15398
15368,15401
15368,26210
15371,15377
15371,15380
15371,15383
15371,15385
15371,15387
15371,15398
15371,15401
15371,15402
15371,26060
15373,15377
15373,15380
15373,15383
15373,15385
15373,15387
15373,15398
15373,15401
15373,15402
15377,15380
15377,15383
15377,15387
15377,15398
15377,15401
15377,15402
15377,15405
15377,24335
15377,19815
15380,15383
15380,15385
15380,15387
15380,15398
15380,15401
15380,15402
15380,15405
15380,15414
15383,15385
15383,15387
15383,15398
15383,15401
15383,15402
15383,15405
15383,15414
15383,23330
15385,15387
15385,15398
15385,15401
15385,15402
15385,15414
15385,15417
15385,15418
15385,24871
15387,15401
15387,15402
15387,15405
15387,15414
15387,15417
15387,15418
15398,15402
15398,15405
15398,15414
15398,15417
15398,15418
15398,26488
15401,15402
15401,15405
15401,15414
15401,15417
15401,15418
15401,15423
15401,15425
15402,15405
15402,15414
15402,15417
15402,15418
15402,15423
15402,15425
15402,15426
15405,15414
15405,15417
15405,15418
15405,15423
15405,15425
15405,15426
15405,15429
15405,15430
15414,15418
15414,15423
15414,15425
15414,15426
15414,15429
15414,15432
15414,21098
15414,24252
15417,15418
15417,15423
15417,15425
15417,15426
15417,15429
15417,15430
15417,23972
15418,15423
15418,15425
15418,15426
15418,15429
15418,15430
15418,15432
15418,15443
15418,15448
15418,16359
15418,18808
15423,15425
15423,15426
15423,15429
15423,15430
15423,15432
15423,15443
15423,15453
15423,15457
15423,17506
15423,19495
15425,15426
15425,15429
15425,15430
15425,15432
15425,15443
15425,15448
15425,15453
15425,15457
15425,26095
15426,15429
15426,15430
15426,15432
15426,15443
15426,15448
15426,15453
15426,15457
15426,15460
15426,24004
15429,15430
15429,15432
15429,15443
15429,15448
15429,15453
15429,15457
15429,15461
15430,15432
15430,15443
15430,15448
15430,15453
15430,15457
15430,15460
15430,15461
15430,15462
15430,22905
15432,15443
15432,15448
15432,15453
15432,15457
15432,15460
15432,15461
15432,15462
15443,15448
15443,15453
15443,15457
15443,15460
15443,15461
15443,15462
15443,15470
15443,15473
15448,15453
15448,15457
15448,15460
15448,15461
15448,15462
15448,15470
15448,15473
15448,15475
15453,15457
15453,15460
15453,15462
15453,15470
15453,15473
15453,15475
15453,15482
15453,18200
15457,15460
15457,15462
15457,15470
15457,15473
15457,15475
15457,15484
15457,24202
15460,15461
15460,15462
15460,15470
15460,15473
15460,15475
15460,15482
15460,15484
15461,15462
15461,15470
15461,15473
15461,15475
15461,15482
15461,15484
15461,15499
15462,15482
15462,15484
15462,15499
15462,15590
15470,15473
15470,15475
15470,15484
15470,15499
15470,16033
15473,15475
15473,15482
15473,15484
15473,15499
15475,15482
15475,15499
15475,15504
15475,26620
15482,15484
15482,15499
15482,15504
15482,15506
15482,20394
15484,15499
15484,15504
15484,15506
15499,15504
15499,15506
15499,15509
15499,15513
15499,15516
15499,15520
15504,15506
15504,15509
15504,15513
15504,15516
15504,15520
15504,15521
15504,15522
15504,15525
15506,15509
15506,15516
15506,15520
15506,15521
15506,15522
15506,15525
15506,15531
15506,22364
15509,15513
15509,15520
15509,15521
15509,15522
15509,15525
15509,15531
15509,20158
15513,15520
15513,15521
15513,15522
15513,15531
15513,15545
15513,19670
15516,15520
15516,15521
15516,15522
15516,15525
15516,15531
15516,15545
15520,15522
15520,15525
15520,15531
15520,15549
15520,15551
15521,15522
15521,15525
15521,15531
15521,15545
15521,15549
15521,15551
15521,15555
15522,15525
15522,15531
15522,15545
15522,15549
15522,15551
15522,15555
15522,15556
15522,18243
15525,15531
15525,15545
15525,15549
15525,15551
15525,15556
15525,15559
15525,27313
15531,15545
15531,15549
15531,15551
15531,15555
15531,15556
15531,15564
15531,17258
15545,15549
15545,15551
15545,15555
15545,15556
15545,15559
15545,15564
15545,15566
15545,15568
15545,15569
15549,15551
15549,15555
15549,15556
15549,15559
15549,15564
15549,15566
15549,15568
15549,15569
15549,15581
15549,18247
15551,15555
15551,15556
15551,15559
15551,15564
15551,15566
15551,15568
15551,15569
15551,15581
15551,15588
15555,15556
15555,15559
15555,15564
15555,15566
15555,15568
15555,15569
15555,15588
15555,25942
15555,18309
15556,15559
15556,15566
15556,15568
15556,15569
15556,15581
15556,15588
15556,25495
15556,18731
15559,15564
15559,15566
15559,15568
15559,15569
15559,15581
15559,15588
15559,15590
15559,15591
15559,23786
15564,15566
15564,15568
15564,15581
15564,15588
15564,15591
15564,15592
15564,25104
15564,25097
15566,15568
15566,15569
15566,15581
15566,15588
15566,15590
15566,15591
15566,25009
15566,26149
15568,15569
15568,15581
15568,15588
15568,15590
15568,15591
15568,15592
15568,15598
15569,15581
15569,15590
15569,15591
15569,15592
15569,15598
15569,15601
15581,15588
15581,15591
15581,15592
15581,15598
15581,15601
15581,15603
15588,15590
15588,15591
15588,15592
15588,15598
15588,15601
15588,15603
15588,15608
15588,26110
15590,15591
15590,15592
15590,15601
15590,15603
15590,15614
15591,15592
15591,15601
15591,15603
15591,15608
15591,15614
15591,15618
15592,15598
15592,15601
15592,15603
15592,15608
15592,15614
15598,15601
15598,15603
15598,15608
15598,15614
15598,15618
15598,15630
15598,15633
15601,15603
15601,15608
15601,15614
15601,15618
15601,15630
15601,15633
15601,15634
15603,15608
15603,15614
15603,15618
15603,15630
15603,15633
15603,15634
15603,15638
15608,15614
15608,15630
15608,15633
15608,15638
15608,15639
15614,15618
15614,15630
15614,15633
15614,15634
15614,15638
15614,15639
15614,15642
15614,15644
15618,15630
15618,15633
15618,15634
15618,15638
15618,15639
15618,15642
15618,15650
15630,15633
15630,15634
15630,15638
15630,15639
15630,15642
15630,15644
15630,15650
15630,15652
15630,15655
15633,15638
15633,15639
15633,15642
15633,15644
15633,15650
15633,15652
15633,15655
15634,15639
15634,15642
15634,15644
15634,15650
15634,15652
15634,15655
15634,15661
15634,23153
15638,15639
15638,15644
15638,15650
15638,15652
15638,15655
15638,15661
15639,15644
15639,15650
15639,15652
15639,15655
15639,15661
15639,15668
15642,15644
15642,15650
15642,15652
15642,15655
15642,15661
15642,15668
15642,15674
15644,15650
15644,15652
15644,15655
15644,15661
15644,15668
15644,15674
15644,15678
15650,15652
15650,15655
15650,15661
15650,15668
15650,15674
15650,15678
15650,15679
15652,15655
15652,15661
15652,15668
15652,15674
15652,15678
15652,15679
15652,15680
15655,15661
15655,15668
15655,15674
15655,15678
15655,15679
15655,15680
15655,15681
15661,15668
15661,15674
15661,15678
15661,15679
15661,15680
15661,15681
15661,15683
15661,15684
15668,15674
15668,15678
15668,15679
15668,15680
15668,15683
15668,15684
15668,15689
15668,15690
15668,20139
15674,15678
15674,15679
15674,15680
15674,15681
15674,15684
15674,15689
15674,15690
15674,15697
15678,15679
15678,15680
15678,15681
15678,15683
15678,15689
15678,15697
15678,15700
15678,16999
15679,15681
15679,15683
15679,15684
15679,15689
15679,15690
15679,15697
15679,15700
15679,22397
15680,15681
15680,15683
15680,15684
15680,15689
15680,15690
15680,15697
15680,15700
15680,15712
15681,15683
15681,15684
15681,15689
15681,15690
15681,15697
15681,15700
15681,15718
15681,21846
15683,15684
15683,15689
15683,15690
15683,15697
15683,15712
15683,15718
15683,15719
15683,25508
15683,26233
15684,15689
15684,15690
15684,15697
15684,15700
15684,15712
15684,15718
15684,25942
15689,15690
15689,15697
15689,15712
15689,15718
15689,15719
15689,15721
15690,15697
15690,15700
15690,15712
15690,15718
15690,15719
15690,20738
15697,15700
15697,15712
15697,15718
15697,15719
15697,20057
15700,15712
15700,15718
15700,15719
15700,15721
15700,15736
15712,15718
15712,15721
15712,23460
15718,15719
15718,15721
15718,15736
15719,15721
15719,15736
15719,15747
15721,15747
15721,15750
15721,15752
15736,15747
15736,15752
15736,15754
15736,15756
15747,15750
15747,15752
15747,15754
15747,15756
15747,15761
15747,15765
15747,15770
15747,15771
15750,15752
15750,15754
15750,15756
15750,15761
15750,15765
15750,15770
15750,15771
15750,15772
15752,15754
15752,15761
15752,15765
15752,15770
15752,15772
15752,15779
15752,17940
15754,15756
15754,15761
15754,15765
15754,15770
15754,15771
15754,15772
15754,15783
15756,15761
15756,15765
15756,15770
15756,15771
15756,15772
15756,15779
15756,20261
15761,15765
15761,15770
15761,15771
15761,15772
15761,15779
15761,15783
15761,15794
15761,17768
15765,15770
15765,15771
15765,15772
15765,15783
15765,15794
15765,15797
15765,26760
15765,20175
15770,15771
15770,15772
15770,15783
15770,15794
15770,15803
15771,15772
15771,15779
15771,15783
15771,15794
15771,15797
15771,15803
15771,15809
15771,24055
15772,15779
15772,15783
15772,15794
15772,15797
15772,15803
15772,15809
15772,15813
15779,15783
15779,15794
15779,15797
15779,15803
15779,15809
15779,15813
15779,15814
15783,15797
15783,15803
15783,15809
15783,15813
15783,15814
15783,15817
15794,15803
15794,15809
15794,15813
15794,15814
15794,15817
15794,15824
15794,15834
15794,26628
15797,15803
15797,15809
15797,15813
15797,15814
15797,15817
15797,15824
15797,15835
15803,15809
15803,15813
15803,15817
15803,15824
15803,15834
15803,15835
15803,15842
15809,15813
15809,15814
15809,15817
15809,15824
15809,15835
15809,15842
15809,23972
15813,15814
15813,15817
15813,15824
15813,15834
15813,15835
15813,15855
15814,15817
15814,15834
15814,15835
15814,15842
15814,15855
15814,15857
15814,26946
15817,15824
15817,15834
15817,15835
15817,15842
15817,15855
15817,15857
15817,15862
15824,15835
15824,15842
15824,15855
15824,15857
15824,15862
15824,15867
15824,23845
15834,15835
15834,15842
15834,15855
15834,15857
15834,15862
15834,15867
15834,15872
15835,15842
15835,15855
15835,15857
15835,15862
15835,15867
15835,15872
15835,15875
15842,15855
15842,15862
15842,15867
15842,15872
15842,15875
15842,15879
15842,18587
15842,19084
15842,20619
15855,15857
15855,15862
15855,15867
15855,15872
15855,15875
15855,15879
15855,15881
15855,15882
15857,15862
15857,15867
15857,15872
15857,15875
15857,15879
15857,15881
15857,15882
15857,15885
15857,25868
15857,19983
15857,20943
15862,15867
15862,15872
15862,15875
15862,15879
15862,15881
15862,15882
15862,15885
15862,15888
15862,21560
15867,15872
15867,15875
15867,15879
15867,15881
15867,15882
15867,15885
15867,15888
15872,15875
15872,15879
15872,15882
15872,15885
15872,15888
15872,15894
15875,15879
15875,15881
15875,15882
15875,15885
15875,15891
15875,15894
15875,15898
15875,17020
15879,15882
15879,15885
15879,15888
15879,15891
15879,15894
15879,15898
15881,15882
15881,15885
15881,15888
15881,15891
15881,15894
15881,15898
15882,15885
15882,15888
15882,15891
15882,15894
15882,15898
15882,15904
15882,15909
15885,15888
15885,15891
15885,15894
15885,15898
15885,15904
15885,15909
15888,15891
15888,15894
15888,15898
15888,15904
15888,15909
15888,15915
15891,15894
15891,15898
15891,15904
15891,15909
15891,15915
15891,15917
15891,22461
15894,15898
15894,15904
15894,15909
15894,15915
15894,15917
15894,15918
15898,15904
15898,15909
15898,15915
15898,15917
15898,15918
15898,15922
15904,15909
15904,15915
15904,15917
15904,15918
15904,15922
15904,15926
15909,15915
15909,15917
15909,15918
15909,15922
15909,15924
15909,15926
15909,15934
15909,15935
15909,21522
15915,15918
15915,15922
15915,15924
15915,15926
15915,15935
15915,15936
15917,15918
15917,15922
15917,15924
15917,15926
15917,15934
15917,15935
15917,15936
15917,15943
15918,15924
15918,15926
15918,15934
15918,15935
15918,15936
15918,15943
15922,15924
15922,15926
15922,15934
15922,15943
15922,16663
15922,19323
15924,15926
15924,15934
15924,15936
15924,15943
15924,15960
15926,15934
15926,15935
15926,15936
15926,15943
15926,15960
15926,15961
15934,15935
15934,15936
15934,15943
15934,15960
15934,15961
15934,15965
15935,15936
15935,15943
15935,15960
15935,15961
15936,15943
15936,15960
15936,15961
15936,15965
15936,15968
15936,23765
15936,24369
15943,15960
15943,15961
15943,15965
15943,15968
15943,15979
15960,15965
15960,15996
15960,15998
15960,26322
15960,20358
15961,15965
15961,15968
15961,15979
15961,16004
15961,17528
15965,15968
15965,15979
15965,15996
15965,16004
15968,15979
15968,15996
15968,16004
15968,16277
15968,17422
15979,15996
15979,15998
15979,16004
15979,16017
15979,16837
15996,15998
15996,16004
15996,16017
15996,16027
15996,24367
15996,27424
15998,16004
15998,16017
15998,16027
15998,16033
16004,16017
16004,16027
16004,16033
16004,27325
16004,23952
16017,16027
16017,16033
16017,16035
16017,16044
16017,26444
16017,18987
16027,16033
16027,16035
16027,16044
16027,16046
16027,16052
16027,16053
16033,16035
16033,16044
16033,16046
16033,16052
16033,16053
16033,16683
16035,16046
16035,16052
16035,16053
16035,16059
16035,18124
16035,25561
16044,16046
16044,16052
16044,16053
16044,16063
16044,16070
16044,16075
16046,16052
16046,16053
16046,16059
16046,16063
16046,16070
16046,16075
16046,16083
16052,16053
16052,16059
16052,16063
16052,16070
16052,16083
16052,16087
16052,21342
16053,16059
16053,16063
16053,16070
16053,16075
16053,16083
16053,16087
16053,16088
16059,16063
16059,16070
16059,16075
16059,16083
16059,16087
16059,16088
16059,16101
16059,16116
16063,16070
16063,16075
16063,16087
16063,16088
16063,16101
16063,16116
16063,16117
16070,16075
16070,16087
16070,16088
16070,16101
16070,16116
16070,16122
16070,16125
16070,23477
16075,16083
16075,16087
16075,16088
16075,16101
16075,16116
16075,16117
16075,16122
16075,16125
16075,16127
16083,16087
16083,16088
16083,16101
16083,16116
16083,16117
16083,16122
16083,16125
16083,16127
16083,16130
16087,16088
16087,16101
16087,16116
16087,16117
16087,16122
16087,16125
16087,16127
16087,16130
16087,16133
16088,16101
16088,16116
16088,16117
16088,16122
16088,16125
16088,16127
16088,16130
16088,16133
16088,16136
16088,18243
16101,16116
16101,16117
16101,16122
16101,16125
16101,16133
16101,16136
16101,16137
16116,16117
16116,16122
16116,16125
16116,16130
16116,16133
16116,16136
16116,16148
16117,16122
16117,16127
16117,16130
16117,16133
16117,16136
16117,16137
16117,16148
16117,16150
16122,16125
16122,16127
16122,16130
16122,16133
16122,16136
16122,16137
16122,16148
16122,16150
16122,16151
16125,16127
16125,16130
16125,16133
16125,16136
16125,16137
16125,16148
16125,16151
16125,16153
16125,26958
16127,16130
16127,16133
16127,16136
16127,16137
16127,16148
16127,16150
16127,16151
16127,16153
16127,16155
16127,21212
16130,16133
16130,16136
16130,16137
16130,16148
16130,16150
16130,16151
16130,16153
16130,16155
16130,16157
16133,16136
16133,16137
16133,16148
16133,16150
16133,16151
16133,16153
16133,16155
16133,16157
16133,16162
16136,16137
16136,16148
16136,16150
16136,16151
16136,16153
16136,16155
16136,16157
16136,16162
16136,16165
16137,16148
16137,16150
16137,16151
16137,16153
16137,16155
16137,16162
16137,16165
16148,16150
16148,16151
16148,16153
16148,16155
16148,16157
16148,16162
16148,16165
16148,16178
16148,24506
16148,20112
16150,16151
16150,16153
16150,16155
16150,16157
16150,16162
16150,16165
16150,16178
16150,16179
16151,16155
16151,16157
16151,16162
16151,16165
16151,16178
16151,16179
16153,16155
16153,16157
16153,16162
16153,16165
16153,16178
16153,16179
16155,16157
16155,16162
16155,16178
16155,16179
16155,16199
16157,16162
16157,16165
16157,16178
16157,16199
16157,26936
16157,26582
16162,16165
16162,16178
16162,16179
16162,16199
16162,16208
16165,16178
16165,16179
16165,16199
16165,16208
16178,16179
16178,16199
16178,16208
16178,16216
16178,16220
16179,16199
16179,16208
16179,16216
16179,16220
16179,16225
16179,18407
16199,16208
16199,16216
16199,16220
16199,16232
16199,16234
16199,16243
16199,21555
16199,26028
16208,16216
16208,16220
16208,16225
16208,16232
16208,16243
16208,16246
16208,19695
16216,16220
16216,16225
16216,16232
16216,16234
16216,16243
16216,16246
16216,16255
16216,16272
16220,16225
16220,16232
16220,16234
16220,16243
16220,16246
16220,16255
16220,16272
16220,16275
16225,16234
16225,16243
16225,16246
16225,16272
16225,16275
16225,26038
16232,16234
16232,16243
16232,16246
16232,16255
16232,16272
16232,16275
16232,16277
16234,16243
16234,16246
16234,16255
16234,16272
16234,16275
16234,16277
16234,16282
16243,16246
16243,16255
16243,16272
16243,16275
16243,16277
16243,16282
16243,16284
16246,16255
16246,16275
16246,16282
16246,16284
16246,16287
16255,16272
16255,16275
16255,16277
16255,16282
16255,16284
16255,16287
16255,16292
16272,16275
16272,16277
16272,16282
16272,16284
16272,16287
16272,16292
16272,16297
16272,22855
16275,16282
16275,16284
16275,16287
16275,16292
16275,16297
16277,16282
16277,16287
16277,16292
16277,16297
16277,16314
16277,21364
16277,17422
16282,16284
16282,16287
16282,16297
16282,16314
16282,21326
16284,16287
16284,16297
16284,16314
16284,16319
16284,16327
16287,16292
16287,16297
16287,16314
16287,16319
16287,16327
16287,16329
16292,16297
16292,16314
16292,16327
16292,16329
16292,16332
16292,25477
16292,21709
16297,16314
16297,16327
16297,16329
16297,16332
16297,16334
16297,16335
16297,25709
16314,16319
16314,16329
16314,16332
16314,16334
16314,16335
16314,16339
16314,25621
16319,16327
16319,16329
16319,16332
16319,16334
16319,16335
16319,16339
16319,16353
16327,16329
16327,16332
16327,16334
16327,16335
16327,16339
16327,16353
16327,16358
16329,16332
16329,16334
16329,16335
16329,16339
16329,16353
16329,16358
16329,16359
16329,22566
16332,16334
16332,16335
16332,16339
16332,16353
16332,16358
16332,16359
16332,16362
16332,20423
16334,16335
16334,16339
16334,16353
16334,16358
16334,16359
16334,16362
16335,16339
16335,16353
16335,16358
16335,16359
16335,16362
16335,16366
16339,16358
16339,16359
16339,16362
16339,16366
16339,16368
16339,16369
16353,16358
16353,16359
16353,16362
16353,16366
16353,16368
16353,16369
16353,16370
16353,16372
16358,16359
16358,16362
16358,16366
16358,16368
16358,16369
16358,16370
16358,16372
16359,16366
16359,16368
16359,16369
16359,16370
16359,16372
16359,21912
16362,16366
16362,16368
16362,16369
16362,16370
16362,16382
16366,16368
16366,16369
16366,16370
16366,16372
16366,16382
16366,16385
16366,16393
16366,22554
16368,16369
16368,16372
16368,16382
16368,16385
16368,16393
16369,16370
16369,16372
16369,16382
16369,16385
16369,16393
16369,20206
16370,16372
16370,16382
16370,16385
16370,16393
16370,16408
16370,17728
16372,16382
16372,16385
16372,16393
16372,16408
16382,16385
16382,16408
16382,16432
16382,16435
16385,16393
16385,16408
16385,16432
16385,16435
16385,16436
16385,16442
16385,16669
16393,16408
16393,16432
16393,16435
16393,16443
16408,16432
16408,16435
16408,16436
16408,16442
16408,16443
16408,16447
16408,16451
16432,16435
16432,16436
16432,16442
16432,16443
16432,16447
16432,16451
16432,16454
16432,16455
16435,16436
16435,16442
16435,16443
16435,16447
16435,16451
16435,16454
16435,16456
16435,23797
16435,25100
16436,16442
16436,16443
16436,16447
16436,16451
16436,16454
16436,16456
16436,16462
16436,16598
16442,16443
16442,16451
16442,16454
16442,16455
16442,16456
16442,16462
16442,16465
16443,16451
16443,16454
16443,16455
16443,16456
16443,16462
16443,16465
16443,16467
16447,16451
16447,16454
16447,16455
16447,16456
16447,16462
16447,16465
16447,16467
16447,16468
16451,16454
16451,16455
16451,16456
16451,16462
16451,16465
16451,16468
16454,16455
16454,16456
16454,16462
16454,16465
16454,16473
16454,16712
16455,16456
16455,16462
16455,16465
16455,16467
16455,16473
16455,16477
16455,17162
16455,19695
16455,20413
16455,26980
16455,17366
16455,17280
16456,16462
16456,16465
16456,16467
16456,16468
16456,16477
16456,16483
16462,16465
16462,16467
16462,16468
16462,16473
16462,16477
16462,16483
16462,25481
16465,16467
16465,16468
16465,16473
16465,16483
16465,16485
16467,16468
16467,16473
16467,16477
16467,16485
16467,16491
16468,16473
16468,16483
16468,16485
16468,16491
16468,16492
16473,16477
16473,16483
16473,16485
16473,16491
16473,16492
16473,16494
16473,16500
16473,23219
16477,16485
16477,16491
16477,16494
16477,16510
16483,16485
16483,16491
16483,16492
16483,16494
16483,16500
16483,16510
16485,16491
16485,16492
16485,16494
16485,16500
16485,16514
16485,16516
16491,16494
16491,16500
16491,16510
16491,16516
16491,16517
16491,18859
16492,16494
16492,16510
16492,16514
16492,16517
16492,25298
16494,16500
16494,16510
16494,16514
16494,16516
16494,16517
16494,16519
16494,16520
16494,20067
16500,16510
16500,16516
16500,16519
16500,16520
16500,16524
16500,23171
16510,16514
16510,16516
16510,16517
16510,16519
16510,16520
16510,16523
16510,16524
16510,16526
16514,16516
16514,16519
16514,16520
16514,16523
16514,16524
16514,16526
16514,16539
16514,17964
16516,16517
16516,16519
16516,16520
16516,16523
16516,16524
16516,16526
16516,16542
16517,16519
16517,16520
16517,16523
16517,16524
16517,16526
16517,16539
16517,16542
16519,16524
16519,16526
16519,16539
16519,16542
16519,16546
16519,16548
16519,18245
16520,16523
16520,16524
16520,16526
16520,16539
16520,16542
16520,16546
16520,16551
16520,20049
16520,22264
16523,16524
16523,16526
16523,16539
16523,16542
16523,16546
16523,16548
16523,16551
16523,20558
16524,16526
16524,16539
16524,16542
16524,16546
16524,16548
16524,16551
16524,16565
16524,18562
16526,16539
16526,16542
16526,16546
16526,16548
16526,16551
16526,16565
16526,16566
16539,16542
16539,16546
16539,16548
16539,16551
16539,16565
16539,16566
16539,16572
16542,16546
16542,16548
16542,16551
16542,16565
16542,16566
16542,16572
16542,16574
16546,16548
16546,16551
16546,16565
16546,16566
16546,16572
16546,16574
16548,16551
16548,16565
16548,16566
16548,16572
16548,16574
16548,16584
16551,16565
16551,16566
16551,16572
16551,16574
16551,16584
16551,20978
16565,16566
16565,16574
16565,16584
16565,16596
16565,16597
16566,16574
16566,16584
16566,16596
16566,16597
16566,16598
16572,16574
16572,16584
16572,16596
16572,16597
16572,16598
16572,16599
16572,16613
16574,16584
16574,16596
16574,16597
16574,16598
16574,16599
16574,16613
16574,16615
16584,16596
16584,16597
16584,16598
16584,16599
16584,16613
16584,16615
16584,16620
16584,16628
16596,16598
16596,16599
16596,16613
16596,16615
16596,16620
16596,16628
16596,16635
16596,16638
16596,26894
16596,20733
16597,16598
16597,16599
16597,16613
16597,16620
16597,16628
16597,16635
16597,16638
16597,16646
16597,24433
16598,16599
16598,16613
16598,16615
16598,16620
16598,16628
16598,16635
16598,16646
16599,16613
16599,16615
16599,16620
16599,16635
16599,16638
16599,16646
16599,16655
16599,18702
16613,16615
16613,16620
16613,16628
16613,16646
16613,16655
16615,16620
16615,16628
16615,16635
16615,16638
16615,16646
16615,16655
16615,16659
16620,16628
16620,16635
16620,16655
16620,16659
16620,16663
16620,22015
16620,18879
16620,20203
16620,26493
16628,16635
16628,16638
16628,16646
16628,16655
16628,16659
16628,16663
16628,16666
16628,24780
16635,16638
16635,16646
16635,16655
16635,16659
16635,16663
16635,16666
16635,16669
16635,23005
16638,16646
16638,16655
16638,16659
16638,16663
16638,16666
16638,16670
16646,16655
16646,16659
16646,16663
16646,16669
16646,16670
16646,18207
16655,16659
16655,16663
16655,16666
16655,16669
16655,16670
16655,16674
16655,16675
16655,16676
16659,16663
16659,16666
16659,16669
16659,16670
16659,16675
16659,16683
16659,16688
16659,22362
16663,16666
16663,16669
16663,16670
16663,16674
16663,16675
16663,16676
16663,16683
16663,16701
16666,16669
16666,16670
16666,16675
16666,16676
16666,16683
16666,16688
16666,16701
16666,16702
16666,17395
16669,16670
16669,16674
16669,16675
16669,16676
16669,16688
16669,16701
16669,16702
16669,16704
16670,16674
16670,16675
16670,16676
16670,16683
16670,16688
16670,16701
16670,16702
16670,16704
16670,16706
16674,16675
16674,16676
16674,16683
16674,16688
16674,16701
16674,16702
16674,16704
16674,16706
16675,16676
16675,16683
16675,16701
16675,16702
16675,16704
16675,16706
16676,16688
16676,16701
16676,16702
16676,16704
16676,16706
16676,16712
16683,16688
16683,16701
16683,16702
16683,16704
16683,16706
16683,16712
16688,16701
16688,16702
16688,16704
16688,16706
16688,16712
16701,16702
16701,16704
16701,16706
16701,16712
16702,16704
16702,16706
16702,16712
16702,16731
16702,26609
16704,16706
16704,16712
16704,16731
16704,25745
16706,16712
16706,16731
16712,16734
16712,16737
16712,16741
16731,16734
16731,16741
16731,16743
16731,16751
16734,16737
16734,16741
16734,16749
16734,16751
16734,16755
16734,16763
16737,16741
16737,16743
16737,16749
16737,16751
16737,16755
16737,16763
16737,19319
16741,16743
16741,16749
16741,16751
16741,16755
16741,16763
16741,16769
16741,16772
16743,16749
16743,16751
16743,16755
16743,16763
16743,16769
16743,16772
16743,16779
16743,19349
16749,16751
16749,16755
16749,16763
16749,16769
16749,16772
16749,16779
16749,16780
16751,16755
16751,16763
16751,16769
16751,16772
16751,16779
16751,16780
16751,16789
16751,20707
16755,16769
16755,16772
16755,16779
16755,16780
16755,16789
16763,16769
16763,16772
16763,16779
16763,16780
16763,16789
16763,19353
16763,18282
16769,16772
16769,16779
16769,16780
16769,16800
16769,27053
16772,16779
16772,16789
16772,16800
16779,16789
16779,16809
16779,20227
16780,16789
16780,16800
16780,16809
16780,16814
16789,16800
16789,16809
16789,16814
16789,16817
16789,16821
16789,18790
16800,16809
16800,16817
16800,16821
16800,16823
16809,16814
16809,16817
16809,16821
16809,16823
16809,16830
16809,16831
16809,16833
16809,16837
16814,16821
16814,16830
16814,16831
16814,16832
16814,16837
16814,16840
16814,18880
16817,16821
16817,16823
16817,16830
16817,16831
16817,16833
16817,16840
16821,16823
16821,16830
16821,16831
16821,16832
16821,16833
16821,16837
16821,16840
16821,16849
16823,16830
16823,16831
16823,16832
16823,16833
16823,16837
16823,16840
16823,16849
16830,16831
16830,16832
16830,16833
16830,16837
16830,16840
16830,16849
16831,16832
16831,16833
16831,16840
16831,16849
16831,16852
16831,16854
16832,16833
16832,16837
16832,16840
16832,16849
16832,16852
16832,16854
16832,16855
16833,16837
16833,16840
16833,16849
16833,16852
16833,16854
16833,16855
16833,16856
16833,23281
16837,16840
16837,16849
16837,16852
16837,16854
16837,16855
16837,16856
16837,16859
16840,16849
16840,16852
16840,16854
16840,16856
16840,16859
16840,16862
16840,17951
16849,16852
16849,16854
16849,16855
16849,16862
16849,23727
16849,17703
16852,16854
16852,16855
16852,16856
16852,16859
16852,16869
16852,16882
16852,20413
16852,19886
16854,16855
16854,16856
16854,16859
16854,16862
16854,16869
16854,16882
16855,16856
16855,16859
16855,16862
16855,16869
16855,16882
16855,16898
16855,26666
16856,16859
16856,16862
16856,16869
16856,16882
16856,16898
16856,16906
16856,19929
16856,22404
16859,16862
16859,16869
16859,16882
16859,16898
16859,16906
16862,16869
16862,16882
16862,16898
16862,16906
16862,16914
16869,16882
16869,16898
16869,16914
16869,16916
16882,16898
16882,16906
16882,16914
16882,16916
16882,16922
16898,16906
16898,16914
16898,16916
16898,16922
16898,16926
16906,16914
16906,16922
16906,16926
16906,16932
16906,16938
16914,16916
16914,16922
16914,16926
16914,16932
16914,16938
16914,22489
16916,16922
16916,16926
16916,16932
16916,16938
16916,16944
16916,16951
16922,16926
16922,16932
16922,16938
16922,16944
16922,16951
16922,16952
16922,16955
16926,16932
16926,16938
16926,16944
16926,16951
16926,16952
16926,16955
16926,16956
16932,16938
16932,16944
16932,16951
16932,16952
16932,16955
16932,16956
16932,16965
16932,22202
16938,16944
16938,16951
16938,16952
16938,16955
16938,16956
16938,16965
16938,16968
16938,25910
16944,16951
16944,16952
16944,16955
16944,16956
16944,16965
16944,16968
16944,16971
16951,16952
16951,16955
16951,16956
16951,16965
16951,16968
16951,16971
16951,16972
16952,16955
16952,16956
16952,16965
16952,16968
16952,16971
16952,16972
16952,16976
16952,16980
16955,16956
16955,16965
16955,16968
16955,16972
16955,16976
16955,16980
16956,16965
16956,16968
16956,16971
16956,16976
16956,16980
16956,16981
16956,16986
16956,21782
16965,16968
16965,16971
16965,16972
16965,16976
16965,16980
16965,16981
16965,16986
16965,16987
16968,16971
16968,16972
16968,16976
16968,16980
16968,16981
16968,16986
16968,16987
16968,16990
16968,22702
16971,16976
16971,16981
16971,16987
16971,16990
16971,16996
16972,16976
16972,16980
16972,16986
16972,16987
16972,16990
16972,16996
16972,16999
16972,25867
16976,16980
16976,16981
16976,16986
16976,16990
16976,16996
16976,16999
16976,17011
16976,21459
16980,16981
16980,16986
16980,16987
16980,16990
16980,16999
16980,17011
16981,16986
16981,16987
16981,16990
16981,16996
16981,16999
16981,17011
16981,17017
16986,16987
16986,16990
16986,16996
16986,16999
16986,17011
16986,17017
16986,17019
16987,16990
16987,16996
16987,17011
16987,17017
16987,17019
16987,17020
16987,22424
16990,16996
16990,16999
16990,17011
16990,17017
16990,17019
16990,17020
16990,17021
16996,16999
16996,17011
16996,17017
16996,17019
16996,17020
16996,17022
16996,17026
16999,17017
16999,17019
16999,17020
16999,17022
16999,17026
16999,21482
16999,21045
17011,17017
17011,17019
17011,17020
17011,17022
17011,17026
17011,17048
17017,17020
17017,17021
17017,17022
17017,17026
17017,17048
17017,17053
17019,17020
17019,17021
17019,17022
17019,17026
17019,17048
17019,17053
17019,17058
17020,17021
17020,17022
17020,17026
17020,17048
17020,17058
17020,17059
17020,26248
17021,17022
17021,17026
17021,17048
17021,17059
17022,17026
17022,17048
17022,17053
17022,17058
17022,17059
17026,17048
17026,17058
17026,17059
17026,21285
17048,17053
17048,17058
17048,17059
17048,17077
17048,17079
17053,17059
17053,17077
17053,17079
17053,17083
17053,17087
17053,17344
17058,17059
17058,17077
17058,17079
17058,17083
17058,17087
17058,17089
17059,17077
17059,17079
17059,17083
17059,17087
17059,26245
17077,17079
17077,17083
17077,17087
17077,17089
17077,17090
17077,17092
17077,17094
17077,17100
17079,17083
17079,17087
17079,17089
17079,17090
17079,17094
17079,17100
17079,17107
17079,21988
17083,17087
17083,17089
17083,17090
17083,17092
17083,17094
17083,17100
17083,17107
17083,17121
17087,17089
17087,17090
17087,17092
17087,17094
17087,17100
17087,17107
17087,17121
17087,17131
17089,17090
17089,17092
17089,17094
17089,17100
17089,17107
17089,17132
17089,17986
17090,17092
17090,17094
17090,17100
17090,17107
17090,17121
17090,17131
17090,17132
17090,17137
17092,17094
17092,17100
17092,17121
17092,17131
17092,17132
17092,17137
17092,26329
17094,17100
17094,17107
17094,17121
17094,17132
17094,17137
17094,22864
17100,17107
17100,17121
17100,17131
17100,17137
17100,17143
17100,17144
17100,25548
17107,17121
17107,17131
17107,17132
17107,17137
17107,17143
17107,17144
17107,17145
17107,17146
17121,17132
17121,17137
17121,17144
17121,17145
17121,17146
17121,22580
17131,17132
17131,17137
17131,17144
17131,17145
17131,17146
17131,17148
17131,23189
17132,17137
17132,17143
17132,17144
17132,17148
17132,17149
17132,24043
17132,27260
17137,17143
17137,17144
17137,17145
17137,17146
17137,17148
17137,17149
17137,17153
17137,20170
17143,17144
17143,17145
17143,17146
17143,17148
17143,17149
17143,17153
17143,17155
17143,17157
17143,25723
17144,17146
17144,17149
17144,17155
17144,17157
17144,17162
17144,26602
17144,20158
17145,17148
17145,17153
17145,17155
17145,17157
17145,17162
17146,17148
17146,17149
17146,17155
17146,17157
17146,17162
17146,17171
17146,26942
17146,20197
17148,17149
17148,17153
17148,17155
17148,17162
17148,17171
17148,17179
17148,17183
17148,22566
17149,17153
17149,17155
17149,17157
17149,17162
17149,17171
17149,17179
17149,17183
17153,17155
17153,17157
17153,17162
17153,17171
17153,17179
17153,17183
17153,17190
17155,17157
17155,17162
17155,17171
17155,17179
17155,17183
17155,17190
17155,17194
17155,25202
17157,17162
17157,17171
17157,17179
17157,17183
17157,17190
17157,17194
17157,17195
17162,17179
17162,17183
17162,17194
17162,17195
17171,17179
17171,17183
17171,17190
17171,17194
17171,17195
17171,17196
17171,26054
17179,17183
17179,17195
17179,17196
17179,17205
17179,19433
17183,17190
17183,17194
17183,17195
17183,17196
17183,17205
17183,17210
17190,17194
17190,17195
17190,17196
17190,17205
17190,17210
17190,17215
17190,17218
17194,17195
17194,17196
17194,17205
17194,17210
17194,17215
17194,17218
17194,17219
17195,17196
17195,17205
17195,17210
17195,17215
17195,17218
17195,17219
17195,25481
17196,17205
17196,17210
17196,17215
17196,17218
17196,17219
17205,17210
17205,17215
17205,17218
17205,17219
17205,17231
17205,20199
17210,17215
17210,17218
17210,17219
17210,17231
17210,17242
17215,17218
17215,17219
17215,17231
17215,17242
17218,17219
17218,17242
17218,17250
17218,17251
17218,25650
17218,23132
17219,17231
17219,17242
17219,17250
17219,17251
17219,17257
17219,27244
17231,17242
17231,17250
17231,17257
17231,17258
17231,17260
17242,17251
17242,17257
17242,17258
17242,17260
17242,17270
17242,17271
17242,18130
17250,17251
17250,17257
17250,17258
17250,17260
17250,17270
17250,17271
17251,17257
17251,17258
17251,17260
17251,17270
17251,17271
17251,17274
17251,22943
17257,17258
17257,17260
17257,17270
17257,17271
17257,17274
17257,17279
17257,19244
17258,17260
17258,17270
17258,17274
17258,17279
17258,17280
17260,17270
17260,17271
17260,17274
17260,17279
17260,17280
17260,17287
17260,17289
17260,18684
17270,17271
17270,17279
17270,17280
17270,17287
17270,17289
17270,17291
17270,22860
17271,17274
17271,17279
17271,17280
17271,17287
17271,17291
17271,18276
17274,17279
17274,17280
17274,17289
17274,17291
17274,25635
17279,17280
17279,17287
17279,17289
17279,17291
17279,17309
17280,17287
17280,17289
17280,17291
17280,17315
17287,17289
17287,17309
17287,17315
17287,17321
17287,18132
17289,17291
17289,17309
17289,17315
17291,17309
17291,17315
17291,17321
17291,17331
17291,21764
17309,17315
17309,17321
17309,17331
17309,17335
17309,17337
17309,17338
17309,17340
17309,26180
17315,17321
17315,17331
17315,17334
17315,17335
17315,17337
17315,17338
17315,17340
17315,17343
17321,17331
17321,17334
17321,17335
17321,17337
17321,17338
17321,17340
17321,17343
17321,17344
17331,17334
17331,17337
17331,17338
17331,17340
17331,17343
17331,17351
17334,17335
17334,17337
17334,17340
17334,17343
17334,17351
17334,17355
17334,27444
17334,20097
17335,17337
17335,17338
17335,17340
17335,17343
17335,17344
17335,17351
17335,17355
17335,17356
17337,17338
17337,17340
17337,17343
17337,17344
17337,17351
17337,17355
17337,17356
17338,17340
17338,17343
17338,17344
17338,17351
17338,17355
17338,17356
17340,17344
17340,17351
17340,17355
17340,17356
17340,17360
17343,17344
17343,17355
17343,17356
17343,17360
17343,17363
17344,17355
17344,17356
17344,17360
17344,17363
17344,19980
17344,17618
17351,17355
17351,17356
17351,17360
17351,17363
17351,17366
17351,17368
17355,17356
17355,17360
17355,17363
17355,17366
17355,17368
17355,17375
17356,17360
17356,17363
17356,17366
17356,17368
17356,17375
17360,17363
17360,17366
17360,17368
17360,17375
17360,17395
17360,17404
17360,17415
17360,20393
17363,17366
17363,17368
17363,17375
17363,17395
17363,17404
17363,17415
17363,17421
17363,24678
17366,17375
17366,17395
17366,17404
17366,17415
17366,17421
17366,17422
17366,17426
17366,24701
17366,26245
17368,17395
17368,17404
17368,17421
17368,17422
17368,17426
17368,19705
17375,17395
17375,17404
17375,17421
17375,17422
17375,17426
17375,17436
17395,17404
17395,17415
17395,17421
17395,17422
17395,17426
17395,17436
17395,17439
17404,17421
17404,17422
17404,17426
17404,17436
17404,17439
17404,17443
17415,17422
17415,17426
17415,17436
17415,17439
17415,17443
17415,17450
17415,17455
17421,17422
17421,17436
17421,17439
17421,17443
17421,17450
17421,17455
17421,17457
17422,17426
17422,17436
17422,17443
17422,17450
17422,17455
17422,17462
17426,17436
17426,17439
17426,17443
17426,17455
17426,17457
17426,17463
17426,17912
17436,17439
17436,17443
17436,17450
17436,17457
17436,17462
17436,17463
17436,17466
17436,24866
17439,17443
17439,17450
17439,17455
17439,17457
17439,17462
17439,17463
17439,17466
17439,24680
17443,17450
17443,17455
17443,17462
17443,17463
17443,17466
17443,17477
17450,17455
17450,17457
17450,17462
17450,17463
17450,17466
17450,17477
17455,17462
17455,17463
17455,17466
17455,17477
17455,17483
17455,19509
17457,17462
17457,17463
17457,17466
17457,17477
17462,17463
17462,17466
17462,17477
17462,17483
17462,20124
17462,25650
17463,17466
17463,17477
17463,17483
17463,17494
17463,20915
17466,17477
17466,17483
17466,17494
17466,17498
17477,17494
17477,17498
17477,17506
17477,17515
17483,17494
17483,17498
17483,17506
17483,17515
17494,17498
17494,17506
17494,17515
17494,17528
17494,27290
17498,17506
17498,17515
17498,17528
17498,17529
17506,17515
17506,17528
17506,17529
17506,17535
17515,17528
17515,17529
17515,17535
17515,17536
17528,17529
17528,17535
17528,17536
17528,17539
17528,17548
17528,17549
17528,26915
17529,17535
17529,17536
17529,17539
17529,17549
17529,17552
17529,24995
17529,22882
17529,26596
17535,17536
17535,17539
17535,17548
17535,17552
17535,17554
17535,17555
17536,17539
17536,17548
17536,17549
17536,17552
17536,17555
17536,17557
17539,17548
17539,17549
17539,17552
17539,17554
17539,17555
17539,17557
17539,17559
17548,17549
17548,17552
17548,17555
17548,17557
17548,17559
17548,17568
17548,24774
17549,17552
17549,17554
17549,17555
17549,17557
17549,17559
17549,17568
17549,23677
17552,17554
17552,17555
17552,17557
17552,17559
17552,17568
17552,17581
17552,21601
17554,17555
17554,17557
17554,17559
17554,17568
17554,17581
17554,17587
17555,17559
17555,17568
17555,17581
17555,17587
17555,17588
17557,17559
17557,17568
17557,17581
17557,17587
17559,17568
17559,17581
17559,17587
17559,17588
17559,17594
17568,17581
17568,17587
17568,17588
17568,17594
17568,17597
17568,17600
17568,19076
17581,17587
17581,17588
17581,17594
17581,17597
17581,17600
17581,17603
17581,17618
17581,21033
17581,23789
17587,17588
17587,17594
17587,17597
17587,17600
17587,17603
17587,17618
17588,17594
17588,17597
17588,17600
17588,17603
17588,17618
17588,26250
17594,17600
17594,17603
17594,17618
17594,17622
17594,17625
17594,25467
17594,19143
17594,23348
17597,17600
17597,17603
17597,17618
17597,17622
17597,17625
17597,17630
17600,17618
17600,17622
17600,17625
17600,17630
17600,17635
17603,17618
17603,17622
17603,17630
17603,17635
17603,17647
17603,24607
17603,27182
17618,17622
17618,17625
17618,17630
17618,17635
17618,17647
17618,17650
17618,17654
17622,17630
17622,17635
17622,17647
17622,17650
17622,17654
17622,17656
17622,17657
17622,20194
17622,25136
17625,17630
17625,17635
17625,17650
17625,17654
17625,17656
17625,17657
17625,17660
17630,17635
17630,17650
17630,17654
17630,17656
17630,17657
17630,17660
17635,17647
17635,17650
17635,17654
17635,17656
17635,17660
17635,17665
17635,17666
17635,25181
17635,19925
17647,17650
17647,17654
17647,17656
17647,17657
17647,17660
17647,17665
17647,17666
17647,17667
17650,17654
17650,17657
17650,17660
17650,17665
17650,17666
17650,17667
17650,17668
17654,17656
17654,17657
17654,17660
17654,17665
17654,17666
17654,17667
17654,17668
17654,17673
17656,17657
17656,17660
17656,17665
17656,17666
17656,17667
17656,17668
17656,17673
17656,22787
17657,17660
17657,17665
17657,17667
17657,17668
17657,17673
17660,17665
17660,17666
17660,17667
17660,17668
17660,17673
17660,17676
17660,17677
17665,17666
17665,17667
17665,17668
17665,17673
17665,17676
17665,17677
17665,17695
17665,25330
17666,17667
17666,17668
17666,17673
17666,17676
17666,17677
17666,17689
17666,17695
17666,17702
17667,17668
17667,17673
17667,17676
17667,17677
17667,17689
17667,17695
17667,17702
17667,17703
17668,17673
17668,17676
17668,17677
17668,17689
17668,17695
17668,17702
17668,17703
17668,26908
17673,17676
17673,17677
17673,17689
17673,17695
17673,17702
17673,17703
17673,17705
17676,17677
17676,17689
17676,17695
17676,17702
17676,17703
17676,17705
17676,17712
17676,17715
17677,17689
17677,17695
17677,17702
17677,17703
17677,17712
17677,17715
17677,17717
17689,17695
17689,17702
17689,17703
17689,17705
17689,17712
17689,17715
17689,17717
17689,17718
17695,17702
17695,17703
17695,17705
17695,17712
17695,17715
17695,17717
17695,17718
17695,17725
17702,17703
17702,17705
17702,17712
17702,17715
17702,17717
17702,17718
17702,17725
17702,17728
17703,17705
17703,17712
17703,17715
17703,17717
17703,17718
17703,17725
17703,17728
17703,17732
17705,17712
17705,17715
17705,17717
17705,17718
17705,17725
17705,17728
17705,17732
17705,17735
17705,17740
17712,17715
17712,17717
17712,17718
17712,17725
17712,17732
17712,17735
17712,17740
17715,17717
17715,17718
17715,17725
17715,17728
17715,17732
17715,17735
17715,17740
17715,17749
17717,17718
17717,17725
17717,17728
17717,17735
17717,17740
17717,17749
17717,17750
17718,17725
17718,17728
17718,17732
17718,17735
17718,17740
17718,17749
17718,17750
17718,17752
17725,17728
17725,17732
17725,17735
17725,17740
17725,17749
17725,17750
17725,17752
17728,17732
17728,17740
17728,17749
17728,17750
17728,17752
17728,17767
17732,17735
17732,17740
17732,17749
17732,17750
17732,17752
17732,17768
17732,25944
17735,17740
17735,17750
17735,17752
17735,17767
17735,17768
17735,17769
17740,17749
17740,17750
17740,17752
17740,17767
17740,17768
17740,17769
17740,19229
17749,17750
17749,17768
17749,17769
17749,17774
17749,17776
17749,17781
17749,20619
17749,21060
17749,21960
17750,17752
17750,17767
17750,17768
17750,17769
17750,17774
17750,17776
17750,20860
17752,17767
17752,17768
17752,17769
17752,17774
17752,17776
17752,17781
17752,17785
17767,17768
17767,17774
17767,17776
17767,17785
17767,17787
17767,17788
17767,22142
17768,17769
17768,17774
17768,17788
17768,17792
17769,17774
17769,17776
17769,17781
17769,17788
17769,17792
17769,23973
17769,22943
17774,17776
17774,17781
17774,17785
17774,17787
17774,17792
17776,17781
17776,17785
17776,17787
17776,17788
17776,17792
17776,17798
17776,20558
17776,18701
17781,17785
17781,17787
17781,17788
17781,17792
17781,17798
17781,17802
17785,17787
17785,17788
17785,17792
17785,17798
17785,17802
17785,17806
17787,17788
17787,17792
17787,17798
17787,17802
17787,17817
17787,21706
17788,17792
17788,17798
17788,17802
17788,17806
17788,17817
17792,17798
17792,17802
17792,17806
17792,17817
17792,17821
17798,17802
17798,17806
17798,17817
17798,17821
17798,17822
17798,17824
17798,20982
17802,17806
17802,17817
17802,17821
17802,17824
17802,17828
17802,24022
17802,18024
17806,17817
17806,17821
17806,17822
17806,17824
17806,17828
17806,17834
17817,17821
17817,17822
17817,17828
17817,17834
17817,17840
17817,21049
17817,23049
17821,17822
17821,17824
17821,17828
17821,17853
17821,17860
17822,17824
17822,17828
17822,17834
17822,17840
17822,17853
17822,17860
17822,17861
17824,17828
17824,17834
17824,17840
17824,17853
17824,17860
17824,17861
17824,17863
17824,17864
17828,17834
17828,17840
17828,17853
17828,17860
17828,17861
17828,17863
17828,17864
17828,17868
17834,17840
17834,17853
17834,17860
17834,17861
17834,17863
17834,17864
17834,17868
17834,17873
17840,17860
17840,17861
17840,17863
17840,17864
17840,17868
17840,17876
17840,20623
17840,20410
17853,17860
17853,17861
17853,17863
17853,17864
17853,17868
17853,17873
17853,17876
17853,17878
17853,17883
17860,17861
17860,17863
17860,17864
17860,17868
17860,17873
17860,17876
17860,17878
17860,17883
17861,17863
17861,17864
17861,17868
17861,17873
17861,17876
17861,17878
17861,17883
17861,17886
17863,17864
17863,17868
17863,17873
17863,17876
17863,17878
17863,17883
17863,17886
17863,19039
17864,17873
17864,17876
17864,17878
17864,17883
17864,17886
17864,22315
17868,17873
17868,17876
17868,17878
17868,17883
17868,17886
17873,17876
17873,17878
17873,17883
17873,17886
17873,17893
17876,17878
17876,17883
17876,17886
17876,17893
17876,19621
17876,21002
17878,17886
17878,17893
17878,17900
17878,17908
17878,18128
17883,17886
17883,17893
17883,17900
17883,17908
17883,17909
17886,17893
17886,17900
17886,17908
17886,17909
17886,17912
17886,26601
17893,17900
17893,17909
17893,17912
17893,17919
17893,17922
17900,17908
17900,17909
17900,17912
17900,17918
17900,17919
17900,17922
17900,27310
17908,17909
17908,17912
17908,17918
17908,17919
17908,17922
17909,17912
17909,17918
17909,17919
17909,17922
17909,17938
17909,18597
17909,24758
17909,24323
17912,17918
17912,17919
17912,17922
17912,17938
17912,18894
17918,17919
17918,17922
17918,17938
17918,17940
17918,17945
17918,26279
17919,17922
17919,17940
17919,17942
17919,17945
17919,17947
17922,17938
17922,17940
17922,17942
17922,17945
17922,17950
17922,17951
17938,17942
17938,17945
17938,17947
17938,17950
17938,17951
17938,17952
17938,17954
17938,22861
17940,17942
17940,17951
17940,17952
17940,17954
17940,17956
17942,17945
17942,17947
17942,17950
17942,17951
17942,17952
17942,17954
17942,17956
17945,17947
17945,17950
17945,17951
17945,17952
17945,17954
17945,17956
17945,17964
17947,17950
17947,17951
17947,17954
17947,17956
17947,17964
17947,17966
17947,25783
17950,17951
17950,17952
17950,17954
17950,17956
17950,17964
17950,17966
17950,17969
17951,17952
17951,17954
17951,17956
17951,17964
17951,17966
17951,17969
17951,17970
17952,17954
17952,17956
17952,17964
17952,17966
17952,17969
17952,17970
17952,17979
17954,17956
17954,17964
17954,17966
17954,17969
17954,17970
17954,17979
17956,17964
17956,17966
17956,17969
17956,17970
17956,17979
17956,17983
17956,24595
17964,17966
17964,17969
17964,17970
17964,17983
17964,17986
17964,17987
17964,17988
17964,20362
17966,17969
17966,17970
17966,17979
17966,17983
17966,17986
17966,17987
17966,17988
17966,17989
17969,17970
17969,17979
17969,17983
17969,17986
17969,17987
17969,17988
17969,17989
17969,18000
17970,17979
17970,17983
17970,17986
17970,17988
17970,17989
17970,18000
17970,18003
17970,27177
17979,17983
17979,17986
17979,17988
17979,17989
17979,18000
17979,18003
17979,26364
17983,17986
17983,17987
17983,17988
17983,17989
17983,18000
17983,18003
17983,18004
17983,18008
17983,18012
17986,17987
17986,17988
17986,17989
17986,18000
17986,18003
17986,18004
17986,18008
17986,18012
17987,17988
17987,17989
17987,18000
17987,18003
17987,18004
17987,18008
17987,18012
17987,18019
17988,17989
17988,18000
17988,18003
17988,18004
17988,18008
17988,18012
17988,18019
17988,18024
17989,18000
17989,18003
17989,18004
17989,18008
17989,18012
17989,18019
17989,18024
17989,18028
17989,25084
18000,18003
18000,18004
18000,18008
18000,18012
18000,18019
18000,18028
18003,18004
18003,18008
18003,18012
18003,18024
18003,18028
18003,21991
18004,18012
18004,18019
18004,18028
18004,18038
18004,19190
18008,18012
18008,18019
18008,18024
18008,18028
18008,18038
18008,18050
18012,18019
18012,18024
18012,18028
18012,18050
18012,18054
18012,22927
18019,18024
18019,18028
18019,18038
18019,18050
18019,18054
18019,18055
18019,18062
18024,18028
18024,18038
18024,18050
18024,18054
18024,18062
18028,18038
18028,18050
18028,18054
18028,18055
18028,18062
18028,18070
18038,18050
18038,18054
18038,18055
18038,18062
18038,18070
18038,18083
18038,18086
18050,18054
18050,18055
18050,18062
18050,18070
18050,18083
18050,18086
18050,18088
18050,20139
18054,18055
18054,18062
18054,18070
18054,18083
18054,18086
18054,18088
18054,18089
18054,24975
18055,18062
18055,18070
18055,18083
18055,18086
18055,18088
18055,18089
18062,18070
18062,18083
18062,18086
18062,18088
18062,18089
18062,18094
18070,18083
18070,18088
18070,18089
18070,18094
18070,24712
18083,18088
18083,18089
18083,18094
18083,18101
18083,18103
18083,20712
18086,18088
18086,18089
18086,18094
18086,18101
18086,18103
18086,18105
18088,18089
18088,18094
18088,18101
18088,18105
18088,18120
18088,18124
18089,18094
18089,18101
18089,18103
18089,18105
18089,18120
18089,18128
18089,26210
18094,18101
18094,18103
18094,18105
18094,18120
18094,18124
18094,18128
18094,18130
18094,18132
18101,18105
18101,18120
18101,18128
18101,18130
18101,18132
18101,18137
18101,18141
18103,18105
18103,18120
18103,18124
18103,18128
18103,18130
18103,18132
18103,18141
18103,18144
18103,26584
18105,18120
18105,18124
18105,18128
18105,18130
18105,18132
18105,18137
18105,18141
18105,18144
18105,18145
18120,18124
18120,18128
18120,18130
18120,18132
18120,18137
18120,18141
18120,18144
18120,18145
18124,18128
18124,18130
18124,18137
18124,18141
18124,18144
18124,18145
18128,18130
18128,18132
18128,18137
18128,18141
18128,18144
18128,18145
18128,18157
18128,25029
18130,18132
18130,18137
18130,18141
18130,18144
18130,18145
18130,18157
18130,18158
18132,18137
18132,18141
18132,18144
18132,18145
18132,18157
18132,18158
18132,23845
18137,18141
18137,18144
18137,18145
18137,18157
18137,18158
18137,18160
18141,18144
18141,18145
18141,18157
18141,18158
18141,18160
18141,18167
18141,23833
18144,18145
18144,18157
18144,18158
18144,18167
18145,18157
18145,18158
18145,18160
18145,18167
18145,18170
18145,20676
18157,18158
18157,18160
18157,18167
18157,18170
18158,18160
18158,18167
18158,18170
18158,18198
18158,18200
18160,18167
18160,18170
18160,18198
18160,18200
18160,18203
18167,18170
18167,18198
18167,18200
18167,18203
18167,18207
18167,22790
18170,18198
18170,18200
18170,18203
18170,18211
18198,18200
18198,18203
18198,18207
18198,18211
18198,18220
18198,18235
18198,19199
18200,18203
18200,18207
18200,18211
18200,18220
18200,18235
18200,18238
18200,24235
18203,18207
18203,18211
18203,18220
18203,18235
18203,18241
18203,18242
18207,18211
18207,18220
18207,18235
18207,18241
18207,18242
18207,18243
18211,18220
18211,18235
18211,18238
18211,18241
18211,18242
18211,18243
18211,18245
18220,18235
18220,18238
18220,18241
18220,18243
18220,18245
18220,18247
18220,19199
18220,20148
18220,19517
18235,18238
18235,18241
18235,18242
18235,18243
18235,18245
18235,18247
18235,18253
18235,18254
18235,18532
18235,24701
18238,18242
18238,18243
18238,18245
18238,18247
18238,18253
18238,18254
18238,27025
18238,26139
18238,20558
18241,18242
18241,18245
18241,18253
18241,18254
18241,18258
18242,18243
18242,18245
18242,18247
18242,18253
18242,18254
18242,18258
18242,18261
18243,18245
18243,18247
18243,18254
18243,18258
18243,18261
18245,18247
18245,18253
18245,18254
18245,18258
18245,18261
18245,18271
18247,18253
18247,18254
18247,18258
18247,18261
18253,18254
18253,18261
18253,18276
18253,24456
18254,18258
18254,18261
18254,18271
18254,18276
18258,18261
18258,18276
18258,18280
18258,18282
18258,19886
18261,18271
18261,18276
18261,18280
18261,18282
18261,23307
18271,18276
18271,18280
18271,18282
18271,18283
18271,18288
18271,18292
18276,18280
18276,18283
18276,18288
18276,18292
18276,18294
18276,18300
18280,18282
18280,18283
18280,18288
18280,18292
18280,18294
18280,18300
18280,18301
18282,18283
18282,18288
18282,18292
18282,18294
18282,18301
18282,19869
18283,18288
18283,18292
18283,18294
18283,18301
18283,18309
18288,18292
18288,18294
18288,18301
18288,18309
18288,18315
18288,18324
18292,18294
18292,18300
18292,18301
18292,18309
18292,18315
18294,18300
18294,18301
18294,18309
18294,18324
18294,18332
18300,18301
18300,18309
18300,18315
18300,18324
18300,18327
18300,18332
18300,18333
18301,18309
18301,18315
18301,18324
18301,18327
18301,18332
18301,18333
18301,18336
18309,18315
18309,18324
18309,18327
18309,18332
18309,18333
18309,18336
18309,18337
18309,18348
18315,18324
18315,18327
18315,18332
18315,18333
18315,18336
18315,18337
18315,18340
18315,18348
18315,18350
18324,18327
18324,18332
18324,18333
18324,18336
18324,18337
18324,18340
18324,18348
18324,18350
18324,18355
18327,18332
18327,18333
18327,18336
18327,18337
18327,18340
18327,18348
18327,18350
18327,18355
18327,18356
18332,18333
18332,18336
18332,18337
18332,18340
18332,18348
18332,18350
18332,18355
18332,18356
18333,18336
18333,18337
18333,18340
18333,18348
18333,18355
18333,18356
18333,18372
18336,18337
18336,18340
18336,18348
18336,18350
18336,18355
18336,18356
18336,18372
18336,18375
18337,18348
18337,18350
18337,18355
18337,18356
18337,18372
18337,18375
18337,18378
18337,23535
18340,18348
18340,18350
18340,18355
18340,18356
18340,18372
18340,18375
18340,18378
18340,18379
18348,18350
18348,18355
18348,18356
18348,18372
18348,18375
18348,18378
18348,18379
18350,18355
18350,18372
18350,18375
18350,18378
18350,18379
18350,18384
18350,23629
18355,18356
18355,18372
18355,18375
18355,18379
18355,18384
18355,18407
18355,18409
18356,18375
18356,18378
18356,18379
18356,18384
18356,18407
18356,18409
18356,18410
18356,19611
18356,24945
18372,18375
18372,18378
18372,18379
18372,18407
18372,18409
18372,22687
18372,21510
18375,18378
18375,18384
18375,18407
18375,18409
18375,18410
18375,24918
18375,26921
18378,18379
18378,18384
18378,18407
18378,18409
18378,18410
18378,18425
18379,18384
18379,18407
18379,18409
18379,18410
18379,18425
18379,18426
18384,18407
18384,18409
18384,18410
18384,18425
18384,18426
18384,18428
18384,24910
18407,18409
18407,18410
18407,18425
18407,18426
18407,18428
18407,18433
18409,18410
18409,18426
18409,18428
18409,18433
18409,18440
18409,19084
18410,18425
18410,18426
18410,18428
18410,18433
18410,18440
18425,18426
18425,18428
18425,18433
18425,18440
18425,18444
18425,18445
18425,18448
18426,18428
18426,18433
18426,18440
18426,18444
18426,18445
18426,18448
18428,18433
18428,18440
18428,18445
18428,18448
18428,18454
18433,18440
18433,18444
18433,18445
18433,18448
18433,18454
18433,18460
18440,18444
18440,18445
18440,18454
18440,18460
18440,22754
18444,18445
18444,18454
18444,18460
18444,18473
18444,18476
18444,18478
18445,18448
18445,18454
18445,18460
18445,18473
18445,18476
18445,18486
18448,18454
18448,18460
18448,18473
18448,18476
18448,18478
18448,18486
18454,18460
18454,18473
18454,18476
18454,18478
18454,18486
18454,18487
18454,18490
18454,18492
18460,18476
18460,18478
18460,18486
18460,18490
18460,18492
18473,18476
18473,18478
18473,18486
18473,18487
18473,18490
18473,18492
18476,18478
18476,18486
18476,18487
18476,18490
18476,18492
18476,18512
18476,24199
18478,18486
18478,18487
18478,18490
18478,18492
18478,18512
18478,18515
18486,18487
18486,18490
18486,18492
18486,18512
18486,18515
18486,18522
18487,18490
18487,18492
18487,18512
18487,18515
18490,18492
18490,18512
18490,18515
18490,18522
18490,18528
18490,18879
18492,18515
18492,18522
18492,18528
18492,18532
18492,22188
18512,18515
18512,18528
18512,18532
18512,18540
18515,18522
18515,18528
18515,18532
18515,18540
18515,18542
18515,18544
18522,18528
18522,18532
18522,18540
18522,18542
18522,18544
18522,18547
18522,25311
18528,18532
18528,18542
18528,18544
18528,18547
18528,18551
18532,18540
18532,18542
18532,18547
18532,18551
18532,18554
18532,18562
18540,18542
18540,18544
18540,18547
18540,18551
18540,18554
18540,18562
18540,18567
18540,18569
18540,18574
18542,18544
18542,18547
18542,18554
18542,18562
18542,18567
18542,18569
18542,18574
18542,25737
18542,27240
18542,23786
18544,18547
18544,18551
18544,18567
18544,18569
18544,18574
18544,18583
18547,18551
18547,18554
18547,18562
18547,18567
18547,18569
18547,18574
18547,18583
18547,18585
18551,18554
18551,18562
18551,18567
18551,18569
18551,18574
18551,18583
18551,18585
18551,18587
18554,18562
18554,18567
18554,18569
18554,18583
18554,18585
18554,18587
18554,18589
18562,18567
18562,18569
18562,18585
18562,18587
18562,18589
18567,18569
18567,18574
18567,18583
18567,18585
18567,18587
18567,18597
18567,25913
18569,18574
18569,18583
18569,18585
18569,18587
18569,18589
18569,18597
18569,18600
18574,18583
18574,18585
18574,18589
18574,18597
18574,18600
18583,18585
18583,18587
18583,18589
18583,18597
18583,18613
18583,18617
18585,18587
18585,18589
18585,18597
18585,18613
18585,18617
18585,18620
18585,26375
18587,18589
18587,18597
18587,18600
18587,18613
18587,18617
18589,18597
18589,18600
18589,18613
18589,18617
18589,18620
18589,18634
18597,18613
18597,18617
18597,18620
18597,18634
18597,18635
18597,18643
18600,18617
18600,18620
18600,18634
18600,18635
18600,18643
18600,18647
18600,22758
18613,18617
18613,18620
18613,18634
18613,18635
18613,18643
18613,18647
18613,18651
18613,18652
18617,18620
18617,18634
18617,18635
18617,18643
18617,18647
18617,18651
18617,18652
18620,18634
18620,18635
18620,18643
18620,18651
18620,18652
18620,18659
18634,18635
18634,18643
18634,18647
18634,18651
18634,18652
18634,18664
18634,23032
18635,18643
18635,18647
18635,18651
18635,18652
18635,18659
18635,18664
18643,18647
18643,18652
18643,18659
18643,18664
18643,18669
18643,20483
18647,18651
18647,18652
18647,18664
18647,18669
18651,18652
18651,18659
18651,18664
18651,18669
18651,18683
18652,18659
18652,18664
18652,18683
18652,18684
18659,18664
18659,18669
18659,18683
18659,18684
18659,18686
18659,18693
18664,18669
18664,18683
18664,18684
18664,18686
18664,18693
18664,18701
18669,18683
18669,18684
18669,18686
18669,18701
18669,18702
18669,18704
18669,26936
18683,18684
18683,18686
18683,18693
18683,18701
18683,18702
18683,18704
18684,18686
18684,18693
18684,18701
18684,18702
18684,18704
18684,18707
18684,25729
18686,18693
18686,18701
18686,18702
18686,18704
18686,18707
18693,18701
18693,18702
18693,18704
18693,18707
18693,18720
18701,18702
18701,18704
18701,18707
18701,18720
18701,18735
18701,26774
18702,18704
18702,18707
18702,18720
18702,18731
18702,18744
18702,18902
18704,18707
18704,18720
18704,18731
18704,18735
18704,18744
18704,18746
18707,18720
18707,18731
18707,18735
18707,18744
18720,18731
18720,18735
18720,18744
18720,18746
18720,18747
18720,18749
18720,18757
18731,18735
18731,18744
18731,18746
18731,18747
18731,18749
18731,18757
18731,18759
18735,18744
18735,18746
18735,18747
18735,18749
18735,18757
18735,18759
18744,18746
18744,18749
18744,18757
18744,18759
18744,22148
18744,21350
18744,27379
18746,18747
18746,18749
18746,18757
18746,18759
18746,18772
18747,18749
18747,18757
18747,18759
18747,18772
18749,18759
18749,18772
18757,18759
18757,18772
18757,18786
18759,18772
18759,18786
18759,20116
18772,18786
18772,18790
18772,18791
18772,18798
18772,19866
18786,18790
18786,18791
18786,18798
18786,18802
18786,18806
18786,18808
18790,18791
18790,18802
18790,18806
18790,18808
18790,18816
18790,26287
18790,25202
18791,18798
18791,18802
18791,18806
18791,18808
18791,18816
18791,18819
18791,18821
18798,18806
18798,18808
18798,18816
18798,18819
18798,18821
18798,23179
18802,18806
18802,18808
18802,18816
18802,18819
18802,18821
18802,18831
18802,26735
18806,18808
18806,18819
18806,18821
18806,18831
18806,18835
18808,18819
18808,18821
18808,18831
18808,18835
18808,18836
18808,22878
18816,18819
18816,18821
18816,18831
18816,18835
18816,18836
18816,18841
18816,18859
18819,18831
18819,18835
18819,18836
18819,18841
18819,18876
18819,23424
18821,18831
18821,18835
18821,18836
18821,18841
18821,18859
18821,18876
18821,22405
18821,20799
18831,18835
18831,18836
18831,18841
18831,18859
18831,18876
18831,18879
18831,18880
18835,18836
18835,18841
18835,18859
18835,18876
18835,18879
18835,18880
18835,18884
18835,25232
18836,18841
18836,18859
18836,18876
18836,18879
18836,18880
18836,18884
18841,18859
18841,18876
18841,18879
18841,18880
18841,18884
18841,18894
18841,18897
18859,18876
18859,18879
18859,18880
18859,18884
18859,18894
18859,18897
18859,18902
18876,18879
18876,18880
18876,18884
18876,18894
18876,18897
18876,18902
18876,18908
18879,18880
18879,18884
18879,18894
18879,18897
18879,18908
18879,18910
18879,18912
18880,18884
18880,18894
18880,18897
18880,18902
18880,18908
18880,18910
18880,18912
18884,18894
18884,18897
18884,18902
18884,18910
18884,18912
18884,18919
18884,18921
18884,24561
18894,18897
18894,18902
18894,18908
18894,18919
18894,18921
18897,18902
18897,18908
18897,18910
18897,18912
18897,18919
18897,18921
18897,18929
18902,18908
18902,18910
18902,18912
18902,18919
18902,18921
18902,18929
18908,18910
18908,18912
18908,18919
18908,18929
18908,18938
18908,25067
18908,25370
18910,18912
18910,18919
18910,18921
18910,18929
18910,18938
18912,18919
18912,18921
18912,18929
18912,18938
18912,18948
18919,18921
18919,18929
18919,18938
18919,18948
18919,18951
18921,18929
18921,18938
18921,18948
18921,18951
18929,18938
18929,18948
18929,18951
18929,18960
18929,21919
18938,18951
18938,18958
18938,18960
18938,22668
18948,18951
18948,18958
18948,18960
18948,18967
18951,18958
18951,18960
18951,18967
18951,18977
18958,18960
18958,18967
18958,18977
18958,18981
18958,18987
18958,18989
18960,18967
18960,18977
18960,18987
18960,18989
18967,18981
18967,18987
18967,18989
18967,18991
18967,18996
18977,18981
18977,18987
18977,18989
18977,18991
18977,19002
18977,19017
18977,19018
18977,23631
18981,18987
18981,18989
18981,18991
18981,18996
18981,19002
18981,19017
18981,19022
18981,26190
18987,18989
18987,18991
18987,18996
18987,19002
18987,19017
18987,19022
18989,18991
18989,18996
18989,19002
18989,19017
18989,19018
18989,19022
18989,19028
18991,18996
18991,19002
18991,19017
18991,19018
18991,19022
18991,19028
18991,19032
18996,19002
18996,19017
18996,19018
18996,19022
18996,19028
18996,19031
18996,19032
18996,27315
19002,19017
19002,19018
19002,19022
19002,19028
19002,19032
19002,23460
19017,19018
19017,19022
19017,19028
19017,19031
19017,19032
19017,19039
19018,19022
19018,19028
19018,19032
19018,19039
19018,25711
19018,23948
19018,27380
19022,19028
19022,19031
19022,19032
19022,19039
19028,19031
19028,19032
19028,19039
19028,19045
19028,19866
19031,19032
19031,19039
19031,19045
19031,19056
19032,19039
19032,19045
19032,19056
19032,19064
19039,19045
19039,19064
19039,19069
19039,19073
19039,19076
19045,19056
19045,19064
19045,19069
19045,19073
19045,19076
19045,19084
19056,19064
19056,19069
19056,19073
19056,19076
19056,19084
19056,19089
19064,19069
19064,19073
19064,19076
19064,19084
19064,19089
19069,19073
19069,19076
19069,19084
19073,19076
19073,19084
19073,19089
19073,19110
19076,19089
19076,19110
19076,24047
19084,19089
19084,19110
19084,19118
19084,19120
19089,19110
19089,19118
19089,19120
19089,19125
19110,19118
19110,19120
19110,19125
19110,19128
19110,19138
19110,19143
19118,19120
19118,19125
19118,19128
19118,19138
19118,19143
19118,19144
19118,19148
19120,19125
19120,19138
19120,19143
19120,19144
19120,19148
19120,19153
19120,20265
19125,19128
19125,19138
19125,19143
19125,19144
19125,19148
19125,19153
19125,19163
19128,19138
19128,19143
19128,19144
19128,19148
19128,19153
19128,19163
19128,19169
19128,27149
19138,19143
19138,19144
19138,19148
19138,19153
19138,19163
19138,19169
19138,19171
19143,19144
19143,19148
19143,19153
19143,19169
19143,19171
19143,19172
19143,19174
19143,27359
19144,19148
19144,19153
19144,19163
19144,19169
19144,19172
19144,19174
19148,19153
19148,19163
19148,19169
19148,19171
19148,19172
19148,19174
19148,19177
19153,19163
19153,19169
19153,19171
19153,19174
19153,19177
19163,19169
19163,19171
19163,19174
19163,19177
19163,19190
19169,19171
19169,19172
19169,19174
19169,19177
19169,19190
19169,19191
19171,19172
19171,19174
19171,19177
19171,19190
19171,19191
19171,19199
19172,19174
19172,19177
19172,19190
19172,19191
19172,19199
19174,19177
19174,19190
19174,19191
19174,19199
19174,19208
19177,19190
19177,19191
19177,19199
19177,19208
19177,19211
19177,23145
19190,19191
19190,19208
19190,19211
19190,19213
19191,19199
19191,19208
19191,19211
19191,19213
19191,19220
19199,19208
19199,19211
19199,19220
19199,19227
19199,19229
19199,26365
19208,19211
19208,19213
19208,19220
19208,19227
19208,19229
19208,19232
19211,19213
19211,19220
19211,19227
19211,19229
19211,19232
19211,19244
19213,19220
19213,19227
19213,19229
19213,19232
19213,19244
19213,19245
19213,19297
19220,19227
19220,19229
19220,19232
19220,19244
19220,19245
19220,19249
19227,19229
19227,19232
19227,19244
19227,19245
19227,19249
19227,19255
19229,19232
19229,19244
19229,19245
19229,19249
19229,19255
19229,19256
19232,19244
19232,19245
19232,19255
19232,19256
19232,19358
19244,19245
19244,19255
19244,19256
19244,19272
19245,19249
19245,19255
19245,19256
19245,19272
19249,19255
19249,19272
19249,23601
19255,19256
19255,19272
19255,20163
19256,19272
19256,19281
19256,21907
19272,19281
19272,19289
19272,19290
19272,19293
19272,26388
19281,19289
19281,19290
19281,19292
19281,19293
19281,19297
19281,19304
19281,19307
19281,19313
19281,25944
19289,19290
19289,19292
19289,19293
19289,19297
19289,19304
19290,19292
19290,19293
19290,19297
19290,19304
19290,19307
19290,19313
19292,19293
19292,19297
19292,19304
19292,19307
19292,19313
19292,19319
19293,19297
19293,19304
19293,19307
19293,19313
19293,19319
19293,19323
19297,19304
19297,19307
19297,19319
19297,19323
19304,19307
19304,19313
19304,19319
19304,19323
19304,19329
19307,19313
19307,19319
19307,19323
19307,19329
19313,19323
19313,19329
19313,19341
19313,20710
19313,27364
19319,19323
19319,19329
19319,19341
19319,19342
19319,19344
19319,19346
19319,19349
19323,19329
19323,19342
19323,19344
19323,19346
19323,19349
19329,19341
19329,19342
19329,19344
19329,19346
19329,19349
19329,19353
19329,19354
19341,19342
19341,19344
19341,19346
19341,19349
19341,19353
19341,19354
19341,19358
19342,19344
19342,19346
19342,19349
19342,19353
19342,19354
19342,19358
19342,19393
19342,25232
19344,19346
19344,19349
19344,19353
19344,19354
19344,19358
19344,19393
19344,19396
19346,19349
19346,19353
19346,19354
19346,19358
19346,19393
19346,19396
19349,19353
19349,19393
19349,19396
19349,19401
19353,19358
19353,19393
19353,19396
19353,19401
19353,19402
19353,26374
19353,21092
19354,19358
19354,19393
19354,19396
19354,19401
19354,19402
19354,19404
19354,19409
19358,19393
19358,19396
19358,19401
19358,19404
19358,19409
19393,19396
19393,19401
19393,19402
19393,19404
19393,19409
19393,19432
19393,19433
19396,19401
19396,19402
19396,19404
19396,19409
19396,19432
19396,19433
19396,19437
19401,19402
19401,19404
19401,19409
19401,19432
19401,19433
19401,19437
19401,19438
19401,19439
19402,19404
19402,19409
19402,19432
19402,19433
19402,19437
19402,19438
19402,19439
19402,24688
19404,19409
19404,19432
19404,19433
19404,19437
19404,19438
19409,19432
19409,19433
19409,19437
19409,19438
19409,19439
19409,19452
19432,19433
19432,19437
19432,19438
19432,19452
19432,19456
19432,19459
19433,19437
19433,19438
19433,19439
19433,19452
19433,19456
19433,19464
19437,19438
19437,19452
19437,19456
19437,19459
19437,19464
19437,19471
19437,22962
19438,19439
19438,19452
19438,19456
19438,19471
19438,19473
19438,20358
19439,19452
19439,19456
19439,19459
19439,19471
19439,19473
19439,19475
19439,23609
19452,19456
19452,19459
19452,19464
19452,19471
19452,19473
19452,19475
19452,19479
19452,19491
19452,19492
19456,19459
19456,19464
19456,19471
19456,19473
19456,19475
19456,19479
19456,19491
19456,19492
19456,19494
19459,19464
19459,19471
19459,19473
19459,19475
19459,19491
19459,19492
19459,19494
19459,19495
19464,19471
19464,19473
19464,19475
19464,19479
19464,19491
19464,19492
19464,19494
19464,19495
19471,19473
19471,19475
19471,19479
19471,19491
19471,19494
19473,19475
19473,19479
19473,19491
19473,19492
19473,19494
19473,19495
19473,19501
19475,19479
19475,19491
19475,19492
19475,19495
19475,19501
19475,22737
19479,19491
19479,19492
19479,19494
19479,19495
19479,19501
19479,19505
19491,19492
19491,19494
19491,19495
19491,19501
19491,19505
19491,19508
19492,19494
19492,19495
19492,19501
19492,19505
19492,19508
19492,19509
19494,19495
19494,19501
19494,19505
19494,19508
19494,19509
19494,23417
19495,19501
19495,19505
19495,19508
19495,19509
19501,19505
19501,19508
19501,19509
19501,19512
19501,19517
19501,19523
19505,19508
19505,19509
19505,19512
19505,19517
19505,19523
19505,19526
19505,19529
19505,24598
19508,19509
19508,19512
19508,19517
19508,19523
19508,19529
19508,19536
19509,19512
19509,19523
19509,19526
19509,19529
19509,19536
19509,19537
19509,26706
19512,19517
19512,19523
19512,19526
19512,19529
19512,19536
19512,19537
19512,19540
19517,19523
19517,19526
19517,19529
19517,19536
19517,19537
19517,19540
19517,19549
19523,19526
19523,19536
19523,19537
19523,19540
19523,19549
19523,19552
19523,24784
19526,19529
19526,19536
19526,19537
19526,19540
19526,19549
19526,19552
19529,19536
19529,19537
19529,19540
19529,19549
19529,19552
19529,19561
19536,19537
19536,19540
19536,19549
19536,19552
19536,19561
19536,19566
19537,19540
19537,19549
19537,19552
19537,19561
19537,19566
19537,19568
19540,19549
19540,19552
19540,19561
19540,19566
19540,19570
19540,23366
19549,19552
19549,19561
19549,19566
19549,19570
19549,19580
19552,19561
19552,19568
19552,19570
19552,19580
19552,19600
19552,19941
19552,25715
19561,19566
19561,19568
19561,19570
19561,19580
19561,19600
19561,19602
19566,19568
19566,19570
19566,19580
19566,19600
19566,19602
19566,19605
19566,19607
19568,19570
19568,19580
19568,19600
19568,19602
19568,19605
19568,19607
19570,19580
19570,19600
19570,19602
19570,19605
19570,19607
19570,19608
19570,19611
19570,27257
19580,19600
19580,19602
19580,19605
19580,19607
19580,19608
19580,19611
19580,19619
19600,19602
19600,19605
19600,19607
19600,19608
19600,19619
19600,19621
19600,26736
19602,19605
19602,19608
19602,19611
19602,19619
19602,19621
19602,19622
19602,20244
19605,19607
19605,19611
19605,19622
19605,19624
19605,19630
19605,23241
19605,21321
19607,19608
19607,19611
19607,19619
19607,19622
19607,19624
19607,19630
19607,19631
19607,23855
19608,19611
19608,19619
19608,19621
19608,19622
19608,19624
19608,19631
19608,19642
19611,19619
19611,19621
19611,19622
19611,19624
19611,19630
19611,19631
19611,23682
19611,27253
19619,19621
19619,19622
19619,19624
19619,19630
19619,19631
19619,19642
19619,19652
19619,23624
19621,19622
19621,19624
19621,19630
19621,19631
19621,19642
19621,19652
19621,19653
19621,19654
19622,19624
19622,19630
19622,19631
19622,19642
19622,19652
19622,19653
19622,19654
19622,19657
19624,19630
19624,19631
19624,19642
19624,19653
19624,19654
19624,19657
19624,19666
19630,19631
19630,19642
19630,19652
19630,19653
19630,19654
19630,19657
19630,19666
19630,19670
19631,19642
19631,19652
19631,19653
19631,19654
19631,19657
19631,19670
19631,20697
19642,19652
19642,19653
19642,19654
19642,19657
19642,19666
19642,19670
19642,19671
19642,19675
19642,27016
19652,19653
19652,19654
19652,19657
19652,19670
19652,19671
19652,19675
19652,19692
19653,19654
19653,19657
19653,19666
19653,19670
19653,19671
19653,19675
19653,19692
19653,19695
19654,19657
19654,19666
19654,19670
19654,19671
19654,19675
19654,19692
19654,19695
19657,19666
19657,19670
19657,19671
19657,19675
19657,19692
19657,19695
19657,19705
19657,24061
19657,25737
19666,19670
19666,19671
19666,19675
19666,19692
19666,19695
19666,19705
19666,19713
19670,19671
19670,19675
19670,19692
19670,19695
19670,19705
19670,19713
19670,23460
19671,19675
19671,19692
19671,19695
19671,19705
19671,19713
19671,19721
19671,20224
19675,19692
19675,19695
19675,19705
19675,19713
19675,24866
19692,19695
19692,19705
19692,19721
19692,19730
19692,19735
19695,19705
19695,19721
19695,19730
19695,19735
19695,19738
19705,19713
19705,19721
19705,19730
19705,19735
19705,19738
19705,19742
19705,19745
19713,19721
19713,19730
19713,19735
19713,19738
19713,19742
19713,19745
19713,19749
19721,19730
19721,19735
19721,19738
19721,19742
19721,19745
19721,19749
19721,19756
19730,19735
19730,19738
19730,19742
19730,19745
19730,19749
19730,19756
19730,19765
19735,19738
19735,19742
19735,19745
19735,19749
19735,19756
19735,19765
19735,19773
19735,19777
19738,19742
19738,19745
19738,19749
19738,19756
19738,19765
19738,19773
19738,19777
19738,19779
19738,25546
19742,19745
19742,19749
19742,19756
19742,19765
19742,19773
19742,19777
19745,19749
19745,19756
19745,19765
19745,19773
19745,19777
19745,19779
19745,19784
19745,19788
19749,19765
19749,19773
19749,19779
19749,19784
19749,19788
19749,19789
19756,19765
19756,19773
19756,19777
19756,19779
19756,19784
19756,19790
19765,19773
19765,19779
19765,19784
19765,19788
19765,19790
19765,19792
19765,19807
19773,19777
19773,19779
19773,19784
19773,19788
19773,19789
19773,19790
19773,19792
19773,19807
19777,19779
19777,19784
19777,19788
19777,19789
19777,19790
19777,19792
19777,19807
19777,19815
19777,27030
19779,19784
19779,19788
19779,19790
19779,19792
19779,19807
19779,19815
19779,19819
19779,20950
19784,19788
19784,19789
19784,19790
19784,19792
19784,19815
19784,19819
19784,19824
19788,19789
19788,19790
19788,19792
19788,19807
19788,19815
19788,19827
19788,23470
19789,19790
19789,19792
19789,19807
19789,19815
19789,19819
19789,19824
19789,19827
19789,19828
19790,19807
19790,19815
19790,19819
19790,19828
19790,19842
19792,19807
19792,19815
19792,19819
19792,19824
19792,19827
19792,19828
19792,19842
19792,24323
19807,19815
19807,19819
19807,19824
19807,19827
19807,19828
19807,19842
19815,19819
19815,19824
19815,19827
19815,19828
19815,19842
19815,19856
19819,19824
19819,19827
19819,19828
19819,19842
19819,19856
19819,19865
19824,19827
19824,19828
19824,19842
19824,19865
19824,19866
19827,19828
19827,19842
19827,19856
19827,19865
19827,19866
19827,19867
19828,19842
19828,19856
19828,19866
19828,19867
19828,19868
19842,19856
19842,19865
19842,19866
19842,19867
19842,19868
19856,19865
19856,19866
19856,19867
19856,19869
19856,19870
19856,19875
19856,25976
19865,19866
19865,19868
19865,19869
19865,19870
19865,19875
19865,19879
19865,19882
19866,19867
19866,19868
19866,19869
19866,19870
19866,19875
19866,19879
19866,19882
19866,19885
19867,19868
19867,19869
19867,19870
19867,19875
19867,19882
19867,19885
19867,19886
19867,22385
19868,19869
19868,19875
19868,19882
19868,19885
19868,19888
19868,24581
19868,22772
19869,19870
19869,19875
19869,19879
19869,19882
19869,19885
19869,19886
19870,19875
19870,19879
19870,19882
19870,19886
19870,19888
19870,19890
19875,19879
19875,19882
19875,19885
19875,19886
19875,19888
19875,19890
19875,19915
19879,19882
19879,19885
19879,19886
19879,19888
19879,19890
19879,19915
19879,19920
19882,19885
19882,19886
19882,19888
19882,19890
19882,19915
19882,19920
19882,19925
19885,19886
19885,19888
19885,19890
19885,19915
19885,19920
19885,19925
19885,19929
19886,19888
19886,19920
19886,19925
19886,19929
19888,19890
19888,19915
19888,19920
19888,19925
19888,19929
19888,19937
19890,19915
19890,19920
19890,19925
19890,19929
19890,19937
19915,19920
19915,19925
19915,19929
19915,19937
19915,19941
19915,19946
19915,19949
19920,19925
19920,19941
19920,19946
19920,19949
19920,19950
19925,19929
19925,19937
19925,19941
19925,19946
19925,19954
19929,19937
19929,19941
19929,19949
19929,19950
19929,19954
19929,19955
19929,21317
19937,19941
19937,19946
19937,19949
19937,19950
19937,19954
19937,19955
19937,19959
19937,24709
19941,19946
19941,19949
19941,19950
19941,19954
19941,19955
19941,19959
19941,19962
19941,19966
19941,26436
19946,19949
19946,19950
19946,19954
19946,19955
19946,19959
19946,19962
19946,19966
19946,19967
19949,19950
19949,19954
19949,19955
19949,19959
19949,19962
19949,19966
19949,19967
19949,19969
19950,19954
19950,19959
19950,19962
19950,19966
19950,19967
19950,19969
19950,19972
19950,25939
19954,19955
19954,19959
19954,19962
19954,19966
19954,19967
19954,19969
19954,19972
19954,19976
19955,19959
19955,19966
19955,19967
19955,19969
19955,19972
19955,19976
19955,19980
19955,21194
19959,19962
19959,19966
19959,19969
19959,19972
19959,19976
19959,19980
19959,19983
19959,20463
19962,19966
19962,19967
19962,19969
19962,19972
19962,19976
19962,19980
19962,19983
19962,19984
19962,19986
19966,19967
19966,19969
19966,19972
19966,19976
19966,19980
19966,19983
19966,19984
19966,19986
19966,19988
19966,23982
19967,19969
19967,19972
19967,19980
19967,19983
19967,19984
19967,19986
19967,19988
19967,19992
19969,19972
19969,19976
19969,19980
19969,19983
19969,19984
19969,19986
19969,19988
19969,19992
19969,19995
19972,19976
19972,19983
19972,19984
19972,19986
19972,19988
19972,19992
19972,19995
19972,20001
19976,19980
19976,19983
19976,19984
19976,19986
19976,19988
19976,19992
19976,20001
19976,20003
19980,19983
19980,19984
19980,19986
19980,19988
19980,19992
19980,20001
19980,20003
19983,19984
19983,19986
19983,19988
19983,19992
19983,19995
19983,20001
19983,20008
19983,25482
19984,19986
19984,19988
19984,19992
19984,19995
19984,20001
19984,20003
19984,20008
19984,20013
19986,19988
19986,19992
19986,19995
19986,20003
19986,20008
19986,20013
19986,20014
19986,23530
19988,19992
19988,19995
19988,20001
19988,20003
19988,20013
19988,20014
19988,20020
19992,19995
19992,20001
19992,20003
19992,20008
19992,20013
19992,20014
19992,20020
19995,20001
19995,20003
19995,20008
19995,20014
19995,20020
20001,20003
20001,20008
20001,20013
20001,20020
20001,20029
20001,24786
20003,20008
20003,20013
20003,20014
20003,20020
20003,20029
20003,20030
20008,20013
20008,20014
20008,20020
20008,20029
20008,20030
20008,20039
20008,20040
20013,20014
20013,20020
20013,20029
20013,20030
20013,20039
20013,20040
20013,20041
20014,20020
20014,20029
20014,20030
20014,20039
20014,20040
20014,20045
20020,20029
20020,20030
20020,20039
20020,20040
20020,20045
20020,20046
20020,23026
20029,20039
20029,20040
20029,20041
20029,20045
20029,20049
20029,20050
20029,20051
20030,20039
20030,20040
20030,20045
20030,20046
20030,20049
20030,20050
20030,20051
20030,20054
20039,20040
20039,20045
20039,20046
20039,20049
20039,20050
20039,20051
20039,20054
20039,20057
20039,23972
20040,20041
20040,20045
20040,20046
20040,20049
20040,20050
20040,20054
20040,20057
20040,20060
20041,20045
20041,20046
20041,20049
20041,20050
20041,20051
20041,20054
20041,20057
20041,20060
20041,20061
20045,20046
20045,20049
20045,20050
20045,20051
20045,20061
20045,20067
20046,20050
20046,20054
20046,20057
20046,20060
20046,20061
20046,20067
20046,20070
20049,20050
20049,20051
20049,20054
20049,20057
20049,20061
20049,20067
20049,20070
20049,20075
20050,20051
20050,20054
20050,20057
20050,20060
20050,20061
20050,20067
20050,20075
20051,20054
20051,20057
20051,20060
20051,20061
20051,20067
20051,20070
20051,25848
20054,20057
20054,20061
20054,20067
20054,20070
20054,20075
20054,20097
20054,23161
20057,20060
20057,20061
20057,20067
20057,20070
20057,20075
20057,20097
20057,20098
20060,20061
20060,20067
20060,20070
20060,20075
20060,20097
20060,20098
20061,20067
20061,20070
20061,20075
20061,20098
20067,20070
20067,20075
20067,20097
20067,20098
20067,20112
20070,20075
20070,20097
20070,20098
20070,20112
20070,20113
20070,23435
20075,20098
20075,20112
20075,20113
20097,20098
20097,20112
20097,20113
20097,20116
20097,20577
20098,20112
20098,20113
20098,20116
20098,20124
20112,20113
20112,20116
20112,20124
20112,20132
20112,20135
20113,20116
20113,20135
20113,20139
20116,20124
20116,20132
20116,20135
20116,20139
20116,20148
20116,25352
20124,20132
20124,20135
20124,20139
20124,20148
20124,20158
20124,20163
20124,25252
20132,20135
20132,20139
20132,20148
20132,20158
20132,20163
20132,20170
20132,20175
20132,20178
20135,20139
20135,20148
20135,20158
20135,20163
20135,20170
20135,20175
20135,20178
20135,20183
20139,20158
20139,20163
20139,20170
20139,20178
20139,20183
20139,20188
20139,20191
20148,20163
20148,20170
20148,20175
20148,20183
20148,20191
20148,20194
20148,20978
20148,20623
20158,20163
20158,20170
20158,20175
20158,20178
20158,20183
20158,20188
20158,20194
20158,20197
20158,21176
20163,20170
20163,20175
20163,20178
20163,20183
20163,20188
20163,20191
20163,20194
20163,20197
20170,20175
20170,20183
20170,20188
20170,20191
20170,20194
20170,20197
20170,20199
20170,20200
20170,25651
20175,20178
20175,20183
20175,20188
20175,20191
20175,20194
20175,20197
20175,20199
20175,20200
20178,20183
20178,20188
20178,20191
20178,20194
20178,20197
20178,20199
20178,20200
20178,20202
20178,20203
20183,20188
20183,20191
20183,20194
20183,20197
20183,20199
20183,20200
20183,20202
20183,20203
20183,20205
20188,20191
20188,20194
20188,20197
20188,20199
20188,20200
20188,20202
20188,20203
20188,20205
20188,20206
20191,20194
20191,20197
20191,20199
20191,20200
20191,20203
20191,20205
20191,20206
20191,20208
20194,20197
20194,20199
20194,20200
20194,20202
20194,20203
20194,20205
20194,20206
20194,20208
20194,20209
20194,24561
20197,20199
20197,20200
20197,20202
20197,20203
20197,20205
20197,20208
20197,20215
20199,20200
20199,20202
20199,20203
20199,20206
20199,20208
20199,20209
20199,20215
20199,20219
20200,20202
20200,20203
20200,20205
20200,20206
20200,20208
20200,20215
20200,20219
20200,20221
20202,20203
20202,20205
20202,20206
20202,20208
20202,20215
20202,20219
20202,20221
20202,20224
20203,20205
20203,20206
20203,20209
20203,20215
20203,20219
20203,20221
20203,20224
20203,20227
20205,20206
20205,20208
20205,20209
20205,20215
20205,20219
20205,20221
20205,20224
20205,20227
20205,20236
20206,20208
20206,20209
20206,20215
20206,20219
20206,20221
20206,20224
20206,20236
20206,20237
20208,20209
20208,20215
20208,20219
20208,20221
20208,20227
20208,20236
20208,20237
20208,20243
20208,23288
20209,20219
20209,20221
20209,20224
20209,20227
20209,20243
20209,20244
20209,22556
20215,20219
20215,20221
20215,20224
20215,20236
20215,20237
20215,20243
20215,20258
20215,27181
20219,20221
20219,20224
20219,20227
20219,20236
20219,20237
20219,20243
20219,20244
20219,20258
20219,20261
20221,20224
20221,20227
20221,20236
20221,20237
20221,20243
20221,20244
20221,20258
20221,20261
20221,20262
20224,20227
20224,20236
20224,20237
20224,20243
20224,20244
20224,20258
20224,20261
20224,20262
20227,20236
20227,20237
20227,20243
20227,20244
20227,20258
20227,20262
20227,20265
20227,20750
20236,20237
20236,20243
20236,20244
20236,20258
20236,20261
20236,20265
20236,20275
20237,20243
20237,20244
20237,20258
20237,20261
20237,20262
20237,20265
20237,20275
20237,25522
20243,20244
20243,20258
20243,20261
20243,20265
20243,20275
20243,20279
20244,20258
20244,20261
20244,20262
20244,20265
20244,20275
20244,20279
20258,20261
20258,20262
20258,20265
20258,20275
20258,20279
20258,20298
20261,20262
20261,20265
20261,20275
20261,20279
20261,20288
20261,20298
20261,20303
20262,20265
20262,20275
20262,20279
20262,20288
20262,20298
20262,20303
20262,20306
20265,20275
20265,20279
20265,20288
20265,20298
20265,20303
20265,20307
20275,20279
20275,20288
20275,20298
20275,20303
20275,20306
20275,20307
20279,20303
20279,20306
20279,20307
20279,20321
20288,20298
20288,20303
20288,20306
20288,20321
20298,20303
20298,20306
20298,20307
20298,20321
20298,20335
20298,25624
20303,20306
20303,20307
20303,20321
20303,20335
20306,20307
20306,20321
20306,20335
20306,20346
20307,20321
20307,20335
20307,20350
20321,20335
20321,20350
20321,20361
20321,24653
20321,25273
20335,20350
20335,20361
20335,20362
20335,20366
20335,22289
20346,20350
20346,20358
20346,20361
20346,20362
20346,20366
20346,20384
20346,22460
20350,20358
20350,20361
20350,20362
20350,20366
20350,20384
20350,20393
20358,20361
20358,20362
20358,20366
20358,20384
20358,20393
20358,20394
20358,20401
20361,20366
20361,20384
20361,20393
20361,20401
20361,20407
20362,20366
20362,20384
20362,20393
20362,20394
20362,20401
20362,20407
20362,20410
20366,20384
20366,20393
20366,20394
20366,20407
20366,20410
20366,20411
20384,20393
20384,20394
20384,20401
20384,20407
20384,20410
20384,20411
20384,20413
20384,20419
20393,20394
20393,20401
20393,20407
20393,20410
20393,20411
20393,20413
20393,20419
20393,20423
20394,20401
20394,20410
20394,20411
20394,20419
20394,20422
20394,20423
20401,20407
20401,20410
20401,20411
20401,20413
20401,20422
20401,20423
20401,20426
20407,20410
20407,20411
20407,20413
20407,20419
20407,20422
20407,20423
20407,20426
20410,20411
20410,20413
20410,20419
20410,20423
20410,20426
20410,20428
20411,20413
20411,20422
20411,20423
20411,20426
20411,20428
20411,20844
20413,20422
20413,20423
20413,20426
20413,20428
20419,20422
20419,20426
20419,20441
20419,21060
20422,20423
20422,20428
20422,20441
20422,20442
20422,22710
20423,20426
20423,20428
20423,20441
20423,20442
20423,20446
20426,20428
20426,20441
20426,20442
20426,20446
20428,20441
20428,20442
20428,20461
20441,20442
20441,20446
20441,20463
20441,20473
20441,24433
20442,20446
20442,20461
20442,20463
20442,20473
20442,20474
20446,20461
20446,20463
20446,20473
20446,20474
20446,20476
20446,23916
20461,20463
20461,20473
20461,20474
20461,20476
20461,20483
20461,21409
20463,20473
20463,20474
20463,20476
20463,20483
20463,20491
20463,23346
20473,20474
20473,20476
20473,20483
20473,20491
20473,20495
20473,20499
20473,20510
20474,20476
20474,20483
20474,20491
20474,20495
20474,20499
20474,20510
20474,20511
20476,20483
20476,20491
20476,20495
20476,20499
20476,20510
20476,20513
20483,20491
20483,20495
20483,20511
20483,20513
20483,20514
20491,20495
20491,20499
20491,20510
20491,20511
20491,20513
20491,20536
20491,20537
20495,20499
20495,20510
20495,20511
20495,20513
20495,20514
20495,20537
20495,20539
20495,25989
20499,20513
20499,20514
20499,20536
20499,20537
20499,20539
20499,20546
20510,20511
20510,20513
20510,20514
20510,20537
20510,20539
20510,20546
20511,20513
20511,20514
20511,20536
20511,20537
20511,20539
20511,20546
20511,20550
20513,20514
20513,20536
20513,20537
20513,20539
20513,20546
20513,20550
20513,20554
20513,25748
20514,20536
20514,20537
20514,20539
20514,20546
20514,20550
20514,20554
20514,20557
20536,20537
20536,20539
20536,20550
20536,20554
20536,20557
20536,20558
20536,20566
20536,23793
20537,20539
20537,20546
20537,20550
20537,20554
20537,20557
20537,20558
20537,20566
20537,20569
20537,26915
20539,20546
20539,20550
20539,20554
20539,20557
20539,20558
20539,20566
20539,20569
20539,20576
20546,20550
20546,20554
20546,20557
20546,20566
20546,20569
20546,20576
20546,20577
20550,20557
20550,20558
20550,20566
20550,20569
20550,20577
20550,20578
20550,20585
20554,20557
20554,20558
20554,20566
20554,20569
20554,20576
20554,20577
20554,20578
20554,20585
20554,20586
20557,20558
20557,20566
20557,20569
20557,20576
20557,20577
20557,20578
20557,20585
20557,20586
20558,20566
20558,20576
20558,20577
20558,20578
20558,20586
20558,20595
20566,20569
20566,20576
20566,20577
20566,20578
20566,20585
20566,20586
20566,20595
20569,20576
20569,20577
20569,20578
20569,20585
20569,20586
20569,20595
20569,20603
20576,20577
20576,20578
20576,20585
20576,20586
20576,20603
20576,20614
20577,20578
20577,20585
20577,20586
20577,20595
20577,20603
20577,20614
20577,20615
20577,22257
20578,20585
20578,20586
20578,20595
20578,20603
20578,20614
20578,20615
20578,20618
20578,25679
20585,20586
20585,20595
20585,20603
20585,20614
20585,20618
20585,20619
20585,23596
20586,20595
20586,20603
20586,20615
20586,20618
20586,20619
20586,20623
20586,25682
20595,20603
20595,20614
20595,20615
20595,20618
20595,20619
20595,20623
20595,20627
20595,26013
20603,20614
20603,20615
20603,20618
20603,20619
20603,20623
20603,20627
20603,20631
20603,20635
20614,20615
20614,20618
20614,20619
20614,20623
20614,20627
20614,20631
20614,20635
20614,26095
20615,20618
20615,20619
20615,20623
20615,20627
20615,20631
20615,20635
20615,20644
20618,20619
20618,20623
20618,20627
20618,20631
20618,20635
20618,20644
20618,20649
20619,20623
20619,20627
20619,20631
20619,20644
20619,20652
20619,27161
20623,20627
20623,20631
20623,20649
20623,20652
20623,20655
20623,24080
20627,20631
20627,20635
20627,20649
20627,20652
20627,20655
20627,20657
20627,20697
20631,20644
20631,20649
20631,20652
20631,20655
20631,20657
20635,20644
20635,20649
20635,20655
20635,20657
20635,20663
20635,20667
20644,20649
20644,20652
20644,20655
20644,20657
20644,20663
20644,20667
20644,20670
20644,20672
20649,20652
20649,20655
20649,20657
20649,20663
20649,20667
20649,20670
20649,20672
20652,20655
20652,20657
20652,20663
20652,20667
20652,20670
20652,20672
20652,20676
20655,20663
20655,20667
20655,20670
20655,20672
20655,20676
20655,20686
20655,23564
20655,21922
20657,20663
20657,20667
20657,20672
20657,20676
20657,20688
20663,20670
20663,20672
20663,20676
20663,20686
20663,20688
20663,20694
20667,20670
20667,20672
20667,20676
20667,20686
20667,20688
20667,20694
20667,20696
20670,20672
20670,20676
20670,20686
20670,20688
20670,20694
20670,20696
20672,20676
20672,20686
20672,20688
20672,20694
20672,20696
20672,20697
20672,20700
20676,20686
20676,20688
20676,20694
20676,20696
20676,20700
20676,20701
20676,20705
20676,24224
20676,23262
20676,24598
20686,20688
20686,20696
20686,20697
20686,20700
20686,20705
20686,20707
20686,21610
20688,20694
20688,20696
20688,20697
20688,20700
20688,20701
20688,20705
20688,25343
20688,22292
20694,20696
20694,20697
20694,20700
20694,20701
20694,20707
20694,20710
20694,20712
20694,23476
20696,20700
20696,20701
20696,20705
20696,20707
20696,20709
20696,20710
20696,20712
20696,20715
20697,20700
20697,20701
20697,20705
20697,20709
20697,20710
20697,20712
20697,20717
20700,20701
20700,20705
20700,20707
20700,20709
20700,20710
20700,20712
20700,20715
20700,20717
20700,20720
20701,20705
20701,20707
20701,20709
20701,20710
20701,20712
20701,20715
20701,20717
20701,20720
20701,20724
20705,20707
20705,20709
20705,20710
20705,20712
20705,20715
20705,20717
20705,20720
20705,20724
20707,20709
20707,20710
20707,20712
20707,20717
20707,20724
20707,20732
20707,20733
20707,25124
20707,25231
20709,20710
20709,20712
20709,20715
20709,20717
20709,20720
20709,20724
20709,20732
20709,20733
20709,20734
20710,20712
20710,20720
20710,20724
20710,20733
20710,20734
20710,20737
20710,26921
20712,20715
20712,20720
20712,20724
20712,20734
20712,20737
20712,20738
20712,22375
20712,25239
20715,20717
20715,20720
20715,20724
20715,20732
20715,20733
20715,20734
20715,20737
20715,20738
20715,20739
20717,20720
20717,20724
20717,20732
20717,20733
20717,20734
20717,20737
20717,20738
20717,20739
20720,20724
20720,20732
20720,20733
20720,20734
20720,20737
20720,20738
20720,20739
20724,20732
20724,20733
20724,20734
20724,20738
20724,20739
20732,20733
20732,20734
20732,20737
20732,20738
20732,20739
20732,21290
20733,20734
20733,20737
20733,20738
20733,20739
20733,20750
20734,20737
20734,20739
20734,20750
20734,20751
20737,20739
20737,20750
20737,20751
20737,20758
20737,22768
20738,20739
20738,20750
20738,20751
20738,20759
20739,20750
20739,20751
20739,20758
20739,20759
20739,20764
20750,20751
20750,20758
20750,20759
20750,20764
20750,20770
20750,20786
20750,20790
20750,20791
20751,20758
20751,20759
20751,20764
20751,20770
20751,20776
20751,20786
20751,20790
20751,20791
20751,20794
20751,26225
20758,20759
20758,20764
20758,20770
20758,20776
20758,20786
20758,20790
20758,20794
20758,20797
20759,20764
20759,20776
20759,20786
20759,20790
20759,20791
20759,20794
20759,20797
20759,20798
20764,20770
20764,20776
20764,20786
20764,20790
20764,20791
20764,20797
20764,20798
20764,20799
20764,21663
20770,20776
20770,20786
20770,20790
20770,20791
20770,20794
20770,20797
20770,20798
20770,20799
20770,20800
20776,20786
20776,20790
20776,20791
20776,20794
20776,20797
20776,20798
20776,20799
20776,20800
20776,20818
20786,20790
20786,20791
20786,20794
20786,20797
20786,20799
20786,20800
20786,20818
20786,20821
20786,22697
20790,20791
20790,20794
20790,20797
20790,20798
20790,20799
20790,20818
20790,20821
20790,26262
20791,20794
20791,20797
20791,20798
20791,20799
20791,20800
20791,20818
20791,20821
20791,27251
20794,20797
20794,20798
20794,20799
20794,20800
20794,20818
20794,20821
20794,20831
20797,20798
20797,20799
20797,20800
20797,20818
20797,20821
20797,20831
20797,20832
20798,20799
20798,20800
20798,20818
20798,20821
20798,20831
20798,20832
20798,20835
20799,20800
20799,20818
20799,20821
20799,20831
20799,20832
20799,20840
20799,22118
20800,20818
20800,20821
20800,20832
20800,20835
20800,20840
20818,20821
20818,20831
20818,20832
20818,20835
20818,20840
20818,20844
20818,20850
20821,20832
20821,20835
20821,20840
20821,20844
20821,20851
20831,20835
20831,20840
20831,20844
20831,20850
20831,20851
20831,20854
20831,20855
20831,20860
20832,20835
20832,20840
20832,20850
20832,20851
20832,20854
20832,20855
20832,20860
20832,20862
20835,20840
20835,20844
20835,20851
20835,20854
20835,20855
20835,20860
20835,20862
20835,20866
20840,20844
20840,20850
20840,20851
20840,20854
20840,20855
20840,20860
20840,20862
20840,20866
20844,20850
20844,20851
20844,20854
20844,20855
20844,20860
20844,20862
20844,20866
20844,20872
20844,24611
20850,20851
20850,20854
20850,20855
20850,20860
20850,20862
20850,20866
20850,20872
20851,20854
20851,20855
20851,20860
20851,20862
20851,20866
20851,20872
20851,20876
20854,20855
20854,20860
20854,20862
20854,20866
20854,20872
20854,20882
20855,20860
20855,20862
20855,20866
20855,20876
20855,20882
20855,25380
20855,22668
20860,20862
20860,20876
20860,20882
20860,20896
20862,20866
20862,20872
20862,20876
20862,20882
20862,20886
20862,20896
20866,20872
20866,20876
20866,20882
20866,20886
20866,20896
20866,20901
20872,20876
20872,20882
20872,20886
20872,20896
20872,20901
20872,20915
20876,20882
20876,20886
20876,20896
20876,20901
20876,22260
20876,25538
20882,20886
20882,20896
20882,20901
20882,20922
20882,20927
20886,20896
20886,20901
20886,20915
20886,20922
20886,20927
20886,20928
20896,20901
20896,20915
20896,20922
20896,20927
20896,20928
20901,20915
20901,20922
20901,20927
20901,20937
20915,20928
20915,20937
20915,20943
20915,20945
20922,20927
20922,20928
20922,20937
20922,20943
20922,20945
20922,20947
20927,20928
20927,20937
20927,20943
20927,20945
20927,20947
20927,20950
20928,20937
20928,20943
20928,20945
20928,20950
20928,20954
20937,20943
20937,20945
20937,20947
20937,20950
20937,20954
20937,20962
20943,20945
20943,20947
20943,20950
20943,20954
20943,20962
20943,20968
20945,20947
20945,20954
20945,20962
20945,20965
20945,20968
20947,20954
20947,20962
20947,20965
20947,20968
20947,20978
20950,20954
20950,20965
20950,20968
20950,20980
20950,20981
20950,26600
20950,23358
20954,20962
20954,20965
20954,20968
20954,20978
20954,20980
20954,20981
20954,20982
20954,26277
20962,20965
20962,20968
20962,20978
20962,20980
20962,20981
20962,20982
20965,20968
20965,20978
20965,20980
20965,20981
20965,20982
20965,20992
20968,20978
20968,20980
20968,20981
20968,20982
20968,20992
20968,20996
20968,23219
20978,20980
20978,20992
20978,21002
20980,20981
20980,20982
20980,20992
20980,20996
20981,20982
20981,20992
20981,20996
20981,21002
20982,20992
20982,21002
20982,26034
20992,20996
20992,21002
20992,23938
20996,21002
20996,21033
21002,21034
21033,21034
21033,21045
21033,21046
21033,21054
21033,21060
21033,21061
21033,21073
21034,21045
21034,21046
21034,21049
21034,21054
21034,21060
21034,21061
21034,21073
21045,21046
21045,21049
21045,21054
21045,21060
21045,21061
21045,21074
21046,21049
21046,21054
21046,21060
21046,21061
21046,21074
21046,21084
21046,26059
21049,21054
21049,21060
21049,21061
21049,21073
21049,21074
21049,21089
21049,23797
21054,21060
21054,21061
21054,21073
21054,21074
21054,25899
21054,26009
21060,21061
21060,21073
21060,21074
21060,21084
21060,21089
21060,21092
21060,21098
21060,25470
21061,21073
21061,21074
21061,21084
21061,21089
21061,21092
21061,21098
21061,21106
21073,21074
21073,21084
21073,21089
21073,21092
21073,21098
21073,21106
21074,21084
21074,21089
21074,21092
21074,21098
21074,21106
21074,21110
21074,24183
21084,21089
21084,21092
21084,21098
21084,21106
21084,21110
21089,21098
21089,21106
21089,21110
21089,23450
21092,21098
21092,21106
21092,21118
21092,21120
21098,21106
21098,21110
21098,21118
21098,21120
21098,21127
21106,21110
21106,21118
21106,21120
21106,21127
21106,21133
21110,21118
21110,21120
21110,21127
21110,21133
21110,21139
21110,21144
21110,24955
21118,21120
21118,21127
21118,21133
21118,21139
21118,21144
21118,21146
21118,21147
21118,21151
21120,21127
21120,21133
21120,21144
21120,21146
21120,21151
21120,21153
21120,26326
21127,21133
21127,21139
21127,21144
21127,21146
21127,21147
21127,21151
21127,21153
21127,21154
21133,21139
21133,21144
21133,21146
21133,21147
21133,21151
21133,21153
21133,21154
21139,21147
21139,21151
21139,21153
21139,21154
21139,21158
21139,23947
21144,21146
21144,21147
21144,21151
21144,21153
21144,21154
21144,21158
21144,21160
21146,21147
21146,21151
21146,21153
21146,21154
21146,21158
21146,21160
21146,22460
21147,21151
21147,21153
21147,21154
21147,21158
21147,21160
21147,21164
21151,21153
21151,21154
21151,21158
21151,21160
21151,21164
21151,21170
21151,21176
21153,21154
21153,21158
21153,21164
21153,21170
21153,21176
21153,24846
21153,26228
21154,21158
21154,21164
21154,21170
21154,21176
21154,21181
21154,24506
21158,21160
21158,21164
21158,21170
21158,21176
21158,21181
21158,21182
21158,21194
21160,21164
21160,21170
21160,21181
21160,21194
21160,21200
21160,26193
21164,21170
21164,21176
21164,21182
21164,21194
21164,21200
21164,21204
21170,21176
21170,21181
21170,21182
21170,21194
21170,21204
21170,21205
21170,21211
21170,23494
21176,21182
21176,21194
21176,21200
21176,21204
21176,21205
21176,21211
21176,21212
21181,21182
21181,21200
21181,21204
21181,21205
21181,21211
21181,21212
21181,25104
21181,23616
21181,24517
21182,21194
21182,21200
21182,21204
21182,21205
21182,21211
21182,21212
21182,21219
21194,21200
21194,21204
21194,21205
21194,21211
21194,21212
21194,21219
21194,21229
21200,21204
21200,21205
21200,21211
21200,21212
21200,21219
21200,21229
21204,21205
21204,21211
21204,21212
21204,21219
21204,21229
21204,21234
21204,25624
21205,21211
21205,21212
21205,21219
21205,21229
21205,21234
21211,21212
21211,21219
21211,21229
21211,21234
21211,21239
21212,21229
21212,21234
21212,21239
21212,21240
21212,25269
21219,21229
21219,21234
21219,21239
21219,21240
21219,21247
21219,26749
21229,21234
21229,21239
21229,21240
21229,21247
21229,21255
21229,21261
21234,21239
21234,21240
21234,21255
21234,21261
21234,21265
21234,21285
21239,21240
21239,21247
21239,21255
21239,21261
21239,21265
21239,21285
21239,21290
21239,21294
21240,21247
21240,21255
21240,21261
21240,21265
21240,21285
21240,21290
21240,21294
21247,21255
21247,21261
21247,21265
21247,21285
21247,21290
21247,21294
21247,21307
21255,21261
21255,21265
21255,21285
21255,21290
21255,21294
21255,21307
21261,21265
21261,21285
21261,21290
21261,21294
21261,21307
21261,21308
21261,21309
21265,21285
21265,21290
21265,21307
21265,21308
21265,21309
21265,21311
21285,21290
21285,21294
21285,21307
21285,21308
21285,21309
21285,21311
21285,21317
21285,21318
21285,24966
21285,26767
21285,23004
21285,24822
21290,21307
21290,21308
21290,21311
21290,21317
21290,21318
21290,21321
21294,21307
21294,21308
21294,21309
21294,21311
21294,21317
21294,21318
21294,21321
21294,21322
21294,24975
21307,21308
21307,21309
21307,21311
21307,21317
21307,21318
21307,21321
21307,21322
21308,21309
21308,21311
21308,21317
21308,21318
21308,21321
21308,21322
21308,21326
21308,21342
21309,21311
21309,21317
21309,21318
21309,21321
21309,21326
21309,21342
21309,21345
21311,21317
21311,21318
21311,21321
21311,21322
21311,21326
21311,21342
21311,21350
21311,21353
21317,21321
21317,21322
21317,21326
21317,21342
21317,21345
21318,21321
21318,21322
21318,21326
21318,21342
21318,21350
21318,21353
21318,21362
21321,21322
21321,21326
21321,21342
21321,21345
21321,21350
21321,21353
21321,21362
21321,21364
21321,23366
21322,21342
21322,21350
21322,21353
21322,21362
21322,21364
21322,21366
21326,21342
21326,21345
21326,21350
21326,21353
21326,21362
21326,21364
21326,21366
21326,21373
21342,21345
21342,21350
21342,21353
21342,21362
21342,21373
21342,25713
21345,21353
21345,21362
21345,21364
21345,21373
21345,21387
21350,21353
21350,21362
21350,21364
21350,21366
21350,21373
21350,21387
21350,25693
21353,21362
21353,21366
21353,21373
21353,21387
21362,21364
21362,21366
21362,21373
21362,21402
21362,26885
21362,23029
21364,21366
21364,21373
21364,21387
21364,21402
21364,21409
21366,21373
21366,21402
21366,21409
21366,21417
21373,21387
21373,21402
21373,21409
21373,21417
21387,21402
21387,21409
21387,21417
21387,21431
21387,21441
21402,21409
21402,21417
21402,21441
21402,21447
21402,21454
21409,21417
21409,21431
21409,21441
21409,21447
21409,21454
21409,21459
21409,22122
21417,21431
21417,21441
21417,21447
21417,21454
21417,21459
21431,21441
21431,21447
21431,21454
21431,21459
21431,21479
21441,21447
21441,21454
21441,21459
21441,21479
21441,21482
21447,21454
21447,21459
21447,21479
21447,21482
21447,21491
21447,21494
21454,21459
21454,21479
21454,21482
21454,21491
21454,21503
21459,21479
21459,21482
21459,21491
21459,21494
21459,21503
21459,21505
21459,21510
21479,21482
21479,21491
21479,21494
21479,21505
21479,21510
21479,21522
21479,21526
21479,21529
21482,21491
21482,21494
21482,21503
21482,21505
21482,21510
21482,21522
21491,21494
21491,21503
21491,21505
21491,21510
21491,21522
21491,21526
21491,21529
21494,21503
21494,21505
21494,21526
21494,21529
21494,21541
21503,21505
21503,21510
21503,21522
21503,21526
21503,21529
21503,21541
21503,21548
21505,21522
21505,21526
21505,21529
21505,21541
21505,21548
21505,21553
21510,21522
21510,21526
21510,21529
21510,21541
21510,21548
21510,21553
21510,21555
21522,21526
21522,21529
21522,21541
21522,21553
21522,21555
21522,21560
21526,21529
21526,21541
21526,21548
21526,21553
21526,21555
21526,21561
21529,21541
21529,21548
21529,21553
21529,21560
21529,21561
21541,21548
21541,21553
21541,21555
21541,21560
21541,21561
21541,21573
21548,21553
21548,21555
21548,21560
21548,21561
21548,21573
21548,21576
21553,21555
21553,21560
21553,21561
21553,21573
21553,21576
21553,21578
21555,21560
21555,21573
21555,21576
21555,21578
21555,21584
21555,22576
21560,21573
21560,21576
21560,21578
21560,21584
21560,26062
21561,21573
21561,21576
21561,21578
21561,21584
21561,23901
21561,23592
21573,21578
21573,21584
21573,21588
21573,21596
21573,24789
21573,25082
21576,21578
21576,21584
21576,21596
21578,21584
21578,21588
21578,21596
21578,21601
21584,21588
21584,21596
21584,21601
21584,21604
21588,21596
21588,21604
21588,21610
21596,21601
21596,21604
21596,21610
21596,21614
21596,21616
21601,21604
21601,21614
21601,21616
21601,21619
21601,21625
21601,24694
21604,21610
21604,21616
21604,21619
21604,21625
21604,21632
21604,26252
21610,21614
21610,21616
21610,21619
21610,21625
21610,21632
21610,21638
21614,21616
21614,21619
21614,21625
21614,21632
21614,21638
21614,21646
21614,21647
21616,21619
21616,21625
21616,21632
21616,21646
21616,21647
21616,21650
21616,24832
21619,21625
21619,21632
21619,21638
21619,21646
21619,21647
21619,21650
21625,21632
21625,21646
21625,21647
21625,21650
21625,21651
21625,21654
21632,21638
21632,21646
21632,21647
21632,21650
21632,21651
21632,21654
21632,21659
21638,21646
21638,21647
21638,21650
21638,21651
21638,21654
21638,21659
21638,21663
21646,21647
21646,21650
21646,21651
21646,21654
21646,21659
21646,21663
21646,21665
21647,21650
21647,21651
21647,21654
21647,21659
21647,21663
21647,21665
21647,21673
21650,21651
21650,21659
21650,21663
21650,21665
21650,21681
21650,26785
21650,26150
21651,21654
21651,21659
21651,21663
21651,21665
21651,21673
21651,21681
21651,21684
21654,21659
21654,21663
21654,21665
21654,21673
21654,21681
21654,21684
21654,21688
21654,24774
21659,21663
21659,21665
21659,21673
21659,21681
21659,21684
21659,21688
21659,21695
21663,21665
21663,21673
21663,21681
21663,21684
21663,21695
21663,21700
21665,21673
21665,21684
21665,21695
21665,21700
21665,21705
21665,21706
21673,21681
21673,21684
21673,21695
21673,21700
21673,21705
21673,21706
21673,21707
21681,21684
21681,21688
21681,21695
21681,21700
21681,21705
21681,21707
21681,21709
21684,21688
21684,21695
21684,21700
21684,21705
21684,21706
21684,21707
21684,21709
21684,21712
21684,23145
21688,21695
21688,21700
21688,21705
21688,21706
21688,21707
21688,21712
21695,21700
21695,21705
21695,21706
21695,21707
21695,21709
21695,21712
21700,21705
21700,21706
21700,21707
21700,21709
21700,21712
21700,21731
21705,21706
21705,21707
21705,21712
21705,21721
21705,21731
21705,21750
21705,26233
21706,21707
21706,21709
21706,21712
21706,21721
21706,21731
21706,21750
21706,21753
21707,21709
21707,21712
21707,21721
21707,21731
21707,21750
21707,21753
21707,21756
21709,21712
21709,21731
21709,21750
21709,21753
21709,21757
21709,24899
21712,21731
21712,21750
21712,21753
21712,21756
21712,21757
21712,23098
21712,26988
21712,25318
21721,21731
21721,21750
21721,21753
21721,21756
21721,21764
21721,21768
21731,21750
21731,21753
21731,21756
21731,21757
21731,21764
21731,21767
21731,21768
21750,21753
21750,21756
21750,21757
21750,21764
21750,21767
21750,21771
21753,21756
21753,21757
21753,21764
21753,21767
21753,21768
21756,21757
21756,21764
21756,21767
21756,21768
21756,21771
21756,21774
21757,21764
21757,21767
21757,21768
21757,21771
21757,21774
21757,21782
21764,21767
21764,21774
21764,21782
21764,21785
21767,21774
21767,21782
21767,21785
21767,21790
21767,25009
21768,21771
21768,21774
21768,21782
21768,21785
21768,21790
21768,21802
21771,21774
21771,21782
21771,21785
21771,21790
21771,21802
21771,21803
21774,21782
21774,21785
21774,21790
21774,21802
21774,21803
21774,21808
21782,21785
21782,21790
21782,21802
21782,21803
21782,21808
21782,21810
21782,21829
21785,21790
21785,21802
21785,21803
21785,21808
21785,21810
21785,21829
21785,21837
21785,25477
21790,21802
21790,21803
21790,21808
21790,21810
21790,21829
21790,21837
21790,21839
21802,21803
21802,21808
21802,21810
21802,21829
21802,21837
21802,21839
21803,21808
21803,21810
21803,21829
21803,21839
21803,21846
21808,21810
21808,21829
21808,21837
21808,21839
21808,21846
21808,21853
21810,21829
21810,21837
21810,21839
21810,21846
21810,21853
21810,21854
21829,21837
21829,21839
21829,21846
21829,21853
21829,21854
21829,21858
21837,21846
21837,21853
21837,21854
21837,21858
21839,21846
21839,21853
21839,21858
21839,21870
21846,21853
21846,21854
21846,21858
21846,21870
21846,21880
21853,21854
21853,21858
21853,21870
21853,21880
21853,21882
21854,21858
21854,21870
21854,21880
21854,21882
21858,21870
21858,21880
21858,21882
21858,25231
21870,21880
21870,21882
21870,21902
21870,21904
21880,21882
21880,21904
21880,21905
21880,21907
21880,21912
21882,21902
21882,21905
21882,21907
21882,21912
21882,21919
21902,21904
21902,21905
21902,21907
21902,21912
21902,21919
21902,21922
21902,21924
21902,21934
21902,21941
21904,21905
21904,21907
21904,21912
21904,21919
21904,21922
21904,21924
21904,21934
21904,21941
21904,21950
21905,21907
21905,21912
21905,21919
21905,21922
21905,21934
21905,21941
21905,21950
21905,21951
21905,26958
21907,21912
21907,21919
21907,21922
21907,21924
21907,21934
21907,21950
21907,21960
21912,21922
21912,21924
21912,21941
21912,21951
21912,21960
21912,21961
21919,21922
21919,21924
21919,21934
21919,21941
21919,21950
21919,21951
21919,21961
21919,21965
21922,21924
21922,21934
21922,21941
21922,21951
21922,21960
21922,21961
21922,21965
21922,21966
21924,21934
21924,21941
21924,21950
21924,21951
21924,21960
21924,21961
21924,21965
21924,21966
21924,21968
21934,21941
21934,21950
21934,21951
21934,21960
21934,21961
21934,21965
21934,21966
21934,21968
21934,21979
21941,21950
21941,21960
21941,21961
21941,21965
21941,21966
21941,21968
21941,21979
21941,21980
21950,21951
21950,21960
21950,21961
21950,21965
21950,21968
21950,21979
21950,21980
21950,23727
21951,21960
21951,21961
21951,21965
21951,21966
21951,21968
21951,21979
21951,21987
21951,25295
21960,21961
21960,21965
21960,21979
21960,21987
21960,21988
21961,21965
21961,21966
21961,21968
21961,21979
21961,21980
21961,21987
21961,21991
21965,21966
21965,21968
21965,21979
21965,21980
21965,21987
21965,21988
21965,21991
21965,21993
21966,21968
21966,21979
21966,21980
21966,21987
21966,21988
21966,21991
21966,21993
21966,21999
21968,21979
21968,21980
21968,21987
21968,21988
21968,21991
21968,21993
21968,21999
21968,22002
21968,22164
21979,21980
21979,21987
21979,21988
21979,21991
21979,21993
21979,21999
21979,22002
21979,22004
21980,21987
21980,21988
21980,21991
21980,21999
21980,22002
21980,22004
21980,22007
21987,21991
21987,21993
21987,21999
21987,22002
21987,22004
21987,22007
21987,22008
21987,22009
21988,21991
21988,21993
21988,21999
21988,22002
21988,22004
21988,22007
21988,22008
21988,22009
21991,21993
21991,21999
21991,22002
21991,22004
21991,22008
21991,22009
21991,23729
21993,21999
21993,22002
21993,22004
21993,22007
21993,22008
21993,22009
21993,22015
21993,22016
21993,24183
21999,22002
21999,22004
21999,22007
21999,22008
21999,22009
21999,22015
21999,22023
22002,22004
22002,22008
22002,22009
22002,22015
22002,22016
22002,22023
22002,22024
22002,23422
22004,22008
22004,22009
22004,22015
22004,22016
22004,22023
22004,22028
22007,22008
22007,22015
22007,22016
22007,22023
22007,22024
22007,22028
22007,22031
22008,22009
22008,22015
22008,22016
22008,22023
22008,22024
22008,22028
22008,22031
22008,22039
22008,26228
22009,22015
22009,22016
22009,22023
22009,22024
22009,22028
22009,22031
22009,22039
22015,22016
22015,22024
22015,22028
22015,22031
22015,22039
22015,22055
22016,22023
22016,22024
22016,22028
22016,22031
22016,22039
22016,22055
22016,22060
22023,22024
22023,22028
22023,22031
22023,22039
22023,22055
22023,22060
22023,22187
22024,22028
22024,22031
22024,22039
22024,22055
22024,22060
22028,22031
22028,22039
22028,22055
22028,22060
22031,22039
22031,22055
22031,22060
22039,22055
22039,22060
22039,24786
22055,22092
22055,22094
22060,22092
22060,22094
22060,22100
22092,22094
22092,22100
22092,22106
22092,22115
22092,22118
22094,22100
22094,22106
22094,22111
22094,22115
22094,22118
22094,22120
22100,22106
22100,22111
22100,22115
22100,22118
22100,22120
22100,26812
22106,22111
22106,22115
22106,22118
22106,22120
22106,22122
22106,22134
22111,22115
22111,22118
22111,22120
22111,22122
22111,22134
22115,22118
22115,22120
22115,22122
22115,22134
22118,22120
22118,22122
22118,22134
22118,22142
22118,22148
22120,22122
22120,22134
22120,22142
22120,22148
22120,22405
22122,22134
22122,22142
22122,22148
22122,22164
22122,24955
22134,22142
22134,22164
22134,22171
22142,22148
22142,22171
22142,22172
22142,22180
22142,22181
22148,22164
22148,22171
22148,22172
22148,22180
22148,22181
22164,22171
22164,22181
22164,22187
22164,23173
22171,22172
22171,22180
22171,22181
22171,22187
22171,22188
22171,22193
22172,22180
22172,22187
22172,22188
22172,22193
22172,22195
22180,22181
22180,22187
22180,22188
22180,22193
22180,22195
22181,22187
22181,22188
22181,22193
22181,22195
22181,22200
22187,22193
22187,22195
22187,22200
22187,22202
22187,22216
22187,23288
22187,23649
22187,22586
22188,22193
22188,22195
22188,22200
22188,22202
22188,22216
22188,22221
22193,22195
22193,22200
22193,22216
22193,24673
22193,24643
22195,22200
22195,22202
22195,22221
22195,22222
22195,22225
22195,23611
22200,22202
22200,22216
22200,22221
22200,22222
22200,22225
22200,22229
22200,22231
22200,24899
22202,22216
22202,22225
22202,22229
22202,22231
22202,22234
22216,22221
22216,22225
22216,22229
22216,22231
22216,22234
22216,22254
22216,22257
22221,22222
22221,22225
22221,22231
22221,22234
22221,22254
22221,22260
22222,22229
22222,22231
22222,22234
22222,22254
22222,22257
22222,22260
22222,22261
22225,22229
22225,22231
22225,22234
22225,22254
22225,22257
22225,22260
22225,22261
22225,22264
22229,22231
22229,22234
22229,22257
22229,22260
22229,22261
22229,22264
22231,22234
22231,22257
22231,22260
22231,22261
22231,22264
22231,22277
22234,22257
22234,22260
22234,22261
22234,22264
22234,22277
22254,22257
22254,22260
22254,22261
22254,22264
22254,22277
22254,22288
22257,22260
22257,22261
22257,22264
22257,22277
22260,22261
22260,22264
22260,22277
22260,22289
22260,22292
22261,22264
22261,22277
22261,22288
22261,22289
22261,22292
22261,22293
22264,22277
22264,22288
22264,22289
22264,22293
22264,22299
22277,22288
22277,22289
22277,22292
22277,22293
22277,22299
22277,22303
22277,22309
22288,22289
22288,22292
22288,22293
22288,22299
22288,22303
22288,22309
22288,22315
22289,22292
22289,22293
22289,22299
22289,22303
22289,22309
22289,22315
22292,22293
22292,22299
22292,22303
22292,22309
22292,22315
22292,26074
22293,22303
22293,22309
22293,22315
22293,22329
22293,22331
22299,22303
22299,22309
22299,22315
22299,22329
22299,22331
22299,22332
22303,22309
22303,22315
22303,22331
22303,22332
22309,22315
22309,22329
22309,22331
22309,22332
22309,22347
22309,24966
22315,22329
22315,22331
22315,22332
22315,22347
22315,22350
22315,22352
22329,22331
22329,22332
22329,22347
22329,22350
22329,22352
22329,22360
22331,22332
22331,22347
22331,22350
22331,22352
22331,22362
22332,22347
22332,22352
22332,22362
22332,22364
22332,23877
22347,22350
22347,22352
22347,22360
22347,22362
22347,22364
22347,22370
22347,22375
22350,22352
22350,22360
22350,22362
22350,22364
22350,22370
22350,22375
22350,22384
22352,22362
22352,22364
22352,22370
22352,22375
22352,22384
22352,22385
22360,22362
22360,22364
22360,22370
22360,22375
22360,22384
22360,22385
22360,22389
22362,22364
22362,22370
22362,22375
22362,22384
22362,22385
22362,22389
22362,22393
22364,22370
22364,22375
22364,22384
22364,22385
22364,22389
22364,22393
22364,22394
22370,22375
22370,22385
22370,22389
22370,22393
22370,22394
22370,22395
22375,22384
22375,22385
22375,22389
22375,22393
22375,22394
22375,22397
22384,22385
22384,22389
22384,22393
22384,22394
22384,22395
22384,22404
22384,22405
22385,22389
22385,22393
22385,22394
22385,22395
22385,22397
22385,22404
22385,22405
22385,22406
22385,27416
22389,22393
22389,22394
22389,22395
22389,22397
22389,22405
22389,22406
22393,22394
22393,22395
22393,22397
22393,22404
22393,22405
22393,22406
22393,22424
22393,22428
22394,22395
22394,22397
22394,22404
22394,22405
22394,22406
22394,22424
22394,22428
22395,22397
22395,22404
22395,22405
22395,22424
22395,22428
22397,22404
22397,22405
22397,22406
22397,22424
22397,22428
22397,22439
22404,22406
22404,22424
22404,22428
22404,22439
22405,22406
22405,22424
22405,22428
22405,22439
22406,22424
22406,22428
22406,22439
22424,22428
22424,22439
22424,22446
22424,22452
22428,22439
22428,22446
22428,22452
22428,22460
22439,22452
22439,22460
22439,22461
22439,22463
22439,22469
22439,27181
22446,22452
22446,22460
22446,22461
22446,22463
22446,22469
22446,22476
22446,22478
22446,22480
22446,25490
22452,22460
22452,22461
22452,22463
22452,22469
22452,22476
22452,22478
22452,22480
22452,22489
22460,22461
22460,22463
22460,22469
22460,22476
22460,22478
22460,22489
22460,22496
22461,22463
22461,22469
22461,22476
22461,22478
22461,22480
22461,22489
22461,22496
22461,22498
22463,22469
22463,22476
22463,22478
22463,22489
22463,22496
22463,22498
22469,22476
22469,22478
22469,22480
22469,22489
22469,22496
22469,22498
22476,22478
22476,22489
22476,22496
22476,22507
22476,23064
22478,22480
22478,22489
22478,22496
22478,22498
22478,22507
22480,22489
22480,22496
22480,22498
22480,22507
22480,22515
22489,22496
22489,22498
22489,22507
22489,22515
22489,22516
22489,22518
22496,22498
22496,22507
22496,22515
22496,22516
22496,22518
22496,25831
22496,26062
22498,22507
22498,22516
22498,22518
22498,22520
22498,22521
22498,25295
22498,26821
22507,22515
22507,22516
22507,22518
22507,22520
22507,22521
22507,22522
22507,22523
22507,22531
22515,22516
22515,22518
22515,22520
22515,22521
22515,22522
22515,22523
22515,22531
22515,22537
22516,22518
22516,22520
22516,22521
22516,22522
22516,22523
22516,22531
22516,22537
22516,22542
22516,24822
22518,22520
22518,22521
22518,22522
22518,22523
22518,22531
22518,22537
22518,22542
22520,22521
22520,22522
22520,22523
22520,22531
22520,22537
22520,22542
22520,22554
22521,22522
22521,22523
22521,22531
22521,22537
22521,22542
22521,22556
22521,26671
22522,22523
22522,22531
22522,22537
22522,22542
22522,22554
22522,22556
22522,22558
22523,22537
22523,22542
22523,22554
22523,22556
22523,22558
22523,26904
22531,22542
22531,22554
22531,22558
22531,25737
22537,22542
22537,22554
22537,22556
22537,22558
22537,22566
22537,22568
22542,22554
22542,22556
22542,22558
22542,22566
22542,22568
22542,22569
22554,22556
22554,22558
22554,22568
22554,22569
22554,22572
22554,22576
22556,22558
22556,22566
22556,22568
22556,22569
22556,22572
22556,22576
22556,22579
22556,23620
22558,22566
22558,22568
22558,22572
22558,22576
22558,22579
22558,22580
22566,22568
22566,22569
22566,22572
22566,22579
22566,22580
22566,22581
22566,22586
22568,22569
22568,22576
22568,22579
22568,22580
22568,22581
22568,22611
22568,24789
22569,22572
22569,22579
22569,22580
22569,22581
22569,22586
22569,22598
22569,22611
22569,22621
22569,23632
22572,22576
22572,22579
22572,22580
22572,22581
22572,22586
22572,22598
22572,22611
22572,22621
22572,22626
22576,22579
22576,22580
22576,22581
22576,22586
22576,22598
22576,22611
22576,22621
22576,22630
22579,22580
22579,22581
22579,22598
22579,22611
22579,22621
22579,22626
22579,22630
22579,23384
22580,22581
22580,22586
22580,22598
22580,22611
22580,22621
22580,22626
22580,22630
22580,22635
22580,22639
22581,22586
22581,22598
22581,22621
22581,22626
22581,22630
22581,22635
22581,22639
22581,26600
22586,22598
22586,22611
22586,22621
22586,22626
22586,22630
22586,22635
22598,22611
22598,22626
22598,22630
22598,22635
22598,22639
22611,22621
22611,22626
22611,22635
22611,22639
22621,22626
22621,22630
22621,22635
22621,22639
22621,22664
22626,22630
22626,22635
22626,22639
22626,22664
22626,22667
22630,22635
22630,22639
22630,22664
22630,22667
22630,22668
22635,22639
22635,22664
22635,22667
22635,22668
22635,22675
22639,22664
22639,22667
22639,22668
22639,22675
22664,22667
22664,22668
22664,22675
22664,22687
22664,22697
22664,22699
22664,22702
22664,22706
22667,22668
22667,22675
22667,22687
22667,22699
22667,22702
22667,22706
22667,22710
22668,22675
22668,22687
22668,22697
22668,22699
22668,22702
22668,22706
22668,22711
22675,22687
22675,22697
22675,22699
22675,22702
22675,22706
22675,22710
22687,22697
22687,22699
22687,22702
22687,22710
22687,22711
22687,22724
22687,22728
22687,25374
22697,22699
22697,22702
22697,22706
22697,22710
22697,22711
22697,22724
22697,22728
22697,22735
22699,22702
22699,22706
22699,22710
22699,22711
22699,22724
22699,22728
22699,22735
22699,22737
22702,22706
22702,22710
22702,22724
22702,22735
22702,22737
22702,22746
22706,22711
22706,22724
22706,22728
22706,22735
22706,22737
22706,22746
22706,22748
22710,22711
22710,22724
22710,22728
22710,22735
22710,22737
22710,22746
22710,22748
22710,22754
22710,23664
22711,22724
22711,22728
22711,22735
22711,22737
22711,22746
22711,22748
22711,22754
22711,22757
22724,22728
22724,22735
22724,22737
22724,22746
22724,22748
22724,22754
22724,22757
22724,22761
22724,27071
22728,22735
22728,22737
22728,22746
22728,22748
22728,22754
22728,22757
22728,22758
22728,22761
22735,22737
22735,22746
22735,22748
22735,22754
22735,22757
22735,22761
22737,22746
22737,22748
22737,22754
22737,22757
22737,22758
22737,22761
22737,22768
22746,22748
22746,22754
22746,22758
22746,22761
22746,22768
22748,22754
22748,22758
22748,22761
22748,22768
22748,22772
22748,22774
22748,26007
22754,22757
22754,22758
22754,22768
22754,22777
22754,26127
22757,22758
22757,22761
22757,22768
22757,22772
22757,22774
22757,22777
22757,22780
22758,22761
22758,22768
22758,22772
22758,22774
22758,22777
22758,22780
22758,22781
22761,22768
22761,22772
22761,22774
22761,22777
22761,22780
22761,22781
22761,22784
22768,22772
22768,22774
22768,22777
22768,22780
22768,22784
22768,22787
22768,22788
22772,22774
22772,22777
22772,22780
22772,22781
22772,22784
22772,22787
22772,22788
22772,22789
22774,22777
22774,22781
22774,22784
22774,22788
22774,22790
22777,22780
22777,22781
22777,22784
22777,22787
22777,22788
22777,22789
22777,22790
22780,22781
22780,22784
22780,22787
22780,22788
22780,22789
22780,22790
22780,22796
22781,22784
22781,22787
22781,22788
22781,22789
22781,22790
22781,22796
22781,22800
22781,23758
22784,22787
22784,22788
22784,22789
22784,22790
22784,22796
22784,22800
22784,22805
22787,22789
22787,22796
22787,22800
22787,22807
22787,22808
22788,22789
22788,22790
22788,22796
22788,22800
22788,22805
22788,22807
22788,22808
22788,22809
22789,22790
22789,22796
22789,22800
22789,22805
22789,22808
22789,22809
22789,26774
22790,22796
22790,22805
22790,22807
22790,22816
22796,22800
22796,22805
22796,22807
22796,22809
22796,22816
22796,22821
22796,22823
22796,26650
22800,22805
22800,22807
22800,22808
22800,22809
22800,22816
22800,22821
22800,22823
22800,22829
22800,23419
22805,22807
22805,22808
22805,22809
22805,22816
22805,22823
22805,22829
22805,22832
22807,22808
22807,22809
22807,22816
22807,22821
22807,22823
22807,22829
22807,22839
22808,22816
22808,22821
22808,22829
22808,22832
22808,22839
22808,22848
22809,22821
22809,22823
22809,22829
22809,22832
22809,22839
22809,22848
22809,22850
22816,22821
22816,22823
22816,22832
22816,22839
22816,22848
22816,22850
22821,22823
22821,22829
22821,22832
22821,22839
22821,22848
22821,22850
22821,22855
22821,22860
22823,22829
22823,22832
22823,22839
22823,22848
22823,22850
22823,22855
22823,22860
22823,22861
22829,22832
22829,22839
22829,22848
22829,22855
22829,22860
22829,22861
22832,22839
22832,22848
22832,22855
22832,22860
22832,22861
22839,22848
22839,22850
22839,22855
22839,22860
22839,22861
22839,22864
22839,22869
22848,22850
22848,22855
22848,22860
22848,22861
22848,22864
22848,22869
22848,22878
22850,22855
22850,22860
22850,22861
22850,22864
22850,22878
22850,22882
22855,22861
22855,22864
22855,22869
22855,22878
22855,22882
22855,22883
22860,22861
22860,22864
22860,22869
22860,22882
22860,22883
22860,22885
22861,22869
22861,22878
22861,22882
22861,22883
22861,22885
22864,22869
22864,22878
22864,22883
22864,22885
22864,22894
22869,22878
22869,22882
22869,22883
22869,22885
22869,22894
22869,22897
22869,25904
22878,22882
22878,22885
22878,22894
22878,22897
22878,22899
22878,22904
22882,22883
22882,22885
22882,22894
22882,22897
22882,22904
22882,22905
22883,22885
22883,22894
22883,22897
22883,22899
22883,22904
22883,22905
22883,22912
22883,26204
22885,22894
22885,22897
22885,22899
22885,22904
22885,22905
22885,22912
22885,22919
22894,22897
22894,22899
22894,22904
22894,22905
22894,22912
22894,22919
22894,22922
22894,22927
22894,22931
22897,22899
22897,22905
22897,22912
22897,22919
22897,22922
22897,22931
22897,22940
22897,26225
22899,22904
22899,22905
22899,22912
22899,22922
22899,22927
22899,22931
22899,22940
22899,22942
22904,22905
22904,22912
22904,22919
22904,22922
22904,22927
22904,22931
22904,22940
22904,22942
22904,22943
22905,22912
22905,22919
22905,22922
22905,22931
22905,22940
22905,22942
22905,22943
22912,22919
22912,22922
22912,22927
22912,22931
22912,22942
22912,22943
22912,22958
22919,22922
22919,22927
22919,22931
22919,22940
22919,22942
22919,22943
22919,22958
22919,22960
22922,22927
22922,22931
22922,22940
22922,22942
22922,22943
22922,22960
22922,22962
22927,22940
22927,22942
22927,22943
22927,22958
22927,22960
22927,22962
22931,22942
22931,22943
22931,22958
22931,22960
22931,22962
22940,22942
22940,22960
22940,22962
22940,22967
22940,26671
22942,22943
22942,22958
22942,22960
22942,22962
22942,22967
22943,22958
22943,22960
22943,22962
22958,22960
22958,22962
22958,22984
22960,22962
22960,22967
22960,22982
22960,22984
22960,22986
22962,22967
22962,22982
22962,22984
22962,22986
22967,22982
22967,22984
22967,22986
22967,22993
22982,22984
22982,22986
22982,23004
22982,23005
22982,24537
22984,22986
22984,22993
22984,23004
22984,23005
22984,23014
22986,22993
22986,23004
22986,23014
22986,23021
22993,23005
22993,23014
22993,23021
22993,23025
23004,23005
23004,23014
23004,23021
23004,23025
23004,23026
23004,23029
23005,23014
23005,23021
23005,23025
23005,23026
23005,23029
23005,23031
23005,23032
23014,23021
23014,23026
23014,23029
23014,23031
23014,23032
23014,23033
23014,23034
23021,23025
23021,23026
23021,23029
23021,23031
23021,23032
23021,23033
23025,23026
23025,23029
23025,23032
23025,23033
23025,23034
23025,23047
23025,23049
23026,23029
23026,23031
23026,23032
23026,23033
23026,23034
23026,23047
23029,23031
23029,23032
23029,23033
23029,23034
23029,23049
23029,23064
23031,23032
23031,23033
23031,23034
23031,23047
23031,23049
23031,23064
23032,23033
23032,23034
23032,23047
23032,23049
23032,23064
23033,23034
23033,23049
23033,23064
23034,23047
23034,23049
23034,23064
23034,23068
23034,23072
23047,23049
23047,23064
23047,23068
23047,23072
23047,23080
23047,23087
23049,23064
23049,23068
23049,23080
23049,23087
23064,23068
23064,23072
23064,23080
23064,23087
23064,23098
23068,23072
23068,23080
23068,23087
23068,23098
23068,23107
23068,23108
23072,23080
23072,23087
23072,23098
23072,23107
23072,23108
23072,23110
23080,23107
23080,23108
23080,23110
23080,23430
23087,23098
23087,23107
23087,23108
23087,23110
23098,23107
23098,23108
23098,23110
23098,23132
23098,23138
23107,23108
23107,23110
23107,23132
23107,23138
23107,23145
23108,23132
23108,23138
23108,23145
23110,23132
23110,23138
23110,23145
23110,23153
23110,24213
23132,23138
23132,23145
23132,23153
23132,23161
23138,23145
23138,23153
23138,23160
23138,23161
23138,23167
23145,23153
23145,23160
23153,23160
23153,23161
23153,23171
23153,23173
23153,23175
23160,23161
23160,23167
23160,23171
23160,23175
23160,23179
23160,23182
23161,23167
23161,23171
23161,23173
23161,23175
23161,23182
23161,23189
23167,23171
23167,23173
23167,23175
23167,23179
23167,23189
23167,23191
23171,23173
23171,23175
23171,23179
23171,23182
23171,23189
23171,23191
23171,23196
23173,23175
23173,23179
23173,23182
23173,23191
23173,23196
23173,23206
23173,25443
23175,23179
23175,23182
23175,23189
23175,23191
23175,23196
23175,23206
23175,23207
23179,23182
23179,23189
23179,23191
23179,23196
23179,23206
23179,23207
23179,26245
23182,23189
23182,23191
23182,23196
23182,23206
23182,23218
23189,23196
23189,23206
23189,23207
23189,23218
23189,23219
23191,23196
23191,23206
23191,23207
23191,23218
23191,23219
23191,23221
23191,25621
23196,23206
23196,23207
23196,23218
23196,23219
23196,23221
23196,23232
23206,23207
23206,23218
23206,23219
23206,23221
23206,23232
23206,23236
23207,23219
23207,23221
23207,23232
23207,23236
23207,23237
23218,23221
23218,23232
23218,23236
23218,23237
23218,23241
23218,23242
23219,23221
23219,23232
23219,23237
23219,23241
23219,23242
23221,23232
23221,23236
23221,23237
23221,23241
23221,23242
23232,23236
23232,23237
23232,23242
23236,23241
23236,23242
23236,23262
23236,23281
23237,23241
23237,23242
23237,23262
23237,23281
23237,23282
23241,23262
23241,23281
23241,23282
23242,23262
23242,23282
23262,23281
23262,23282
23262,23289
23262,23295
23281,23288
23281,23289
23281,23291
23281,25220
23281,24728
23282,23288
23282,23289
23282,23291
23282,23295
23282,23299
23288,23291
23288,23295
23288,23299
23288,23307
23288,23310
23288,23311
23289,23291
23289,23295
23289,23299
23289,23307
23289,23310
23289,23311
23291,23295
23291,23299
23291,23307
23291,23310
23291,23311
23291,23316
23295,23299
23295,23307
23295,23310
23295,23311
23295,23316
23295,23320
23295,23322
23295,23916
23299,23307
23299,23310
23299,23311
23299,23316
23299,23320
23299,23358
23307,23310
23307,23311
23307,23320
23307,23330
23307,23338
23307,25116
23310,23311
23310,23316
23310,23320
23310,23322
23310,23330
23310,23338
23311,23316
23311,23320
23311,23322
23311,23330
23311,23973
23316,23320
23316,23322
23316,23330
23316,23338
23316,23346
23316,23347
23320,23322
23320,23330
23320,23338
23320,23346
23320,23347
23320,23348
23322,23330
23322,23338
23322,23346
23322,23347
23322,23348
23322,25940
23330,23338
23330,23347
23330,23348
23330,23357
23330,23358
23330,25977
23338,23346
23338,23347
23338,23348
23338,23357
23338,23358
23338,23360
23346,23347
23346,23348
23346,23357
23346,23358
23346,23360
23346,23363
23346,23366
23347,23348
23347,23357
23347,23358
23347,23360
23347,23363
23347,23366
23347,23368
23348,23357
23348,23358
23348,23360
23348,23366
23348,23368
23357,23358
23357,23360
23357,23363
23357,23366
23357,23368
23357,23376
23357,23380
23357,26157
23358,23360
23358,23363
23358,23366
23358,23368
23358,23376
23358,23380
23358,23383
23360,23363
23360,23366
23360,23368
23360,23376
23360,23380
23360,23383
23363,23366
23363,23368
23363,23376
23363,23380
23363,23383
23363,23384
23366,23368
23366,23376
23366,23380
23366,23383
23366,23402
23368,23376
23368,23383
23368,23384
23368,23402
23368,23416
23376,23380
23376,23383
23376,23384
23376,23402
23376,23416
23376,23417
23376,23419
23380,23383
23380,23384
23380,23402
23380,23416
23380,23417
23380,23419
23383,23384
23383,23402
23383,23416
23383,23417
23383,23419
23383,23422
23384,23402
23384,23416
23384,23417
23384,23419
23384,23424
23402,23416
23402,23417
23402,23419
23402,23422
23402,23424
23402,23430
23416,23417
23416,23422
23416,23424
23416,23430
23416,23435
23417,23419
23417,23424
23417,23430
23417,23435
23419,23422
23419,23424
23419,23430
23419,23435
23422,23424
23422,23435
23424,23430
23424,23435
23424,23450
23430,23435
23430,23450
23430,23458
23430,23460
23435,23450
23435,23460
23435,23470
23450,23460
23450,23474
23450,23476
23450,23477
23450,26012
23458,23470
23458,23476
23458,23477
23458,23481
23458,25947
23460,23474
23460,23481
23460,24840
23470,23474
23470,23476
23470,23477
23470,23481
23470,23494
23474,23476
23474,23477
23474,23481
23474,23494
23474,23501
23476,23477
23476,23481
23476,23501
23476,23508
23477,23481
23477,23494
23477,23501
23477,23508
23477,23511
23481,23494
23481,23501
23481,23508
23481,23511
23481,23516
23481,23525
23494,23501
23494,23508
23494,23511
23494,23516
23494,23525
23494,23530
23494,23535
23501,23511
23501,23516
23501,23525
23501,23530
23501,23535
23501,23541
23508,23511
23508,23516
23508,23525
23508,23530
23508,23535
23508,23538
23508,23541
23511,23516
23511,23530
23511,23535
23511,23538
23511,23541
23511,24368
23516,23525
23516,23530
23516,23535
23516,23538
23516,23541
23525,23530
23525,23535
23525,23538
23525,23541
23525,23564
23525,23573
23530,23535
23530,23538
23530,23541
23530,23564
23530,23573
23535,23538
23535,23541
23535,23564
23535,23573
23538,23541
23538,23564
23538,23573
23541,23564
23541,23573
23541,23591
23541,23592
23564,23573
23564,23591
23564,23592
23564,23596
23564,23601
23573,23591
23573,23592
23573,23596
23573,23601
23591,23592
23591,23596
23591,23601
23591,23603
23591,23609
23591,23610
23592,23596
23592,23601
23592,23603
23592,23609
23592,23610
23592,23611
23596,23601
23596,23603
23596,23609
23596,23610
23596,23611
23596,23615
23601,23603
23601,23609
23601,23610
23601,23611
23601,23616
23603,23609
23603,23610
23603,23611
23603,23615
23603,23616
23603,23620
23603,23624
23609,23610
23609,23615
23609,23616
23609,23620
23609,23624
23609,23628
23610,23611
23610,23615
23610,23616
23610,23620
23610,23624
23610,23628
23610,23629
23611,23615
23611,23620
23611,23624
23611,23628
23611,23629
23611,23631
23611,23945
23615,23616
23615,23620
23615,23624
23615,23628
23615,23629
23615,23631
23615,23632
23615,23635
23616,23620
23616,23624
23616,23628
23616,23629
23616,23631
23616,23632
23616,23637
23620,23624
23620,23628
23620,23629
23620,23631
23620,23635
23624,23628
23624,23629
23624,23631
23624,23632
23624,23635
23624,23637
23628,23629
23628,23631
23628,23632
23628,23635
23628,23637
23628,23644
23628,23646
23629,23631
23629,23632
23629,23635
23629,23637
23629,23644
23629,23646
23629,23649
23629,24701
23631,23632
23631,23635
23631,23637
23631,23644
23631,23649
23631,23655
23631,27359
23632,23635
23632,23637
23632,23646
23632,23655
23632,23657
23635,23637
23635,23644
23635,23646
23635,23649
23635,23655
23635,23657
23635,23658
23637,23644
23637,23646
23637,23649
23637,23655
23637,23657
23637,23658
23637,23660
23644,23646
23644,23649
23644,23655
23644,23657
23644,23658
23644,23660
23644,23661
23644,23662
23644,23664
23646,23649
23646,23655
23646,23657
23646,23660
23646,23662
23646,23664
23646,23666
23649,23657
23649,23658
23649,23661
23649,23662
23649,23664
23649,23666
23655,23658
23655,23660
23655,23661
23655,23662
23655,23664
23655,23666
23655,27455
23657,23658
23657,23660
23657,23661
23657,23662
23657,23664
23657,23666
23657,23677
23657,23679
23658,23660
23658,23661
23658,23662
23658,23664
23658,23666
23658,23677
23658,23679
23660,23661
23660,23662
23660,23666
23660,23677
23660,23679
23660,23682
23660,24034
23661,23662
23661,23664
23661,23666
23661,23677
23661,23679
23661,23682
23662,23664
23662,23666
23662,23677
23662,23679
23662,23682
23662,23690
23662,25350
23664,23666
23664,23677
23664,23679
23664,23690
23666,23677
23666,23679
23666,23682
23666,23690
23666,23693
23677,23679
23677,23682
23677,23690
23677,23691
23677,23693
23677,23696
23677,23702
23677,27071
23679,23682
23679,23690
23679,23691
23679,23693
23679,23696
23679,23702
23682,23690
23682,23691
23682,23693
23682,23696
23682,23702
23682,23717
23690,23691
23690,23693
23690,23696
23690,23702
23690,23712
23690,23717
23690,23718
23691,23693
23691,23702
23691,23712
23691,23717
23691,23725
23693,23696
23693,23702
23693,23712
23693,23717
23693,23718
23693,23725
23693,23727
23696,23702
23696,23717
23696,23718
23696,23725
23696,23727
23696,23728
23702,23712
23702,23717
23702,23718
23702,23725
23702,23727
23702,23728
23702,23729
23712,23717
23712,23718
23712,23725
23712,23728
23712,23729
23712,23735
23712,25635
23717,23718
23717,23727
23717,23728
23717,23729
23717,23735
23718,23725
23718,23727
23718,23728
23718,23729
23718,23735
23718,23743
23725,23729
23725,23735
23725,23743
23725,23747
23725,23754
23727,23728
23727,23729
23727,23735
23727,23747
23728,23729
23728,23735
23728,23747
23728,23754
23728,23757
23728,26456
23729,23735
23729,23743
23729,23747
23729,23754
23729,23757
23729,23758
23735,23743
23735,23747
23735,23754
23735,23757
23735,23758
23735,23761
23743,23747
23743,23754
23743,23757
23743,23758
23743,23761
23743,23765
23743,23782
23747,23754
23747,23757
23747,23758
23747,23761
23747,23782
23747,23786
23754,23758
23754,23761
23754,23765
23754,23782
23754,23786
23754,23789
23754,24131
23757,23758
23757,23761
23757,23765
23757,23782
23757,23786
23757,23789
23757,23793
23757,23797
23758,23761
23758,23765
23758,23782
23758,23786
23758,23789
23758,23797
23758,23798
23761,23765
23761,23782
23761,23786
23761,23789
23761,23793
23761,23797
23761,23798
23761,23799
23761,23800
23765,23789
23765,23793
23765,23797
23765,23798
23765,23799
23765,23800
23765,23805
23765,27181
23765,27028
23782,23786
23782,23789
23782,23793
23782,23797
23782,23798
23782,23799
23782,23800
23782,23805
23786,23789
23786,23793
23786,23798
23786,23799
23786,23800
23786,23811
23789,23793
23789,23797
23789,23798
23789,23800
23789,23811
23789,25944
23793,23798
23793,23799
23793,23800
23793,23805
23793,23811
23793,23818
23797,23798
23797,23799
23797,23800
23797,23805
23797,23818
23797,24224
23798,23799
23798,23800
23798,23805
23798,23811
23798,23818
23798,23833
23799,23800
23799,23805
23799,23811
23799,23818
23799,23833
23799,23834
23799,25231
23800,23805
23800,23811
23800,23818
23800,23833
23800,23834
23800,23840
23800,26062
23805,23811
23805,23818
23805,23833
23805,23834
23805,23840
23805,23845
23811,23818
23811,23833
23811,23840
23811,23845
23811,23855
23811,27305
23818,23833
23818,23840
23818,23845
23818,23855
23818,23856
23818,23858
23833,23834
23833,23845
23833,23855
23833,23856
23833,23858
23833,23859
23833,23862
23834,23840
23834,23845
23834,23855
23834,23856
23834,23858
23834,23859
23834,23862
23834,23864
23834,26213
23840,23845
23840,23855
23840,23856
23840,23858
23840,23859
23840,23862
23840,23864
23840,23868
23845,23855
23845,23856
23845,23858
23845,23859
23845,23864
23845,23868
23845,23877
23855,23856
23855,23858
23855,23859
23855,23862
23855,23864
23855,23877
23855,23880
23855,23881
23856,23858
23856,23859
23856,23862
23856,23864
23856,23868
23856,23877
23856,23880
23856,23881
23856,23889
23856,24651
23858,23859
23858,23862
23858,23864
23858,23868
23858,23877
23858,23880
23858,23881
23858,23889
23859,23864
23859,23868
23859,23877
23859,23880
23859,23881
23859,23892
23862,23864
23862,23868
23862,23877
23862,23880
23862,23881
23862,23889
23862,23892
23864,23868
23864,23880
23864,23881
23864,23889
23864,23892
23864,23901
23864,27359
23868,23877
23868,23880
23868,23881
23868,23889
23868,23892
23868,23901
23868,23904
23877,23881
23877,23889
23877,23892
23877,23901
23877,23904
23880,23881
23880,23889
23880,23892
23880,23901
23880,23904
23880,23907
23881,23892
23881,23901
23881,23909
23889,23892
23889,23901
23889,23904
23889,23907
23889,23909
23889,23911
23892,23901
23892,23904
23892,23907
23892,23909
23892,23911
23892,23913
23901,23907
23901,23909
23901,23911
23901,23916
23904,23907
23904,23911
23904,23913
23904,23916
23907,23909
23907,23911
23907,23913
23907,23916
23907,23930
23907,23934
23909,23911
23909,23913
23909,23916
23909,23930
23909,23934
23909,23938
23911,23913
23911,23916
23911,23930
23911,23934
23911,23938
23913,23916
23913,23930
23913,23934
23913,23938
23913,27454
23916,23930
23916,23934
23916,23938
23930,23934
23930,23938
23930,23947
23930,23948
23930,23950
23930,23952
23934,23938
23934,23945
23934,23947
23934,23948
23934,23950
23934,23952
23934,23954
23934,25838
23938,23945
23938,23948
23938,23950
23938,23952
23938,23954
23938,23968
23945,23948
23945,23950
23945,23952
23945,23954
23945,23968
23945,23969
23947,23948
23947,23950
23947,23952
23947,23954
23947,23968
23947,23969
23947,23972
23947,23973
23948,23950
23948,23952
23948,23954
23948,23969
23948,23972
23948,23973
23948,23975
23950,23952
23950,23954
23950,23968
23950,23969
23950,23972
23950,23973
23950,23975
23950,23980
23952,23954
23952,23968
23952,23969
23952,23972
23952,23973
23952,23975
23952,23980
23952,23982
23954,23968
23954,23969
23954,23973
23954,23975
23954,23980
23954,23982
23954,23985
23968,23969
23968,23972
23968,23973
23968,23980
23968,23982
23968,23985
23968,23991
23968,24579
23969,23972
23969,23973
23969,23975
23969,23980
23969,23982
23969,23985
23969,23991
23969,23995
23972,23973
23972,23975
23972,23980
23972,23982
23972,23985
23972,23991
23972,23995
23972,24004
23973,23975
23973,23980
23973,23982
23973,23985
23973,23991
23973,23995
23973,24004
23975,23982
23975,23985
23975,23991
23975,23995
23975,24004
23975,27263
23980,23982
23980,23985
23980,23991
23980,23995
23980,24004
23982,23985
23982,23991
23982,23995
23985,23991
23985,23995
23985,24016
23985,25273
23991,23995
23991,24004
23991,24016
23991,24022
23995,24004
23995,24016
23995,24022
23995,24034
24004,24022
24004,24034
24004,24040
24004,24043
24004,26045
24016,24022
24016,24034
24016,24043
24016,24047
24016,24055
24016,24058
24022,24034
24022,24040
24022,24043
24022,24047
24022,24055
24022,24061
24034,24040
24034,24043
24034,24047
24034,24055
24034,24058
24034,24061
24034,24062
24040,24043
24040,24047
24040,24058
24040,24061
24040,24062
24043,24047
24043,24055
24043,24058
24043,24061
24043,24062
24047,24055
24047,24061
24047,24062
24055,24058
24055,24061
24055,24062
24055,24080
24055,24084
24058,24061
24058,24062
24058,24080
24058,24084
24061,24080
24061,24084
24062,24080
24062,24084
24062,24091
24080,24084
24080,24095
24080,24097
24080,24105
24084,24091
24084,24095
24084,24097
24084,24105
24091,24095
24091,24097
24091,24105
24091,24119
24091,24124
24095,24097
24095,24105
24095,24119
24095,24124
24097,24105
24097,24119
24097,24124
24097,24128
24097,24131
24105,24119
24105,24124
24105,24128
24105,24131
24119,24124
24119,24128
24119,24131
24119,24133
24119,24139
24119,24146
24124,24128
24124,24131
24124,24133
24124,24139
24124,24141
24124,24146
24124,24153
24128,24133
24128,24139
24128,24141
24128,24146
24128,24153
24128,24155
24128,24157
24131,24133
24131,24139
24131,24141
24131,24146
24131,24153
24131,24159
24131,24755
24133,24139
24133,24141
24133,24146
24133,24155
24133,24157
24133,24164
24133,26734
24139,24141
24139,24146
24139,24153
24139,24155
24139,24157
24139,24159
24139,24164
24139,24167
24141,24146
24141,24153
24141,24157
24141,24159
24141,24164
24141,24167
24146,24153
24146,24155
24146,24159
24146,24164
24146,24167
24146,24176
24146,24179
24146,26628
24153,24155
24153,24159
24153,24164
24153,24167
24153,24176
24153,24181
24155,24157
24155,24159
24155,24164
24155,24167
24155,24176
24155,24179
24155,24181
24155,24182
24157,24159
24157,24164
24157,24167
24157,24176
24157,24179
24157,24181
24157,24182
24157,24183
24159,24164
24159,24167
24159,24176
24159,24179
24159,24181
24159,24182
24159,24183
24159,24185
24164,24167
24164,24176
24164,24179
24164,24181
24164,24182
24164,24183
24164,24185
24167,24179
24167,24182
24167,24183
24167,24185
24167,24192
24176,24179
24176,24182
24176,24183
24176,24185
24176,24194
24179,24181
24179,24182
24179,24183
24179,24185
24179,24192
24179,24194
24179,24195
24179,26213
24181,24182
24181,24183
24181,24185
24181,24192
24181,24194
24181,24195
24181,24199
24182,24183
24182,24185
24182,24192
24182,24194
24182,24195
24182,24199
24182,24202
24183,24194
24183,24195
24183,24199
24183,24202
24183,24671
24185,24192
24185,24194
24185,24195
24185,24199
24185,24202
24185,24213
24192,24194
24192,24195
24192,24199
24192,24202
24192,24213
24194,24195
24194,24199
24194,24202
24194,24213
24194,24217
24194,26152
24195,24199
24195,24202
24195,24213
24195,24217
24195,24224
24199,24202
24199,24213
24199,24217
24199,24225
24202,24213
24202,24217
24202,24224
24202,24225
24202,24235
24213,24217
24213,24224
24213,24225
24213,24235
24217,24224
24217,24225
24217,24235
24217,24248
24217,24252
24224,24225
24224,24235
24224,24248
24224,24252
24224,24256
24225,24235
24225,24248
24225,24252
24225,24256
24235,24248
24235,24252
24235,24256
24235,24264
24235,24268
24248,24252
24248,24256
24248,24264
24248,24274
24252,24256
24252,24264
24252,24268
24252,24274
24252,24278
24256,24264
24256,24268
24256,24274
24256,24278
24256,24296
24264,24268
24264,24274
24264,24296
24264,24297
24264,24306
24268,24274
24268,24278
24268,24296
24268,24297
24268,24306
24268,24312
24274,24278
24274,24296
24274,24297
24274,24306
24274,24312
24278,24296
24278,24297
24278,24306
24278,24312
24278,24323
24278,24335
24296,24297
24296,24306
24296,24312
24296,24323
24296,24335
24296,24685
24297,24306
24297,24312
24297,24323
24297,24335
24306,24312
24306,24335
24306,24355
24306,25682
24312,24323
24312,24335
24312,24355
24323,24355
24323,24367
24335,24355
24335,24366
24335,24367
24335,24368
24335,27243
24355,24366
24355,24367
24355,24368
24355,24369
24355,24376
24355,24383
24366,24367
24366,24368
24366,24369
24366,24376
24366,24383
24366,24386
24366,24387
24367,24368
24367,24376
24367,24383
24367,24386
24367,24387
24367,24389
24368,24369
24368,24376
24368,24383
24368,24386
24368,24387
24368,24389
24369,24376
24369,24383
24369,24386
24369,24387
24369,24389
24376,24383
24376,24386
24376,24387
24376,24389
24376,24409
24383,24386
24383,24387
24383,24389
24383,24409
24386,24387
24386,24389
24386,24409
24386,24418
24387,24389
24387,24409
24387,24418
24389,24409
24389,24418
24389,24428
24409,24418
24409,24428
24409,24430
24409,24433
24409,24449
24418,24428
24418,24430
24418,24433
24418,24449
24418,24456
24428,24430
24428,24433
24428,24449
24428,24456
24428,24465
24430,24433
24430,24449
24430,24456
24430,24464
24430,24465
24430,24466
24433,24449
24433,24456
24433,24464
24433,24465
24433,24466
24433,24467
24449,24456
24449,24464
24449,24465
24449,24466
24449,24467
24449,24473
24456,24464
24456,24465
24456,24466
24456,24473
24456,24475
24464,24465
24464,24466
24464,24473
24464,24475
24464,24477
24464,24485
24464,24489
24465,24466
24465,24467
24465,24473
24465,24475
24465,24477
24465,24485
24465,24489
24465,24493
24466,24467
24466,24473
24466,24475
24466,24485
24466,24489
24466,24493
24466,24499
24466,26162
24467,24473
24467,24475
24467,24477
24467,24485
24467,24493
24467,24499
24467,24502
24473,24475
24473,24477
24473,24485
24473,24489
24473,24493
24473,24499
24473,24506
24473,24509
24475,24477
24475,24485
24475,24489
24475,24493
24475,24499
24475,24502
24475,24506
24475,24509
24475,24517
24475,25252
24477,24485
24477,24493
24477,24499
24477,24502
24477,24506
24477,24509
24477,24517
24477,24519
24485,24489
24485,24493
24485,24499
24485,24502
24485,24506
24485,24517
24485,24519
24489,24493
24489,24499
24489,24502
24489,24506
24489,24509
24489,24517
24489,24519
24489,24526
24489,26552
24493,24499
24493,24502
24493,24506
24493,24509
24493,24517
24493,24519
24493,25390
24499,24502
24499,24506
24499,24509
24499,24517
24499,24519
24499,24526
24499,24533
24499,24537
24499,26277
24502,24506
24502,24509
24502,24517
24502,24519
24502,24526
24502,24537
24502,24541
24506,24509
24506,24519
24506,24526
24506,24533
24506,24537
24506,24541
24509,24517
24509,24519
24509,24526
24509,24533
24509,24537
24509,24541
24509,24553
24517,24519
24517,24526
24517,24533
24517,24537
24517,24541
24517,24553
24517,24554
24517,25038
24519,24526
24519,24533
24519,24537
24519,24541
24519,24553
24519,24554
24519,24556
24526,24533
24526,24537
24526,24541
24526,24553
24526,24554
24526,24556
24526,24561
24533,24537
24533,24541
24533,24553
24533,24554
24533,24556
24533,24561
24533,24573
24537,24541
24537,24553
24537,24554
24537,24556
24537,24561
24537,24573
24537,24577
24541,24553
24541,24554
24541,24556
24541,24561
24541,24573
24541,24577
24541,24579
24553,24556
24553,24573
24553,24577
24553,24581
24553,24586
24554,24561
24554,24573
24554,24586
24556,24561
24556,24573
24556,24577
24556,24579
24556,24581
24556,24586
24561,24573
24561,24581
24561,24586
24561,24595
24561,26988
24573,24577
24573,24579
24573,24581
24573,24586
24573,24595
24573,24598
24577,24579
24577,24581
24577,24586
24577,24595
24577,24598
24577,24604
24579,24581
24579,24586
24579,24595
24579,24604
24579,24607
24581,24586
24581,24598
24581,24604
24581,24607
24586,24595
24586,24607
24586,24611
24586,25100
24595,24598
24595,24604
24595,24607
24595,24611
24595,24616
24595,24620
24595,26451
24598,24607
24598,24611
24598,24616
24598,24623
24604,24607
24604,24611
24604,24616
24604,24620
24604,24623
24604,24628
24607,24611
24607,24616
24607,24620
24607,24623
24607,24628
24607,24632
24611,24616
24611,24620
24611,24628
24611,24634
24616,24620
24616,24623
24616,24628
24616,24632
24616,24634
24616,24639
24616,24643
24620,24623
24620,24628
24620,24632
24620,24634
24620,24639
24620,24643
24620,24646
24623,24628
24623,24632
24623,24634
24623,24639
24623,24643
24623,24646
24623,24651
24628,24632
24628,24634
24628,24639
24628,24646
24628,24651
24628,24653
24632,24634
24632,24643
24632,24646
24632,24651
24632,24653
24632,24654
24634,24639
24634,24646
24634,24651
24634,24653
24634,24654
24634,24671
24634,24673
24639,24643
24639,24646
24639,24651
24639,24653
24639,24654
24639,24671
24643,24646
24643,24651
24643,24653
24643,24654
24643,24671
24643,24673
24643,24676
24646,24651
24646,24653
24646,24654
24646,24671
24646,24673
24646,24676
24646,24678
24651,24653
24651,24671
24651,24673
24651,24676
24651,24678
24651,25380
24653,24654
24653,24671
24653,24673
24653,24676
24653,24678
24653,24680
24654,24671
24654,24673
24654,24676
24654,24678
24654,24680
24671,24673
24671,24676
24671,24678
24671,24680
24671,24685
24673,24676
24673,24678
24673,24680
24673,24684
24673,24685
24673,24688
24676,24678
24676,24680
24676,24684
24676,24685
24676,24694
24676,24695
24678,24680
24678,24684
24678,24685
24678,24688
24678,24699
24678,25422
24680,24684
24680,24688
24680,24694
24680,24695
24680,24699
24680,24701
24684,24685
24684,24688
24684,24695
24684,24699
24684,24701
24684,24704
24684,24709
24684,26312
24685,24688
24685,24694
24685,24695
24685,24701
24685,24704
24685,24709
24688,24694
24688,24695
24688,24704
24688,24709
24688,27240
24694,24695
24694,24699
24694,24701
24694,24704
24695,24699
24695,24701
24695,24704
24695,24709
24695,24712
24695,24717
24699,24701
24699,24704
24699,24709
24699,24712
24699,24723
24701,24704
24701,24709
24701,24712
24701,24723
24701,24727
24704,24712
24704,24717
24704,24723
24704,24727
24704,24728
24709,24712
24709,24717
24709,24727
24709,24728
24709,24735
24712,24717
24712,24723
24712,24727
24712,24728
24712,24735
24712,24738
24717,24727
24717,24728
24717,24735
24717,24738
24717,24742
24717,24744
24723,24727
24723,24728
24723,24738
24723,24742
24723,24744
24723,24749
24727,24728
24727,24738
24727,24742
24727,24744
24727,24749
24727,24868
24728,24735
24728,24738
24728,24742
24728,24744
24728,24749
24728,24754
24728,25499
24735,24738
24735,24744
24735,24749
24735,24754
24735,24755
24738,24742
24738,24744
24738,24749
24738,24754
24738,24755
24738,24758
24738,25749
24742,24744
24742,24749
24742,24754
24742,24755
24742,24758
24742,24760
24742,24763
24744,24749
24744,24754
24744,24755
24744,24758
24744,24760
24744,24763
24744,24764
24749,24754
24749,24755
24749,24758
24749,24763
24749,24764
24749,24770
24754,24755
24754,24758
24754,24760
24754,24763
24754,24764
24754,24772
24754,24774
24755,24758
24755,24760
24755,24764
24755,24770
24755,24772
24755,24774
24755,24999
24758,24760
24758,24763
24758,24764
24758,24770
24758,24772
24758,24774
24758,24780
24758,24784
24760,24763
24760,24764
24760,24770
24760,24772
24760,24774
24760,24780
24760,24784
24760,24786
24763,24764
24763,24770
24763,24774
24763,24780
24763,24784
24763,24786
24763,24789
24764,24770
24764,24772
24764,24780
24764,24784
24764,24786
24764,24789
24764,24794
24770,24772
24770,24774
24770,24784
24770,24786
24770,24789
24770,24794
24770,25650
24772,24780
24772,24784
24772,24786
24772,24789
24772,24794
24772,24797
24774,24780
24774,24786
24774,24789
24774,24797
24774,24798
24780,24784
24780,24786
24780,24794
24780,24797
24780,24798
24780,24800
24784,24789
24784,24794
24784,24797
24784,24798
24784,24800
24784,24804
24784,25872
24786,24789
24786,24794
24786,24798
24786,24800
24789,24794
24789,24797
24789,24798
24789,24800
24794,24797
24794,24798
24794,24800
24794,24804
24794,24818
24797,24798
24797,24800
24797,24804
24797,24818
24797,24820
24797,24822
24798,24800
24798,24804
24798,24818
24798,24820
24798,24822
24798,24824
24800,24804
24800,24818
24800,24820
24800,24822
24800,24824
24800,24825
24804,24818
24804,24820
24804,24822
24804,24824
24804,24825
24804,24832
24818,24820
24818,24822
24818,24824
24818,24825
24818,24832
24818,24836
24818,24840
24818,24843
24820,24822
24820,24824
24820,24825
24820,24836
24820,24840
24820,24843
24820,24846
24822,24824
24822,24825
24822,24840
24822,24843
24824,24825
24824,24832
24824,24836
24824,24840
24824,24843
24824,24846
24825,24832
24825,24836
24825,24843
24825,24846
24832,24836
24832,24840
24832,24843
24832,24846
24832,24866
24832,24868
24836,24840
24836,24843
24836,24846
24836,24866
24836,24868
24836,24869
24840,24843
24840,24846
24840,24866
24840,24868
24840,24869
24843,24846
24843,24866
24843,24868
24843,24869
24843,24871
24846,24866
24846,24869
24846,24878
24866,24868
24866,24869
24866,24878
24866,24882
24866,24886
24868,24869
24868,24871
24868,24878
24868,24884
24868,24886
24869,24871
24869,24878
24869,24882
24869,24886
24869,24899
24871,24878
24871,24882
24871,24884
24871,24886
24871,24899
24878,24882
24878,24884
24878,24886
24878,24899
24878,24910
24882,24884
24882,24886
24882,24899
24882,24910
24882,24917
24884,24886
24884,24899
24884,24910
24884,24917
24886,24899
24886,24910
24886,24917
24899,24910
24899,24917
24899,24918
24899,24929
24910,24918
24910,24929
24910,24945
24917,24918
24917,24929
24917,24945
24917,24954
24918,24929
24918,24945
24918,24954
24918,24955
24929,24945
24929,24954
24929,24955
24945,24954
24945,24965
24945,24966
24945,24975
24945,24981
24954,24955
24954,24965
24954,24966
24954,24975
24954,24981
24954,24991
24955,24966
24955,24981
24955,24991
24965,24966
24965,24975
24965,24991
24965,24993
24965,24995
24965,24999
24965,26785
24965,27410
24966,24981
24966,24993
24966,24999
24966,26311
24975,24981
24975,24993
24975,24995
24975,24999
24981,24991
24981,24995
24981,25009
24991,24993
24991,24995
24991,24999
24991,25009
24991,25019
24993,24995
24993,24999
24993,25009
24993,25019
24993,25029
24993,27025
24995,24999
24995,25019
24995,25029
24999,25009
24999,25019
24999,25029
25009,25019
25009,25029
25009,25038
25009,25041
25009,25045
25019,25029
25019,25038
25019,25041
25019,25045
25019,25050
25029,25038
25029,25045
25029,25050
25029,25067
25029,25070
25029,25071
25029,26110
25038,25041
25038,25045
25038,25050
25038,25067
25038,25070
25038,25077
25038,25079
25041,25045
25041,25050
25041,25067
25041,25070
25041,25071
25041,25079
25041,25082
25045,25050
25045,25067
25045,25070
25045,25071
25045,25077
25045,25079
25045,25082
25045,25084
25050,25067
25050,25070
25050,25071
25050,25077
25050,25079
25050,25082
25050,25084
25050,25088
25067,25070
25067,25071
25067,25079
25067,25082
25067,25084
25067,25088
25070,25071
25070,25077
25070,25079
25070,25082
25070,25084
25070,25088
25070,25094
25071,25077
25071,25079
25071,25082
25071,25084
25071,25088
25071,25094
25071,25097
25077,25079
25077,25084
25077,25088
25077,25094
25077,25097
25077,25100
25077,25565
25079,25082
25079,25084
25079,25088
25079,25094
25079,25097
25079,25100
25079,25102
25082,25084
25082,25088
25082,25094
25082,25097
25082,25100
25082,25102
25082,25104
25084,25088
25084,25097
25084,25102
25084,25104
25084,25106
25088,25094
25088,25097
25088,25100
25088,25102
25088,25104
25088,25106
25088,25116
25094,25097
25094,25100
25094,25102
25094,25104
25094,25106
25094,25116
25094,25118
25097,25100
25097,25102
25097,25106
25097,25116
25100,25102
25100,25104
25100,25106
25100,25116
25100,25118
25100,25124
25100,25127
25102,25104
25102,25106
25102,25116
25102,25118
25102,25124
25102,25127
25104,25116
25104,25118
25104,25124
25104,25127
25104,25136
25106,25116
25106,25124
25106,25127
25106,25136
25116,25118
25116,25124
25116,25127
25116,25136
25116,25143
25118,25124
25118,25127
25118,25136
25118,25143
25124,25127
25124,25136
25124,25143
25124,25161
25127,25136
25127,25143
25127,25161
25127,25169
25136,25161
25136,25169
25143,25161
25143,25169
25143,25181
25161,25169
25161,25181
25161,25183
25169,25181
25169,25183
25181,25183
25181,25195
25181,25202
25181,25204
25181,25205
25183,25195
25183,25202
25183,25204
25183,25205
25183,25207
25195,25204
25195,25205
25195,25207
25195,25220
25195,25224
25195,27245
25202,25204
25202,25207
25202,25220
25202,25224
25204,25205
25204,25207
25204,25224
25204,25229
25204,25231
25205,25207
25205,25220
25205,25224
25205,25231
25205,25232
25207,25220
25207,25224
25207,25229
25207,25231
25207,25232
25207,25236
25220,25224
25220,25229
25220,25232
25220,25239
25224,25229
25224,25231
25224,25232
25224,25236
25224,25239
25224,25252
25229,25231
25229,25232
25229,25236
25229,25239
25229,25252
25229,25257
25231,25232
25231,25236
25231,25239
25231,25252
25232,25236
25232,25239
25232,25252
25232,25265
25232,25269
25236,25239
25236,25252
25236,25257
25236,25265
25236,25269
25236,25273
25236,25383
25239,25252
25239,25257
25239,25265
25239,25269
25239,25273
25252,25265
25252,25269
25252,25273
25252,25279
25252,25281
25252,25295
25252,26734
25257,25269
25257,25273
25257,25279
25257,25281
25257,25295
25257,25298
25257,26776
25265,25273
25265,25279
25265,25281
25265,25295
25265,25298
25265,25302
25265,25303
25265,26921
25269,25273
25269,25279
25269,25281
25269,25295
25269,25298
25269,25303
25269,25305
25273,25279
25273,25281
25273,25295
25273,25298
25273,25303
25273,25305
25279,25281
25279,25295
25279,25298
25279,25302
25279,25303
25279,25307
25279,25310
25279,25311
25281,25295
25281,25298
25281,25302
25281,25303
25281,25305
25281,25307
25281,25310
25281,25311
25281,25312
25295,25302
25295,25303
25295,25305
25295,25307
25295,25310
25295,25311
25295,25312
25295,25316
25295,26054
25298,25303
25298,25305
25298,25307
25298,25310
25298,25311
25298,25312
25298,25316
25298,26921
25302,25305
25302,25307
25302,25310
25302,25311
25302,25312
25302,25316
25302,25318
25302,25619
25303,25305
25303,25307
25303,25310
25303,25311
25303,25312
25303,25316
25303,25318
25303,26009
25305,25307
25305,25310
25305,25311
25305,25312
25305,25316
25305,25318
25305,25321
25305,25323
25307,25311
25307,25312
25307,25316
25307,25318
25307,25321
25307,25330
25307,25681
25310,25311
25310,25312
25310,25316
25310,25318
25310,25321
25310,25330
25311,25312
25311,25316
25311,25318
25311,25321
25311,25323
25311,25330
25311,25333
25312,25318
25312,25321
25312,25330
25312,25333
25312,25338
25312,25693
25316,25318
25316,25321
25316,25323
25316,25330
25316,25333
25316,25338
25316,25340
25316,27459
25318,25321
25318,25323
25318,25338
25318,25340
25318,25343
25321,25323
25321,25330
25321,25333
25321,25338
25321,25340
25321,25343
25321,25346
25323,25330
25323,25333
25323,25338
25323,25340
25323,25343
25323,25346
25323,25347
25330,25333
25330,25338
25330,25340
25330,25343
25330,25346
25330,25347
25330,25348
25330,26339
25333,25338
25333,25340
25333,25343
25333,25346
25333,25348
25333,25350
25333,25352
25338,25340
25338,25343
25338,25346
25338,25347
25338,25350
25338,25352
25338,26441
25340,25343
25340,25346
25340,25348
25340,25350
25340,25352
25343,25347
25343,25348
25343,25352
25346,25347
25346,25348
25346,25350
25346,25352
25346,25370
25346,25374
25347,25348
25347,25352
25347,25370
25347,25374
25347,25378
25348,25350
25348,25352
25348,25370
25348,25374
25348,25378
25348,25380
25350,25352
25350,25370
25350,25374
25350,25378
25350,25380
25350,25381
25352,25370
25352,25374
25352,25378
25352,25380
25352,25381
25352,25382
25370,25374
25370,25378
25370,25380
25370,25381
25370,25382
25370,25383
25370,25390
25374,25378
25374,25380
25374,25381
25374,25382
25374,25383
25374,25390
25374,25398
25378,25380
25378,25381
25378,25383
25378,25390
25378,25398
25380,25381
25380,25382
25380,25383
25380,25390
25380,25398
25381,25382
25381,25390
25381,25398
25381,25411
25382,25383
25382,25390
25382,25398
25382,25411
25382,25422
25383,25390
25383,25398
25383,25411
25383,25422
25390,25422
25390,25426
25390,25427
25390,25729
25398,25411
25398,25422
25398,25426
25398,25427
25398,25433
25411,25422
25411,25426
25411,25427
25411,25433
25411,25443
25422,25426
25422,25427
25422,25433
25422,25443
25426,25427
25426,25433
25426,25443
25426,25451
25426,25452
25427,25433
25427,25443
25427,25451
25427,25452
25427,25456
25427,26110
25433,25443
25433,25451
25433,25452
25433,25456
25443,25451
25443,25456
25443,25460
25443,25467
25451,25452
25451,25460
25451,25467
25451,25470
25451,25477
25451,25478
25452,25456
25452,25460
25452,25467
25452,25470
25452,25477
25452,25478
25452,25479
25456,25460
25456,25470
25456,25477
25456,25478
25456,25479
25456,25481
25460,25470
25460,25477
25460,25478
25460,25479
25460,25481
25460,25482
25460,25490
25467,25470
25467,25477
25467,25478
25467,25479
25467,25481
25467,25482
25467,25490
25467,25495
25470,25477
25470,25479
25470,25481
25470,25482
25470,25490
25470,25496
25477,25478
25477,25479
25477,25482
25477,25490
25477,25495
25477,25496
25477,25499
25478,25479
25478,25481
25478,25482
25478,25490
25478,25496
25478,25499
25478,25500
25479,25481
25479,25482
25479,25490
25479,25495
25479,25496
25479,25499
25479,25500
25479,25501
25481,25482
25481,25495
25481,25496
25481,25499
25481,25500
25481,25508
25482,25490
25482,25495
25482,25499
25482,25500
25482,25501
25490,25495
25490,25496
25490,25499
25490,25500
25490,25501
25490,25522
25490,25525
25495,25496
25495,25499
25495,25500
25495,25501
25495,25508
25495,25522
25495,26028
25496,25499
25496,25500
25496,25508
25496,25522
25496,25525
25496,25532
25496,25538
25499,25500
25499,25501
25499,25522
25499,25525
25499,25532
25499,25538
25499,25546
25500,25501
25500,25508
25500,25522
25500,25525
25500,25532
25500,25538
25500,25546
25500,25548
25501,25508
25501,25522
25501,25525
25501,25532
25501,25538
25501,25546
25501,25548
25508,25522
25508,25525
25508,25532
25508,25546
25508,25548
25508,25552
25522,25525
25522,25532
25522,25546
25522,25548
25522,25552
25522,25556
25522,25558
25525,25532
25525,25538
25525,25546
25525,25548
25525,25552
25525,25556
25525,25558
25525,25561
25532,25538
25532,25546
25532,25548
25532,25552
25532,25556
25532,25558
25532,25561
25532,25563
25538,25546
25538,25548
25538,25552
25538,25556
25538,25558
25538,25561
25538,25563
25546,25548
25546,25556
25546,25558
25546,25565
25546,25574
25548,25552
25548,25558
25548,25561
25548,25563
25548,25565
25548,25568
25548,27316
25552,25558
25552,25561
25552,25563
25552,25565
25552,25568
25552,25574
25556,25558
25556,25561
25556,25563
25556,25565
25556,25568
25556,25574
25556,26739
25558,25561
25558,25563
25558,25565
25558,25568
25558,25574
25558,25578
25561,25563
25561,25565
25561,25568
25561,25574
25561,25578
25563,25565
25563,25568
25563,25574
25563,25578
25563,25580
25565,25578
25565,25580
25565,25586
25568,25574
25568,25578
25568,25580
25568,25586
25574,25578
25574,25580
25574,25586
25574,25592
25574,27350
25578,25580
25578,25586
25578,25592
25578,25599
25578,25619
25578,25621
25580,25586
25580,25592
25580,25599
25580,25619
25580,25622
25586,25592
25586,25599
25586,25619
25586,25621
25586,25624
25592,25599
25592,25619
25592,25621
25592,25622
25592,25624
25592,25635
25599,25619
25599,25621
25599,25622
25599,25624
25599,25635
25599,25650
25619,25621
25619,25622
25619,25624
25619,25635
25619,25650
25619,25651
25621,25624
25621,25635
25621,25650
25621,25651
25621,25655
25621,27004
25622,25624
25622,25635
25622,25650
25622,25651
25622,26219
25624,25635
25624,25651
25624,25655
25635,25650
25635,25651
25635,25655
25635,25663
25635,25664
25650,25651
25650,25655
25650,25663
25651,25655
25651,25663
25651,25664
25651,25671
25655,25663
25655,25664
25655,25671
25655,25679
25663,25664
25663,25671
25663,25679
25663,25680
25663,25681
25663,25682
25663,25683
25664,25671
25664,25679
25664,25680
25664,25681
25664,25682
25664,25683
25671,25679
25671,25680
25671,25682
25671,25683
25679,25680
25679,25681
25679,25682
25679,25683
25679,25692
25679,25693
25680,25681
25680,25682
25680,25683
25680,25692
25680,25693
25680,25699
25681,25682
25681,25683
25681,25692
25681,25693
25681,25699
25681,25700
25682,25683
25682,25692
25682,25699
25682,25700
25682,25701
25683,25692
25683,25693
25683,25699
25683,25700
25683,25701
25683,25702
25692,25693
25692,25699
25692,25700
25692,25701
25692,25702
25692,25704
25692,25709
25693,25700
25693,25701
25693,25702
25693,25709
25693,25711
25693,26735
25699,25700
25699,25701
25699,25702
25699,25709
25699,25711
25699,25713
25699,25715
25699,26980
25700,25701
25700,25702
25700,25704
25700,25709
25700,25711
25700,25713
25700,25715
25701,25702
25701,25704
25701,25709
25701,25711
25701,25713
25701,25715
25702,25704
25702,25709
25702,25711
25702,25713
25702,25715
25702,25723
25704,25709
25704,25713
25704,25715
25704,25723
25704,25726
25709,25711
25709,25713
25709,25715
25709,25723
25709,25726
25709,25729
25711,25713
25711,25715
25711,25723
25711,25726
25711,25729
25713,25715
25713,25723
25713,25726
25713,25729
25713,25737
25715,25723
25715,25729
25715,25737
25723,25726
25723,25729
25723,25744
25726,25729
25726,25744
25726,25745
25726,25841
25729,25737
25729,25744
25729,25745
25729,25748
25737,25744
25737,25748
25737,25749
25744,25745
25744,25748
25744,25749
25744,25753
25744,25761
25744,25772
25745,25748
25745,25749
25745,25753
25745,25772
25745,25773
25745,26995
25748,25749
25748,25761
25748,25772
25748,25773
25748,25780
25749,25761
25749,25772
25749,25773
25749,25780
25749,25783
25753,25761
25753,25772
25753,25773
25753,25780
25753,25783
25753,25784
25753,25785
25761,25772
25761,25773
25761,25780
25761,25783
25761,25784
25761,25785
25772,25773
25772,25780
25772,25783
25772,25784
25772,25785
25772,25794
25772,25796
25773,25780
25773,25783
25773,25784
25773,25785
25773,25794
25773,25796
25773,25809
25780,25783
25780,25784
25780,25794
25780,25796
25780,25809
25780,25811
25783,25784
25783,25785
25783,25796
25783,25809
25783,25811
25783,25820
25783,25831
25784,25794
25784,25796
25784,25809
25784,25820
25784,25831
25784,25838
25785,25794
25785,25796
25785,25809
25785,25811
25785,25820
25785,25831
25785,25838
25794,25796
25794,25809
25794,25811
25794,25820
25794,25831
25794,25838
25794,25840
25794,25841
25796,25809
25796,25811
25796,25820
25796,25831
25796,25838
25796,25840
25796,25841
25796,25848
25809,25811
25809,25831
25809,25838
25809,25840
25809,25841
25809,25848
25811,25820
25811,25831
25811,25838
25811,25840
25811,25841
25811,25848
25811,25861
25820,25831
25820,25838
25820,25840
25820,25841
25820,25848
25820,25861
25831,25838
25831,25840
25831,25841
25831,25861
25831,25867
25831,25868
25838,25841
25838,25861
25838,25868
25838,25870
25838,26628
25840,25841
25840,25848
25840,25861
25840,25870
25840,25872
25841,25848
25841,25861
25841,25868
25841,25870
25841,25872
25841,25878
25848,25867
25848,25868
25848,25870
25848,25872
25848,25878
25848,25883
25861,25867
25861,25868
25861,25870
25861,25872
25861,25878
25861,25883
25861,25884
25861,25891
25867,25868
25867,25870
25867,25872
25867,25878
25867,25883
25867,25884
25867,25891
25867,27394
25868,25870
25868,25872
25868,25878
25868,25883
25868,25884
25868,25891
25868,25893
25868,25971
25870,25872
25870,25878
25870,25883
25870,25884
25870,25891
25870,25893
25870,25894
25872,25878
25872,25883
25872,25884
25872,25891
25872,25893
25872,25894
25872,25897
25878,25883
25878,25884
25878,25891
25878,25893
25878,25894
25878,25897
25883,25884
25883,25891
25883,25893
25883,25894
25883,25897
25883,25899
25883,25901
25884,25891
25884,25893
25884,25894
25884,25897
25884,25899
25884,25901
25884,25904
25891,25893
25891,25894
25891,25897
25891,25899
25891,25901
25891,25904
25891,25910
25893,25894
25893,25897
25893,25901
25893,25904
25893,25910
25893,25913
25894,25897
25894,25899
25894,25901
25894,25904
25894,25910
25894,25913
25894,25919
25897,25899
25897,25901
25897,25904
25897,25910
25897,25913
25897,25919
25897,25924
25899,25901
25899,25904
25899,25910
25899,25919
25899,25924
25899,25931
25901,25904
25901,25910
25901,25913
25901,25919
25901,25924
25901,25931
25901,25936
25904,25910
25904,25913
25904,25919
25904,25924
25904,25931
25910,25919
25910,25924
25910,25931
25910,25936
25910,25939
25913,25919
25913,25931
25913,25936
25913,25940
25919,25924
25919,25931
25919,25936
25919,25939
25919,25940
25919,25942
25919,25944
25924,25931
25924,25936
25924,25939
25924,25940
25924,25942
25924,25944
25924,25947
25931,25936
25931,25939
25931,25940
25931,25942
25931,25944
25931,25947
25931,25950
25936,25939
25936,25940
25936,25944
25936,25947
25936,25950
25936,25952
25936,25953
25939,25940
25939,25942
25939,25944
25939,25947
25939,25950
25939,25952
25939,25953
25939,25956
25940,25942
25940,25944
25940,25947
25940,25950
25940,25952
25940,25953
25940,25956
25940,25962
25942,25944
25942,25947
25942,25950
25942,25953
25942,25956
25942,25962
25944,25947
25944,25952
25944,25953
25944,25962
25944,25963
25944,25971
25947,25950
25947,25952
25947,25956
25947,25963
25947,25971
25950,25952
25950,25953
25950,25956
25950,25962
25950,25963
25950,25971
25950,25976
25952,25953
25952,25956
25952,25963
25952,25971
25952,25976
25952,25977
25953,25956
25953,25962
25953,25963
25953,25971
25953,25976
25953,25977
25953,25980
25956,25962
25956,25963
25956,25971
25956,25976
25956,25977
25956,25981
25962,25963
25962,25971
25962,25976
25962,25977
25962,25980
25962,25981
25962,25982
25963,25971
25963,25976
25963,25977
25963,25980
25963,25982
25963,26365
25971,25981
25971,25982
25971,25989
25976,25977
25976,25980
25976,25981
25976,25982
25976,25989
25977,25980
25977,25981
25977,25982
25977,25989
25977,25992
25980,25981
25980,25982
25980,25989
25980,25992
25980,25997
25981,25982
25981,25989
25981,25992
25981,25997
25981,26005
25982,25989
25982,25992
25982,25997
25982,26007
25982,26262
25989,25992
25989,25997
25989,26007
25989,26009
25989,26012
25989,26013
25992,25997
25992,26005
25992,26007
25992,26009
25992,26012
25992,26013
25992,26028
25997,26005
25997,26007
25997,26012
25997,26013
25997,26028
25997,26033
25997,26034
26005,26007
26005,26012
26005,26013
26005,26034
26005,26038
26007,26009
26007,26012
26007,26013
26007,26028
26007,26033
26007,26034
26007,26038
26007,26039
26009,26012
26009,26013
26009,26028
26009,26033
26009,26034
26009,26038
26009,26039
26012,26013
26012,26028
26012,26033
26012,26034
26012,26045
26012,26049
26013,26028
26013,26033
26013,26038
26013,26039
26013,26045
26013,26049
26013,26054
26028,26033
26028,26038
26028,26045
26028,26049
26028,26054
26033,26034
26033,26038
26033,26039
26033,26045
26033,26049
26033,26054
26033,26059
26033,26060
26034,26038
26034,26045
26034,26049
26034,26054
26034,26059
26034,26060
26038,26039
26038,26045
26038,26049
26038,26054
26038,26059
26038,26060
26038,26062
26039,26045
26039,26049
26039,26059
26039,26060
26039,26062
26045,26054
26045,26059
26045,26060
26045,26062
26045,26073
26049,26054
26049,26059
26049,26060
26049,26062
26049,26073
26049,26074
26054,26059
26054,26062
26054,26073
26054,26082
26059,26060
26059,26062
26059,26073
26059,26074
26059,26082
26059,26085
26059,26090
26060,26062
26060,26073
26060,26074
26060,26085
26060,26090
26060,26092
26062,26073
26062,26074
26062,26082
26062,26085
26062,26092
26073,26074
26073,26082
26073,26085
26073,26090
26073,26092
26073,26095
26073,26096
26074,26082
26074,26085
26074,26090
26074,26092
26074,26095
26074,26096
26074,26107
26074,26108
26082,26085
26082,26090
26082,26092
26082,26095
26082,26096
26082,26107
26082,26108
26082,26109
26085,26090
26085,26092
26085,26095
26085,26096
26085,26107
26085,26109
26085,26110
26090,26095
26090,26096
26090,26107
26090,26108
26090,26109
26090,26110
26090,26114
26092,26095
26092,26096
26092,26107
26092,26108
26092,26109
26092,26110
26092,26114
26095,26107
26095,26109
26095,26110
26095,26127
26096,26107
26096,26109
26096,26110
26096,26114
26096,26127
26107,26108
26107,26109
26107,26110
26107,26114
26107,26127
26107,26139
26108,26109
26108,26114
26108,26127
26108,26139
26108,26144
26109,26110
26109,26114
26109,26127
26109,26139
26109,26144
26110,26139
26110,26144
26110,26149
26110,26150
26114,26127
26114,26139
26114,26144
26114,26149
26114,26150
26114,26152
26127,26139
26127,26144
26127,26149
26127,26152
26127,26157
26127,26162
26139,26144
26139,26149
26139,26150
26139,26157
26139,26162
26139,26164
26139,26165
26144,26149
26144,26150
26144,26152
26144,26157
26144,26162
26144,26164
26144,26165
26144,26172
26149,26150
26149,26157
26149,26162
26149,26164
26149,26165
26149,26172
26149,26176
26150,26152
26150,26157
26150,26162
26150,26164
26150,26165
26150,26172
26150,26176
26152,26157
26152,26162
26152,26164
26152,26172
26152,26176
26152,26180
26157,26162
26157,26164
26157,26165
26157,26172
26157,26176
26157,26180
26157,26183
26162,26164
26162,26165
26162,26172
26162,26180
26162,26183
26164,26165
26164,26172
26164,26176
26164,26180
26164,26183
26164,26190
26164,27177
26165,26172
26165,26176
26165,26190
26165,26193
26172,26176
26172,26180
26172,26183
26172,26190
26172,26193
26172,26199
26176,26180
26176,26183
26176,26190
26176,26199
26176,26201
26180,26183
26180,26190
26180,26193
26180,26199
26180,26201
26180,26204
26183,26190
26183,26193
26183,26199
26183,26201
26190,26193
26190,26199
26190,26201
26190,26204
26190,26207
26190,26208
26193,26204
26193,26207
26193,26208
26193,26210
26199,26204
26199,26207
26199,26208
26199,26213
26199,26219
26199,26302
26199,26375
26201,26204
26201,26207
26201,26208
26201,26210
26201,26213
26201,26219
26201,26220
26204,26207
26204,26208
26204,26213
26204,26219
26204,26220
26204,26222
26207,26208
26207,26213
26207,26219
26207,26220
26207,26222
26207,26223
26207,26225
26208,26210
26208,26213
26208,26219
26208,26220
26208,26222
26208,26223
26208,26225
26208,26228
26210,26213
26210,26220
26210,26222
26210,26223
26210,26225
26210,26228
26210,26230
26213,26219
26213,26222
26213,26223
26213,26225
26213,26228
26219,26220
26219,26222
26219,26223
26219,26225
26219,26228
26219,26230
26219,26232
26219,26233
26220,26222
26220,26223
26220,26225
26220,26228
26220,26232
26222,26223
26222,26225
26222,26228
26222,26230
26222,26232
26222,26233
26223,26225
26223,26228
26223,26230
26223,26232
26223,26233
26223,26247
26225,26230
26225,26232
26225,26233
26225,26247
26225,26248
26228,26230
26228,26232
26228,26233
26228,26245
26228,26247
26228,26248
26230,26232
26230,26233
26230,26245
26230,26247
26230,26248
26230,26250
26230,26252
26232,26233
26232,26245
26232,26247
26232,26248
26232,26250
26232,26255
26233,26245
26233,26247
26233,26250
26233,26255
26245,26248
26245,26252
26245,26255
26245,26262
26245,26277
26247,26248
26247,26250
26247,26252
26247,26255
26247,26262
26247,26277
26247,26279
26248,26250
26248,26252
26248,26255
26248,26262
26248,26277
26250,26252
26250,26262
26250,26277
26250,26279
26250,26287
26252,26255
26252,26262
26252,26277
26252,26279
26252,26287
26255,26262
26255,26277
26255,26279
26255,26287
26255,26290
26262,26277
26262,26279
26262,26287
26262,26290
26262,26292
26277,26287
26277,26290
26277,26292
26277,26303
26279,26287
26279,26292
26279,26302
26279,26303
26279,26311
26287,26290
26287,26292
26287,26302
26287,26312
26287,26322
26290,26292
26290,26302
26290,26303
26290,26311
26290,26312
26290,26322
26290,26326
26292,26302
26292,26303
26292,26311
26292,26312
26292,26322
26292,26326
26292,26327
26302,26303
26302,26312
26302,26322
26302,26326
26302,26327
26302,26329
26302,26333
26303,26311
26303,26312
26303,26322
26303,26326
26303,26327
26303,26329
26303,26333
26303,26339
26311,26312
26311,26322
26311,26326
26311,26327
26311,26329
26311,26333
26311,26339
26311,26364
26312,26322
26312,26326
26312,26327
26312,26329
26312,26333
26312,26339
26312,26364
26312,26365
26322,26326
26322,26327
26322,26329
26322,26333
26322,26339
26322,26364
26322,26370
26326,26327
26326,26329
26326,26333
26326,26339
26326,26365
26326,26370
26326,26371
26327,26329
26327,26339
26327,26364
26327,26365
26327,26370
26327,26371
26327,26757
26329,26333
26329,26339
26329,26364
26329,26365
26329,26370
26329,26371
26329,26374
26329,26375
26329,26382
26333,26339
26333,26364
26333,26365
26333,26371
26333,26374
26333,26375
26333,26382
26333,26383
26339,26364
26339,26365
26339,26370
26339,26371
26339,26375
26339,26382
26339,26383
26339,26388
26364,26365
26364,26370
26364,26371
26364,26375
26364,26382
26364,26383
26364,26388
26364,26390
26365,26370
26365,26371
26365,26375
26365,26382
26365,26383
26365,26388
26365,26390
26370,26371
26370,26374
26370,26375
26370,26382
26370,26383
26370,26388
26370,26390
26370,26391
26370,26392
26371,26375
26371,26382
26371,26383
26371,26388
26371,26390
26371,26392
26374,26382
26374,26383
26374,26388
26374,26390
26374,26391
26374,26392
26375,26382
26375,26383
26375,26388
26375,26390
26375,26391
26375,26392
26375,26406
26382,26383
26382,26388
26382,26390
26382,26391
26382,26392
26382,26406
26383,26388
26383,26390
26383,26391
26383,26392
26383,26406
26383,26409
26383,26411
26388,26390
26388,26391
26388,26392
26388,26406
26388,26409
26388,26411
26388,26413
26390,26392
26390,26406
26390,26409
26390,26411
26390,26413
26390,27076
26391,26392
26391,26406
26391,26409
26391,26411
26391,26413
26392,26406
26392,26409
26392,26411
26392,26413
26392,26431
26406,26409
26406,26411
26406,26413
26406,26431
26406,26436
26406,26441
26409,26411
26409,26413
26409,26431
26409,26436
26409,26441
26409,26444
26411,26413
26411,26431
26411,26436
26411,26441
26411,26444
26411,26450
26413,26431
26413,26436
26413,26441
26413,26444
26413,26450
26413,26451
26431,26436
26431,26441
26431,26450
26431,26451
26431,26456
26431,26462
26436,26441
26436,26444
26436,26450
26436,26451
26436,26460
26436,26462
26436,26470
26441,26444
26441,26450
26441,26451
26441,26456
26441,26462
26441,26470
26441,26472
26444,26450
26444,26451
26444,26456
26444,26460
26444,26462
26444,26470
26444,26472
26444,26488
26444,26493
26450,26456
26450,26460
26450,26462
26450,26470
26450,26472
26450,26488
26450,26493
26450,26497
26450,27053
26451,26456
26451,26460
26451,26462
26451,26470
26451,26472
26451,26488
26451,26497
26456,26460
26456,26462
26456,26470
26456,26472
26456,26488
26456,26493
26456,26497
26456,26503
26456,26505
26460,26462
26460,26470
26460,26472
26460,26488
26460,26493
26460,26497
26460,26503
26460,26505
26462,26470
26462,26472
26462,26488
26462,26493
26462,26497
26462,26503
26462,26505
26462,26506
26470,26472
26470,26488
26470,26493
26470,26497
26470,26503
26470,26505
26470,26506
26472,26488
26472,26493
26472,26497
26472,26503
26472,26505
26472,26506
26488,26493
26488,26497
26488,26503
26488,26505
26488,26506
26493,26497
26493,26503
26493,26505
26493,26506
26497,26503
26497,26506
26497,26531
26503,26506
26503,26531
26503,26544
26505,26506
26505,26531
26505,26544
26505,26552
26506,26531
26506,26544
26506,26552
26506,26553
26531,26544
26531,26552
26531,26553
26531,26565
26531,26569
26531,26582
26544,26552
26544,26553
26544,26565
26544,26569
26544,26583
26552,26553
26552,26565
26552,26569
26552,26582
26552,26584
26553,26565
26553,26569
26553,26582
26553,26583
26553,26584
26565,26569
26565,26582
26565,26583
26565,26584
26565,26595
26565,26596
26569,26583
26569,26584
26569,26595
26569,26596
26569,26598
26582,26583
26582,26584
26582,26595
26582,26596
26582,26598
26582,26600
26583,26584
26583,26595
26583,26596
26583,26598
26583,26600
26583,26601
26584,26595
26584,26596
26584,26598
26584,26600
26584,26601
26584,26602
26595,26596
26595,26598
26595,26601
26595,26602
26595,26609
26595,26610
26595,26612
26595,26616
26596,26598
26596,26600
26596,26601
26596,26602
26596,26609
26596,26610
26596,26616
26598,26600
26598,26601
26598,26602
26598,26609
26598,26610
26598,26612
26598,26616
26598,26620
26600,26601
26600,26602
26600,26609
26600,26610
26600,26612
26600,26616
26600,26620
26600,26626
26601,26602
26601,26609
26601,26610
26601,26612
26601,26616
26601,26620
26601,26626
26602,26609
26602,26610
26602,26612
26602,26616
26602,26620
26602,26626
26602,26628
26602,26638
26609,26610
26609,26612
26609,26616
26609,26620
26609,26626
26609,26628
26610,26612
26610,26616
26610,26620
26610,26626
26610,26628
26610,26638
26610,26650
26612,26616
26612,26626
26612,26628
26612,26638
26612,27336
26616,26620
26616,26626
26616,26628
26616,26650
26616,26656
26620,26626
26620,26628
26620,26638
26620,26650
26620,26656
26620,26666
26620,26671
26626,26628
26626,26650
26626,26656
26626,26666
26626,26671
26626,26684
26628,26638
26628,26650
26628,26671
26628,26684
26638,26650
26638,26656
26638,26666
26638,26671
26638,26684
26650,26656
26650,26666
26650,26671
26650,26684
26650,26691
26656,26666
26656,26671
26656,26684
26656,26690
26656,26691
26656,26706
26656,26713
26666,26671
26666,26684
26666,26691
26666,26706
26666,26713
26666,26719
26671,26684
26671,26690
26671,26691
26671,26706
26671,26713
26671,26719
26671,26720
26684,26690
26684,26691
26684,26706
26684,26713
26684,26719
26684,26720
26690,26691
26690,26706
26690,26713
26690,26719
26690,26720
26690,26734
26690,26735
26690,26736
26691,26706
26691,26713
26691,26719
26691,26720
26691,26734
26691,26735
26691,26736
26691,26739
26706,26713
26706,26719
26706,26720
26706,26734
26706,26735
26706,26736
26706,26739
26713,26719
26713,26720
26713,26734
26713,26735
26713,26736
26713,26740
26713,26749
26719,26720
26719,26734
26719,26735
26719,26736
26719,26739
26719,26740
26719,26749
26720,26734
26720,26735
26720,26736
26720,26740
26720,26749
26720,26757
26734,26735
26734,26736
26734,26739
26734,26740
26734,26757
26734,26760
26735,26736
26735,26739
26735,26740
26735,26749
26735,26757
26735,26760
26736,26739
26736,26740
26736,26749
26736,26757
26736,26760
26736,26767
26736,26774
26736,26776
26739,26740
26739,26757
26739,26760
26739,26767
26739,26774
26739,26776
26739,26778
26740,26749
26740,26757
26740,26760
26740,26774
26740,26776
26740,26778
26740,26781
26749,26757
26749,26760
26749,26767
26749,26774
26749,26778
26749,26781
26757,26760
26757,26767
26757,26774
26757,26776
26757,26778
26757,26781
26757,26785
26757,26791
26760,26767
26760,26774
26760,26778
26760,26781
26760,26785
26760,26793
26767,26776
26767,26778
26767,26781
26767,26785
26767,26791
26767,26793
26767,26797
26774,26776
26774,26778
26774,26785
26774,26793
26774,26797
26774,26798
26776,26778
26776,26781
26776,26785
26776,26791
26776,26793
26776,26797
26776,26798
26778,26781
26778,26785
26778,26791
26778,26793
26778,26797
26778,26798
26778,26812
26781,26785
26781,26791
26781,26793
26781,26797
26781,26798
26781,26812
26781,26813
26785,26791
26785,26793
26785,26798
26785,26812
26785,26813
26785,26819
26791,26793
26791,26797
26791,26812
26791,26813
26791,26819
26791,26821
26793,26797
26793,26798
26793,26812
26793,26813
26793,26819
26793,26821
26797,26798
26797,26812
26797,26813
26797,26819
26797,26840
26798,26812
26798,26813
26798,26819
26798,26821
26798,26840
26798,26843
26812,26813
26812,26819
26812,26821
26812,26840
26812,26843
26812,26851
26813,26819
26813,26821
26813,26840
26813,26851
26813,26857
26819,26821
26819,26840
26819,26843
26819,26851
26819,26857
26821,26840
26821,26843
26821,26857
26840,26843
26840,26851
26840,26857
26840,26864
26840,26870
26840,26875
26843,26851
26843,26857
26843,26864
26843,26870
26843,26875
26843,26885
26851,26857
26851,26864
26851,26870
26851,26875
26851,26885
26851,26887
26851,26888
26857,26864
26857,26870
26857,26885
26857,26887
26857,26888
26857,26892
26864,26870
26864,26875
26864,26885
26864,26887
26864,26888
26864,26893
26864,26894
26870,26875
26870,26885
26870,26887
26870,26888
26870,26892
26870,26893
26870,26894
26870,26902
26875,26885
26875,26887
26875,26888
26875,26892
26875,26893
26875,26894
26875,26902
26875,26904
26885,26887
26885,26892
26885,26893
26885,26894
26885,26902
26885,26904
26885,26908
26887,26888
26887,26892
26887,26893
26887,26894
26887,26902
26887,26904
26887,26908
26887,26914
26888,26892
26888,26893
26888,26894
26888,26902
26888,26904
26888,26908
26888,26915
26892,26893
26892,26894
26892,26902
26892,26904
26892,26908
26892,26914
26892,26915
26892,26916
26893,26894
26893,26902
26893,26904
26893,26908
26893,26914
26893,26915
26893,26916
26893,26921
26894,26902
26894,26904
26894,26908
26894,26914
26894,26915
26894,26916
26902,26904
26902,26908
26902,26914
26902,26915
26902,26916
26902,26921
26902,26936
26904,26908
26904,26914
26904,26915
26904,26916
26904,26921
26904,26936
26904,26938
26908,26914
26908,26915
26908,26921
26908,26928
26908,26936
26908,26938
26914,26916
26914,26921
26914,26928
26914,26936
26914,26938
26914,26942
26915,26916
26915,26921
26915,26928
26915,26938
26915,26942
26916,26921
26916,26928
26916,26936
26916,26938
26916,26942
26916,26946
26921,26928
26921,26936
26921,26938
26921,26946
26928,26936
26928,26942
26928,26946
26928,26955
26928,26958
26936,26938
26936,26946
26936,26955
26936,26958
26936,26967
26938,26942
26938,26946
26938,26955
26938,26958
26938,26967
26942,26946
26942,26955
26942,26958
26942,26967
26942,26969
26946,26955
26946,26958
26946,26967
26946,26972
26946,26976
26955,26958
26955,26967
26955,26969
26955,26972
26955,26976
26955,26978
26955,26980
26958,26967
26958,26969
26958,26972
26958,26976
26958,26978
26958,26980
26958,26985
26967,26969
26967,26972
26967,26976
26967,26978
26967,26985
26967,26986
26969,26972
26969,26976
26969,26978
26969,26980
26969,26985
26969,26986
26969,26988
26972,26976
26972,26978
26972,26980
26972,26986
26972,26988
26972,26991
26976,26978
26976,26980
26976,26985
26976,26986
26976,26990
26976,26991
26976,26995
26978,26980
26978,26985
26978,26986
26978,26988
26978,26990
26978,26995
26980,26985
26980,26986
26980,26988
26980,26990
26980,26991
26980,26995
26985,26986
26985,26988
26985,26990
26985,26991
26985,27000
26986,26988
26986,26990
26986,26991
26986,26995
26986,27000
26986,27004
26988,26990
26988,26995
26988,27000
26988,27004
26988,27011
26990,26991
26990,26995
26990,27000
26990,27011
26991,26995
26991,27000
26991,27004
26991,27011
26991,27016
26995,27000
26995,27004
26995,27011
26995,27016
26995,27017
26995,27025
27000,27004
27000,27011
27000,27017
27000,27025
27000,27028
27000,27030
27004,27011
27004,27016
27004,27017
27004,27025
27004,27030
27004,27051
27011,27016
27011,27017
27011,27025
27011,27028
27011,27030
27011,27051
27011,27053
27016,27017
27016,27025
27016,27028
27016,27030
27016,27053
27016,27058
27016,27060
27017,27025
27017,27028
27017,27030
27017,27053
27017,27058
27017,27060
27017,27061
27025,27028
27025,27030
27025,27051
27025,27053
27025,27058
27025,27060
27028,27051
27028,27053
27028,27058
27028,27060
27028,27061
27028,27069
27030,27051
27030,27053
27030,27058
27030,27060
27030,27061
27030,27069
27051,27053
27051,27058
27051,27060
27051,27061
27051,27071
27051,27076
27051,27079
27053,27058
27053,27060
27053,27061
27053,27069
27053,27071
27053,27076
27053,27079
27058,27060
27058,27061
27058,27069
27058,27071
27058,27076
27058,27079
27060,27061
27060,27069
27060,27071
27060,27076
27060,27079
27061,27069
27061,27071
27061,27076
27061,27079
27069,27071
27069,27076
27069,27079
27069,27097
27071,27076
27071,27079
27071,27097
27071,27099
27076,27079
27076,27097
27076,27099
27076,27101
27079,27097
27079,27099
27079,27101
27097,27099
27097,27101
27097,27106
27097,27129
27097,27138
27099,27101
27099,27106
27099,27129
27099,27138
27099,27144
27099,27145
27101,27106
27101,27129
27101,27138
27101,27144
27101,27145
27101,27147
27106,27129
27106,27138
27106,27144
27106,27145
27106,27147
27106,27149
27129,27138
27129,27144
27129,27145
27129,27147
27129,27149
27129,27161
27129,27172
27138,27144
27138,27145
27138,27147
27138,27149
27138,27161
27138,27171
27138,27172
27138,27177
27144,27145
27144,27147
27144,27161
27144,27172
27144,27177
27144,27178
27145,27147
27145,27149
27145,27161
27145,27171
27145,27172
27145,27177
27145,27178
27145,27181
27147,27149
27147,27161
27147,27171
27147,27172
27147,27177
27147,27178
27147,27181
27147,27182
27149,27161
27149,27177
27149,27178
27149,27181
27149,27182
27149,27188
27161,27171
27161,27172
27161,27177
27161,27178
27161,27181
27161,27182
27161,27188
27161,27190
27161,27196
27171,27172
27171,27177
27171,27178
27171,27181
27171,27182
27171,27188
27171,27190
27171,27196
27171,27200
27172,27177
27172,27178
27172,27181
27172,27182
27172,27188
27172,27190
27172,27196
27172,27200
27172,27202
27177,27182
27177,27188
27177,27190
27177,27200
27177,27226
27178,27181
27178,27182
27178,27188
27178,27190
27178,27196
27178,27200
27178,27202
27181,27182
27181,27188
27181,27190
27181,27196
27181,27200
27181,27202
27181,27213
27182,27188
27182,27190
27182,27196
27182,27202
27182,27213
27188,27190
27188,27196
27188,27200
27188,27202
27188,27224
27190,27200
27190,27213
27190,27224
27190,27226
27196,27200
27196,27202
27196,27213
27196,27224
27196,27226
27200,27202
27200,27213
27200,27224
27200,27226
27200,27237
27202,27213
27202,27224
27202,27226
27202,27237
27202,27238
27213,27224
27213,27226
27213,27237
27213,27238
27213,27240
27213,27243
27224,27226
27224,27237
27224,27238
27224,27240
27224,27243
27224,27244
27224,27245
27226,27237
27226,27238
27226,27240
27226,27243
27226,27244
27226,27245
27226,27251
27237,27238
27237,27240
27237,27243
27237,27245
27237,27251
27237,27253
27238,27243
27238,27244
27238,27245
27238,27251
27238,27253
27240,27243
27240,27245
27240,27251
27240,27253
27240,27254
27240,27290
27243,27244
27243,27251
27243,27254
27243,27257
27243,27260
27244,27245
27244,27251
27244,27253
27244,27257
27244,27260
27244,27263
27245,27251
27245,27253
27245,27254
27245,27257
27245,27260
27245,27263
27251,27253
27251,27260
27251,27263
27251,27275
27251,27278
27253,27254
27253,27257
27253,27260
27253,27263
27253,27275
27253,27278
27253,27285
27254,27257
27254,27260
27254,27263
27254,27275
27254,27278
27254,27285
27254,27290
27257,27263
27257,27275
27257,27278
27257,27285
27257,27290
27257,27291
27257,27305
27260,27263
27260,27275
27260,27278
27260,27285
27260,27291
27260,27305
27263,27275
27263,27278
27263,27285
27263,27291
27263,27305
27263,27310
27275,27278
27275,27285
27275,27290
27275,27305
27275,27310
27275,27313
27278,27285
27278,27290
27278,27291
27278,27305
27278,27310
27278,27313
27278,27315
27285,27290
27285,27291
27285,27305
27285,27310
27285,27313
27285,27315
27285,27316
27290,27291
27290,27305
27290,27310
27290,27315
27290,27316
27290,27323
27291,27305
27291,27310
27291,27313
27291,27315
27291,27316
27291,27323
27291,27325
27305,27310
27305,27313
27305,27315
27305,27316
27305,27323
27305,27325
27305,27334
27310,27315
27310,27316
27310,27323
27310,27325
27310,27334
27310,27336
27310,27339
27313,27315
27313,27316
27313,27323
27313,27325
27313,27334
27313,27336
27313,27339
27313,27350
27315,27316
27315,27325
27315,27334
27315,27336
27315,27339
27315,27350
27315,27353
27316,27323
27316,27334
27316,27336
27316,27339
27316,27350
27316,27353
27316,27359
27323,27325
27323,27334
27323,27339
27323,27350
27323,27353
27323,27359
27323,27364
27325,27334
27325,27336
27325,27353
27325,27359
27325,27364
27325,27366
27334,27336
27334,27339
27334,27350
27334,27353
27334,27359
27334,27364
27334,27366
27334,27379
27336,27339
27336,27350
27336,27353
27336,27359
27336,27366
27336,27379
27336,27380
27339,27350
27339,27353
27339,27359
27339,27366
27339,27379
27339,27380
27339,27383
27350,27353
27350,27359
27350,27379
27350,27383
27350,27386
27353,27359
27353,27364
27353,27366
27353,27379
27353,27380
27353,27383
27353,27386
27353,27388
27359,27364
27359,27366
27359,27379
27359,27380
27359,27383
27359,27386
27359,27388
27359,27394
27364,27366
27364,27379
27364,27380
27364,27383
27364,27386
27364,27388
27364,27394
27364,27402
27366,27379
27366,27380
27366,27383
27366,27386
27366,27388
27366,27394
27366,27402
27366,27410
27379,27380
27379,27383
27379,27386
27379,27388
27379,27394
27379,27402
27379,27410
27380,27383
27380,27386
27380,27402
27380,27410
27380,27416
27383,27386
27383,27388
27383,27402
27383,27410
27383,27416
27383,27420
27386,27388
27386,27394
27386,27402
27386,27410
27386,27416
27386,27420
27388,27394
27388,27402
27388,27410
27388,27416
27388,27420
27388,27424
27394,27402
27394,27410
27394,27420
27394,27424
27394,27425
27402,27410
27402,27416
27402,27420
27402,27424
27402,27425
27402,27435
27410,27416
27410,27424
27410,27425
27410,27435
27416,27420
27416,27424
27416,27435
27416,27438
27420,27424
27420,27425
27420,27435
27420,27438
27420,27440
27424,27425
27424,27435
27424,27438
27424,27440
27424,27444
27424,27450
27425,27435
27425,27438
27425,27444
27425,27450
27425,27454
27435,27438
27435,27440
27435,27444
27435,27450
27435,27454
27435,27455
27435,27459
27438,27440
27438,27444
27438,27454
27438,27455
27438,27459
27440,27444
27440,27450
27440,27454
27440,27455
27440,27459
27444,27450
27444,27454
27444,27455
27450,27454
27450,27459
27454,27455
27454,27459
27455,27459
