3,5
6,8
9,10
14,16
21,22
28,31
32,34
36,42
46,51
52,53
54,56
57,58
61,65
73,74
76,77
80,81
83,85
90,91
92,94
95,97
103,105
106,110
111,121
123,133
134,135
136,137
143,144
145,152
153,155
161,162
164,174
175,178
180,184
191,193
194,198
200,201
205,209
211,212
213,226
228,235
238,243
247,250
251,255
256,257
262,266
275,276
278,280
282,283
284,285
286,287
288,289
290,292
296,300
305,306
307,309
311,312
317,319
321,325
326,335
336,337
340,347
352,356
357,358
359,360
363,366
369,372
373,375
380,382
383,386
388,390
392,396
398,400
401,406
411,412
413,414
415,416
417,418
419,420
422,424
425,435
437,441
443,447
450,454
463,465
468,471
473,474
475,476
480,481
482,483
484,485
491,496
499,500
504,509
510,513
514,517
518,519
522,526
528,530
531,532
534,536
537,539
540,545
549,554
555,557
559,564
565,566
571,572
576,577
580,581
583,586
590,591
594,599
602,606
607,608
609,613
614,615
617,618
619,623
627,629
630,634
635,639
640,641
642,645
646,648
650,653
656,657
658,666
670,671
672,673
677,681
682,683
691,693
695,699
702,703
706,709
711,713
718,720
723,725
726,732
737,740
742,743
749,750
756,761
762,768
773,775
777,780
789,790
794,795
796,800
801,802
803,804
805,807
808,809
816,817
819,820
822,824
825,826
827,833
835,840
842,845
849,851
852,857
859,860
865,875
878,879
885,886
888,890
893,894
896,900
902,905
908,909
910,913
914,920
924,926
927,928
931,933
935,941
942,943
944,945
947,955
956,960
961,963
966,968
972,982
985,988
989,991
993,994
996,1005
1006,1008
1009,1010
1012,1014
1016,1023
1024,1025
1028,1029
1030,1031
1032,1037
1041,1042
1047,1048
1051,1054
1055,1060
1062,1065
1066,1068
1069,1072
1075,1076
1078,1082
1085,1086
1087,1090
1091,1093
1096,1102
1104,1105
1107,1110
1111,1112
1115,1116
1117,1118
1119,1121
1123,1125
1129,1136
1142,1143
1144,1145
1148,1149
1152,1154
1156,1157
1159,1162
1164,1167
1168,1177
1182,1187
1188,1189
1194,1197
1199,1202
1206,1212
1213,1218
1223,1224
1225,1226
1231,1232
1235,1236
1237,1240
1243,1245
1246,1252
1253,1255
1256,1259
1260,1263
1264,1271
1273,1275
1278,1280
1283,1284
1286,1296
1297,1299
1306,1308
1313,1314
1323,1324
1327,1329
1330,1331
1334,1337
1338,1343
1345,1348
1349,1352
1354,1356
1357,1358
1362,1363
1365,1367
1368,1370
1373,1379
1387,1389
1394,1397
1402,1403
1404,1411
1412,1413
1418,1420
1421,1428
1429,1431
1433,1434
1440,1441
1442,1443
1444,1446
1447,1450
1453,1455
1456,1459
1460,1461
1464,1467
1472,1475
1479,1482
1486,1488
1489,1490
1493,1494
1499,1505
1509,1510
1514,1520
1521,1524
1529,1531
1536,1537
1539,1542
1544,1549
1555,1557
1558,1560
1562,1563
1568,1575
1576,1578
1579,1586
1590,1597
1598,1605
1606,1607
1612,1615
1618,1623
1626,1629
1630,1632
1634,1636
1646,1648
1654,1655
1656,1659
1664,1666
1669,1674
1677,1678
1685,1686
1688,1690
1693,1695
1701,1703
1704,1710
1713,1716
1720,1721
1722,1729
1730,1731
1733,1739
1740,1746
1749,1750
1753,1758
1759,1762
1763,1764
1766,1767
1768,1770
1774,1777
1783,1784
1786,1789
1790,1793
1796,1797
1801,1802
1805,1810
1811,1815
1831,1833
1835,1838
1839,1842
1844,1853
1855,1858
1862,1865
1866,1870
1871,1873
1876,1878
1879,1880
1883,1889
1890,1892
1896,1897
1900,1902
1910,1911
1914,1915
1918,1921
1923,1926
1927,1929
1930,1932
1933,1935
1936,1939
1940,1943
1947,1949
1950,1957
1958,1960
1963,1967
1969,1970
1971,1972
1973,1974
1978,1982
1983,1984
1992,1993
1994,1996
1999,2000
2001,2002
2005,2007
2008,2010
2011,2014
2015,2018
2019,2022
2024,2028
2029,2031
2035,2036
2042,2046
2047,2048
2050,2052
2053,2056
2058,2060
2062,2063
2064,2065
2066,2072
2074,2078
2079,2080
2083,2085
2093,2095
2096,2099
2100,2101
2102,2104
2106,2117
2118,2120
2129,2132
2134,2136
2138,2146
2147,2149
2151,2154
2155,2161
2166,2172
2175,2176
2178,2182
2185,2189
2190,2191
2192,2194
2195,2196
2197,2201
2203,2206
2208,2213
2214,2215
2217,2222
2224,2227
2233,2235
2236,2237
2242,2244
2249,2250
2253,2254
2256,2260
2263,2269
2279,2283
2288,2290
2295,2298
2300,2301
2304,2305
2306,2310
2311,2312
2313,2314
2315,2316
2318,2322
2324,2326
2331,2335
2337,2341
2348,2350
2352,2355
2357,2360
2361,2371
2372,2376
2378,2381
2382,2383
2386,2387
2388,2394
2398,2403
2404,2409
2415,2418
2419,2424
2426,2428
2431,2436
2437,2438
2439,2441
2443,2449
2450,2456
2459,2461
2463,2464
2473,2476
2479,2482
2487,2488
2489,2490
2493,2495
2497,2499
2501,2507
2508,2511
2512,2513
2523,2524
2535,2537
2539,2540
2541,2542
2548,2551
2553,2559
2561,2564
2566,2569
2571,2572
2575,2577
2578,2586
2588,2593
2597,2612
2617,2618
2619,2625
2627,2636
2637,2640
2644,2646
2651,2655
2660,2661
2666,2667
2669,2670
2674,2676
2679,2681
2690,2697
2699,2705
2708,2709
2711,2716
2718,2720
2723,2724
2726,2732
2734,2735
2738,2740
2743,2745
2746,2750
2752,2753
2755,2757
2761,2762
2764,2765
2766,2767
2769,2770
2771,2777
2778,2779
2781,2783
2785,2787
2792,2796
2797,2799
2806,2807
2811,2813
2815,2816
2823,2825
2828,2834
2835,2841
2842,2845
2846,2854
2858,2864
2867,2870
2871,2875
2876,2877
2878,2887
2890,2891
2892,2896
2900,2902
2904,2906
2908,2909
2910,2911
2913,2914
2915,2918
2921,2925
2928,2929
2931,2933
2936,2939
2940,2944
2945,2949
2951,2953
2954,2957
2958,2962
2963,2964
2966,2968
2972,2976
2977,2979
2990,2993
2998,2999
3002,3010
3017,3021
3034,3035
3040,3041
3042,3045
3050,3052
3056,3059
3064,3068
3073,3074
3075,3077
3079,3084
3085,3089
3090,3092
3093,3094
3095,3097
3099,3103
3105,3106
3107,3110
3111,3114
3117,3121
3122,3124
3125,3128
3131,3138
3140,3141
3144,3145
3147,3150
3151,3153
3154,3155
3156,3158
3164,3168
3169,3170
3175,3182
3184,3186
3187,3189
3190,3192
3193,3194
3195,3196
3198,3202
3204,3205
3206,3211
3213,3216
3217,3220
3221,3222
3224,3225
3229,3234
3238,3239
3243,3245
3253,3254
3255,3260
3266,3268
3272,3273
3274,3275
3279,3280
3285,3286
3290,3292
3294,3298
3302,3303
3304,3305
3306,3307
3309,3314
3317,3321
3324,3332
3335,3337
3345,3346
3348,3350
3352,3354
3355,3356
3357,3360
3369,3370
3371,3372
3378,3385
3386,3388
3392,3393
3396,3398
3399,3401
3403,3407
3408,3410
3411,3412
3413,3414
3417,3421
3425,3430
3435,3441
3444,3448
3450,3451
3453,3457
3458,3461
3465,3466
3467,3468
3470,3475
3479,3481
3482,3487
3488,3489
3490,3491
3499,3504
3506,3508
3515,3517
3528,3530
3532,3535
3538,3545
3546,3547
3548,3552
3553,3554
3555,3556
3557,3561
3564,3565
3566,3567
3568,3569
3570,3572
3575,3580
3584,3586
3587,3590
3597,3598
3602,3607
3609,3612
3614,3619
3624,3629
3632,3634
3636,3637
3642,3643
3647,3648
3650,3652
3653,3654
3655,3659
3665,3667
3669,3672
3674,3675
3679,3688
3689,3690
3692,3694
3695,3705
3713,3714
3718,3720
3721,3725
3726,3728
3730,3731
3732,3734
3742,3744
3745,3747
3748,3749
3753,3757
3759,3761
3762,3764
3766,3769
3785,3787
3789,3793
3797,3798
3799,3802
3807,3809
3815,3818
3823,3824
3830,3833
3834,3844
3846,3848
3851,3856
3857,3863
3864,3865
3868,3871
3872,3874
3878,3880
3886,3888
3892,3894
3895,3900
3906,3908
3909,3910
3911,3912
3913,3916
3922,3924
3927,3931
3932,3934
3936,3938
3939,3940
3943,3947
3948,3950
3952,3954
3955,3957
3962,3963
3967,3968
3975,3976
3977,3978
3980,3982
3984,3985
3987,3988
3992,3994
3995,4004
4014,4017
4020,4022
4026,4027
4028,4029
4030,4033
4036,4037
4038,4041
4045,4047
4048,4050
4051,4052
4055,4057
4058,4059
4060,4062
4064,4066
4067,4070
4077,4080
4082,4083
4085,4089
4090,4094
4097,4098
4103,4107
4108,4110
4112,4117
4118,4121
4125,4126
4131,4135
4136,4137
4139,4148
4149,4153
4156,4159
4160,4166
4170,4172
4175,4177
4178,4184
4188,4192
4197,4198
4199,4204
4206,4207
4211,4215
4218,4219
4220,4223
4225,4226
4229,4232
4235,4236
4237,4238
4239,4240
4241,4246
4250,4251
4254,4257
4258,4263
4264,4265
4267,4273
4276,4278
4280,4282
4286,4287
4291,4292
4297,4300
4301,4307
4308,4310
4314,4315
4317,4318
4328,4329
4333,4335
4336,4337
4339,4341
4342,4346
4348,4350
4353,4356
4357,4358
4364,4372
4373,4374
4375,4377
4379,4381
4387,4393
4395,4397
4398,4399
4400,4404
4407,4408
4409,4415
4418,4420
4425,4426
4430,4432
4434,4439
4442,4446
4448,4453
4454,4455
4463,4464
4468,4469
4474,4476
4481,4483
4484,4486
4490,4492
4496,4503
4505,4506
4507,4508
4509,4510
4512,4513
4516,4517
4518,4520
4524,4528
4535,4536
4538,4539
4540,4541
4543,4546
4549,4553
4555,4556
4559,4560
4561,4563
4565,4567
4568,4575
4577,4579
4583,4585
4588,4590
4591,4592
4593,4595
4598,4599
4602,4608
4610,4612
4613,4617
4618,4619
4620,4622
4623,4627
4629,4633
4636,4638
4640,4642
4645,4646
4648,4649
4650,4651
4653,4654
4655,4657
4658,4661
4662,4663
4666,4667
4669,4675
4677,4679
4680,4681
4685,4687
4690,4694
4698,4700
4701,4703
4704,4705
4707,4708
4709,4711
4713,4714
4716,4717
4718,4724
4730,4732
4733,4735
4737,4741
4743,4745
4746,4754
4757,4761
4762,4765
4772,4775
4777,4780
4781,4783
4787,4790
4796,4798
4801,4804
4809,4813
4817,4819
4823,4824
4825,4826
4827,4832
4833,4835
4837,4839
4844,4846
4847,4851
4856,4858
4859,4860
4865,4866
4871,4879
4881,4882
4883,4889
4895,4905
4906,4907
4914,4917
4921,4922
4923,4926
4930,4933
4934,4935
4936,4938
4939,4940
4942,4944
4948,4949
4950,4952
4956,4960
4961,4964
4966,4967
4970,4974
4975,4981
4982,4985
4989,4990
4991,5004
5010,5011
5014,5016
5017,5020
5021,5022
5025,5027
5029,5035
5037,5043
5045,5046
5052,5054
5061,5066
5068,5069
5072,5075
5078,5083
5084,5087
5090,5094
5096,5098
5099,5103
5106,5112
5113,5115
5116,5119
5121,5123
5124,5125
5131,5132
5133,5135
5138,5141
5152,5153
5155,5169
5171,5172
5178,5184
5185,5187
5191,5192
5193,5194
5200,5201
5204,5205
5207,5214
5215,5217
5218,5224
5225,5226
5229,5231
5232,5233
5236,5238
5244,5245
5246,5247
5251,5255
5256,5263
5264,5267
5269,5271
5273,5275
5278,5283
5284,5289
5291,5292
5293,5295
5298,5301
5303,5306
5311,5317
5319,5324
5325,5330
5331,5333
5334,5335
5337,5339
5343,5348
5349,5354
5356,5358
5361,5363
5364,5365
5367,5369
5370,5373
5375,5376
5380,5383
5384,5387
5389,5390
5394,5396
5402,5405
5406,5409
5410,5414
5417,5419
5423,5424
5425,5426
5428,5432
5433,5435
5436,5438
5440,5443
5446,5447
5451,5452
5461,5473
5474,5476
5477,5478
5479,5482
5484,5488
5494,5497
5500,5501
5502,5504
5508,5510
5517,5518
5522,5524
5526,5530
5531,5532
5537,5539
5541,5544
5545,5549
5550,5553
5560,5564
5568,5569
5574,5575
5576,5578
5579,5584
5586,5588
5589,5591
5593,5594
5596,5601
5603,5604
5605,5607
5609,5611
5619,5620
5621,5626
5629,5635
5639,5640
5642,5643
5644,5651
5653,5656
5658,5663
5666,5667
5671,5672
5677,5678
5681,5682
5689,5690
5692,5696
5697,5698
5699,5701
5703,5704
5705,5708
5711,5712
5715,5716
5717,5718
5719,5720
5722,5725
5727,5728
5730,5733
5738,5741
5743,5744
5747,5753
5760,5764
5766,5769
5771,5776
5782,5783
5784,5785
5786,5788
5790,5792
5793,5794
5798,5799
5802,5803
5804,5805
5806,5811
5813,5814
5816,5817
5820,5821
5823,5827
5828,5831
5834,5836
5844,5845
5848,5849
5855,5863
5867,5868
5871,5872
5873,5874
5878,5886
5887,5896
5897,5899
5900,5904
5909,5913
5914,5915
5916,5920
5922,5925
5930,5931
5937,5940
5948,5950
5953,5958
5959,5965
5968,5970
5971,5973
5978,5979
5981,5985
5986,5988
5991,5994
6000,6002
6003,6005
6007,6010
6011,6012
6017,6021
6023,6029
6030,6032
6035,6038
6040,6041
6042,6045
6049,6050
6051,6052
6053,6054
6055,6056
6060,6061
6062,6063
6065,6069
6072,6073
6075,6076
6080,6084
6085,6088
6090,6096
6100,6107
6108,6110
6115,6119
6122,6127
6130,6132
6134,6136
6140,6142
6143,6144
6145,6148
6151,6152
6156,6160
6162,6168
6169,6171
6173,6175
6182,6186
6189,6192
6194,6200
6205,6206
6208,6212
6216,6219
6223,6225
6229,6230
6232,6234
6239,6246
6249,6258
6261,6269
6270,6274
6278,6279
6281,6285
6288,6289
6294,6295
6298,6301
6305,6311
6314,6315
6317,6319
6321,6324
6325,6331
6334,6335
6339,6340
6341,6345
6346,6353
6354,6356
6357,6359
6360,6361
6363,6366
6367,6369
6370,6373
6374,6378
6383,6386
6387,6388
6391,6395
6400,6403
6405,6406
6407,6410
6411,6412
6413,6415
6416,6417
6418,6419
6423,6427
6428,6429
6430,6432
6434,6435
6437,6444
6447,6449
6451,6452
6454,6455
6462,6465
6466,6467
6468,6478
6480,6481
6483,6486
6487,6490
6496,6497
6498,6500
6501,6506
6507,6509
6510,6511
6513,6516
6517,6518
6519,6521
6525,6528
6529,6530
6531,6532
6534,6535
6540,6543
6547,6550
6551,6558
6560,6561
6563,6565
6568,6569
6570,6573
6576,6578
6579,6583
6584,6593
6594,6595
6598,6600
6601,6603
6605,6606
6608,6611
6616,6617
6619,6620
6624,6625
6627,6629
6631,6632
6633,6634
6635,6641
6642,6643
6644,6646
6647,6648
6654,6659
6665,6667
6668,6671
6673,6677
6678,6683
6686,6688
6690,6691
6698,6704
6705,6708
6714,6717
6719,6723
6725,6734
6745,6747
6749,6750
6753,6756
6759,6761
6765,6771
6772,6779
6782,6784
6785,6786
6788,6789
6790,6795
6796,6797
6799,6801
6803,6804
6813,6815
6817,6820
6825,6826
6827,6828
6829,6831
6833,6835
6838,6840
6841,6843
6845,6850
6851,6853
6854,6856
6858,6863
6869,6870
6872,6873
6874,6875
6879,6882
6883,6884
6894,6895
6897,6900
6902,6904
6905,6906
6907,6908
6912,6913
6915,6916
6918,6920
6925,6929
6930,6932
6935,6936
6939,6951
6955,6956
6957,6958
6960,6963
6964,6966
6970,6971
6974,6975
6978,6979
6980,6982
6986,6988
6991,6995
7003,7005
7010,7014
7015,7017
7019,7020
7022,7023
7028,7031
7036,7037
7038,7040
7042,7044
7051,7052
7054,7060
7062,7063
7068,7073
7076,7082
7085,7086
7091,7094
7095,7098
7100,7105
7106,7108
7110,7112
7113,7114
7117,7120
7121,7124
7127,7130
7132,7134
7137,7139
7141,7150
7160,7161
7162,7164
7165,7167
7169,7172
7173,7174
7175,7176
7179,7185
7186,7191
7196,7203
7204,7206
7207,7212
7213,7216
7217,7220
7221,7223
7226,7229
7232,7233
7234,7235
7236,7238
7239,7240
7245,7252
7255,7262
7263,7267
7268,7269
7270,7273
7275,7276
7282,7284
7285,7287
7288,7290
7291,7299
7300,7301
7304,7305
7308,7309
7316,7317
7323,7325
7328,7329
7330,7333
7334,7335
7338,7339
7343,7344
7346,7347
7349,7351
7358,7359
7360,7362
7364,7366
7370,7371
7372,7374
7376,7378
7381,7382
7383,7387
7394,7398
7399,7400
7405,7414
7416,7422
7424,7427
7430,7431
7437,7439
7446,7447
7448,7449
7451,7454
7462,7468
7469,7470
7472,7476
7479,7480
7489,7491
7493,7495
7497,7500
7504,7506
7510,7511
7514,7515
7518,7523
7526,7527
7530,7532
7534,7535
7537,7540
7543,7544
7550,7558
7563,7564
7567,7568
7570,7573
7581,7582
7583,7586
7587,7590
7591,7592
7593,7596
7604,7607
7608,7609
7616,7621
7623,7626
7629,7630
7632,7635
7637,7638
7641,7642
7653,7658
7663,7664
7665,7667
7671,7672
7673,7674
7678,7679
7686,7688
7690,7692
7693,7701
7705,7709
7710,7715
7717,7718
7721,7722
7723,7726
7727,7729
7731,7735
7737,7738
7740,7741
7742,7743
7744,7748
7756,7757
7765,7766
7767,7770
7772,7777
7781,7782
7784,7786
7788,7791
7799,7809
7811,7812
7815,7817
7818,7821
7823,7825
7829,7831
7834,7837
7838,7839
7842,7845
7853,7854
7859,7862
7863,7864
7865,7867
7870,7875
7877,7880
7884,7886
7889,7897
7898,7900
7902,7905
7906,7910
7911,7915
7917,7918
7919,7924
7926,7928
7929,7930
7932,7933
7934,7935
7939,7943
7944,7949
7950,7952
7953,7959
7961,7963
7965,7967
7970,7978
7979,7981
7988,7989
7992,7994
7997,7999
8000,8005
8007,8008
8011,8013
8017,8021
8024,8026
8027,8031
8032,8033
8034,8036
8037,8040
8043,8049
8053,8057
8060,8061
8067,8071
8075,8076
8077,8081
8082,8084
8086,8088
8089,8090
8096,8098
8100,8101
8102,8104
8108,8114
8116,8118
8122,8123
8124,8125
8126,8130
8133,8136
8141,8143
8146,8148
8155,8156
8157,8158
8159,8164
8166,8167
8168,8169
8171,8172
8173,8174
8176,8190
8193,8196
8200,8201
8202,8203
8209,8212
8213,8214
8219,8220
8222,8227
8228,8231
8236,8237
8242,8243
8244,8250
8251,8252
8254,8256
8258,8259
8261,8263
8265,8266
8267,8268
8269,8275
8277,8279
8285,8287
8288,8292
8294,8295
8298,8299
8300,8304
8306,8311
8321,8325
8328,8331
8334,8336
8337,8338
8339,8343
8344,8348
8351,8352
8353,8357
8358,8360
8363,8364
8369,8372
8376,8381
8385,8386
8387,8388
8389,8393
8395,8398
8400,8403
8404,8405
8407,8408
8409,8410
8413,8414
8415,8417
8419,8421
8422,8424
8425,8427
8430,8431
8438,8441
8444,8445
8446,8447
8448,8449
8450,8452
8453,8458
8463,8471
8482,8483
8485,8486
8492,8494
8495,8496
8497,8498
8499,8508
8511,8512
8517,8519
8523,8526
8527,8528
8530,8532
8533,8539
8542,8544
8546,8551
8552,8554
8555,8558
8560,8561
8562,8564
8565,8566
8571,8573
8576,8580
8581,8582
8583,8585
8586,8587
8595,8596
8597,8601
8603,8604
8605,8608
8610,8611
8613,8616
8618,8620
8623,8625
8627,8629
8634,8637
8638,8640
8641,8643
8649,8650
8651,8653
8657,8659
8662,8665
8667,8668
8670,8671
8678,8680
8682,8683
8688,8689
8690,8693
8695,8696
8697,8699
8702,8706
8708,8716
8719,8727
8728,8738
8739,8743
8744,8745
8746,8751
8753,8754
8757,8758
8759,8763
8768,8770
8772,8774
8779,8780
8784,8786
8788,8791
8792,8793
8799,8800
8810,8816
8818,8819
8824,8827
8832,8833
8834,8835
8837,8839
8842,8846
8848,8852
8854,8856
8858,8859
8860,8862
8863,8870
8873,8874
8875,8876
8880,8881
8883,8886
8888,8889
8891,8893
8894,8895
8897,8899
8901,8908
8917,8921
8925,8930
8934,8935
8936,8937
8941,8942
8944,8946
8949,8950
8951,8953
8955,8956
8958,8960
8964,8965
8966,8968
8971,8974
8975,8979
8981,8982
8985,8995
8998,9001
9002,9004
9007,9010
9011,9012
9014,9015
9017,9021
9023,9026
9027,9030
9031,9033
9034,9037
9044,9047
9048,9055
9056,9058
9060,9061
9064,9066
9067,9068
9069,9070
9076,9077
9078,9081
9084,9085
9086,9089
9095,9099
9107,9108
9109,9110
9113,9115
9118,9119
9120,9121
9126,9130
9133,9135
9136,9140
9144,9146
9149,9152
9159,9160
9165,9166
9174,9177
9182,9183
9184,9187
9197,9199
9205,9208
9213,9216
9218,9219
9220,9221
9223,9225
9228,9229
9231,9232
9234,9236
9237,9238
9240,9241
9242,9243
9248,9262
9263,9265
9270,9273
9275,9276
9277,9278
9281,9285
9286,9289
9290,9292
9294,9295
9297,9298
9300,9302
9303,9304
9305,9307
9308,9314
9315,9317
9319,9320
9323,9324
9325,9327
9332,9334
9335,9336
9337,9338
9339,9341
9343,9347
9348,9351
9356,9359
9361,9363
9364,9365
9368,9370
9371,9373
9381,9383
9385,9387
9390,9391
9395,9396
9398,9403
9415,9416
9418,9419
9420,9422
9423,9426
9428,9431
9432,9433
9439,9440
9444,9445
9446,9457
9458,9460
9465,9470
9471,9473
9474,9478
9479,9480
9481,9485
9491,9492
9493,9495
9496,9502
9505,9506
9509,9512
9516,9519
9521,9522
9523,9524
9525,9526
9528,9530
9535,9536
9540,9542
9544,9552
9554,9556
9559,9562
9563,9564
9565,9566
9572,9575
9576,9578
9579,9586
9592,9594
9596,9597
9599,9600
9601,9602
9603,9604
9605,9607
9610,9611
9616,9618
9619,9621
9623,9625
9626,9627
9630,9632
9633,9634
9636,9643
9647,9650
9656,9657
9661,9663
9664,9666
9667,9670
9672,9676
9679,9681
9682,9684
9685,9686
9692,9695
9696,9698
9706,9710
9713,9715
9717,9718
9719,9723
9724,9725
9726,9729
9733,9735
9738,9744
9747,9749
9753,9755
9757,9760
9762,9766
9770,9772
9773,9776
9781,9782
9783,9789
9793,9797
9802,9805
9810,9814
9815,9817
9819,9820
9822,9823
9825,9826
9835,9837
9838,9839
9848,9851
9854,9855
9856,9857
9858,9859
9860,9863
9864,9869
9870,9872
9873,9875
9876,9877
9879,9880
9881,9885
9886,9887
9888,9890
9891,9893
9902,9915
9916,9918
9920,9922
9925,9927
9931,9932
9935,9940
9943,9947
9949,9951
9952,9953
9954,9957
9960,9961
9963,9973
9974,9975
9977,9978
9979,9981
9982,9983
9990,9993
9994,9997
10001,10005
10007,10008
10009,10014
10020,10023
10024,10025
10026,10028
10029,10031
10032,10037
10042,10045
10046,10048
10050,10052
10053,10057
10060,10065
10067,10071
10072,10078
10079,10083
10084,10085
10087,10093
10094,10095
10099,10104
10105,10106
10108,10109
10110,10112
10114,10115
10118,10123
10125,10129
10130,10137
10138,10140
10141,10142
10146,10148
10153,10154
10155,10156
10160,10161
10162,10163
10164,10167
10168,10169
10171,10172
10174,10176
10177,10178
10181,10182
10184,10185
10189,10190
10195,10198
10199,10200
10201,10203
10204,10205
10206,10219
10220,10224
10225,10226
10230,10233
10236,10238
10239,10241
10246,10248
10251,10252
10253,10256
10257,10258
10261,10262
10264,10265
10267,10269
10271,10272
10273,10274
10275,10278
10279,10284
10285,10287
10289,10297
10302,10303
10305,10310
10312,10313
10318,10323
10326,10329
10330,10332
10334,10339
10340,10346
10350,10353
10354,10355
10360,10363
10367,10370
10373,10374
10376,10381
10382,10384
10387,10388
10390,10391
10393,10395
10397,10403
10404,10405
10406,10408
10410,10411
10414,10416
10419,10428
10432,10433
10440,10441
10443,10446
10448,10451
10454,10455
10456,10457
10458,10464
10467,10472
10473,10476
10477,10480
10482,10495
10499,10502
10503,10504
10506,10507
10513,10514
10515,10520
10524,10526
10529,10533
10534,10535
10536,10538
10539,10540
10542,10543
10546,10547
10548,10551
10557,10558
10559,10560
10565,10567
10569,10574
10575,10579
10580,10581
10585,10588
10589,10591
10592,10598
10599,10602
10603,10605
10607,10608
10611,10612
10617,10621
10622,10628
10633,10637
10641,10642
10645,10646
10647,10650
10651,10652
10653,10655
10656,10659
10660,10662
10663,10666
10667,10668
10670,10671
10672,10674
10680,10687
10691,10695
10696,10699
10701,10702
10705,10706
10709,10713
10714,10716
10718,10719
10721,10723
10724,10729
10731,10733
10737,10743
10747,10755
10757,10760
10765,10766
10768,10772
10774,10779
10780,10783
10785,10786
10793,10795
10798,10806
10807,10810
10813,10816
10817,10821
10822,10823
10824,10825
10828,10829
10831,10840
10843,10851
10852,10853
10858,10860
10861,10862
10865,10866
10867,10868
10869,10871
10873,10877
10878,10881
10883,10884
10886,10888
10890,10891
10894,10898
10900,10908
10910,10912
10916,10918
10924,10926
10927,10928
10931,10935
10937,10938
10946,10948
10950,10952
10954,10955
10956,10959
10964,10965
10966,10967
10972,10980
10982,10984
10985,10999
11001,11004
11006,11008
11009,11011
11012,11014
11015,11016
11018,11025
11027,11029
11032,11033
11040,11043
11047,11051
11053,11056
11060,11063
11068,11070
11076,11079
11087,11088
11094,11095
11097,11098
11101,11103
11105,11106
11107,11108
11112,11116
11117,11124
11125,11127
11134,11135
11141,11142
11143,11147
11153,11154
11155,11162
11163,11166
11167,11175
11177,11180
11182,11189
11190,11196
11204,11210
11211,11214
11215,11217
11219,11220
11224,11227
11229,11230
11231,11232
11233,11236
11240,11242
11243,11245
11249,11250
11251,11252
11253,11257
11258,11260
11262,11266
11272,11275
11281,11283
11287,11288
11289,11293
11294,11295
11297,11298
11301,11302
11303,11305
11307,11312
11314,11316
11317,11319
11322,11324
11325,11331
11333,11334
11337,11341
11342,11346
11348,11350
11354,11356
11360,11361
11363,11364
11366,11370
11372,11375
11376,11379
11380,11382
11386,11388
11396,11405
11406,11407
11410,11412
11414,11416
11422,11424
11427,11430
11436,11437
11439,11445
11459,11461
11463,11464
11465,11468
11472,11473
11478,11480
11481,11483
11484,11487
11495,11497
11503,11504
11505,11506
11512,11513
11514,11515
11517,11518
11521,11522
11523,11524
11528,11529
11534,11538
11540,11541
11543,11545
11546,11548
11549,11556
11557,11559
11563,11568
11569,11570
11576,11577
11583,11585
11586,11587
11589,11590
11593,11596
11600,11606
11610,11611
11612,11614
11617,11619
11621,11623
11625,11626
11627,11631
11633,11635
11637,11640
11643,11644
11645,11646
11648,11651
11653,11654
11660,11661
11662,11663
11666,11668
11669,11674
11679,11682
11683,11685
11686,11688
11692,11695
11697,11698
11700,11706
11708,11710
11711,11712
11715,11716
11720,11723
11727,11732
11734,11735
11736,11737
11743,11746
11747,11755
11757,11763
11765,11766
11767,11768
11769,11773
11775,11778
11779,11782
11784,11785
11786,11787
11788,11789
11792,11793
11794,11797
11798,11801
11802,11804
11807,11808
11810,11811
11812,11813
11817,11818
11820,11829
11836,11837
11838,11843
11845,11849
11855,11860
11869,11870
11878,11879
11880,11881
11882,11890
11892,11893
11901,11903
11904,11906
11907,11909
11914,11919
11921,11922
11923,11925
11930,11931
11937,11942
11943,11944
11949,11956
11957,11958
11960,11963
11964,11965
11967,11971
11973,11975
11976,11978
11983,11985
11989,11993
11994,11998
12000,12004
12006,12009
12010,12012
12017,12021
12026,12031
12034,12039
12042,12048
12050,12051
12053,12054
12056,12062
12070,12071
12072,12076
12077,12080
12081,12082
12086,12087
12088,12091
12093,12098
12099,12101
12102,12103
12105,12108
12109,12115
12116,12119
12120,12121
12124,12125
12126,12129
12130,12134
12136,12139
12140,12142
12143,12150
12151,12154
12158,12161
12162,12165
12168,12171
12172,12173
12175,12176
12177,12182
12189,12190
12204,12212
12220,12222
12224,12227
12228,12229
12234,12238
12240,12241
12244,12251
12255,12256
12261,12263
12266,12267
12268,12271
12273,12279
12282,12283
12284,12287
12288,12289
12290,12291
12293,12294
12295,12297
12300,12302
12303,12310
12316,12317
12319,12321
12322,12323
12325,12326
12329,12331
12334,12338
12339,12341
12343,12348
12351,12352
12353,12354
12355,12360
12361,12363
12364,12366
12368,12369
12374,12375
12376,12378
12381,12387
12389,12390
12391,12394
12398,12400
12401,12402
12403,12405
12407,12409
12411,12413
12416,12418
12421,12425
12430,12436
12441,12442
12444,12448
12449,12454
12455,12457
12461,12465
12467,12471
12473,12476
12477,12479
12480,12481
12485,12486
12487,12488
12489,12490
12496,12498
12505,12508
12511,12512
12515,12516
12517,12521
12522,12523
12526,12527
12528,12529
12530,12531
12533,12534
12535,12536
12538,12545
12547,12549
12553,12555
12557,12560
12563,12566
12567,12568
12571,12573
12574,12575
12577,12581
12582,12584
12592,12595
12596,12599
12602,12604
12605,12607
12609,12611
12612,12620
12622,12624
12627,12632
12636,12637
12638,12640
12641,12643
12644,12650
12651,12652
12655,12656
12657,12660
12662,12663
12664,12671
12674,12675
12676,12681
12684,12685
12686,12690
12693,12695
12696,12697
12703,12704
12708,12710
12711,12712
12718,12720
12724,12727
12728,12729
12731,12732
12734,12735
12736,12737
12741,12744
12745,12748
12750,12751
12758,12761
12762,12764
12770,12773
12774,12777
12778,12779
12780,12786
12792,12796
12798,12806
12810,12814
12815,12816
12817,12818
12819,12822
12823,12824
12825,12826
12831,12832
12834,12836
12839,12842
12846,12847
12852,12856
12866,12870
12871,12872
12873,12874
12879,12881
12883,12888
12889,12892
12893,12896
12897,12902
12904,12910
12913,12918
12922,12929
12930,12931
12932,12934
12938,12939
12940,12941
12944,12951
12952,12959
12963,12965
12967,12968
12969,12970
12971,12972
12976,12980
12981,12990
12991,12997
12998,12999
13003,13007
13008,13009
13014,13016
13017,13018
13024,13026
13028,13030
13031,13034
13036,13038
13039,13042
13043,13044
13050,13051
13053,13056
13057,13058
13062,13063
13067,13069
13075,13076
13077,13081
13082,13084
13086,13091
13093,13095
13100,13101
13102,13105
13107,13108
13113,13117
13120,13123
13124,13127
13130,13131
13134,13137
13138,13141
13142,13145
13147,13148
13150,13151
13153,13154
13155,13163
13165,13166
13177,13178
13179,13181
13184,13185
13188,13195
13199,13203
13204,13205
13210,13211
13212,13214
13219,13222
13223,13226
13228,13229
13230,13232
13233,13236
13240,13242
13246,13250
13252,13253
13254,13256
13257,13258
13259,13260
13262,13263
13270,13271
13273,13277
13278,13283
13285,13288
13289,13292
13296,13302
13307,13314
13316,13318
13328,13331
13334,13337
13339,13341
13346,13349
13351,13360
13361,13363
13366,13368
13369,13374
13376,13381
13382,13384
13385,13386
13389,13390
13392,13393
13398,13399
13400,13404
13405,13408
13412,13416
13420,13423
13427,13429
13430,13432
13433,13435
13438,13439
13440,13449
13451,13455
13456,13457
13463,13465
13466,13468
13472,13478
13479,13481
13484,13485
13486,13487
13489,13490
13494,13496
13497,13502
13503,13504
13508,13509
13510,13511
13513,13514
13519,13525
13533,13534
13537,13541
13543,13544
13550,13552
13553,13554
13555,13556
13563,13570
13572,13573
13574,13577
13579,13580
13581,13583
13584,13585
13586,13587
13588,13590
13591,13593
13596,13597
13600,13601
13602,13603
13604,13609
13610,13611
13616,13618
13619,13620
13621,13622
13624,13625
13627,13629
13630,13631
13634,13635
13636,13637
13640,13642
13643,13644
13652,13656
13659,13660
13663,13670
13672,13673
13674,13675
13676,13678
13682,13684
13685,13686
13688,13690
13692,13695
13696,13710
13715,13717
13720,13721
13722,13728
13730,13733
13734,13735
13738,13740
13743,13744
13747,13751
13754,13762
13763,13764
13766,13767
13771,13772
13773,13777
13780,13783
13785,13787
13791,13802
13805,13807
13810,13812
13813,13817
13818,13821
13823,13826
13833,13838
13840,13843
13845,13847
13851,13856
13861,13867
13871,13872
13874,13877
13878,13879
13880,13882
13884,13885
13886,13887
13888,13890
13892,13895
13896,13897
13898,13905
13908,13912
13915,13917
13918,13919
13921,13927
13933,13936
13937,13938
13940,13941
13944,13945
13946,13947
13948,13954
13956,13957
13958,13960
13963,13965
13971,13972
13978,13986
13991,13996
13997,13998
14000,14003
14005,14006
14007,14019
14021,14027
14029,14031
14033,14035
14036,14037
14038,14042
14045,14048
14049,14053
14056,14058
14060,14061
14062,14065
14068,14071
14075,14076
14077,14079
14082,14083
14085,14086
14088,14089
14090,14091
14092,14096
14097,14099
14100,14104
14107,14111
14113,14114
14120,14122
14123,14129
14130,14131
14133,14134
14139,14140
14142,14143
14144,14146
14148,14151
14152,14154
14155,14158
14159,14162
14165,14172
14173,14178
14183,14185
14191,14198
14203,14207
14213,14215
14217,14218
14222,14223
14227,14228
14229,14231
14233,14239
14241,14246
14247,14248
14249,14250
14253,14255
14256,14259
14260,14262
14263,14270
14271,14275
14279,14281
14283,14284
14285,14287
14290,14292
14294,14297
14299,14305
14309,14316
14318,14322
14324,14329
14335,14336
14339,14340
14342,14343
14345,14346
14347,14351
14352,14356
14364,14366
14367,14368
14369,14370
14374,14379
14382,14383
14387,14388
14392,14393
14396,14397
14398,14402
14405,14412
14414,14415
14417,14424
14425,14430
14434,14435
14439,14441
14446,14447
14448,14452
14456,14457
14461,14463
14464,14466
14467,14470
14475,14476
14477,14484
14486,14487
14488,14490
14491,14492
14494,14497
14499,14501
14503,14507
14509,14514
14519,14523
14525,14531
14533,14545
14546,14551
14555,14562
14563,14571
14572,14574
14575,14580
14583,14584
14586,14599
14609,14610
14611,14613
14614,14621
14622,14627
14630,14635
14640,14643
14647,14650
14652,14659
14662,14663
14665,14669
14673,14677
14678,14679
14681,14685
14687,14689
14691,14693
14695,14698
14701,14702
14706,14712
14715,14719
14723,14726
14731,14732
14733,14736
14740,14741
14744,14745
14746,14747
14748,14750
14751,14757
14759,14764
14767,14769
14772,14775
14777,14779
14781,14782
14784,14787
14789,14790
14797,14799
14801,14809
14810,14811
14815,14816
14818,14820
14826,14832
14834,14840
14846,14847
14848,14850
14852,14853
14859,14862
14868,14869
14872,14879
14884,14885
14889,14890
14891,14896
14898,14900
14918,14921
14923,14925
14932,14936
14939,14942
14943,14951
14957,14958
14961,14962
14967,14971
14973,14976
14982,14985
14987,14988
14989,14992
14993,14994
14999,15003
15004,15005
15007,15008
15009,15017
15018,15019
15020,15024
15025,15027
15029,15034
15038,15042
15043,15045
15046,15047
15048,15050
15052,15056
15058,15061
15064,15065
15067,15068
15072,15075
15076,15077
15078,15081
15083,15092
15098,15101
15102,15105
15111,15113
15118,15123
15131,15136
15137,15138
15139,15143
15145,15149
15159,15160
15165,15166
15172,15174
15183,15186
15189,15190
15196,15201
15202,15207
15209,15212
15217,15221
15222,15225
15227,15228
15230,15231
15233,15235
15240,15242
15244,15247
15248,15252
15260,15267
15268,15269
15270,15272
15280,15286
15289,15290
15292,15294
15295,15297
15298,15301
15302,15305
15306,15308
15309,15314
15315,15316
15317,15319
15326,15327
15328,15329
15330,15331
15336,15338
15344,15345
15346,15349
15350,15351
15356,15358
15360,15361
15362,15369
15374,15379
15381,15382
15383,15390
15391,15393
15395,15396
15397,15402
15403,15404
15407,15410
15413,15416
15418,15419
15420,15422
15428,15429
15431,15433
15435,15439
15442,15443
15445,15455
15459,15461
15463,15465
15468,15470
15472,15473
15475,15476
15477,15478
15479,15480
15482,15483
15484,15486
15487,15490
15491,15494
15495,15497
15498,15504
15505,15511
15514,15515
15517,15522
15529,15531
15534,15540
15541,15544
15546,15547
15549,15553
15560,15562
15563,15566
15567,15568
15569,15571
15573,15574
15576,15577
15578,15579
15582,15585
15592,15593
15595,15596
15597,15600
15602,15609
15611,15615
15617,15619
15621,15622
15623,15624
15629,15630
15632,15635
15637,15644
15649,15650
15651,15652
15655,15659
15661,15670
15674,15676
15677,15678
15679,15681
15685,15687
15688,15689
15691,15697
15699,15707
15708,15709
15710,15711
15713,15719
15720,15723
15725,15728
15733,15735
15744,15753
15755,15757
15761,15773
15774,15776
15778,15783
15784,15790
15792,15793
15795,15797
15804,15806
15808,15813
15814,15817
15819,15820
15825,15826
15828,15829
15830,15834
15835,15836
15837,15841
15842,15844
15847,15849
15852,15854
15855,15857
15862,15863
15867,15874
15880,15882
15884,15885
15890,15892
15894,15896
15907,15909
15910,15914
15916,15924
15928,15930
15932,15936
15938,15941
15943,15946
15948,15949
15950,15954
15955,15956
15957,15959
15966,15967
15968,15971
15973,15979
15980,15982
15983,15985
15987,15994
15996,15998
15999,16004
16005,16007
16015,16021
16025,16027
16032,16040
16041,16043
16050,16053
16056,16064
16066,16067
16069,16070
16071,16073
16074,16075
16081,16086
16087,16092
16093,16097
16098,16099
16101,16103
16104,16105
16107,16108
16111,16113
16117,16122
16127,16128
16129,16131
16132,16135
16137,16139
16140,16141
16143,16144
16145,16146
16148,16151
16154,16156
16157,16162
16167,16173
16174,16176
16179,16183
16186,16187
16191,16192
16194,16195
16199,16201
16203,16204
16205,16208
16211,16212
16218,16220
16222,16223
16230,16232
16234,16235
16238,16239
16241,16251
16253,16254
16256,16257
16259,16260
16262,16263
16266,16267
16270,16271
16274,16283
16284,16285
16288,16290
16291,16292
16293,16295
16296,16297
16301,16304
16308,16311
16313,16318
16335,16338
16341,16347
16348,16349
16351,16352
16354,16359
16365,16366
16370,16371
16373,16375
16376,16377
16382,16384
16390,16395
16398,16399
16400,16406
16409,16416
16418,16419
16424,16425
16426,16430
16437,16438
16450,16451
16452,16453
16454,16458
16461,16464
16465,16470
16472,16473
16476,16477
16478,16479
16487,16488
16489,16490
16492,16493
16496,16499
16500,16501
16505,16507
16509,16510
16511,16516
16520,16522
16523,16527
16528,16531
16533,16534
16547,16548
16549,16554
16558,16560
16562,16564
16571,16576
16579,16581
16584,16585
16588,16589
16594,16598
16600,16601
16605,16606
16610,16611
16614,16615
16622,16623
16625,16626
16627,16629
16630,16636
16642,16643
16651,16652
16655,16656
16657,16659
16661,16665
16674,16677
16679,16685
16686,16692
16696,16699
16704,16706
16707,16708
16710,16711
16714,16718
16721,16722
16724,16733
16737,16739
16746,16747
16750,16752
16758,16764
16765,16766
16770,16773
16776,16783
16784,16791
16794,16799
16801,16802
16806,16809
16819,16820
16823,16828
16831,16839
16842,16844
16847,16852
16853,16856
16857,16859
16863,16864
16870,16872
16875,16877
16878,16885
16888,16891
16897,16905
16909,16911
16912,16915
16919,16920
16922,16923
16929,16930
16933,16934
16937,16941
16942,16945
16946,16950
16953,16955
16960,16961
16963,16965
16968,16974
16977,16978
16979,16982
16983,16985
16987,16989
16991,16992
16994,16995
16998,16999
17007,17018
17019,17020
17022,17027
17028,17031
17033,17035
17038,17041
17043,17047
17049,17050
17051,17053
17055,17056
17057,17058
17059,17060
17061,17063
17067,17079
17082,17083
17085,17088
17091,17097
17102,17106
17107,17108
17112,17114
17115,17116
17117,17122
17125,17130
17133,17135
17136,17138
17139,17142
17143,17144
17149,17150
17151,17152
17155,17158
17161,17163
17168,17170
17171,17172
17173,17176
17181,17184
17185,17186
17187,17188
17189,17192
17193,17196
17198,17202
17205,17206
17209,17210
17212,17215
17218,17220
17222,17223
17224,17228
17229,17233
17234,17235
17237,17240
17241,17247
17249,17252
17256,17260
17262,17263
17264,17266
17271,17284
17289,17296
17297,17302
17303,17305
17308,17310
17314,17316
17318,17323
17328,17332
17333,17341
17344,17348
17351,17353
17358,17362
17363,17364
17369,17371
17372,17373
17374,17377
17378,17379
17381,17382
17383,17384
17385,17387
17388,17389
17391,17396
17405,17416
17418,17427
17429,17440
17441,17443
17444,17445
17447,17448
17452,17462
17463,17466
17468,17469
17471,17472
17475,17478
17481,17483
17485,17486
17487,17489
17490,17491
17495,17496
17500,17502
17503,17505
17510,17511
17512,17516
17517,17533
17534,17542
17543,17545
17546,17548
17549,17551
17552,17553
17555,17557
17558,17559
17561,17562
17563,17566
17567,17571
17572,17575
17578,17579
17584,17593
17594,17595
17598,17601
17607,17609
17611,17613
17614,17618
17619,17620
17623,17624
17628,17629
17630,17632
17633,17634
17636,17637
17638,17641
17643,17645
17649,17650
17656,17658
17665,17670
17674,17676
17677,17678
17680,17682
17683,17686
17687,17693
17694,17696
17697,17698
17703,17704
17712,17720
17721,17725
17732,17734
17748,17749
17751,17755
17757,17758
17760,17761
17763,17767
17770,17771
17773,17775
17777,17778
17782,17786
17788,17791
17803,17804
17805,17809
17810,17811
17814,17815
17818,17820
17821,17822
17823,17829
17832,17836
17837,17844
17851,17852
17853,17857
17858,17860
17866,17871
17872,17877
17878,17881
17888,17891
17893,17901
17903,17910
17911,17913
17921,17922
17924,17927
17929,17930
17933,17936
17940,17942
17947,17948
17949,17950
17951,17953
17955,17959
17963,17964
17966,17969
17976,17978
17982,17985
17987,17988
17991,17993
17994,17995
17996,17999
18002,18004
18018,18019
18022,18023
18026,18027
18028,18036
18037,18038
18039,18040
18041,18043
18044,18047
18048,18050
18051,18057
18067,18068
18073,18074
18076,18079
18080,18083
18086,18088
18089,18090
18091,18092
18093,18094
18095,18098
18100,18105
18106,18114
18116,18117
18120,18121
18124,18125
18127,18128
18129,18134
18135,18137
18140,18141
18142,18145
18153,18157
18158,18159
18161,18162
18167,18168
18170,18171
18172,18174
18176,18178
18184,18186
18187,18192
18194,18199
18202,18209
18210,18212
18213,18214
18219,18225
18228,18229
18231,18232
18234,18238
18241,18244
18246,18248
18249,18252
18256,18257
18258,18261
18262,18264
18265,18267
18269,18272
18276,18286
18288,18289
18292,18293
18298,18301
18303,18306
18307,18309
18315,18317
18319,18321
18326,18327
18328,18331
18332,18333
18334,18341
18342,18346
18350,18351
18356,18357
18359,18362
18365,18368
18370,18372
18373,18374
18375,18380
18381,18386
18387,18391
18401,18403
18406,18409
18410,18414
18417,18418
18421,18423
18424,18427
18431,18439
18442,18444
18445,18446
18447,18450
18453,18454
18456,18457
18461,18466
18467,18469
18470,18473
18476,18477
18478,18482
18483,18485
18487,18489
18496,18498
18501,18507
18512,18513
18518,18519
18520,18522
18523,18525
18528,18529
18531,18534
18535,18538
18539,18541
18542,18544
18549,18550
18551,18552
18555,18567
18574,18576
18581,18582
18584,18586
18587,18590
18594,18597
18599,18608
18609,18610
18611,18616
18617,18620
18621,18623
18633,18636
18640,18641
18642,18644
18645,18646
18650,18652
18654,18663
18668,18672
18675,18676
18679,18683
18684,18686
18687,18688
18689,18697
18709,18712
18715,18717
18719,18723
18724,18725
18727,18729
18732,18733
18736,18746
18751,18755
18756,18758
18766,18767
18768,18770
18771,18772
18773,18777
18779,18780
18786,18787
18788,18791
18792,18794
18795,18800
18804,18808
18815,18821
18822,18826
18829,18835
18839,18840
18842,18843
18844,18846
18847,18849
18850,18852
18854,18858
18859,18860
18866,18868
18869,18871
18873,18874
18876,18878
18879,18887
18889,18890
18893,18897
18900,18906
18907,18908
18916,18917
18920,18921
18926,18927
18928,18931
18932,18940
18943,18945
18947,18950
18951,18952
18953,18956
18957,18961
18965,18967
18968,18969
18971,18972
18973,18976
18978,18979
18982,18986
18991,18992
18995,18997
18998,18999
19001,19006
19010,19011
19012,19014
19016,19018
19019,19020
19025,19028
19029,19031
19032,19033
19038,19040
19043,19045
19046,19048
19049,19051
19056,19058
19061,19066
19067,19068
19070,19075
19076,19081
19082,19084
19085,19087
19088,19093
19098,19100
19107,19108
19109,19110
19119,19120
19122,19123
19125,19129
19130,19131
19133,19134
19135,19138
19143,19148
19151,19153
19154,19156
19160,19168
19169,19172
19175,19177
19181,19185
19186,19191
19194,19199
19202,19206
19207,19208
19209,19210
19213,19218
19219,19220
19221,19226
19230,19232
19235,19242
19243,19245
19247,19252
19256,19259
19267,19269
19272,19274
19278,19279
19280,19285
19287,19292
19294,19295
19296,19297
19300,19303
19309,19310
19315,19316
19318,19320
19321,19323
19325,19327
19328,19330
19333,19339
19340,19342
19346,19349
19353,19359
19360,19361
19371,19374
19375,19379
19380,19382
19387,19391
19395,19397
19400,19401
19403,19404
19406,19407
19413,19414
19415,19417
19418,19421
19422,19428
19437,19438
19440,19444
19446,19449
19450,19451
19454,19455
19460,19462
19463,19464
19467,19468
19478,19479
19481,19482
19484,19485
19488,19491
19500,19502
19503,19511
19512,19516
19519,19520
19522,19524
19527,19533
19534,19535
19536,19539
19540,19543
19545,19549
19555,19556
19560,19561
19562,19563
19564,19565
19567,19570
19577,19580
19581,19582
19583,19584
19585,19587
19591,19592
19593,19595
19599,19600
19601,19603
19605,19608
19610,19611
19612,19619
19620,19621
19622,19624
19625,19627
19630,19632
19634,19637
19639,19641
19643,19646
19648,19650
19651,19654
19657,19658
19659,19662
19664,19667
19670,19672
19674,19675
19676,19680
19682,19684
19689,19690
19694,19701
19708,19712
19718,19725
19728,19731
19733,19739
19748,19753
19755,19760
19764,19766
19770,19771
19772,19778
19779,19780
19790,19792
19793,19794
19798,19800
19805,19808
19809,19810
19811,19814
19818,19819
19820,19821
19822,19827
19830,19831
19834,19835
19836,19837
19838,19839
19840,19858
19859,19860
19861,19864
19867,19869
19870,19871
19872,19875
19878,19881
19882,19883
19885,19886
19888,19889
19890,19891
19892,19895
19899,19900
19901,19913
19915,19916
19918,19920
19923,19928
19929,19931
19935,19936
19940,19942
19943,19947
19949,19950
19951,19952
19955,19956
19957,19958
19962,19963
19964,19966
19968,19970
19971,19974
19982,19985
19989,19990
19991,19992
19994,19996
19997,19998
19999,20000
20001,20004
20009,20011
20012,20013
20015,20018
20019,20021
20022,20023
20029,20030
20033,20034
20035,20036
20044,20045
20051,20052
20053,20057
20063,20070
20072,20076
20084,20088
20090,20095
20096,20097
20098,20102
20106,20109
20111,20113
20114,20117
20119,20122
20125,20128
20138,20140
20142,20143
20145,20148
20153,20154
20158,20159
20161,20164
20165,20171
20175,20178
20181,20205
20206,20209
20210,20211
20212,20213
20216,20217
20218,20220
20222,20231
20232,20236
20237,20242
20244,20248
20251,20253
20256,20260
20263,20266
20267,20269
20270,20272
20274,20275
20280,20283
20284,20285
20286,20287
20288,20289
20291,20293
20295,20296
20297,20299
20302,20303
20305,20308
20312,20314
20316,20322
20330,20332
20333,20334
20335,20336
20341,20342
20343,20348
20349,20352
20356,20357
20361,20367
20373,20374
20375,20380
20386,20390
20397,20402
20404,20405
20408,20411
20413,20414
20416,20423
20427,20430
20432,20434
20436,20437
20438,20440
20447,20449
20450,20451
20453,20457
20459,20460
20462,20463
20464,20469
20470,20472
20476,20478
20481,20482
20487,20492
20493,20497
20499,20500
20501,20507
20513,20518
20521,20526
20527,20528
20533,20534
20536,20540
20548,20554
20559,20560
20561,20563
20565,20568
20571,20572
20573,20578
20580,20581
20583,20587
20589,20592
20595,20600
20601,20604
20605,20607
20610,20611
20613,20617
20624,20625
20629,20631
20632,20634
20642,20645
20646,20649
20652,20654
20662,20663
20666,20667
20669,20671
20674,20675
20677,20681
20682,20683
20686,20691
20694,20695
20696,20697
20701,20708
20710,20711
20712,20715
20718,20719
20723,20725
20726,20728
20730,20734
20737,20739
20740,20741
20748,20753
20758,20759
20760,20761
20763,20766
20771,20773
20774,20775
20778,20781
20786,20789
20791,20792
20793,20800
20802,20805
20811,20812
20814,20815
20822,20823
20826,20828
20831,20832
20833,20834
20837,20838
20840,20841
20843,20847
20848,20855
20856,20860
20862,20863
20869,20871
20873,20875
20879,20880
20885,20886
20888,20899
20901,20903
20906,20908
20909,20910
20914,20919
20922,20929
20932,20934
20944,20947
20948,20949
20952,20957
20958,20959
20960,20962
20966,20967
20969,20970
20972,20973
20974,20976
20981,20982
20989,20990
20996,20998
21000,21003
21011,21016
21018,21021
21025,21027
21028,21029
21030,21031
21033,21037
21038,21039
21042,21044
21045,21046
21049,21051
21052,21055
21056,21060
21061,21063
21064,21067
21068,21077
21079,21085
21088,21089
21092,21093
21094,21097
21098,21100
21101,21102
21103,21105
21106,21107
21108,21112
21114,21115
21117,21119
21120,21124
21129,21130
21131,21133
21138,21140
21142,21145
21148,21152
21155,21156
21157,21160
21161,21162
21165,21170
21171,21172
21178,21179
21181,21185
21188,21190
21191,21193
21197,21200
21203,21207
21208,21211
21213,21215
21218,21223
21224,21227
21228,21230
21231,21233
21235,21236
21237,21241
21242,21247
21249,21250
21254,21255
21256,21262
21264,21268
21270,21272
21281,21285
21287,21288
21289,21297
21299,21300
21301,21302
21303,21305
21306,21307
21311,21312
21316,21318
21319,21320
21321,21322
21324,21328
21332,21337
21340,21343
21355,21358
21361,21362
21364,21366
21371,21372
21374,21375
21378,21380
21382,21383
21385,21386
21389,21390
21391,21392
21393,21397
21398,21399
21401,21402
21405,21406
21407,21409
21410,21413
21414,21415
21421,21424
21426,21433
21436,21438
21439,21442
21443,21444
21449,21450
21452,21455
21457,21460
21463,21469
21473,21476
21478,21479
21480,21481
21484,21487
21489,21491
21492,21494
21497,21498
21499,21500
21506,21508
21509,21510
21515,21518
21519,21520
21521,21522
21524,21526
21530,21539
21541,21544
21545,21547
21548,21553
21558,21562
21565,21566
21567,21573
21574,21575
21576,21577
21581,21582
21583,21584
21586,21588
21595,21597
21604,21609
21611,21613
21614,21615
21619,21620
21622,21625
21627,21628
21629,21630
21631,21632
21636,21637
21638,21641
21643,21645
21646,21647
21648,21653
21654,21656
21658,21659
21663,21668
21671,21672
21674,21675
21676,21677
21678,21680
21682,21683
21684,21685
21687,21688
21689,21694
21695,21696
21697,21700
21706,21707
21708,21712
21714,21717
21719,21724
21729,21733
21736,21737
21739,21741
21745,21748
21749,21751
21755,21760
21765,21768
21769,21770
21780,21781
21783,21786
21790,21800
21802,21805
21806,21807
21817,21820
21821,21823
21824,21825
21826,21827
21829,21833
21836,21840
21844,21848
21866,21869
21871,21872
21873,21875
21883,21884
21889,21899
21900,21901
21903,21905
21916,21923
21925,21933
21936,21938
21940,21942
21943,21944
21954,21956
21960,21961
21972,21975
21976,21979
21980,21981
21982,21984
21990,21991
21995,21997
21998,22009
22010,22012
22013,22018
22020,22022
22024,22026
22028,22035
22038,22040
22043,22045
22046,22053
22059,22060
22061,22063
22064,22065
22066,22068
22069,22076
22077,22081
22082,22086
22087,22088
22091,22093
22094,22103
22104,22108
22111,22112
22113,22114
22116,22119
22120,22122
22123,22124
22126,22129
22131,22132
22133,22134
22136,22140
22141,22143
22147,22150
22154,22155
22160,22165
22166,22167
22170,22175
22179,22182
22185,22187
22189,22193
22195,22197
22198,22201
22202,22203
22206,22208
22211,22212
22213,22214
22219,22222
22224,22226
22227,22230
22231,22232
22233,22235
22237,22238
22240,22241
22246,22247
22250,22251
22252,22253
22255,22259
22260,22261
22263,22264
22265,22267
22268,22269
22277,22282
22283,22284
22286,22287
22288,22290
22291,22293
22294,22297
22301,22306
22307,22309
22314,22315
22319,22320
22321,22322
22323,22324
22327,22328
22331,22332
22335,22342
22344,22347
22348,22349
22350,22352
22357,22360
22364,22366
22370,22378
22384,22388
22391,22392
22395,22399
22402,22405
22406,22412
22413,22416
22418,22421
22422,22429
22434,22436
22446,22447
22448,22457
22459,22460
22461,22462
22469,22479
22484,22489
22494,22495
22499,22501
22502,22503
22505,22506
22510,22515
22516,22517
22520,22525
22527,22528
22530,22531
22534,22538
22539,22540
22545,22546
22547,22548
22556,22557
22558,22559
22560,22563
22564,22565
22567,22568
22569,22570
22572,22576
22578,22580
22582,22583
22587,22589
22591,22592
22593,22595
22597,22599
22601,22604
22605,22606
22609,22613
22617,22618
22620,22624
22627,22630
22633,22635
22636,22637
22640,22641
22644,22645
22649,22650
22652,22653
22654,22657
22658,22659
22660,22663
22664,22670
22671,22676
22679,22681
22682,22683
22685,22686
22688,22694
22696,22697
22698,22699
22700,22701
22702,22703
22706,22707
22709,22711
22713,22714
22717,22719
22722,22723
22727,22739
22743,22745
22746,22748
22751,22754
22759,22762
22765,22771
22772,22776
22780,22784
22785,22786
22789,22790
22792,22793
22801,22808
22809,22816
22820,22821
22822,22825
22827,22828
22833,22836
22837,22838
22840,22843
22846,22847
22851,22853
22855,22858
22859,22865
22866,22870
22871,22875
22877,22878
22879,22883
22895,22897
22898,22900
22901,22912
22919,22920
22922,22923
22924,22926
22927,22931
22932,22933
22936,22943
22945,22946
22949,22950
22953,22957
22962,22964
22965,22968
22969,22970
22971,22977
22984,22986
22989,22991
22992,22997
22998,23000
23002,23004
23008,23011
23012,23014
23017,23023
23027,23035
23036,23039
23040,23041
23042,23044
23045,23046
23049,23051
23057,23059
23060,23069
23074,23075
23077,23081
23082,23084
23086,23090
23092,23093
23095,23099
23101,23102
23104,23105
23107,23109
23114,23116
23119,23120
23122,23124
23125,23126
23128,23130
23131,23139
23140,23142
23144,23146
23147,23148
23149,23150
23151,23152
23154,23156
23157,23159
23162,23164
23172,23173
23174,23175
23177,23192
23197,23201
23202,23203
23205,23206
23209,23210
23212,23215
23217,23222
23223,23227
23229,23230
23234,23235
23240,23242
23243,23244
23245,23246
23249,23252
23255,23256
23257,23258
23260,23262
23267,23270
23272,23273
23275,23276
23279,23280
23282,23284
23286,23288
23293,23295
23297,23298
23300,23301
23304,23307
23312,23313
23316,23317
23318,23319
23321,23325
23326,23331
23332,23333
23335,23339
23342,23346
23347,23358
23360,23361
23362,23363
23365,23369
23370,23373
23375,23376
23377,23381
23384,23386
23387,23394
23395,23396
23398,23400
23402,23405
23410,23414
23415,23416
23418,23419
23420,23421
23424,23425
23428,23430
23431,23434
23435,23440
23442,23444
23450,23452
23453,23454
23457,23458
23461,23465
23469,23470
23474,23476
23478,23483
23485,23489
23491,23493
23496,23500
23502,23507
23510,23520
23525,23526
23528,23531
23532,23537
23541,23547
23550,23553
23558,23564
23567,23569
23574,23578
23581,23588
23590,23593
23600,23605
23607,23609
23613,23617
23620,23621
23622,23623
23630,23635
23637,23639
23642,23647
23648,23650
23653,23657
23660,23662
23663,23666
23667,23670
23672,23674
23677,23681
23682,23683
23687,23688
23691,23695
23696,23701
23702,23703
23707,23711
23716,23720
23722,23723
23724,23726
23728,23731
23732,23735
23740,23742
23743,23744
23746,23754
23756,23759
23761,23766
23767,23768
23772,23778
23780,23785
23786,23787
23789,23792
23795,23796
23799,23800
23801,23802
23807,23808
23810,23818
23824,23825
23828,23832
23833,23837
23838,23839
23846,23849
23850,23851
23852,23855
23860,23864
23865,23866
23868,23869
23872,23873
23876,23877
23880,23882
23883,23885
23887,23888
23889,23891
23893,23897
23898,23905
23906,23907
23908,23910
23914,23915
23917,23922
23923,23929
23930,23933
23934,23937
23938,23939
23944,23945
23946,23947
23948,23951
23952,23961
23962,23964
23967,23970
23971,23972
23973,23976
23979,23982
23986,23989
23991,23994
23997,24002
24006,24012
24014,24017
24018,24021
24022,24023
24025,24026
24028,24029
24032,24033
24034,24035
24042,24044
24047,24049
24053,24057
24062,24063
24065,24072
24074,24079
24083,24084
24086,24088
24089,24092
24094,24097
24098,24102
24103,24104
24105,24108
24110,24114
24115,24116
24123,24124
24128,24131
24134,24135
24137,24139
24141,24144
24145,24147
24151,24154
24157,24160
24165,24167
24172,24175
24176,24178
24180,24181
24183,24184
24186,24188
24191,24193
24196,24202
24204,24206
24207,24211
24215,24216
24217,24219
24224,24234
24235,24236
24237,24243
24249,24255
24257,24261
24263,24264
24266,24273
24275,24279
24280,24282
24286,24291
24293,24296
24300,24301
24302,24311
24312,24313
24317,24318
24319,24320
24321,24322
24326,24329
24330,24332
24334,24336
24338,24340
24342,24343
24344,24345
24350,24352
24353,24362
24366,24368
24369,24373
24374,24376
24380,24382
24384,24385
24389,24394
24398,24399
24402,24404
24405,24406
24409,24411
24413,24416
24426,24427
24434,24435
24437,24439
24441,24443
24448,24449
24450,24452
24454,24457
24458,24461
24465,24471
24472,24478
24480,24484
24485,24486
24487,24491
24492,24495
24499,24503
24505,24506
24507,24509
24512,24513
24521,24523
24525,24526
24529,24530
24532,24536
24540,24541
24544,24546
24548,24549
24552,24557
24558,24559
24560,24561
24569,24573
24576,24578
24581,24582
24583,24585
24592,24594
24595,24596
24598,24602
24603,24605
24608,24609
24610,24611
24612,24613
24615,24618
24619,24624
24629,24630
24631,24632
24634,24637
24638,24642
24644,24645
24653,24656
24657,24660
24665,24667
24675,24678
24679,24681
24682,24684
24686,24687
24689,24690
24693,24694
24695,24698
24702,24703
24707,24708
24714,24717
24721,24722
24729,24730
24733,24734
24736,24738
24740,24744
24745,24747
24752,24753
24754,24758
24759,24761
24765,24766
24770,24772
24776,24780
24781,24782
24783,24784
24785,24788
24790,24791
24793,24797
24802,24803
24805,24809
24811,24812
24813,24817
24820,24821
24823,24824
24827,24829
24830,24835
24836,24844
24846,24847
24849,24854
24862,24867
24869,24871
24872,24875
24877,24880
24883,24884
24885,24887
24895,24896
24897,24899
24907,24908
24909,24919
24920,24921
24922,24933
24935,24939
24940,24941
24944,24945
24951,24953
24955,24956
24959,24964
24965,24968
24977,24978
24980,24981
24984,24990
24992,24994
24996,24998
25000,25001
25003,25007
25008,25009
25011,25014
25016,25019
25020,25022
25023,25025
25033,25035
25038,25039
25045,25047
25048,25050
25051,25054
25057,25059
25060,25061
25062,25067
25071,25073
25075,25076
25079,25090
25092,25094
25099,25100
25102,25105
25110,25113
25115,25116
25118,25121
25123,25124
25127,25128
25129,25130
25131,25133
25137,25143
25146,25149
25151,25152
25154,25155
25159,25160
25161,25162
25169,25170
25171,25176
25179,25182
25183,25189
25192,25195
25197,25201
25204,25205
25208,25211
25215,25216
25218,25221
25222,25223
25224,25225
25231,25234
25235,25236
25238,25244
25247,25249
25252,25254
25255,25257
25260,25264
25266,25267
25271,25280
25281,25286
25287,25288
25291,25293
25296,25297
25299,25301
25302,25304
25309,25310
25313,25315
25319,25320
25321,25322
25323,25324
25328,25329
25330,25332
25333,25341
25342,25343
25350,25351
25357,25358
25360,25361
25364,25365
25368,25369
25370,25371
25374,25375
25376,25379
25380,25385
25386,25390
25394,25395
25401,25407
25411,25414
25415,25416
25417,25418
25422,25423
25424,25425
25429,25431
25433,25436
25438,25439
25446,25447
25448,25449
25450,25452
25453,25459
25460,25461
25463,25465
25466,25472
25474,25475
25476,25479
25482,25489
25493,25494
25496,25502
25506,25507
25508,25512
25514,25517
25519,25524
25527,25535
25537,25539
25547,25549
25551,25554
25556,25557
25560,25562
25563,25564
25566,25568
25570,25571
25574,25575
25584,25592
25594,25595
25597,25598
25599,25603
25611,25613
25615,25618
25620,25621
25622,25623
25626,25628
25629,25630
25632,25633
25634,25637
25638,25639
25642,25644
25649,25650
25651,25654
25656,25658
25667,25669
25671,25673
25677,25681
25682,25683
25687,25688
25692,25695
25698,25702
25705,25712
25713,25720
25723,25725
25731,25732
25735,25738
25744,25745
25747,25750
25751,25753
25758,25759
25764,25765
25766,25769
25773,25774
25775,25778
25779,25780
25781,25786
25790,25793
25796,25800
25806,25811
25812,25813
25814,25819
25821,25823
25826,25827
25836,25838
25839,25843
25844,25846
25854,25855
25857,25858
25859,25860
25865,25867
25869,25873
25875,25877
25878,25880
25889,25890
25892,25893
25897,25902
25904,25905
25908,25912
25913,25918
25919,25920
25924,25925
25927,25931
25933,25935
25936,25937
25938,25941
25942,25946
25947,25949
25950,25951
25955,25956
25959,25960
25961,25966
25967,25969
25971,25972
25973,25979
25981,25984
25989,25994
25997,25998
26000,26001
26005,26006
26014,26015
26016,26023
26024,26025
26027,26028
26030,26031
26033,26034
26036,26039
26042,26044
26046,26048
26049,26050
26053,26055
26056,26057
26059,26060
26061,26064
26065,26066
26070,26073
26074,26083
26084,26088
26089,26093
26097,26100
26101,26107
26109,26110
26112,26114
26132,26133
26134,26137
26140,26142
26144,26145
26146,26147
26150,26151
26152,26155
26157,26159
26168,26169
26179,26181
26184,26186
26187,26188
26193,26197
26199,26201
26206,26209
26211,26216
26222,26225
26227,26229
26230,26232
26233,26239
26242,26244
26246,26248
26249,26251
26253,26256
26259,26266
26268,26270
26272,26273
26282,26287
26288,26289
26290,26299
26301,26302
26303,26307
26308,26309
26311,26313
26315,26317
26320,26322
26325,26326
26327,26330
26333,26339
26341,26342
26345,26347
26350,26354
26356,26358
26361,26366
26367,26370
26372,26373
26374,26379
26380,26381
26385,26386
26387,26392
26398,26408
26410,26412
26415,26416
26417,26420
26422,26424
26427,26430
26432,26433
26439,26442
26443,26444
26446,26452
26454,26456
26457,26459
26461,26463
26465,26467
26468,26469
26470,26472
26480,26484
26486,26487
26488,26491
26495,26499
26500,26504
26507,26508
26511,26513
26515,26517
26520,26521
26525,26526
26529,26532
26544,26546
26550,26553
26554,26560
26561,26565
26566,26572
26574,26576
26577,26578
26579,26582
26585,26586
26587,26590
26592,26593
26594,26595
26596,26598
26606,26607
26617,26618
26619,26620
26625,26631
26632,26634
26637,26642
26645,26646
26650,26652
26653,26655
26656,26658
26659,26662
26663,26673
26676,26680
26681,26682
26683,26685
26694,26695
26696,26698
26702,26703
26708,26709
26710,26711
26712,26714
26715,26719
26721,26722
26724,26727
26730,26732
26735,26737
26743,26745
26746,26747
26748,26751
26753,26754
26758,26760
26761,26763
26765,26769
26772,26779
26782,26784
26785,26786
26790,26791
26797,26799
26802,26809
26810,26811
26816,26819
26821,26825
26831,26836
26845,26847
26849,26852
26853,26856
26859,26860
26861,26862
26863,26864
26876,26880
26881,26882
26887,26890
26892,26893
26895,26896
26905,26911
26912,26915
26917,26918
26919,26923
26936,26937
26938,26939
26944,26946
26947,26950
26956,26957
26961,26962
26966,26969
26970,26972
26973,26983
26985,26988
26991,26992
26993,26996
27001,27002
27006,27009
27012,27015
27018,27026
27027,27028
27029,27030
27034,27035
27037,27041
27042,27046
27047,27048
27049,27050
27053,27054
27055,27058
27059,27060
27061,27064
27068,27070
27072,27076
27077,27079
27080,27081
27082,27083
27085,27090
27091,27092
27094,27097
27098,27099
27101,27102
27113,27115
27118,27119
27124,27125
27126,27134
27140,27143
27144,27145
27146,27147
27153,27154
27156,27163
27165,27166
27168,27169
27170,27172
27173,27179
27180,27181
27182,27184
27189,27191
27192,27193
27197,27203
27204,27206
27211,27213
27214,27219
27221,27224
27225,27230
27231,27233
27234,27235
27236,27237
27240,27242
27245,27247
27254,27255
27258,27260
27262,27263
27265,27270
27273,27276
27282,27285
27287,27288
27295,27296
27297,27298
27301,27305
27306,27316
27321,27323
27324,27325
27332,27335
27339,27340
27354,27355
27356,27361
27362,27365
27367,27378
27380,27385
27389,27400
27403,27409
27411,27412
27414,27417
27418,27419
27425,27426
27427,27428
27429,27430
27431,27432
27433,27434
27444,27446
27448,27449
27452,27457
4,7
4,11
7,11
23,24
23,25
24,25
47,50
47,63
50,63
66,67
66,68
67,68
71,78
71,84
78,84
93,96
93,98
96,98
113,120
113,124
120,124
126,140
126,141
140,141
142,146
142,148
146,148
150,157
150,165
157,165
169,189
169,203
189,203
206,214
206,227
214,227
229,233
229,236
233,236
245,253
245,258
253,258
259,260
259,261
260,261
263,267
263,272
267,272
274,277
274,281
277,281
291,299
291,301
299,301
303,304
303,314
304,314
318,323
318,324
323,324
327,328
327,330
328,330
334,338
334,343
338,343
346,349
346,354
349,354
364,368
364,378
368,378
379,389
379,391
389,391
393,394
393,399
394,399
402,409
402,423
409,423
426,428
426,431
428,431
432,433
432,436
433,436
438,445
438,446
445,446
448,460
448,462
460,462
466,470
466,472
470,472
479,492
479,497
492,497
498,501
498,502
501,502
503,506
503,520
506,520
521,524
521,533
524,533
538,541
538,543
541,543
546,547
546,548
547,548
551,561
551,563
561,563
567,568
567,574
568,574
604,620
604,621
620,621
625,628
625,631
628,631
637,643
637,647
643,647
651,654
651,662
654,662
663,665
663,674
665,674
679,684
679,687
684,687
689,694
689,697
694,697
705,708
705,721
708,721
729,731
729,734
731,734
735,736
735,738
736,738
741,744
741,758
744,758
765,766
765,767
766,767
772,782
772,783
782,783
786,813
786,818
813,818
823,828
823,831
828,831
832,839
832,841
839,841
848,856
848,876
856,876
877,881
877,883
881,883
895,897
895,898
897,898
899,903
899,911
903,911
915,929
915,940
929,940
949,950
949,954
950,954
958,965
958,975
965,975
976,983
976,984
983,984
990,998
990,1011
998,1011
1017,1019
1017,1020
1019,1020
1021,1026
1021,1033
1026,1033
1034,1045
1034,1052
1045,1052
1061,1073
1061,1074
1073,1074
1079,1081
1079,1083
1081,1083
1103,1132
1103,1138
1132,1138
1139,1140
1139,1147
1140,1147
1150,1153
1150,1155
1153,1155
1158,1165
1158,1169
1165,1169
1174,1175
1174,1179
1175,1179
1181,1183
1181,1186
1183,1186
1190,1191
1190,1193
1191,1193
1195,1203
1195,1214
1203,1214
1220,1227
1220,1233
1227,1233
1234,1238
1234,1244
1238,1244
1249,1251
1249,1261
1251,1261
1262,1267
1262,1269
1267,1269
1270,1274
1270,1281
1274,1281
1302,1304
1302,1305
1304,1305
1307,1310
1307,1311
1310,1311
1317,1320
1317,1325
1320,1325
1326,1328
1326,1335
1328,1335
1340,1346
1340,1347
1346,1347
1351,1359
1351,1372
1359,1372
1376,1381
1376,1384
1381,1384
1385,1386
1385,1390
1386,1390
1392,1393
1392,1399
1393,1399
1406,1407
1406,1410
1407,1410
1416,1417
1416,1430
1417,1430
1432,1437
1432,1439
1437,1439
1448,1452
1448,1457
1452,1457
1463,1466
1463,1474
1466,1474
1476,1487
1476,1491
1487,1491
1511,1512
1511,1517
1512,1517
1519,1528
1519,1533
1528,1533
1543,1546
1543,1548
1546,1548
1551,1554
1551,1556
1554,1556
1566,1570
1566,1573
1570,1573
1574,1577
1574,1580
1577,1580
1583,1584
1583,1587
1584,1587
1593,1594
1593,1595
1594,1595
1600,1601
1600,1608
1601,1608
1614,1617
1614,1627
1617,1627
1631,1637
1631,1644
1637,1644
1652,1660
1652,1672
1660,1672
1673,1684
1673,1692
1684,1692
1696,1697
1696,1699
1697,1699
1700,1707
1700,1709
1707,1709
1715,1718
1715,1723
1718,1723
1727,1737
1727,1738
1737,1738
1752,1757
1752,1760
1757,1760
1772,1804
1772,1812
1804,1812
1814,1821
1814,1823
1821,1823
1834,1836
1834,1841
1836,1841
1843,1845
1843,1850
1845,1850
1852,1859
1852,1861
1859,1861
1864,1869
1864,1875
1869,1875
1887,1888
1887,1905
1888,1905
1907,1908
1907,1909
1908,1909
1913,1925
1913,1928
1925,1928
1931,1934
1931,1942
1934,1942
1955,1961
1955,1964
1961,1964
1965,1977
1965,1979
1977,1979
1981,1985
1981,1987
1985,1987
2004,2009
2004,2012
2009,2012
2027,2037
2027,2039
2037,2039
2045,2049
2045,2051
2049,2051
2057,2069
2057,2070
2069,2070
2073,2075
2073,2077
2075,2077
2082,2109
2082,2110
2109,2110
2111,2113
2111,2119
2113,2119
2124,2125
2124,2130
2125,2130
2137,2145
2137,2148
2145,2148
2150,2158
2150,2159
2158,2159
2164,2168
2164,2170
2168,2170
2181,2188
2181,2198
2188,2198
2199,2204
2199,2210
2204,2210
2211,2212
2211,2218
2212,2218
2219,2223
2219,2225
2223,2225
2232,2247
2232,2248
2247,2248
2266,2268
2266,2271
2268,2271
2272,2274
2272,2278
2274,2278
2281,2284
2281,2291
2284,2291
2299,2308
2299,2319
2308,2319
2328,2332
2328,2338
2332,2338
2356,2366
2356,2367
2366,2367
2373,2377
2373,2379
2377,2379
2390,2391
2390,2393
2391,2393
2395,2399
2395,2400
2399,2400
2401,2410
2401,2412
2410,2412
2417,2427
2417,2430
2427,2430
2433,2442
2433,2446
2442,2446
2447,2453
2447,2457
2453,2457
2458,2465
2458,2466
2465,2466
2467,2468
2467,2472
2468,2472
2474,2478
2474,2480
2478,2480
2484,2486
2484,2491
2486,2491
2492,2498
2492,2500
2498,2500
2504,2505
2504,2510
2505,2510
2515,2520
2515,2522
2520,2522
2528,2529
2528,2530
2529,2530
2536,2545
2536,2546
2545,2546
2549,2552
2549,2554
2552,2554
2556,2557
2556,2558
2557,2558
2560,2563
2560,2565
2563,2565
2573,2579
2573,2590
2579,2590
2596,2598
2596,2603
2598,2603
2609,2622
2609,2623
2622,2623
2629,2632
2629,2635
2632,2635
2639,2642
2639,2643
2642,2643
2653,2656
2653,2659
2656,2659
2671,2673
2671,2683
2673,2683
2686,2689
2686,2693
2689,2693
2695,2702
2695,2706
2702,2706
2712,2713
2712,2714
2713,2714
2727,2728
2727,2736
2728,2736
2737,2747
2737,2756
2747,2756
2760,2768
2760,2773
2768,2773
2775,2784
2775,2788
2784,2788
2789,2795
2789,2798
2795,2798
2801,2803
2801,2804
2803,2804
2805,2808
2805,2809
2808,2809
2810,2818
2810,2820
2818,2820
2821,2827
2821,2831
2827,2831
2839,2840
2839,2844
2840,2844
2848,2862
2848,2863
2862,2863
2865,2866
2865,2874
2866,2874
2879,2886
2879,2889
2886,2889
2894,2895
2894,2897
2895,2897
2898,2899
2898,2916
2899,2916
2932,2934
2932,2946
2934,2946
2948,2952
2948,2955
2952,2955
2961,2967
2961,2971
2967,2971
2973,2974
2973,2983
2974,2983
2984,2987
2984,2997
2987,2997
3003,3004
3003,3005
3004,3005
3006,3012
3006,3013
3012,3013
3014,3019
3014,3022
3019,3022
3023,3025
3023,3033
3025,3033
3036,3039
3036,3048
3039,3048
3051,3055
3051,3058
3055,3058
3062,3065
3062,3067
3065,3067
3069,3082
3069,3083
3082,3083
3088,3091
3088,3098
3091,3098
3100,3112
3100,3119
3112,3119
3127,3129
3127,3130
3129,3130
3133,3139
3133,3163
3139,3163
3165,3166
3165,3173
3166,3173
3180,3188
3180,3203
3188,3203
3209,3210
3209,3214
3210,3214
3227,3232
3227,3235
3232,3235
3241,3257
3241,3267
3257,3267
3278,3282
3278,3289
3282,3289
3295,3296
3295,3299
3296,3299
3310,3319
3310,3320
3319,3320
3326,3327
3326,3331
3327,3331
3333,3342
3333,3344
3342,3344
3347,3349
3347,3358
3349,3358
3361,3363
3361,3364
3363,3364
3365,3375
3365,3379
3375,3379
3383,3390
3383,3394
3390,3394
3395,3402
3395,3405
3402,3405
3419,3420
3419,3422
3420,3422
3423,3424
3423,3426
3424,3426
3429,3437
3429,3438
3437,3438
3440,3455
3440,3460
3455,3460
3469,3471
3469,3472
3471,3472
3477,3485
3477,3492
3485,3492
3509,3510
3509,3524
3510,3524
3525,3526
3525,3529
3526,3529
3533,3534
3533,3542
3534,3542
3558,3560
3558,3562
3560,3562
3571,3574
3571,3579
3574,3579
3593,3601
3593,3603
3601,3603
3617,3635
3617,3638
3635,3638
3640,3641
3640,3660
3641,3660
3661,3662
3661,3668
3662,3668
3670,3681
3670,3685
3681,3685
3698,3703
3698,3704
3703,3704
3709,3710
3709,3717
3710,3717
3724,3741
3724,3754
3741,3754
3771,3772
3771,3781
3772,3781
3784,3786
3784,3800
3786,3800
3814,3816
3814,3817
3816,3817
3821,3822
3821,3831
3822,3831
3832,3836
3832,3841
3836,3841
3850,3853
3850,3860
3853,3860
3862,3869
3862,3879
3869,3879
3885,3896
3885,3899
3896,3899
3901,3905
3901,3915
3905,3915
3918,3919
3918,3928
3919,3928
3935,3944
3935,3949
3944,3949
3959,3970
3959,3972
3970,3972
3973,3979
3973,3986
3979,3986
3989,3991
3989,3993
3991,3993
3997,3999
3997,4000
3999,4000
4003,4005
4003,4013
4005,4013
4021,4025
4021,4031
4025,4031
4032,4042
4032,4069
4042,4069
4071,4076
4071,4081
4076,4081
4104,4105
4104,4113
4105,4113
4114,4120
4114,4122
4120,4122
4123,4127
4123,4129
4127,4129
4130,4132
4130,4141
4132,4141
4146,4147
4146,4152
4147,4152
4158,4165
4158,4168
4165,4168
4169,4179
4169,4181
4179,4181
4182,4187
4182,4190
4187,4190
4193,4195
4193,4201
4195,4201
4208,4209
4208,4210
4209,4210
4217,4221
4217,4227
4221,4227
4233,4234
4233,4242
4234,4242
4249,4253
4249,4259
4253,4259
4260,4261
4260,4268
4261,4268
4272,4274
4272,4283
4274,4283
4302,4311
4302,4321
4311,4321
4323,4325
4323,4332
4325,4332
4334,4343
4334,4347
4343,4347
4362,4369
4362,4370
4369,4370
4378,4380
4378,4391
4380,4391
4403,4405
4403,4411
4405,4411
4414,4422
4414,4423
4422,4423
4424,4435
4424,4438
4435,4438
4440,4443
4440,4444
4443,4444
4450,4456
4450,4457
4456,4457
4458,4461
4458,4470
4461,4470
4472,4475
4472,4479
4475,4479
4489,4500
4489,4502
4500,4502
4504,4537
4504,4545
4537,4545
4547,4548
4547,4552
4548,4552
4554,4570
4554,4571
4570,4571
4572,4581
4572,4582
4581,4582
4586,4601
4586,4606
4601,4606
4609,4611
4609,4616
4611,4616
4628,4634
4628,4635
4634,4635
4641,4644
4641,4656
4644,4656
4659,4668
4659,4670
4668,4670
4684,4693
4684,4695
4693,4695
4699,4712
4699,4719
4712,4719
4734,4738
4734,4744
4738,4744
4748,4750
4748,4751
4750,4751
4758,4760
4758,4766
4760,4766
4773,4784
4773,4785
4784,4785
4791,4794
4791,4797
4794,4797
4802,4807
4802,4810
4807,4810
4811,4814
4811,4820
4814,4820
4831,4840
4831,4843
4840,4843
4848,4852
4848,4853
4852,4853
4855,4863
4855,4872
4863,4872
4888,4897
4888,4900
4897,4900
4908,4916
4908,4918
4916,4918
4924,4929
4924,4937
4929,4937
4953,4957
4953,4963
4957,4963
4965,4969
4965,4979
4969,4979
4984,4988
4984,4997
4988,4997
4998,5003
4998,5012
5003,5012
5023,5028
5023,5040
5028,5040
5044,5047
5044,5050
5047,5050
5051,5053
5051,5058
5053,5058
5060,5062
5060,5064
5062,5064
5067,5074
5067,5080
5074,5080
5081,5086
5081,5088
5086,5088
5093,5101
5093,5107
5101,5107
5118,5130
5118,5139
5130,5139
5142,5145
5142,5159
5145,5159
5161,5165
5161,5174
5165,5174
5177,5186
5177,5188
5186,5188
5197,5198
5197,5202
5198,5202
5208,5209
5208,5211
5209,5211
5212,5216
5212,5220
5216,5220
5221,5227
5221,5234
5227,5234
5241,5243
5241,5249
5243,5249
5250,5253
5250,5261
5253,5261
5262,5272
5262,5279
5272,5279
5280,5281
5280,5282
5281,5282
5285,5296
5285,5299
5296,5299
5312,5315
5312,5326
5315,5326
5328,5332
5328,5336
5332,5336
5345,5346
5345,5350
5346,5350
5352,5353
5352,5355
5353,5355
5360,5366
5360,5368
5366,5368
5374,5392
5374,5395
5392,5395
5397,5399
5397,5403
5399,5403
5404,5413
5404,5416
5413,5416
5418,5422
5418,5427
5422,5427
5431,5437
5431,5448
5437,5448
5455,5458
5455,5460
5458,5460
5465,5469
5465,5483
5469,5483
5489,5493
5489,5495
5493,5495
5498,5503
5498,5506
5503,5506
5511,5512
5511,5513
5512,5513
5514,5519
5514,5520
5519,5520
5521,5527
5521,5535
5527,5535
5540,5546
5540,5547
5546,5547
5556,5558
5556,5562
5558,5562
5567,5570
5567,5573
5570,5573
5585,5597
5585,5598
5597,5598
5602,5613
5602,5616
5613,5616
5618,5627
5618,5628
5627,5628
5634,5645
5634,5646
5645,5646
5650,5657
5650,5659
5657,5659
5660,5661
5660,5664
5661,5664
5669,5676
5669,5683
5676,5683
5685,5686
5685,5693
5686,5693
5694,5695
5694,5700
5695,5700
5702,5726
5702,5731
5726,5731
5735,5736
5735,5761
5736,5761
5762,5770
5762,5772
5770,5772
5774,5777
5774,5778
5777,5778
5779,5780
5779,5781
5780,5781
5791,5795
5791,5797
5795,5797
5800,5810
5800,5815
5810,5815
5825,5833
5825,5840
5833,5840
5842,5847
5842,5870
5847,5870
5877,5880
5877,5892
5880,5892
5895,5898
5895,5901
5898,5901
5908,5910
5908,5911
5910,5911
5912,5917
5912,5923
5917,5923
5924,5936
5924,5939
5936,5939
5943,5944
5943,5945
5944,5945
5954,5956
5954,5962
5956,5962
5980,5982
5980,5984
5982,5984
5997,6004
5997,6016
6004,6016
6018,6019
6018,6027
6019,6027
6039,6043
6039,6066
6043,6066
6070,6074
6070,6081
6074,6081
6082,6083
6082,6091
6083,6091
6093,6097
6093,6102
6097,6102
6105,6114
6105,6123
6114,6123
6125,6126
6125,6131
6126,6131
6135,6139
6135,6154
6139,6154
6158,6159
6158,6164
6159,6164
6165,6166
6165,6176
6166,6176
6180,6183
6180,6187
6183,6187
6188,6190
6188,6198
6190,6198
6199,6202
6199,6210
6202,6210
6214,6226
6214,6241
6226,6241
6242,6250
6242,6256
6250,6256
6259,6260
6259,6264
6260,6264
6265,6266
6265,6273
6266,6273
6275,6276
6275,6286
6276,6286
6290,6297
6290,6302
6297,6302
6308,6312
6308,6330
6312,6330
6347,6350
6347,6358
6350,6358
6365,6368
6365,6372
6368,6372
6375,6377
6375,6381
6377,6381
6382,6392
6382,6394
6392,6394
6396,6397
6396,6398
6397,6398
6401,6408
6401,6420
6408,6420
6422,6424
6422,6431
6424,6431
6441,6445
6441,6446
6445,6446
6453,6461
6453,6463
6461,6463
6464,6474
6464,6475
6474,6475
6476,6477
6476,6488
6477,6488
6489,6495
6489,6502
6495,6502
6515,6520
6515,6524
6520,6524
6537,6539
6537,6541
6539,6541
6544,6545
6544,6546
6545,6546
6554,6566
6554,6574
6566,6574
6586,6590
6586,6591
6590,6591
6596,6623
6596,6626
6623,6626
6628,6637
6628,6639
6637,6639
6645,6649
6645,6650
6649,6650
6653,6655
6653,6657
6655,6657
6658,6662
6658,6663
6662,6663
6666,6669
6666,6670
6669,6670
6672,6676
6672,6680
6676,6680
6684,6692
6684,6699
6692,6699
6707,6712
6707,6715
6712,6715
6718,6720
6718,6727
6720,6727
6730,6731
6730,6732
6731,6732
6733,6736
6733,6748
6736,6748
6752,6754
6752,6763
6754,6763
6767,6768
6767,6773
6768,6773
6778,6791
6778,6809
6791,6809
6818,6819
6818,6821
6819,6821
6834,6836
6834,6837
6836,6837
6842,6862
6842,6868
6862,6868
6876,6880
6876,6888
6880,6888
6889,6893
6889,6898
6893,6898
6903,6911
6903,6914
6911,6914
6919,6922
6919,6927
6922,6927
6934,6938
6934,6942
6938,6942
6943,6944
6943,6945
6944,6945
6959,6962
6959,6965
6962,6965
6973,6977
6973,6981
6977,6981
6983,6984
6983,6987
6984,6987
6992,6999
6992,7007
6999,7007
7011,7024
7011,7027
7024,7027
7033,7039
7033,7049
7039,7049
7053,7058
7053,7059
7058,7059
7065,7069
7065,7070
7069,7070
7072,7074
7072,7075
7074,7075
7087,7088
7087,7093
7088,7093
7096,7101
7096,7103
7101,7103
7109,7111
7109,7126
7111,7126
7135,7138
7135,7145
7138,7145
7147,7151
7147,7152
7151,7152
7153,7154
7153,7156
7154,7156
7166,7170
7166,7182
7170,7182
7192,7195
7192,7202
7195,7202
7205,7218
7205,7224
7218,7224
7231,7241
7231,7244
7241,7244
7249,7265
7249,7272
7265,7272
7274,7279
7274,7280
7279,7280
7281,7283
7281,7289
7283,7289
7294,7297
7294,7302
7297,7302
7303,7322
7303,7337
7322,7337
7341,7342
7341,7361
7342,7361
7363,7367
7363,7369
7367,7369
7373,7377
7373,7385
7377,7385
7388,7391
7388,7401
7391,7401
7402,7403
7402,7408
7403,7408
7410,7415
7410,7418
7415,7418
7426,7433
7426,7434
7433,7434
7435,7441
7435,7442
7441,7442
7443,7463
7443,7464
7463,7464
7466,7473
7466,7488
7473,7488
7496,7507
7496,7519
7507,7519
7520,7528
7520,7529
7528,7529
7531,7533
7531,7542
7533,7542
7547,7548
7547,7549
7548,7549
7551,7559
7551,7561
7559,7561
7565,7569
7565,7571
7569,7571
7574,7576
7574,7578
7576,7578
7584,7585
7584,7588
7585,7588
7589,7598
7589,7599
7598,7599
7602,7613
7602,7614
7613,7614
7628,7647
7628,7651
7647,7651
7656,7659
7656,7660
7659,7660
7661,7670
7661,7675
7670,7675
7676,7694
7676,7695
7694,7695
7699,7700
7699,7702
7700,7702
7703,7704
7703,7712
7704,7712
7716,7745
7716,7746
7745,7746
7749,7758
7749,7771
7758,7771
7774,7775
7774,7776
7775,7776
7783,7785
7783,7787
7785,7787
7789,7790
7789,7800
7790,7800
7805,7813
7805,7816
7813,7816
7820,7826
7820,7828
7826,7828
7830,7832
7830,7835
7832,7835
7836,7846
7836,7847
7846,7847
7849,7850
7849,7872
7850,7872
7873,7876
7873,7888
7876,7888
7893,7903
7893,7913
7903,7913
7914,7922
7914,7927
7922,7927
7931,7938
7931,7942
7938,7942
7951,7957
7951,7958
7957,7958
7964,7972
7964,7973
7972,7973
7974,7977
7974,7980
7977,7980
7990,8014
7990,8016
8014,8016
8019,8023
8019,8029
8023,8029
8030,8035
8030,8045
8035,8045
8046,8048
8046,8050
8048,8050
8054,8055
8054,8059
8055,8059
8063,8074
8063,8079
8074,8079
8087,8091
8087,8093
8091,8093
8095,8099
8095,8109
8099,8109
8112,8127
8112,8137
8127,8137
8140,8144
8140,8145
8144,8145
8149,8151
8149,8161
8151,8161
8163,8170
8163,8178
8170,8178
8181,8191
8181,8195
8191,8195
8197,8198
8197,8204
8198,8204
8206,8210
8206,8211
8210,8211
8215,8223
8215,8226
8223,8226
8238,8245
8238,8247
8245,8247
8249,8257
8249,8270
8257,8270
8282,8289
8282,8290
8289,8290
8291,8301
8291,8302
8301,8302
8303,8310
8303,8312
8310,8312
8313,8316
8313,8317
8316,8317
8318,8320
8318,8322
8320,8322
8324,8327
8324,8330
8327,8330
8342,8345
8342,8361
8345,8361
8362,8366
8362,8379
8366,8379
8380,8382
8380,8397
8382,8397
8406,8412
8406,8418
8412,8418
8420,8423
8420,8428
8423,8428
8432,8439
8432,8456
8439,8456
8461,8469
8461,8476
8469,8476
8481,8489
8481,8503
8489,8503
8504,8505
8504,8506
8505,8506
8507,8509
8507,8515
8509,8515
8518,8522
8518,8524
8522,8524
8529,8537
8529,8541
8537,8541
8549,8556
8549,8559
8556,8559
8568,8572
8568,8578
8572,8578
8579,8588
8579,8590
8588,8590
8593,8606
8593,8621
8606,8621
8624,8628
8624,8630
8628,8630
8631,8642
8631,8656
8642,8656
8660,8661
8660,8663
8661,8663
8674,8675
8674,8676
8675,8676
8686,8694
8686,8700
8694,8700
8704,8709
8704,8715
8709,8715
8723,8726
8723,8729
8726,8729
8732,8735
8732,8736
8735,8736
8741,8761
8741,8765
8761,8765
8773,8775
8773,8776
8775,8776
8783,8785
8783,8787
8785,8787
8790,8795
8790,8796
8795,8796
8797,8802
8797,8809
8802,8809
8811,8815
8811,8820
8815,8820
8821,8823
8821,8830
8823,8830
8836,8845
8836,8850
8845,8850
8865,8869
8865,8871
8869,8871
8877,8896
8877,8898
8896,8898
8900,8903
8900,8907
8903,8907
8910,8913
8910,8915
8913,8915
8916,8919
8916,8922
8919,8922
8924,8926
8924,8928
8926,8928
8931,8938
8931,8939
8938,8939
8945,8952
8945,8957
8952,8957
8959,8962
8959,8969
8962,8969
8972,8976
8972,8977
8976,8977
8984,8991
8984,8993
8991,8993
8994,8997
8994,8999
8997,8999
9000,9009
9000,9013
9009,9013
9045,9046
9045,9049
9046,9049
9057,9059
9057,9062
9059,9062
9063,9071
9063,9073
9071,9073
9074,9079
9074,9082
9079,9082
9092,9096
9092,9101
9096,9101
9103,9111
9103,9116
9111,9116
9117,9122
9117,9125
9122,9125
9127,9132
9127,9139
9132,9139
9142,9143
9142,9145
9143,9145
9150,9153
9150,9155
9153,9155
9161,9167
9161,9170
9167,9170
9172,9173
9172,9175
9173,9175
9176,9179
9176,9180
9179,9180
9189,9190
9189,9191
9190,9191
9200,9203
9200,9206
9203,9206
9210,9211
9210,9212
9211,9212
9214,9226
9214,9245
9226,9245
9246,9247
9246,9253
9247,9253
9255,9257
9255,9258
9257,9258
9264,9279
9264,9282
9279,9282
9288,9299
9288,9306
9299,9306
9309,9316
9309,9321
9316,9321
9322,9328
9322,9331
9328,9331
9344,9349
9344,9353
9349,9353
9357,9358
9357,9360
9358,9360
9374,9375
9374,9376
9375,9376
9377,9378
9377,9392
9378,9392
9394,9401
9394,9407
9401,9407
9408,9421
9408,9424
9421,9424
9427,9430
9427,9434
9430,9434
9435,9436
9435,9441
9436,9441
9450,9451
9450,9452
9451,9452
9454,9459
9454,9462
9459,9462
9464,9466
9464,9472
9466,9472
9476,9482
9476,9484
9482,9484
9486,9487
9486,9490
9487,9490
9508,9510
9508,9511
9510,9511
9515,9518
9515,9520
9518,9520
9531,9539
9531,9546
9539,9546
9547,9549
9547,9557
9549,9557
9560,9561
9560,9573
9561,9573
9574,9590
9574,9595
9590,9595
9609,9615
9609,9617
9615,9617
9620,9624
9620,9629
9624,9629
9641,9646
9641,9648
9646,9648
9651,9653
9651,9658
9653,9658
9659,9662
9659,9671
9662,9671
9683,9687
9683,9688
9687,9688
9690,9693
9690,9700
9693,9700
9707,9709
9707,9711
9709,9711
9716,9722
9716,9730
9722,9730
9736,9740
9736,9743
9740,9743
9745,9750
9745,9752
9750,9752
9764,9769
9764,9780
9769,9780
9784,9792
9784,9799
9792,9799
9801,9806
9801,9807
9806,9807
9809,9812
9809,9828
9812,9828
9832,9836
9832,9840
9836,9840
9843,9844
9843,9850
9844,9850
9866,9868
9866,9871
9868,9871
9882,9884
9882,9897
9884,9897
9898,9905
9898,9907
9905,9907
9917,9926
9917,9928
9926,9928
9933,9945
9933,9946
9945,9946
9965,9970
9965,9976
9970,9976
9984,9988
9984,9991
9988,9991
9999,10011
9999,10012
10011,10012
10013,10017
10013,10018
10017,10018
10027,10030
10027,10034
10030,10034
10035,10040
10035,10044
10040,10044
10047,10049
10047,10054
10049,10054
10055,10056
10055,10061
10056,10061
10062,10064
10062,10069
10064,10069
10081,10092
10081,10096
10092,10096
10100,10103
10100,10107
10103,10107
10117,10119
10117,10126
10119,10126
10128,10131
10128,10132
10131,10132
10147,10149
10147,10150
10149,10150
10151,10152
10151,10157
10152,10157
10165,10179
10165,10180
10179,10180
10186,10187
10186,10188
10187,10188
10191,10197
10191,10202
10197,10202
10208,10211
10208,10212
10211,10212
10214,10215
10214,10222
10215,10222
10223,10249
10223,10260
10249,10260
10270,10280
10270,10283
10280,10283
10293,10294
10293,10298
10294,10298
10301,10308
10301,10314
10308,10314
10316,10320
10316,10325
10320,10325
10335,10338
10335,10342
10338,10342
10343,10348
10343,10351
10348,10351
10359,10362
10359,10365
10362,10365
10366,10368
10366,10371
10368,10371
10372,10386
10372,10389
10386,10389
10402,10421
10402,10423
10421,10423
10424,10434
10424,10435
10434,10435
10437,10439
10437,10442
10439,10442
10444,10447
10444,10449
10447,10449
10452,10460
10452,10463
10460,10463
10465,10466
10465,10469
10466,10469
10470,10474
10470,10475
10474,10475
10478,10483
10478,10487
10483,10487
10491,10496
10491,10497
10496,10497
10500,10509
10500,10512
10509,10512
10521,10523
10521,10525
10523,10525
10541,10545
10541,10550
10545,10550
10553,10555
10553,10563
10555,10563
10568,10571
10568,10584
10571,10584
10590,10613
10590,10616
10613,10616
10619,10624
10619,10625
10624,10625
10626,10629
10626,10630
10629,10630
10634,10635
10634,10639
10635,10639
10649,10654
10649,10658
10654,10658
10665,10675
10665,10678
10675,10678
10681,10683
10681,10684
10683,10684
10686,10688
10686,10694
10688,10694
10703,10717
10703,10728
10717,10728
10732,10736
10732,10738
10736,10738
10745,10751
10745,10752
10751,10752
10767,10778
10767,10784
10778,10784
10796,10797
10796,10809
10797,10809
10812,10826
10812,10827
10826,10827
10834,10841
10834,10842
10841,10842
10844,10846
10844,10856
10846,10856
10859,10874
10859,10879
10874,10879
10882,10885
10882,10899
10885,10899
10901,10911
10901,10914
10911,10914
10915,10920
10915,10923
10920,10923
10930,10932
10930,10941
10932,10941
10960,10961
10960,10963
10961,10963
10977,10991
10977,10994
10991,10994
11000,11005
11000,11017
11005,11017
11023,11034
11023,11038
11034,11038
11039,11046
11039,11049
11046,11049
11050,11052
11050,11054
11052,11054
11055,11057
11055,11061
11057,11061
11078,11080
11078,11081
11080,11081
11083,11084
11083,11085
11084,11085
11089,11091
11089,11093
11091,11093
11102,11129
11102,11130
11129,11130
11136,11139
11136,11148
11139,11148
11152,11156
11152,11157
11156,11157
11160,11165
11160,11169
11165,11169
11172,11181
11172,11183
11181,11183
11185,11186
11185,11191
11186,11191
11200,11201
11200,11203
11201,11203
11209,11216
11209,11222
11216,11222
11226,11237
11226,11255
11237,11255
11256,11259
11256,11267
11259,11267
11270,11273
11270,11274
11273,11274
11278,11280
11278,11291
11280,11291
11299,11304
11299,11308
11304,11308
11311,11318
11311,11321
11318,11321
11344,11351
11344,11352
11351,11352
11355,11365
11355,11369
11365,11369
11377,11381
11377,11389
11381,11389
11398,11402
11398,11404
11402,11404
11408,11415
11408,11417
11415,11417
11420,11425
11420,11428
11425,11428
11432,11438
11432,11441
11438,11441
11446,11449
11446,11453
11449,11453
11456,11457
11456,11458
11457,11458
11474,11477
11474,11489
11477,11489
11492,11498
11492,11499
11498,11499
11502,11511
11502,11516
11511,11516
11530,11550
11530,11553
11550,11553
11560,11561
11560,11562
11561,11562
11566,11571
11566,11573
11571,11573
11580,11582
11580,11592
11582,11592
11601,11602
11601,11607
11602,11607
11608,11613
11608,11624
11613,11624
11629,11639
11629,11647
11639,11647
11649,11652
11649,11659
11652,11659
11673,11676
11673,11684
11676,11684
11689,11691
11689,11696
11691,11696
11701,11717
11701,11718
11717,11718
11719,11724
11719,11725
11724,11725
11728,11731
11728,11741
11731,11741
11742,11762
11742,11771
11762,11771
11776,11780
11776,11815
11780,11815
11816,11821
11816,11823
11821,11823
11824,11827
11824,11830
11827,11830
11832,11850
11832,11852
11850,11852
11858,11862
11858,11871
11862,11871
11872,11875
11872,11886
11875,11886
11888,11896
11888,11902
11896,11902
11908,11911
11908,11913
11911,11913
11927,11934
11927,11939
11934,11939
11945,11946
11945,11947
11946,11947
11950,11951
11950,11966
11951,11966
11972,11979
11972,11980
11979,11980
11986,11987
11986,11991
11987,11991
12002,12013
12002,12022
12013,12022
12024,12052
12024,12057
12052,12057
12073,12085
12073,12094
12085,12094
12097,12110
12097,12113
12110,12113
12132,12133
12132,12137
12133,12137
12141,12147
12141,12157
12147,12157
12164,12167
12164,12170
12167,12170
12184,12186
12184,12200
12186,12200
12202,12203
12202,12205
12203,12205
12213,12215
12213,12226
12215,12226
12230,12232
12230,12233
12232,12233
12243,12277
12243,12304
12277,12304
12307,12311
12307,12313
12311,12313
12314,12315
12314,12324
12315,12324
12333,12335
12333,12350
12335,12350
12358,12359
12358,12367
12359,12367
12371,12380
12371,12382
12380,12382
12388,12396
12388,12399
12396,12399
12404,12412
12404,12423
12412,12423
12426,12427
12426,12429
12427,12429
12434,12450
12434,12462
12450,12462
12464,12472
12464,12483
12472,12483
12484,12491
12484,12493
12491,12493
12503,12506
12503,12507
12506,12507
12519,12524
12519,12525
12524,12525
12539,12540
12539,12556
12540,12556
12558,12562
12558,12570
12562,12570
12572,12579
12572,12580
12579,12580
12588,12591
12588,12593
12591,12593
12603,12613
12603,12617
12613,12617
12621,12626
12621,12631
12626,12631
12635,12667
12635,12673
12667,12673
12679,12680
12679,12691
12680,12691
12698,12700
12698,12705
12700,12705
12709,12713
12709,12721
12713,12721
12722,12723
12722,12725
12723,12725
12726,12738
12726,12740
12738,12740
12743,12747
12743,12749
12747,12749
12755,12756
12755,12757
12756,12757
12763,12765
12763,12768
12765,12768
12771,12784
12771,12789
12784,12789
12790,12802
12790,12803
12802,12803
12804,12807
12804,12808
12807,12808
12812,12828
12812,12833
12828,12833
12837,12845
12837,12851
12845,12851
12853,12854
12853,12859
12854,12859
12864,12880
12864,12882
12880,12882
12898,12899
12898,12903
12899,12903
12906,12911
12906,12915
12911,12915
12919,12923
12919,12928
12923,12928
12933,12937
12933,12943
12937,12943
12945,12947
12945,12948
12947,12948
12950,12953
12950,12954
12953,12954
12958,12960
12958,12962
12960,12962
12974,12975
12974,12978
12975,12978
12988,12992
12988,12994
12992,12994
12995,13004
12995,13019
13004,13019
13020,13021
13020,13022
13021,13022
13027,13032
13027,13035
13032,13035
13040,13041
13040,13047
13041,13047
13055,13064
13055,13068
13064,13068
13079,13088
13079,13094
13088,13094
13096,13112
13096,13114
13112,13114
13115,13121
13115,13122
13121,13122
13135,13156
13135,13157
13156,13157
13167,13168
13167,13170
13168,13170
13172,13174
13172,13191
13174,13191
13193,13196
13193,13197
13196,13197
13201,13202
13201,13216
13202,13216
13218,13220
13218,13221
13220,13221
13235,13237
13235,13238
13237,13238
13239,13244
13239,13245
13244,13245
13251,13261
13251,13269
13261,13269
13279,13286
13279,13290
13286,13290
13299,13301
13299,13303
13301,13303
13312,13313
13312,13326
13313,13326
13330,13336
13330,13340
13336,13340
13350,13354
13350,13355
13354,13355
13357,13364
13357,13371
13364,13371
13373,13378
13373,13383
13378,13383
13387,13388
13387,13394
13388,13394
13397,13402
13397,13410
13402,13410
13414,13415
13414,13421
13415,13421
13422,13424
13422,13425
13424,13425
13443,13444
13443,13447
13444,13447
13458,13459
13458,13460
13459,13460
13462,13469
13462,13470
13469,13470
13474,13492
13474,13493
13492,13493
13498,13499
13498,13505
13499,13505
13506,13517
13506,13518
13517,13518
13530,13539
13530,13545
13539,13545
13557,13559
13557,13561
13559,13561
13564,13568
13564,13571
13568,13571
13594,13606
13594,13614
13606,13614
13623,13632
13623,13638
13632,13638
13646,13647
13646,13648
13647,13648
13649,13665
13649,13667
13665,13667
13668,13671
13668,13691
13671,13691
13694,13698
13694,13700
13698,13700
13703,13709
13703,13711
13709,13711
13713,13718
13713,13719
13718,13719
13725,13731
13725,13741
13731,13741
13745,13746
13745,13748
13746,13748
13750,13752
13750,13757
13752,13757
13758,13759
13758,13769
13759,13769
13776,13778
13776,13790
13778,13790
13792,13797
13792,13798
13797,13798
13801,13808
13801,13816
13808,13816
13819,13829
13819,13831
13829,13831
13832,13834
13832,13837
13834,13837
13841,13852
13841,13870
13852,13870
13875,13876
13875,13881
13876,13881
13889,13893
13889,13903
13893,13903
13906,13910
13906,13911
13910,13911
13913,13924
13913,13925
13924,13925
13929,13939
13929,13942
13939,13942
13949,13952
13949,13962
13952,13962
13966,13968
13966,13979
13968,13979
13988,13989
13988,13992
13989,13992
14001,14011
14001,14014
14011,14014
14017,14020
14017,14023
14020,14023
14030,14034
14030,14040
14034,14040
14043,14044
14043,14051
14044,14051
14064,14067
14064,14078
14067,14078
14081,14084
14081,14095
14084,14095
14101,14102
14101,14103
14102,14103
14108,14110
14108,14116
14110,14116
14136,14145
14136,14147
14145,14147
14149,14153
14149,14160
14153,14160
14161,14163
14161,14164
14163,14164
14166,14174
14166,14180
14174,14180
14184,14187
14184,14190
14187,14190
14196,14199
14196,14204
14199,14204
14210,14211
14210,14220
14211,14220
14238,14240
14238,14245
14240,14245
14251,14252
14251,14258
14252,14258
14267,14268
14267,14269
14268,14269
14277,14289
14277,14293
14289,14293
14296,14303
14296,14306
14303,14306
14307,14308
14307,14311
14308,14311
14313,14326
14313,14331
14326,14331
14337,14350
14337,14353
14350,14353
14357,14358
14357,14361
14358,14361
14363,14375
14363,14377
14375,14377
14378,14399
14378,14403
14399,14403
14406,14409
14406,14419
14409,14419
14423,14428
14423,14429
14428,14429
14442,14449
14442,14455
14449,14455
14459,14465
14459,14468
14465,14468
14471,14472
14471,14473
14472,14473
14480,14485
14480,14498
14485,14498
14502,14506
14502,14512
14506,14512
14513,14522
14513,14526
14522,14526
14528,14536
14528,14539
14536,14539
14540,14542
14540,14543
14542,14543
14548,14559
14548,14564
14559,14564
14565,14569
14565,14578
14569,14578
14589,14592
14589,14598
14592,14598
14602,14612
14602,14617
14612,14617
14618,14628
14618,14629
14628,14629
14637,14644
14637,14651
14644,14651
14654,14655
14654,14657
14655,14657
14658,14664
14658,14666
14664,14666
14667,14671
14667,14672
14671,14672
14676,14680
14676,14688
14680,14688
14694,14696
14694,14700
14696,14700
14703,14705
14703,14708
14705,14708
14710,14728
14710,14729
14728,14729
14734,14735
14734,14737
14735,14737
14749,14753
14749,14755
14753,14755
14758,14761
14758,14762
14761,14762
14768,14771
14768,14773
14771,14773
14778,14780
14778,14785
14780,14785
14786,14792
14786,14793
14792,14793
14796,14803
14796,14804
14803,14804
14805,14806
14805,14822
14806,14822
14825,14827
14825,14828
14827,14828
14835,14844
14835,14854
14844,14854
14855,14860
14855,14864
14860,14864
14865,14867
14865,14870
14867,14870
14873,14875
14873,14880
14875,14880
14886,14892
14886,14893
14892,14893
14897,14902
14897,14907
14902,14907
14909,14912
14909,14914
14912,14914
14915,14922
14915,14924
14922,14924
14926,14928
14926,14937
14928,14937
14938,14940
14938,14948
14940,14948
14954,14963
14954,14970
14963,14970
14978,14980
14978,14981
14980,14981
14991,14997
14991,14998
14997,14998
15012,15026
15012,15037
15026,15037
15039,15041
15039,15049
15041,15049
15054,15079
15054,15090
15079,15090
15093,15096
15093,15097
15096,15097
15100,15103
15100,15108
15103,15108
15110,15112
15110,15115
15112,15115
15116,15121
15116,15122
15121,15122
15130,15132
15130,15133
15132,15133
15135,15146
15135,15147
15146,15147
15150,15153
15150,15163
15153,15163
15176,15178
15176,15181
15178,15181
15182,15193
15182,15195
15193,15195
15204,15206
15204,15218
15206,15218
15236,15238
15236,15239
15238,15239
15249,15250
15249,15251
15250,15251
15256,15261
15256,15263
15261,15263
15264,15266
15264,15271
15266,15271
15276,15277
15276,15281
15277,15281
15283,15284
15283,15285
15284,15285
15287,15318
15287,15321
15318,15321
15323,15324
15323,15325
15324,15325
15332,15333
15332,15337
15333,15337
15347,15353
15347,15354
15353,15354
15363,15366
15363,15367
15366,15367
15377,15384
15377,15385
15384,15385
15392,15406
15392,15408
15406,15408
15412,15414
15412,15415
15414,15415
15417,15436
15417,15447
15436,15447
15448,15452
15448,15456
15452,15456
15458,15466
15458,15481
15466,15481
15488,15489
15488,15503
15489,15503
15506,15509
15506,15513
15509,15513
15518,15519
15518,15523
15519,15523
15532,15533
15532,15545
15533,15545
15548,15558
15548,15565
15558,15565
15589,15590
15589,15591
15590,15591
15594,15601
15594,15603
15601,15603
15606,15607
15606,15608
15607,15608
15620,15625
15620,15628
15625,15628
15634,15641
15634,15645
15641,15645
15646,15653
15646,15660
15653,15660
15664,15669
15664,15671
15669,15671
15672,15673
15672,15675
15673,15675
15682,15683
15682,15684
15683,15684
15692,15694
15692,15698
15694,15698
15703,15704
15703,15705
15704,15705
15712,15714
15712,15716
15714,15716
15717,15721
15717,15730
15721,15730
15731,15738
15731,15741
15738,15741
15746,15754
15746,15758
15754,15758
15763,15764
15763,15770
15764,15770
15772,15775
15772,15777
15775,15777
15780,15781
15780,15794
15781,15794
15796,15803
15796,15807
15803,15807
15809,15816
15809,15822
15816,15822
15823,15848
15823,15851
15848,15851
15861,15865
15861,15868
15865,15868
15886,15887
15886,15888
15887,15888
15900,15904
15900,15912
15904,15912
15915,15918
15915,15921
15918,15921
15926,15927
15926,15939
15927,15939
15952,15953
15952,15969
15953,15969
15970,15972
15970,15976
15972,15976
15977,15978
15977,15992
15978,15992
15995,15997
15995,16003
15997,16003
16006,16010
16006,16016
16010,16016
16017,16022
16017,16026
16022,16026
16029,16031
16029,16033
16031,16033
16034,16035
16034,16045
16035,16045
16046,16048
16046,16054
16048,16054
16055,16058
16055,16061
16058,16061
16063,16080
16063,16084
16080,16084
16091,16095
16091,16116
16095,16116
16118,16121
16118,16124
16121,16124
16149,16153
16149,16155
16153,16155
16163,16166
16163,16170
16166,16170
16172,16177
16172,16184
16177,16184
16185,16189
16185,16190
16189,16190
16200,16206
16200,16207
16206,16207
16214,16221
16214,16227
16221,16227
16231,16233
16231,16243
16233,16243
16245,16252
16245,16261
16252,16261
16268,16276
16268,16279
16276,16279
16287,16298
16287,16300
16298,16300
16307,16321
16307,16323
16321,16323
16324,16325
16324,16326
16325,16326
16329,16331
16329,16340
16331,16340
16342,16350
16342,16353
16350,16353
16355,16358
16355,16361
16358,16361
16362,16367
16362,16380
16367,16380
16381,16387
16381,16396
16387,16396
16401,16402
16401,16408
16402,16408
16417,16420
16417,16429
16420,16429
16431,16440
16431,16441
16440,16441
16442,16445
16442,16446
16445,16446
16447,16448
16447,16462
16448,16462
16480,16484
16480,16485
16484,16485
16495,16498
16495,16504
16498,16504
16514,16519
16514,16521
16519,16521
16526,16532
16526,16535
16532,16535
16537,16539
16537,16540
16539,16540
16541,16545
16541,16552
16545,16552
16553,16555
16553,16559
16555,16559
16561,16573
16561,16582
16573,16582
16587,16592
16587,16597
16592,16597
16607,16612
16607,16619
16612,16619
16620,16621
16620,16624
16621,16624
16633,16635
16633,16637
16635,16637
16639,16640
16639,16641
16640,16641
16646,16647
16646,16660
16647,16660
16666,16668
16666,16670
16668,16670
16675,16676
16675,16681
16676,16681
16683,16687
16683,16697
16687,16697
16698,16703
16698,16719
16703,16719
16720,16723
16720,16728
16723,16728
16734,16735
16734,16736
16735,16736
16742,16743
16742,16745
16743,16745
16749,16753
16749,16760
16753,16760
16761,16782
16761,16786
16782,16786
16787,16788
16787,16789
16788,16789
16790,16795
16790,16796
16795,16796
16797,16803
16797,16805
16803,16805
16812,16813
16812,16815
16813,16815
16816,16826
16816,16834
16826,16834
16838,16843
16838,16846
16843,16846
16848,16873
16848,16879
16873,16879
16886,16890
16886,16894
16890,16894
16896,16899
16896,16900
16899,16900
16902,16914
16902,16916
16914,16916
16917,16921
16917,16926
16921,16926
16928,16938
16928,16943
16938,16943
16949,16959
16949,16962
16959,16962
16967,16970
16967,16971
16970,16971
16972,16973
16972,16976
16973,16976
16986,16993
16986,16997
16993,16997
17002,17003
17002,17005
17003,17005
17006,17008
17006,17011
17008,17011
17013,17015
17013,17016
17015,17016
17021,17023
17021,17036
17023,17036
17039,17044
17039,17064
17044,17064
17066,17075
17066,17076
17075,17076
17078,17080
17078,17084
17080,17084
17089,17090
17089,17094
17090,17094
17095,17100
17095,17105
17100,17105
17124,17127
17124,17132
17127,17132
17141,17145
17141,17146
17145,17146
17153,17159
17153,17164
17159,17164
17166,17177
17166,17178
17177,17178
17180,17191
17180,17195
17191,17195
17204,17207
17204,17211
17207,17211
17216,17227
17216,17231
17227,17231
17236,17257
17236,17258
17257,17258
17265,17268
17265,17272
17268,17272
17275,17283
17275,17285
17283,17285
17291,17292
17291,17298
17292,17298
17311,17313
17311,17315
17313,17315
17320,17324
17320,17334
17324,17334
17336,17337
17336,17339
17337,17339
17345,17350
17345,17354
17350,17354
17355,17356
17355,17365
17356,17365
17380,17386
17380,17395
17386,17395
17399,17401
17399,17402
17401,17402
17403,17404
17403,17407
17404,17407
17409,17410
17409,17413
17410,17413
17414,17423
17414,17428
17423,17428
17431,17432
17431,17439
17432,17439
17449,17455
17449,17459
17455,17459
17461,17467
17461,17476
17467,17476
17477,17482
17477,17484
17482,17484
17499,17508
17499,17509
17508,17509
17514,17515
17514,17519
17515,17519
17529,17530
17529,17532
17530,17532
17535,17536
17535,17537
17536,17537
17538,17544
17538,17554
17544,17554
17565,17569
17565,17570
17569,17570
17576,17577
17576,17580
17577,17580
17585,17596
17585,17602
17596,17602
17603,17612
17603,17616
17612,17616
17621,17626
17621,17640
17626,17640
17651,17657
17651,17659
17657,17659
17663,17666
17663,17668
17666,17668
17672,17684
17672,17690
17684,17690
17702,17707
17702,17709
17707,17709
17714,17715
17714,17723
17715,17723
17728,17735
17728,17736
17735,17736
17739,17742
17739,17752
17742,17752
17753,17768
17753,17772
17768,17772
17776,17781
17776,17785
17781,17785
17789,17795
17789,17799
17795,17799
17813,17817
17813,17825
17817,17825
17826,17846
17826,17849
17846,17849
17854,17862
17854,17863
17862,17863
17869,17873
17869,17874
17873,17874
17884,17887
17884,17890
17887,17890
17892,17897
17892,17900
17897,17900
17905,17906
17905,17907
17906,17907
17909,17917
17909,17918
17917,17918
17920,17932
17920,17944
17932,17944
17945,17946
17945,17954
17946,17954
17958,17965
17958,17968
17965,17968
17974,17984
17974,17997
17984,17997
18006,18009
18006,18013
18009,18013
18016,18021
18016,18024
18021,18024
18032,18033
18032,18035
18033,18035
18046,18055
18046,18060
18055,18060
18061,18065
18061,18069
18065,18069
18075,18084
18075,18096
18084,18096
18110,18112
18110,18113
18112,18113
18115,18123
18115,18132
18123,18132
18138,18148
18138,18149
18148,18149
18151,18152
18151,18160
18152,18160
18165,18173
18165,18175
18173,18175
18181,18188
18181,18189
18188,18189
18190,18206
18190,18216
18206,18216
18217,18218
18217,18236
18218,18236
18242,18247
18242,18250
18247,18250
18253,18274
18253,18282
18274,18282
18285,18290
18285,18294
18290,18294
18295,18296
18295,18297
18296,18297
18299,18305
18299,18314
18305,18314
18330,18337
18330,18338
18337,18338
18344,18349
18344,18354
18349,18354
18364,18371
18364,18392
18371,18392
18396,18405
18396,18408
18405,18408
18426,18430
18426,18433
18430,18433
18437,18443
18437,18464
18443,18464
18465,18472
18465,18490
18472,18490
18492,18500
18492,18502
18500,18502
18504,18508
18504,18514
18508,18514
18516,18540
18516,18543
18540,18543
18547,18553
18547,18556
18553,18556
18558,18561
18558,18562
18561,18562
18564,18572
18564,18573
18572,18573
18575,18578
18575,18585
18578,18585
18588,18596
18588,18602
18596,18602
18612,18613
18612,18614
18613,18614
18625,18626
18625,18629
18626,18629
18643,18655
18643,18657
18655,18657
18658,18659
18658,18667
18659,18667
18669,18673
18669,18674
18673,18674
18677,18678
18677,18682
18678,18682
18690,18694
18690,18696
18694,18696
18702,18704
18702,18706
18704,18706
18707,18711
18707,18714
18711,18714
18721,18731
18721,18737
18731,18737
18738,18741
18738,18743
18741,18743
18745,18750
18745,18754
18750,18754
18761,18765
18761,18782
18765,18782
18784,18796
18784,18799
18796,18799
18810,18814
18810,18819
18814,18819
18836,18841
18836,18853
18841,18853
18855,18865
18855,18867
18865,18867
18872,18882
18872,18883
18882,18883
18899,18901
18899,18903
18901,18903
18904,18912
18904,18915
18912,18915
18919,18923
18919,18924
18923,18924
18935,18939
18935,18941
18939,18941
18959,18960
18959,18962
18960,18962
18966,18970
18966,18974
18970,18974
18980,18987
18980,18989
18987,18989
18990,19013
18990,19015
19013,19015
19021,19023
19021,19024
19023,19024
19026,19044
19026,19052
19044,19052
19053,19057
19053,19059
19057,19059
19079,19083
19079,19091
19083,19091
19092,19094
19092,19095
19094,19095
19096,19097
19096,19102
19097,19102
19112,19116
19112,19124
19116,19124
19126,19127
19126,19141
19127,19141
19146,19147
19146,19152
19147,19152
19157,19159
19157,19162
19159,19162
19163,19176
19163,19189
19176,19189
19200,19201
19200,19216
19201,19216
19222,19223
19222,19228
19223,19228
19234,19237
19234,19239
19237,19239
19241,19246
19241,19250
19246,19250
19255,19257
19255,19260
19257,19260
19262,19264
19262,19275
19264,19275
19276,19283
19276,19284
19283,19284
19302,19308
19302,19312
19308,19312
19324,19326
19324,19329
19326,19329
19332,19335
19332,19336
19335,19336
19338,19352
19338,19355
19352,19355
19357,19367
19357,19370
19367,19370
19373,19376
19373,19378
19376,19378
19394,19411
19394,19416
19411,19416
19420,19425
19420,19426
19425,19426
19430,19439
19430,19441
19439,19441
19443,19452
19443,19459
19452,19459
19461,19465
19461,19466
19465,19466
19471,19472
19471,19474
19472,19474
19490,19497
19490,19501
19497,19501
19507,19523
19507,19525
19523,19525
19532,19538
19532,19541
19538,19541
19546,19547
19546,19548
19547,19548
19550,19551
19550,19568
19551,19568
19569,19573
19569,19575
19573,19575
19578,19586
19578,19596
19586,19596
19609,19616
19609,19617
19616,19617
19618,19623
19618,19628
19623,19628
19629,19642
19629,19649
19642,19649
19653,19663
19653,19665
19663,19665
19666,19673
19666,19681
19673,19681
19687,19688
19687,19696
19688,19696
19697,19698
19697,19702
19698,19702
19703,19709
19703,19710
19709,19710
19715,19717
19715,19721
19717,19721
19723,19724
19723,19726
19724,19726
19727,19729
19727,19730
19729,19730
19736,19740
19736,19741
19740,19741
19746,19750
19746,19751
19750,19751
19756,19759
19756,19768
19759,19768
19775,19784
19775,19785
19784,19785
19788,19796
19788,19799
19796,19799
19803,19806
19803,19807
19806,19807
19828,19829
19828,19842
19829,19842
19844,19851
19844,19855
19851,19855
19865,19868
19865,19874
19868,19874
19879,19897
19879,19902
19897,19902
19905,19908
19905,19919
19908,19919
19924,19926
19924,19927
19926,19927
19932,19934
19932,19939
19934,19939
19946,19948
19946,19973
19948,19973
19976,19977
19976,19981
19977,19981
19986,19988
19986,20002
19988,20002
20005,20016
20005,20024
20016,20024
20025,20027
20025,20032
20027,20032
20041,20042
20041,20046
20042,20046
20047,20048
20047,20061
20048,20061
20071,20073
20071,20074
20073,20074
20080,20094
20080,20101
20094,20101
20103,20110
20103,20118
20110,20118
20121,20126
20121,20127
20126,20127
20129,20135
20129,20144
20135,20144
20150,20162
20150,20163
20162,20163
20167,20169
20167,20172
20169,20172
20182,20185
20182,20189
20185,20189
20190,20191
20190,20194
20191,20194
20195,20197
20195,20201
20197,20201
20208,20228
20208,20229
20228,20229
20234,20235
20234,20239
20235,20239
20241,20247
20241,20250
20247,20250
20254,20255
20254,20265
20255,20265
20271,20277
20271,20279
20277,20279
20292,20298
20292,20301
20298,20301
20304,20307
20304,20315
20307,20315
20319,20320
20319,20324
20320,20324
20329,20346
20329,20350
20346,20350
20351,20362
20351,20363
20362,20363
20366,20368
20366,20369
20368,20369
20371,20379
20371,20383
20379,20383
20384,20387
20384,20389
20387,20389
20394,20396
20394,20400
20396,20400
20407,20410
20407,20420
20410,20420
20429,20433
20429,20439
20433,20439
20444,20454
20444,20456
20454,20456
20461,20465
20461,20466
20465,20466
20474,20479
20474,20485
20479,20485
20488,20489
20488,20505
20489,20505
20506,20515
20506,20516
20515,20516
20520,20524
20520,20531
20524,20531
20532,20535
20532,20541
20535,20541
20542,20543
20542,20547
20543,20547
20564,20566
20564,20574
20566,20574
20579,20590
20579,20594
20590,20594
20597,20603
20597,20614
20603,20614
20620,20626
20620,20627
20626,20627
20630,20651
20630,20653
20651,20653
20655,20658
20655,20661
20658,20661
20665,20673
20665,20676
20673,20676
20678,20680
20678,20685
20680,20685
20688,20706
20688,20707
20706,20707
20709,20716
20709,20729
20716,20729
20732,20742
20732,20749
20742,20749
20752,20756
20752,20769
20756,20769
20779,20780
20779,20785
20780,20785
20817,20818
20817,20821
20818,20821
20845,20846
20845,20851
20846,20851
20852,20861
20852,20866
20861,20866
20867,20870
20867,20872
20870,20872
20876,20877
20876,20892
20877,20892
20897,20898
20897,20904
20898,20904
20905,20915
20905,20917
20915,20917
20921,20923
20921,20924
20923,20924
20925,20926
20925,20927
20926,20927
20928,20933
20928,20935
20933,20935
20937,20939
20937,20941
20939,20941
20950,20951
20950,20954
20951,20954
20963,20964
20963,20977
20964,20977
20985,20991
20985,20997
20991,20997
21001,21007
21001,21008
21007,21008
21012,21014
21012,21032
21014,21032
21036,21040
21036,21047
21040,21047
21050,21066
21050,21070
21066,21070
21071,21072
21071,21076
21072,21076
21084,21087
21084,21096
21087,21096
21099,21104
21099,21109
21104,21109
21110,21113
21110,21118
21113,21118
21121,21128
21121,21134
21128,21134
21135,21139
21135,21141
21139,21141
21144,21146
21144,21147
21146,21147
21151,21168
21151,21174
21168,21174
21176,21184
21176,21194
21184,21194
21195,21196
21195,21205
21196,21205
21206,21212
21206,21216
21212,21216
21221,21225
21221,21234
21225,21234
21239,21248
21239,21259
21248,21259
21260,21263
21260,21265
21263,21265
21266,21274
21266,21276
21274,21276
21278,21279
21278,21280
21279,21280
21282,21290
21282,21308
21290,21308
21309,21313
21309,21325
21313,21325
21329,21331
21329,21336
21331,21336
21339,21342
21339,21344
21342,21344
21346,21348
21346,21349
21348,21349
21351,21353
21351,21369
21353,21369
21370,21373
21370,21384
21373,21384
21394,21395
21394,21403
21395,21403
21404,21411
21404,21416
21411,21416
21419,21422
21419,21427
21422,21427
21429,21430
21429,21432
21430,21432
21451,21453
21451,21456
21453,21456
21458,21459
21458,21464
21459,21464
21465,21474
21465,21475
21474,21475
21495,21504
21495,21513
21504,21513
21523,21525
21523,21534
21525,21534
21537,21538
21537,21542
21538,21542
21543,21549
21543,21550
21549,21550
21554,21560
21554,21569
21560,21569
21571,21579
21571,21580
21579,21580
21587,21589
21587,21599
21589,21599
21607,21612
21607,21644
21612,21644
21652,21655
21652,21661
21655,21661
21664,21665
21664,21666
21665,21666
21669,21681
21669,21686
21681,21686
21692,21698
21692,21703
21698,21703
21713,21722
21713,21726
21722,21726
21728,21734
21728,21735
21734,21735
21740,21743
21740,21746
21743,21746
21747,21753
21747,21756
21753,21756
21761,21763
21761,21764
21763,21764
21773,21774
21773,21775
21774,21775
21776,21779
21776,21787
21779,21787
21794,21810
21794,21813
21810,21813
21815,21816
21815,21818
21816,21818
21831,21832
21831,21838
21832,21838
21839,21841
21839,21842
21841,21842
21849,21850
21849,21852
21850,21852
21853,21854
21853,21855
21854,21855
21858,21862
21858,21864
21862,21864
21868,21878
21868,21879
21878,21879
21894,21904
21894,21907
21904,21907
21909,21910
21909,21912
21910,21912
21915,21920
21915,21926
21920,21926
21939,21941
21939,21946
21941,21946
21947,21950
21947,21951
21950,21951
21955,21968
21955,21973
21968,21973
21977,21983
21977,21985
21983,21985
21988,21989
21988,21996
21989,21996
22003,22007
22003,22014
22007,22014
22015,22021
22015,22027
22021,22027
22030,22032
22030,22033
22032,22033
22044,22047
22044,22055
22047,22055
22067,22071
22067,22073
22071,22073
22075,22079
22075,22083
22079,22083
22095,22096
22095,22105
22096,22105
22107,22109
22107,22121
22109,22121
22128,22137
22128,22139
22137,22139
22145,22151
22145,22161
22151,22161
22168,22174
22168,22180
22174,22180
22181,22186
22181,22191
22186,22191
22205,22215
22205,22220
22215,22220
22223,22234
22223,22236
22234,22236
22245,22254
22245,22258
22254,22258
22262,22272
22262,22274
22272,22274
22279,22289
22279,22295
22289,22295
22305,22310
22305,22312
22310,22312
22317,22325
22317,22334
22325,22334
22336,22339
22336,22343
22339,22343
22346,22355
22346,22358
22355,22358
22359,22372
22359,22373
22372,22373
22374,22377
22374,22380
22377,22380
22382,22383
22382,22386
22383,22386
22403,22409
22403,22424
22409,22424
22428,22431
22428,22432
22431,22432
22433,22437
22433,22441
22437,22441
22444,22445
22444,22450
22445,22450
22452,22456
22452,22458
22456,22458
22466,22467
22466,22468
22467,22468
22470,22477
22470,22478
22477,22478
22485,22486
22485,22490
22486,22490
22498,22500
22498,22512
22500,22512
22514,22522
22514,22523
22522,22523
22529,22532
22529,22552
22532,22552
22553,22571
22553,22579
22571,22579
22584,22588
22584,22598
22588,22598
22610,22611
22610,22615
22611,22615
22616,22621
22616,22623
22621,22623
22625,22629
22625,22631
22629,22631
22632,22648
22632,22655
22648,22655
22656,22666
22656,22668
22666,22668
22672,22674
22672,22675
22674,22675
22689,22692
22689,22721
22692,22721
22728,22729
22728,22736
22729,22736
22737,22740
22737,22749
22740,22749
22750,22758
22750,22764
22758,22764
22769,22774
22769,22775
22774,22775
22777,22779
22777,22782
22779,22782
22787,22798
22787,22800
22798,22800
22807,22810
22807,22812
22810,22812
22813,22814
22813,22819
22814,22819
22824,22826
22824,22830
22826,22830
22834,22835
22834,22841
22835,22841
22842,22844
22842,22850
22844,22850
22856,22857
22856,22861
22857,22861
22867,22868
22867,22869
22868,22869
22873,22881
22873,22882
22881,22882
22888,22894
22888,22899
22894,22899
22902,22903
22902,22904
22903,22904
22906,22916
22906,22934
22916,22934
22938,22941
22938,22942
22941,22942
22944,22955
22944,22958
22955,22958
22967,22981
22967,22987
22981,22987
22990,23003
22990,23005
23003,23005
23010,23019
23010,23024
23019,23024
23028,23029
23028,23030
23029,23030
23056,23058
23056,23062
23058,23062
23067,23068
23067,23070
23068,23070
23072,23073
23072,23080
23073,23080
23087,23088
23087,23089
23088,23089
23097,23100
23097,23103
23100,23103
23117,23118
23117,23137
23118,23137
23141,23143
23141,23153
23143,23153
23163,23166
23163,23167
23166,23167
23168,23171
23168,23176
23171,23176
23180,23184
23180,23186
23184,23186
23187,23189
23187,23196
23189,23196
23207,23213
23207,23214
23213,23214
23216,23236
23216,23241
23236,23241
23248,23251
23248,23253
23251,23253
23259,23264
23259,23269
23264,23269
23277,23281
23277,23285
23281,23285
23289,23291
23289,23294
23291,23294
23303,23308
23303,23322
23308,23322
23327,23328
23327,23329
23328,23329
23338,23353
23338,23354
23353,23354
23356,23359
23356,23368
23359,23368
23371,23372
23371,23378
23372,23378
23385,23388
23385,23390
23388,23390
23397,23401
23397,23408
23401,23408
23413,23422
23413,23423
23422,23423
23426,23433
23426,23437
23433,23437
23443,23447
23443,23455
23447,23455
23460,23463
23460,23471
23463,23471
23475,23481
23475,23482
23481,23482
23484,23490
23484,23498
23490,23498
23499,23503
23499,23504
23503,23504
23511,23512
23511,23514
23512,23514
23515,23518
23515,23522
23518,23522
23523,23524
23523,23527
23524,23527
23529,23530
23529,23534
23530,23534
23542,23543
23542,23551
23543,23551
23555,23556
23555,23561
23556,23561
23562,23579
23562,23580
23579,23580
23582,23583
23582,23591
23583,23591
23597,23602
23597,23603
23602,23603
23608,23610
23608,23611
23610,23611
23619,23624
23619,23627
23624,23627
23641,23652
23641,23654
23652,23654
23658,23665
23658,23671
23665,23671
23673,23676
23673,23680
23676,23680
23684,23686
23684,23692
23686,23692
23694,23704
23694,23706
23704,23706
23709,23712
23709,23713
23712,23713
23718,23729
23718,23730
23729,23730
23733,23734
23733,23739
23734,23739
23741,23745
23741,23762
23745,23762
23764,23775
23764,23776
23775,23776
23779,23791
23779,23794
23791,23794
23797,23803
23797,23827
23803,23827
23830,23835
23830,23845
23835,23845
23853,23861
23853,23863
23861,23863
23867,23875
23867,23881
23875,23881
23890,23892
23890,23904
23892,23904
23913,23918
23913,23919
23918,23919
23926,23927
23926,23936
23927,23936
23941,23950
23941,23959
23950,23959
23963,23965
23963,23966
23965,23966
23968,23969
23968,23977
23969,23977
23978,23981
23978,23983
23981,23983
23984,23990
23984,23998
23990,23998
23999,24000
23999,24001
24000,24001
24007,24008
24007,24013
24008,24013
24019,24020
24019,24027
24020,24027
24031,24038
24031,24040
24038,24040
24041,24043
24041,24058
24043,24058
24059,24067
24059,24073
24067,24073
24075,24078
24075,24082
24078,24082
24090,24093
24090,24095
24093,24095
24096,24099
24096,24106
24099,24106
24112,24120
24112,24126
24120,24126
24138,24140
24138,24142
24140,24142
24150,24155
24150,24161
24155,24161
24163,24166
24163,24170
24166,24170
24174,24177
24174,24187
24177,24187
24189,24192
24189,24194
24192,24194
24198,24199
24198,24209
24199,24209
24220,24223
24220,24230
24223,24230
24231,24232
24231,24238
24232,24238
24244,24245
24244,24248
24245,24248
24250,24251
24250,24272
24251,24272
24274,24281
24274,24284
24281,24284
24287,24288
24287,24292
24288,24292
24303,24307
24303,24309
24307,24309
24315,24323
24315,24324
24323,24324
24325,24337
24325,24346
24337,24346
24357,24358
24357,24360
24358,24360
24367,24375
24367,24379
24375,24379
24396,24397
24396,24403
24397,24403
24408,24415
24408,24417
24415,24417
24418,24420
24418,24422
24420,24422
24423,24424
24423,24429
24424,24429
24438,24444
24438,24445
24444,24445
24462,24466
24462,24470
24466,24470
24473,24475
24473,24476
24475,24476
24479,24489
24479,24493
24489,24493
24498,24501
24498,24508
24501,24508
24517,24518
24517,24527
24518,24527
24533,24537
24533,24542
24537,24542
24550,24551
24550,24562
24551,24562
24563,24564
24563,24565
24564,24565
24566,24567
24566,24568
24567,24568
24570,24571
24570,24574
24571,24574
24577,24579
24577,24597
24579,24597
24614,24616
24614,24620
24616,24620
24627,24628
24627,24635
24628,24635
24639,24641
24639,24643
24641,24643
24646,24647
24646,24648
24647,24648
24651,24664
24651,24666
24664,24666
24672,24673
24672,24674
24673,24674
24676,24680
24676,24683
24680,24683
24697,24704
24697,24706
24704,24706
24709,24711
24709,24718
24711,24718
24720,24723
24720,24727
24723,24727
24728,24732
24728,24735
24732,24735
24748,24755
24748,24760
24755,24760
24774,24775
24774,24778
24775,24778
24795,24801
24795,24806
24801,24806
24807,24808
24807,24816
24808,24816
24818,24832
24818,24833
24832,24833
24834,24845
24834,24851
24845,24851
24852,24853
24852,24859
24853,24859
24860,24865
24860,24866
24865,24866
24870,24878
24870,24881
24878,24881
24882,24886
24882,24889
24886,24889
24891,24892
24891,24893
24892,24893
24902,24904
24902,24913
24904,24913
24914,24916
24914,24924
24916,24924
24926,24927
24926,24931
24927,24931
24936,24937
24936,24942
24937,24942
24947,24949
24947,24963
24949,24963
24966,24974
24966,24976
24974,24976
24987,24989
24987,24991
24989,24991
24993,24997
24993,25015
24997,25015
25017,25018
25017,25021
25018,25021
25029,25032
25029,25044
25032,25044
25052,25063
25052,25068
25063,25068
25077,25080
25077,25082
25080,25082
25086,25093
25086,25096
25093,25096
25109,25114
25109,25119
25114,25119
25125,25126
25125,25141
25126,25141
25142,25144
25142,25148
25144,25148
25153,25157
25153,25163
25157,25163
25168,25173
25168,25175
25173,25175
25184,25185
25184,25193
25185,25193
25209,25210
25209,25212
25210,25212
25220,25227
25220,25232
25227,25232
25237,25242
25237,25243
25242,25243
25245,25246
25245,25253
25246,25253
25256,25261
25256,25262
25261,25262
25265,25269
25265,25270
25269,25270
25274,25275
25274,25277
25275,25277
25295,25300
25295,25303
25300,25303
25314,25317
25314,25327
25317,25327
25331,25335
25331,25340
25335,25340
25362,25367
25362,25372
25367,25372
25384,25391
25384,25393
25391,25393
25396,25398
25396,25408
25398,25408
25409,25410
25409,25412
25410,25412
25419,25432
25419,25437
25432,25437
25440,25442
25440,25445
25442,25445
25451,25467
25451,25483
25467,25483
25484,25492
25484,25495
25492,25495
25503,25504
25503,25515
25504,25515
25529,25544
25529,25545
25544,25545
25548,25559
25548,25561
25559,25561
25565,25567
25565,25569
25567,25569
25583,25587
25583,25588
25587,25588
25590,25601
25590,25602
25601,25602
25604,25609
25604,25612
25609,25612
25624,25625
25624,25627
25625,25627
25635,25636
25635,25645
25636,25645
25646,25655
25646,25663
25655,25663
25668,25685
25668,25708
25685,25708
25709,25711
25709,25715
25711,25715
25719,25724
25719,25726
25724,25726
25733,25734
25733,25736
25734,25736
25746,25756
25746,25760
25756,25760
25763,25767
25763,25768
25767,25768
25792,25795
25792,25797
25795,25797
25801,25805
25801,25815
25805,25815
25825,25829
25825,25830
25829,25830
25847,25850
25847,25853
25850,25853
25862,25863
25862,25887
25863,25887
25903,25909
25903,25915
25909,25915
25921,25928
25921,25932
25928,25932
25943,25957
25943,25963
25957,25963
25964,25965
25964,25982
25965,25982
25983,25985
25983,25988
25985,25988
25993,25995
25993,25999
25995,25999
26020,26026
26020,26035
26026,26035
26038,26041
26038,26058
26041,26058
26069,26076
26069,26078
26076,26078
26079,26085
26079,26090
26085,26090
26098,26099
26098,26104
26099,26104
26106,26108
26106,26111
26108,26111
26113,26119
26113,26122
26119,26122
26125,26128
26125,26136
26128,26136
26139,26143
26139,26160
26143,26160
26165,26166
26165,26177
26166,26177
26180,26183
26180,26189
26183,26189
26190,26192
26190,26208
26192,26208
26212,26219
26212,26221
26219,26221
26228,26245
26228,26260
26245,26260
26261,26263
26261,26265
26263,26265
26271,26275
26271,26277
26275,26277
26291,26293
26291,26296
26293,26296
26297,26300
26297,26305
26300,26305
26312,26318
26312,26332
26318,26332
26335,26359
26335,26364
26359,26364
26365,26369
26365,26384
26369,26384
26390,26401
26390,26402
26401,26402
26414,26418
26414,26431
26418,26431
26440,26441
26440,26445
26441,26445
26453,26455
26453,26458
26455,26458
26464,26478
26464,26492
26478,26492
26493,26496
26493,26497
26496,26497
26503,26505
26503,26516
26505,26516
26523,26524
26523,26540
26524,26540
26543,26545
26543,26547
26545,26547
26557,26558
26557,26559
26558,26559
26573,26580
26573,26581
26580,26581
26583,26584
26583,26591
26584,26591
26599,26601
26599,26610
26601,26610
26613,26616
26613,26626
26616,26626
26628,26633
26628,26638
26633,26638
26643,26660
26643,26677
26660,26677
26678,26689
26678,26693
26689,26693
26705,26706
26705,26716
26706,26716
26726,26729
26726,26738
26729,26738
26762,26768
26762,26774
26768,26774
26777,26783
26777,26788
26783,26788
26792,26793
26792,26803
26793,26803
26804,26808
26804,26812
26808,26812
26814,26822
26814,26823
26822,26823
26827,26833
26827,26838
26833,26838
26841,26842
26841,26851
26842,26851
26858,26869
26858,26871
26869,26871
26872,26875
26872,26883
26875,26883
26885,26899
26885,26900
26899,26900
26904,26909
26904,26910
26909,26910
26916,26924
26916,26940
26924,26940
26941,26942
26941,26943
26942,26943
26951,26954
26951,26971
26954,26971
26974,26976
26974,26979
26976,26979
26980,26981
26980,26982
26981,26982
26987,26994
26987,26995
26994,26995
26999,27000
26999,27005
27000,27005
27011,27014
27011,27019
27014,27019
27020,27021
27020,27033
27021,27033
27036,27052
27036,27057
27052,27057
27062,27066
27062,27074
27066,27074
27078,27087
27078,27088
27087,27088
27089,27096
27089,27105
27096,27105
27109,27116
27109,27122
27116,27122
27136,27148
27136,27158
27148,27158
27160,27161
27160,27174
27161,27174
27188,27190
27188,27196
27190,27196
27199,27218
27199,27222
27218,27222
27223,27226
27223,27232
27226,27232
27239,27244
27239,27246
27244,27246
27248,27256
27248,27261
27256,27261
27264,27268
27264,27271
27268,27271
27272,27279
27272,27280
27279,27280
27286,27292
27286,27293
27292,27293
27294,27303
27294,27304
27303,27304
27309,27310
27309,27330
27310,27330
27336,27337
27336,27341
27337,27341
27342,27344
27342,27351
27344,27351
27352,27353
27352,27357
27353,27357
27359,27372
27359,27379
27372,27379
27382,27383
27382,27384
27383,27384
27394,27397
27394,27398
27397,27398
27399,27402
27399,27407
27402,27407
27408,27410
27408,27416
27410,27416
27420,27421
27420,27436
27421,27436
27437,27450
27437,27451
27450,27451
27453,27454
27453,27459
27454,27459
15,18
15,37
15,44
18,37
18,44
37,44
60,62
60,64
60,69
62,64
62,69
64,69
70,82
70,87
70,99
82,87
82,99
87,99
116,118
116,122
116,127
118,122
118,127
122,127
130,131
130,149
130,151
131,149
131,151
149,151
166,167
166,171
166,172
167,171
167,172
171,172
177,192
177,195
177,196
192,195
192,196
195,196
199,207
199,215
199,216
207,215
207,216
215,216
217,220
217,221
217,223
220,221
220,223
221,223
224,225
224,234
224,239
225,234
225,239
234,239
240,241
240,246
240,249
241,246
241,249
246,249
264,268
264,269
264,270
268,269
268,270
269,270
279,294
279,295
279,297
294,295
294,297
295,297
298,302
298,313
298,316
302,313
302,316
313,316
331,332
331,341
331,342
332,341
332,342
341,342
345,355
345,362
345,365
355,362
355,365
362,365
367,370
367,374
367,376
370,374
370,376
374,376
377,384
377,385
377,404
384,385
384,404
385,404
408,421
408,429
408,434
421,429
421,434
429,434
439,444
439,449
439,461
444,449
444,461
449,461
464,469
464,477
464,478
469,477
469,478
477,478
488,489
488,493
488,495
489,493
489,495
493,495
515,523
515,525
515,527
523,525
523,527
525,527
544,558
544,562
544,570
558,562
558,570
562,570
573,578
573,579
573,585
578,579
578,585
579,585
587,589
587,592
587,595
589,592
589,595
592,595
596,597
596,611
596,622
597,611
597,622
611,622
626,638
626,652
626,661
638,652
638,661
652,661
668,676
668,678
668,688
676,678
676,688
678,688
690,692
690,696
690,698
692,696
692,698
696,698
701,704
701,707
701,715
704,707
704,715
707,715
722,727
722,739
722,745
727,739
727,745
739,745
747,748
747,754
747,760
748,754
748,760
754,760
771,778
771,779
771,785
778,779
778,785
779,785
797,799
797,806
797,821
799,806
799,821
806,821
830,836
830,843
830,846
836,843
836,846
843,846
847,854
847,858
847,861
854,858
854,861
858,861
862,864
862,868
862,869
864,868
864,869
868,869
872,906
872,907
872,917
906,907
906,917
907,917
919,921
919,923
919,930
921,923
921,930
923,930
932,936
932,937
932,938
936,937
936,938
937,938
951,953
951,957
951,970
953,957
953,970
957,970
971,973
971,974
971,977
973,974
973,977
974,977
980,986
980,987
980,992
986,987
986,992
987,992
995,1035
995,1040
995,1044
1035,1040
1035,1044
1040,1044
1046,1053
1046,1056
1046,1057
1053,1056
1053,1057
1056,1057
1058,1067
1058,1088
1058,1089
1067,1088
1067,1089
1088,1089
1094,1109
1094,1114
1094,1128
1109,1114
1109,1128
1114,1128
1134,1146
1134,1151
1134,1160
1146,1151
1146,1160
1151,1160
1161,1163
1161,1171
1161,1172
1163,1171
1163,1172
1171,1172
1173,1176
1173,1185
1173,1196
1176,1185
1176,1196
1185,1196
1198,1201
1198,1210
1198,1211
1201,1210
1201,1211
1210,1211
1216,1229
1216,1239
1216,1254
1229,1239
1229,1254
1239,1254
1257,1289
1257,1291
1257,1300
1289,1291
1289,1300
1291,1300
1309,1332
1309,1342
1309,1344
1332,1342
1332,1344
1342,1344
1350,1355
1350,1364
1350,1371
1355,1364
1355,1371
1364,1371
1374,1375
1374,1398
1374,1401
1375,1398
1375,1401
1398,1401
1405,1408
1405,1409
1405,1414
1408,1409
1408,1414
1409,1414
1415,1419
1415,1425
1415,1435
1419,1425
1419,1435
1425,1435
1449,1451
1449,1454
1449,1458
1451,1454
1451,1458
1454,1458
1465,1469
1465,1471
1465,1484
1469,1471
1469,1484
1471,1484
1485,1500
1485,1502
1485,1504
1500,1502
1500,1504
1502,1504
1506,1513
1506,1516
1506,1522
1513,1516
1513,1522
1516,1522
1523,1525
1523,1530
1523,1532
1525,1530
1525,1532
1530,1532
1538,1540
1538,1547
1538,1572
1540,1547
1540,1572
1547,1572
1589,1591
1589,1592
1589,1599
1591,1592
1591,1599
1592,1599
1604,1609
1604,1619
1604,1622
1609,1619
1609,1622
1619,1622
1624,1625
1624,1639
1624,1640
1625,1639
1625,1640
1639,1640
1642,1643
1642,1647
1642,1661
1643,1647
1643,1661
1647,1661
1662,1665
1662,1667
1662,1676
1665,1667
1665,1676
1667,1676
1680,1681
1680,1691
1680,1702
1681,1691
1681,1702
1691,1702
1706,1711
1706,1717
1706,1724
1711,1717
1711,1724
1717,1724
1726,1732
1726,1734
1726,1741
1732,1734
1732,1741
1734,1741
1742,1744
1742,1747
1742,1756
1744,1747
1744,1756
1747,1756
1761,1765
1761,1775
1761,1776
1765,1775
1765,1776
1775,1776
1779,1781
1779,1782
1779,1788
1781,1782
1781,1788
1782,1788
1791,1792
1791,1794
1791,1795
1792,1794
1792,1795
1794,1795
1799,1803
1799,1806
1799,1816
1803,1806
1803,1816
1806,1816
1818,1819
1818,1820
1818,1824
1819,1820
1819,1824
1820,1824
1825,1837
1825,1840
1825,1846
1837,1840
1837,1846
1840,1846
1851,1867
1851,1868
1851,1874
1867,1868
1867,1874
1868,1874
1894,1899
1894,1904
1894,1917
1899,1904
1899,1917
1904,1917
1919,1922
1919,1924
1919,1937
1922,1924
1922,1937
1924,1937
1941,1946
1941,1948
1941,1951
1946,1948
1946,1951
1948,1951
1959,1962
1959,1986
1959,1989
1962,1986
1962,1989
1986,1989
1995,1998
1995,2016
1995,2017
1998,2016
1998,2017
2016,2017
2021,2023
2021,2025
2021,2030
2023,2025
2023,2030
2025,2030
2032,2033
2032,2034
2032,2059
2033,2034
2033,2059
2034,2059
2061,2071
2061,2081
2061,2086
2071,2081
2071,2086
2081,2086
2089,2092
2089,2098
2089,2103
2092,2098
2092,2103
2098,2103
2105,2114
2105,2121
2105,2122
2114,2121
2114,2122
2121,2122
2141,2142
2141,2152
2141,2153
2142,2152
2142,2153
2152,2153
2156,2163
2156,2165
2156,2169
2163,2165
2163,2169
2165,2169
2173,2177
2173,2179
2173,2180
2177,2179
2177,2180
2179,2180
2193,2205
2193,2207
2193,2220
2205,2207
2205,2220
2207,2220
2228,2229
2228,2230
2228,2240
2229,2230
2229,2240
2230,2240
2245,2246
2245,2255
2245,2259
2246,2255
2246,2259
2255,2259
2261,2262
2261,2264
2261,2267
2262,2264
2262,2267
2264,2267
2270,2273
2270,2276
2270,2287
2273,2276
2273,2287
2276,2287
2293,2303
2293,2307
2293,2309
2303,2307
2303,2309
2307,2309
2325,2329
2325,2334
2325,2340
2329,2334
2329,2340
2334,2340
2343,2344
2343,2345
2343,2347
2344,2345
2344,2347
2345,2347
2349,2353
2349,2359
2349,2369
2353,2359
2353,2369
2359,2369
2385,2397
2385,2402
2385,2413
2397,2402
2397,2413
2402,2413
2420,2425
2420,2435
2420,2460
2425,2435
2425,2460
2435,2460
2477,2485
2477,2496
2477,2502
2485,2496
2485,2502
2496,2502
2503,2516
2503,2519
2503,2521
2516,2519
2516,2521
2519,2521
2526,2533
2526,2543
2526,2562
2533,2543
2533,2562
2543,2562
2567,2568
2567,2570
2567,2592
2568,2570
2568,2592
2570,2592
2595,2600
2595,2602
2595,2604
2600,2602
2600,2604
2602,2604
2605,2608
2605,2614
2605,2616
2608,2614
2608,2616
2614,2616
2621,2626
2621,2633
2621,2641
2626,2633
2626,2641
2633,2641
2654,2663
2654,2668
2654,2678
2663,2668
2663,2678
2668,2678
2680,2682
2680,2684
2680,2685
2682,2684
2682,2685
2684,2685
2691,2692
2691,2698
2691,2700
2692,2698
2692,2700
2698,2700
2707,2715
2707,2742
2707,2744
2715,2742
2715,2744
2742,2744
2751,2774
2751,2776
2751,2780
2774,2776
2774,2780
2776,2780
2790,2793
2790,2794
2790,2802
2793,2794
2793,2802
2794,2802
2817,2822
2817,2824
2817,2830
2822,2824
2822,2830
2824,2830
2837,2838
2837,2843
2837,2850
2838,2843
2838,2850
2843,2850
2853,2855
2853,2859
2853,2868
2855,2859
2855,2868
2859,2868
2869,2873
2869,2881
2869,2882
2873,2881
2873,2882
2881,2882
2901,2903
2901,2912
2901,2917
2903,2912
2903,2917
2912,2917
2924,2938
2924,2941
2924,2943
2938,2941
2938,2943
2941,2943
2950,2956
2950,2959
2950,2975
2956,2959
2956,2975
2959,2975
2982,2986
2982,2992
2982,2995
2986,2992
2986,2995
2992,2995
2996,3016
2996,3020
2996,3024
3016,3020
3016,3024
3020,3024
3031,3043
3031,3049
3031,3076
3043,3049
3043,3076
3049,3076
3078,3080
3078,3086
3078,3101
3080,3086
3080,3101
3086,3101
3109,3120
3109,3123
3109,3137
3120,3123
3120,3137
3123,3137
3142,3143
3142,3146
3142,3149
3143,3146
3143,3149
3146,3149
3152,3157
3152,3159
3152,3160
3157,3159
3157,3160
3159,3160
3178,3181
3178,3183
3178,3191
3181,3183
3181,3191
3183,3191
3199,3200
3199,3201
3199,3207
3200,3201
3200,3207
3201,3207
3218,3223
3218,3230
3218,3237
3223,3230
3223,3237
3230,3237
3246,3247
3246,3248
3246,3256
3247,3248
3247,3256
3248,3256
3263,3264
3263,3265
3263,3270
3264,3265
3264,3270
3265,3270
3281,3284
3281,3287
3281,3300
3284,3287
3284,3300
3287,3300
3301,3316
3301,3322
3301,3338
3316,3322
3316,3338
3322,3338
3341,3373
3341,3380
3341,3387
3373,3380
3373,3387
3380,3387
3389,3397
3389,3404
3389,3416
3397,3404
3397,3416
3404,3416
3418,3432
3418,3434
3418,3439
3432,3434
3432,3439
3434,3439
3447,3449
3447,3452
3447,3459
3449,3452
3449,3459
3452,3459
3464,3473
3464,3476
3464,3480
3473,3476
3473,3480
3476,3480
3493,3496
3493,3497
3493,3498
3496,3497
3496,3498
3497,3498
3500,3501
3500,3502
3500,3505
3501,3502
3501,3505
3502,3505
3512,3514
3512,3516
3512,3520
3514,3516
3514,3520
3516,3520
3522,3523
3522,3531
3522,3540
3523,3531
3523,3540
3531,3540
3541,3543
3541,3550
3541,3551
3543,3550
3543,3551
3550,3551
3563,3591
3563,3604
3563,3605
3591,3604
3591,3605
3604,3605
3610,3615
3610,3616
3610,3621
3615,3616
3615,3621
3616,3621
3623,3627
3623,3633
3623,3644
3627,3633
3627,3644
3633,3644
3651,3658
3651,3677
3651,3678
3658,3677
3658,3678
3677,3678
3699,3700
3699,3708
3699,3715
3700,3708
3700,3715
3708,3715
3719,3723
3719,3733
3719,3737
3723,3733
3723,3737
3733,3737
3738,3739
3738,3740
3738,3746
3739,3740
3739,3746
3740,3746
3750,3760
3750,3765
3750,3770
3760,3765
3760,3770
3765,3770
3774,3777
3774,3778
3774,3779
3777,3778
3777,3779
3778,3779
3782,3792
3782,3794
3782,3795
3792,3794
3792,3795
3794,3795
3803,3805
3803,3819
3803,3825
3805,3819
3805,3825
3819,3825
3826,3837
3826,3845
3826,3849
3837,3845
3837,3849
3845,3849
3858,3877
3858,3881
3858,3882
3877,3881
3877,3882
3881,3882
3897,3914
3897,3917
3897,3923
3914,3917
3914,3923
3917,3923
3930,3941
3930,3945
3930,3946
3941,3945
3941,3946
3945,3946
3958,3961
3958,3966
3958,3974
3961,3966
3961,3974
3966,3974
3990,3998
3990,4002
3990,4007
3998,4002
3998,4007
4002,4007
4012,4015
4012,4043
4012,4056
4015,4043
4015,4056
4043,4056
4061,4068
4061,4073
4061,4075
4068,4073
4068,4075
4073,4075
4084,4087
4084,4091
4084,4092
4087,4091
4087,4092
4091,4092
4109,4115
4109,4119
4109,4128
4115,4119
4115,4128
4119,4128
4134,4140
4134,4143
4134,4151
4140,4143
4140,4151
4143,4151
4161,4163
4161,4164
4161,4174
4163,4164
4163,4174
4164,4174
4176,4186
4176,4200
4176,4203
4186,4200
4186,4203
4200,4203
4212,4213
4212,4214
4212,4216
4213,4214
4213,4216
4214,4216
4222,4224
4222,4243
4222,4245
4224,4243
4224,4245
4243,4245
4247,4248
4247,4255
4247,4256
4248,4255
4248,4256
4255,4256
4269,4288
4269,4293
4269,4298
4288,4293
4288,4298
4293,4298
4304,4313
4304,4319
4304,4320
4313,4319
4313,4320
4319,4320
4338,4340
4338,4349
4338,4365
4340,4349
4340,4365
4349,4365
4367,4376
4367,4383
4367,4389
4376,4383
4376,4389
4383,4389
4394,4402
4394,4406
4394,4413
4402,4406
4402,4413
4406,4413
4416,4417
4416,4431
4416,4433
4417,4431
4417,4433
4431,4433
4441,4449
4441,4460
4441,4477
4449,4460
4449,4477
4460,4477
4482,4485
4482,4487
4482,4488
4485,4487
4485,4488
4487,4488
4495,4501
4495,4511
4495,4522
4501,4511
4501,4522
4511,4522
4523,4525
4523,4526
4523,4542
4525,4526
4525,4542
4526,4542
4569,4574
4569,4576
4569,4578
4574,4576
4574,4578
4576,4578
4587,4605
4587,4621
4587,4630
4605,4621
4605,4630
4621,4630
4631,4639
4631,4671
4631,4672
4639,4671
4639,4672
4671,4672
4676,4682
4676,4686
4676,4689
4682,4686
4682,4689
4686,4689
4692,4697
4692,4721
4692,4722
4697,4721
4697,4722
4721,4722
4729,4736
4729,4740
4729,4747
4736,4740
4736,4747
4740,4747
4749,4752
4749,4768
4749,4774
4752,4768
4752,4774
4768,4774
4778,4779
4778,4789
4778,4803
4779,4789
4779,4803
4789,4803
4812,4816
4812,4821
4812,4830
4816,4821
4816,4830
4821,4830
4834,4836
4834,4850
4834,4862
4836,4850
4836,4862
4850,4862
4864,4869
4864,4870
4864,4874
4869,4870
4869,4874
4870,4874
4875,4877
4875,4878
4875,4880
4877,4878
4877,4880
4878,4880
4885,4886
4885,4887
4885,4890
4886,4887
4886,4890
4887,4890
4891,4894
4891,4899
4891,4901
4894,4899
4894,4901
4899,4901
4903,4912
4903,4925
4903,4928
4912,4925
4912,4928
4925,4928
4932,4941
4932,4972
4932,4980
4941,4972
4941,4980
4972,4980
4986,4992
4986,4993
4986,4995
4992,4993
4992,4995
4993,4995
4999,5000
4999,5007
4999,5008
5000,5007
5000,5008
5007,5008
5015,5019
5015,5024
5015,5030
5019,5024
5019,5030
5024,5030
5031,5033
5031,5038
5031,5048
5033,5038
5033,5048
5038,5048
5049,5070
5049,5073
5049,5076
5070,5073
5070,5076
5073,5076
5077,5079
5077,5082
5077,5095
5079,5082
5079,5095
5082,5095
5097,5102
5097,5108
5097,5109
5102,5108
5102,5109
5108,5109
5110,5126
5110,5134
5110,5143
5126,5134
5126,5143
5134,5143
5146,5149
5146,5150
5146,5151
5149,5150
5149,5151
5150,5151
5157,5160
5157,5166
5157,5168
5160,5166
5160,5168
5166,5168
5190,5203
5190,5206
5190,5228
5203,5206
5203,5228
5206,5228
5230,5237
5230,5242
5230,5252
5237,5242
5237,5252
5242,5252
5260,5265
5260,5266
5260,5268
5265,5266
5265,5268
5266,5268
5286,5290
5286,5297
5286,5304
5290,5297
5290,5304
5297,5304
5305,5309
5305,5316
5305,5321
5309,5316
5309,5321
5316,5321
5329,5338
5329,5340
5329,5344
5338,5340
5338,5344
5340,5344
5347,5357
5347,5371
5347,5372
5357,5371
5357,5372
5371,5372
5378,5388
5378,5393
5378,5398
5388,5393
5388,5398
5393,5398
5401,5439
5401,5441
5401,5442
5439,5441
5439,5442
5441,5442
5449,5457
5449,5463
5449,5467
5457,5463
5457,5467
5463,5467
5468,5475
5468,5490
5468,5491
5475,5490
5475,5491
5490,5491
5492,5505
5492,5515
5492,5525
5505,5515
5505,5525
5515,5525
5528,5552
5528,5554
5528,5557
5552,5554
5552,5557
5554,5557
5559,5561
5559,5587
5559,5612
5561,5587
5561,5612
5587,5612
5614,5615
5614,5622
5614,5633
5615,5622
5615,5633
5622,5633
5638,5641
5638,5647
5638,5662
5641,5647
5641,5662
5647,5662
5665,5675
5665,5680
5665,5684
5675,5680
5675,5684
5680,5684
5688,5707
5688,5709
5688,5710
5707,5709
5707,5710
5709,5710
5713,5742
5713,5750
5713,5756
5742,5750
5742,5756
5750,5756
5757,5758
5757,5759
5757,5768
5758,5759
5758,5768
5759,5768
5796,5808
5796,5812
5796,5822
5808,5812
5808,5822
5812,5822
5824,5832
5824,5839
5824,5841
5832,5839
5832,5841
5839,5841
5852,5853
5852,5856
5852,5857
5853,5856
5853,5857
5856,5857
5861,5865
5861,5866
5861,5876
5865,5866
5865,5876
5866,5876
5882,5883
5882,5885
5882,5890
5883,5885
5883,5890
5885,5890
5894,5902
5894,5919
5894,5927
5902,5919
5902,5927
5919,5927
5929,5932
5929,5938
5929,5941
5932,5938
5932,5941
5938,5941
5946,5951
5946,5964
5946,5967
5951,5964
5951,5967
5964,5967
5974,5989
5974,6006
5974,6014
5989,6006
5989,6014
6006,6014
6015,6024
6015,6044
6015,6048
6024,6044
6024,6048
6044,6048
6058,6077
6058,6078
6058,6098
6077,6078
6077,6098
6078,6098
6099,6101
6099,6106
6099,6112
6101,6106
6101,6112
6106,6112
6113,6117
6113,6124
6113,6128
6117,6124
6117,6128
6124,6128
6129,6137
6129,6150
6129,6155
6137,6150
6137,6155
6150,6155
6163,6167
6163,6172
6163,6174
6167,6172
6167,6174
6172,6174
6177,6185
6177,6193
6177,6195
6185,6193
6185,6195
6193,6195
6203,6204
6203,6213
6203,6221
6204,6213
6204,6221
6213,6221
6227,6228
6227,6233
6227,6235
6228,6233
6228,6235
6233,6235
6263,6267
6263,6268
6263,6271
6267,6268
6267,6271
6268,6271
6272,6282
6272,6283
6272,6299
6282,6283
6282,6299
6283,6299
6307,6309
6307,6310
6307,6316
6309,6310
6309,6316
6310,6316
6318,6333
6318,6338
6318,6342
6333,6338
6333,6342
6338,6342
6343,6348
6343,6351
6343,6362
6348,6351
6348,6362
6351,6362
6371,6376
6371,6380
6371,6384
6376,6380
6376,6384
6380,6384
6385,6399
6385,6425
6385,6426
6399,6425
6399,6426
6425,6426
6439,6450
6439,6456
6439,6470
6450,6456
6450,6470
6456,6470
6473,6479
6473,6484
6473,6504
6479,6484
6479,6504
6484,6504
6522,6533
6522,6538
6522,6548
6533,6538
6533,6548
6538,6548
6552,6556
6552,6564
6552,6567
6556,6564
6556,6567
6564,6567
6571,6575
6571,6580
6571,6599
6575,6580
6575,6599
6580,6599
6610,6615
6610,6618
6610,6630
6615,6618
6615,6630
6618,6630
6638,6652
6638,6674
6638,6675
6652,6674
6652,6675
6674,6675
6679,6685
6679,6693
6679,6694
6685,6693
6685,6694
6693,6694
6696,6697
6696,6726
6696,6729
6697,6726
6697,6729
6726,6729
6737,6738
6737,6740
6737,6742
6738,6740
6738,6742
6740,6742
6746,6755
6746,6757
6746,6758
6755,6757
6755,6758
6757,6758
6760,6777
6760,6781
6760,6783
6777,6781
6777,6783
6781,6783
6787,6792
6787,6793
6787,6794
6792,6793
6792,6794
6793,6794
6800,6810
6800,6816
6800,6822
6810,6816
6810,6822
6816,6822
6824,6830
6824,6832
6824,6849
6830,6832
6830,6849
6832,6849
6855,6857
6855,6860
6855,6865
6857,6860
6857,6865
6860,6865
6867,6871
6867,6878
6867,6881
6871,6878
6871,6881
6878,6881
6887,6891
6887,6892
6887,6901
6891,6892
6891,6901
6892,6901
6910,6921
6910,6926
6910,6931
6921,6926
6921,6931
6926,6931
6946,6947
6946,6950
6946,6953
6947,6950
6947,6953
6950,6953
6961,6967
6961,6972
6961,6976
6967,6972
6967,6976
6972,6976
6990,6996
6990,7004
6990,7006
6996,7004
6996,7006
7004,7006
7008,7032
7008,7041
7008,7047
7032,7041
7032,7047
7041,7047
7048,7055
7048,7056
7048,7057
7055,7056
7055,7057
7056,7057
7079,7081
7079,7084
7079,7097
7081,7084
7081,7097
7084,7097
7102,7104
7102,7107
7102,7115
7104,7107
7104,7115
7107,7115
7123,7128
7123,7129
7123,7140
7128,7129
7128,7140
7129,7140
7142,7146
7142,7148
7142,7168
7146,7148
7146,7168
7148,7168
7181,7197
7181,7200
7181,7201
7197,7200
7197,7201
7200,7201
7208,7210
7208,7214
7208,7222
7210,7214
7210,7222
7214,7222
7227,7228
7227,7237
7227,7242
7228,7237
7228,7242
7237,7242
7246,7247
7246,7248
7246,7258
7247,7248
7247,7258
7248,7258
7261,7264
7261,7271
7261,7292
7264,7271
7264,7292
7271,7292
7293,7296
7293,7298
7293,7306
7296,7298
7296,7306
7298,7306
7311,7312
7311,7313
7311,7319
7312,7313
7312,7319
7313,7319
7320,7332
7320,7340
7320,7348
7332,7340
7332,7348
7340,7348
7353,7354
7353,7368
7353,7375
7354,7368
7354,7375
7368,7375
7380,7386
7380,7390
7380,7396
7386,7390
7386,7396
7390,7396
7406,7407
7406,7411
7406,7412
7407,7411
7407,7412
7411,7412
7425,7428
7425,7438
7425,7444
7428,7438
7428,7444
7438,7444
7445,7450
7445,7455
7445,7456
7450,7455
7450,7456
7455,7456
7460,7465
7460,7471
7460,7474
7465,7471
7465,7474
7471,7474
7475,7478
7475,7481
7475,7487
7478,7481
7478,7487
7481,7487
7494,7499
7494,7501
7494,7502
7499,7501
7499,7502
7501,7502
7503,7509
7503,7512
7503,7517
7509,7512
7509,7517
7512,7517
7521,7522
7521,7539
7521,7545
7522,7539
7522,7545
7539,7545
7555,7556
7555,7562
7555,7566
7556,7562
7556,7566
7562,7566
7572,7577
7572,7580
7572,7597
7577,7580
7577,7597
7580,7597
7600,7603
7600,7606
7600,7610
7603,7606
7603,7610
7606,7610
7612,7615
7612,7619
7612,7622
7615,7619
7615,7622
7619,7622
7624,7631
7624,7639
7624,7640
7631,7639
7631,7640
7639,7640
7649,7652
7649,7655
7649,7657
7652,7655
7652,7657
7655,7657
7677,7683
7677,7687
7677,7691
7683,7687
7683,7691
7687,7691
7696,7697
7696,7708
7696,7724
7697,7708
7697,7724
7708,7724
7728,7747
7728,7752
7728,7753
7747,7752
7747,7753
7752,7753
7760,7764
7760,7779
7760,7795
7764,7779
7764,7795
7779,7795
7797,7798
7797,7802
7797,7804
7798,7802
7798,7804
7802,7804
7819,7822
7819,7824
7819,7840
7822,7824
7822,7840
7824,7840
7841,7848
7841,7857
7841,7878
7848,7857
7848,7878
7857,7878
7882,7887
7882,7890
7882,7891
7887,7890
7887,7891
7890,7891
7892,7894
7892,7895
7892,7899
7894,7895
7894,7899
7895,7899
7907,7909
7907,7925
7907,7936
7909,7925
7909,7936
7925,7936
7940,7947
7940,7956
7940,7968
7947,7956
7947,7968
7956,7968
7969,7983
7969,7984
7969,7986
7983,7984
7983,7986
7984,7986
7991,7995
7991,8002
7991,8004
7995,8002
7995,8004
8002,8004
8006,8009
8006,8015
8006,8018
8009,8015
8009,8018
8015,8018
8028,8039
8028,8052
8028,8056
8039,8052
8039,8056
8052,8056
8062,8065
8062,8068
8062,8069
8065,8068
8065,8069
8068,8069
8080,8097
8080,8103
8080,8106
8097,8103
8097,8106
8103,8106
8119,8134
8119,8150
8119,8152
8134,8150
8134,8152
8150,8152
8160,8165
8160,8177
8160,8183
8165,8177
8165,8183
8177,8183
8184,8185
8184,8186
8184,8188
8185,8186
8185,8188
8186,8188
8192,8205
8192,8207
8192,8208
8205,8207
8205,8208
8207,8208
8216,8224
8216,8229
8216,8253
8224,8229
8224,8253
8229,8253
8260,8271
8260,8273
8260,8280
8271,8273
8271,8280
8273,8280
8281,8283
8281,8293
8281,8296
8283,8293
8283,8296
8293,8296
8305,8308
8305,8314
8305,8319
8308,8314
8308,8319
8314,8319
8326,8329
8326,8332
8326,8335
8329,8332
8329,8335
8332,8335
8340,8354
8340,8375
8340,8383
8354,8375
8354,8383
8375,8383
8391,8392
8391,8399
8391,8401
8392,8399
8392,8401
8399,8401
8402,8443
8402,8470
8402,8473
8443,8470
8443,8473
8470,8473
8478,8480
8478,8484
8478,8488
8480,8484
8480,8488
8484,8488
8491,8502
8491,8513
8491,8514
8502,8513
8502,8514
8513,8514
8531,8534
8531,8545
8531,8569
8534,8545
8534,8569
8545,8569
8570,8575
8570,8589
8570,8594
8575,8589
8575,8594
8589,8594
8599,8600
8599,8602
8599,8617
8600,8602
8600,8617
8602,8617
8619,8632
8619,8633
8619,8646
8632,8633
8632,8646
8633,8646
8658,8666
8658,8669
8658,8672
8666,8669
8666,8672
8669,8672
8673,8677
8673,8679
8673,8681
8677,8679
8677,8681
8679,8681
8691,8721
8691,8733
8691,8740
8721,8733
8721,8740
8733,8740
8742,8749
8742,8752
8742,8762
8749,8752
8749,8762
8752,8762
8766,8767
8766,8769
8766,8781
8767,8769
8767,8781
8769,8781
8782,8789
8782,8801
8782,8803
8789,8801
8789,8803
8801,8803
8807,8813
8807,8817
8807,8826
8813,8817
8813,8826
8817,8826
8847,8849
8847,8855
8847,8857
8849,8855
8849,8857
8855,8857
8864,8884
8864,8885
8864,8890
8884,8885
8884,8890
8885,8890
8892,8909
8892,8914
8892,8923
8909,8914
8909,8923
8914,8923
8927,8929
8927,8932
8927,8948
8929,8932
8929,8948
8932,8948
8954,8967
8954,8978
8954,8983
8967,8978
8967,8983
8978,8983
8986,8990
8986,9016
8986,9019
8990,9016
8990,9019
9016,9019
9022,9028
9022,9032
9022,9038
9028,9032
9028,9038
9032,9038
9042,9051
9042,9072
9042,9088
9051,9072
9051,9088
9072,9088
9091,9093
9091,9106
9091,9112
9093,9106
9093,9112
9106,9112
9114,9128
9114,9129
9114,9137
9128,9129
9128,9137
9129,9137
9138,9148
9138,9157
9138,9164
9148,9157
9148,9164
9157,9164
9168,9169
9168,9181
9168,9192
9169,9181
9169,9192
9181,9192
9195,9198
9195,9204
9195,9215
9198,9204
9198,9215
9204,9215
9233,9250
9233,9251
9233,9266
9250,9251
9250,9266
9251,9266
9269,9271
9269,9283
9269,9287
9271,9283
9271,9287
9283,9287
9310,9340
9310,9342
9310,9352
9340,9342
9340,9352
9342,9352
9372,9379
9372,9380
9372,9399
9379,9380
9379,9399
9380,9399
9402,9405
9402,9410
9402,9413
9405,9410
9405,9413
9410,9413
9429,9437
9429,9443
9429,9449
9437,9443
9437,9449
9443,9449
9455,9475
9455,9477
9455,9483
9475,9477
9475,9483
9477,9483
9497,9507
9497,9514
9497,9543
9507,9514
9507,9543
9514,9543
9545,9550
9545,9553
9545,9555
9550,9553
9550,9555
9553,9555
9558,9567
9558,9571
9558,9580
9567,9571
9567,9580
9571,9580
9588,9589
9588,9612
9588,9614
9589,9612
9589,9614
9612,9614
9640,9644
9640,9654
9640,9655
9644,9654
9644,9655
9654,9655
9665,9669
9665,9674
9665,9678
9669,9674
9669,9678
9674,9678
9702,9704
9702,9705
9702,9714
9704,9705
9704,9714
9705,9714
9721,9732
9721,9737
9721,9742
9732,9737
9732,9742
9737,9742
9748,9751
9748,9754
9748,9758
9751,9754
9751,9758
9754,9758
9761,9767
9761,9777
9761,9779
9767,9777
9767,9779
9777,9779
9786,9808
9786,9811
9786,9813
9808,9811
9808,9813
9811,9813
9818,9821
9818,9824
9818,9827
9821,9824
9821,9827
9824,9827
9831,9841
9831,9847
9831,9849
9841,9847
9841,9849
9847,9849
9865,9883
9865,9896
9865,9899
9883,9896
9883,9899
9896,9899
9900,9904
9900,9906
9900,9910
9904,9906
9904,9910
9906,9910
9912,9919
9912,9923
9912,9924
9919,9923
9919,9924
9923,9924
9941,9942
9941,9948
9941,9950
9942,9948
9942,9950
9948,9950
9956,9958
9956,9959
9956,9964
9958,9959
9958,9964
9959,9964
9969,9972
9969,9985
9969,9989
9972,9985
9972,9989
9985,9989
9996,10000
9996,10003
9996,10006
10000,10003
10000,10006
10003,10006
10015,10016
10015,10019
10015,10021
10016,10019
10016,10021
10019,10021
10033,10036
10033,10038
10033,10039
10036,10038
10036,10039
10038,10039
10043,10059
10043,10066
10043,10070
10059,10066
10059,10070
10066,10070
10073,10076
10073,10077
10073,10080
10076,10077
10076,10080
10077,10080
10089,10091
10089,10111
10089,10120
10091,10111
10091,10120
10111,10120
10124,10133
10124,10135
10124,10136
10133,10135
10133,10136
10135,10136
10144,10145
10144,10170
10144,10173
10145,10170
10145,10173
10170,10173
10192,10193
10192,10218
10192,10221
10193,10218
10193,10221
10218,10221
10228,10242
10228,10245
10228,10250
10242,10245
10242,10250
10245,10250
10259,10263
10259,10276
10259,10277
10263,10276
10263,10277
10276,10277
10286,10290
10286,10292
10286,10295
10290,10292
10290,10295
10292,10295
10299,10304
10299,10309
10299,10321
10304,10309
10304,10321
10309,10321
10322,10324
10322,10327
10322,10328
10324,10327
10324,10328
10327,10328
10337,10344
10337,10357
10337,10358
10344,10357
10344,10358
10357,10358
10361,10364
10361,10375
10361,10383
10364,10375
10364,10383
10375,10383
10385,10398
10385,10409
10385,10417
10398,10409
10398,10417
10409,10417
10431,10438
10431,10461
10431,10462
10438,10461
10438,10462
10461,10462
10490,10492
10490,10505
10490,10510
10492,10505
10492,10510
10505,10510
10516,10519
10516,10522
10516,10527
10519,10522
10519,10527
10522,10527
10528,10530
10528,10552
10528,10556
10530,10552
10530,10556
10552,10556
10562,10564
10562,10572
10562,10573
10564,10572
10564,10573
10572,10573
10578,10593
10578,10594
10578,10609
10593,10594
10593,10609
10594,10609
10614,10623
10614,10627
10614,10632
10623,10627
10623,10632
10627,10632
10640,10644
10640,10648
10640,10657
10644,10648
10644,10657
10648,10657
10664,10679
10664,10685
10664,10689
10679,10685
10679,10689
10685,10689
10697,10698
10697,10700
10697,10708
10698,10700
10698,10708
10700,10708
10711,10712
10711,10722
10711,10730
10712,10722
10712,10730
10722,10730
10742,10744
10742,10753
10742,10754
10744,10753
10744,10754
10753,10754
10761,10764
10761,10769
10761,10773
10764,10769
10764,10773
10769,10773
10776,10777
10776,10781
10776,10789
10777,10781
10777,10789
10781,10789
10799,10804
10799,10805
10799,10808
10804,10805
10804,10808
10805,10808
10814,10830
10814,10837
10814,10847
10830,10837
10830,10847
10837,10847
10848,10863
10848,10864
10848,10872
10863,10864
10863,10872
10864,10872
10875,10876
10875,10880
10875,10889
10876,10880
10876,10889
10880,10889
10892,10896
10892,10897
10892,10905
10896,10897
10896,10905
10897,10905
10922,10925
10922,10929
10922,10942
10925,10929
10925,10942
10929,10942
10945,10953
10945,10958
10945,10962
10953,10958
10953,10962
10958,10962
10969,10971
10969,10973
10969,10978
10971,10973
10971,10978
10973,10978
10979,10988
10979,10990
10979,10992
10988,10990
10988,10992
10990,10992
10995,10998
10995,11007
10995,11013
10998,11007
10998,11013
11007,11013
11020,11022
11020,11028
11020,11030
11022,11028
11022,11030
11028,11030
11031,11035
11031,11042
11031,11048
11035,11042
11035,11048
11042,11048
11058,11059
11058,11062
11058,11071
11059,11062
11059,11071
11062,11071
11072,11074
11072,11075
11072,11077
11074,11075
11074,11077
11075,11077
11082,11086
11082,11099
11082,11100
11086,11099
11086,11100
11099,11100
11109,11111
11109,11118
11109,11119
11111,11118
11111,11119
11118,11119
11121,11123
11121,11126
11121,11131
11123,11126
11123,11131
11126,11131
11140,11144
11140,11146
11140,11149
11144,11146
11144,11149
11146,11149
11150,11158
11150,11159
11150,11164
11158,11159
11158,11164
11159,11164
11176,11178
11176,11179
11176,11184
11178,11179
11178,11184
11179,11184
11187,11188
11187,11194
11187,11198
11188,11194
11188,11198
11194,11198
11202,11205
11202,11207
11202,11208
11205,11207
11205,11208
11207,11208
11213,11218
11213,11221
11213,11225
11218,11221
11218,11225
11221,11225
11234,11241
11234,11246
11234,11264
11241,11246
11241,11264
11246,11264
11268,11269
11268,11271
11268,11282
11269,11271
11269,11282
11271,11282
11285,11292
11285,11296
11285,11309
11292,11296
11292,11309
11296,11309
11310,11313
11310,11330
11310,11336
11313,11330
11313,11336
11330,11336
11343,11347
11343,11359
11343,11367
11347,11359
11347,11367
11359,11367
11368,11373
11368,11374
11368,11383
11373,11374
11373,11383
11374,11383
11384,11385
11384,11390
11384,11393
11385,11390
11385,11393
11390,11393
11395,11397
11395,11403
11395,11409
11397,11403
11397,11409
11403,11409
11423,11431
11423,11433
11423,11435
11431,11433
11431,11435
11433,11435
11443,11444
11443,11450
11443,11451
11444,11450
11444,11451
11450,11451
11454,11455
11454,11462
11454,11466
11455,11462
11455,11466
11462,11466
11469,11475
11469,11482
11469,11485
11475,11482
11475,11485
11482,11485
11488,11493
11488,11494
11488,11507
11493,11494
11493,11507
11494,11507
11508,11510
11508,11520
11508,11525
11510,11520
11510,11525
11520,11525
11526,11527
11526,11531
11526,11536
11527,11531
11527,11536
11531,11536
11537,11539
11537,11547
11537,11555
11539,11547
11539,11555
11547,11555
11558,11574
11558,11581
11558,11588
11574,11581
11574,11588
11581,11588
11591,11595
11591,11616
11591,11618
11595,11616
11595,11618
11616,11618
11632,11634
11632,11638
11632,11641
11634,11638
11634,11641
11638,11641
11650,11655
11650,11670
11650,11671
11655,11670
11655,11671
11670,11671
11675,11687
11675,11690
11675,11693
11687,11690
11687,11693
11690,11693
11694,11699
11694,11704
11694,11721
11699,11704
11699,11721
11704,11721
11738,11739
11738,11745
11738,11748
11739,11745
11739,11748
11745,11748
11751,11759
11751,11777
11751,11795
11759,11777
11759,11795
11777,11795
11796,11806
11796,11814
11796,11822
11806,11814
11806,11822
11814,11822
11828,11834
11828,11842
11828,11851
11834,11842
11834,11851
11842,11851
11857,11859
11857,11861
11857,11864
11859,11861
11859,11864
11861,11864
11865,11868
11865,11874
11865,11885
11868,11874
11868,11885
11874,11885
11889,11895
11889,11897
11889,11915
11895,11897
11895,11915
11897,11915
11917,11924
11917,11929
11917,11932
11924,11929
11924,11932
11929,11932
11933,11935
11933,11936
11933,11938
11935,11936
11935,11938
11936,11938
11941,11952
11941,11959
11941,11968
11952,11959
11952,11968
11959,11968
11974,11982
11974,11992
11974,12011
11982,11992
11982,12011
11992,12011
12014,12032
12014,12037
12014,12043
12032,12037
12032,12043
12037,12043
12055,12058
12055,12059
12055,12065
12058,12059
12058,12065
12059,12065
12066,12068
12066,12074
12066,12083
12068,12074
12068,12083
12074,12083
12114,12117
12114,12118
12114,12128
12117,12118
12117,12128
12118,12128
12131,12144
12131,12146
12131,12148
12144,12146
12144,12148
12146,12148
12152,12153
12152,12156
12152,12163
12153,12156
12153,12163
12156,12163
12169,12183
12169,12193
12169,12194
12183,12193
12183,12194
12193,12194
12198,12216
12198,12218
12198,12235
12216,12218
12216,12235
12218,12235
12242,12247
12242,12248
12242,12250
12247,12248
12247,12250
12248,12250
12257,12258
12257,12259
12257,12262
12258,12259
12258,12262
12259,12262
12269,12276
12269,12278
12269,12280
12276,12278
12276,12280
12278,12280
12281,12286
12281,12292
12281,12298
12286,12292
12286,12298
12292,12298
12305,12309
12305,12318
12305,12320
12309,12318
12309,12320
12318,12320
12330,12336
12330,12337
12330,12340
12336,12337
12336,12340
12337,12340
12342,12344
12342,12347
12342,12362
12344,12347
12344,12362
12347,12362
12365,12383
12365,12384
12365,12385
12383,12384
12383,12385
12384,12385
12386,12393
12386,12408
12386,12410
12393,12408
12393,12410
12408,12410
12415,12420
12415,12428
12415,12432
12420,12428
12420,12432
12428,12432
12446,12451
12446,12456
12446,12458
12451,12456
12451,12458
12456,12458
12459,12466
12459,12474
12459,12478
12466,12474
12466,12478
12474,12478
12482,12492
12482,12495
12482,12497
12492,12495
12492,12497
12495,12497
12504,12513
12504,12514
12504,12518
12513,12514
12513,12518
12514,12518
12532,12550
12532,12565
12532,12569
12550,12565
12550,12569
12565,12569
12576,12578
12576,12587
12576,12600
12578,12587
12578,12600
12587,12600
12606,12610
12606,12615
12606,12618
12610,12615
12610,12618
12615,12618
12619,12625
12619,12628
12619,12629
12625,12628
12625,12629
12628,12629
12630,12646
12630,12647
12630,12649
12646,12647
12646,12649
12647,12649
12654,12659
12654,12666
12654,12670
12659,12666
12659,12670
12666,12670
12678,12688
12678,12701
12678,12706
12688,12701
12688,12706
12701,12706
12715,12716
12715,12739
12715,12742
12716,12739
12716,12742
12739,12742
12754,12759
12754,12766
12754,12769
12759,12766
12759,12769
12766,12769
12775,12781
12775,12787
12775,12793
12781,12787
12781,12793
12787,12793
12794,12797
12794,12813
12794,12827
12797,12813
12797,12827
12813,12827
12840,12843
12840,12855
12840,12858
12843,12855
12843,12858
12855,12858
12860,12861
12860,12862
12860,12885
12861,12862
12861,12885
12862,12885
12886,12894
12886,12905
12886,12912
12894,12905
12894,12912
12905,12912
12921,12927
12921,12936
12921,12949
12927,12936
12927,12949
12936,12949
12955,12956
12955,12961
12955,12964
12956,12961
12956,12964
12961,12964
12979,12983
12979,12986
12979,12993
12983,12986
12983,12993
12986,12993
13000,13046
13000,13049
13000,13054
13046,13049
13046,13054
13049,13054
13060,13065
13060,13066
13060,13078
13065,13066
13065,13078
13066,13078
13087,13089
13087,13092
13087,13099
13089,13092
13089,13099
13092,13099
13106,13109
13106,13125
13106,13126
13109,13125
13109,13126
13125,13126
13129,13132
13129,13136
13129,13146
13132,13136
13132,13146
13136,13146
13149,13161
13149,13162
13149,13173
13161,13162
13161,13173
13162,13173
13175,13189
13175,13198
13175,13215
13189,13198
13189,13215
13198,13215
13231,13241
13231,13243
13231,13248
13241,13243
13241,13248
13243,13248
13249,13264
13249,13265
13249,13266
13264,13265
13264,13266
13265,13266
13268,13274
13268,13275
13268,13280
13274,13275
13274,13280
13275,13280
13282,13287
13282,13291
13282,13293
13287,13291
13287,13293
13291,13293
13298,13300
13298,13305
13298,13319
13300,13305
13300,13319
13305,13319
13325,13338
13325,13343
13325,13344
13338,13343
13338,13344
13343,13344
13347,13348
13347,13359
13347,13380
13348,13359
13348,13380
13359,13380
13395,13396
13395,13411
13395,13428
13396,13411
13396,13428
13411,13428
13431,13434
13431,13441
13431,13445
13434,13441
13434,13445
13441,13445
13450,13452
13450,13471
13450,13473
13452,13471
13452,13473
13471,13473
13477,13480
13477,13483
13477,13488
13480,13483
13480,13488
13483,13488
13500,13507
13500,13512
13500,13515
13507,13512
13507,13515
13512,13515
13516,13521
13516,13523
13516,13526
13521,13523
13521,13526
13523,13526
13528,13532
13528,13535
13528,13536
13532,13535
13532,13536
13535,13536
13538,13560
13538,13569
13538,13582
13560,13569
13560,13582
13569,13582
13599,13612
13599,13617
13599,13645
13612,13617
13612,13645
13617,13645
13654,13664
13654,13669
13654,13677
13664,13669
13664,13677
13669,13677
13681,13683
13681,13689
13681,13699
13683,13689
13683,13699
13689,13699
13704,13705
13704,13706
13704,13708
13705,13706
13705,13708
13706,13708
13716,13727
13716,13729
13716,13736
13727,13729
13727,13736
13729,13736
13756,13768
13756,13770
13756,13775
13768,13770
13768,13775
13770,13775
13784,13788
13784,13793
13784,13796
13788,13793
13788,13796
13793,13796
13799,13803
13799,13811
13799,13815
13803,13811
13803,13815
13811,13815
13820,13822
13820,13835
13820,13858
13822,13835
13822,13858
13835,13858
13859,13868
13859,13873
13859,13891
13868,13873
13868,13891
13873,13891
13894,13900
13894,13901
13894,13914
13900,13901
13900,13914
13901,13914
13926,13931
13926,13932
13926,13935
13931,13932
13931,13935
13932,13935
13951,13955
13951,13961
13951,13964
13955,13961
13955,13964
13961,13964
13967,13969
13967,13970
13967,13973
13969,13970
13969,13973
13970,13973
13976,13984
13976,13993
13976,13999
13984,13993
13984,13999
13993,13999
14004,14009
14004,14012
14004,14018
14009,14012
14009,14018
14012,14018
14024,14026
14024,14028
14024,14032
14026,14028
14026,14032
14028,14032
14046,14072
14046,14074
14046,14080
14072,14074
14072,14080
14074,14080
14087,14093
14087,14094
14087,14109
14093,14094
14093,14109
14094,14109
14118,14126
14118,14138
14118,14141
14126,14138
14126,14141
14138,14141
14157,14168
14157,14169
14157,14170
14168,14169
14168,14170
14169,14170
14175,14179
14175,14181
14175,14186
14179,14181
14179,14186
14181,14186
14189,14200
14189,14201
14189,14202
14200,14201
14200,14202
14201,14202
14208,14212
14208,14219
14208,14225
14212,14219
14212,14225
14219,14225
14232,14235
14232,14236
14232,14237
14235,14236
14235,14237
14236,14237
14254,14274
14254,14280
14254,14282
14274,14280
14274,14282
14280,14282
14295,14298
14295,14300
14295,14302
14298,14300
14298,14302
14300,14302
14304,14317
14304,14327
14304,14328
14317,14327
14317,14328
14327,14328
14332,14333
14332,14349
14332,14355
14333,14349
14333,14355
14349,14355
14362,14385
14362,14390
14362,14391
14385,14390
14385,14391
14390,14391
14404,14408
14404,14413
14404,14418
14408,14413
14408,14418
14413,14418
14421,14422
14421,14427
14421,14436
14422,14427
14422,14436
14427,14436
14438,14445
14438,14450
14438,14453
14445,14450
14445,14453
14450,14453
14478,14483
14478,14495
14478,14496
14483,14495
14483,14496
14495,14496
14508,14515
14508,14517
14508,14520
14515,14517
14515,14520
14517,14520
14524,14530
14524,14537
14524,14544
14530,14537
14530,14544
14537,14544
14547,14549
14547,14550
14547,14552
14549,14550
14549,14552
14550,14552
14553,14557
14553,14558
14553,14560
14557,14558
14557,14560
14558,14560
14566,14568
14566,14570
14566,14576
14568,14570
14568,14576
14570,14576
14582,14585
14582,14587
14582,14590
14585,14587
14585,14590
14587,14590
14596,14607
14596,14608
14596,14616
14607,14608
14607,14616
14608,14616
14620,14624
14620,14626
14620,14633
14624,14626
14624,14633
14626,14633
14636,14639
14636,14656
14636,14660
14639,14656
14639,14660
14656,14660
14668,14670
14668,14674
14668,14682
14670,14674
14670,14682
14674,14682
14683,14686
14683,14690
14683,14692
14686,14690
14686,14692
14690,14692
14707,14709
14707,14713
14707,14714
14709,14713
14709,14714
14713,14714
14722,14725
14722,14727
14722,14730
14725,14727
14725,14730
14727,14730
14742,14760
14742,14763
14742,14783
14760,14763
14760,14783
14763,14783
14795,14807
14795,14813
14795,14814
14807,14813
14807,14814
14813,14814
14819,14829
14819,14830
14819,14833
14829,14830
14829,14833
14830,14833
14837,14838
14837,14858
14837,14861
14838,14858
14838,14861
14858,14861
14863,14866
14863,14882
14863,14887
14866,14882
14866,14887
14882,14887
14888,14894
14888,14895
14888,14901
14894,14895
14894,14901
14895,14901
14906,14910
14906,14920
14906,14929
14910,14920
14910,14929
14920,14929
14933,14941
14933,14945
14933,14946
14941,14945
14941,14946
14945,14946
14955,14964
14955,14966
14955,14979
14964,14966
14964,14979
14966,14979
15010,15016
15010,15022
15010,15028
15016,15022
15016,15028
15022,15028
15031,15040
15031,15044
15031,15053
15040,15044
15040,15053
15044,15053
15071,15074
15071,15085
15071,15086
15074,15085
15074,15086
15085,15086
15087,15106
15087,15109
15087,15114
15106,15109
15106,15114
15109,15114
15117,15120
15117,15124
15117,15127
15120,15124
15120,15127
15124,15127
15140,15141
15140,15142
15140,15152
15141,15142
15141,15152
15142,15152
15155,15156
15155,15157
15155,15161
15156,15157
15156,15161
15157,15161
15162,15168
15162,15169
15162,15170
15168,15169
15168,15170
15169,15170
15171,15179
15171,15194
15171,15200
15179,15194
15179,15200
15194,15200
15208,15210
15208,15211
15208,15213
15210,15211
15210,15213
15211,15213
15232,15258
15232,15274
15232,15282
15258,15274
15258,15282
15274,15282
15288,15291
15288,15299
15288,15303
15291,15299
15291,15303
15299,15303
15304,15307
15304,15311
15304,15313
15307,15311
15307,15313
15311,15313
15320,15334
15320,15339
15320,15341
15334,15339
15334,15341
15339,15341
15348,15370
15348,15375
15348,15376
15370,15375
15370,15376
15375,15376
15378,15380
15378,15387
15378,15398
15380,15387
15380,15398
15387,15398
15411,15421
15411,15425
15411,15430
15421,15425
15421,15430
15425,15430
15432,15437
15432,15440
15432,15441
15437,15440
15437,15441
15440,15441
15449,15451
15449,15462
15449,15467
15451,15462
15451,15467
15462,15467
15474,15492
15474,15493
15474,15502
15492,15493
15492,15502
15493,15502
15508,15520
15508,15524
15508,15525
15520,15524
15520,15525
15524,15525
15526,15535
15526,15537
15526,15543
15535,15537
15535,15543
15537,15543
15554,15561
15554,15572
15554,15575
15561,15572
15561,15575
15572,15575
15580,15581
15580,15583
15580,15588
15581,15583
15581,15588
15583,15588
15604,15613
15604,15616
15604,15631
15613,15616
15613,15631
15616,15631
15633,15643
15633,15654
15633,15662
15643,15654
15643,15662
15654,15662
15663,15680
15663,15686
15663,15690
15680,15686
15680,15690
15686,15690
15700,15718
15700,15726
15700,15732
15718,15726
15718,15732
15726,15732
15742,15745
15742,15751
15742,15752
15745,15751
15745,15752
15751,15752
15768,15782
15768,15788
15768,15791
15782,15788
15782,15791
15788,15791
15801,15810
15801,15815
15801,15824
15810,15815
15810,15824
15815,15824
15832,15838
15832,15839
15832,15846
15838,15839
15838,15846
15839,15846
15850,15858
15850,15859
15850,15873
15858,15859
15858,15873
15859,15873
15877,15883
15877,15893
15877,15898
15883,15893
15883,15898
15893,15898
15901,15902
15901,15911
15901,15919
15902,15911
15902,15919
15911,15919
15920,15929
15920,15933
15920,15937
15929,15933
15929,15937
15933,15937
15942,15944
15942,15947
15942,15958
15944,15947
15944,15958
15947,15958
15975,15986
15975,15993
15975,16008
15986,15993
15986,16008
15993,16008
16011,16013
16011,16018
16011,16019
16013,16018
16013,16019
16018,16019
16020,16037
16020,16038
16020,16042
16037,16038
16037,16042
16038,16042
16047,16052
16047,16077
16047,16078
16052,16077
16052,16078
16077,16078
16082,16085
16082,16109
16082,16114
16085,16109
16085,16114
16109,16114
16123,16125
16123,16159
16123,16164
16125,16159
16125,16164
16159,16164
16168,16169
16168,16180
16168,16188
16169,16180
16169,16188
16180,16188
16196,16197
16196,16210
16196,16217
16197,16210
16197,16217
16210,16217
16228,16236
16228,16247
16228,16248
16236,16247
16236,16248
16247,16248
16264,16265
16264,16269
16264,16273
16265,16269
16265,16273
16269,16273
16275,16280
16275,16289
16275,16294
16280,16289
16280,16294
16289,16294
16303,16309
16303,16310
16303,16312
16309,16310
16309,16312
16310,16312
16316,16327
16316,16328
16316,16344
16327,16328
16327,16344
16328,16344
16363,16364
16363,16368
16363,16372
16364,16368
16364,16372
16368,16372
16374,16385
16374,16389
16374,16392
16385,16389
16385,16392
16389,16392
16404,16407
16404,16410
16404,16411
16407,16410
16407,16411
16410,16411
16415,16421
16415,16422
16415,16427
16421,16422
16421,16427
16422,16427
16428,16433
16428,16435
16428,16444
16433,16435
16433,16444
16435,16444
16449,16455
16449,16457
16449,16459
16455,16457
16455,16459
16457,16459
16467,16468
16467,16469
16467,16471
16468,16469
16468,16471
16469,16471
16475,16482
16475,16494
16475,16497
16482,16494
16482,16497
16494,16497
16508,16512
16508,16513
16508,16515
16512,16513
16512,16515
16513,16515
16524,16525
16524,16544
16524,16546
16525,16544
16525,16546
16544,16546
16550,16566
16550,16572
16550,16574
16566,16572
16566,16574
16572,16574
16577,16593
16577,16596
16577,16599
16593,16596
16593,16599
16596,16599
16616,16617
16616,16618
16616,16634
16617,16618
16617,16634
16618,16634
16644,16645
16644,16662
16644,16663
16645,16662
16645,16663
16662,16663
16669,16673
16669,16678
16669,16682
16673,16678
16673,16682
16678,16682
16690,16691
16690,16700
16690,16702
16691,16700
16691,16702
16700,16702
16705,16713
16705,16730
16705,16744
16713,16730
16713,16744
16730,16744
16748,16751
16748,16754
16748,16762
16751,16754
16751,16762
16754,16762
16763,16768
16763,16769
16763,16771
16768,16769
16768,16771
16769,16771
16775,16807
16775,16810
16775,16811
16807,16810
16807,16811
16810,16811
16822,16827
16822,16837
16822,16845
16827,16837
16827,16845
16837,16845
16850,16851
16850,16855
16850,16858
16851,16855
16851,16858
16855,16858
16861,16862
16861,16867
16861,16869
16862,16867
16862,16869
16867,16869
16874,16876
16874,16880
16874,16882
16876,16880
16876,16882
16880,16882
16883,16884
16883,16889
16883,16895
16884,16889
16884,16895
16889,16895
16904,16906
16904,16908
16904,16913
16906,16908
16906,16913
16908,16913
16918,16924
16918,16925
16918,16931
16924,16925
16924,16931
16925,16931
16935,16952
16935,16954
16935,16981
16952,16954
16952,16981
16954,16981
16984,17001
16984,17004
16984,17014
17001,17004
17001,17014
17004,17014
17024,17026
17024,17029
17024,17042
17026,17029
17026,17042
17029,17042
17072,17074
17072,17093
17072,17096
17074,17093
17074,17096
17093,17096
17098,17103
17098,17111
17098,17113
17103,17111
17103,17113
17111,17113
17118,17121
17118,17123
17118,17128
17121,17123
17121,17128
17123,17128
17129,17140
17129,17148
17129,17160
17140,17148
17140,17160
17148,17160
17165,17167
17165,17174
17165,17179
17167,17174
17167,17179
17174,17179
17197,17200
17197,17201
17197,17208
17200,17201
17200,17208
17201,17208
17213,17214
17213,17219
17213,17221
17214,17219
17214,17221
17219,17221
17225,17230
17225,17242
17225,17243
17230,17242
17230,17243
17242,17243
17246,17259
17246,17261
17246,17270
17259,17261
17259,17270
17261,17270
17273,17281
17273,17282
17273,17288
17281,17282
17281,17288
17282,17288
17290,17294
17290,17295
17290,17299
17294,17295
17294,17299
17295,17299
17304,17307
17304,17330
17304,17335
17307,17330
17307,17335
17330,17335
17338,17340
17338,17346
17338,17349
17340,17346
17340,17349
17346,17349
17352,17359
17352,17370
17352,17390
17359,17370
17359,17390
17370,17390
17398,17408
17398,17417
17398,17424
17408,17417
17408,17424
17417,17424
17434,17435
17434,17436
17434,17438
17435,17436
17435,17438
17436,17438
17453,17460
17453,17465
17453,17474
17460,17465
17460,17474
17465,17474
17488,17492
17488,17493
17488,17494
17492,17493
17492,17494
17493,17494
17518,17520
17518,17521
17518,17522
17520,17521
17520,17522
17521,17522
17523,17526
17523,17527
17523,17531
17526,17527
17526,17531
17527,17531
17540,17568
17540,17574
17540,17583
17568,17574
17568,17583
17574,17583
17586,17591
17586,17592
17586,17599
17591,17592
17591,17599
17592,17599
17604,17608
17604,17610
17604,17617
17608,17610
17608,17617
17610,17617
17625,17627
17625,17631
17625,17639
17627,17631
17627,17639
17631,17639
17642,17652
17642,17653
17642,17654
17652,17653
17652,17654
17653,17654
17660,17671
17660,17675
17660,17681
17671,17675
17671,17681
17675,17681
17688,17691
17688,17692
17688,17701
17691,17692
17691,17701
17692,17701
17706,17708
17706,17716
17706,17719
17708,17716
17708,17719
17716,17719
17726,17731
17726,17733
17726,17740
17731,17733
17731,17740
17733,17740
17744,17746
17744,17747
17744,17754
17746,17747
17746,17754
17747,17754
17756,17759
17756,17764
17756,17766
17759,17764
17759,17766
17764,17766
17769,17774
17769,17780
17769,17794
17774,17780
17774,17794
17780,17794
17796,17797
17796,17800
17796,17801
17797,17800
17797,17801
17800,17801
17830,17838
17830,17839
17830,17842
17838,17839
17838,17842
17839,17842
17843,17845
17843,17847
17843,17850
17845,17847
17845,17850
17847,17850
17867,17868
17867,17870
17867,17876
17868,17870
17868,17876
17870,17876
17879,17889
17879,17894
17879,17902
17889,17894
17889,17902
17894,17902
17908,17912
17908,17919
17908,17925
17912,17919
17912,17925
17919,17925
17926,17928
17926,17934
17926,17941
17928,17934
17928,17941
17934,17941
17952,17972
17952,17973
17952,17975
17972,17973
17972,17975
17973,17975
17979,17980
17979,17981
17979,17983
17980,17981
17980,17983
17981,17983
18000,18003
18000,18010
18000,18015
18003,18010
18003,18015
18010,18015
18025,18042
18025,18049
18025,18056
18042,18049
18042,18056
18049,18056
18059,18066
18059,18072
18059,18077
18066,18072
18066,18077
18072,18077
18078,18081
18078,18102
18078,18111
18081,18102
18081,18111
18102,18111
18118,18119
18118,18133
18118,18139
18119,18133
18119,18139
18133,18139
18155,18156
18155,18163
18155,18177
18156,18163
18156,18177
18163,18177
18179,18183
18179,18185
18179,18191
18183,18185
18183,18191
18185,18191
18193,18196
18193,18201
18193,18204
18196,18201
18196,18204
18201,18204
18211,18221
18211,18223
18211,18226
18221,18223
18221,18226
18223,18226
18227,18233
18227,18239
18227,18240
18233,18239
18233,18240
18239,18240
18243,18266
18243,18270
18243,18273
18266,18270
18266,18273
18270,18273
18275,18279
18275,18283
18275,18291
18279,18283
18279,18291
18283,18291
18300,18302
18300,18304
18300,18310
18302,18304
18302,18310
18304,18310
18312,18320
18312,18323
18312,18325
18320,18323
18320,18325
18323,18325
18345,18353
18345,18358
18345,18367
18353,18358
18353,18367
18358,18367
18376,18377
18376,18378
18376,18379
18377,18378
18377,18379
18378,18379
18382,18385
18382,18390
18382,18394
18385,18390
18385,18394
18390,18394
18411,18412
18411,18416
18411,18420
18412,18416
18412,18420
18416,18420
18425,18428
18425,18429
18425,18432
18428,18429
18428,18432
18429,18432
18434,18435
18434,18436
18434,18455
18435,18436
18435,18455
18436,18455
18458,18460
18458,18468
18458,18471
18460,18468
18460,18471
18468,18471
18474,18475
18474,18480
18474,18486
18475,18480
18475,18486
18480,18486
18494,18506
18494,18510
18494,18517
18506,18510
18506,18517
18510,18517
18521,18526
18521,18530
18521,18537
18526,18530
18526,18537
18530,18537
18548,18560
18548,18566
18548,18570
18560,18566
18560,18570
18566,18570
18580,18593
18580,18595
18580,18598
18593,18595
18593,18598
18595,18598
18600,18601
18600,18603
18600,18605
18601,18603
18601,18605
18603,18605
18606,18618
18606,18628
18606,18632
18618,18628
18618,18632
18628,18632
18635,18639
18635,18648
18635,18651
18639,18648
18639,18651
18648,18651
18656,18661
18656,18664
18656,18666
18661,18664
18661,18666
18664,18666
18671,18691
18671,18693
18671,18695
18691,18693
18691,18695
18693,18695
18699,18705
18699,18713
18699,18728
18705,18713
18705,18728
18713,18728
18735,18739
18735,18740
18735,18744
18739,18740
18739,18744
18740,18744
18748,18749
18748,18753
18748,18764
18749,18753
18749,18764
18753,18764
18769,18775
18769,18781
18769,18793
18775,18781
18775,18793
18781,18793
18805,18809
18805,18813
18805,18816
18809,18813
18809,18816
18813,18816
18818,18828
18818,18833
18818,18834
18828,18833
18828,18834
18833,18834
18838,18848
18838,18856
18838,18863
18848,18856
18848,18863
18856,18863
18880,18881
18880,18892
18880,18898
18881,18892
18881,18898
18892,18898
18902,18909
18902,18918
18902,18922
18909,18918
18909,18922
18918,18922
18925,18929
18925,18934
18925,18936
18929,18934
18929,18936
18934,18936
18937,18938
18937,18949
18937,18964
18938,18949
18938,18964
18949,18964
18977,18985
18977,18988
18977,19000
18985,18988
18985,19000
18988,19000
19004,19005
19004,19007
19004,19008
19005,19007
19005,19008
19007,19008
19009,19022
19009,19027
19009,19035
19022,19027
19022,19035
19027,19035
19039,19047
19039,19063
19039,19064
19047,19063
19047,19064
19063,19064
19077,19080
19077,19090
19077,19111
19080,19090
19080,19111
19090,19111
19113,19115
19113,19117
19113,19118
19115,19117
19115,19118
19117,19118
19121,19132
19121,19137
19121,19139
19132,19137
19132,19139
19137,19139
19140,19144
19140,19145
19140,19158
19144,19145
19144,19158
19145,19158
19164,19170
19164,19171
19164,19173
19170,19171
19170,19173
19171,19173
19179,19182
19179,19184
19179,19187
19182,19184
19182,19187
19184,19187
19188,19196
19188,19197
19188,19204
19196,19197
19196,19204
19197,19204
19211,19214
19211,19227
19211,19233
19214,19227
19214,19233
19227,19233
19238,19240
19238,19244
19238,19249
19240,19244
19240,19249
19244,19249
19251,19254
19251,19261
19251,19263
19254,19261
19254,19263
19261,19263
19271,19282
19271,19286
19271,19291
19282,19286
19282,19291
19286,19291
19298,19299
19298,19304
19298,19305
19299,19304
19299,19305
19304,19305
19307,19311
19307,19331
19307,19356
19311,19331
19311,19356
19331,19356
19365,19366
19365,19368
19365,19377
19366,19368
19366,19377
19368,19377
19383,19384
19383,19385
19383,19390
19384,19385
19384,19390
19385,19390
19392,19408
19392,19410
19392,19412
19408,19410
19408,19412
19410,19412
19423,19424
19423,19427
19423,19431
19424,19427
19424,19431
19427,19431
19432,19435
19432,19447
19432,19448
19435,19447
19435,19448
19447,19448
19453,19458
19453,19469
19453,19470
19458,19469
19458,19470
19469,19470
19473,19475
19473,19476
19473,19486
19475,19476
19475,19486
19476,19486
19492,19493
19492,19506
19492,19508
19493,19506
19493,19508
19506,19508
19513,19518
19513,19521
19513,19526
19518,19521
19518,19526
19521,19526
19530,19552
19530,19554
19530,19558
19552,19554
19552,19558
19554,19558
19571,19576
19571,19606
19571,19631
19576,19606
19576,19631
19606,19631
19644,19652
19644,19661
19644,19668
19652,19661
19652,19668
19661,19668
19678,19685
19678,19699
19678,19700
19685,19699
19685,19700
19699,19700
19704,19706
19704,19707
19704,19714
19706,19707
19706,19714
19707,19714
19720,19722
19720,19732
19720,19734
19722,19732
19722,19734
19732,19734
19735,19743
19735,19747
19735,19752
19743,19747
19743,19752
19747,19752
19754,19757
19754,19762
19754,19763
19757,19762
19757,19763
19762,19763
19765,19769
19765,19777
19765,19786
19769,19777
19769,19786
19777,19786
19787,19789
19787,19801
19787,19813
19789,19801
19789,19813
19801,19813
19816,19823
19816,19826
19816,19843
19823,19826
19823,19843
19826,19843
19845,19846
19845,19862
19845,19866
19846,19862
19846,19866
19862,19866
19873,19880
19873,19904
19873,19906
19880,19904
19880,19906
19904,19906
19910,19922
19910,19925
19910,19933
19922,19925
19922,19933
19925,19933
19937,19945
19937,19953
19937,19960
19945,19953
19945,19960
19953,19960
19961,19965
19961,19967
19961,19972
19965,19967
19965,19972
19967,19972
19975,19980
19975,19984
19975,19987
19980,19984
19980,19987
19984,19987
20006,20010
20006,20017
20006,20026
20010,20017
20010,20026
20017,20026
20028,20049
20028,20054
20028,20055
20049,20054
20049,20055
20054,20055
20059,20064
20059,20066
20059,20069
20064,20066
20064,20069
20066,20069
20079,20081
20079,20083
20079,20089
20081,20083
20081,20089
20083,20089
20105,20107
20105,20108
20105,20133
20107,20108
20107,20133
20108,20133
20134,20136
20134,20137
20134,20149
20136,20137
20136,20149
20137,20149
20155,20174
20155,20183
20155,20184
20174,20183
20174,20184
20183,20184
20192,20200
20192,20202
20192,20203
20200,20202
20200,20203
20202,20203
20207,20223
20207,20226
20207,20227
20223,20226
20223,20227
20226,20227
20230,20233
20230,20246
20230,20249
20233,20246
20233,20249
20246,20249
20257,20259
20257,20261
20257,20264
20259,20261
20259,20264
20261,20264
20268,20278
20268,20281
20268,20290
20278,20281
20278,20290
20281,20290
20294,20300
20294,20306
20294,20318
20300,20306
20300,20318
20306,20318
20323,20325
20323,20326
20323,20331
20325,20326
20325,20331
20326,20331
20347,20372
20347,20385
20347,20412
20372,20385
20372,20412
20385,20412
20415,20419
20415,20421
20415,20422
20419,20421
20419,20422
20421,20422
20425,20426
20425,20441
20425,20443
20426,20441
20426,20443
20441,20443
20446,20448
20446,20467
20446,20471
20448,20467
20448,20471
20467,20471
20473,20483
20473,20486
20473,20498
20483,20486
20483,20498
20486,20498
20508,20510
20508,20512
20508,20514
20510,20512
20510,20514
20512,20514
20522,20523
20522,20539
20522,20545
20523,20539
20523,20545
20539,20545
20556,20557
20556,20567
20556,20577
20557,20567
20557,20577
20567,20577
20588,20593
20588,20596
20588,20598
20593,20596
20593,20598
20596,20598
20599,20609
20599,20615
20599,20618
20609,20615
20609,20618
20615,20618
20622,20628
20622,20633
20622,20635
20628,20633
20628,20635
20633,20635
20638,20639
20638,20640
20638,20641
20639,20640
20639,20641
20640,20641
20643,20644
20643,20648
20643,20656
20644,20648
20644,20656
20648,20656
20657,20659
20657,20660
20657,20668
20659,20660
20659,20668
20660,20668
20693,20698
20693,20700
20693,20705
20698,20700
20698,20705
20700,20705
20714,20721
20714,20722
20714,20727
20721,20722
20721,20727
20722,20727
20731,20733
20731,20735
20731,20736
20733,20735
20733,20736
20735,20736
20738,20745
20738,20750
20738,20755
20745,20750
20745,20755
20750,20755
20764,20770
20764,20776
20764,20782
20770,20776
20770,20782
20776,20782
20790,20797
20790,20798
20790,20801
20797,20798
20797,20801
20798,20801
20803,20810
20803,20813
20803,20830
20810,20813
20810,20830
20813,20830
20835,20842
20835,20853
20835,20854
20842,20853
20842,20854
20853,20854
20857,20874
20857,20878
20857,20887
20874,20878
20874,20887
20878,20887
20889,20890
20889,20891
20889,20894
20890,20891
20890,20894
20891,20894
20895,20900
20895,20912
20895,20913
20900,20912
20900,20913
20912,20913
20916,20918
20916,20920
20916,20930
20918,20920
20918,20930
20920,20930
20938,20943
20938,20945
20938,20946
20943,20945
20943,20946
20945,20946
20955,20961
20955,20971
20955,20975
20961,20971
20961,20975
20971,20975
20983,20993
20983,21002
20983,21006
20993,21002
20993,21006
21002,21006
21009,21015
21009,21017
21009,21019
21015,21017
21015,21019
21017,21019
21026,21034
21026,21035
21026,21041
21034,21035
21034,21041
21035,21041
21043,21054
21043,21058
21043,21059
21054,21058
21054,21059
21058,21059
21062,21065
21062,21078
21062,21095
21065,21078
21065,21095
21078,21095
21111,21116
21111,21122
21111,21123
21116,21122
21116,21123
21122,21123
21127,21136
21127,21149
21127,21154
21136,21149
21136,21154
21149,21154
21163,21167
21163,21175
21163,21183
21167,21175
21167,21183
21175,21183
21186,21189
21186,21202
21186,21217
21189,21202
21189,21217
21202,21217
21220,21222
21220,21240
21220,21244
21222,21240
21222,21244
21240,21244
21246,21252
21246,21267
21246,21273
21252,21267
21252,21273
21267,21273
21277,21286
21277,21295
21277,21298
21286,21295
21286,21298
21295,21298
21310,21315
21310,21326
21310,21333
21315,21326
21315,21333
21326,21333
21334,21345
21334,21347
21334,21359
21345,21347
21345,21359
21347,21359
21368,21379
21368,21381
21368,21388
21379,21381
21379,21388
21381,21388
21412,21417
21412,21425
21412,21431
21417,21425
21417,21431
21425,21431
21437,21447
21437,21448
21437,21454
21447,21448
21447,21454
21448,21454
21461,21466
21461,21470
21461,21471
21466,21470
21466,21471
21470,21471
21483,21485
21483,21488
21483,21502
21485,21488
21485,21502
21488,21502
21514,21528
21514,21529
21514,21546
21528,21529
21528,21546
21529,21546
21556,21559
21556,21561
21556,21563
21559,21561
21559,21563
21561,21563
21564,21568
21564,21594
21564,21600
21568,21594
21568,21600
21594,21600
21603,21618
21603,21621
21603,21623
21618,21621
21618,21623
21621,21623
21624,21626
21624,21633
21624,21640
21626,21633
21626,21640
21633,21640
21642,21650
21642,21657
21642,21660
21650,21657
21650,21660
21657,21660
21690,21693
21690,21710
21690,21715
21693,21710
21693,21715
21710,21715
21721,21723
21721,21725
21721,21732
21723,21725
21723,21732
21725,21732
21744,21750
21744,21754
21744,21757
21750,21754
21750,21757
21754,21757
21758,21762
21758,21766
21758,21796
21762,21766
21762,21796
21766,21796
21797,21799
21797,21808
21797,21811
21799,21808
21799,21811
21808,21811
21812,21814
21812,21828
21812,21830
21814,21828
21814,21830
21828,21830
21834,21837
21834,21843
21834,21845
21837,21843
21837,21845
21843,21845
21847,21851
21847,21876
21847,21890
21851,21876
21851,21890
21876,21890
21895,21896
21895,21897
21895,21906
21896,21897
21896,21906
21897,21906
21918,21928
21918,21929
21918,21930
21928,21929
21928,21930
21929,21930
21935,21958
21935,21967
21935,21986
21958,21967
21958,21986
21967,21986
21993,21994
21993,22000
21993,22002
21994,22000
21994,22002
22000,22002
22004,22005
22004,22023
22004,22029
22005,22023
22005,22029
22023,22029
22031,22037
22031,22042
22031,22049
22037,22042
22037,22049
22042,22049
22058,22074
22058,22090
22058,22098
22074,22090
22074,22098
22090,22098
22100,22102
22100,22110
22100,22125
22102,22110
22102,22125
22110,22125
22127,22138
22127,22142
22127,22144
22138,22142
22138,22144
22142,22144
22146,22149
22146,22153
22146,22156
22149,22153
22149,22156
22153,22156
22158,22163
22158,22164
22158,22169
22163,22164
22163,22169
22164,22169
22173,22183
22173,22188
22173,22194
22183,22188
22183,22194
22188,22194
22204,22217
22204,22242
22204,22248
22217,22242
22217,22248
22242,22248
22249,22256
22249,22270
22249,22271
22256,22270
22256,22271
22270,22271
22275,22276
22275,22298
22275,22300
22276,22298
22276,22300
22298,22300
22316,22318
22316,22345
22316,22356
22318,22345
22318,22356
22345,22356
22361,22369
22361,22379
22361,22387
22369,22379
22369,22387
22379,22387
22389,22393
22389,22394
22389,22400
22393,22394
22393,22400
22394,22400
22404,22407
22404,22411
22404,22414
22407,22411
22407,22414
22411,22414
22415,22417
22415,22419
22415,22420
22417,22419
22417,22420
22419,22420
22425,22427
22425,22435
22425,22438
22427,22435
22427,22438
22435,22438
22440,22442
22440,22443
22440,22449
22442,22443
22442,22449
22443,22449
22464,22471
22464,22472
22464,22473
22471,22472
22471,22473
22472,22473
22474,22476
22474,22480
22474,22487
22476,22480
22476,22487
22480,22487
22488,22491
22488,22504
22488,22507
22491,22504
22491,22507
22504,22507
22513,22521
22513,22524
22513,22526
22521,22524
22521,22526
22524,22526
22537,22543
22537,22544
22537,22549
22543,22544
22543,22549
22544,22549
22550,22554
22550,22574
22550,22577
22554,22574
22554,22577
22574,22577
22594,22596
22594,22607
22594,22638
22596,22607
22596,22638
22607,22638
22642,22643
22642,22647
22642,22662
22643,22647
22643,22662
22647,22662
22667,22669
22667,22678
22667,22680
22669,22678
22669,22680
22678,22680
22691,22693
22691,22704
22691,22705
22693,22704
22693,22705
22704,22705
22710,22718
22710,22720
22710,22732
22718,22720
22718,22732
22720,22732
22733,22766
22733,22768
22733,22781
22766,22768
22766,22781
22768,22781
22788,22804
22788,22815
22788,22831
22804,22815
22804,22831
22815,22831
22832,22845
22832,22849
22832,22852
22845,22849
22845,22852
22849,22852
22854,22860
22854,22863
22854,22876
22860,22863
22860,22876
22863,22876
22880,22886
22880,22887
22880,22890
22886,22887
22886,22890
22887,22890
22891,22893
22891,22907
22891,22930
22893,22907
22893,22930
22907,22930
22940,22959
22940,22960
22940,22961
22959,22960
22959,22961
22960,22961
22973,22974
22973,22975
22973,22976
22974,22975
22974,22976
22975,22976
22979,22983
22979,23001
22979,23022
22983,23001
22983,23022
23001,23022
23032,23034
23032,23043
23032,23047
23034,23043
23034,23047
23043,23047
23054,23055
23054,23061
23054,23065
23055,23061
23055,23065
23061,23065
23071,23076
23071,23079
23071,23083
23076,23079
23076,23083
23079,23083
23110,23111
23110,23112
23110,23115
23111,23112
23111,23115
23112,23115
23123,23136
23123,23145
23123,23158
23136,23145
23136,23158
23145,23158
23160,23178
23160,23183
23160,23195
23178,23183
23178,23195
23183,23195
23211,23218
23211,23220
23211,23226
23218,23220
23218,23226
23220,23226
23228,23231
23228,23261
23228,23265
23231,23261
23231,23265
23261,23265
23266,23268
23266,23278
23266,23299
23268,23278
23268,23299
23278,23299
23302,23305
23302,23306
23302,23309
23305,23306
23305,23309
23306,23309
23311,23315
23311,23320
23311,23323
23315,23320
23315,23323
23320,23323
23324,23336
23324,23340
23324,23348
23336,23340
23336,23348
23340,23348
23379,23382
23379,23391
23379,23393
23382,23391
23382,23393
23391,23393
23403,23417
23403,23439
23403,23446
23417,23439
23417,23446
23439,23446
23449,23451
23449,23464
23449,23466
23451,23464
23451,23466
23464,23466
23467,23472
23467,23473
23467,23477
23472,23473
23472,23477
23473,23477
23479,23480
23479,23486
23479,23492
23480,23486
23480,23492
23486,23492
23494,23495
23494,23497
23494,23509
23495,23497
23495,23509
23497,23509
23516,23517
23516,23521
23516,23544
23517,23521
23517,23544
23521,23544
23545,23546
23545,23548
23545,23557
23546,23548
23546,23557
23548,23557
23573,23577
23573,23587
23573,23589
23577,23587
23577,23589
23587,23589
23599,23601
23599,23625
23599,23626
23601,23625
23601,23626
23625,23626
23628,23638
23628,23646
23628,23655
23638,23646
23638,23655
23646,23655
23656,23664
23656,23668
23656,23679
23664,23668
23664,23679
23668,23679
23689,23690
23689,23705
23689,23708
23690,23705
23690,23708
23705,23708
23715,23719
23715,23721
23715,23727
23719,23721
23719,23727
23721,23727
23737,23747
23737,23748
23737,23750
23747,23748
23747,23750
23748,23750
23760,23763
23760,23765
23760,23770
23763,23765
23763,23770
23765,23770
23773,23774
23773,23777
23773,23782
23774,23777
23774,23782
23777,23782
23783,23793
23783,23798
23783,23804
23793,23798
23793,23804
23798,23804
23809,23812
23809,23814
23809,23816
23812,23814
23812,23816
23814,23816
23819,23821
23819,23829
23819,23834
23821,23829
23821,23834
23829,23834
23836,23840
23836,23841
23836,23842
23840,23841
23840,23842
23841,23842
23856,23857
23856,23858
23856,23859
23857,23858
23857,23859
23858,23859
23871,23894
23871,23895
23871,23912
23894,23895
23894,23912
23895,23912
23935,23954
23935,23955
23935,23974
23954,23955
23954,23974
23955,23974
23975,23985
23975,23987
23975,23992
23985,23987
23985,23992
23987,23992
23996,24005
23996,24024
23996,24030
24005,24024
24005,24030
24024,24030
24036,24039
24036,24046
24036,24050
24039,24046
24039,24050
24046,24050
24054,24055
24054,24061
24054,24064
24055,24061
24055,24064
24061,24064
24066,24071
24066,24085
24066,24087
24071,24085
24071,24087
24085,24087
24100,24109
24100,24117
24100,24119
24109,24117
24109,24119
24117,24119
24122,24125
24122,24129
24122,24130
24125,24129
24125,24130
24129,24130
24143,24152
24143,24153
24143,24162
24152,24153
24152,24162
24153,24162
24164,24179
24164,24182
24164,24197
24179,24182
24179,24197
24182,24197
24200,24201
24200,24203
24200,24214
24201,24203
24201,24214
24203,24214
24221,24229
24221,24233
24221,24240
24229,24233
24229,24240
24233,24240
24259,24260
24259,24265
24259,24269
24260,24265
24260,24269
24265,24269
24271,24276
24271,24278
24271,24283
24276,24278
24276,24283
24278,24283
24316,24348
24316,24349
24316,24351
24348,24349
24348,24351
24349,24351
24354,24361
24354,24363
24354,24364
24361,24363
24361,24364
24363,24364
24371,24377
24371,24387
24371,24393
24377,24387
24377,24393
24387,24393
24395,24400
24395,24401
24395,24407
24400,24401
24400,24407
24401,24407
24414,24421
24414,24446
24414,24447
24421,24446
24421,24447
24446,24447
24451,24460
24451,24477
24451,24482
24460,24477
24460,24482
24477,24482
24510,24522
24510,24531
24510,24539
24522,24531
24522,24539
24531,24539
24543,24547
24543,24553
24543,24572
24547,24553
24547,24572
24553,24572
24580,24588
24580,24589
24580,24593
24588,24589
24588,24593
24589,24593
24599,24604
24599,24607
24599,24621
24604,24607
24604,24621
24607,24621
24622,24623
24622,24625
24622,24633
24623,24625
24623,24633
24625,24633
24640,24649
24640,24650
24640,24652
24649,24650
24649,24652
24650,24652
24661,24662
24661,24715
24661,24726
24662,24715
24662,24726
24715,24726
24737,24739
24737,24749
24737,24756
24739,24749
24739,24756
24749,24756
24764,24767
24764,24771
24764,24787
24767,24771
24767,24787
24771,24787
24799,24804
24799,24819
24799,24822
24804,24819
24804,24822
24819,24822
24826,24838
24826,24840
24826,24842
24838,24840
24838,24842
24840,24842
24856,24857
24856,24858
24856,24864
24857,24858
24857,24864
24858,24864
24868,24888
24868,24911
24868,24930
24888,24911
24888,24930
24911,24930
24946,24950
24946,24957
24946,24960
24950,24957
24950,24960
24957,24960
24967,24971
24967,24972
24967,24985
24971,24972
24971,24985
24972,24985
24999,25004
24999,25012
24999,25013
25004,25012
25004,25013
25012,25013
25027,25034
25027,25040
25027,25046
25034,25040
25034,25046
25040,25046
25049,25055
25049,25056
25049,25066
25055,25056
25055,25066
25056,25066
25069,25072
25069,25074
25069,25087
25072,25074
25072,25087
25074,25087
25088,25089
25088,25091
25088,25095
25089,25091
25089,25095
25091,25095
25097,25098
25097,25103
25097,25106
25098,25103
25098,25106
25103,25106
25108,25117
25108,25120
25108,25134
25117,25120
25117,25134
25120,25134
25135,25139
25135,25145
25135,25150
25139,25145
25139,25150
25145,25150
25156,25177
25156,25181
25156,25188
25177,25181
25177,25188
25181,25188
25190,25191
25190,25196
25190,25198
25191,25196
25191,25198
25196,25198
25226,25228
25226,25230
25226,25239
25228,25230
25228,25239
25230,25239
25240,25248
25240,25268
25240,25278
25248,25268
25248,25278
25268,25278
25283,25284
25283,25290
25283,25292
25284,25290
25284,25292
25290,25292
25294,25298
25294,25308
25294,25326
25298,25308
25298,25326
25308,25326
25336,25337
25336,25339
25336,25345
25337,25339
25337,25345
25339,25345
25346,25347
25346,25348
25346,25349
25347,25348
25347,25349
25348,25349
25356,25359
25356,25363
25356,25366
25359,25363
25359,25366
25363,25366
25388,25392
25388,25397
25388,25413
25392,25397
25392,25413
25397,25413
25426,25455
25426,25457
25426,25458
25455,25457
25455,25458
25457,25458
25462,25471
25462,25480
25462,25488
25471,25480
25471,25488
25480,25488
25491,25498
25491,25499
25491,25513
25498,25499
25498,25513
25499,25513
25518,25520
25518,25523
25518,25525
25520,25523
25520,25525
25523,25525
25526,25530
25526,25531
25526,25533
25530,25531
25530,25533
25531,25533
25534,25536
25534,25538
25534,25542
25536,25538
25536,25542
25538,25542
25543,25546
25543,25553
25543,25555
25546,25553
25546,25555
25553,25555
25573,25586
25573,25591
25573,25593
25586,25591
25586,25593
25591,25593
25606,25643
25606,25648
25606,25653
25643,25648
25643,25653
25648,25653
25660,25672
25660,25676
25660,25679
25672,25676
25672,25679
25676,25679
25684,25686
25684,25691
25684,25693
25686,25691
25686,25693
25691,25693
25696,25701
25696,25704
25696,25714
25701,25704
25701,25714
25704,25714
25722,25727
25722,25739
25722,25740
25727,25739
25727,25740
25739,25740
25742,25755
25742,25770
25742,25787
25755,25770
25755,25787
25770,25787
25788,25789
25788,25798
25788,25802
25789,25798
25789,25802
25798,25802
25804,25807
25804,25824
25804,25833
25807,25824
25807,25833
25824,25833
25874,25876
25874,25879
25874,25882
25876,25879
25876,25882
25879,25882
25884,25891
25884,25896
25884,25911
25891,25896
25891,25911
25896,25911
25922,25923
25922,25929
25922,25939
25923,25929
25923,25939
25929,25939
25940,25944
25940,25945
25940,25953
25944,25945
25944,25953
25945,25953
25962,25968
25962,25974
25962,25976
25968,25974
25968,25976
25974,25976
25978,25980
25978,25987
25978,25991
25980,25987
25980,25991
25987,25991
25996,26003
25996,26007
25996,26009
26003,26007
26003,26009
26007,26009
26010,26012
26010,26017
26010,26018
26012,26017
26012,26018
26017,26018
26051,26052
26051,26062
26051,26072
26052,26062
26052,26072
26062,26072
26086,26094
26086,26096
26086,26105
26094,26096
26094,26105
26096,26105
26118,26120
26118,26126
26118,26127
26120,26126
26120,26127
26126,26127
26138,26153
26138,26156
26138,26167
26153,26156
26153,26167
26156,26167
26171,26173
26171,26175
26171,26178
26173,26175
26173,26178
26175,26178
26182,26185
26182,26196
26182,26202
26185,26196
26185,26202
26196,26202
26204,26210
26204,26217
26204,26224
26210,26217
26210,26224
26217,26224
26238,26247
26238,26250
26238,26255
26247,26250
26247,26255
26250,26255
26264,26278
26264,26284
26264,26285
26278,26284
26278,26285
26284,26285
26286,26294
26286,26314
26286,26316
26294,26314
26294,26316
26314,26316
26323,26328
26323,26329
26323,26337
26328,26329
26328,26337
26329,26337
26338,26343
26338,26348
26338,26349
26343,26348
26343,26349
26348,26349
26352,26355
26352,26360
26352,26363
26355,26360
26355,26363
26360,26363
26371,26376
26371,26378
26371,26389
26376,26378
26376,26389
26378,26389
26391,26393
26391,26396
26391,26397
26393,26396
26393,26397
26396,26397
26404,26407
26404,26411
26404,26413
26407,26411
26407,26413
26411,26413
26426,26428
26426,26429
26426,26434
26428,26429
26428,26434
26429,26434
26436,26437
26436,26447
26436,26449
26437,26447
26437,26449
26447,26449
26450,26451
26450,26466
26450,26473
26451,26466
26451,26473
26466,26473
26475,26479
26475,26481
26475,26483
26479,26481
26479,26483
26481,26483
26494,26501
26494,26518
26494,26519
26501,26518
26501,26519
26518,26519
26527,26533
26527,26536
26527,26539
26533,26536
26533,26539
26536,26539
26541,26542
26541,26548
26541,26549
26542,26548
26542,26549
26548,26549
26552,26564
26552,26571
26552,26588
26564,26571
26564,26588
26571,26588
26589,26600
26589,26603
26589,26609
26600,26603
26600,26609
26603,26609
26612,26614
26612,26615
26612,26622
26614,26615
26614,26622
26615,26622
26627,26639
26627,26648
26627,26654
26639,26648
26639,26654
26648,26654
26661,26669
26661,26671
26661,26679
26669,26671
26669,26679
26671,26679
26686,26688
26686,26691
26686,26692
26688,26691
26688,26692
26691,26692
26697,26704
26697,26713
26697,26717
26704,26713
26704,26717
26713,26717
26723,26733
26723,26736
26723,26742
26733,26736
26733,26742
26736,26742
26749,26755
26749,26773
26749,26776
26755,26773
26755,26776
26773,26776
26778,26787
26778,26795
26778,26806
26787,26795
26787,26806
26795,26806
26807,26824
26807,26828
26807,26835
26824,26828
26824,26835
26828,26835
26837,26840
26837,26843
26837,26865
26840,26843
26840,26865
26843,26865
26866,26867
26866,26873
26866,26879
26867,26873
26867,26879
26873,26879
26884,26888
26884,26889
26884,26897
26888,26889
26888,26897
26889,26897
26898,26901
26898,26902
26898,26920
26901,26902
26901,26920
26902,26920
26921,26926
26921,26927
26921,26929
26926,26927
26926,26929
26927,26929
26932,26948
26932,26953
26932,26960
26948,26953
26948,26960
26953,26960
26967,26977
26967,26998
26967,27004
26977,26998
26977,27004
26998,27004
27007,27044
27007,27045
27007,27051
27044,27045
27044,27051
27045,27051
27056,27063
27056,27065
27056,27067
27063,27065
27063,27067
27065,27067
27086,27095
27086,27104
27086,27112
27095,27104
27095,27112
27104,27112
27114,27121
27114,27127
27114,27128
27121,27127
27121,27128
27127,27128
27133,27137
27133,27138
27133,27141
27137,27138
27137,27141
27138,27141
27150,27159
27150,27164
27150,27171
27159,27164
27159,27171
27164,27171
27176,27177
27176,27178
27176,27198
27177,27178
27177,27198
27178,27198
27202,27207
27202,27208
27202,27209
27207,27208
27207,27209
27208,27209
27215,27216
27215,27228
27215,27229
27216,27228
27216,27229
27228,27229
27241,27243
27241,27249
27241,27250
27243,27249
27243,27250
27249,27250
27259,27266
27259,27275
27259,27278
27266,27275
27266,27278
27275,27278
27281,27302
27281,27307
27281,27308
27302,27307
27302,27308
27307,27308
27312,27313
27312,27320
27312,27322
27313,27320
27313,27322
27320,27322
27326,27327
27326,27328
27326,27329
27327,27328
27327,27329
27328,27329
27331,27343
27331,27345
27331,27347
27343,27345
27343,27347
27345,27347
27366,27377
27366,27386
27366,27391
27377,27386
27377,27391
27386,27391
27395,27396
27395,27401
27395,27404
27396,27401
27396,27404
27401,27404
27406,27435
27406,27438
27406,27445
27435,27438
27435,27445
27438,27445
1,12
1,13
1,17
1,26
12,13
12,17
12,26
13,17
13,26
17,26
29,30
29,40
29,48
29,79
30,40
30,48
30,79
40,48
40,79
48,79
86,89
86,104
86,107
86,108
89,104
89,107
89,108
104,107
104,108
107,108
109,114
109,139
109,147
109,154
114,139
114,147
114,154
139,147
139,154
147,154
158,159
158,160
158,170
158,186
159,160
159,170
159,186
160,170
160,186
170,186
188,230
188,252
188,273
188,329
230,252
230,273
230,329
252,273
252,329
273,329
344,348
344,353
344,361
344,371
348,353
348,361
348,371
353,361
353,371
361,371
397,427
397,451
397,458
397,486
427,451
427,458
427,486
451,458
451,486
458,486
490,505
490,553
490,556
490,569
505,553
505,556
505,569
553,556
553,569
556,569
588,616
588,624
588,644
588,649
616,624
616,644
616,649
624,644
624,649
644,649
659,660
659,667
659,675
659,686
660,667
660,675
660,686
667,675
667,686
675,686
714,719
714,728
714,733
714,757
719,728
719,733
719,757
728,733
728,757
733,757
759,792
759,798
759,814
759,834
792,798
792,814
792,834
798,814
798,834
814,834
850,853
850,891
850,916
850,925
853,891
853,916
853,925
891,916
891,925
916,925
939,952
939,959
939,964
939,999
952,959
952,964
952,999
959,964
959,999
964,999
1018,1043
1018,1095
1018,1099
1018,1122
1043,1095
1043,1099
1043,1122
1095,1099
1095,1122
1099,1122
1127,1131
1127,1192
1127,1208
1127,1209
1131,1192
1131,1208
1131,1209
1192,1208
1192,1209
1208,1209
1221,1222
1221,1241
1221,1248
1221,1250
1222,1241
1222,1248
1222,1250
1241,1248
1241,1250
1248,1250
1265,1277
1265,1293
1265,1298
1265,1301
1277,1293
1277,1298
1277,1301
1293,1298
1293,1301
1298,1301
1319,1360
1319,1366
1319,1369
1319,1395
1360,1366
1360,1369
1360,1395
1366,1369
1366,1395
1369,1395
1424,1426
1424,1427
1424,1462
1424,1496
1426,1427
1426,1462
1426,1496
1427,1462
1427,1496
1462,1496
1501,1507
1501,1518
1501,1527
1501,1535
1507,1518
1507,1527
1507,1535
1518,1527
1518,1535
1527,1535
1559,1581
1559,1582
1559,1596
1559,1602
1581,1582
1581,1596
1581,1602
1582,1596
1582,1602
1596,1602
1613,1628
1613,1638
1613,1649
1613,1657
1628,1638
1628,1649
1628,1657
1638,1649
1638,1657
1649,1657
1668,1683
1668,1705
1668,1725
1668,1728
1683,1705
1683,1725
1683,1728
1705,1725
1705,1728
1725,1728
1751,1780
1751,1809
1751,1813
1751,1830
1780,1809
1780,1813
1780,1830
1809,1813
1809,1830
1813,1830
1832,1848
1832,1849
1832,1854
1832,1860
1848,1849
1848,1854
1848,1860
1849,1854
1849,1860
1854,1860
1886,1898
1886,1901
1886,1916
1886,1944
1898,1901
1898,1916
1898,1944
1901,1916
1901,1944
1916,1944
1976,1980
1976,1988
1976,2026
1976,2043
1980,1988
1980,2026
1980,2043
1988,2026
1988,2043
2026,2043
2044,2067
2044,2068
2044,2087
2044,2116
2067,2068
2067,2087
2067,2116
2068,2087
2068,2116
2087,2116
2123,2133
2123,2135
2123,2162
2123,2171
2133,2135
2133,2162
2133,2171
2135,2162
2135,2171
2162,2171
2174,2239
2174,2251
2174,2252
2174,2258
2239,2251
2239,2252
2239,2258
2251,2252
2251,2258
2252,2258
2277,2282
2277,2292
2277,2317
2277,2327
2282,2292
2282,2317
2282,2327
2292,2317
2292,2327
2317,2327
2333,2336
2333,2354
2333,2406
2333,2408
2336,2354
2336,2406
2336,2408
2354,2406
2354,2408
2406,2408
2411,2416
2411,2432
2411,2444
2411,2445
2416,2432
2416,2444
2416,2445
2432,2444
2432,2445
2444,2445
2471,2506
2471,2509
2471,2555
2471,2576
2506,2509
2506,2555
2506,2576
2509,2555
2509,2576
2555,2576
2580,2582
2580,2587
2580,2591
2580,2606
2582,2587
2582,2591
2582,2606
2587,2591
2587,2606
2591,2606
2620,2647
2620,2648
2620,2662
2620,2664
2647,2648
2647,2662
2647,2664
2648,2662
2648,2664
2662,2664
2701,2704
2701,2721
2701,2739
2701,2754
2704,2721
2704,2739
2704,2754
2721,2739
2721,2754
2739,2754
2759,2763
2759,2772
2759,2814
2759,2829
2763,2772
2763,2814
2763,2829
2772,2814
2772,2829
2814,2829
2833,2847
2833,2856
2833,2872
2833,2885
2847,2856
2847,2872
2847,2885
2856,2872
2856,2885
2872,2885
2978,2980
2978,3008
2978,3015
2978,3026
2980,3008
2980,3015
2980,3026
3008,3015
3008,3026
3015,3026
3027,3028
3027,3038
3027,3044
3027,3046
3028,3038
3028,3044
3028,3046
3038,3044
3038,3046
3044,3046
3061,3063
3061,3087
3061,3108
3061,3113
3063,3087
3063,3108
3063,3113
3087,3108
3087,3113
3108,3113
3115,3118
3115,3126
3115,3132
3115,3134
3118,3126
3118,3132
3118,3134
3126,3132
3126,3134
3132,3134
3136,3174
3136,3212
3136,3215
3136,3249
3174,3212
3174,3215
3174,3249
3212,3215
3212,3249
3215,3249
3251,3261
3251,3277
3251,3293
3251,3297
3261,3277
3261,3293
3261,3297
3277,3293
3277,3297
3293,3297
3318,3328
3318,3336
3318,3351
3318,3384
3328,3336
3328,3351
3328,3384
3336,3351
3336,3384
3351,3384
3406,3431
3406,3442
3406,3443
3406,3445
3431,3442
3431,3443
3431,3445
3442,3443
3442,3445
3443,3445
3446,3486
3446,3495
3446,3519
3446,3537
3486,3495
3486,3519
3486,3537
3495,3519
3495,3537
3519,3537
3573,3576
3573,3578
3573,3585
3573,3592
3576,3578
3576,3585
3576,3592
3578,3585
3578,3592
3585,3592
3594,3599
3594,3613
3594,3620
3594,3625
3599,3613
3599,3620
3599,3625
3613,3620
3613,3625
3620,3625
3630,3639
3630,3649
3630,3666
3630,3671
3639,3649
3639,3666
3639,3671
3649,3666
3649,3671
3666,3671
3682,3684
3682,3686
3682,3687
3682,3696
3684,3686
3684,3687
3684,3696
3686,3687
3686,3696
3687,3696
3722,3751
3722,3755
3722,3768
3722,3780
3751,3755
3751,3768
3751,3780
3755,3768
3755,3780
3768,3780
3783,3840
3783,3843
3783,3847
3783,3859
3840,3843
3840,3847
3840,3859
3843,3847
3843,3859
3847,3859
3867,3870
3867,3875
3867,3884
3867,3889
3870,3875
3870,3884
3870,3889
3875,3884
3875,3889
3884,3889
3890,3925
3890,3933
3890,3937
3890,3960
3925,3933
3925,3937
3925,3960
3933,3937
3933,3960
3937,3960
3996,4001
3996,4009
3996,4034
3996,4053
4001,4009
4001,4034
4001,4053
4009,4034
4009,4053
4034,4053
4065,4088
4065,4099
4065,4124
4065,4150
4088,4099
4088,4124
4088,4150
4099,4124
4099,4150
4124,4150
4183,4185
4183,4194
4183,4202
4183,4228
4185,4194
4185,4202
4185,4228
4194,4202
4194,4228
4202,4228
4230,4231
4230,4262
4230,4270
4230,4281
4231,4262
4231,4270
4231,4281
4262,4270
4262,4281
4270,4281
4284,4285
4284,4289
4284,4294
4284,4296
4285,4289
4285,4294
4285,4296
4289,4294
4289,4296
4294,4296
4305,4326
4305,4330
4305,4360
4305,4385
4326,4330
4326,4360
4326,4385
4330,4360
4330,4385
4360,4385
4401,4419
4401,4421
4401,4427
4401,4445
4419,4421
4419,4427
4419,4445
4421,4427
4421,4445
4427,4445
4447,4478
4447,4493
4447,4494
4447,4497
4478,4493
4478,4494
4478,4497
4493,4494
4493,4497
4494,4497
4499,4521
4499,4530
4499,4533
4499,4551
4521,4530
4521,4533
4521,4551
4530,4533
4530,4551
4533,4551
4557,4597
4557,4614
4557,4624
4557,4626
4597,4614
4597,4624
4597,4626
4614,4624
4614,4626
4624,4626
4660,4664
4660,4678
4660,4706
4660,4726
4664,4678
4664,4706
4664,4726
4678,4706
4678,4726
4706,4726
4739,4742
4739,4753
4739,4788
4739,4792
4742,4753
4742,4788
4742,4792
4753,4788
4753,4792
4788,4792
4799,4800
4799,4806
4799,4808
4799,4822
4800,4806
4800,4808
4800,4822
4806,4808
4806,4822
4808,4822
4842,4845
4842,4854
4842,4876
4842,4892
4845,4854
4845,4876
4845,4892
4854,4876
4854,4892
4876,4892
4896,4915
4896,4919
4896,4927
4896,4962
4915,4919
4915,4927
4915,4962
4919,4927
4919,4962
4927,4962
4977,5056
4977,5065
4977,5085
4977,5092
5056,5065
5056,5085
5056,5092
5065,5085
5065,5092
5085,5092
5120,5144
5120,5156
5120,5163
5120,5167
5144,5156
5144,5163
5144,5167
5156,5163
5156,5167
5163,5167
5170,5173
5170,5176
5170,5182
5170,5189
5173,5176
5173,5182
5173,5189
5176,5182
5176,5189
5182,5189
5210,5222
5210,5223
5210,5235
5210,5239
5222,5223
5222,5235
5222,5239
5223,5235
5223,5239
5235,5239
5276,5307
5276,5322
5276,5400
5276,5407
5307,5322
5307,5400
5307,5407
5322,5400
5322,5407
5400,5407
5408,5411
5408,5434
5408,5445
5408,5459
5411,5434
5411,5445
5411,5459
5434,5445
5434,5459
5445,5459
5462,5464
5462,5472
5462,5507
5462,5529
5464,5472
5464,5507
5464,5529
5472,5507
5472,5529
5507,5529
5538,5542
5538,5543
5538,5566
5538,5571
5542,5543
5542,5566
5542,5571
5543,5566
5543,5571
5566,5571
5577,5580
5577,5590
5577,5595
5577,5600
5580,5590
5580,5595
5580,5600
5590,5595
5590,5600
5595,5600
5606,5608
5606,5617
5606,5623
5606,5632
5608,5617
5608,5623
5608,5632
5617,5623
5617,5632
5623,5632
5636,5649
5636,5652
5636,5654
5636,5670
5649,5652
5649,5654
5649,5670
5652,5654
5652,5670
5654,5670
5673,5674
5673,5687
5673,5691
5673,5729
5674,5687
5674,5691
5674,5729
5687,5691
5687,5729
5691,5729
5740,5755
5740,5775
5740,5830
5740,5838
5755,5775
5755,5830
5755,5838
5775,5830
5775,5838
5830,5838
5846,5854
5846,5859
5846,5869
5846,5879
5854,5859
5854,5869
5854,5879
5859,5869
5859,5879
5869,5879
5926,5933
5926,5934
5926,5942
5926,5949
5933,5934
5933,5942
5933,5949
5934,5942
5934,5949
5942,5949
5963,5969
5963,5975
5963,5977
5963,5999
5969,5975
5969,5977
5969,5999
5975,5977
5975,5999
5977,5999
6001,6022
6001,6026
6001,6031
6001,6047
6022,6026
6022,6031
6022,6047
6026,6031
6026,6047
6031,6047
6067,6079
6067,6087
6067,6094
6067,6095
6079,6087
6079,6094
6079,6095
6087,6094
6087,6095
6094,6095
6104,6109
6104,6121
6104,6141
6104,6149
6109,6121
6109,6141
6109,6149
6121,6141
6121,6149
6141,6149
6157,6161
6157,6170
6157,6184
6157,6201
6161,6170
6161,6184
6161,6201
6170,6184
6170,6201
6184,6201
6224,6238
6224,6243
6224,6320
6224,6404
6238,6243
6238,6320
6238,6404
6243,6320
6243,6404
6320,6404
6443,6472
6443,6485
6443,6492
6443,6493
6472,6485
6472,6492
6472,6493
6485,6492
6485,6493
6492,6493
6508,6514
6508,6523
6508,6536
6508,6549
6514,6523
6514,6536
6514,6549
6523,6536
6523,6549
6536,6549
6555,6562
6555,6587
6555,6588
6555,6597
6562,6587
6562,6588
6562,6597
6587,6588
6587,6597
6588,6597
6609,6614
6609,6621
6609,6656
6609,6687
6614,6621
6614,6656
6614,6687
6621,6656
6621,6687
6656,6687
6701,6739
6701,6743
6701,6751
6701,6762
6739,6743
6739,6751
6739,6762
6743,6751
6743,6762
6751,6762
6776,6806
6776,6812
6776,6844
6776,6886
6806,6812
6806,6844
6806,6886
6812,6844
6812,6886
6844,6886
6899,6909
6899,6923
6899,6924
6899,6933
6909,6923
6909,6924
6909,6933
6923,6924
6923,6933
6924,6933
6940,6948
6940,7016
6940,7021
6940,7026
6948,7016
6948,7021
6948,7026
7016,7021
7016,7026
7021,7026
7029,7045
7029,7046
7029,7077
7029,7078
7045,7046
7045,7077
7045,7078
7046,7077
7046,7078
7077,7078
7122,7133
7122,7155
7122,7171
7122,7177
7133,7155
7133,7171
7133,7177
7155,7171
7155,7177
7171,7177
7178,7180
7178,7187
7178,7194
7178,7199
7180,7187
7180,7194
7180,7199
7187,7194
7187,7199
7194,7199
7211,7250
7211,7295
7211,7345
7211,7365
7250,7295
7250,7345
7250,7365
7295,7345
7295,7365
7345,7365
7392,7393
7392,7397
7392,7420
7392,7423
7393,7397
7393,7420
7393,7423
7397,7420
7397,7423
7420,7423
7432,7484
7432,7485
7432,7486
7432,7492
7484,7485
7484,7486
7484,7492
7485,7486
7485,7492
7486,7492
7524,7536
7524,7546
7524,7553
7524,7579
7536,7546
7536,7553
7536,7579
7546,7553
7546,7579
7553,7579
7617,7627
7617,7634
7617,7666
7617,7681
7627,7634
7627,7666
7627,7681
7634,7666
7634,7681
7666,7681
7732,7768
7732,7769
7732,7793
7732,7794
7768,7769
7768,7793
7768,7794
7769,7793
7769,7794
7793,7794
7810,7814
7810,7843
7810,7851
7810,7869
7814,7843
7814,7851
7814,7869
7843,7851
7843,7869
7851,7869
7874,7945
7874,7962
7874,7966
7874,7975
7945,7962
7945,7966
7945,7975
7962,7966
7962,7975
7966,7975
7976,7982
7976,8003
7976,8012
7976,8038
7982,8003
7982,8012
7982,8038
8003,8012
8003,8038
8012,8038
8072,8094
8072,8132
8072,8138
8072,8179
8094,8132
8094,8138
8094,8179
8132,8138
8132,8179
8138,8179
8180,8182
8180,8218
8180,8248
8180,8255
8182,8218
8182,8248
8182,8255
8218,8248
8218,8255
8248,8255
8262,8274
8262,8278
8262,8284
8262,8286
8274,8278
8274,8284
8274,8286
8278,8284
8278,8286
8284,8286
8297,8346
8297,8359
8297,8371
8297,8378
8346,8359
8346,8371
8346,8378
8359,8371
8359,8378
8371,8378
8390,8396
8390,8426
8390,8436
8390,8457
8396,8426
8396,8436
8396,8457
8426,8436
8426,8457
8436,8457
8462,8468
8462,8477
8462,8479
8462,8493
8468,8477
8468,8479
8468,8493
8477,8479
8477,8493
8479,8493
8501,8520
8501,8525
8501,8536
8501,8543
8520,8525
8520,8536
8520,8543
8525,8536
8525,8543
8536,8543
8557,8598
8557,8622
8557,8626
8557,8635
8598,8622
8598,8626
8598,8635
8622,8626
8622,8635
8626,8635
8639,8647
8639,8664
8639,8698
8639,8705
8647,8664
8647,8698
8647,8705
8664,8698
8664,8705
8698,8705
8707,8711
8707,8718
8707,8722
8707,8725
8711,8718
8711,8722
8711,8725
8718,8722
8718,8725
8722,8725
8737,8764
8737,8771
8737,8798
8737,8804
8764,8771
8764,8798
8764,8804
8771,8798
8771,8804
8798,8804
8805,8825
8805,8828
8805,8829
8805,8831
8825,8828
8825,8829
8825,8831
8828,8829
8828,8831
8829,8831
8844,8851
8844,8866
8844,8918
8844,8920
8851,8866
8851,8918
8851,8920
8866,8918
8866,8920
8918,8920
8940,8961
8940,8963
8940,8987
8940,8988
8961,8963
8961,8987
8961,8988
8963,8987
8963,8988
8987,8988
9029,9036
9029,9039
9029,9043
9029,9052
9036,9039
9036,9043
9036,9052
9039,9043
9039,9052
9043,9052
9090,9102
9090,9105
9090,9123
9090,9185
9102,9105
9102,9123
9102,9185
9105,9123
9105,9185
9123,9185
9193,9194
9193,9202
9193,9227
9193,9239
9194,9202
9194,9227
9194,9239
9202,9227
9202,9239
9227,9239
9256,9260
9256,9274
9256,9284
9256,9293
9260,9274
9260,9284
9260,9293
9274,9284
9274,9293
9284,9293
9296,9311
9296,9312
9296,9333
9296,9350
9311,9312
9311,9333
9311,9350
9312,9333
9312,9350
9333,9350
9355,9362
9355,9366
9355,9382
9355,9388
9362,9366
9362,9382
9362,9388
9366,9382
9366,9388
9382,9388
9425,9442
9425,9489
9425,9494
9425,9499
9442,9489
9442,9494
9442,9499
9489,9494
9489,9499
9494,9499
9501,9504
9501,9532
9501,9551
9501,9569
9504,9532
9504,9551
9504,9569
9532,9551
9532,9569
9551,9569
9581,9591
9581,9606
9581,9613
9581,9635
9591,9606
9591,9613
9591,9635
9606,9613
9606,9635
9613,9635
9637,9639
9637,9652
9637,9699
9637,9728
9639,9652
9639,9699
9639,9728
9652,9699
9652,9728
9699,9728
9739,9768
9739,9796
9739,9798
9739,9816
9768,9796
9768,9798
9768,9816
9796,9798
9796,9816
9798,9816
9830,9834
9830,9845
9830,9846
9830,9874
9834,9845
9834,9846
9834,9874
9845,9846
9845,9874
9846,9874
9892,9911
9892,9936
9892,9937
9892,9944
9911,9936
9911,9937
9911,9944
9936,9937
9936,9944
9937,9944
9955,9986
9955,10002
9955,10010
9955,10063
9986,10002
9986,10010
9986,10063
10002,10010
10002,10063
10010,10063
10074,10090
10074,10113
10074,10121
10074,10127
10090,10113
10090,10121
10090,10127
10113,10121
10113,10127
10121,10127
10183,10196
10183,10213
10183,10227
10183,10235
10196,10213
10196,10227
10196,10235
10213,10227
10213,10235
10227,10235
10254,10255
10254,10333
10254,10336
10254,10394
10255,10333
10255,10336
10255,10394
10333,10336
10333,10394
10336,10394
10396,10399
10396,10407
10396,10412
10396,10415
10399,10407
10399,10412
10399,10415
10407,10412
10407,10415
10412,10415
10436,10471
10436,10481
10436,10485
10436,10489
10471,10481
10471,10485
10471,10489
10481,10485
10481,10489
10485,10489
10494,10501
10494,10511
10494,10549
10494,10587
10501,10511
10501,10549
10501,10587
10511,10549
10511,10587
10549,10587
10600,10615
10600,10620
10600,10643
10600,10677
10615,10620
10615,10643
10615,10677
10620,10643
10620,10677
10643,10677
10682,10692
10682,10707
10682,10710
10682,10715
10692,10707
10692,10710
10692,10715
10707,10710
10707,10715
10710,10715
10725,10734
10725,10748
10725,10750
10725,10756
10734,10748
10734,10750
10734,10756
10748,10750
10748,10756
10750,10756
10758,10759
10758,10762
10758,10770
10758,10771
10759,10762
10759,10770
10759,10771
10762,10770
10762,10771
10770,10771
10788,10794
10788,10800
10788,10835
10788,10845
10794,10800
10794,10835
10794,10845
10800,10835
10800,10845
10835,10845
10870,10904
10870,10906
10870,10909
10870,10913
10904,10906
10904,10909
10904,10913
10906,10909
10906,10913
10909,10913
10936,10951
10936,10975
10936,10981
10936,11002
10951,10975
10951,10981
10951,11002
10975,10981
10975,11002
10981,11002
11010,11024
11010,11036
11010,11044
11010,11064
11024,11036
11024,11044
11024,11064
11036,11044
11036,11064
11044,11064
11066,11104
11066,11122
11066,11168
11066,11171
11104,11122
11104,11168
11104,11171
11122,11168
11122,11171
11168,11171
11197,11206
11197,11238
11197,11248
11197,11254
11206,11238
11206,11248
11206,11254
11238,11248
11238,11254
11248,11254
11261,11279
11261,11286
11261,11300
11261,11326
11279,11286
11279,11300
11279,11326
11286,11300
11286,11326
11300,11326
11329,11338
11329,11340
11329,11353
11329,11399
11338,11340
11338,11353
11338,11399
11340,11353
11340,11399
11353,11399
11400,11419
11400,11421
11400,11429
11400,11440
11419,11421
11419,11429
11419,11440
11421,11429
11421,11440
11429,11440
11442,11471
11442,11476
11442,11491
11442,11533
11471,11476
11471,11491
11471,11533
11476,11491
11476,11533
11491,11533
11551,11554
11551,11567
11551,11615
11551,11622
11554,11567
11554,11615
11554,11622
11567,11615
11567,11622
11615,11622
11628,11636
11628,11656
11628,11657
11628,11664
11636,11656
11636,11657
11636,11664
11656,11657
11656,11664
11657,11664
11667,11681
11667,11713
11667,11733
11667,11758
11681,11713
11681,11733
11681,11758
11713,11733
11713,11758
11733,11758
11770,11791
11770,11800
11770,11805
11770,11819
11791,11800
11791,11805
11791,11819
11800,11805
11800,11819
11805,11819
11826,11846
11826,11847
11826,11863
11826,11867
11846,11847
11846,11863
11846,11867
11847,11863
11847,11867
11863,11867
11873,11887
11873,11894
11873,11912
11873,11916
11887,11894
11887,11912
11887,11916
11894,11912
11894,11916
11912,11916
11940,11954
11940,11961
11940,11977
11940,12007
11954,11961
11954,11977
11954,12007
11961,11977
11961,12007
11977,12007
12018,12019
12018,12028
12018,12033
12018,12035
12019,12028
12019,12033
12019,12035
12028,12033
12028,12035
12033,12035
12041,12044
12041,12046
12041,12047
12041,12060
12044,12046
12044,12047
12044,12060
12046,12047
12046,12060
12047,12060
12075,12078
12075,12095
12075,12122
12075,12123
12078,12095
12078,12122
12078,12123
12095,12122
12095,12123
12122,12123
12138,12149
12138,12160
12138,12166
12138,12174
12149,12160
12149,12166
12149,12174
12160,12166
12160,12174
12166,12174
12180,12192
12180,12196
12180,12199
12180,12201
12192,12196
12192,12199
12192,12201
12196,12199
12196,12201
12199,12201
12209,12231
12209,12237
12209,12246
12209,12265
12231,12237
12231,12246
12231,12265
12237,12246
12237,12265
12246,12265
12270,12275
12270,12346
12270,12377
12270,12397
12275,12346
12275,12377
12275,12397
12346,12377
12346,12397
12377,12397
12406,12417
12406,12424
12406,12431
12406,12453
12417,12424
12417,12431
12417,12453
12424,12431
12424,12453
12431,12453
12468,12499
12468,12520
12468,12564
12468,12589
12499,12520
12499,12564
12499,12589
12520,12564
12520,12589
12564,12589
12590,12608
12590,12616
12590,12633
12590,12639
12608,12616
12608,12633
12608,12639
12616,12633
12616,12639
12633,12639
12661,12692
12661,12714
12661,12719
12661,12733
12692,12714
12692,12719
12692,12733
12714,12719
12714,12733
12719,12733
12746,12767
12746,12801
12746,12809
12746,12835
12767,12801
12767,12809
12767,12835
12801,12809
12801,12835
12809,12835
12838,12848
12838,12891
12838,12900
12838,12907
12848,12891
12848,12900
12848,12907
12891,12900
12891,12907
12900,12907
12916,12924
12916,12925
12916,12926
12916,12966
12924,12925
12924,12926
12924,12966
12925,12926
12925,12966
12926,12966
12984,12987
12984,12989
12984,13010
12984,13012
12987,12989
12987,13010
12987,13012
12989,13010
12989,13012
13010,13012
13023,13025
13023,13029
13023,13033
13023,13052
13025,13029
13025,13033
13025,13052
13029,13033
13029,13052
13033,13052
13059,13085
13059,13098
13059,13118
13059,13140
13085,13098
13085,13118
13085,13140
13098,13118
13098,13140
13118,13140
13160,13164
13160,13180
13160,13183
13160,13190
13164,13180
13164,13183
13164,13190
13180,13183
13180,13190
13183,13190
13192,13200
13192,13247
13192,13294
13192,13295
13200,13247
13200,13294
13200,13295
13247,13294
13247,13295
13294,13295
13321,13322
13321,13352
13321,13358
13321,13362
13322,13352
13322,13358
13322,13362
13352,13358
13352,13362
13358,13362
13365,13367
13365,13379
13365,13401
13365,13413
13367,13379
13367,13401
13367,13413
13379,13401
13379,13413
13401,13413
13417,13454
13417,13464
13417,13467
13417,13524
13454,13464
13454,13467
13454,13524
13464,13467
13464,13524
13467,13524
13529,13531
13529,13558
13529,13595
13529,13613
13531,13558
13531,13595
13531,13613
13558,13595
13558,13613
13595,13613
13626,13639
13626,13655
13626,13658
13626,13679
13639,13655
13639,13658
13639,13679
13655,13658
13655,13679
13658,13679
13701,13702
13701,13712
13701,13726
13701,13737
13702,13712
13702,13726
13702,13737
13712,13726
13712,13737
13726,13737
13753,13755
13753,13760
13753,13806
13753,13809
13755,13760
13755,13806
13755,13809
13760,13806
13760,13809
13806,13809
13814,13844
13814,13862
13814,13920
13814,13930
13844,13862
13844,13920
13844,13930
13862,13920
13862,13930
13920,13930
13943,13959
13943,14008
13943,14010
13943,14013
13959,14008
13959,14010
13959,14013
14008,14010
14008,14013
14010,14013
14015,14025
14015,14059
14015,14069
14015,14098
14025,14059
14025,14069
14025,14098
14059,14069
14059,14098
14069,14098
14124,14135
14124,14137
14124,14176
14124,14209
14135,14137
14135,14176
14135,14209
14137,14176
14137,14209
14176,14209
14216,14221
14216,14234
14216,14243
14216,14261
14221,14234
14221,14243
14221,14261
14234,14243
14234,14261
14243,14261
14272,14273
14272,14301
14272,14325
14272,14330
14273,14301
14273,14325
14273,14330
14301,14325
14301,14330
14325,14330
14338,14348
14338,14359
14338,14360
14338,14380
14348,14359
14348,14360
14348,14380
14359,14360
14359,14380
14360,14380
14384,14386
14384,14389
14384,14394
14384,14400
14386,14389
14386,14394
14386,14400
14389,14394
14389,14400
14394,14400
14411,14431
14411,14432
14411,14454
14411,14469
14431,14432
14431,14454
14431,14469
14432,14454
14432,14469
14454,14469
14481,14482
14481,14489
14481,14504
14481,14505
14482,14489
14482,14504
14482,14505
14489,14504
14489,14505
14504,14505
14510,14516
14510,14529
14510,14534
14510,14535
14516,14529
14516,14534
14516,14535
14529,14534
14529,14535
14534,14535
14554,14556
14554,14595
14554,14600
14554,14605
14556,14595
14556,14600
14556,14605
14595,14600
14595,14605
14600,14605
14625,14631
14625,14641
14625,14704
14625,14717
14631,14641
14631,14704
14631,14717
14641,14704
14641,14717
14704,14717
14718,14738
14718,14739
14718,14743
14718,14776
14738,14739
14738,14743
14738,14776
14739,14743
14739,14776
14743,14776
14794,14802
14794,14808
14794,14812
14794,14856
14802,14808
14802,14812
14802,14856
14808,14812
14808,14856
14812,14856
14871,14876
14871,14877
14871,14899
14871,14930
14876,14877
14876,14899
14876,14930
14877,14899
14877,14930
14899,14930
14949,14952
14949,14965
14949,14968
14949,14984
14952,14965
14952,14968
14952,14984
14965,14968
14965,14984
14968,14984
15000,15002
15000,15015
15000,15033
15000,15060
15002,15015
15002,15033
15002,15060
15015,15033
15015,15060
15033,15060
15066,15073
15066,15084
15066,15094
15066,15099
15073,15084
15073,15094
15073,15099
15084,15094
15084,15099
15094,15099
15119,15126
15119,15128
15119,15167
15119,15173
15126,15128
15126,15167
15126,15173
15128,15167
15128,15173
15167,15173
15184,15188
15184,15198
15184,15246
15184,15254
15188,15198
15188,15246
15188,15254
15198,15246
15198,15254
15246,15254
15255,15275
15255,15359
15255,15365
15255,15371
15275,15359
15275,15365
15275,15371
15359,15365
15359,15371
15365,15371
15373,15423
15373,15424
15373,15427
15373,15434
15423,15424
15423,15427
15423,15434
15424,15427
15424,15434
15427,15434
15453,15454
15453,15457
15453,15471
15453,15485
15454,15457
15454,15471
15454,15485
15457,15471
15457,15485
15471,15485
15496,15510
15496,15530
15496,15550
15496,15552
15510,15530
15510,15550
15510,15552
15530,15550
15530,15552
15550,15552
15555,15598
15555,15627
15555,15639
15555,15656
15598,15627
15598,15639
15598,15656
15627,15639
15627,15656
15639,15656
15667,15668
15667,15706
15667,15715
15667,15737
15668,15706
15668,15715
15668,15737
15706,15715
15706,15737
15715,15737
15740,15747
15740,15750
15740,15759
15740,15760
15747,15750
15747,15759
15747,15760
15750,15759
15750,15760
15759,15760
15771,15787
15771,15799
15771,15800
15771,15802
15787,15799
15787,15800
15787,15802
15799,15800
15799,15802
15800,15802
15811,15827
15811,15843
15811,15866
15811,15872
15827,15843
15827,15866
15827,15872
15843,15866
15843,15872
15866,15872
15875,15879
15875,15889
15875,15913
15875,15922
15879,15889
15879,15913
15879,15922
15889,15913
15889,15922
15913,15922
15923,15925
15923,15962
15923,15964
15923,15974
15925,15962
15925,15964
15925,15974
15962,15964
15962,15974
15964,15974
15984,15988
15984,15990
15984,15991
15984,16001
15988,15990
15988,15991
15988,16001
15990,15991
15990,16001
15991,16001
16002,16012
16002,16028
16002,16051
16002,16062
16012,16028
16012,16051
16012,16062
16028,16051
16028,16062
16051,16062
16083,16088
16083,16089
16083,16090
16083,16096
16088,16089
16088,16090
16088,16096
16089,16090
16089,16096
16090,16096
16100,16102
16100,16119
16100,16136
16100,16138
16102,16119
16102,16136
16102,16138
16119,16136
16119,16138
16136,16138
16147,16171
16147,16175
16147,16182
16147,16198
16171,16175
16171,16182
16171,16198
16175,16182
16175,16198
16182,16198
16213,16215
16213,16216
16213,16219
16213,16225
16215,16216
16215,16219
16215,16225
16216,16219
16216,16225
16219,16225
16250,16277
16250,16286
16250,16330
16250,16332
16277,16286
16277,16330
16277,16332
16286,16330
16286,16332
16330,16332
16333,16334
16333,16336
16333,16339
16333,16343
16334,16336
16334,16339
16334,16343
16336,16339
16336,16343
16339,16343
16388,16423
16388,16456
16388,16517
16388,16518
16423,16456
16423,16517
16423,16518
16456,16517
16456,16518
16517,16518
16556,16570
16556,16575
16556,16583
16556,16590
16570,16575
16570,16583
16570,16590
16575,16583
16575,16590
16583,16590
16604,16628
16604,16632
16604,16653
16604,16654
16628,16632
16628,16653
16628,16654
16632,16653
16632,16654
16653,16654
16658,16709
16658,16716
16658,16725
16658,16727
16709,16716
16709,16725
16709,16727
16716,16725
16716,16727
16725,16727
16729,16731
16729,16738
16729,16772
16729,16777
16731,16738
16731,16772
16731,16777
16738,16772
16738,16777
16772,16777
16779,16798
16779,16818
16779,16821
16779,16832
16798,16818
16798,16821
16798,16832
16818,16821
16818,16832
16821,16832
16840,16841
16840,16871
16840,16881
16840,16907
16841,16871
16841,16881
16841,16907
16871,16881
16871,16907
16881,16907
16910,16932
16910,16936
16910,16944
16910,16948
16932,16936
16932,16944
16932,16948
16936,16944
16936,16948
16944,16948
16964,16988
16964,16990
16964,16996
16964,17010
16988,16990
16988,16996
16988,17010
16990,16996
16990,17010
16996,17010
17017,17054
17017,17099
17017,17119
17017,17137
17054,17099
17054,17119
17054,17137
17099,17119
17099,17137
17119,17137
17190,17199
17190,17203
17190,17226
17190,17238
17199,17203
17199,17226
17199,17238
17203,17226
17203,17238
17226,17238
17239,17245
17239,17253
17239,17325
17239,17326
17245,17253
17245,17325
17245,17326
17253,17325
17253,17326
17325,17326
17327,17343
17327,17357
17327,17360
17327,17392
17343,17357
17343,17360
17343,17392
17357,17360
17357,17392
17360,17392
17415,17421
17415,17446
17415,17504
17415,17539
17421,17446
17421,17504
17421,17539
17446,17504
17446,17539
17504,17539
17541,17560
17541,17588
17541,17600
17541,17615
17560,17588
17560,17600
17560,17615
17588,17600
17588,17615
17600,17615
17635,17644
17635,17646
17635,17655
17635,17661
17644,17646
17644,17655
17644,17661
17646,17655
17646,17661
17655,17661
17669,17679
17669,17695
17669,17718
17669,17727
17679,17695
17679,17718
17679,17727
17695,17718
17695,17727
17718,17727
17729,17730
17729,17743
17729,17762
17729,17783
17730,17743
17730,17762
17730,17783
17743,17762
17743,17783
17762,17783
17790,17798
17790,17806
17790,17812
17790,17833
17798,17806
17798,17812
17798,17833
17806,17812
17806,17833
17812,17833
17834,17835
17834,17841
17834,17855
17834,17864
17835,17841
17835,17855
17835,17864
17841,17855
17841,17864
17855,17864
17875,17898
17875,17915
17875,17923
17875,17957
17898,17915
17898,17923
17898,17957
17915,17923
17915,17957
17923,17957
17989,18001
17989,18012
17989,18045
17989,18052
18001,18012
18001,18045
18001,18052
18012,18045
18012,18052
18045,18052
18054,18064
18054,18097
18054,18101
18054,18126
18064,18097
18064,18101
18064,18126
18097,18101
18097,18126
18101,18126
18150,18166
18150,18203
18150,18215
18150,18260
18166,18203
18166,18215
18166,18260
18203,18215
18203,18260
18215,18260
18263,18268
18263,18277
18263,18278
18263,18311
18268,18277
18268,18278
18268,18311
18277,18278
18277,18311
18278,18311
18313,18318
18313,18329
18313,18335
18313,18343
18318,18329
18318,18335
18318,18343
18329,18335
18329,18343
18335,18343
18347,18383
18347,18384
18347,18389
18347,18419
18383,18384
18383,18389
18383,18419
18384,18389
18384,18419
18389,18419
18459,18462
18459,18479
18459,18484
18459,18497
18462,18479
18462,18484
18462,18497
18479,18484
18479,18497
18484,18497
18505,18515
18505,18527
18505,18533
18505,18568
18515,18527
18515,18533
18515,18568
18527,18533
18527,18568
18533,18568
18569,18591
18569,18619
18569,18624
18569,18627
18591,18619
18591,18624
18591,18627
18619,18624
18619,18627
18624,18627
18637,18647
18637,18660
18637,18710
18637,18720
18647,18660
18647,18710
18647,18720
18660,18710
18660,18720
18710,18720
18734,18742
18734,18747
18734,18757
18734,18759
18742,18747
18742,18757
18742,18759
18747,18757
18747,18759
18757,18759
18760,18763
18760,18776
18760,18778
18760,18785
18763,18776
18763,18778
18763,18785
18776,18778
18776,18785
18778,18785
18789,18790
18789,18798
18789,18801
18789,18802
18790,18798
18790,18801
18790,18802
18798,18801
18798,18802
18801,18802
18812,18817
18812,18825
18812,18851
18812,18861
18817,18825
18817,18851
18817,18861
18825,18851
18825,18861
18851,18861
18862,18877
18862,18884
18862,18886
18862,18888
18877,18884
18877,18886
18877,18888
18884,18886
18884,18888
18886,18888
18894,18895
18894,18963
18894,18983
18894,19017
18895,18963
18895,18983
18895,19017
18963,18983
18963,19017
18983,19017
19054,19065
19054,19101
19054,19103
19054,19104
19065,19101
19065,19103
19065,19104
19101,19103
19101,19104
19103,19104
19128,19142
19128,19178
19128,19180
19128,19183
19142,19178
19142,19180
19142,19183
19178,19180
19178,19183
19180,19183
19198,19215
19198,19229
19198,19236
19198,19281
19215,19229
19215,19236
19215,19281
19229,19236
19229,19281
19236,19281
19288,19313
19288,19317
19288,19337
19288,19343
19313,19317
19313,19337
19313,19343
19317,19337
19317,19343
19337,19343
19362,19372
19362,19386
19362,19405
19362,19419
19372,19386
19372,19405
19372,19419
19386,19405
19386,19419
19405,19419
19433,19434
19433,19442
19433,19477
19433,19480
19434,19442
19434,19477
19434,19480
19442,19477
19442,19480
19477,19480
19487,19489
19487,19495
19487,19499
19487,19505
19489,19495
19489,19499
19489,19505
19495,19499
19495,19505
19499,19505
19528,19542
19528,19572
19528,19588
19528,19604
19542,19572
19542,19588
19542,19604
19572,19588
19572,19604
19588,19604
19635,19636
19635,19655
19635,19660
19635,19671
19636,19655
19636,19660
19636,19671
19655,19660
19655,19671
19660,19671
19686,19691
19686,19692
19686,19695
19686,19705
19691,19692
19691,19695
19691,19705
19692,19695
19692,19705
19695,19705
19713,19737
19713,19783
19713,19802
19713,19812
19737,19783
19737,19802
19737,19812
19783,19802
19783,19812
19802,19812
19825,19841
19825,19847
19825,19849
19825,19850
19841,19847
19841,19849
19841,19850
19847,19849
19847,19850
19849,19850
19852,19876
19852,19877
19852,19898
19852,19903
19876,19877
19876,19898
19876,19903
19877,19898
19877,19903
19898,19903
19909,19930
19909,19944
19909,19979
19909,19983
19930,19944
19930,19979
19930,19983
19944,19979
19944,19983
19979,19983
19995,20007
19995,20020
19995,20038
19995,20050
20007,20020
20007,20038
20007,20050
20020,20038
20020,20050
20038,20050
20065,20099
20065,20100
20065,20115
20065,20116
20099,20100
20099,20115
20099,20116
20100,20115
20100,20116
20115,20116
20120,20124
20120,20132
20120,20141
20120,20152
20124,20132
20124,20141
20124,20152
20132,20141
20132,20152
20141,20152
20173,20180
20173,20187
20173,20188
20173,20193
20180,20187
20180,20188
20180,20193
20187,20188
20187,20193
20188,20193
20273,20310
20273,20311
20273,20317
20273,20327
20310,20311
20310,20317
20310,20327
20311,20317
20311,20327
20317,20327
20339,20359
20339,20370
20339,20378
20339,20381
20359,20370
20359,20378
20359,20381
20370,20378
20370,20381
20378,20381
20382,20392
20382,20401
20382,20403
20382,20406
20392,20401
20392,20403
20392,20406
20401,20403
20401,20406
20403,20406
20431,20435
20431,20452
20431,20455
20431,20480
20435,20452
20435,20455
20435,20480
20452,20455
20452,20480
20455,20480
20490,20509
20490,20551
20490,20553
20490,20558
20509,20551
20509,20553
20509,20558
20551,20553
20551,20558
20553,20558
20576,20586
20576,20612
20576,20637
20576,20679
20586,20612
20586,20637
20586,20679
20612,20637
20612,20679
20637,20679
20692,20717
20692,20743
20692,20767
20692,20768
20717,20743
20717,20767
20717,20768
20743,20767
20743,20768
20767,20768
20796,20819
20796,20824
20796,20836
20796,20839
20819,20824
20819,20836
20819,20839
20824,20836
20824,20839
20836,20839
20844,20859
20844,20865
20844,20868
20844,20881
20859,20865
20859,20868
20859,20881
20865,20868
20865,20881
20868,20881
20882,20907
20882,20911
20882,20936
20882,20942
20907,20911
20907,20936
20907,20942
20911,20936
20911,20942
20936,20942
20984,20994
20984,20995
20984,20999
20984,21013
20994,20995
20994,20999
20994,21013
20995,20999
20995,21013
20999,21013
21024,21057
21024,21083
21024,21090
21024,21091
21057,21083
21057,21090
21057,21091
21083,21090
21083,21091
21090,21091
21137,21150
21137,21153
21137,21177
21137,21198
21150,21153
21150,21177
21150,21198
21153,21177
21153,21198
21177,21198
21210,21214
21210,21245
21210,21251
21210,21283
21214,21245
21214,21251
21214,21283
21245,21251
21245,21283
21251,21283
21291,21317
21291,21323
21291,21341
21291,21408
21317,21323
21317,21341
21317,21408
21323,21341
21323,21408
21341,21408
21446,21467
21446,21472
21446,21477
21446,21533
21467,21472
21467,21477
21467,21533
21472,21477
21472,21533
21477,21533
21535,21591
21535,21596
21535,21598
21535,21602
21591,21596
21591,21598
21591,21602
21596,21598
21596,21602
21598,21602
21634,21649
21634,21670
21634,21673
21634,21679
21649,21670
21649,21673
21649,21679
21670,21673
21670,21679
21673,21679
21704,21709
21704,21711
21704,21727
21704,21731
21709,21711
21709,21727
21709,21731
21711,21727
21711,21731
21727,21731
21771,21777
21771,21785
21771,21788
21771,21792
21777,21785
21777,21788
21777,21792
21785,21788
21785,21792
21788,21792
21801,21809
21801,21819
21801,21859
21801,21863
21809,21819
21809,21859
21809,21863
21819,21859
21819,21863
21859,21863
21867,21880
21867,21891
21867,21892
21867,21898
21880,21891
21880,21892
21880,21898
21891,21892
21891,21898
21892,21898
21921,21924
21921,21931
21921,21948
21921,21962
21924,21931
21924,21948
21924,21962
21931,21948
21931,21962
21948,21962
21965,21966
21965,21974
21965,21992
21965,22006
21966,21974
21966,21992
21966,22006
21974,21992
21974,22006
21992,22006
22011,22048
22011,22054
22011,22057
22011,22078
22048,22054
22048,22057
22048,22078
22054,22057
22054,22078
22057,22078
22084,22092
22084,22097
22084,22106
22084,22135
22092,22097
22092,22106
22092,22135
22097,22106
22097,22135
22106,22135
22157,22178
22157,22200
22157,22221
22157,22229
22178,22200
22178,22221
22178,22229
22200,22221
22200,22229
22221,22229
22239,22244
22239,22257
22239,22273
22239,22280
22244,22257
22244,22273
22244,22280
22257,22273
22257,22280
22273,22280
22281,22303
22281,22326
22281,22337
22281,22340
22303,22326
22303,22337
22303,22340
22326,22337
22326,22340
22337,22340
22353,22362
22353,22368
22353,22375
22353,22376
22362,22368
22362,22375
22362,22376
22368,22375
22368,22376
22375,22376
22390,22454
22390,22455
22390,22509
22390,22533
22454,22455
22454,22509
22454,22533
22455,22509
22455,22533
22509,22533
22541,22561
22541,22585
22541,22586
22541,22590
22561,22585
22561,22586
22561,22590
22585,22586
22585,22590
22586,22590
22622,22673
22622,22684
22622,22708
22622,22724
22673,22684
22673,22708
22673,22724
22684,22708
22684,22724
22708,22724
22731,22734
22731,22741
22731,22744
22731,22755
22734,22741
22734,22744
22734,22755
22741,22744
22741,22755
22744,22755
22756,22757
22756,22770
22756,22791
22756,22797
22757,22770
22757,22791
22757,22797
22770,22791
22770,22797
22791,22797
22818,22829
22818,22862
22818,22864
22818,22872
22829,22862
22829,22864
22829,22872
22862,22864
22862,22872
22864,22872
22910,22925
22910,22928
22910,22929
22910,22935
22925,22928
22925,22929
22925,22935
22928,22929
22928,22935
22929,22935
22939,22954
22939,22963
22939,22980
22939,22993
22954,22963
22954,22980
22954,22993
22963,22980
22963,22993
22980,22993
23007,23016
23007,23025
23007,23031
23007,23037
23016,23025
23016,23031
23016,23037
23025,23031
23025,23037
23031,23037
23053,23064
23053,23078
23053,23091
23053,23094
23064,23078
23064,23091
23064,23094
23078,23091
23078,23094
23091,23094
23096,23134
23096,23165
23096,23170
23096,23190
23134,23165
23134,23170
23134,23190
23165,23170
23165,23190
23170,23190
23191,23193
23191,23198
23191,23204
23191,23208
23193,23198
23193,23204
23193,23208
23198,23204
23198,23208
23204,23208
23219,23224
23219,23238
23219,23239
23219,23250
23224,23238
23224,23239
23224,23250
23238,23239
23238,23250
23239,23250
23334,23351
23334,23364
23334,23374
23334,23383
23351,23364
23351,23374
23351,23383
23364,23374
23364,23383
23374,23383
23392,23412
23392,23429
23392,23456
23392,23508
23412,23429
23412,23456
23412,23508
23429,23456
23429,23508
23456,23508
23513,23533
23513,23568
23513,23585
23513,23592
23533,23568
23533,23585
23533,23592
23568,23585
23568,23592
23585,23592
23616,23618
23616,23631
23616,23659
23616,23661
23618,23631
23618,23659
23618,23661
23631,23659
23631,23661
23659,23661
23669,23678
23669,23685
23669,23693
23669,23700
23678,23685
23678,23693
23678,23700
23685,23693
23685,23700
23693,23700
23771,23784
23771,23788
23771,23790
23771,23805
23784,23788
23784,23790
23784,23805
23788,23790
23788,23805
23790,23805
23815,23817
23815,23844
23815,23854
23815,23911
23817,23844
23817,23854
23817,23911
23844,23854
23844,23911
23854,23911
23924,23928
23924,23942
23924,23953
23924,23956
23928,23942
23928,23953
23928,23956
23942,23953
23942,23956
23953,23956
23988,24003
23988,24016
23988,24060
23988,24080
24003,24016
24003,24060
24003,24080
24016,24060
24016,24080
24060,24080
24091,24107
24091,24136
24091,24156
24091,24168
24107,24136
24107,24156
24107,24168
24136,24156
24136,24168
24156,24168
24169,24173
24169,24208
24169,24212
24169,24226
24173,24208
24173,24212
24173,24226
24208,24212
24208,24226
24212,24226
24241,24242
24241,24247
24241,24252
24241,24253
24242,24247
24242,24252
24242,24253
24247,24252
24247,24253
24252,24253
24290,24297
24290,24298
24290,24314
24290,24331
24297,24298
24297,24314
24297,24331
24298,24314
24298,24331
24314,24331
24355,24378
24355,24386
24355,24419
24355,24425
24378,24386
24378,24419
24378,24425
24386,24419
24386,24425
24419,24425
24430,24431
24430,24453
24430,24463
24430,24464
24431,24453
24431,24463
24431,24464
24453,24463
24453,24464
24463,24464
24467,24469
24467,24474
24467,24494
24467,24516
24469,24474
24469,24494
24469,24516
24474,24494
24474,24516
24494,24516
24519,24524
24519,24534
24519,24538
24519,24606
24524,24534
24524,24538
24524,24606
24534,24538
24534,24606
24538,24606
24658,24663
24658,24670
24658,24671
24658,24692
24663,24670
24663,24671
24663,24692
24670,24671
24670,24692
24671,24692
24699,24700
24699,24724
24699,24725
24699,24741
24700,24724
24700,24725
24700,24741
24724,24725
24724,24741
24725,24741
24743,24757
24743,24777
24743,24779
24743,24786
24757,24777
24757,24779
24757,24786
24777,24779
24777,24786
24779,24786
24789,24796
24789,24798
24789,24800
24789,24815
24796,24798
24796,24800
24796,24815
24798,24800
24798,24815
24800,24815
24825,24843
24825,24874
24825,24879
24825,24898
24843,24874
24843,24879
24843,24898
24874,24879
24874,24898
24879,24898
24903,24906
24903,24910
24903,24915
24903,24938
24906,24910
24906,24915
24906,24938
24910,24915
24910,24938
24915,24938
24943,24948
24943,24988
24943,25005
24943,25010
24948,24988
24948,25005
24948,25010
24988,25005
24988,25010
25005,25010
25024,25028
25024,25036
25024,25041
25024,25043
25028,25036
25028,25041
25028,25043
25036,25041
25036,25043
25041,25043
25065,25083
25065,25084
25065,25107
25065,25111
25083,25084
25083,25107
25083,25111
25084,25107
25084,25111
25107,25111
25122,25132
25122,25164
25122,25178
25122,25200
25132,25164
25132,25178
25132,25200
25164,25178
25164,25200
25178,25200
25203,25217
25203,25229
25203,25241
25203,25259
25217,25229
25217,25241
25217,25259
25229,25241
25229,25259
25241,25259
25263,25276
25263,25282
25263,25285
25263,25307
25276,25282
25276,25285
25276,25307
25282,25285
25282,25307
25285,25307
25318,25352
25318,25373
25318,25381
25318,25387
25352,25373
25352,25381
25352,25387
25373,25381
25373,25387
25381,25387
25399,25402
25399,25403
25399,25405
25399,25435
25402,25403
25402,25405
25402,25435
25403,25405
25403,25435
25405,25435
25444,25477
25444,25478
25444,25485
25444,25487
25477,25478
25477,25485
25477,25487
25478,25485
25478,25487
25485,25487
25540,25541
25540,25577
25540,25585
25540,25600
25541,25577
25541,25585
25541,25600
25577,25585
25577,25600
25585,25600
25607,25614
25607,25631
25607,25657
25607,25661
25614,25631
25614,25657
25614,25661
25631,25657
25631,25661
25657,25661
25664,25674
25664,25675
25664,25690
25664,25694
25674,25675
25674,25690
25674,25694
25675,25690
25675,25694
25690,25694
25697,25699
25697,25703
25697,25706
25697,25716
25699,25703
25699,25706
25699,25716
25703,25706
25703,25716
25706,25716
25721,25730
25721,25752
25721,25776
25721,25799
25730,25752
25730,25776
25730,25799
25752,25776
25752,25799
25776,25799
25808,25810
25808,25816
25808,25828
25808,25835
25810,25816
25810,25828
25810,25835
25816,25828
25816,25835
25828,25835
25840,25841
25840,25848
25840,25851
25840,25881
25841,25848
25841,25851
25841,25881
25848,25851
25848,25881
25851,25881
25914,25926
25914,25934
25914,25952
25914,25954
25926,25934
25926,25952
25926,25954
25934,25952
25934,25954
25952,25954
25958,25990
25958,26021
25958,26037
25958,26040
25990,26021
25990,26037
25990,26040
26021,26037
26021,26040
26037,26040
26063,26067
26063,26081
26063,26095
26063,26103
26067,26081
26067,26095
26067,26103
26081,26095
26081,26103
26095,26103
26115,26124
26115,26129
26115,26130
26115,26141
26124,26129
26124,26130
26124,26141
26129,26130
26129,26141
26130,26141
26149,26195
26149,26223
26149,26237
26149,26241
26195,26223
26195,26237
26195,26241
26223,26237
26223,26241
26237,26241
26258,26292
26258,26319
26258,26321
26258,26336
26292,26319
26292,26321
26292,26336
26319,26321
26319,26336
26321,26336
26351,26377
26351,26382
26351,26405
26351,26419
26377,26382
26377,26405
26377,26419
26382,26405
26382,26419
26405,26419
26423,26425
26423,26438
26423,26460
26423,26490
26425,26438
26425,26460
26425,26490
26438,26460
26438,26490
26460,26490
26506,26509
26506,26510
26506,26512
26506,26534
26509,26510
26509,26512
26509,26534
26510,26512
26510,26534
26512,26534
26568,26569
26568,26575
26568,26636
26568,26647
26569,26575
26569,26636
26569,26647
26575,26636
26575,26647
26636,26647
26665,26690
26665,26699
26665,26707
26665,26718
26690,26699
26690,26707
26690,26718
26699,26707
26699,26718
26707,26718
26741,26744
26741,26752
26741,26759
26741,26766
26744,26752
26744,26759
26744,26766
26752,26759
26752,26766
26759,26766
26770,26798
26770,26820
26770,26834
26770,26844
26798,26820
26798,26834
26798,26844
26820,26834
26820,26844
26834,26844
26846,26848
26846,26874
26846,26891
26846,26903
26848,26874
26848,26891
26848,26903
26874,26891
26874,26903
26891,26903
26913,26914
26913,26922
26913,26931
26913,26952
26914,26922
26914,26931
26914,26952
26922,26931
26922,26952
26931,26952
26959,26964
26959,26968
26959,26978
26959,26984
26964,26968
26964,26978
26964,26984
26968,26978
26968,26984
26978,26984
26986,27024
26986,27040
26986,27071
26986,27075
27024,27040
27024,27071
27024,27075
27040,27071
27040,27075
27071,27075
27100,27110
27100,27123
27100,27129
27100,27135
27110,27123
27110,27129
27110,27135
27123,27129
27123,27135
27129,27135
27142,27155
27142,27167
27142,27183
27142,27185
27155,27167
27155,27183
27155,27185
27167,27183
27167,27185
27183,27185
27194,27195
27194,27201
27194,27210
27194,27283
27195,27201
27195,27210
27195,27283
27201,27210
27201,27283
27210,27283
27311,27349
27311,27364
27311,27376
27311,27387
27349,27364
27349,27376
27349,27387
27364,27376
27364,27387
27376,27387
27392,27405
27392,27422
27392,27424
27392,27456
27405,27422
27405,27424
27405,27456
27422,27424
27422,27456
27424,27456
2,35
2,38
2,41
2,101
2,102
35,38
35,41
35,101
35,102
38,41
38,101
38,102
41,101
41,102
101,102
129,163
129,183
129,185
129,208
129,222
163,183
163,185
163,208
163,222
183,185
183,208
183,222
185,208
185,222
208,222
248,310
248,333
248,381
248,403
248,452
310,333
310,381
310,403
310,452
333,381
333,403
333,452
381,403
381,452
403,452
494,511
494,550
494,575
494,598
494,601
511,550
511,575
511,598
511,601
550,575
550,598
550,601
575,598
575,601
598,601
680,685
680,724
680,746
680,755
680,811
685,724
685,746
685,755
685,811
724,746
724,755
724,811
746,755
746,811
755,811
838,863
838,874
838,884
838,889
838,892
863,874
863,884
863,889
863,892
874,884
874,889
874,892
884,889
884,892
889,892
904,946
904,967
904,1003
904,1015
904,1022
946,967
946,1003
946,1015
946,1022
967,1003
967,1015
967,1022
1003,1015
1003,1022
1015,1022
1039,1071
1039,1077
1039,1092
1039,1108
1039,1120
1071,1077
1071,1092
1071,1108
1071,1120
1077,1092
1077,1108
1077,1120
1092,1108
1092,1120
1108,1120
1130,1166
1130,1180
1130,1230
1130,1258
1130,1266
1166,1180
1166,1230
1166,1258
1166,1266
1180,1230
1180,1258
1180,1266
1230,1258
1230,1266
1258,1266
1268,1292
1268,1316
1268,1333
1268,1341
1268,1353
1292,1316
1292,1333
1292,1341
1292,1353
1316,1333
1316,1341
1316,1353
1333,1341
1333,1353
1341,1353
1361,1380
1361,1400
1361,1468
1361,1470
1361,1483
1380,1400
1380,1468
1380,1470
1380,1483
1400,1468
1400,1470
1400,1483
1468,1470
1468,1483
1470,1483
1611,1621
1611,1641
1611,1645
1611,1650
1611,1653
1621,1641
1621,1645
1621,1650
1621,1653
1641,1645
1641,1650
1641,1653
1645,1650
1645,1653
1650,1653
1663,1687
1663,1694
1663,1698
1663,1712
1663,1714
1687,1694
1687,1698
1687,1712
1687,1714
1694,1698
1694,1712
1694,1714
1698,1712
1698,1714
1712,1714
1755,1847
1755,1895
1755,1945
1755,1953
1755,1956
1847,1895
1847,1945
1847,1953
1847,1956
1895,1945
1895,1953
1895,1956
1945,1953
1945,1956
1953,1956
1975,1990
1975,1991
1975,1997
1975,2006
1975,2020
1990,1991
1990,1997
1990,2006
1990,2020
1991,1997
1991,2006
1991,2020
1997,2006
1997,2020
2006,2020
2055,2094
2055,2107
2055,2108
2055,2128
2055,2144
2094,2107
2094,2108
2094,2128
2094,2144
2107,2108
2107,2128
2107,2144
2108,2128
2108,2144
2128,2144
2209,2216
2209,2231
2209,2241
2209,2286
2209,2289
2216,2231
2216,2241
2216,2286
2216,2289
2231,2241
2231,2286
2231,2289
2241,2286
2241,2289
2286,2289
2302,2346
2302,2351
2302,2365
2302,2370
2302,2389
2346,2351
2346,2365
2346,2370
2346,2389
2351,2365
2351,2370
2351,2389
2365,2370
2365,2389
2370,2389
2407,2414
2407,2422
2407,2440
2407,2448
2407,2462
2414,2422
2414,2440
2414,2448
2414,2462
2422,2440
2422,2448
2422,2462
2440,2448
2440,2462
2448,2462
2475,2483
2475,2494
2475,2517
2475,2531
2475,2544
2483,2494
2483,2517
2483,2531
2483,2544
2494,2517
2494,2531
2494,2544
2517,2531
2517,2544
2531,2544
2574,2581
2574,2583
2574,2585
2574,2601
2574,2613
2581,2583
2581,2585
2581,2601
2581,2613
2583,2585
2583,2601
2583,2613
2585,2601
2585,2613
2601,2613
2631,2634
2631,2645
2631,2672
2631,2694
2631,2703
2634,2645
2634,2672
2634,2694
2634,2703
2645,2672
2645,2694
2645,2703
2672,2694
2672,2703
2694,2703
2717,2730
2717,2731
2717,2741
2717,2758
2717,2782
2730,2731
2730,2741
2730,2758
2730,2782
2731,2741
2731,2758
2731,2782
2741,2758
2741,2782
2758,2782
2786,2800
2786,2907
2786,2926
2786,2937
2786,2969
2800,2907
2800,2926
2800,2937
2800,2969
2907,2926
2907,2937
2907,2969
2926,2937
2926,2969
2937,2969
2991,2994
2991,3000
2991,3029
2991,3037
2991,3096
2994,3000
2994,3029
2994,3037
2994,3096
3000,3029
3000,3037
3000,3096
3029,3037
3029,3096
3037,3096
3102,3167
3102,3171
3102,3219
3102,3240
3102,3288
3167,3171
3167,3219
3167,3240
3167,3288
3171,3219
3171,3240
3171,3288
3219,3240
3219,3288
3240,3288
3315,3325
3315,3343
3315,3353
3315,3368
3315,3377
3325,3343
3325,3353
3325,3368
3325,3377
3343,3353
3343,3368
3343,3377
3353,3368
3353,3377
3368,3377
3382,3391
3382,3409
3382,3436
3382,3462
3382,3474
3391,3409
3391,3436
3391,3462
3391,3474
3409,3436
3409,3462
3409,3474
3436,3462
3436,3474
3462,3474
3494,3577
3494,3581
3494,3583
3494,3606
3494,3628
3577,3581
3577,3583
3577,3606
3577,3628
3581,3583
3581,3606
3581,3628
3583,3606
3583,3628
3606,3628
3697,3707
3697,3711
3697,3727
3697,3776
3697,3788
3707,3711
3707,3727
3707,3776
3707,3788
3711,3727
3711,3776
3711,3788
3727,3776
3727,3788
3776,3788
3804,3808
3804,3828
3804,3829
3804,3838
3804,3852
3808,3828
3808,3829
3808,3838
3808,3852
3828,3829
3828,3838
3828,3852
3829,3838
3829,3852
3838,3852
3876,3903
3876,3904
3876,3907
3876,3953
3876,3969
3903,3904
3903,3907
3903,3953
3903,3969
3904,3907
3904,3953
3904,3969
3907,3953
3907,3969
3953,3969
4035,4046
4035,4054
4035,4072
4035,4095
4035,4101
4046,4054
4046,4072
4046,4095
4046,4101
4054,4072
4054,4095
4054,4101
4072,4095
4072,4101
4095,4101
4111,4116
4111,4144
4111,4189
4111,4266
4111,4271
4116,4144
4116,4189
4116,4266
4116,4271
4144,4189
4144,4266
4144,4271
4189,4266
4189,4271
4266,4271
4277,4279
4277,4290
4277,4309
4277,4327
4277,4368
4279,4290
4279,4309
4279,4327
4279,4368
4290,4309
4290,4327
4290,4368
4309,4327
4309,4368
4327,4368
4384,4396
4384,4428
4384,4452
4384,4462
4384,4473
4396,4428
4396,4452
4396,4462
4396,4473
4428,4452
4428,4462
4428,4473
4452,4462
4452,4473
4462,4473
4498,4514
4498,4519
4498,4531
4498,4580
4498,4584
4514,4519
4514,4531
4514,4580
4514,4584
4519,4531
4519,4580
4519,4584
4531,4580
4531,4584
4580,4584
4594,4643
4594,4710
4594,4720
4594,4731
4594,4786
4643,4710
4643,4720
4643,4731
4643,4786
4710,4720
4710,4731
4710,4786
4720,4731
4720,4786
4731,4786
4795,4818
4795,4841
4795,4873
4795,4898
4795,4909
4818,4841
4818,4873
4818,4898
4818,4909
4841,4873
4841,4898
4841,4909
4873,4898
4873,4909
4898,4909
4911,4920
4911,4945
4911,5026
4911,5036
4911,5039
4920,4945
4920,5026
4920,5036
4920,5039
4945,5026
4945,5036
4945,5039
5026,5036
5026,5039
5036,5039
5057,5091
5057,5104
5057,5114
5057,5140
5057,5154
5091,5104
5091,5114
5091,5140
5091,5154
5104,5114
5104,5140
5104,5154
5114,5140
5114,5154
5140,5154
5158,5175
5158,5219
5158,5240
5158,5254
5158,5277
5175,5219
5175,5240
5175,5254
5175,5277
5219,5240
5219,5254
5219,5277
5240,5254
5240,5277
5254,5277
5288,5308
5288,5313
5288,5327
5288,5377
5288,5381
5308,5313
5308,5327
5308,5377
5308,5381
5313,5327
5313,5377
5313,5381
5327,5377
5327,5381
5377,5381
5444,5454
5444,5456
5444,5485
5444,5533
5444,5548
5454,5456
5454,5485
5454,5533
5454,5548
5456,5485
5456,5533
5456,5548
5485,5533
5485,5548
5533,5548
5581,5624
5581,5714
5581,5739
5581,5748
5581,5752
5624,5714
5624,5739
5624,5748
5624,5752
5714,5739
5714,5748
5714,5752
5739,5748
5739,5752
5748,5752
5763,5807
5763,5829
5763,5862
5763,5864
5763,5881
5807,5829
5807,5862
5807,5864
5807,5881
5829,5862
5829,5864
5829,5881
5862,5864
5862,5881
5864,5881
5884,5888
5884,5893
5884,5921
5884,5947
5884,5995
5888,5893
5888,5921
5888,5947
5888,5995
5893,5921
5893,5947
5893,5995
5921,5947
5921,5995
5947,5995
5998,6008
5998,6009
5998,6013
5998,6025
5998,6033
6008,6009
6008,6013
6008,6025
6008,6033
6009,6013
6009,6025
6009,6033
6013,6025
6013,6033
6025,6033
6034,6118
6034,6153
6034,6191
6034,6197
6034,6220
6118,6153
6118,6191
6118,6197
6118,6220
6153,6191
6153,6197
6153,6220
6191,6197
6191,6220
6197,6220
6236,6247
6236,6251
6236,6257
6236,6262
6236,6280
6247,6251
6247,6257
6247,6262
6247,6280
6251,6257
6251,6262
6251,6280
6257,6262
6257,6280
6262,6280
6284,6291
6284,6304
6284,6327
6284,6328
6284,6336
6291,6304
6291,6327
6291,6328
6291,6336
6304,6327
6304,6328
6304,6336
6327,6328
6327,6336
6328,6336
6344,6440
6344,6448
6344,6459
6344,6460
6344,6553
6440,6448
6440,6459
6440,6460
6440,6553
6448,6459
6448,6460
6448,6553
6459,6460
6459,6553
6460,6553
6577,6604
6577,6640
6577,6682
6577,6695
6577,6700
6604,6640
6604,6682
6604,6695
6604,6700
6640,6682
6640,6695
6640,6700
6682,6695
6682,6700
6695,6700
6710,6711
6710,6716
6710,6722
6710,6741
6710,6770
6711,6716
6711,6722
6711,6741
6711,6770
6716,6722
6716,6741
6716,6770
6722,6741
6722,6770
6741,6770
6780,6839
6780,6866
6780,6885
6780,6896
6780,6937
6839,6866
6839,6885
6839,6896
6839,6937
6866,6885
6866,6896
6866,6937
6885,6896
6885,6937
6896,6937
6954,6969
6954,6993
6954,7000
6954,7002
6954,7013
6969,6993
6969,7000
6969,7002
6969,7013
6993,7000
6993,7002
6993,7013
7000,7002
7000,7013
7002,7013
7018,7030
7018,7083
7018,7092
7018,7144
7018,7219
7030,7083
7030,7092
7030,7144
7030,7219
7083,7092
7083,7144
7083,7219
7092,7144
7092,7219
7144,7219
7230,7243
7230,7266
7230,7278
7230,7326
7230,7350
7243,7266
7243,7278
7243,7326
7243,7350
7266,7278
7266,7326
7266,7350
7278,7326
7278,7350
7326,7350
7352,7384
7352,7395
7352,7413
7352,7482
7352,7498
7384,7395
7384,7413
7384,7482
7384,7498
7395,7413
7395,7482
7395,7498
7413,7482
7413,7498
7482,7498
7516,7525
7516,7541
7516,7552
7516,7595
7516,7618
7525,7541
7525,7552
7525,7595
7525,7618
7541,7552
7541,7595
7541,7618
7552,7595
7552,7618
7595,7618
7654,7682
7654,7707
7654,7754
7654,7762
7654,7801
7682,7707
7682,7754
7682,7762
7682,7801
7707,7754
7707,7762
7707,7801
7754,7762
7754,7801
7762,7801
7808,7860
7808,7868
7808,7923
7808,7941
7808,7948
7860,7868
7860,7923
7860,7941
7860,7948
7868,7923
7868,7941
7868,7948
7923,7941
7923,7948
7941,7948
7985,7996
7985,7998
7985,8058
7985,8073
7985,8110
7996,7998
7996,8058
7996,8073
7996,8110
7998,8058
7998,8073
7998,8110
8058,8073
8058,8110
8073,8110
8117,8175
8117,8194
8117,8199
8117,8217
8117,8230
8175,8194
8175,8199
8175,8217
8175,8230
8194,8199
8194,8217
8194,8230
8199,8217
8199,8230
8217,8230
8233,8234
8233,8276
8233,8309
8233,8315
8233,8333
8234,8276
8234,8309
8234,8315
8234,8333
8276,8309
8276,8315
8276,8333
8309,8315
8309,8333
8315,8333
8350,8373
8350,8416
8350,8435
8350,8454
8350,8464
8373,8416
8373,8435
8373,8454
8373,8464
8416,8435
8416,8454
8416,8464
8435,8454
8435,8464
8454,8464
8563,8612
8563,8644
8563,8652
8563,8655
8563,8684
8612,8644
8612,8652
8612,8655
8612,8684
8644,8652
8644,8655
8644,8684
8652,8655
8652,8684
8655,8684
8713,8720
8713,8755
8713,8760
8713,8777
8713,8814
8720,8755
8720,8760
8720,8777
8720,8814
8755,8760
8755,8777
8755,8814
8760,8777
8760,8814
8777,8814
8822,8843
8822,8861
8822,8867
8822,8887
8822,8970
8843,8861
8843,8867
8843,8887
8843,8970
8861,8867
8861,8887
8861,8970
8867,8887
8867,8970
8887,8970
8992,9006
8992,9008
8992,9018
8992,9020
8992,9024
9006,9008
9006,9018
9006,9020
9006,9024
9008,9018
9008,9020
9008,9024
9018,9020
9018,9024
9020,9024
9065,9075
9065,9094
9065,9098
9065,9100
9065,9141
9075,9094
9075,9098
9075,9100
9075,9141
9094,9098
9094,9100
9094,9141
9098,9100
9098,9141
9100,9141
9147,9151
9147,9158
9147,9163
9147,9188
9147,9201
9151,9158
9151,9163
9151,9188
9151,9201
9158,9163
9158,9188
9158,9201
9163,9188
9163,9201
9188,9201
9207,9209
9207,9217
9207,9222
9207,9244
9207,9249
9209,9217
9209,9222
9209,9244
9209,9249
9217,9222
9217,9244
9217,9249
9222,9244
9222,9249
9244,9249
9252,9259
9252,9261
9252,9267
9252,9313
9252,9326
9259,9261
9259,9267
9259,9313
9259,9326
9261,9267
9261,9313
9261,9326
9267,9313
9267,9326
9313,9326
9354,9367
9354,9369
9354,9406
9354,9417
9354,9448
9367,9369
9367,9406
9367,9417
9367,9448
9369,9406
9369,9417
9369,9448
9406,9417
9406,9448
9417,9448
9456,9463
9456,9513
9456,9537
9456,9582
9456,9593
9463,9513
9463,9537
9463,9582
9463,9593
9513,9537
9513,9582
9513,9593
9537,9582
9537,9593
9582,9593
9608,9631
9608,9746
9608,9775
9608,9778
9608,9791
9631,9746
9631,9775
9631,9778
9631,9791
9746,9775
9746,9778
9746,9791
9775,9778
9775,9791
9778,9791
9795,9833
9795,9862
9795,9901
9795,9914
9795,9921
9833,9862
9833,9901
9833,9914
9833,9921
9862,9901
9862,9914
9862,9921
9901,9914
9901,9921
9914,9921
9938,9939
9938,9962
9938,9980
9938,10101
9938,10102
9939,9962
9939,9980
9939,10101
9939,10102
9962,9980
9962,10101
9962,10102
9980,10101
9980,10102
10101,10102
10139,10143
10139,10159
10139,10166
10139,10209
10139,10217
10143,10159
10143,10166
10143,10209
10143,10217
10159,10166
10159,10209
10159,10217
10166,10209
10166,10217
10209,10217
10234,10268
10234,10282
10234,10311
10234,10341
10234,10347
10268,10282
10268,10311
10268,10341
10268,10347
10282,10311
10282,10341
10282,10347
10311,10341
10311,10347
10341,10347
10352,10369
10352,10380
10352,10422
10352,10425
10352,10427
10369,10380
10369,10422
10369,10425
10369,10427
10380,10422
10380,10425
10380,10427
10422,10425
10422,10427
10425,10427
10459,10486
10459,10488
10459,10537
10459,10554
10459,10566
10486,10488
10486,10537
10486,10554
10486,10566
10488,10537
10488,10554
10488,10566
10537,10554
10537,10566
10554,10566
10570,10577
10570,10582
10570,10586
10570,10673
10570,10676
10577,10582
10577,10586
10577,10673
10577,10676
10582,10586
10582,10673
10582,10676
10586,10673
10586,10676
10673,10676
10740,10746
10740,10782
10740,10787
10740,10790
10740,10803
10746,10782
10746,10787
10746,10790
10746,10803
10782,10787
10782,10790
10782,10803
10787,10790
10787,10803
10790,10803
10854,10857
10854,10887
10854,10907
10854,10919
10854,10933
10857,10887
10857,10907
10857,10919
10857,10933
10887,10907
10887,10919
10887,10933
10907,10919
10907,10933
10919,10933
10934,10940
10934,10944
10934,10947
10934,10983
10934,10986
10940,10944
10940,10947
10940,10983
10940,10986
10944,10947
10944,10983
10944,10986
10947,10983
10947,10986
10983,10986
10989,10996
10989,10997
10989,11019
10989,11021
10989,11073
10996,10997
10996,11019
10996,11021
10996,11073
10997,11019
10997,11021
10997,11073
11019,11021
11019,11073
11021,11073
11096,11173
11096,11174
11096,11192
11096,11212
11096,11228
11173,11174
11173,11192
11173,11212
11173,11228
11174,11192
11174,11212
11174,11228
11192,11212
11192,11228
11212,11228
11239,11244
11239,11263
11239,11276
11239,11315
11239,11391
11244,11263
11244,11276
11244,11315
11244,11391
11263,11276
11263,11315
11263,11391
11276,11315
11276,11391
11315,11391
11394,11434
11394,11447
11394,11460
11394,11479
11394,11501
11434,11447
11434,11460
11434,11479
11434,11501
11447,11460
11447,11479
11447,11501
11460,11479
11460,11501
11479,11501
11532,11535
11532,11579
11532,11599
11532,11605
11532,11620
11535,11579
11535,11599
11535,11605
11535,11620
11579,11599
11579,11605
11579,11620
11599,11605
11599,11620
11605,11620
11672,11678
11672,11709
11672,11714
11672,11753
11672,11754
11678,11709
11678,11714
11678,11753
11678,11754
11709,11714
11709,11753
11709,11754
11714,11753
11714,11754
11753,11754
11772,11790
11772,11799
11772,11809
11772,11833
11772,11835
11790,11799
11790,11809
11790,11833
11790,11835
11799,11809
11799,11833
11799,11835
11809,11833
11809,11835
11833,11835
11841,11848
11841,11898
11841,11900
11841,11995
11841,12015
11848,11898
11848,11900
11848,11995
11848,12015
11898,11900
11898,11995
11898,12015
11900,11995
11900,12015
11995,12015
12023,12038
12023,12045
12023,12049
12023,12061
12023,12079
12038,12045
12038,12049
12038,12061
12038,12079
12045,12049
12045,12061
12045,12079
12049,12061
12049,12079
12061,12079
12089,12100
12089,12111
12089,12112
12089,12178
12089,12187
12100,12111
12100,12112
12100,12178
12100,12187
12111,12112
12111,12178
12111,12187
12112,12178
12112,12187
12178,12187
12191,12206
12191,12207
12191,12219
12191,12245
12191,12274
12206,12207
12206,12219
12206,12245
12206,12274
12207,12219
12207,12245
12207,12274
12219,12245
12219,12274
12245,12274
12299,12301
12299,12306
12299,12345
12299,12357
12299,12392
12301,12306
12301,12345
12301,12357
12301,12392
12306,12345
12306,12357
12306,12392
12345,12357
12345,12392
12357,12392
12435,12438
12435,12439
12435,12447
12435,12502
12435,12509
12438,12439
12438,12447
12438,12502
12438,12509
12439,12447
12439,12502
12439,12509
12447,12502
12447,12509
12502,12509
12537,12552
12537,12561
12537,12601
12537,12642
12537,12648
12552,12561
12552,12601
12552,12642
12552,12648
12561,12601
12561,12642
12561,12648
12601,12642
12601,12648
12642,12648
12717,12760
12717,12811
12717,12821
12717,12829
12717,12844
12760,12811
12760,12821
12760,12829
12760,12844
12811,12821
12811,12829
12811,12844
12821,12829
12821,12844
12829,12844
12865,12867
12865,12877
12865,12895
12865,12901
12865,12920
12867,12877
12867,12895
12867,12901
12867,12920
12877,12895
12877,12901
12877,12920
12895,12901
12895,12920
12901,12920
12973,12977
12973,13001
12973,13002
12973,13015
12973,13072
12977,13001
12977,13002
12977,13015
12977,13072
13001,13002
13001,13015
13001,13072
13002,13015
13002,13072
13015,13072
13080,13083
13080,13116
13080,13143
13080,13176
13080,13187
13083,13116
13083,13143
13083,13176
13083,13187
13116,13143
13116,13176
13116,13187
13143,13176
13143,13187
13176,13187
13207,13217
13207,13224
13207,13234
13207,13281
13207,13297
13217,13224
13217,13234
13217,13281
13217,13297
13224,13234
13224,13281
13224,13297
13234,13281
13234,13297
13281,13297
13309,13317
13309,13324
13309,13342
13309,13353
13309,13437
13317,13324
13317,13342
13317,13353
13317,13437
13324,13342
13324,13353
13324,13437
13342,13353
13342,13437
13353,13437
13446,13461
13446,13491
13446,13542
13446,13546
13446,13566
13461,13491
13461,13542
13461,13546
13461,13566
13491,13542
13491,13546
13491,13566
13542,13546
13542,13566
13546,13566
13575,13605
13575,13608
13575,13628
13575,13641
13575,13650
13605,13608
13605,13628
13605,13641
13605,13650
13608,13628
13608,13641
13608,13650
13628,13641
13628,13650
13641,13650
13651,13662
13651,13666
13651,13680
13651,13749
13651,13827
13662,13666
13662,13680
13662,13749
13662,13827
13666,13680
13666,13749
13666,13827
13680,13749
13680,13827
13749,13827
13842,13853
13842,13864
13842,13902
13842,13904
13842,13922
13853,13864
13853,13902
13853,13904
13853,13922
13864,13902
13864,13904
13864,13922
13902,13904
13902,13922
13904,13922
13975,13981
13975,13983
13975,14016
13975,14022
13975,14039
13981,13983
13981,14016
13981,14022
13981,14039
13983,14016
13983,14022
13983,14039
14016,14022
14016,14039
14022,14039
14041,14070
14041,14106
14041,14115
14041,14132
14041,14156
14070,14106
14070,14115
14070,14132
14070,14156
14106,14115
14106,14132
14106,14156
14115,14132
14115,14156
14132,14156
14193,14205
14193,14206
14193,14244
14193,14291
14193,14310
14205,14206
14205,14244
14205,14291
14205,14310
14206,14244
14206,14291
14206,14310
14244,14291
14244,14310
14291,14310
14323,14334
14323,14372
14323,14376
14323,14401
14323,14416
14334,14372
14334,14376
14334,14401
14334,14416
14372,14376
14372,14401
14372,14416
14376,14401
14376,14416
14401,14416
14420,14444
14420,14500
14420,14511
14420,14527
14420,14577
14444,14500
14444,14511
14444,14527
14444,14577
14500,14511
14500,14527
14500,14577
14511,14527
14511,14577
14527,14577
14591,14601
14591,14615
14591,14623
14591,14646
14591,14648
14601,14615
14601,14623
14601,14646
14601,14648
14615,14623
14615,14646
14615,14648
14623,14646
14623,14648
14646,14648
14675,14716
14675,14765
14675,14823
14675,14851
14675,14874
14716,14765
14716,14823
14716,14851
14716,14874
14765,14823
14765,14851
14765,14874
14823,14851
14823,14874
14851,14874
14883,14959
14883,14969
14883,14972
14883,14995
14883,15032
14959,14969
14959,14972
14959,14995
14959,15032
14969,14972
14969,14995
14969,15032
14972,14995
14972,15032
14995,15032
15059,15088
15059,15095
15059,15148
15059,15158
15059,15164
15088,15095
15088,15148
15088,15158
15088,15164
15095,15148
15095,15158
15095,15164
15148,15158
15148,15164
15158,15164
15199,15216
15199,15219
15199,15226
15199,15229
15199,15234
15216,15219
15216,15226
15216,15229
15216,15234
15219,15226
15219,15229
15219,15234
15226,15229
15226,15234
15229,15234
15259,15293
15259,15335
15259,15352
15259,15368
15259,15394
15293,15335
15293,15352
15293,15368
15293,15394
15335,15352
15335,15368
15335,15394
15352,15368
15352,15394
15368,15394
15399,15400
15399,15450
15399,15516
15399,15528
15399,15539
15400,15450
15400,15516
15400,15528
15400,15539
15450,15516
15450,15528
15450,15539
15516,15528
15516,15539
15528,15539
15551,15564
15551,15570
15551,15610
15551,15612
15551,15636
15564,15570
15564,15610
15564,15612
15564,15636
15570,15610
15570,15612
15570,15636
15610,15612
15610,15636
15612,15636
15638,15648
15638,15724
15638,15729
15638,15734
15638,15743
15648,15724
15648,15729
15648,15734
15648,15743
15724,15729
15724,15734
15724,15743
15729,15734
15729,15743
15734,15743
15779,15805
15779,15833
15779,15840
15779,15845
15779,15860
15805,15833
15805,15840
15805,15845
15805,15860
15833,15840
15833,15845
15833,15860
15840,15845
15840,15860
15845,15860
15870,15878
15870,15908
15870,15931
15870,15934
15870,15965
15878,15908
15878,15931
15878,15934
15878,15965
15908,15931
15908,15934
15908,15965
15931,15934
15931,15965
15934,15965
16023,16024
16023,16044
16023,16059
16023,16076
16023,16094
16024,16044
16024,16059
16024,16076
16024,16094
16044,16059
16044,16076
16044,16094
16059,16076
16059,16094
16076,16094
16106,16134
16106,16142
16106,16152
16106,16158
16106,16161
16134,16142
16134,16152
16134,16158
16134,16161
16142,16152
16142,16158
16142,16161
16152,16158
16152,16161
16158,16161
16226,16229
16226,16246
16226,16278
16226,16299
16226,16302
16229,16246
16229,16278
16229,16299
16229,16302
16246,16278
16246,16299
16246,16302
16278,16299
16278,16302
16299,16302
16346,16378
16346,16391
16346,16397
16346,16403
16346,16412
16378,16391
16378,16397
16378,16403
16378,16412
16391,16397
16391,16403
16391,16412
16397,16403
16397,16412
16403,16412
16434,16557
16434,16565
16434,16580
16434,16603
16434,16608
16557,16565
16557,16580
16557,16603
16557,16608
16565,16580
16565,16603
16565,16608
16580,16603
16580,16608
16603,16608
16613,16664
16613,16667
16613,16688
16613,16712
16613,16726
16664,16667
16664,16688
16664,16712
16664,16726
16667,16688
16667,16712
16667,16726
16688,16712
16688,16726
16712,16726
16741,16759
16741,16825
16741,16833
16741,16854
16741,16866
16759,16825
16759,16833
16759,16854
16759,16866
16825,16833
16825,16854
16825,16866
16833,16854
16833,16866
16854,16866
16868,16887
16868,16898
16868,16957
16868,16958
16868,16966
16887,16898
16887,16957
16887,16958
16887,16966
16898,16957
16898,16958
16898,16966
16957,16958
16957,16966
16958,16966
17009,17025
17009,17034
17009,17062
17009,17069
17009,17081
17025,17034
17025,17062
17025,17069
17025,17081
17034,17062
17034,17069
17034,17081
17062,17069
17062,17081
17069,17081
17086,17092
17086,17101
17086,17120
17086,17131
17086,17134
17092,17101
17092,17120
17092,17131
17092,17134
17101,17120
17101,17131
17101,17134
17120,17131
17120,17134
17131,17134
17156,17162
17156,17183
17156,17194
17156,17248
17156,17251
17162,17183
17162,17194
17162,17248
17162,17251
17183,17194
17183,17248
17183,17251
17194,17248
17194,17251
17248,17251
17269,17278
17269,17293
17269,17309
17269,17317
17269,17321
17278,17293
17278,17309
17278,17317
17278,17321
17293,17309
17293,17317
17293,17321
17309,17317
17309,17321
17317,17321
17331,17368
17331,17393
17331,17412
17331,17422
17331,17426
17368,17393
17368,17412
17368,17422
17368,17426
17393,17412
17393,17422
17393,17426
17412,17422
17412,17426
17422,17426
17442,17454
17442,17480
17442,17498
17442,17513
17442,17525
17454,17480
17454,17498
17454,17513
17454,17525
17480,17498
17480,17513
17480,17525
17498,17513
17498,17525
17513,17525
17528,17547
17528,17587
17528,17589
17528,17590
17528,17597
17547,17587
17547,17589
17547,17590
17547,17597
17587,17589
17587,17590
17587,17597
17589,17590
17589,17597
17590,17597
17699,17705
17699,17713
17699,17724
17699,17738
17699,17741
17705,17713
17705,17724
17705,17738
17705,17741
17713,17724
17713,17738
17713,17741
17724,17738
17724,17741
17738,17741
17779,17784
17779,17807
17779,17824
17779,17827
17779,17886
17784,17807
17784,17824
17784,17827
17784,17886
17807,17824
17807,17827
17807,17886
17824,17827
17824,17886
17827,17886
17938,17939
17938,17961
17938,17986
17938,17998
17938,18011
17939,17961
17939,17986
17939,17998
17939,18011
17961,17986
17961,17998
17961,18011
17986,17998
17986,18011
17998,18011
18053,18062
18053,18063
18053,18070
18053,18082
18053,18085
18062,18063
18062,18070
18062,18082
18062,18085
18063,18070
18063,18082
18063,18085
18070,18082
18070,18085
18082,18085
18103,18107
18103,18108
18103,18154
18103,18164
18103,18224
18107,18108
18107,18154
18107,18164
18107,18224
18108,18154
18108,18164
18108,18224
18154,18164
18154,18224
18164,18224
18230,18237
18230,18254
18230,18284
18230,18287
18230,18324
18237,18254
18237,18284
18237,18287
18237,18324
18254,18284
18254,18287
18254,18324
18284,18287
18284,18324
18287,18324
18348,18395
18348,18397
18348,18400
18348,18402
18348,18448
18395,18397
18395,18400
18395,18402
18395,18448
18397,18400
18397,18402
18397,18448
18400,18402
18400,18448
18402,18448
18449,18452
18449,18524
18449,18554
18449,18557
18449,18559
18452,18524
18452,18554
18452,18557
18452,18559
18524,18554
18524,18557
18524,18559
18554,18557
18554,18559
18557,18559
18563,18571
18563,18592
18563,18631
18563,18634
18563,18680
18571,18592
18571,18631
18571,18634
18571,18680
18592,18631
18592,18634
18592,18680
18631,18634
18631,18680
18634,18680
18692,18703
18692,18803
18692,18823
18692,18831
18692,18845
18703,18803
18703,18823
18703,18831
18703,18845
18803,18823
18803,18831
18803,18845
18823,18831
18823,18845
18831,18845
18864,18905
18864,18944
18864,18993
18864,19036
18864,19069
18905,18944
18905,18993
18905,19036
18905,19069
18944,18993
18944,19036
18944,19069
18993,19036
18993,19069
19036,19069
19071,19074
19071,19114
19071,19174
19071,19224
19071,19258
19074,19114
19074,19174
19074,19224
19074,19258
19114,19174
19114,19224
19114,19258
19174,19224
19174,19258
19224,19258
19266,19289
19266,19290
19266,19345
19266,19351
19266,19369
19289,19290
19289,19345
19289,19351
19289,19369
19290,19345
19290,19351
19290,19369
19345,19351
19345,19369
19351,19369
19393,19436
19393,19457
19393,19498
19393,19504
19393,19529
19436,19457
19436,19498
19436,19504
19436,19529
19457,19498
19457,19504
19457,19529
19498,19504
19498,19529
19504,19529
19589,19594
19589,19607
19589,19614
19589,19656
19589,19683
19594,19607
19594,19614
19594,19656
19594,19683
19607,19614
19607,19656
19607,19683
19614,19656
19614,19683
19656,19683
19693,19738
19693,19773
19693,19781
19693,19815
19693,19848
19738,19773
19738,19781
19738,19815
19738,19848
19773,19781
19773,19815
19773,19848
19781,19815
19781,19848
19815,19848
19853,19854
19853,19887
19853,19917
19853,19921
19853,19978
19854,19887
19854,19917
19854,19921
19854,19978
19887,19917
19887,19921
19887,19978
19917,19921
19917,19978
19921,19978
20003,20031
20003,20067
20003,20077
20003,20078
20003,20104
20031,20067
20031,20077
20031,20078
20031,20104
20067,20077
20067,20078
20067,20104
20077,20078
20077,20104
20078,20104
20112,20123
20112,20147
20112,20151
20112,20156
20112,20160
20123,20147
20123,20151
20123,20156
20123,20160
20147,20151
20147,20156
20147,20160
20151,20156
20151,20160
20156,20160
20196,20199
20196,20225
20196,20238
20196,20337
20196,20338
20199,20225
20199,20238
20199,20337
20199,20338
20225,20238
20225,20337
20225,20338
20238,20337
20238,20338
20337,20338
20345,20353
20345,20354
20345,20360
20345,20365
20345,20377
20353,20354
20353,20360
20353,20365
20353,20377
20354,20360
20354,20365
20354,20377
20360,20365
20360,20377
20365,20377
20388,20398
20388,20458
20388,20468
20388,20491
20388,20494
20398,20458
20398,20468
20398,20491
20398,20494
20458,20468
20458,20491
20458,20494
20468,20491
20468,20494
20491,20494
20495,20517
20495,20519
20495,20537
20495,20544
20495,20550
20517,20519
20517,20537
20517,20544
20517,20550
20519,20537
20519,20544
20519,20550
20537,20544
20537,20550
20544,20550
20569,20584
20569,20602
20569,20606
20569,20619
20569,20623
20584,20602
20584,20606
20584,20619
20584,20623
20602,20606
20602,20619
20602,20623
20606,20619
20606,20623
20619,20623
20636,20670
20636,20684
20636,20690
20636,20713
20636,20724
20670,20684
20670,20690
20670,20713
20670,20724
20684,20690
20684,20713
20684,20724
20690,20713
20690,20724
20713,20724
20787,20788
20787,20794
20787,20795
20787,20806
20787,20807
20788,20794
20788,20795
20788,20806
20788,20807
20794,20795
20794,20806
20794,20807
20795,20806
20795,20807
20806,20807
20809,20820
20809,20829
20809,20850
20809,20884
20809,20978
20820,20829
20820,20850
20820,20884
20820,20978
20829,20850
20829,20884
20829,20978
20850,20884
20850,20978
20884,20978
20986,20987
20986,20988
20986,21004
20986,21005
20986,21020
20987,20988
20987,21004
20987,21005
20987,21020
20988,21004
20988,21005
20988,21020
21004,21005
21004,21020
21005,21020
21023,21069
21023,21081
21023,21126
21023,21158
21023,21169
21069,21081
21069,21126
21069,21158
21069,21169
21081,21126
21081,21158
21081,21169
21126,21158
21126,21169
21158,21169
21173,21192
21173,21226
21173,21229
21173,21253
21173,21257
21192,21226
21192,21229
21192,21253
21192,21257
21226,21229
21226,21253
21226,21257
21229,21253
21229,21257
21253,21257
21261,21365
21261,21387
21261,21418
21261,21435
21261,21445
21365,21387
21365,21418
21365,21435
21365,21445
21387,21418
21387,21435
21387,21445
21418,21435
21418,21445
21435,21445
21493,21505
21493,21512
21493,21531
21493,21536
21493,21570
21505,21512
21505,21531
21505,21536
21505,21570
21512,21531
21512,21536
21512,21570
21531,21536
21531,21570
21536,21570
21610,21616
21610,21705
21610,21720
21610,21730
21610,21767
21616,21705
21616,21720
21616,21730
21616,21767
21705,21720
21705,21730
21705,21767
21720,21730
21720,21767
21730,21767
21791,21793
21791,21798
21791,21804
21791,21877
21791,21881
21793,21798
21793,21804
21793,21877
21793,21881
21798,21804
21798,21877
21798,21881
21804,21877
21804,21881
21877,21881
21887,21908
21887,21917
21887,21945
21887,21969
21887,21970
21908,21917
21908,21945
21908,21969
21908,21970
21917,21945
21917,21969
21917,21970
21945,21969
21945,21970
21969,21970
21971,21987
21971,22016
21971,22025
21971,22039
21971,22056
21987,22016
21987,22025
21987,22039
21987,22056
22016,22025
22016,22039
22016,22056
22025,22039
22025,22056
22039,22056
22089,22099
22089,22115
22089,22118
22089,22162
22089,22172
22099,22115
22099,22118
22099,22162
22099,22172
22115,22118
22115,22162
22115,22172
22118,22162
22118,22172
22162,22172
22190,22218
22190,22228
22190,22278
22190,22292
22190,22296
22218,22228
22218,22278
22218,22292
22218,22296
22228,22278
22228,22292
22228,22296
22278,22292
22278,22296
22292,22296
22299,22302
22299,22304
22299,22330
22299,22367
22299,22371
22302,22304
22302,22330
22302,22367
22302,22371
22304,22330
22304,22367
22304,22371
22330,22367
22330,22371
22367,22371
22385,22410
22385,22423
22385,22451
22385,22481
22385,22496
22410,22423
22410,22451
22410,22481
22410,22496
22423,22451
22423,22481
22423,22496
22451,22481
22451,22496
22481,22496
22497,22566
22497,22575
22497,22602
22497,22626
22497,22628
22566,22575
22566,22602
22566,22626
22566,22628
22575,22602
22575,22626
22575,22628
22602,22626
22602,22628
22626,22628
22639,22651
22639,22661
22639,22677
22639,22712
22639,22716
22651,22661
22651,22677
22651,22712
22651,22716
22661,22677
22661,22712
22661,22716
22677,22712
22677,22716
22712,22716
22735,22767
22735,22783
22735,22811
22735,22839
22735,22848
22767,22783
22767,22811
22767,22839
22767,22848
22783,22811
22783,22839
22783,22848
22811,22839
22811,22848
22839,22848
22908,22918
22908,22972
22908,22988
22908,22994
22908,22995
22918,22972
22918,22988
22918,22994
22918,22995
22972,22988
22972,22994
22972,22995
22988,22994
22988,22995
22994,22995
23021,23121
23021,23161
23021,23199
23021,23274
23021,23292
23121,23161
23121,23199
23121,23274
23121,23292
23161,23199
23161,23274
23161,23292
23199,23274
23199,23292
23274,23292
23296,23314
23296,23337
23296,23341
23296,23343
23296,23349
23314,23337
23314,23341
23314,23343
23314,23349
23337,23341
23337,23343
23337,23349
23341,23343
23341,23349
23343,23349
23367,23380
23367,23411
23367,23438
23367,23441
23367,23459
23380,23411
23380,23438
23380,23441
23380,23459
23411,23438
23411,23441
23411,23459
23438,23441
23438,23459
23441,23459
23468,23560
23468,23570
23468,23571
23468,23572
23468,23595
23560,23570
23560,23571
23560,23572
23560,23595
23570,23571
23570,23572
23570,23595
23571,23572
23571,23595
23572,23595
23596,23632
23596,23636
23596,23717
23596,23736
23596,23749
23632,23636
23632,23717
23632,23736
23632,23749
23636,23717
23636,23736
23636,23749
23717,23736
23717,23749
23736,23749
23751,23752
23751,23781
23751,23820
23751,23901
23751,23902
23752,23781
23752,23820
23752,23901
23752,23902
23781,23820
23781,23901
23781,23902
23820,23901
23820,23902
23901,23902
23916,23943
23916,23958
23916,24009
23916,24010
23916,24045
23943,23958
23943,24009
23943,24010
23943,24045
23958,24009
23958,24010
23958,24045
24009,24010
24009,24045
24010,24045
24069,24081
24069,24118
24069,24132
24069,24171
24069,24228
24081,24118
24081,24132
24081,24171
24081,24228
24118,24132
24118,24171
24118,24228
24132,24171
24132,24228
24171,24228
24256,24258
24256,24289
24256,24299
24256,24304
24256,24328
24258,24289
24258,24299
24258,24304
24258,24328
24289,24299
24289,24304
24289,24328
24299,24304
24299,24328
24304,24328
24339,24391
24339,24433
24339,24440
24339,24442
24339,24481
24391,24433
24391,24440
24391,24442
24391,24481
24433,24440
24433,24442
24433,24481
24440,24442
24440,24481
24442,24481
24496,24515
24496,24555
24496,24590
24496,24626
24496,24669
24515,24555
24515,24590
24515,24626
24515,24669
24555,24590
24555,24626
24555,24669
24590,24626
24590,24669
24626,24669
24677,24696
24677,24713
24677,24742
24677,24746
24677,24750
24696,24713
24696,24742
24696,24746
24696,24750
24713,24742
24713,24746
24713,24750
24742,24746
24742,24750
24746,24750
24814,24831
24814,24839
24814,24850
24814,24855
24814,24863
24831,24839
24831,24850
24831,24855
24831,24863
24839,24850
24839,24855
24839,24863
24850,24855
24850,24863
24855,24863
24873,24917
24873,24925
24873,24928
24873,24932
24873,24954
24917,24925
24917,24928
24917,24932
24917,24954
24925,24928
24925,24932
24925,24954
24928,24932
24928,24954
24932,24954
24958,24979
24958,25002
24958,25030
24958,25031
24958,25053
24979,25002
24979,25030
24979,25031
24979,25053
25002,25030
25002,25031
25002,25053
25030,25031
25030,25053
25031,25053
25064,25070
25064,25101
25064,25136
25064,25167
25064,25206
25070,25101
25070,25136
25070,25167
25070,25206
25101,25136
25101,25167
25101,25206
25136,25167
25136,25206
25167,25206
25207,25213
25207,25233
25207,25250
25207,25306
25207,25334
25213,25233
25213,25250
25213,25306
25213,25334
25233,25250
25233,25306
25233,25334
25250,25306
25250,25334
25306,25334
25338,25354
25338,25355
25338,25428
25338,25430
25338,25511
25354,25355
25354,25428
25354,25430
25354,25511
25355,25428
25355,25430
25355,25511
25428,25430
25428,25511
25430,25511
25550,25576
25550,25581
25550,25589
25550,25619
25550,25652
25576,25581
25576,25589
25576,25619
25576,25652
25581,25589
25581,25619
25581,25652
25589,25619
25589,25652
25619,25652
25707,25710
25707,25741
25707,25757
25707,25761
25707,25777
25710,25741
25710,25757
25710,25761
25710,25777
25741,25757
25741,25761
25741,25777
25757,25761
25757,25777
25761,25777
25782,25784
25782,25820
25782,25822
25782,25832
25782,25834
25784,25820
25784,25822
25784,25832
25784,25834
25820,25822
25820,25832
25820,25834
25822,25832
25822,25834
25832,25834
25845,25864
25845,25866
25845,25895
25845,25898
25845,25907
25864,25866
25864,25895
25864,25898
25864,25907
25866,25895
25866,25898
25866,25907
25895,25898
25895,25907
25898,25907
25910,25916
25910,25930
25910,25970
25910,25986
25910,25992
25916,25930
25916,25970
25916,25986
25916,25992
25930,25970
25930,25986
25930,25992
25970,25986
25970,25992
25986,25992
26013,26022
26013,26054
26013,26077
26013,26092
26013,26123
26022,26054
26022,26077
26022,26092
26022,26123
26054,26077
26054,26092
26054,26123
26077,26092
26077,26123
26092,26123
26148,26154
26148,26158
26148,26163
26148,26164
26148,26174
26154,26158
26154,26163
26154,26164
26154,26174
26158,26163
26158,26164
26158,26174
26163,26164
26163,26174
26164,26174
26176,26205
26176,26207
26176,26226
26176,26236
26176,26257
26205,26207
26205,26226
26205,26236
26205,26257
26207,26226
26207,26236
26207,26257
26226,26236
26226,26257
26236,26257
26274,26331
26274,26346
26274,26357
26274,26368
26274,26395
26331,26346
26331,26357
26331,26368
26331,26395
26346,26357
26346,26368
26346,26395
26357,26368
26357,26395
26368,26395
26400,26530
26400,26535
26400,26537
26400,26563
26400,26570
26530,26535
26530,26537
26530,26563
26530,26570
26535,26537
26535,26563
26535,26570
26537,26563
26537,26570
26563,26570
26621,26629
26621,26651
26621,26667
26621,26700
26621,26701
26629,26651
26629,26667
26629,26700
26629,26701
26651,26667
26651,26700
26651,26701
26667,26700
26667,26701
26700,26701
26757,26829
26757,26839
26757,26850
26757,26855
26757,26877
26829,26839
26829,26850
26829,26855
26829,26877
26839,26850
26839,26855
26839,26877
26850,26855
26850,26877
26855,26877
26906,26907
26906,26908
26906,26930
26906,26945
26906,26975
26907,26908
26907,26930
26907,26945
26907,26975
26908,26930
26908,26945
26908,26975
26930,26945
26930,26975
26945,26975
26997,27008
26997,27017
26997,27031
26997,27038
26997,27043
27008,27017
27008,27031
27008,27038
27008,27043
27017,27031
27017,27038
27017,27043
27031,27038
27031,27043
27038,27043
27073,27084
27073,27093
27073,27107
27073,27117
27073,27131
27084,27093
27084,27107
27084,27117
27084,27131
27093,27107
27093,27117
27093,27131
27107,27117
27107,27131
27117,27131
27139,27149
27139,27162
27139,27220
27139,27227
27139,27251
27149,27162
27149,27220
27149,27227
27149,27251
27162,27220
27162,27227
27162,27251
27220,27227
27220,27251
27227,27251
27257,27274
27257,27277
27257,27299
27257,27300
27257,27317
27274,27277
27274,27299
27274,27300
27274,27317
27277,27299
27277,27300
27277,27317
27299,27300
27299,27317
27300,27317
27318,27348
27318,27360
27318,27375
27318,27440
27318,27447
27348,27360
27348,27375
27348,27440
27348,27447
27360,27375
27360,27440
27360,27447
27375,27440
27375,27447
27440,27447
