3,11
3,25
3,27439
3,27458
11,25
11,28
11,36
11,27439
25,28
28,36
36,44
44,45
44,56
44,57
44,58
44,62
45,56
45,57
56,57
56,58
57,58
58,62
58,63
58,66
58,69
62,63
62,66
62,69
62,72
63,66
63,69
63,72
66,69
69,72
72,79
72,87
79,87
79,93
87,93
87,95
93,95
95,97
97,102
97,107
97,117
97,121
102,107
107,117
107,121
107,127
107,129
107,133
117,121
117,127
117,129
121,127
121,129
121,133
127,129
127,133
127,135
129,133
133,135
133,148
135,148
148,150
148,151
148,154
148,155
150,151
151,154
151,155
151,163
151,165
154,155
154,163
154,165
155,163
163,165
165,168
165,175
168,175
168,176
175,176
176,184
176,191
184,191
191,196
191,197
191,203
196,197
197,203
197,208
197,211
197,215
197,216
203,208
208,211
211,215
215,216
216,218
216,219
218,219
218,227
219,227
219,229
219,230
227,229
227,230
229,230
230,234
234,235
234,239
235,239
235,244
235,247
235,249
235,255
239,244
239,247
239,249
239,255
239,257
239,278
244,247
244,249
244,255
244,257
244,278
244,279
247,249
247,255
247,257
247,278
247,279
249,255
255,257
257,278
278,279
279,282
282,299
299,302
299,304
299,309
302,304
304,309
304,311
304,312
309,311
309,312
311,312
312,316
316,322
322,326
326,331
326,334
331,334
334,337
334,341
334,351
337,341
337,351
337,353
337,355
341,351
341,353
351,353
353,355
353,356
353,357
355,356
355,357
356,357
356,363
356,364
356,367
357,363
363,364
363,367
364,367
364,371
364,378
367,371
367,378
371,378
378,379
378,396
378,397
378,398
378,403
379,396
396,397
396,398
397,398
397,403
398,403
398,412
403,412
412,414
414,416
416,418
416,420
416,422
418,420
420,422
422,425
422,427
422,430
422,434
425,427
427,430
427,434
427,439
430,434
434,439
439,445
439,460
445,460
445,462
445,464
460,462
462,464
464,472
472,483
472,488
483,488
483,492
483,494
483,501
483,503
488,492
492,494
492,501
492,503
494,501
501,503
501,509
503,509
503,512
503,516
509,512
512,516
516,519
516,522
516,533
516,534
516,547
519,522
519,533
519,534
519,547
522,533
533,534
534,547
547,551
547,553
551,553
551,559
553,559
553,562
553,565
559,562
559,565
562,565
562,567
565,567
567,575
575,577
575,591
577,591
591,599
591,607
599,607
599,614
599,621
607,614
614,621
614,627
621,627
627,635
627,638
627,640
627,643
635,638
638,640
638,643
638,646
638,647
640,643
640,646
640,647
643,646
643,647
643,648
643,651
643,656
646,647
646,648
647,648
647,651
647,656
647,659
648,651
651,656
651,659
651,664
651,665
651,666
651,667
656,659
659,664
664,665
665,666
666,667
667,668
668,669
669,678
669,680
669,690
678,680
678,690
680,690
690,691
690,693
691,693
693,697
693,701
693,718
693,721
693,724
693,734
693,735
697,701
701,718
718,721
718,724
718,734
718,735
721,724
724,734
734,735
734,737
735,737
735,739
735,745
737,739
737,745
739,745
745,749
745,752
745,756
745,761
745,763
749,752
749,756
749,761
749,763
752,756
756,761
761,763
761,768
761,779
763,768
768,779
768,786
768,796
768,806
779,786
786,796
796,806
796,811
796,823
806,811
806,823
811,823
823,828
828,829
829,830
829,848
830,848
848,849
849,853
849,855
849,857
853,855
855,857
857,862
857,867
862,867
867,873
873,874
873,875
873,877
873,882
873,887
874,875
874,877
875,877
875,882
875,887
875,891
875,896
877,882
882,887
887,891
891,896
896,897
897,909
909,910
910,923
910,925
910,926
910,938
923,925
923,926
925,926
925,938
926,938
938,940
940,945
940,947
940,948
940,954
940,956
940,958
945,947
945,948
947,948
948,954
954,956
956,958
956,959
956,966
958,959
959,966
959,968
959,977
966,968
968,977
977,980
980,986
980,989
986,989
989,993
993,999
999,1003
999,1007
1003,1007
1007,1008
1008,1010
1008,1014
1008,1021
1008,1025
1010,1014
1010,1021
1010,1025
1010,1027
1014,1021
1021,1025
1021,1027
1025,1027
1025,1031
1027,1031
1031,1036
1031,1045
1036,1045
1045,1054
1054,1060
1060,1065
1060,1070
1065,1070
1070,1077
1070,1078
1077,1078
1077,1091
1077,1095
1077,1096
1078,1091
1078,1095
1091,1095
1091,1096
1095,1096
1096,1098
1098,1102
1102,1104
1102,1115
1102,1116
1104,1115
1104,1116
1115,1116
1116,1118
1116,1119
1116,1122
1118,1119
1118,1122
1119,1122
1122,1123
1122,1130
1123,1130
1123,1142
1123,1143
1130,1142
1130,1143
1130,1145
1142,1143
1143,1145
1145,1147
1147,1148
1148,1150
1148,1156
1148,1158
1148,1160
1148,1161
1148,1166
1150,1156
1156,1158
1156,1160
1156,1161
1158,1160
1158,1161
1158,1166
1158,1167
1158,1170
1160,1161
1161,1166
1161,1167
1161,1170
1161,1171
1161,1181
1166,1167
1166,1170
1167,1170
1167,1171
1167,1181
1167,1182
1167,1186
1170,1171
1171,1181
1181,1182
1181,1186
1181,1188
1181,1194
1182,1186
1182,1188
1182,1194
1182,1195
1186,1188
1186,1194
1188,1194
1188,1195
1194,1195
1194,1197
1195,1197
1195,1202
1195,1204
1195,1226
1195,1227
1195,1230
1197,1202
1202,1204
1202,1226
1202,1227
1204,1226
1226,1227
1226,1230
1226,1233
1226,1239
1226,1250
1227,1230
1230,1233
1233,1239
1233,1250
1233,1253
1233,1262
1239,1250
1239,1253
1250,1253
1253,1262
1262,1266
1266,1273
1273,1276
1273,1285
1273,1291
1276,1285
1276,1291
1285,1291
1285,1293
1285,1297
1291,1293
1291,1297
1291,1299
1293,1297
1297,1299
1299,1305
1299,1306
1305,1306
1306,1316
1306,1324
1316,1324
1324,1326
1324,1333
1326,1333
1333,1335
1333,1338
1333,1348
1335,1338
1335,1348
1338,1348
1338,1358
1348,1358
1348,1361
1358,1361
1361,1369
1369,1384
1369,1385
1369,1391
1369,1394
1384,1385
1384,1391
1384,1394
1385,1391
1391,1394
1394,1411
1411,1417
1411,1420
1417,1420
1417,1426
1417,1429
1420,1426
1426,1429
1426,1434
1426,1445
1429,1434
1429,1445
1434,1445
1434,1446
1434,1452
1445,1446
1445,1452
1446,1452
1446,1454
1446,1457
1452,1454
1454,1457
1457,1458
1458,1462
1462,1469
1469,1473
1473,1475
1473,1478
1473,1489
1473,1495
1475,1478
1478,1489
1489,1495
1489,1497
1489,1500
1495,1497
1495,1500
1497,1500
1500,1506
1500,1516
1500,1529
1506,1516
1506,1529
1516,1529
1516,1537
1516,1539
1516,1541
1529,1537
1537,1539
1539,1541
1541,1545
1545,1548
1548,1549
1548,1551
1549,1551
1549,1552
1549,1553
1549,1554
1551,1552
1551,1553
1552,1553
1552,1554
1553,1554
1554,1558
1558,1564
1564,1565
1564,1567
1564,1578
1564,1582
1564,1588
1565,1567
1567,1578
1578,1582
1582,1588
1588,1590
1590,1604
1604,1605
1605,1612
1605,1615
1605,1624
1612,1615
1612,1624
1612,1626
1612,1629
1615,1624
1615,1626
1624,1626
1624,1629
1624,1647
1626,1629
1626,1647
1626,1648
1626,1650
1629,1647
1647,1648
1647,1650
1647,1653
1647,1659
1647,1664
1648,1650
1648,1653
1648,1659
1650,1653
1650,1659
1653,1659
1659,1664
1664,1665
1664,1666
1665,1666
1666,1668
1668,1677
1677,1681
1677,1684
1677,1686
1681,1684
1684,1686
1686,1688
1686,1690
1686,1700
1686,1709
1688,1690
1690,1700
1690,1709
1700,1709
1709,1711
1709,1713
1711,1713
1713,1720
1720,1721
1720,1725
1720,1744
1720,1772
1720,1780
1721,1725
1725,1744
1744,1772
1744,1780
1744,1781
1744,1782
1772,1780
1772,1781
1772,1782
1772,1785
1772,1787
1772,1791
1780,1781
1781,1782
1782,1785
1785,1787
1787,1791
1791,1796
1796,1798
1796,1799
1796,1807
1796,1810
1796,1811
1796,1815
1798,1799
1799,1807
1807,1810
1807,1811
1807,1815
1810,1811
1810,1815
1810,1821
1810,1823
1811,1815
1811,1821
1815,1821
1821,1823
1823,1829
1829,1831
1831,1838
1831,1854
1831,1860
1838,1854
1854,1860
1860,1867
1867,1870
1867,1873
1870,1873
1870,1877
1873,1877
1873,1878
1873,1881
1877,1878
1877,1881
1877,1882
1878,1881
1881,1882
1882,1888
1882,1892
1882,1893
1882,1894
1888,1892
1888,1893
1892,1893
1892,1894
1892,1896
1893,1894
1894,1896
1894,1903
1896,1903
1903,1908
1908,1910
1908,1916
1910,1916
1916,1917
1917,1921
1917,1922
1917,1941
1921,1922
1921,1941
1921,1942
1922,1941
1922,1942
1941,1942
1941,1947
1941,1954
1942,1947
1947,1954
1954,1962
1962,1971
1962,1972
1971,1972
1972,1977
1977,1990
1990,1995
1995,1998
1998,1999
1998,2002
1999,2002
2002,2004
2002,2009
2004,2009
2004,2014
2004,2015
2004,2018
2004,2020
2009,2014
2014,2015
2015,2018
2018,2020
2020,2024
2024,2028
2028,2033
2028,2035
2033,2035
2035,2041
2041,2044
2044,2058
2044,2065
2044,2067
2058,2065
2065,2067
2067,2071
2071,2078
2078,2079
2079,2081
2079,2087
2079,2091
2079,2106
2081,2087
2087,2091
2087,2106
2087,2111
2091,2106
2091,2111
2106,2111
2106,2119
2111,2119
2111,2127
2111,2130
2111,2134
2111,2135
2111,2137
2111,2146
2111,2154
2119,2127
2127,2130
2127,2134
2127,2135
2127,2137
2127,2146
2127,2154
2127,2160
2127,2168
2130,2134
2130,2135
2134,2135
2134,2137
2134,2146
2135,2137
2137,2146
2146,2154
2154,2160
2160,2168
2160,2173
2160,2175
2160,2192
2160,2200
2168,2173
2168,2175
2168,2192
2173,2175
2175,2192
2175,2200
2192,2200
2200,2201
2201,2207
2207,2211
2211,2212
2211,2214
2211,2226
2211,2228
2211,2229
2211,2230
2212,2214
2212,2226
2212,2228
2214,2226
2214,2228
2214,2229
2226,2228
2226,2229
2226,2230
2226,2243
2228,2229
2229,2230
2229,2243
2230,2243
2230,2244
2243,2244
2244,2256
2256,2261
2261,2266
2266,2270
2266,2271
2266,2275
2266,2291
2270,2271
2270,2275
2270,2291
2270,2298
2271,2275
2275,2291
2275,2298
2291,2298
2291,2300
2298,2300
2300,2302
2302,2307
2307,2318
2307,2322
2307,2326
2318,2322
2318,2326
2322,2326
2322,2331
2322,2332
2326,2331
2331,2332
2332,2342
2342,2349
2342,2353
2349,2353
2349,2354
2353,2354
2353,2365
2353,2366
2354,2365
2354,2366
2354,2370
2365,2366
2365,2370
2366,2370
2370,2384
2370,2403
2370,2404
2384,2403
2403,2404
2404,2410
2404,2419
2410,2419
2419,2428
2419,2436
2428,2436
2428,2437
2428,2440
2428,2441
2436,2437
2436,2440
2436,2441
2436,2445
2436,2447
2436,2449
2436,2450
2437,2440
2437,2441
2437,2445
2437,2447
2437,2449
2437,2450
2440,2441
2441,2445
2441,2447
2445,2447
2447,2449
2447,2450
2447,2459
2449,2450
2450,2459
2459,2462
2462,2463
2462,2467
2463,2467
2463,2478
2463,2482
2463,2487
2463,2491
2467,2478
2467,2482
2478,2482
2482,2487
2487,2491
2491,2494
2494,2503
2494,2517
2494,2518
2503,2517
2503,2518
2517,2518
2517,2524
2517,2527
2517,2529
2517,2533
2517,2536
2518,2524
2524,2527
2527,2529
2529,2533
2529,2536
2529,2546
2533,2536
2533,2546
2533,2548
2533,2550
2536,2546
2546,2548
2548,2550
2550,2554
2550,2560
2550,2564
2554,2560
2560,2564
2560,2566
2560,2576
2564,2566
2566,2576
2576,2578
2576,2580
2578,2580
2578,2586
2580,2586
2586,2592
2592,2595
2595,2606
2595,2608
2595,2613
2595,2618
2595,2621
2606,2608
2606,2613
2606,2618
2606,2621
2606,2626
2608,2613
2608,2618
2613,2618
2613,2621
2618,2621
2621,2626
2621,2631
2626,2631
2626,2636
2631,2636
2631,2643
2631,2649
2636,2643
2636,2649
2636,2651
2643,2649
2643,2651
2643,2655
2649,2651
2649,2655
2651,2655
2651,2656
2655,2656
2656,2661
2656,2671
2656,2675
2656,2680
2661,2671
2671,2675
2675,2680
2680,2685
2680,2692
2685,2692
2692,2696
2692,2700
2696,2700
2700,2708
2700,2712
2708,2712
2708,2714
2708,2717
2712,2714
2712,2717
2714,2717
2717,2721
2717,2724
2721,2724
2721,2725
2721,2727
2724,2725
2724,2727
2724,2731
2725,2727
2727,2731
2727,2737
2731,2737
2737,2740
2740,2741
2741,2742
2741,2749
2741,2753
2742,2749
2742,2753
2749,2753
2749,2755
2753,2755
2753,2765
2753,2766
2753,2768
2753,2770
2755,2765
2765,2766
2766,2768
2768,2770
2768,2778
2768,2780
2768,2785
2768,2791
2770,2778
2778,2780
2778,2785
2778,2791
2780,2785
2780,2791
2785,2791
2785,2792
2791,2792
2791,2819
2791,2820
2791,2824
2792,2819
2819,2820
2819,2824
2819,2825
2819,2826
2820,2824
2824,2825
2824,2826
2825,2826
2826,2838
2826,2844
2838,2844
2838,2847
2838,2849
2838,2850
2844,2847
2847,2849
2849,2850
2849,2880
2850,2880
2880,2885
2885,2904
2885,2906
2904,2906
2906,2913
2913,2916
2913,2917
2913,2920
2916,2917
2916,2920
2916,2921
2917,2920
2920,2921
2921,2923
2923,2929
2923,2932
2923,2944
2923,2945
2923,2951
2923,2952
2923,2971
2929,2932
2932,2944
2944,2945
2945,2951
2945,2952
2951,2952
2951,2971
2952,2971
2952,2980
2952,2983
2952,2986
2971,2980
2971,2983
2980,2983
2980,2986
2980,2994
2983,2986
2983,2994
2983,3001
2986,2994
2986,3001
2994,3001
2994,3002
3001,3002
3001,3007
3002,3007
3002,3015
3002,3023
3007,3015
3007,3023
3007,3034
3007,3037
3015,3023
3023,3034
3023,3037
3023,3039
3034,3037
3037,3039
3037,3044
3037,3046
3039,3044
3039,3046
3039,3048
3044,3046
3046,3048
3048,3049
3048,3051
3048,3055
3049,3051
3049,3055
3049,3068
3051,3055
3055,3068
3055,3070
3055,3073
3068,3070
3068,3073
3070,3073
3073,3074
3074,3076
3076,3081
3076,3085
3081,3085
3085,3109
3085,3112
3085,3113
3085,3124
3085,3131
3109,3112
3112,3113
3112,3124
3113,3124
3124,3131
3124,3134
3124,3135
3131,3134
3131,3135
3131,3149
3134,3135
3135,3149
3135,3151
3149,3151
3149,3152
3149,3159
3149,3175
3149,3178
3151,3152
3152,3159
3159,3175
3159,3178
3159,3185
3159,3193
3159,3194
3159,3201
3175,3178
3175,3185
3175,3193
3178,3185
3185,3193
3193,3194
3193,3201
3194,3201
3194,3202
3201,3202
3201,3204
3201,3205
3201,3209
3202,3204
3202,3205
3202,3209
3202,3214
3202,3216
3202,3217
3202,3220
3204,3205
3205,3209
3209,3214
3214,3216
3214,3217
3216,3217
3217,3220
3220,3222
3222,3225
3222,3228
3222,3232
3222,3234
3225,3228
3225,3232
3225,3234
3228,3232
3232,3234
3232,3235
3232,3241
3232,3244
3234,3235
3234,3241
3235,3241
3241,3244
3241,3251
3241,3252
3244,3251
3251,3252
3252,3255
3255,3262
3262,3268
3268,3271
3271,3274
3271,3276
3271,3285
3271,3286
3271,3302
3274,3276
3276,3285
3285,3286
3285,3302
3286,3302
3286,3315
3286,3324
3286,3339
3286,3341
3302,3315
3315,3324
3324,3339
3324,3341
3324,3350
3339,3341
3341,3350
3341,3356
3341,3368
3350,3356
3356,3368
3356,3374
3356,3375
3356,3405
3356,3416
3368,3374
3368,3375
3374,3375
3375,3405
3375,3416
3375,3418
3405,3416
3405,3418
3405,3419
3405,3420
3405,3423
3405,3426
3416,3418
3416,3419
3418,3419
3419,3420
3420,3423
3420,3426
3420,3427
3423,3426
3423,3427
3426,3427
3427,3430
3427,3440
3427,3448
3427,3449
3427,3450
3430,3440
3430,3448
3440,3448
3440,3449
3448,3449
3448,3450
3448,3464
3449,3450
3449,3464
3449,3478
3449,3482
3450,3464
3450,3478
3450,3482
3450,3484
3464,3478
3478,3482
3478,3484
3482,3484
3484,3488
3484,3490
3484,3491
3484,3495
3488,3490
3490,3491
3491,3495
3491,3496
3491,3505
3495,3496
3495,3505
3495,3508
3496,3505
3505,3508
3508,3509
3509,3510
3510,3520
3510,3521
3520,3521
3521,3524
3524,3526
3526,3527
3527,3528
3527,3540
3528,3540
3528,3542
3528,3546
3528,3549
3540,3542
3542,3546
3546,3549
3546,3554
3549,3554
3549,3556
3554,3556
3554,3567
3554,3573
3556,3567
3567,3573
3567,3574
3573,3574
3573,3577
3574,3577
3574,3578
3577,3578
3578,3592
3578,3597
3592,3597
3592,3601
3592,3604
3592,3610
3597,3601
3601,3604
3604,3610
3604,3612
3604,3614
3604,3618
3610,3612
3612,3614
3614,3618
3614,3619
3614,3621
3614,3625
3618,3619
3618,3621
3619,3621
3621,3625
3621,3630
3625,3630
3625,3642
3625,3646
3625,3647
3630,3642
3642,3646
3642,3647
3642,3651
3642,3655
3642,3656
3646,3647
3646,3651
3646,3655
3646,3656
3646,3665
3647,3651
3647,3655
3651,3655
3655,3656
3655,3665
3655,3666
3655,3673
3655,3677
3656,3665
3665,3666
3666,3673
3673,3677
3677,3678
3678,3682
3682,3686
3686,3689
3689,3692
3689,3693
3692,3693
3693,3695
3695,3698
3695,3703
3698,3703
3703,3704
3704,3705
3704,3711
3705,3711
3705,3714
3705,3718
3711,3714
3714,3718
3718,3719
3718,3723
3718,3729
3718,3731
3719,3723
3719,3729
3719,3731
3723,3729
3723,3731
3723,3732
3723,3733
3723,3734
3729,3731
3729,3732
3729,3733
3729,3734
3731,3732
3731,3733
3731,3734
3731,3735
3732,3733
3732,3734
3732,3735
3732,3739
3733,3734
3733,3735
3734,3735
3734,3739
3735,3739
3739,3744
3739,3745
3744,3745
3744,3751
3744,3756
3745,3751
3745,3756
3745,3760
3745,3763
3751,3756
3756,3760
3756,3763
3760,3763
3760,3770
3760,3781
3760,3784
3763,3770
3763,3781
3763,3784
3763,3785
3770,3781
3781,3784
3781,3785
3781,3787
3781,3790
3781,3793
3784,3785
3785,3787
3787,3790
3787,3793
3787,3801
3787,3808
3787,3813
3787,3818
3790,3793
3790,3801
3793,3801
3801,3808
3808,3813
3808,3818
3808,3820
3808,3825
3808,3832
3813,3818
3818,3820
3818,3825
3818,3832
3820,3825
3820,3832
3820,3836
3825,3832
3825,3836
3825,3837
3825,3839
3825,3840
3832,3836
3836,3837
3836,3839
3836,3840
3837,3839
3837,3840
3837,3847
3839,3840
3840,3847
3847,3850
3847,3861
3847,3871
3850,3861
3850,3871
3850,3874
3861,3871
3871,3874
3874,3878
3874,3880
3878,3880
3878,3881
3878,3887
3880,3881
3880,3887
3880,3888
3880,3896
3881,3887
3887,3888
3888,3896
3888,3898
3896,3898
3896,3904
3896,3908
3896,3911
3898,3904
3898,3908
3898,3911
3898,3913
3904,3908
3904,3911
3904,3913
3904,3914
3904,3922
3908,3911
3911,3913
3911,3914
3913,3914
3913,3922
3913,3929
3913,3932
3913,3933
3913,3947
3913,3951
3914,3922
3922,3929
3922,3932
3922,3933
3929,3932
3929,3933
3932,3933
3932,3947
3933,3947
3933,3951
3933,3955
3947,3951
3947,3955
3947,3964
3947,3965
3947,3967
3951,3955
3955,3964
3964,3965
3965,3967
3965,3969
3965,3982
3965,3989
3967,3969
3969,3982
3969,3989
3982,3989
3989,3991
3989,3998
3989,4000
3989,4004
3989,4008
3991,3998
3998,4000
3998,4004
3998,4008
3998,4013
4000,4004
4004,4008
4004,4013
4004,4018
4004,4022
4004,4035
4008,4013
4013,4018
4018,4022
4018,4035
4022,4035
4035,4037
4037,4042
4037,4045
4037,4046
4037,4048
4042,4045
4045,4046
4045,4048
4046,4048
4046,4052
4048,4052
4052,4057
4057,4072
4057,4073
4057,4076
4057,4078
4072,4073
4073,4076
4076,4078
4078,4081
4081,4089
4081,4091
4081,4094
4089,4091
4089,4094
4089,4096
4089,4101
4089,4106
4091,4094
4091,4096
4091,4101
4094,4096
4094,4101
4096,4101
4096,4106
4096,4107
4096,4111
4096,4118
4101,4106
4101,4107
4101,4111
4106,4107
4107,4111
4111,4118
4111,4119
4118,4119
4119,4125
4119,4131
4125,4131
4131,4133
4133,4142
4142,4148
4142,4149
4142,4155
4142,4158
4142,4168
4148,4149
4148,4155
4148,4158
4148,4168
4149,4155
4149,4158
4149,4168
4149,4169
4155,4158
4155,4168
4155,4169
4155,4173
4158,4168
4158,4169
4158,4173
4158,4180
4158,4185
4158,4188
4168,4169
4168,4173
4168,4180
4169,4173
4169,4180
4173,4180
4173,4185
4180,4185
4180,4188
4185,4188
4185,4191
4185,4192
4185,4193
4185,4196
4188,4191
4191,4192
4192,4193
4192,4196
4192,4197
4192,4199
4193,4196
4193,4197
4196,4197
4196,4199
4197,4199
4197,4210
4197,4213
4199,4210
4210,4213
4210,4217
4213,4217
4217,4224
4224,4225
4224,4229
4225,4229
4225,4231
4225,4238
4229,4231
4231,4238
4238,4240
4238,4245
4238,4251
4238,4253
4240,4245
4240,4251
4245,4251
4245,4253
4245,4260
4245,4262
4251,4253
4251,4260
4251,4262
4253,4260
4260,4262
4260,4281
4260,4283
4260,4284
4260,4285
4262,4281
4262,4283
4262,4284
4281,4283
4281,4284
4281,4285
4283,4284
4283,4285
4283,4287
4283,4290
4284,4285
4284,4287
4285,4287
4285,4290
4285,4291
4287,4290
4290,4291
4290,4297
4291,4297
4297,4312
4297,4316
4297,4318
4297,4325
4312,4316
4312,4318
4312,4325
4316,4318
4318,4325
4325,4328
4328,4329
4328,4333
4329,4333
4329,4347
4329,4349
4333,4347
4347,4349
4349,4357
4357,4362
4357,4384
4357,4389
4357,4392
4362,4384
4362,4389
4362,4392
4362,4398
4384,4389
4389,4392
4389,4398
4392,4398
4398,4399
4399,4410
4410,4411
4410,4412
4410,4430
4410,4440
4411,4412
4411,4430
4412,4430
4412,4440
4412,4444
4430,4440
4430,4444
4430,4445
4430,4450
4440,4444
4440,4445
4444,4445
4445,4450
4445,4451
4445,4457
4445,4460
4445,4461
4450,4451
4451,4457
4457,4460
4457,4461
4460,4461
4460,4462
4460,4464
4460,4478
4461,4462
4462,4464
4462,4478
4462,4482
4462,4485
4462,4491
4462,4492
4464,4478
4478,4482
4478,4485
4478,4491
4478,4492
4482,4485
4485,4491
4491,4492
4491,4494
4491,4495
4492,4494
4492,4495
4492,4501
4494,4495
4494,4501
4494,4509
4495,4501
4501,4509
4501,4511
4501,4513
4501,4515
4509,4511
4509,4513
4509,4515
4511,4513
4511,4515
4511,4523
4513,4515
4513,4523
4513,4531
4513,4533
4513,4545
4513,4550
4515,4523
4515,4531
4523,4531
4523,4533
4523,4545
4523,4550
4531,4533
4533,4545
4545,4550
4550,4551
4551,4552
4552,4555
4552,4556
4552,4562
4555,4556
4555,4562
4555,4573
4555,4578
4555,4582
4556,4562
4562,4573
4573,4578
4573,4582
4578,4582
4578,4584
4582,4584
4584,4592
4584,4599
4584,4600
4584,4627
4584,4631
4592,4599
4599,4600
4600,4627
4600,4631
4600,4642
4627,4631
4631,4642
4642,4652
4652,4661
4652,4669
4652,4676
4652,4679
4661,4669
4661,4676
4661,4679
4661,4702
4669,4676
4676,4679
4679,4702
4702,4706
4702,4708
4702,4717
4706,4708
4706,4717
4708,4717
4717,4722
4717,4723
4722,4723
4723,4732
4723,4736
4723,4744
4723,4757
4732,4736
4736,4744
4744,4757
4757,4764
4764,4766
4764,4768
4764,4769
4764,4772
4764,4774
4764,4781
4764,4784
4766,4768
4768,4769
4769,4772
4772,4774
4774,4781
4781,4784
4784,4791
4791,4796
4791,4797
4796,4797
4797,4801
4801,4813
4801,4816
4801,4817
4801,4818
4801,4828
4813,4816
4816,4817
4816,4818
4817,4818
4817,4828
4818,4828
4818,4829
4818,4831
4828,4829
4829,4831
4829,4833
4831,4833
4833,4837
4837,4838
4838,4849
4849,4850
4849,4854
4849,4855
4850,4854
4850,4855
4850,4857
4850,4859
4850,4883
4854,4855
4855,4857
4855,4859
4855,4883
4857,4859
4857,4883
4857,4884
4859,4883
4859,4884
4859,4892
4883,4884
4884,4892
4884,4894
4884,4900
4884,4901
4892,4894
4894,4900
4894,4901
4894,4907
4900,4901
4901,4907
4907,4915
4907,4919
4907,4923
4907,4924
4915,4919
4915,4923
4915,4924
4919,4923
4923,4924
4923,4929
4924,4929
4929,4933
4933,4940
4940,4944
4944,4965
4965,4967
4967,4970
4967,4974
4967,4990
4970,4974
4974,4990
4974,4993
4990,4993
4993,4995
4993,5000
4995,5000
4995,5005
4995,5006
4995,5009
5000,5005
5005,5006
5005,5009
5005,5014
5005,5024
5005,5027
5006,5009
5006,5014
5009,5014
5009,5024
5009,5027
5009,5029
5009,5035
5014,5024
5024,5027
5024,5029
5024,5035
5024,5038
5027,5029
5027,5035
5029,5035
5029,5038
5029,5040
5029,5041
5035,5038
5038,5040
5040,5041
5040,5044
5040,5048
5040,5050
5041,5044
5041,5048
5041,5050
5041,5052
5044,5048
5044,5050
5044,5052
5048,5050
5050,5052
5050,5060
5052,5060
5060,5062
5060,5065
5060,5067
5062,5065
5062,5067
5065,5067
5067,5070
5067,5077
5067,5079
5070,5077
5077,5079
5079,5081
5081,5086
5086,5088
5088,5097
5097,5098
5097,5110
5098,5110
5098,5114
5098,5117
5110,5114
5114,5117
5117,5122
5122,5124
5124,5132
5124,5135
5132,5135
5132,5136
5132,5146
5135,5136
5135,5146
5135,5148
5136,5146
5146,5148
5148,5159
5148,5173
5148,5174
5159,5173
5173,5174
5174,5180
5180,5181
5180,5182
5180,5191
5181,5182
5181,5191
5182,5191
5191,5195
5191,5197
5191,5203
5195,5197
5195,5203
5195,5212
5195,5214
5197,5203
5197,5212
5203,5212
5203,5214
5203,5218
5203,5221
5212,5214
5212,5218
5214,5218
5218,5221
5218,5234
5221,5234
5234,5235
5235,5239
5239,5240
5239,5244
5240,5244
5244,5258
5244,5261
5244,5269
5244,5272
5258,5261
5261,5269
5269,5272
5269,5280
5269,5287
5272,5280
5280,5287
5287,5289
5287,5290
5287,5292
5287,5303
5289,5290
5290,5292
5290,5303
5292,5303
5303,5306
5306,5310
5310,5315
5310,5316
5310,5322
5310,5325
5310,5342
5315,5316
5315,5322
5315,5325
5315,5342
5315,5350
5315,5351
5316,5322
5316,5325
5322,5325
5322,5342
5325,5342
5342,5350
5350,5351
5351,5356
5351,5364
5356,5364
5356,5365
5356,5368
5364,5365
5365,5368
5365,5371
5365,5378
5365,5381
5365,5382
5368,5371
5371,5378
5378,5381
5378,5382
5378,5388
5381,5382
5382,5388
5382,5389
5382,5392
5388,5389
5388,5392
5389,5392
5389,5394
5392,5394
5394,5402
5394,5404
5402,5404
5402,5417
5402,5420
5402,5422
5402,5425
5402,5428
5404,5417
5404,5420
5404,5422
5404,5425
5417,5420
5420,5422
5422,5425
5425,5428
5425,5430
5428,5430
5428,5434
5430,5434
5434,5444
5444,5445
5444,5446
5444,5449
5444,5454
5444,5468
5444,5473
5444,5488
5445,5446
5445,5449
5445,5454
5446,5449
5446,5454
5449,5454
5449,5468
5454,5468
5468,5473
5473,5488
5488,5489
5489,5490
5490,5493
5490,5497
5490,5499
5490,5500
5490,5501
5490,5502
5490,5509
5493,5497
5497,5499
5497,5500
5497,5501
5497,5502
5499,5500
5500,5501
5501,5502
5502,5509
5509,5514
5514,5517
5517,5520
5517,5531
5520,5531
5531,5534
5531,5535
5531,5540
5531,5546
5531,5547
5534,5535
5535,5540
5535,5546
5540,5546
5540,5547
5540,5548
5546,5547
5546,5548
5547,5548
5547,5550
5548,5550
5548,5553
5548,5562
5550,5553
5550,5562
5553,5562
5553,5565
5562,5565
5562,5568
5562,5579
5565,5568
5565,5579
5568,5579
5579,5588
5579,5593
5579,5596
5579,5598
5579,5604
5588,5593
5593,5596
5596,5598
5596,5604
5596,5611
5598,5604
5604,5611
5604,5612
5611,5612
5612,5623
5612,5627
5612,5647
5612,5654
5612,5655
5612,5658
5612,5662
5623,5627
5623,5647
5627,5647
5627,5654
5627,5655
5627,5658
5627,5662
5647,5654
5654,5655
5655,5658
5655,5662
5655,5666
5655,5669
5658,5662
5658,5666
5658,5669
5662,5666
5662,5669
5662,5677
5666,5669
5669,5677
5677,5680
5680,5681
5681,5686
5681,5687
5686,5687
5686,5689
5686,5691
5686,5699
5687,5689
5689,5691
5691,5699
5691,5703
5691,5708
5699,5703
5703,5708
5703,5714
5703,5720
5708,5714
5708,5720
5714,5720
5720,5721
5721,5735
5721,5739
5721,5742
5721,5755
5721,5762
5735,5739
5735,5742
5735,5755
5739,5742
5742,5755
5742,5762
5755,5762
5755,5765
5755,5768
5755,5775
5755,5776
5755,5784
5762,5765
5762,5768
5762,5775
5762,5776
5762,5784
5765,5768
5768,5775
5768,5776
5768,5784
5775,5776
5776,5784
5776,5788
5776,5790
5784,5788
5784,5790
5784,5791
5784,5797
5784,5804
5788,5790
5790,5791
5791,5797
5797,5804
5804,5825
5804,5829
5804,5835
5825,5829
5829,5835
5835,5851
5835,5855
5835,5862
5835,5872
5851,5855
5855,5862
5862,5872
5872,5875
5872,5877
5875,5877
5877,5879
5879,5880
5879,5882
5880,5882
5880,5888
5882,5888
5882,5890
5888,5890
5888,5893
5888,5894
5890,5893
5893,5894
5893,5900
5894,5900
5894,5907
5900,5907
5907,5912
5907,5913
5907,5919
5912,5913
5913,5919
5919,5930
5930,5935
5930,5946
5930,5947
5935,5946
5946,5947
5947,5954
5947,5956
5954,5956
5956,5957
5957,5972
5957,5975
5972,5975
5972,5979
5972,5999
5972,6007
5972,6013
5972,6015
5972,6023
5975,5979
5979,5999
5979,6007
5979,6013
5999,6007
5999,6013
6007,6013
6007,6015
6007,6023
6013,6015
6013,6023
6015,6023
6023,6025
6023,6026
6023,6028
6023,6029
6025,6026
6025,6028
6025,6029
6025,6032
6025,6038
6025,6040
6025,6043
6026,6028
6028,6029
6029,6032
6032,6038
6038,6040
6040,6043
6040,6044
6043,6044
6044,6048
6044,6050
6044,6055
6044,6057
6044,6060
6048,6050
6050,6055
6050,6057
6050,6060
6050,6065
6050,6066
6050,6074
6050,6082
6050,6116
6055,6057
6055,6060
6055,6065
6057,6060
6057,6065
6057,6066
6060,6065
6065,6066
6066,6074
6066,6082
6074,6082
6082,6116
6116,6130
6116,6132
6116,6133
6116,6142
6116,6143
6130,6132
6130,6133
6132,6133
6132,6142
6133,6142
6133,6143
6133,6144
6142,6143
6143,6144
6144,6147
6144,6151
6144,6152
6147,6151
6151,6152
6151,6153
6151,6155
6152,6153
6153,6155
6153,6156
6153,6158
6153,6163
6153,6164
6153,6165
6155,6156
6155,6158
6155,6163
6155,6164
6156,6158
6156,6163
6156,6164
6158,6163
6158,6164
6158,6165
6163,6164
6163,6165
6163,6166
6164,6165
6165,6166
6165,6167
6165,6169
6165,6171
6165,6174
6165,6176
6166,6167
6166,6169
6166,6171
6167,6169
6167,6171
6167,6174
6167,6176
6169,6171
6171,6174
6174,6176
6174,6177
6174,6179
6176,6177
6177,6179
6179,6186
6179,6187
6179,6204
6186,6187
6186,6204
6186,6218
6187,6204
6187,6218
6187,6223
6204,6218
6204,6223
6204,6224
6204,6228
6218,6223
6223,6224
6223,6228
6223,6230
6224,6228
6224,6230
6224,6238
6228,6230
6228,6238
6228,6239
6230,6238
6230,6239
6230,6244
6230,6246
6230,6249
6238,6239
6238,6244
6238,6246
6239,6244
6244,6246
6246,6249
6246,6251
6246,6254
6246,6257
6249,6251
6249,6254
6251,6254
6251,6257
6251,6262
6254,6257
6254,6262
6254,6287
6257,6262
6262,6287
6262,6288
6262,6290
6287,6288
6288,6290
6290,6292
6292,6307
6292,6310
6292,6315
6292,6320
6307,6310
6307,6315
6307,6320
6307,6332
6307,6341
6310,6315
6310,6320
6310,6332
6315,6320
6315,6332
6315,6341
6315,6348
6320,6332
6320,6341
6320,6348
6320,6349
6320,6352
6332,6341
6341,6348
6348,6349
6348,6352
6348,6353
6348,6363
6349,6352
6349,6353
6349,6363
6352,6353
6353,6363
6353,6367
6363,6367
6363,6369
6363,6370
6363,6382
6363,6385
6367,6369
6369,6370
6370,6382
6382,6385
6382,6391
6382,6392
6385,6391
6391,6392
6392,6396
6396,6398
6398,6399
6399,6405
6405,6407
6407,6411
6411,6415
6415,6418
6418,6422
6418,6423
6422,6423
6423,6432
6423,6435
6432,6435
6432,6438
6432,6440
6435,6438
6435,6440
6438,6440
6440,6441
6441,6446
6441,6448
6446,6448
6448,6452
6452,6456
6452,6457
6452,6460
6456,6457
6457,6460
6457,6471
6460,6471
6460,6473
6460,6475
6471,6473
6473,6475
6475,6476
6476,6477
6477,6479
6477,6485
6477,6490
6477,6493
6479,6485
6479,6490
6479,6493
6479,6495
6485,6490
6485,6493
6490,6493
6490,6495
6490,6497
6493,6495
6495,6497
6495,6498
6497,6498
6497,6500
6497,6505
6497,6509
6497,6515
6498,6500
6500,6505
6505,6509
6509,6515
6509,6516
6509,6526
6515,6516
6515,6526
6515,6536
6516,6526
6526,6536
6536,6538
6536,6543
6538,6543
6543,6547
6547,6548
6547,6567
6547,6570
6547,6589
6547,6596
6548,6567
6548,6570
6567,6570
6567,6589
6570,6589
6589,6596
6596,6599
6599,6600
6599,6615
6599,6617
6600,6615
6600,6617
6600,6627
6600,6640
6615,6617
6617,6627
6627,6640
6640,6643
6643,6655
6643,6662
6643,6670
6655,6662
6662,6670
6662,6672
6670,6672
6672,6673
6673,6676
6673,6677
6673,6682
6673,6683
6676,6677
6677,6682
6682,6683
6682,6685
6683,6685
6685,6688
6688,6689
6689,6690
6690,6697
6697,6700
6697,6701
6697,6703
6697,6706
6700,6701
6701,6703
6703,6706
6703,6708
6703,6709
6706,6708
6708,6709
6709,6729
6729,6736
6729,6737
6729,6738
6736,6737
6736,6738
6737,6738
6737,6745
6737,6752
6738,6745
6738,6752
6738,6755
6738,6760
6745,6752
6752,6755
6752,6760
6755,6760
6760,6761
6761,6781
6761,6782
6761,6783
6781,6782
6781,6783
6781,6786
6782,6783
6783,6786
6786,6788
6788,6792
6788,6794
6792,6794
6792,6795
6794,6795
6795,6796
6796,6798
6796,6799
6796,6809
6798,6799
6799,6809
6799,6812
6799,6823
6809,6812
6812,6823
6812,6827
6812,6841
6823,6827
6827,6841
6827,6842
6841,6842
6841,6843
6842,6843
6843,6844
6844,6846
6844,6847
6846,6847
6847,6851
6851,6852
6851,6856
6851,6857
6851,6858
6851,6862
6851,6871
6852,6856
6852,6857
6852,6858
6852,6862
6856,6857
6857,6858
6858,6862
6858,6871
6858,6875
6862,6871
6862,6875
6862,6887
6871,6875
6871,6887
6875,6887
6875,6889
6887,6889
6887,6890
6887,6892
6889,6890
6889,6892
6889,6906
6890,6892
6890,6906
6890,6912
6890,6915
6892,6906
6906,6912
6906,6915
6906,6924
6906,6929
6906,6934
6912,6915
6912,6924
6912,6929
6915,6924
6915,6929
6915,6934
6924,6929
6929,6934
6934,6937
6937,6943
6937,6946
6943,6946
6943,6954
6943,6955
6943,6960
6943,6962
6946,6954
6954,6955
6955,6960
6955,6962
6955,6966
6955,6971
6955,6980
6960,6962
6960,6966
6960,6971
6960,6980
6962,6966
6966,6971
6966,6980
6971,6980
6980,6982
6980,6987
6982,6987
6987,6989
6987,6994
6987,6996
6987,7005
6989,6994
6989,6996
6989,7005
6994,6996
6996,7005
6996,7016
7005,7016
7016,7033
7016,7040
7016,7042
7016,7043
7016,7046
7033,7040
7040,7042
7040,7043
7042,7043
7043,7046
7046,7055
7055,7062
7062,7063
7063,7082
7063,7083
7063,7084
7082,7083
7082,7084
7082,7085
7082,7090
7082,7093
7083,7084
7084,7085
7085,7090
7085,7093
7085,7096
7085,7104
7090,7093
7093,7096
7096,7104
7104,7107
7107,7108
7108,7109
7109,7111
7109,7115
7111,7115
7115,7125
7115,7127
7115,7131
7125,7127
7127,7131
7127,7141
7127,7148
7127,7149
7131,7141
7131,7148
7141,7148
7141,7149
7148,7149
7149,7153
7149,7160
7153,7160
7153,7171
7153,7172
7153,7190
7160,7171
7171,7172
7171,7190
7171,7194
7172,7190
7172,7194
7172,7199
7172,7200
7190,7194
7190,7199
7194,7199
7194,7200
7194,7224
7199,7200
7200,7224
7224,7230
7230,7240
7240,7241
7241,7243
7243,7244
7244,7245
7245,7249
7249,7250
7249,7251
7250,7251
7250,7255
7250,7256
7250,7260
7251,7255
7251,7256
7251,7260
7251,7271
7255,7256
7256,7260
7260,7271
7260,7272
7260,7278
7271,7272
7271,7278
7271,7280
7272,7278
7278,7280
7278,7288
7278,7304
7280,7288
7288,7304
7288,7311
7288,7315
7288,7317
7304,7311
7311,7315
7311,7317
7315,7317
7315,7321
7317,7321
7317,7322
7321,7322
7321,7323
7321,7327
7322,7323
7323,7327
7327,7329
7329,7338
7329,7340
7329,7347
7338,7340
7340,7347
7340,7348
7340,7349
7340,7359
7340,7370
7347,7348
7347,7349
7347,7359
7348,7349
7349,7359
7349,7370
7359,7370
7359,7371
7359,7380
7370,7371
7371,7380
7380,7385
7385,7392
7385,7396
7392,7396
7396,7402
7402,7404
7402,7408
7402,7414
7402,7421
7404,7408
7404,7414
7408,7414
7414,7421
7414,7425
7414,7430
7414,7432
7414,7433
7421,7425
7421,7430
7421,7432
7425,7430
7425,7432
7430,7432
7432,7433
7433,7436
7436,7437
7436,7438
7437,7438
7438,7439
7439,7443
7443,7451
7443,7453
7443,7463
7443,7464
7443,7466
7451,7453
7453,7463
7463,7464
7463,7466
7464,7466
7466,7468
7466,7471
7468,7471
7468,7474
7468,7480
7471,7474
7474,7480
7474,7481
7474,7483
7480,7481
7481,7483
7481,7486
7481,7487
7481,7489
7483,7486
7486,7487
7486,7489
7487,7489
7487,7491
7487,7494
7489,7491
7489,7494
7491,7494
7494,7496
7494,7497
7496,7497
7497,7498
7498,7500
7500,7505
7500,7518
7500,7519
7505,7518
7505,7519
7505,7520
7505,7525
7518,7519
7519,7520
7519,7525
7520,7525
7520,7534
7525,7534
7534,7537
7537,7538
7537,7540
7537,7543
7538,7540
7538,7543
7538,7546
7538,7552
7540,7543
7540,7546
7543,7546
7546,7552
7546,7554
7546,7555
7546,7557
7552,7554
7552,7555
7552,7557
7554,7555
7554,7557
7554,7566
7555,7557
7557,7566
7557,7567
7566,7567
7566,7586
7566,7591
7567,7586
7586,7591
7586,7593
7586,7598
7586,7604
7591,7593
7593,7598
7598,7604
7604,7608
7604,7609
7604,7620
7604,7629
7604,7634
7608,7609
7608,7620
7608,7629
7608,7634
7608,7637
7609,7620
7609,7629
7609,7634
7620,7629
7629,7634
7634,7637
7637,7638
7638,7641
7641,7644
7644,7650
7644,7651
7644,7653
7644,7654
7644,7659
7650,7651
7651,7653
7651,7654
7653,7654
7654,7659
7654,7662
7654,7667
7659,7662
7659,7667
7662,7667
7667,7671
7667,7674
7667,7677
7667,7681
7671,7674
7671,7677
7671,7681
7674,7677
7677,7681
7681,7686
7686,7702
7702,7704
7704,7710
7710,7711
7710,7715
7711,7715
7711,7722
7715,7722
7715,7728
7715,7739
7722,7728
7722,7739
7722,7741
7722,7748
7728,7739
7728,7741
7728,7748
7739,7741
7741,7748
7748,7749
7748,7751
7748,7754
7748,7756
7748,7762
7748,7763
7748,7769
7748,7773
7749,7751
7749,7754
7751,7754
7751,7756
7754,7756
7756,7762
7756,7763
7762,7763
7763,7769
7769,7773
7773,7775
7773,7776
7775,7776
7776,7779
7779,7792
7792,7799
7792,7804
7799,7804
7804,7806
7806,7812
7812,7819
7819,7821
7819,7825
7819,7830
7819,7832
7821,7825
7821,7830
7821,7832
7825,7830
7830,7832
7832,7839
7832,7843
7839,7843
7839,7855
7839,7856
7839,7860
7839,7867
7839,7882
7839,7883
7839,7892
7843,7855
7843,7856
7855,7856
7855,7860
7856,7860
7856,7867
7860,7867
7860,7882
7860,7883
7860,7892
7867,7882
7867,7883
7882,7883
7883,7892
7892,7896
7892,7898
7896,7898
7896,7899
7896,7905
7896,7906
7896,7910
7898,7899
7898,7905
7898,7906
7899,7905
7905,7906
7906,7910
7910,7913
7910,7915
7913,7915
7915,7923
7915,7926
7923,7926
7926,7934
7934,7938
7934,7944
7934,7945
7934,7946
7938,7944
7938,7945
7944,7945
7945,7946
7946,7947
7947,7951
7951,7953
7951,7962
7951,7964
7951,7965
7953,7962
7962,7964
7962,7965
7962,7978
7964,7965
7965,7978
7978,7991
7978,7992
7991,7992
7991,7997
7992,7997
7997,8001
7997,8014
7997,8015
7997,8018
8001,8014
8014,8015
8015,8018
8015,8023
8018,8023
8018,8025
8023,8025
8025,8029
8025,8037
8025,8038
8029,8037
8029,8038
8029,8042
8037,8038
8037,8042
8037,8047
8037,8048
8038,8042
8038,8047
8038,8048
8038,8050
8042,8047
8047,8048
8048,8050
8050,8053
8050,8060
8053,8060
8053,8062
8060,8062
8062,8064
8064,8066
8066,8067
8066,8073
8067,8073
8073,8074
8073,8083
8074,8083
8074,8088
8074,8096
8074,8101
8074,8105
8083,8088
8088,8096
8096,8101
8101,8105
8105,8109
8109,8111
8111,8117
8111,8118
8111,8120
8111,8124
8111,8126
8117,8118
8118,8120
8120,8124
8120,8126
8120,8128
8124,8126
8126,8128
8126,8130
8126,8133
8126,8135
8128,8130
8130,8133
8133,8135
8133,8139
8135,8139
8135,8144
8135,8147
8135,8149
8139,8144
8144,8147
8144,8149
8147,8149
8149,8162
8162,8167
8162,8170
8162,8175
8162,8199
8162,8201
8167,8170
8167,8175
8167,8199
8170,8175
8170,8199
8175,8199
8175,8201
8175,8203
8175,8207
8199,8201
8199,8203
8199,8207
8201,8203
8201,8207
8203,8207
8203,8211
8203,8213
8203,8221
8203,8226
8207,8211
8211,8213
8211,8221
8213,8221
8213,8226
8213,8229
8213,8231
8213,8233
8221,8226
8221,8229
8221,8231
8226,8229
8229,8231
8231,8233
8233,8235
8233,8238
8233,8239
8235,8238
8238,8239
8238,8243
8239,8243
8239,8249
8239,8251
8239,8255
8243,8249
8249,8251
8249,8255
8251,8255
8255,8270
8270,8282
8282,8284
8284,8285
8285,8289
8285,8300
8285,8305
8285,8306
8285,8308
8289,8300
8289,8305
8289,8306
8289,8308
8300,8305
8305,8306
8306,8308
8308,8310
8310,8315
8315,8317
8315,8319
8315,8325
8317,8319
8319,8325
8319,8329
8325,8329
8329,8337
8337,8339
8337,8343
8339,8343
8343,8349
8349,8351
8349,8353
8351,8353
8351,8354
8351,8360
8351,8363
8353,8354
8354,8360
8360,8363
8363,8364
8364,8366
8364,8370
8366,8370
8370,8379
8379,8385
8379,8390
8379,8396
8379,8397
8379,8399
8385,8390
8385,8396
8390,8396
8390,8397
8390,8399
8396,8397
8396,8399
8396,8406
8396,8409
8397,8399
8397,8406
8397,8409
8397,8412
8399,8406
8406,8409
8406,8412
8406,8420
8409,8412
8412,8420
8420,8425
8425,8429
8429,8431
8431,8436
8431,8438
8436,8438
8438,8439
8438,8440
8438,8444
8439,8440
8439,8444
8439,8448
8440,8444
8444,8448
8444,8458
8444,8468
8444,8472
8444,8475
8444,8488
8444,8493
8444,8500
8444,8514
8448,8458
8458,8468
8468,8472
8468,8475
8468,8488
8468,8493
8472,8475
8472,8488
8472,8493
8472,8500
8475,8488
8475,8493
8475,8500
8475,8514
8475,8516
8475,8522
8488,8493
8493,8500
8493,8514
8500,8514
8500,8516
8500,8522
8514,8516
8514,8522
8514,8526
8514,8530
8516,8522
8522,8526
8522,8530
8526,8530
8526,8546
8526,8561
8526,8562
8526,8564
8530,8546
8530,8561
8530,8562
8530,8564
8530,8568
8530,8573
8546,8561
8546,8562
8561,8562
8562,8564
8562,8568
8562,8573
8562,8578
8562,8582
8564,8568
8564,8573
8564,8578
8568,8573
8573,8578
8573,8582
8578,8582
8578,8591
8578,8592
8578,8597
8582,8591
8591,8592
8591,8597
8592,8597
8592,8605
8597,8605
8605,8615
8605,8616
8605,8617
8615,8616
8615,8617
8616,8617
8617,8620
8617,8628
8620,8628
8628,8629
8628,8633
8628,8636
8629,8633
8629,8636
8629,8643
8629,8644
8633,8636
8633,8643
8633,8644
8636,8643
8636,8644
8636,8645
8643,8644
8643,8645
8644,8645
8644,8646
8645,8646
8645,8648
8646,8648
8648,8652
8652,8660
8652,8664
8660,8664
8660,8667
8660,8668
8660,8681
8664,8667
8667,8668
8668,8681
8668,8686
8681,8686
8681,8688
8681,8691
8681,8694
8681,8700
8686,8688
8688,8691
8688,8694
8688,8700
8688,8701
8688,8704
8691,8694
8691,8700
8694,8700
8700,8701
8700,8704
8700,8706
8701,8704
8704,8706
8704,8708
8704,8719
8704,8721
8704,8723
8704,8725
8704,8727
8704,8730
8706,8708
8706,8719
8706,8721
8706,8723
8706,8725
8706,8727
8708,8719
8708,8721
8708,8723
8708,8725
8708,8727
8719,8721
8719,8723
8721,8723
8721,8725
8723,8725
8723,8727
8725,8727
8725,8730
8727,8730
8730,8733
8730,8736
8730,8738
8730,8754
8730,8755
8733,8736
8733,8738
8736,8738
8736,8754
8736,8755
8736,8758
8738,8754
8754,8755
8755,8758
8755,8759
8755,8764
8758,8759
8759,8764
8764,8768
8764,8777
8768,8777
8777,8783
8783,8787
8787,8791
8791,8793
8793,8794
8794,8796
8796,8799
8799,8800
8800,8818
8818,8834
8834,8845
8845,8849
8845,8860
8849,8860
8849,8864
8849,8868
8849,8869
8860,8864
8860,8868
8860,8869
8864,8868
8864,8869
8864,8874
8864,8881
8864,8886
8868,8869
8869,8874
8869,8881
8869,8886
8869,8893
8869,8896
8869,8897
8869,8898
8874,8881
8874,8886
8881,8886
8881,8893
8881,8896
8881,8897
8881,8898
8881,8899
8886,8893
8893,8896
8896,8897
8897,8898
8898,8899
8898,8900
8898,8913
8899,8900
8900,8913
8913,8915
8913,8921
8915,8921
8921,8922
8921,8925
8921,8927
8922,8925
8922,8927
8925,8927
8927,8929
8929,8939
8929,8940
8939,8940
8939,8943
8939,8945
8939,8948
8940,8943
8940,8945
8940,8948
8940,8957
8943,8945
8943,8948
8943,8957
8945,8948
8945,8957
8945,8958
8948,8957
8948,8958
8948,8962
8957,8958
8957,8962
8957,8969
8958,8962
8962,8969
8969,8972
8972,8980
8980,8985
8980,8998
8985,8998
8998,9007
8998,9010
8998,9019
9007,9010
9010,9019
9019,9023
9019,9025
9023,9025
9023,9028
9025,9028
9025,9037
9025,9043
9025,9047
9028,9037
9028,9043
9037,9043
9037,9047
9043,9047
9047,9049
9047,9053
9049,9053
9049,9054
9053,9054
9053,9055
9053,9056
9053,9060
9054,9055
9054,9056
9054,9060
9054,9072
9055,9056
9055,9060
9055,9072
9055,9076
9055,9080
9056,9060
9056,9072
9056,9076
9056,9080
9060,9072
9072,9076
9076,9080
9080,9096
9080,9112
9096,9112
9096,9116
9112,9116
9112,9118
9116,9118
9116,9120
9116,9124
9116,9125
9118,9120
9118,9124
9120,9124
9124,9125
9125,9127
9127,9129
9129,9134
9129,9145
9134,9145
9134,9147
9145,9147
9147,9149
9147,9151
9147,9152
9149,9151
9151,9152
9152,9154
9152,9158
9152,9163
9154,9158
9158,9163
9158,9164
9163,9164
9163,9166
9164,9166
9166,9167
9167,9177
9167,9179
9177,9179
9177,9181
9177,9182
9179,9181
9179,9182
9179,9189
9179,9190
9179,9196
9179,9200
9181,9182
9181,9189
9181,9190
9181,9196
9181,9200
9182,9189
9182,9190
9189,9190
9190,9196
9190,9200
9190,9213
9196,9200
9200,9213
9200,9215
9200,9222
9213,9215
9215,9222
9215,9225
9222,9225
9225,9237
9225,9238
9237,9238
9237,9240
9237,9242
9238,9240
9240,9242
9242,9246
9246,9257
9257,9260
9260,9264
9260,9275
9260,9281
9260,9286
9260,9290
9264,9275
9275,9281
9275,9286
9275,9290
9275,9295
9275,9307
9275,9314
9281,9286
9281,9290
9281,9295
9286,9290
9290,9295
9295,9307
9295,9314
9295,9319
9295,9325
9295,9326
9295,9327
9307,9314
9314,9319
9314,9325
9314,9326
9314,9327
9319,9325
9325,9326
9326,9327
9326,9335
9326,9338
9327,9335
9335,9338
9338,9339
9339,9341
9339,9359
9339,9361
9341,9359
9359,9361
9361,9365
9365,9368
9368,9378
9378,9383
9378,9385
9383,9385
9383,9388
9383,9392
9383,9400
9383,9402
9383,9403
9385,9388
9388,9392
9392,9400
9392,9402
9400,9402
9402,9403
9403,9407
9407,9408
9408,9413
9408,9415
9408,9417
9413,9415
9415,9417
9417,9419
9419,9429
9419,9431
9419,9433
9429,9431
9429,9433
9429,9448
9431,9433
9431,9448
9433,9448
9448,9459
9448,9471
9448,9472
9448,9490
9448,9493
9459,9471
9471,9472
9472,9490
9490,9493
9490,9494
9490,9504
9490,9510
9493,9494
9493,9504
9493,9510
9494,9504
9494,9510
9504,9510
9510,9511
9511,9522
9522,9523
9522,9526
9523,9526
9526,9538
9538,9541
9538,9544
9541,9544
9544,9557
9557,9558
9557,9563
9557,9573
9558,9563
9558,9573
9558,9579
9558,9584
9563,9573
9563,9579
9563,9584
9573,9579
9579,9584
9579,9587
9579,9604
9579,9610
9579,9614
9584,9587
9587,9604
9587,9610
9587,9614
9604,9610
9610,9614
9610,9615
9610,9617
9610,9620
9610,9626
9614,9615
9614,9617
9614,9620
9614,9626
9615,9617
9615,9620
9615,9626
9615,9631
9617,9620
9620,9626
9626,9631
9631,9639
9639,9642
9642,9646
9646,9656
9646,9657
9656,9657
9657,9666
9666,9668
9666,9677
9668,9677
9668,9679
9668,9687
9677,9679
9677,9687
9677,9695
9677,9696
9679,9687
9687,9695
9687,9696
9695,9696
9696,9697
9696,9701
9696,9704
9697,9701
9701,9704
9704,9707
9704,9708
9704,9720
9704,9733
9707,9708
9708,9720
9708,9733
9720,9733
9720,9740
9733,9740
9733,9760
9740,9760
9760,9771
9771,9773
9771,9774
9771,9775
9773,9774
9774,9775
9775,9777
9777,9780
9780,9781
9781,9783
9783,9786
9786,9787
9787,9790
9787,9793
9787,9805
9787,9807
9787,9810
9790,9793
9790,9805
9790,9807
9793,9805
9793,9807
9793,9810
9805,9807
9807,9810
9810,9811
9811,9821
9821,9825
9825,9826
9825,9827
9825,9837
9826,9827
9827,9837
9837,9838
9838,9839
9838,9840
9838,9842
9839,9840
9839,9842
9839,9850
9839,9853
9840,9842
9840,9850
9842,9850
9850,9853
9850,9855
9850,9858
9850,9861
9853,9855
9853,9858
9855,9858
9858,9861
9858,9877
9858,9878
9858,9884
9861,9877
9861,9878
9877,9878
9878,9884
9884,9885
9884,9887
9885,9887
9887,9892
9887,9897
9892,9897
9897,9904
9904,9907
9904,9920
9904,9922
9907,9920
9907,9922
9920,9922
9920,9924
9922,9924
9922,9927
9922,9930
9924,9927
9924,9930
9924,9937
9924,9938
9924,9945
9927,9930
9927,9937
9927,9938
9930,9937
9937,9938
9938,9945
9945,9951
9945,9964
9945,9968
9945,9976
9945,9978
9951,9964
9951,9968
9951,9976
9964,9968
9964,9976
9964,9978
9964,9982
9964,9991
9968,9976
9968,9978
9976,9978
9978,9982
9978,9991
9978,10002
9982,9991
9982,10002
9982,10005
9991,10002
9991,10005
9991,10007
9991,10011
10002,10005
10002,10007
10002,10011
10005,10007
10005,10011
10005,10014
10007,10011
10007,10014
10007,10016
10007,10036
10007,10039
10011,10014
10014,10016
10014,10036
10014,10039
10016,10036
10016,10039
10016,10040
10016,10056
10036,10039
10039,10040
10039,10056
10040,10056
10056,10058
10058,10063
10058,10067
10058,10070
10063,10067
10063,10070
10063,10072
10063,10082
10063,10084
10063,10103
10063,10104
10067,10070
10070,10072
10072,10082
10072,10084
10072,10103
10072,10104
10082,10084
10084,10103
10084,10104
10084,10108
10103,10104
10104,10108
10104,10110
10104,10111
10108,10110
10108,10111
10110,10111
10110,10112
10111,10112
10112,10113
10113,10117
10113,10122
10113,10128
10113,10131
10117,10122
10117,10128
10122,10128
10128,10131
10131,10135
10135,10138
10135,10139
10135,10148
10135,10151
10138,10139
10138,10148
10138,10151
10139,10148
10139,10151
10139,10152
10148,10151
10151,10152
10151,10153
10152,10153
10153,10156
10156,10162
10156,10168
10156,10169
10156,10170
10162,10168
10162,10169
10162,10170
10162,10182
10168,10169
10168,10170
10168,10182
10169,10170
10169,10182
10169,10186
10169,10188
10169,10189
10170,10182
10170,10186
10170,10188
10170,10189
10182,10186
10182,10188
10182,10189
10186,10188
10186,10189
10186,10193
10188,10189
10189,10193
10193,10194
10194,10204
10194,10205
10194,10210
10204,10205
10205,10210
10210,10223
10223,10233
10233,10246
10233,10247
10233,10259
10233,10261
10246,10247
10247,10259
10247,10261
10247,10273
10259,10261
10259,10273
10261,10273
10273,10274
10273,10293
10274,10293
10274,10300
10274,10304
10274,10307
10274,10311
10293,10300
10300,10304
10304,10307
10304,10311
10304,10315
10304,10316
10307,10311
10311,10315
10315,10316
10315,10320
10316,10320
10320,10331
10331,10333
10333,10351
10351,10352
10352,10354
10354,10365
10365,10380
10365,10386
10380,10386
10380,10388
10386,10388
10388,10392
10392,10394
10392,10397
10394,10397
10397,10398
10397,10416
10397,10417
10397,10422
10397,10426
10398,10416
10416,10417
10416,10422
10417,10422
10417,10426
10422,10426
10422,10428
10422,10432
10426,10428
10428,10432
10432,10439
10432,10441
10432,10443
10432,10444
10439,10441
10441,10443
10441,10444
10441,10448
10441,10451
10443,10444
10443,10448
10444,10448
10444,10451
10444,10453
10448,10451
10451,10453
10451,10454
10451,10459
10453,10454
10453,10459
10454,10459
10454,10461
10459,10461
10461,10462
10461,10467
10461,10469
10462,10467
10467,10469
10467,10470
10469,10470
10469,10471
10470,10471
10470,10478
10470,10480
10471,10478
10471,10480
10478,10480
10478,10483
10480,10483
10480,10496
10480,10497
10483,10496
10496,10497
10497,10505
10497,10509
10505,10509
10509,10513
10513,10516
10516,10519
10519,10527
10519,10532
10519,10537
10519,10539
10519,10542
10519,10543
10527,10532
10532,10537
10532,10539
10537,10539
10537,10542
10539,10542
10542,10543
10542,10553
10543,10553
10543,10554
10543,10557
10543,10565
10543,10570
10553,10554
10554,10557
10557,10565
10557,10570
10557,10573
10557,10575
10557,10586
10557,10591
10565,10570
10570,10573
10573,10575
10573,10586
10573,10591
10573,10593
10575,10586
10586,10591
10586,10593
10591,10593
10591,10608
10593,10608
10593,10609
10593,10611
10593,10616
10608,10609
10608,10611
10609,10611
10609,10616
10609,10619
10611,10616
10611,10619
10611,10625
10611,10634
10616,10619
10616,10625
10619,10625
10619,10634
10619,10637
10625,10634
10634,10637
10637,10639
10637,10650
10637,10657
10637,10661
10637,10666
10637,10676
10637,10678
10639,10650
10639,10657
10639,10661
10650,10657
10657,10661
10661,10666
10661,10676
10666,10676
10676,10678
10678,10681
10678,10684
10678,10691
10678,10694
10678,10699
10678,10703
10681,10684
10681,10691
10681,10694
10681,10699
10681,10703
10684,10691
10684,10694
10691,10694
10694,10699
10694,10703
10694,10707
10694,10708
10694,10710
10699,10703
10699,10707
10699,10708
10699,10710
10703,10707
10703,10708
10703,10710
10707,10708
10707,10710
10708,10710
10710,10712
10712,10716
10712,10720
10712,10725
10712,10730
10712,10731
10716,10720
10720,10725
10725,10730
10730,10731
10730,10733
10731,10733
10733,10736
10736,10746
10736,10751
10746,10751
10746,10757
10746,10762
10751,10757
10751,10762
10751,10770
10757,10762
10762,10770
10770,10772
10770,10777
10770,10785
10770,10788
10772,10777
10777,10785
10777,10788
10777,10793
10777,10794
10785,10788
10785,10793
10785,10794
10788,10793
10788,10794
10788,10799
10788,10803
10788,10805
10793,10794
10794,10799
10794,10803
10794,10805
10794,10812
10794,10813
10799,10803
10799,10805
10799,10812
10803,10805
10803,10812
10805,10812
10812,10813
10813,10816
10816,10818
10818,10820
10818,10832
10818,10835
10820,10832
10832,10835
10835,10848
10848,10854
10854,10860
10854,10863
10854,10865
10860,10863
10863,10865
10863,10867
10865,10867
10865,10873
10865,10877
10865,10878
10867,10873
10873,10877
10877,10878
10878,10899
10899,10905
10905,10906
10905,10926
10906,10926
10926,10942
10942,10953
10953,10956
10953,10961
10953,10963
10953,10981
10956,10961
10956,10963
10961,10963
10963,10981
10981,10985
10985,10998
10998,10999
10999,11000
10999,11023
10999,11025
11000,11023
11023,11025
11025,11029
11029,11032
11029,11049
11029,11054
11032,11049
11049,11054
11049,11059
11054,11059
11054,11063
11054,11067
11054,11069
11054,11072
11059,11063
11059,11067
11063,11067
11063,11069
11063,11072
11067,11069
11067,11072
11067,11075
11067,11078
11069,11072
11072,11075
11072,11078
11075,11078
11075,11079
11075,11084
11075,11085
11078,11079
11078,11084
11079,11084
11079,11085
11079,11087
11084,11085
11085,11087
11085,11100
11085,11102
11085,11117
11085,11118
11087,11100
11100,11102
11100,11117
11102,11117
11102,11118
11117,11118
11117,11119
11117,11121
11117,11122
11118,11119
11119,11121
11121,11122
11122,11137
11122,11140
11122,11147
11137,11140
11140,11147
11140,11162
11140,11166
11147,11162
11147,11166
11147,11168
11162,11166
11166,11168
11168,11180
11168,11181
11168,11187
11168,11188
11180,11181
11181,11187
11181,11188
11181,11194
11181,11204
11181,11209
11187,11188
11187,11194
11188,11194
11194,11204
11204,11209
11204,11212
11204,11215
11204,11217
11209,11212
11212,11215
11215,11217
11215,11220
11215,11221
11217,11220
11217,11221
11217,11223
11217,11224
11217,11231
11220,11221
11220,11223
11221,11223
11221,11224
11221,11231
11223,11224
11224,11231
11224,11234
11224,11235
11231,11234
11234,11235
11235,11238
11235,11243
11235,11244
11235,11249
11235,11250
11235,11261
11238,11243
11243,11244
11243,11249
11243,11250
11244,11249
11249,11250
11250,11261
11261,11263
11263,11265
11265,11271
11271,11278
11271,11279
11271,11291
11271,11292
11278,11279
11278,11291
11279,11291
11291,11292
11291,11293
11291,11294
11291,11297
11291,11298
11292,11293
11293,11294
11293,11297
11294,11297
11297,11298
11297,11303
11297,11309
11297,11313
11298,11303
11303,11309
11303,11313
11309,11313
11313,11315
11313,11317
11315,11317
11317,11319
11319,11326
11326,11327
11326,11328
11326,11329
11327,11328
11327,11329
11328,11329
11328,11331
11328,11333
11328,11339
11328,11342
11329,11331
11331,11333
11331,11339
11333,11339
11339,11342
11339,11344
11342,11344
11342,11353
11342,11356
11342,11363
11342,11370
11342,11372
11342,11373
11344,11353
11353,11356
11356,11363
11356,11370
11356,11372
11356,11373
11363,11370
11363,11372
11363,11373
11363,11374
11370,11372
11370,11373
11372,11373
11372,11374
11372,11377
11373,11374
11374,11377
11374,11378
11377,11378
11377,11381
11377,11383
11378,11381
11381,11383
11383,11384
11383,11388
11383,11397
11384,11388
11384,11397
11388,11397
11388,11403
11388,11405
11388,11409
11397,11403
11403,11405
11403,11409
11405,11409
11409,11410
11409,11413
11410,11413
11413,11415
11415,11418
11415,11422
11415,11427
11418,11422
11422,11427
11422,11428
11422,11430
11427,11428
11428,11430
11430,11432
11432,11439
11432,11444
11432,11452
11432,11461
11432,11462
11439,11444
11444,11452
11452,11461
11461,11462
11462,11464
11464,11468
11464,11473
11468,11473
11468,11479
11468,11484
11473,11479
11479,11484
11484,11488
11488,11490
11488,11493
11488,11507
11488,11517
11490,11493
11490,11507
11490,11517
11490,11519
11490,11523
11490,11535
11493,11507
11507,11517
11507,11519
11517,11519
11517,11523
11517,11535
11519,11523
11523,11535
11535,11541
11541,11543
11543,11548
11543,11559
11548,11559
11548,11573
11559,11573
11573,11579
11579,11581
11581,11591
11591,11599
11599,11603
11599,11604
11599,11606
11599,11607
11599,11612
11603,11604
11604,11606
11604,11607
11604,11612
11604,11616
11606,11607
11607,11612
11607,11616
11607,11619
11607,11623
11612,11616
11616,11619
11616,11623
11616,11624
11619,11623
11623,11624
11624,11626
11624,11629
11624,11630
11626,11629
11629,11630
11630,11633
11633,11634
11633,11635
11633,11640
11633,11647
11634,11635
11635,11640
11640,11647
11640,11651
11647,11651
11651,11657
11651,11658
11651,11660
11657,11658
11658,11660
11660,11662
11662,11672
11672,11677
11672,11680
11672,11686
11677,11680
11677,11686
11677,11698
11680,11686
11680,11698
11686,11698
11698,11700
11698,11704
11698,11705
11698,11706
11700,11704
11704,11705
11705,11706
11706,11707
11706,11712
11706,11715
11706,11732
11706,11736
11707,11712
11712,11715
11715,11732
11732,11736
11736,11753
11736,11755
11736,11757
11736,11761
11753,11755
11753,11757
11755,11757
11755,11761
11755,11762
11757,11761
11761,11762
11762,11763
11762,11769
11763,11769
11763,11770
11769,11770
11770,11776
11776,11778
11778,11784
11784,11789
11789,11790
11789,11791
11789,11794
11789,11799
11790,11791
11790,11794
11790,11799
11790,11807
11791,11794
11794,11799
11799,11807
11799,11811
11807,11811
11807,11813
11807,11814
11811,11813
11813,11814
11813,11816
11814,11816
11816,11817
11816,11821
11816,11822
11817,11821
11821,11822
11821,11824
11822,11824
11824,11826
11824,11828
11824,11833
11826,11828
11826,11833
11828,11833
11828,11835
11828,11837
11828,11840
11833,11835
11835,11837
11837,11840
11837,11861
11837,11868
11840,11861
11861,11868
11861,11876
11868,11876
11876,11885
11876,11889
11876,11895
11876,11900
11876,11902
11876,11908
11876,11912
11885,11889
11885,11895
11885,11900
11885,11902
11889,11895
11889,11900
11895,11900
11900,11902
11902,11908
11902,11912
11908,11912
11912,11915
11915,11916
11915,11920
11916,11920
11916,11924
11916,11926
11920,11924
11924,11926
11924,11930
11926,11930
11930,11943
11943,11945
11943,11948
11943,11949
11945,11948
11948,11949
11948,11951
11949,11951
11951,11954
11954,11955
11954,11965
11954,11968
11955,11965
11965,11968
11965,11970
11965,11973
11968,11970
11968,11973
11968,11992
11970,11973
11970,11992
11970,12001
11970,12005
11973,11992
11973,12001
11973,12005
11992,12001
11992,12005
11992,12009
12001,12005
12001,12009
12001,12010
12005,12009
12005,12010
12005,12013
12005,12019
12009,12010
12009,12013
12009,12019
12009,12034
12009,12037
12010,12013
12013,12019
12019,12034
12019,12037
12034,12037
12037,12043
12043,12044
12043,12052
12043,12057
12043,12072
12043,12077
12043,12078
12043,12079
12044,12052
12052,12057
12052,12072
12057,12072
12057,12077
12057,12078
12057,12079
12072,12077
12072,12078
12072,12079
12072,12088
12072,12089
12077,12078
12078,12079
12079,12088
12088,12089
12088,12090
12089,12090
12090,12091
12091,12092
12091,12096
12091,12100
12091,12102
12091,12105
12092,12096
12096,12100
12096,12102
12096,12105
12096,12113
12096,12116
12096,12117
12100,12102
12102,12105
12105,12113
12105,12116
12105,12117
12105,12128
12113,12116
12116,12117
12117,12128
12128,12132
12132,12133
12132,12140
12132,12141
12133,12140
12140,12141
12140,12142
12141,12142
12141,12145
12142,12145
12145,12147
12147,12148
12148,12149
12149,12151
12151,12154
12151,12155
12151,12160
12151,12173
12151,12174
12151,12178
12151,12189
12154,12155
12154,12160
12155,12160
12160,12173
12160,12174
12160,12178
12173,12174
12174,12178
12174,12189
12174,12192
12174,12194
12178,12189
12189,12192
12189,12194
12189,12197
12192,12194
12194,12197
12194,12198
12197,12198
12197,12200
12197,12202
12198,12200
12200,12202
12200,12206
12200,12210
12202,12206
12206,12210
12210,12216
12216,12219
12216,12222
12216,12225
12216,12226
12216,12255
12219,12222
12219,12225
12222,12225
12225,12226
12226,12255
12255,12256
12255,12261
12256,12261
12256,12269
12261,12269
12269,12279
12269,12280
12279,12280
12279,12285
12280,12285
12280,12288
12285,12288
12285,12302
12288,12302
12302,12311
12311,12313
12313,12314
12314,12316
12316,12319
12319,12324
12324,12333
12333,12339
12339,12341
12341,12342
12342,12348
12342,12350
12342,12352
12348,12350
12348,12352
12350,12352
12350,12353
12352,12353
12352,12355
12352,12366
12352,12369
12353,12355
12355,12366
12355,12369
12366,12369
12366,12374
12369,12374
12374,12377
12374,12378
12377,12378
12378,12380
12378,12381
12380,12381
12380,12389
12381,12389
12381,12398
12381,12410
12381,12412
12389,12398
12398,12410
12410,12412
12412,12417
12412,12420
12412,12427
12417,12420
12417,12427
12420,12427
12427,12430
12427,12432
12427,12433
12430,12432
12432,12433
12433,12437
12433,12451
12433,12452
12433,12465
12437,12451
12437,12452
12451,12452
12451,12465
12451,12468
12452,12465
12452,12468
12452,12471
12465,12468
12468,12471
12471,12480
12480,12483
12483,12488
12483,12489
12483,12490
12483,12491
12483,12493
12488,12489
12489,12490
12489,12491
12489,12493
12489,12503
12490,12491
12490,12493
12490,12503
12491,12493
12493,12503
12503,12513
12503,12514
12503,12515
12513,12514
12514,12515
12514,12532
12514,12535
12515,12532
12532,12535
12535,12549
12549,12555
12555,12558
12558,12559
12558,12563
12558,12573
12559,12563
12559,12573
12559,12575
12559,12581
12559,12589
12559,12592
12563,12573
12573,12575
12573,12581
12575,12581
12575,12589
12581,12589
12581,12592
12581,12598
12589,12592
12589,12598
12592,12598
12598,12615
12615,12616
12615,12617
12616,12617
12617,12626
12617,12631
12626,12631
12631,12639
12639,12641
12639,12646
12641,12646
12641,12649
12646,12649
12649,12654
12654,12664
12654,12666
12664,12666
12664,12671
12666,12671
12666,12672
12671,12672
12672,12680
12680,12687
12680,12688
12687,12688
12687,12690
12687,12693
12687,12694
12688,12690
12688,12693
12688,12694
12690,12693
12690,12694
12690,12695
12693,12694
12693,12695
12693,12696
12693,12699
12694,12695
12695,12696
12696,12699
12699,12710
12699,12711
12699,12717
12699,12718
12710,12711
12710,12717
12710,12718
12711,12717
12711,12718
12711,12721
12717,12718
12718,12721
12718,12726
12718,12727
12721,12726
12721,12727
12721,12734
12726,12727
12726,12734
12727,12734
12727,12736
12727,12737
12734,12736
12734,12737
12734,12742
12734,12761
12736,12737
12737,12742
12742,12761
12761,12766
12766,12775
12775,12778
12775,12780
12778,12780
12780,12787
12787,12790
12790,12795
12795,12797
12795,12805
12797,12805
12797,12807
12797,12808
12797,12809
12797,12811
12797,12832
12805,12807
12807,12808
12808,12809
12809,12811
12809,12832
12809,12835
12811,12832
12832,12835
12835,12837
12835,12840
12835,12848
12837,12840
12840,12848
12840,12867
12848,12867
12848,12870
12848,12872
12867,12870
12870,12872
12870,12873
12870,12876
12870,12877
12870,12878
12872,12873
12873,12876
12873,12877
12873,12878
12873,12880
12876,12877
12877,12878
12878,12880
12878,12882
12880,12882
12880,12885
12880,12886
12882,12885
12885,12886
12886,12892
12886,12893
12886,12915
12886,12916
12886,12917
12892,12893
12892,12915
12892,12916
12893,12915
12915,12916
12915,12917
12915,12923
12916,12917
12917,12923
12917,12925
12923,12925
12923,12930
12925,12930
12925,12933
12930,12933
12933,12935
12933,12943
12933,12955
12935,12943
12943,12955
12943,12961
12943,12967
12943,12973
12943,12974
12943,12975
12943,12981
12943,12983
12955,12961
12955,12967
12955,12973
12955,12974
12961,12967
12967,12973
12973,12974
12974,12975
12974,12981
12975,12981
12975,12983
12975,12986
12981,12983
12981,12986
12981,12988
12983,12986
12986,12988
12986,12994
12986,13001
12988,12994
12988,13001
12988,13008
12994,13001
12994,13008
12994,13013
12994,13014
12994,13016
13001,13008
13008,13013
13008,13014
13008,13016
13008,13017
13013,13014
13014,13016
13014,13017
13014,13018
13016,13017
13016,13018
13016,13022
13016,13027
13017,13018
13018,13022
13022,13027
13027,13030
13027,13033
13027,13034
13030,13033
13030,13034
13030,13038
13030,13039
13030,13040
13033,13034
13034,13038
13038,13039
13039,13040
13039,13041
13039,13044
13039,13051
13040,13041
13040,13044
13040,13051
13041,13044
13041,13051
13041,13056
13041,13061
13041,13063
13041,13064
13044,13051
13044,13056
13051,13056
13051,13061
13051,13063
13056,13061
13061,13063
13061,13064
13061,13079
13063,13064
13063,13079
13064,13079
13064,13092
13064,13112
13079,13092
13092,13112
13112,13124
13124,13137
13137,13144
13144,13151
13144,13155
13144,13156
13144,13160
13151,13155
13155,13156
13156,13160
13156,13166
13156,13167
13160,13166
13166,13167
13167,13168
13168,13169
13169,13176
13176,13184
13184,13186
13184,13187
13184,13190
13184,13194
13184,13197
13186,13187
13187,13190
13187,13194
13187,13197
13187,13200
13187,13204
13190,13194
13190,13197
13190,13200
13194,13197
13194,13200
13194,13204
13194,13208
13197,13200
13200,13204
13200,13208
13204,13208
13204,13211
13208,13211
13211,13216
13216,13220
13220,13227
13220,13235
13220,13266
13227,13235
13227,13266
13227,13270
13235,13266
13266,13270
13266,13273
13270,13273
13273,13280
13273,13282
13273,13287
13280,13282
13280,13287
13282,13287
13282,13290
13282,13297
13282,13301
13287,13290
13287,13297
13287,13301
13287,13310
13287,13313
13287,13315
13290,13297
13290,13301
13297,13301
13297,13310
13297,13313
13297,13315
13301,13310
13310,13313
13310,13315
13310,13320
13313,13315
13313,13320
13313,13323
13315,13320
13320,13323
13323,13325
13325,13328
13328,13333
13333,13338
13333,13346
13333,13347
13333,13348
13333,13358
13333,13361
13338,13346
13338,13347
13346,13347
13347,13348
13347,13358
13348,13358
13348,13361
13348,13362
13358,13361
13361,13362
13362,13365
13365,13371
13371,13377
13377,13378
13378,13381
13381,13382
13382,13383
13383,13385
13385,13388
13385,13396
13388,13396
13396,13399
13399,13402
13399,13412
13402,13412
13402,13426
13402,13434
13412,13426
13426,13434
13426,13439
13426,13441
13426,13443
13426,13445
13426,13448
13426,13459
13434,13439
13434,13441
13439,13441
13439,13443
13439,13445
13441,13443
13443,13445
13443,13448
13445,13448
13448,13459
13459,13460
13460,13465
13465,13467
13467,13476
13467,13479
13476,13479
13476,13482
13479,13482
13479,13484
13479,13486
13479,13496
13479,13523
13479,13529
13482,13484
13484,13486
13486,13496
13496,13523
13496,13529
13496,13530
13523,13529
13529,13530
13529,13531
13529,13533
13530,13531
13531,13533
13533,13535
13533,13536
13533,13537
13533,13540
13533,13543
13535,13536
13536,13537
13536,13540
13536,13543
13537,13540
13540,13543
13543,13544
13544,13548
13544,13553
13544,13556
13548,13553
13553,13556
13556,13557
13557,13561
13561,13570
13570,13571
13570,13576
13570,13581
13571,13576
13571,13581
13571,13583
13576,13581
13576,13583
13581,13583
13583,13598
13583,13599
13583,13603
13598,13599
13598,13603
13598,13605
13598,13609
13599,13603
13603,13605
13605,13609
13605,13613
13605,13615
13605,13617
13605,13621
13609,13613
13609,13615
13613,13615
13615,13617
13615,13621
13615,13626
13617,13621
13621,13626
13626,13630
13630,13636
13630,13655
13630,13656
13630,13658
13636,13655
13655,13656
13656,13658
13656,13681
13656,13683
13658,13681
13681,13683
13681,13686
13683,13686
13683,13689
13686,13689
13689,13691
13691,13695
13695,13696
13695,13700
13695,13703
13695,13704
13696,13700
13700,13703
13703,13704
13704,13708
13708,13709
13709,13714
13709,13734
13709,13737
13709,13742
13709,13749
13714,13734
13734,13737
13737,13742
13737,13749
13737,13759
13742,13749
13749,13759
13749,13760
13759,13760
13759,13771
13759,13776
13760,13771
13760,13776
13771,13776
13771,13789
13771,13794
13776,13789
13776,13794
13789,13794
13794,13795
13795,13797
13797,13799
13797,13801
13799,13801
13801,13802
13802,13804
13804,13805
13804,13806
13804,13807
13804,13813
13805,13806
13806,13807
13807,13813
13813,13815
13813,13821
13813,13825
13813,13826
13813,13831
13815,13821
13815,13825
13815,13826
13821,13825
13825,13826
13826,13831
13826,13836
13826,13848
13831,13836
13831,13848
13831,13850
13831,13859
13831,13863
13831,13871
13836,13848
13848,13850
13850,13859
13859,13863
13859,13871
13859,13877
13863,13871
13871,13877
13871,13884
13871,13887
13877,13884
13877,13887
13884,13887
13887,13888
13888,13893
13893,13894
13894,13896
13896,13898
13896,13903
13896,13907
13896,13910
13898,13903
13898,13907
13898,13910
13898,13913
13898,13914
13898,13916
13898,13928
13898,13929
13903,13907
13907,13910
13910,13913
13910,13914
13910,13916
13913,13914
13914,13916
13916,13928
13928,13929
13928,13933
13928,13942
13929,13933
13929,13942
13933,13942
13933,13944
13933,13949
13942,13944
13944,13949
13949,13958
13958,13964
13958,13974
13958,13982
13964,13974
13974,13982
13974,13986
13982,13986
13982,13991
13986,13991
13986,13994
13986,13995
13991,13994
13994,13995
13994,14007
13994,14008
13994,14010
13995,14007
14007,14008
14007,14010
14008,14010
14010,14011
14010,14015
14011,14015
14015,14019
14019,14023
14019,14028
14019,14035
14019,14036
14023,14028
14023,14035
14023,14036
14028,14035
14035,14036
14036,14048
14048,14051
14048,14059
14048,14060
14048,14061
14051,14059
14059,14060
14060,14061
14060,14070
14060,14074
14060,14077
14061,14070
14061,14074
14061,14077
14070,14074
14074,14077
14074,14079
14077,14079
14079,14088
14079,14089
14088,14089
14088,14094
14089,14094
14089,14098
14089,14099
14089,14105
14089,14108
14089,14117
14089,14125
14094,14098
14098,14099
14099,14105
14099,14108
14099,14117
14105,14108
14108,14117
14117,14125
14117,14138
14117,14142
14125,14138
14138,14142
14142,14145
14142,14147
14142,14154
14145,14147
14147,14154
14154,14159
14154,14161
14154,14163
14154,14166
14159,14161
14161,14163
14161,14166
14161,14169
14161,14170
14163,14166
14163,14169
14166,14169
14166,14170
14166,14181
14166,14182
14169,14170
14169,14181
14169,14182
14170,14181
14170,14182
14170,14190
14170,14192
14181,14182
14181,14190
14181,14192
14182,14190
14182,14192
14182,14195
14190,14192
14190,14195
14192,14195
14192,14198
14192,14202
14192,14206
14192,14216
14195,14198
14198,14202
14198,14206
14198,14216
14198,14220
14198,14221
14198,14229
14202,14206
14202,14216
14202,14220
14206,14216
14216,14220
14220,14221
14220,14229
14220,14233
14220,14241
14221,14229
14229,14233
14233,14241
14233,14245
14233,14246
14241,14245
14241,14246
14241,14247
14245,14246
14245,14247
14246,14247
14247,14259
14259,14263
14259,14264
14259,14266
14259,14267
14263,14264
14264,14266
14264,14267
14264,14269
14266,14267
14266,14269
14266,14270
14267,14269
14269,14270
14270,14278
14270,14279
14278,14279
14279,14280
14280,14283
14280,14287
14280,14289
14283,14287
14283,14289
14287,14289
14289,14290
14290,14291
14290,14292
14291,14292
14292,14295
14292,14296
14295,14296
14296,14297
14297,14306
14306,14310
14310,14311
14310,14314
14310,14319
14310,14328
14310,14333
14311,14314
14314,14319
14319,14328
14319,14333
14319,14338
14319,14343
14328,14333
14328,14338
14328,14343
14333,14338
14338,14343
14343,14350
14350,14351
14350,14352
14350,14359
14350,14367
14350,14370
14350,14373
14351,14352
14351,14359
14351,14367
14352,14359
14352,14367
14352,14370
14359,14367
14367,14370
14370,14373
14373,14376
14373,14377
14373,14383
14376,14377
14377,14383
14377,14392
14377,14396
14377,14411
14383,14392
14392,14396
14396,14411
14396,14416
14411,14416
14411,14417
14411,14422
14416,14417
14417,14422
14417,14428
14417,14436
14422,14428
14422,14436
14422,14437
14422,14440
14422,14441
14422,14445
14428,14436
14428,14437
14428,14440
14436,14437
14436,14440
14436,14441
14437,14440
14437,14441
14437,14445
14437,14456
14440,14441
14440,14445
14440,14456
14440,14465
14441,14445
14441,14456
14441,14465
14445,14456
14456,14465
14456,14470
14456,14476
14465,14470
14470,14476
14470,14480
14470,14482
14476,14480
14480,14482
14482,14492
14482,14500
14482,14510
14482,14512
14482,14514
14492,14500
14492,14510
14492,14512
14500,14510
14510,14512
14510,14514
14510,14518
14510,14523
14510,14524
14512,14514
14514,14518
14518,14523
14523,14524
14523,14529
14524,14529
14524,14533
14529,14533
14529,14539
14533,14539
14533,14540
14539,14540
14540,14544
14544,14550
14550,14553
14550,14554
14553,14554
14553,14555
14554,14555
14555,14557
14557,14572
14557,14577
14557,14582
14572,14577
14572,14582
14572,14588
14572,14589
14577,14582
14577,14588
14577,14589
14577,14590
14582,14588
14582,14589
14588,14589
14589,14590
14589,14592
14589,14599
14589,14603
14589,14604
14590,14592
14592,14599
14599,14603
14599,14604
14599,14605
14599,14607
14603,14604
14603,14605
14604,14605
14605,14607
14605,14618
14607,14618
14607,14619
14607,14623
14618,14619
14619,14623
14619,14629
14619,14632
14623,14629
14623,14632
14629,14632
14629,14638
14632,14638
14632,14639
14632,14642
14638,14639
14638,14642
14638,14651
14638,14654
14638,14659
14638,14661
14639,14642
14642,14651
14642,14654
14642,14659
14651,14654
14654,14659
14654,14661
14659,14661
14661,14662
14662,14665
14662,14672
14665,14672
14672,14673
14673,14677
14677,14678
14677,14686
14678,14686
14678,14689
14678,14695
14686,14689
14686,14695
14686,14699
14689,14695
14695,14699
14699,14702
14702,14705
14705,14708
14708,14712
14708,14717
14708,14719
14712,14717
14712,14719
14717,14719
14719,14722
14722,14725
14725,14726
14726,14727
14726,14730
14726,14739
14727,14730
14730,14739
14739,14741
14739,14742
14739,14745
14739,14752
14739,14756
14741,14742
14741,14745
14742,14745
14742,14752
14745,14752
14745,14756
14745,14771
14745,14772
14745,14777
14752,14756
14756,14771
14756,14772
14756,14777
14756,14779
14771,14772
14771,14777
14771,14779
14771,14780
14772,14777
14772,14779
14772,14780
14772,14785
14772,14789
14772,14790
14772,14793
14772,14812
14777,14779
14777,14780
14777,14785
14779,14780
14780,14785
14780,14789
14780,14790
14780,14793
14785,14789
14785,14790
14785,14793
14785,14812
14785,14816
14789,14790
14790,14793
14790,14812
14790,14816
14790,14821
14790,14823
14793,14812
14793,14816
14793,14821
14793,14823
14812,14816
14816,14821
14821,14823
14821,14830
14821,14833
14821,14835
14823,14830
14823,14833
14823,14835
14830,14833
14830,14835
14833,14835
14835,14836
14836,14837
14837,14840
14837,14843
14837,14844
14840,14843
14840,14844
14840,14847
14840,14852
14843,14844
14843,14847
14843,14852
14843,14865
14843,14866
14844,14847
14844,14852
14844,14865
14844,14866
14844,14867
14847,14852
14847,14865
14847,14866
14852,14865
14852,14866
14865,14866
14866,14867
14866,14871
14866,14891
14867,14871
14871,14891
14871,14897
14891,14897
14897,14898
14898,14900
14900,14902
14902,14904
14904,14906
14904,14908
14904,14920
14906,14908
14906,14920
14906,14921
14906,14926
14908,14920
14920,14921
14921,14926
14921,14936
14921,14939
14921,14951
14926,14936
14936,14939
14936,14951
14939,14951
14939,14961
14951,14961
14961,14967
14967,14969
14969,14970
14970,14980
14980,14984
14980,14991
14980,14993
14984,14991
14991,14993
14991,14996
14991,15000
14991,15011
14993,14996
14996,15000
14996,15011
14996,15016
14996,15019
14996,15020
15000,15011
15011,15016
15011,15019
15011,15020
15011,15025
15016,15019
15019,15020
15019,15025
15020,15025
15020,15028
15025,15028
15028,15048
15048,15059
15059,15061
15061,15062
15062,15064
15064,15071
15071,15079
15071,15083
15071,15087
15079,15083
15083,15087
15083,15089
15087,15089
15087,15104
15087,15108
15089,15104
15104,15108
15108,15115
15115,15116
15116,15117
15116,15121
15117,15121
15117,15122
15117,15127
15117,15134
15121,15122
15121,15127
15121,15134
15121,15135
15122,15127
15122,15134
15122,15135
15122,15136
15127,15134
15134,15135
15134,15136
15134,15137
15135,15136
15136,15137
15136,15140
15137,15140
15140,15142
15140,15158
15140,15160
15140,15171
15140,15173
15140,15174
15140,15180
15142,15158
15158,15160
15160,15171
15171,15173
15173,15174
15173,15180
15174,15180
15180,15182
15180,15184
15180,15185
15182,15184
15182,15185
15182,15223
15184,15185
15185,15223
15185,15227
15223,15227
15223,15236
15227,15236
15227,15238
15236,15238
15238,15243
15238,15248
15238,15263
15238,15267
15238,15270
15243,15248
15243,15263
15243,15267
15248,15263
15263,15267
15267,15270
15270,15278
15270,15279
15270,15283
15270,15296
15278,15279
15278,15283
15279,15283
15279,15296
15279,15306
15283,15296
15296,15306
15296,15311
15306,15311
15311,15313
15311,15316
15313,15316
15316,15338
15338,15340
15338,15347
15340,15347
15340,15352
15340,15355
15340,15356
15340,15357
15347,15352
15352,15355
15352,15356
15355,15356
15356,15357
15356,15369
15356,15381
15356,15388
15357,15369
15369,15381
15381,15388
15388,15395
15388,15419
15388,15420
15388,15423
15395,15419
15395,15420
15395,15423
15419,15420
15420,15423
15420,15429
15423,15429
15423,15435
15423,15437
15429,15435
15435,15437
15437,15440
15440,15441
15440,15444
15441,15444
15444,15452
15444,15456
15444,15471
15444,15472
15452,15456
15456,15471
15471,15472
15472,15481
15472,15485
15472,15486
15472,15498
15481,15485
15485,15486
15486,15498
15498,15502
15502,15505
15502,15507
15502,15515
15505,15507
15507,15515
15507,15546
15515,15546
15515,15547
15546,15547
15546,15552
15546,15561
15546,15565
15546,15567
15547,15552
15552,15561
15561,15565
15561,15567
15561,15569
15561,15571
15561,15580
15565,15567
15567,15569
15567,15571
15569,15571
15569,15580
15569,15585
15569,15586
15569,15587
15571,15580
15571,15585
15571,15586
15571,15587
15580,15585
15580,15586
15580,15587
15585,15586
15586,15587
15586,15595
15586,15599
15586,15602
15587,15595
15587,15599
15587,15602
15587,15605
15587,15619
15595,15599
15599,15602
15599,15605
15602,15605
15602,15619
15602,15621
15602,15624
15605,15619
15619,15621
15621,15624
15621,15625
15621,15631
15624,15625
15625,15631
15625,15635
15625,15640
15631,15635
15635,15640
15640,15649
15649,15656
15656,15660
15656,15663
15660,15663
15663,15669
15669,15705
15705,15706
15705,15715
15705,15723
15706,15715
15706,15723
15706,15727
15715,15723
15715,15727
15723,15727
15723,15732
15727,15732
15732,15734
15732,15741
15732,15744
15732,15751
15732,15757
15732,15763
15734,15741
15734,15744
15734,15751
15734,15757
15741,15744
15744,15751
15744,15757
15744,15763
15744,15766
15744,15767
15751,15757
15757,15763
15763,15766
15766,15767
15766,15774
15767,15774
15767,15775
15774,15775
15775,15776
15776,15793
15776,15798
15776,15819
15776,15820
15776,15821
15776,15823
15793,15798
15798,15819
15819,15820
15820,15821
15821,15823
15821,15825
15821,15837
15821,15839
15821,15844
15821,15851
15821,15874
15823,15825
15825,15837
15837,15839
15839,15844
15839,15851
15844,15851
15844,15874
15844,15876
15851,15874
15874,15876
15874,15883
15874,15884
15874,15887
15874,15888
15876,15883
15876,15884
15883,15884
15883,15887
15883,15888
15884,15887
15887,15888
15887,15892
15888,15892
15888,15895
15888,15901
15892,15895
15892,15901
15892,15903
15892,15905
15892,15910
15892,15916
15895,15901
15895,15903
15901,15903
15903,15905
15905,15910
15910,15916
15910,15922
15910,15923
15910,15925
15916,15922
15916,15923
15916,15925
15916,15945
15916,15949
15922,15923
15923,15925
15923,15945
15923,15949
15925,15945
15945,15949
15945,15956
15945,15962
15945,15964
15949,15956
15949,15962
15956,15962
15962,15964
15962,15967
15962,15968
15964,15967
15967,15968
15967,15971
15967,15974
15967,15975
15968,15971
15968,15974
15968,15975
15968,15980
15968,15982
15971,15974
15971,15975
15971,15980
15971,15982
15971,15986
15971,15988
15971,15989
15974,15975
15975,15980
15975,15982
15975,15986
15980,15982
15982,15986
15986,15988
15986,15989
15986,15993
15986,15995
15986,16002
15986,16003
15988,15989
15989,15993
15989,15995
15993,15995
15995,16002
16002,16003
16003,16011
16011,16019
16019,16028
16019,16029
16028,16029
16029,16030
16030,16032
16030,16035
16032,16035
16035,16039
16039,16043
16039,16055
16039,16056
16043,16055
16043,16056
16043,16057
16055,16056
16056,16057
16057,16065
16065,16067
16065,16071
16065,16072
16067,16071
16071,16072
16072,16074
16072,16084
16074,16084
16084,16091
16084,16095
16091,16095
16095,16096
16096,16097
16097,16098
16098,16105
16098,16106
16098,16110
16098,16115
16105,16106
16105,16110
16106,16110
16110,16115
16115,16121
16115,16123
16115,16129
16115,16130
16115,16141
16121,16123
16121,16129
16123,16129
16129,16130
16130,16141
16141,16145
16145,16159
16145,16160
16145,16164
16159,16160
16159,16164
16160,16164
16160,16174
16164,16174
16164,16176
16174,16176
16176,16187
16176,16188
16176,16194
16187,16188
16187,16194
16187,16201
16188,16194
16188,16201
16194,16201
16201,16209
16209,16212
16212,16215
16215,16231
16231,16234
16234,16236
16236,16237
16236,16241
16237,16241
16241,16245
16241,16247
16241,16248
16245,16247
16245,16248
16245,16251
16245,16253
16247,16248
16247,16251
16248,16251
16251,16253
16253,16254
16253,16263
16254,16263
16254,16265
16254,16267
16254,16269
16263,16265
16263,16267
16265,16267
16265,16269
16265,16270
16265,16273
16265,16279
16267,16269
16269,16270
16270,16273
16273,16279
16279,16290
16290,16293
16293,16296
16296,16299
16299,16303
16299,16308
16303,16308
16308,16315
16315,16321
16315,16322
16321,16322
16322,16323
16322,16328
16322,16332
16323,16328
16323,16332
16323,16351
16323,16361
16323,16363
16328,16332
16328,16351
16328,16361
16332,16351
16351,16361
16351,16363
16351,16364
16351,16365
16361,16363
16363,16364
16363,16365
16363,16375
16363,16378
16363,16380
16364,16365
16364,16375
16364,16378
16364,16380
16364,16386
16365,16375
16375,16378
16375,16380
16378,16380
16380,16386
16380,16388
16380,16403
16380,16406
16380,16411
16386,16388
16386,16403
16386,16406
16386,16411
16386,16413
16388,16403
16403,16406
16406,16411
16411,16413
16413,16414
16413,16416
16413,16421
16414,16416
16414,16421
16414,16427
16414,16428
16416,16421
16421,16427
16427,16428
16427,16438
16427,16453
16427,16459
16428,16438
16428,16453
16428,16459
16438,16453
16453,16459
16459,16476
16459,16479
16459,16483
16476,16479
16479,16483
16483,16497
16497,16501
16497,16505
16501,16505
16505,16509
16505,16513
16505,16515
16505,16516
16509,16513
16513,16515
16515,16516
16515,16521
16516,16521
16521,16532
16532,16533
16533,16538
16533,16543
16533,16547
16533,16552
16538,16543
16543,16547
16547,16552
16552,16556
16552,16557
16552,16567
16556,16557
16556,16567
16557,16567
16557,16578
16557,16583
16567,16578
16567,16583
16567,16585
16578,16583
16578,16585
16578,16594
16583,16585
16583,16594
16585,16594
16594,16603
16603,16607
16607,16610
16610,16611
16610,16618
16611,16618
16618,16619
16619,16624
16619,16626
16619,16629
16619,16630
16619,16631
16624,16626
16624,16629
16624,16630
16624,16631
16624,16632
16624,16643
16626,16629
16629,16630
16630,16631
16630,16632
16631,16632
16631,16643
16631,16647
16632,16643
16643,16647
16643,16649
16647,16649
16649,16650
16649,16661
16650,16661
16661,16673
16673,16681
16673,16684
16681,16684
16684,16691
16684,16696
16684,16697
16684,16716
16691,16696
16691,16697
16691,16716
16696,16697
16696,16716
16696,16717
16697,16716
16716,16717
16717,16720
16720,16721
16721,16725
16721,16729
16725,16729
16725,16735
16725,16740
16729,16735
16735,16740
16740,16741
16741,16744
16744,16745
16744,16750
16744,16754
16745,16750
16745,16754
16745,16761
16745,16764
16750,16754
16750,16761
16750,16764
16750,16765
16754,16761
16754,16764
16754,16765
16761,16764
16764,16765
16764,16767
16764,16768
16765,16767
16765,16768
16767,16768
16768,16775
16768,16776
16768,16778
16768,16783
16768,16787
16775,16776
16776,16778
16778,16783
16778,16787
16783,16787
16783,16788
16783,16794
16787,16788
16788,16794
16794,16801
16801,16813
16801,16828
16813,16828
16813,16829
16813,16835
16828,16829
16829,16835
16835,16836
16835,16844
16835,16846
16836,16844
16844,16846
16846,16847
16847,16857
16857,16858
16857,16859
16858,16859
16859,16866
16859,16870
16859,16873
16866,16870
16870,16873
16870,16878
16870,16885
16870,16896
16873,16878
16878,16885
16885,16896
16896,16903
16896,16905
16896,16907
16896,16909
16903,16905
16905,16907
16905,16909
16907,16909
16909,16911
16909,16913
16909,16923
16909,16934
16911,16913
16913,16923
16923,16934
16934,16935
16934,16936
16935,16936
16936,16945
16936,16948
16945,16948
16948,16950
16950,16957
16957,16959
16959,16966
16966,16969
16969,16983
16983,16986
16983,17008
16986,17008
16986,17015
17008,17015
17008,17023
17008,17028
17015,17023
17023,17028
17023,17032
17028,17032
17028,17034
17032,17034
17032,17037
17032,17041
17032,17044
17034,17037
17037,17041
17041,17044
17041,17046
17041,17047
17041,17057
17044,17046
17046,17047
17047,17057
17047,17060
17047,17073
17057,17060
17057,17073
17057,17078
17057,17080
17060,17073
17060,17078
17060,17080
17060,17089
17060,17104
17073,17078
17073,17080
17078,17080
17078,17089
17078,17104
17078,17111
17078,17112
17078,17113
17080,17089
17080,17104
17080,17111
17080,17112
17080,17113
17080,17114
17080,17117
17080,17122
17089,17104
17104,17111
17104,17112
17111,17112
17111,17113
17112,17113
17112,17114
17113,17114
17113,17117
17114,17117
17114,17122
17114,17151
17114,17154
17114,17160
17117,17122
17122,17151
17151,17154
17151,17160
17151,17163
17154,17160
17154,17163
17154,17176
17154,17180
17154,17187
17160,17163
17160,17176
17163,17176
17176,17180
17180,17187
17180,17191
17180,17192
17180,17199
17187,17191
17187,17192
17187,17199
17187,17206
17191,17192
17191,17199
17191,17206
17191,17214
17191,17216
17192,17199
17199,17206
17199,17214
17206,17214
17214,17216
17214,17220
17216,17220
17216,17225
17216,17226
17216,17228
17220,17225
17225,17226
17225,17228
17226,17228
17226,17234
17226,17237
17228,17234
17228,17237
17228,17243
17228,17254
17228,17256
17228,17264
17228,17266
17228,17269
17234,17237
17234,17243
17234,17254
17234,17256
17237,17243
17243,17254
17254,17256
17256,17264
17264,17266
17264,17269
17264,17275
17266,17269
17269,17275
17275,17281
17281,17293
17293,17298
17293,17303
17293,17313
17298,17303
17298,17313
17298,17318
17303,17313
17303,17318
17313,17318
17313,17325
17318,17325
17325,17326
17325,17330
17326,17330
17326,17332
17326,17336
17326,17348
17330,17332
17332,17336
17336,17348
17336,17358
17336,17364
17336,17373
17336,17376
17348,17358
17358,17364
17364,17373
17364,17376
17373,17376
17373,17377
17376,17377
17377,17383
17383,17385
17385,17399
17385,17401
17399,17401
17399,17402
17399,17403
17401,17402
17401,17403
17402,17403
17402,17410
17402,17413
17402,17418
17403,17410
17403,17413
17410,17413
17410,17418
17410,17423
17413,17418
17413,17423
17413,17430
17418,17423
17423,17430
17430,17432
17432,17433
17432,17438
17433,17438
17438,17444
17438,17451
17444,17451
17451,17452
17452,17454
17454,17460
17460,17476
17460,17477
17476,17477
17477,17480
17480,17484
17480,17495
17484,17495
17495,17505
17505,17510
17505,17514
17505,17516
17510,17514
17510,17516
17514,17516
17514,17519
17514,17533
17514,17542
17514,17543
17516,17519
17519,17533
17533,17542
17542,17543
17542,17551
17543,17551
17543,17553
17543,17554
17551,17553
17551,17554
17551,17556
17551,17580
17553,17554
17554,17556
17554,17580
17556,17580
17556,17582
17580,17582
17580,17589
17580,17595
17580,17598
17580,17601
17582,17589
17582,17595
17582,17598
17589,17595
17595,17598
17595,17601
17595,17603
17598,17601
17601,17603
17601,17606
17603,17606
17603,17607
17603,17612
17603,17621
17606,17607
17606,17612
17607,17612
17612,17621
17621,17623
17623,17627
17623,17632
17623,17637
17627,17632
17632,17637
17632,17646
17632,17651
17637,17646
17637,17651
17637,17652
17637,17653
17646,17651
17646,17652
17651,17652
17651,17653
17652,17653
17653,17661
17653,17664
17661,17664
17664,17670
17664,17675
17670,17675
17670,17678
17675,17678
17675,17684
17678,17684
17678,17685
17678,17686
17678,17688
17684,17685
17685,17686
17686,17688
17686,17708
17686,17714
17686,17727
17688,17708
17688,17714
17688,17727
17708,17714
17708,17727
17708,17731
17708,17737
17714,17727
17714,17731
17714,17737
17714,17747
17727,17731
17727,17737
17727,17747
17731,17737
17737,17747
17737,17761
17737,17763
17737,17769
17747,17761
17761,17763
17761,17769
17763,17769
17769,17773
17773,17775
17773,17778
17773,17779
17775,17778
17778,17779
17778,17782
17778,17786
17778,17789
17778,17790
17779,17782
17782,17786
17782,17789
17782,17790
17782,17792
17786,17789
17789,17790
17790,17792
17790,17796
17792,17796
17796,17798
17796,17799
17798,17799
17799,17801
17799,17803
17799,17804
17801,17803
17803,17804
17803,17818
17803,17832
17803,17848
17803,17850
17803,17851
17804,17818
17818,17832
17832,17848
17832,17850
17832,17851
17848,17850
17850,17851
17850,17866
17850,17870
17851,17866
17866,17870
17870,17875
17870,17882
17870,17885
17875,17882
17875,17885
17882,17885
17882,17887
17882,17889
17882,17892
17885,17887
17885,17889
17885,17892
17885,17905
17887,17889
17887,17892
17889,17892
17892,17905
17892,17906
17905,17906
17905,17925
17905,17929
17905,17932
17906,17925
17925,17929
17925,17932
17929,17932
17932,17933
17932,17937
17933,17937
17933,17939
17933,17943
17933,17944
17937,17939
17939,17943
17943,17944
17943,17949
17943,17955
17943,17957
17944,17949
17944,17955
17944,17957
17949,17955
17949,17957
17949,17961
17949,17965
17949,17968
17949,17971
17955,17957
17957,17961
17961,17965
17965,17968
17965,17971
17965,17972
17968,17971
17968,17972
17971,17972
17971,17974
17971,17976
17972,17974
17972,17976
17974,17976
17976,17977
17976,17980
17976,17982
17976,17990
17977,17980
17980,17982
17980,17990
17982,17990
17982,17993
17990,17993
17990,17996
17990,17999
17993,17996
17993,17999
17993,18002
17996,17999
17999,18002
18002,18013
18002,18026
18002,18029
18013,18026
18013,18029
18013,18030
18013,18031
18013,18040
18026,18029
18026,18030
18026,18031
18029,18030
18030,18031
18031,18040
18040,18041
18040,18042
18040,18046
18040,18047
18041,18042
18042,18046
18042,18047
18042,18051
18042,18058
18042,18059
18046,18047
18046,18051
18046,18058
18046,18059
18047,18051
18047,18058
18051,18058
18058,18059
18058,18063
18058,18065
18058,18076
18058,18082
18059,18063
18059,18065
18063,18065
18063,18076
18065,18076
18076,18082
18082,18086
18082,18098
18082,18100
18082,18106
18082,18108
18086,18098
18098,18100
18098,18106
18098,18108
18100,18106
18100,18108
18100,18112
18106,18108
18108,18112
18108,18118
18108,18121
18112,18118
18112,18121
18112,18122
18112,18129
18118,18121
18121,18122
18122,18129
18129,18134
18129,18139
18134,18139
18134,18148
18134,18152
18139,18148
18148,18152
18152,18153
18152,18155
18153,18155
18155,18159
18159,18165
18165,18171
18165,18172
18165,18177
18165,18178
18165,18180
18171,18172
18171,18177
18171,18178
18171,18180
18171,18187
18171,18188
18172,18177
18177,18178
18177,18180
18177,18187
18177,18188
18178,18180
18180,18187
18180,18188
18180,18193
18180,18199
18187,18188
18188,18193
18188,18199
18193,18199
18193,18213
18193,18214
18193,18216
18199,18213
18213,18214
18213,18216
18213,18218
18214,18216
18214,18218
18214,18224
18214,18226
18216,18218
18218,18224
18218,18226
18218,18228
18218,18229
18224,18226
18226,18228
18226,18229
18226,18231
18228,18229
18229,18231
18231,18248
18231,18249
18248,18249
18249,18252
18252,18260
18260,18263
18263,18265
18263,18275
18265,18275
18265,18307
18275,18307
18307,18312
18312,18323
18312,18328
18323,18328
18323,18329
18328,18329
18328,18331
18329,18331
18331,18334
18331,18338
18331,18341
18334,18338
18334,18341
18338,18341
18341,18343
18341,18345
18341,18360
18341,18364
18341,18366
18341,18383
18343,18345
18343,18360
18343,18364
18345,18360
18345,18364
18345,18366
18360,18364
18364,18366
18366,18383
18366,18386
18366,18388
18366,18395
18383,18386
18386,18388
18388,18395
18388,18397
18395,18397
18395,18401
18395,18404
18397,18401
18401,18404
18401,18420
18401,18423
18404,18420
18404,18423
18420,18423
18420,18424
18420,18430
18423,18424
18424,18430
18424,18435
18424,18436
18424,18439
18424,18447
18424,18452
18424,18462
18430,18435
18430,18436
18430,18439
18430,18447
18435,18436
18436,18439
18436,18447
18436,18452
18439,18447
18439,18452
18447,18452
18452,18462
18452,18465
18462,18465
18462,18482
18462,18484
18465,18482
18465,18484
18465,18488
18465,18492
18465,18493
18482,18484
18482,18488
18482,18492
18484,18488
18488,18492
18492,18493
18493,18497
18497,18502
18497,18503
18497,18506
18502,18503
18503,18506
18503,18507
18503,18508
18506,18507
18507,18508
18507,18513
18507,18516
18507,18518
18508,18513
18508,18516
18508,18518
18508,18525
18513,18516
18516,18518
18518,18525
18518,18533
18525,18533
18525,18537
18525,18543
18525,18546
18525,18550
18533,18537
18533,18543
18537,18543
18543,18546
18546,18550
18550,18559
18550,18560
18550,18570
18550,18571
18559,18560
18560,18570
18570,18571
18571,18577
18571,18588
18571,18595
18571,18605
18571,18607
18571,18608
18577,18588
18577,18595
18577,18605
18588,18595
18588,18605
18595,18605
18595,18607
18605,18607
18607,18608
18608,18609
18608,18610
18609,18610
18609,18612
18609,18618
18610,18612
18610,18618
18610,18621
18612,18618
18612,18621
18618,18621
18621,18623
18621,18624
18621,18629
18623,18624
18623,18629
18623,18631
18623,18637
18623,18641
18624,18629
18629,18631
18629,18637
18629,18641
18631,18637
18637,18641
18637,18646
18641,18646
18646,18653
18646,18660
18653,18660
18653,18665
18653,18675
18653,18680
18660,18665
18665,18675
18665,18680
18665,18681
18675,18680
18680,18681
18681,18696
18681,18697
18696,18697
18697,18703
18697,18710
18697,18716
18703,18710
18703,18716
18703,18723
18703,18725
18710,18716
18716,18723
18716,18725
18716,18727
18716,18730
18716,18734
18723,18725
18725,18727
18727,18730
18727,18734
18730,18734
18730,18742
18734,18742
18742,18743
18742,18746
18742,18754
18742,18759
18742,18766
18743,18746
18743,18754
18743,18759
18746,18754
18754,18759
18754,18766
18754,18777
18759,18766
18766,18777
18777,18799
18777,18802
18777,18805
18777,18807
18777,18810
18799,18802
18799,18805
18799,18807
18802,18805
18802,18807
18802,18810
18802,18815
18802,18817
18805,18807
18807,18810
18810,18815
18815,18817
18817,18818
18817,18829
18818,18829
18818,18830
18818,18839
18829,18830
18830,18839
18839,18842
18842,18843
18842,18848
18843,18848
18848,18852
18852,18861
18861,18869
18869,18883
18883,18885
18885,18889
18889,18894
18889,18896
18889,18899
18894,18896
18896,18899
18896,18903
18899,18903
18899,18904
18899,18906
18899,18914
18903,18904
18904,18906
18904,18914
18904,18915
18904,18918
18904,18923
18906,18914
18906,18915
18906,18918
18914,18915
18915,18918
18915,18923
18918,18923
18918,18925
18918,18939
18923,18925
18925,18939
18925,18940
18925,18942
18925,18943
18939,18940
18939,18942
18940,18942
18940,18943
18940,18945
18942,18943
18942,18945
18943,18945
18945,18946
18945,18950
18945,18951
18945,18978
18946,18950
18950,18951
18950,18978
18950,18980
18951,18978
18951,18980
18951,18983
18951,18986
18951,18994
18978,18980
18978,18983
18980,18983
18980,18986
18983,18986
18983,18994
18983,18998
18983,19007
18986,18994
18986,18998
18986,19007
18994,18998
18994,19007
18998,19007
18998,19015
18998,19020
18998,19024
18998,19030
19007,19015
19015,19020
19020,19024
19024,19030
19024,19037
19030,19037
19030,19041
19030,19043
19037,19041
19041,19043
19043,19047
19047,19051
19051,19052
19051,19053
19052,19053
19052,19060
19052,19066
19053,19060
19060,19066
19060,19067
19060,19075
19060,19085
19060,19087
19066,19067
19066,19075
19067,19075
19075,19085
19085,19087
19085,19088
19085,19091
19087,19088
19088,19091
19091,19093
19091,19094
19091,19099
19091,19100
19093,19094
19093,19099
19094,19099
19099,19100
19099,19104
19099,19109
19099,19116
19100,19104
19104,19109
19104,19116
19109,19116
19109,19121
19116,19121
19116,19133
19121,19133
19121,19135
19121,19136
19121,19140
19121,19147
19121,19150
19121,19152
19133,19135
19133,19136
19133,19140
19135,19136
19135,19140
19136,19140
19136,19147
19136,19150
19136,19152
19136,19159
19140,19147
19140,19150
19147,19150
19150,19152
19152,19159
19159,19164
19164,19176
19176,19178
19178,19187
19178,19189
19178,19191
19187,19189
19189,19191
19191,19194
19191,19196
19194,19196
19194,19204
19194,19209
19194,19216
19196,19204
19196,19209
19204,19209
19209,19216
19216,19234
19234,19235
19234,19243
19234,19248
19235,19243
19243,19248
19243,19252
19243,19253
19248,19252
19248,19253
19248,19254
19248,19260
19252,19253
19253,19254
19254,19260
19260,19265
19265,19273
19273,19279
19273,19282
19273,19288
19273,19294
19279,19282
19279,19288
19279,19294
19282,19288
19288,19294
19288,19298
19294,19298
19294,19312
19298,19312
19312,19321
19321,19336
19321,19340
19336,19340
19336,19344
19340,19344
19344,19348
19348,19355
19348,19362
19355,19362
19355,19370
19362,19370
19362,19372
19370,19372
19372,19376
19376,19377
19376,19378
19376,19382
19377,19378
19377,19382
19377,19383
19378,19382
19378,19383
19378,19385
19378,19390
19378,19392
19382,19383
19383,19385
19385,19390
19390,19392
19390,19408
19392,19408
19408,19420
19420,19423
19420,19430
19420,19431
19423,19430
19430,19431
19431,19434
19431,19436
19431,19440
19434,19436
19436,19440
19440,19441
19441,19445
19445,19448
19445,19450
19445,19451
19448,19450
19450,19451
19451,19453
19451,19455
19451,19467
19451,19468
19453,19455
19453,19467
19453,19468
19453,19470
19453,19472
19455,19467
19467,19468
19467,19470
19468,19470
19470,19472
19472,19476
19476,19478
19478,19484
19484,19487
19487,19493
19487,19496
19487,19499
19487,19502
19487,19504
19493,19496
19496,19499
19496,19502
19499,19502
19499,19504
19499,19516
19502,19504
19504,19516
19504,19518
19516,19518
19516,19520
19516,19521
19518,19520
19518,19521
19518,19526
19518,19545
19518,19548
19520,19521
19521,19526
19521,19545
19526,19545
19526,19548
19545,19548
19545,19551
19545,19553
19548,19551
19551,19553
19551,19559
19551,19560
19551,19565
19553,19559
19559,19560
19559,19565
19559,19575
19559,19579
19560,19565
19560,19575
19565,19575
19575,19579
19579,19581
19579,19584
19579,19588
19579,19591
19581,19584
19584,19588
19584,19591
19584,19592
19584,19603
19584,19606
19588,19591
19588,19592
19588,19603
19591,19592
19591,19603
19591,19606
19592,19603
19592,19606
19603,19606
19603,19613
19603,19616
19606,19613
19606,19616
19606,19629
19606,19632
19613,19616
19616,19629
19629,19632
19629,19638
19632,19638
19632,19641
19638,19641
19641,19645
19645,19647
19647,19648
19648,19650
19650,19661
19661,19663
19661,19665
19661,19666
19661,19677
19663,19665
19663,19666
19663,19677
19663,19683
19663,19688
19665,19666
19666,19677
19677,19683
19683,19688
19683,19690
19683,19697
19683,19701
19688,19690
19690,19697
19690,19701
19697,19701
19701,19702
19702,19703
19702,19704
19702,19706
19702,19707
19703,19704
19704,19706
19704,19707
19706,19707
19706,19709
19707,19709
19707,19711
19709,19711
19709,19722
19711,19722
19711,19724
19722,19724
19724,19733
19724,19734
19724,19740
19724,19741
19733,19734
19733,19740
19733,19741
19734,19740
19734,19741
19734,19748
19734,19750
19734,19752
19740,19741
19740,19748
19740,19750
19741,19748
19748,19750
19750,19752
19752,19758
19758,19764
19764,19769
19764,19771
19764,19778
19764,19790
19764,19795
19764,19797
19769,19771
19771,19778
19771,19790
19771,19795
19778,19790
19790,19795
19795,19797
19797,19798
19797,19803
19798,19803
19798,19804
19803,19804
19804,19806
19806,19808
19806,19811
19808,19811
19811,19813
19811,19818
19811,19823
19813,19818
19818,19823
19818,19830
19818,19837
19823,19830
19823,19837
19823,19838
19823,19840
19823,19849
19830,19837
19830,19838
19837,19838
19838,19840
19840,19849
19840,19850
19840,19851
19849,19850
19849,19851
19850,19851
19850,19854
19851,19854
19851,19855
19851,19858
19854,19855
19854,19858
19855,19858
19855,19861
19855,19873
19858,19861
19858,19873
19861,19873
19861,19888
19873,19888
19873,19894
19873,19895
19873,19899
19888,19894
19894,19895
19895,19899
19899,19903
19899,19904
19903,19904
19904,19907
19907,19908
19908,19912
19908,19936
19908,19949
19908,19953
19908,19956
19912,19936
19912,19949
19912,19953
19912,19956
19912,19965
19912,19982
19936,19949
19949,19953
19953,19956
19953,19965
19953,19982
19956,19965
19965,19982
19982,19989
19989,19997
19997,19998
19997,20002
19997,20009
19998,20002
19998,20009
20002,20009
20009,20017
20017,20021
20017,20034
20017,20035
20017,20036
20017,20059
20021,20034
20021,20035
20021,20036
20021,20059
20034,20035
20034,20036
20035,20036
20035,20059
20036,20059
20059,20062
20059,20063
20059,20068
20059,20077
20062,20063
20062,20068
20062,20077
20063,20068
20068,20077
20068,20078
20068,20079
20077,20078
20077,20079
20078,20079
20079,20084
20079,20085
20079,20087
20079,20091
20079,20092
20084,20085
20085,20087
20087,20091
20087,20092
20087,20095
20087,20104
20091,20092
20091,20095
20092,20095
20092,20104
20092,20106
20095,20104
20095,20106
20104,20106
20104,20110
20104,20115
20106,20110
20106,20115
20110,20115
20115,20131
20131,20140
20140,20142
20140,20144
20140,20156
20142,20144
20144,20156
20144,20157
20156,20157
20156,20160
20157,20160
20157,20161
20160,20161
20161,20172
20161,20173
20172,20173
20173,20176
20173,20179
20173,20192
20173,20194
20176,20179
20179,20192
20179,20194
20179,20196
20192,20194
20194,20196
20196,20210
20210,20217
20210,20218
20217,20218
20218,20225
20225,20228
20228,20232
20232,20233
20233,20238
20238,20240
20238,20242
20240,20242
20240,20250
20240,20251
20242,20250
20242,20251
20250,20251
20251,20256
20256,20260
20256,20263
20260,20263
20263,20264
20264,20267
20264,20272
20264,20281
20267,20272
20272,20281
20281,20288
20288,20290
20288,20292
20288,20293
20290,20292
20292,20293
20292,20299
20292,20302
20292,20308
20293,20299
20299,20302
20299,20308
20302,20308
20308,20309
20308,20310
20309,20310
20309,20314
20309,20328
20310,20314
20314,20328
20314,20331
20314,20332
20314,20334
20328,20331
20331,20332
20332,20334
20334,20337
20334,20338
20334,20349
20337,20338
20337,20349
20337,20354
20338,20349
20338,20354
20338,20356
20349,20354
20349,20356
20354,20356
20356,20367
20367,20368
20368,20378
20378,20380
20378,20386
20378,20387
20378,20388
20380,20386
20380,20387
20380,20388
20386,20387
20386,20388
20387,20388
20388,20395
20395,20404
20395,20408
20395,20417
20404,20408
20408,20417
20417,20420
20417,20437
20417,20450
20417,20458
20417,20465
20417,20478
20420,20437
20437,20450
20450,20458
20458,20465
20458,20478
20465,20478
20465,20481
20478,20481
20481,20482
20481,20488
20482,20488
20482,20496
20482,20500
20482,20515
20482,20519
20488,20496
20496,20500
20496,20515
20500,20515
20500,20519
20515,20519
20519,20524
20519,20530
20519,20531
20519,20534
20524,20530
20530,20531
20530,20534
20530,20541
20531,20534
20534,20541
20541,20543
20541,20545
20541,20547
20541,20562
20543,20545
20545,20547
20545,20562
20545,20563
20545,20567
20547,20562
20547,20563
20547,20567
20547,20573
20562,20563
20563,20567
20563,20573
20567,20573
20573,20575
20573,20579
20575,20579
20575,20580
20579,20580
20579,20582
20580,20582
20582,20584
20582,20588
20584,20588
20588,20591
20588,20600
20588,20605
20588,20606
20591,20600
20600,20605
20605,20606
20606,20609
20609,20610
20610,20617
20617,20625
20625,20630
20625,20631
20625,20632
20625,20639
20630,20631
20630,20632
20630,20639
20631,20632
20632,20639
20639,20641
20641,20652
20641,20653
20652,20653
20652,20675
20653,20675
20653,20677
20675,20677
20675,20680
20677,20680
20680,20686
20686,20687
20687,20691
20687,20693
20687,20698
20687,20711
20691,20693
20693,20698
20698,20711
20698,20722
20698,20723
20698,20728
20698,20730
20698,20731
20711,20722
20711,20723
20722,20723
20723,20728
20723,20730
20723,20731
20723,20747
20728,20730
20730,20731
20730,20747
20730,20753
20731,20747
20731,20753
20731,20768
20731,20772
20731,20773
20731,20775
20747,20753
20747,20768
20753,20768
20753,20772
20753,20773
20753,20775
20768,20772
20768,20773
20772,20773
20772,20775
20772,20780
20773,20775
20773,20780
20773,20783
20773,20789
20773,20793
20775,20780
20780,20783
20780,20789
20783,20789
20789,20793
20793,20796
20796,20801
20796,20805
20796,20814
20801,20805
20805,20814
20814,20816
20816,20817
20816,20824
20816,20827
20817,20824
20824,20827
20827,20836
20827,20848
20836,20848
20848,20853
20853,20857
20853,20873
20853,20881
20853,20883
20853,20888
20857,20873
20873,20881
20881,20883
20881,20888
20881,20890
20881,20891
20881,20894
20881,20898
20883,20888
20888,20890
20888,20891
20888,20894
20888,20898
20890,20891
20891,20894
20891,20898
20891,20902
20891,20912
20894,20898
20894,20902
20898,20902
20902,20912
20902,20917
20902,20925
20902,20929
20912,20917
20917,20925
20917,20929
20925,20929
20929,20935
20929,20936
20935,20936
20935,20942
20935,20944
20936,20942
20942,20944
20944,20947
20944,20951
20944,20955
20947,20951
20947,20955
20951,20955
20951,20959
20951,20966
20951,20970
20955,20959
20959,20966
20959,20970
20966,20970
20970,20971
20971,20973
20971,20975
20971,20984
20971,20986
20973,20975
20973,20984
20973,20986
20975,20984
20975,20986
20975,20989
20975,20991
20984,20986
20984,20989
20984,20991
20984,20993
20984,20995
20984,21000
20986,20989
20989,20991
20991,20993
20991,20995
20991,21000
20991,21001
20993,20995
20993,21000
20993,21001
20993,21006
20993,21010
20993,21021
20993,21027
20993,21039
20995,21000
21000,21001
21001,21006
21001,21010
21001,21021
21001,21027
21001,21039
21006,21010
21010,21021
21021,21027
21021,21039
21027,21039
21039,21040
21039,21056
21039,21066
21039,21067
21039,21083
21039,21085
21040,21056
21040,21066
21040,21067
21040,21083
21056,21066
21056,21067
21066,21067
21067,21083
21083,21085
21083,21086
21083,21095
21085,21086
21085,21095
21086,21095
21086,21096
21086,21100
21095,21096
21095,21100
21096,21100
21100,21112
21100,21113
21100,21119
21100,21125
21100,21131
21100,21134
21100,21135
21100,21137
21112,21113
21113,21119
21119,21125
21125,21131
21131,21134
21131,21135
21134,21135
21134,21137
21134,21153
21135,21137
21137,21153
21153,21157
21157,21163
21163,21165
21165,21168
21168,21179
21168,21188
21168,21193
21168,21196
21179,21188
21188,21193
21193,21196
21196,21208
21208,21210
21210,21211
21210,21213
21210,21221
21211,21213
21213,21221
21221,21222
21222,21223
21222,21228
21222,21232
21223,21228
21223,21232
21228,21232
21232,21245
21232,21254
21232,21257
21245,21254
21254,21257
21257,21258
21258,21268
21268,21274
21274,21277
21274,21282
21274,21291
21277,21282
21282,21291
21282,21299
21291,21299
21299,21302
21302,21315
21315,21319
21319,21322
21319,21324
21322,21324
21322,21327
21322,21329
21322,21336
21322,21343
21324,21327
21324,21329
21327,21329
21329,21336
21329,21343
21329,21346
21336,21343
21343,21346
21343,21354
21343,21358
21346,21354
21354,21358
21354,21365
21354,21372
21358,21365
21358,21372
21358,21377
21358,21380
21365,21372
21372,21377
21372,21380
21377,21380
21377,21385
21380,21385
21385,21390
21390,21392
21390,21406
21390,21415
21392,21406
21406,21415
21415,21421
21421,21423
21421,21426
21421,21438
21421,21440
21421,21450
21423,21426
21426,21438
21426,21440
21438,21440
21438,21450
21440,21450
21440,21451
21450,21451
21450,21457
21450,21458
21450,21462
21451,21457
21451,21458
21457,21458
21458,21462
21462,21463
21462,21464
21462,21467
21462,21478
21462,21490
21462,21492
21463,21464
21464,21467
21467,21478
21467,21490
21478,21490
21478,21492
21490,21492
21490,21496
21490,21499
21490,21506
21492,21496
21492,21499
21492,21506
21496,21499
21496,21506
21496,21507
21496,21515
21496,21519
21496,21521
21499,21506
21499,21507
21499,21515
21499,21519
21499,21521
21506,21507
21507,21515
21515,21519
21519,21521
21519,21531
21519,21534
21521,21531
21521,21534
21531,21534
21534,21536
21536,21540
21540,21546
21540,21549
21546,21549
21546,21551
21546,21552
21549,21551
21551,21552
21551,21554
21552,21554
21552,21556
21554,21556
21556,21557
21556,21569
21556,21583
21557,21569
21569,21583
21569,21591
21569,21592
21569,21601
21583,21591
21591,21592
21592,21601
21592,21603
21592,21608
21592,21613
21601,21603
21603,21608
21608,21613
21613,21618
21618,21622
21618,21636
21618,21642
21622,21636
21636,21642
21636,21652
21636,21656
21636,21662
21642,21652
21652,21656
21652,21662
21656,21662
21662,21666
21662,21669
21662,21672
21662,21677
21666,21669
21666,21672
21666,21677
21669,21672
21669,21677
21669,21679
21669,21693
21669,21697
21669,21701
21672,21677
21677,21679
21679,21693
21693,21697
21693,21701
21693,21704
21697,21701
21701,21704
21704,21711
21704,21716
21704,21727
21711,21716
21711,21727
21716,21727
21727,21739
21727,21742
21727,21743
21739,21742
21739,21743
21739,21748
21739,21755
21739,21758
21742,21743
21743,21748
21743,21755
21743,21758
21743,21763
21748,21755
21755,21758
21758,21763
21763,21769
21763,21773
21763,21775
21769,21773
21769,21775
21769,21779
21769,21780
21773,21775
21773,21779
21775,21779
21779,21780
21779,21783
21779,21788
21779,21792
21779,21793
21780,21783
21780,21788
21783,21788
21788,21792
21788,21793
21788,21796
21788,21797
21788,21801
21792,21793
21792,21796
21793,21796
21796,21797
21796,21801
21796,21804
21797,21801
21797,21804
21801,21804
21804,21813
21804,21817
21804,21819
21804,21822
21804,21824
21813,21817
21813,21819
21813,21822
21813,21824
21813,21833
21817,21819
21819,21822
21819,21824
21819,21833
21822,21824
21824,21833
21833,21835
21835,21840
21835,21841
21835,21852
21840,21841
21840,21852
21840,21856
21840,21860
21840,21866
21841,21852
21852,21856
21856,21860
21856,21866
21856,21867
21856,21868
21860,21866
21866,21867
21866,21868
21867,21868
21868,21871
21868,21874
21868,21875
21868,21886
21871,21874
21874,21875
21875,21886
21875,21887
21875,21889
21875,21892
21886,21887
21886,21889
21887,21889
21887,21892
21889,21892
21892,21894
21894,21900
21894,21906
21894,21911
21900,21906
21900,21911
21906,21911
21906,21913
21906,21921
21906,21931
21906,21932
21911,21913
21913,21921
21921,21931
21921,21932
21931,21932
21932,21937
21932,21945
21937,21945
21945,21946
21945,21956
21945,21958
21946,21956
21946,21958
21946,21959
21946,21962
21946,21971
21946,21975
21946,21976
21956,21958
21956,21959
21956,21962
21958,21959
21959,21962
21962,21971
21971,21975
21975,21976
21975,21977
21976,21977
21977,21981
21981,21989
21989,21991
21989,22001
21989,22008
21989,22017
21991,22001
22001,22008
22008,22017
22008,22018
22008,22019
22008,22021
22008,22027
22008,22028
22017,22018
22017,22019
22017,22021
22017,22027
22017,22028
22017,22035
22018,22019
22018,22021
22019,22021
22021,22027
22027,22028
22028,22035
22035,22037
22035,22043
22037,22043
22043,22046
22046,22048
22048,22051
22051,22053
22053,22059
22053,22061
22053,22064
22059,22061
22059,22064
22059,22078
22059,22079
22059,22087
22061,22064
22064,22078
22078,22079
22079,22087
22079,22093
22079,22099
22087,22093
22093,22099
22099,22106
22106,22107
22106,22112
22107,22112
22107,22114
22107,22117
22112,22114
22112,22117
22114,22117
22117,22119
22117,22120
22117,22126
22119,22120
22120,22126
22126,22132
22126,22135
22132,22135
22135,22138
22138,22143
22143,22148
22143,22153
22148,22153
22153,22157
22153,22159
22153,22162
22153,22167
22157,22159
22159,22162
22159,22167
22159,22169
22162,22167
22167,22169
22169,22177
22169,22183
22169,22185
22169,22194
22177,22183
22183,22185
22183,22194
22183,22197
22185,22194
22185,22197
22185,22198
22194,22197
22197,22198
22197,22201
22198,22201
22201,22202
22201,22206
22202,22206
22206,22207
22207,22209
22207,22213
22207,22221
22209,22213
22209,22221
22209,22226
22209,22235
22213,22221
22221,22226
22226,22235
22235,22238
22235,22239
22238,22239
22239,22243
22239,22244
22239,22247
22243,22244
22244,22247
22244,22253
22244,22269
22247,22253
22247,22269
22253,22269
22269,22273
22273,22281
22273,22282
22273,22284
22273,22286
22281,22282
22281,22284
22282,22284
22284,22286
22286,22289
22289,22291
22291,22295
22295,22304
22304,22308
22308,22312
22308,22328
22312,22328
22312,22330
22328,22330
22330,22332
22332,22336
22336,22337
22337,22341
22341,22350
22341,22366
22350,22366
22350,22377
22350,22379
22350,22381
22350,22383
22366,22377
22377,22379
22377,22381
22377,22383
22377,22394
22379,22381
22381,22383
22381,22394
22381,22402
22383,22394
22383,22402
22394,22402
22394,22403
22394,22409
22394,22410
22402,22403
22403,22409
22409,22410
22409,22421
22410,22421
22421,22426
22421,22430
22421,22431
22426,22430
22430,22431
22431,22441
22431,22443
22441,22443
22441,22447
22441,22451
22441,22453
22443,22447
22443,22451
22447,22451
22451,22453
22453,22456
22453,22458
22456,22458
22458,22464
22458,22468
22458,22475
22458,22482
22464,22468
22464,22475
22464,22482
22464,22483
22468,22475
22475,22482
22482,22483
22483,22500
22483,22501
22483,22502
22500,22501
22501,22502
22502,22510
22502,22519
22510,22519
22510,22531
22519,22531
22519,22532
22519,22534
22519,22541
22531,22532
22531,22534
22532,22534
22532,22541
22532,22546
22532,22550
22532,22559
22534,22541
22534,22546
22541,22546
22541,22550
22541,22559
22541,22570
22541,22586
22546,22550
22550,22559
22550,22570
22559,22570
22570,22586
22570,22596
22570,22599
22570,22606
22570,22607
22586,22596
22586,22599
22596,22599
22596,22606
22596,22607
22596,22609
22596,22614
22599,22606
22606,22607
22606,22609
22606,22614
22606,22617
22607,22609
22609,22614
22609,22617
22609,22619
22609,22622
22614,22617
22614,22619
22614,22622
22614,22623
22614,22625
22614,22631
22617,22619
22619,22622
22622,22623
22622,22625
22622,22631
22622,22633
22623,22625
22623,22631
22623,22633
22625,22631
22631,22633
22633,22634
22634,22645
22634,22647
22645,22647
22647,22649
22649,22651
22649,22655
22649,22657
22649,22665
22651,22655
22651,22657
22651,22665
22651,22669
22655,22657
22657,22665
22665,22669
22665,22673
22669,22673
22669,22676
22673,22676
22676,22677
22677,22679
22679,22685
22685,22688
22685,22693
22688,22693
22688,22703
22693,22703
22693,22708
22693,22713
22693,22714
22693,22721
22703,22708
22708,22713
22708,22714
22708,22721
22708,22722
22713,22714
22714,22721
22721,22722
22721,22723
22721,22725
22722,22723
22723,22725
22725,22731
22725,22735
22731,22735
22731,22738
22731,22740
22731,22743
22731,22747
22735,22738
22735,22740
22738,22740
22738,22743
22738,22747
22738,22749
22740,22743
22740,22747
22740,22749
22743,22747
22743,22749
22743,22751
22743,22752
22747,22749
22749,22751
22749,22752
22749,22753
22749,22755
22751,22752
22752,22753
22753,22755
22753,22760
22753,22761
22753,22763
22755,22760
22760,22761
22761,22763
22761,22765
22763,22765
22763,22768
22765,22768
22768,22770
22768,22775
22768,22795
22768,22804
22770,22775
22770,22795
22775,22795
22795,22804
22795,22814
22804,22814
22814,22822
22814,22827
22822,22827
22827,22831
22827,22840
22831,22840
22840,22848
22840,22852
22848,22852
22852,22854
22852,22858
22852,22861
22852,22876
22854,22858
22854,22861
22858,22861
22861,22876
22876,22877
22877,22879
22877,22880
22879,22880
22880,22884
22884,22886
22886,22892
22886,22902
22886,22907
22886,22914
22886,22916
22892,22902
22902,22907
22907,22914
22907,22916
22907,22924
22914,22916
22914,22924
22916,22924
22924,22934
22924,22938
22934,22938
22938,22947
22938,22950
22947,22950
22950,22956
22956,22959
22956,22961
22956,22966
22959,22961
22961,22966
22966,22969
22966,22970
22966,22973
22966,22977
22969,22970
22970,22973
22970,22977
22973,22977
22973,22981
22973,22983
22977,22981
22981,22983
22983,22996
22996,22997
22997,23002
23002,23011
23002,23013
23011,23013
23011,23017
23011,23019
23011,23024
23011,23035
23013,23017
23017,23019
23017,23024
23019,23024
23024,23035
23035,23038
23035,23040
23035,23042
23038,23040
23040,23042
23040,23048
23042,23048
23042,23051
23042,23060
23048,23051
23051,23060
23051,23065
23051,23077
23051,23080
23060,23065
23060,23077
23065,23077
23077,23080
23080,23083
23080,23088
23080,23092
23083,23088
23083,23092
23088,23092
23088,23094
23088,23096
23092,23094
23094,23096
23094,23097
23096,23097
23097,23100
23100,23111
23100,23112
23111,23112
23111,23114
23112,23114
23114,23139
23139,23140
23140,23152
23152,23166
23166,23168
23168,23169
23168,23172
23168,23176
23168,23177
23169,23172
23169,23176
23169,23177
23172,23176
23176,23177
23177,23178
23177,23184
23178,23184
23184,23187
23187,23200
23200,23204
23204,23209
23209,23210
23210,23213
23213,23215
23213,23220
23213,23223
23215,23220
23220,23223
23223,23224
23223,23226
23224,23226
23224,23229
23224,23231
23224,23233
23224,23239
23226,23229
23226,23231
23229,23231
23229,23233
23231,23233
23233,23239
23233,23240
23239,23240
23240,23243
23240,23252
23240,23256
23243,23252
23252,23256
23256,23257
23257,23266
23257,23267
23266,23267
23266,23269
23266,23271
23266,23274
23267,23269
23267,23271
23269,23271
23271,23274
23274,23280
23274,23302
23274,23309
23274,23312
23274,23317
23280,23302
23302,23309
23309,23312
23309,23317
23312,23317
23312,23318
23317,23318
23317,23319
23317,23333
23317,23339
23318,23319
23319,23333
23319,23339
23333,23339
23333,23352
23339,23352
23339,23356
23339,23367
23339,23372
23339,23373
23352,23356
23356,23367
23367,23372
23367,23373
23372,23373
23372,23382
23372,23385
23372,23388
23372,23390
23373,23382
23373,23385
23382,23385
23382,23388
23382,23390
23385,23388
23385,23390
23385,23396
23388,23390
23388,23396
23390,23396
23390,23397
23390,23400
23390,23410
23390,23412
23390,23414
23396,23397
23397,23400
23397,23410
23397,23412
23400,23410
23400,23412
23400,23414
23410,23412
23410,23414
23410,23428
23412,23414
23414,23428
23428,23429
23429,23443
23443,23447
23443,23451
23447,23451
23447,23459
23451,23459
23459,23468
23459,23471
23459,23472
23459,23477
23468,23471
23468,23472
23468,23477
23471,23472
23472,23477
23472,23482
23477,23482
23477,23484
23482,23484
23482,23485
23482,23493
23482,23495
23482,23498
23482,23499
23484,23485
23485,23493
23493,23495
23493,23498
23493,23499
23493,23504
23493,23506
23495,23498
23498,23499
23499,23504
23499,23506
23504,23506
23506,23507
23506,23510
23507,23510
23510,23513
23513,23520
23520,23523
23523,23536
23523,23547
23536,23547
23536,23551
23536,23558
23547,23551
23551,23558
23551,23567
23551,23571
23551,23577
23558,23567
23567,23571
23571,23577
23571,23578
23571,23580
23571,23581
23571,23588
23571,23594
23577,23578
23577,23580
23577,23581
23577,23588
23577,23594
23577,23604
23578,23580
23580,23581
23581,23588
23581,23594
23588,23594
23588,23604
23588,23607
23588,23613
23588,23614
23594,23604
23594,23607
23594,23613
23604,23607
23607,23613
23607,23614
23607,23617
23607,23625
23613,23614
23613,23617
23614,23617
23614,23625
23617,23625
23625,23626
23626,23634
23626,23653
23626,23663
23634,23653
23653,23663
23653,23667
23663,23667
23663,23670
23663,23673
23667,23670
23670,23673
23670,23676
23673,23676
23676,23684
23676,23687
23676,23694
23684,23687
23684,23694
23684,23699
23687,23694
23687,23699
23687,23700
23687,23703
23687,23720
23694,23699
23694,23700
23699,23700
23700,23703
23703,23720
23703,23727
23720,23727
23720,23731
23720,23733
23727,23731
23727,23733
23727,23736
23727,23738
23727,23741
23731,23733
23733,23736
23733,23738
23736,23738
23736,23741
23736,23744
23738,23741
23741,23744
23744,23746
23746,23751
23746,23764
23751,23764
23764,23765
23765,23766
23766,23772
23766,23773
23772,23773
23773,23775
23773,23780
23773,23781
23775,23780
23775,23781
23780,23781
23780,23783
23781,23783
23783,23784
23784,23788
23784,23792
23784,23794
23784,23795
23788,23792
23788,23794
23788,23795
23788,23796
23788,23809
23792,23794
23794,23795
23795,23796
23795,23809
23796,23809
23796,23810
23796,23821
23809,23810
23809,23821
23810,23821
23810,23822
23810,23824
23821,23822
23821,23824
23821,23827
23822,23824
23822,23827
23822,23829
23822,23839
23824,23827
23824,23829
23824,23839
23824,23840
23824,23841
23827,23829
23827,23839
23829,23839
23839,23840
23840,23841
23840,23846
23841,23846
23846,23849
23846,23851
23846,23854
23846,23855
23849,23851
23851,23854
23854,23855
23855,23865
23865,23866
23865,23871
23865,23872
23865,23873
23866,23871
23866,23872
23871,23872
23872,23873
23873,23876
23876,23886
23876,23892
23876,23893
23886,23892
23892,23893
23893,23894
23894,23896
23894,23897
23896,23897
23896,23898
23896,23914
23896,23928
23897,23898
23898,23914
23914,23928
23914,23964
23914,23966
23928,23964
23964,23966
23966,23974
23966,23977
23966,23981
23974,23977
23974,23981
23974,23988
23974,23992
23977,23981
23981,23988
23981,23992
23981,24001
23988,23992
23992,24001
24001,24002
24001,24013
24002,24013
24002,24023
24013,24023
24023,24025
24023,24027
24025,24027
24027,24030
24027,24031
24027,24035
24027,24036
24030,24031
24031,24035
24031,24036
24031,24037
24031,24042
24035,24036
24035,24037
24035,24042
24035,24044
24035,24045
24035,24050
24035,24054
24036,24037
24036,24042
24036,24044
24037,24042
24037,24044
24042,24044
24042,24045
24042,24050
24044,24045
24044,24050
24044,24054
24044,24057
24044,24059
24044,24060
24044,24068
24045,24050
24050,24054
24050,24057
24050,24059
24050,24060
24050,24068
24054,24057
24054,24059
24054,24060
24057,24059
24059,24060
24060,24068
24068,24070
24068,24072
24070,24072
24070,24076
24070,24079
24072,24076
24076,24079
24079,24087
24087,24101
24087,24103
24101,24103
24103,24111
24111,24113
24111,24114
24111,24115
24111,24116
24111,24122
24111,24123
24113,24114
24113,24115
24113,24116
24113,24122
24113,24123
24114,24115
24115,24116
24115,24122
24115,24123
24116,24122
24122,24123
24122,24138
24122,24141
24123,24138
24138,24141
24138,24145
24141,24145
24145,24146
24145,24147
24146,24147
24146,24149
24146,24150
24146,24151
24146,24156
24147,24149
24149,24150
24149,24151
24149,24156
24149,24161
24150,24151
24150,24156
24150,24161
24150,24165
24151,24156
24156,24161
24156,24165
24156,24170
24156,24177
24161,24165
24161,24170
24161,24177
24161,24188
24165,24170
24165,24177
24170,24177
24170,24188
24177,24188
24177,24189
24188,24189
24189,24190
24189,24203
24189,24204
24190,24203
24203,24204
24203,24207
24204,24207
24207,24208
24208,24212
24212,24215
24212,24218
24212,24220
24212,24229
24215,24218
24218,24220
24218,24229
24220,24229
24220,24232
24229,24232
24229,24237
24229,24242
24232,24237
24232,24242
24232,24249
24232,24259
24237,24242
24242,24249
24242,24259
24242,24260
24249,24259
24259,24260
24259,24263
24260,24263
24260,24266
24260,24267
24263,24266
24266,24267
24267,24272
24272,24280
24280,24281
24281,24287
24281,24305
24281,24308
24287,24305
24305,24308
24305,24313
24305,24315
24308,24313
24313,24315
24313,24316
24313,24317
24313,24329
24313,24339
24315,24316
24316,24317
24317,24329
24317,24339
24329,24339
24329,24340
24329,24342
24339,24340
24340,24342
24340,24360
24340,24364
24342,24360
24360,24364
24360,24374
24364,24374
24364,24379
24364,24381
24364,24384
24374,24379
24379,24381
24379,24384
24379,24392
24381,24384
24381,24392
24381,24394
24381,24396
24384,24392
24384,24394
24384,24396
24392,24394
24392,24396
24392,24399
24392,24403
24392,24405
24392,24407
24394,24396
24396,24399
24399,24403
24399,24405
24399,24407
24403,24405
24405,24407
24405,24408
24405,24411
24407,24408
24407,24411
24408,24411
24411,24417
24411,24422
24411,24427
24411,24432
24417,24422
24417,24427
24422,24427
24422,24432
24427,24432
24427,24438
24427,24441
24432,24438
24438,24441
24438,24442
24438,24447
24438,24452
24438,24468
24441,24442
24442,24447
24442,24452
24442,24468
24447,24452
24452,24468
24468,24469
24468,24474
24469,24474
24469,24486
24469,24490
24474,24486
24486,24490
24486,24501
24486,24507
24490,24501
24501,24507
24507,24516
24516,24528
24516,24531
24516,24546
24516,24552
24528,24531
24531,24546
24531,24552
24546,24552
24552,24556
24552,24578
24552,24587
24556,24578
24578,24587
24578,24590
24578,24596
24578,24602
24587,24590
24590,24596
24590,24602
24590,24605
24590,24610
24596,24602
24602,24605
24602,24610
24602,24618
24605,24610
24610,24618
24610,24626
24618,24626
24626,24629
24626,24642
24626,24645
24626,24649
24626,24650
24629,24642
24629,24645
24642,24645
24642,24649
24645,24649
24649,24650
24650,24656
24650,24657
24650,24660
24650,24664
24656,24657
24657,24660
24657,24664
24657,24666
24660,24664
24664,24666
24666,24670
24670,24672
24672,24674
24674,24675
24675,24679
24675,24686
24675,24689
24679,24686
24686,24689
24686,24690
24689,24690
24690,24691
24691,24697
24697,24702
24702,24713
24702,24718
24713,24718
24718,24719
24719,24720
24719,24722
24719,24731
24719,24734
24719,24737
24719,24748
24720,24722
24720,24731
24722,24731
24731,24734
24734,24737
24737,24748
24737,24749
24737,24759
24737,24765
24737,24767
24748,24749
24748,24759
24749,24759
24759,24765
24759,24767
24765,24767
24767,24782
24782,24787
24787,24796
24787,24799
24796,24799
24796,24805
24796,24808
24799,24805
24805,24808
24805,24821
24805,24830
24805,24833
24808,24821
24808,24830
24821,24830
24821,24833
24821,24844
24830,24833
24830,24844
24833,24844
24844,24845
24844,24855
24845,24855
24845,24862
24845,24872
24845,24885
24855,24862
24862,24872
24872,24885
24872,24895
24885,24895
24885,24900
24885,24903
24895,24900
24895,24903
24895,24906
24900,24903
24900,24906
24903,24906
24903,24911
24906,24911
24906,24913
24911,24913
24913,24920
24920,24922
24922,24928
24922,24938
24922,24942
24922,24951
24922,24953
24922,24967
24928,24938
24928,24942
24928,24951
24928,24953
24938,24942
24938,24951
24938,24953
24938,24967
24938,24973
24942,24951
24951,24953
24953,24967
24953,24973
24967,24973
24973,24974
24974,24976
24976,24980
24976,24982
24980,24982
24982,24987
24987,24994
24994,24997
24997,25005
25005,25008
25005,25010
25008,25010
25008,25011
25008,25014
25008,25025
25010,25011
25010,25014
25010,25025
25010,25028
25010,25032
25011,25014
25014,25025
25014,25028
25014,25032
25025,25028
25028,25032
25028,25039
25028,25042
25032,25039
25032,25042
25032,25046
25032,25048
25039,25042
25042,25046
25042,25048
25046,25048
25046,25052
25048,25052
25048,25059
25048,25061
25052,25059
25052,25061
25052,25062
25052,25066
25052,25068
25059,25061
25059,25062
25061,25062
25062,25066
25066,25068
25066,25074
25066,25075
25068,25074
25074,25075
25074,25086
25075,25086
25086,25087
25086,25090
25086,25093
25086,25105
25087,25090
25087,25093
25087,25105
25087,25108
25090,25093
25093,25105
25105,25108
25105,25109
25108,25109
25109,25111
25111,25113
25113,25122
25113,25125
25122,25125
25125,25126
25125,25127
25125,25128
25125,25131
25126,25127
25126,25128
25127,25128
25128,25131
25128,25144
25128,25150
25128,25151
25131,25144
25131,25150
25144,25150
25144,25151
25144,25153
25150,25151
25151,25153
25151,25155
25153,25155
25153,25158
25155,25158
25158,25159
25159,25171
25159,25172
25159,25177
25159,25179
25159,25200
25171,25172
25171,25177
25171,25179
25172,25177
25177,25179
25179,25200
25179,25201
25179,25203
25200,25201
25201,25203
25201,25212
25201,25213
25203,25212
25212,25213
25212,25223
25212,25237
25213,25223
25213,25237
25213,25241
25223,25237
25223,25241
25237,25241
25237,25244
25237,25247
25241,25244
25241,25247
25244,25247
25247,25258
25247,25261
25258,25261
25258,25262
25261,25262
25262,25264
25264,25266
25264,25268
25264,25275
25266,25268
25266,25275
25268,25275
25268,25277
25268,25278
25268,25280
25268,25283
25275,25277
25277,25278
25277,25280
25277,25283
25277,25286
25278,25280
25280,25283
25283,25286
25286,25288
25286,25290
25288,25290
25288,25291
25290,25291
25291,25297
25291,25299
25297,25299
25297,25305
25299,25305
25305,25306
25305,25308
25305,25314
25306,25308
25308,25314
25314,25317
25314,25319
25317,25319
25317,25320
25319,25320
25320,25326
25326,25327
25327,25342
25327,25353
25327,25357
25342,25353
25353,25357
25357,25358
25357,25363
25357,25364
25357,25366
25358,25363
25358,25364
25358,25366
25358,25369
25363,25364
25363,25366
25364,25366
25364,25369
25366,25369
25366,25374
25369,25374
25369,25375
25369,25381
25374,25375
25375,25381
25381,25384
25381,25389
25381,25392
25381,25394
25384,25389
25384,25392
25384,25394
25389,25392
25389,25394
25389,25396
25389,25400
25392,25394
25394,25396
25394,25400
25394,25402
25396,25400
25400,25402
25402,25403
25402,25404
25402,25407
25403,25404
25403,25407
25403,25408
25404,25407
25407,25408
25408,25409
25409,25410
25409,25415
25409,25418
25410,25415
25410,25418
25410,25426
25415,25418
25418,25426
25418,25430
25418,25439
25426,25430
25430,25439
25430,25440
25439,25440
25440,25441
25441,25450
25450,25466
25450,25469
25450,25473
25466,25469
25469,25473
25469,25475
25473,25475
25475,25476
25476,25484
25484,25486
25484,25505
25484,25506
25484,25507
25484,25511
25486,25505
25486,25506
25505,25506
25506,25507
25507,25511
25511,25513
25511,25521
25511,25528
25513,25521
25521,25528
25528,25529
25528,25530
25528,25534
25528,25536
25528,25539
25529,25530
25530,25534
25530,25536
25534,25536
25536,25539
25539,25542
25539,25543
25539,25547
25542,25543
25543,25547
25547,25553
25553,25562
25553,25567
25553,25572
25562,25567
25567,25572
25572,25584
25584,25586
25584,25595
25584,25598
25584,25604
25584,25609
25584,25614
25584,25616
25586,25595
25595,25598
25598,25604
25604,25609
25604,25614
25609,25614
25614,25616
25616,25625
25625,25632
25625,25633
25625,25636
25625,25638
25632,25633
25632,25636
25632,25638
25633,25636
25633,25638
25636,25638
25636,25639
25636,25648
25638,25639
25638,25648
25639,25648
25648,25649
25649,25652
25649,25670
25649,25674
25649,25676
25649,25687
25652,25670
25652,25674
25652,25676
25670,25674
25674,25676
25674,25687
25674,25689
25674,25706
25676,25687
25687,25689
25689,25706
25689,25707
25689,25716
25689,25719
25706,25707
25706,25716
25706,25719
25707,25716
25716,25719
25716,25724
25716,25725
25719,25724
25724,25725
25725,25731
25725,25733
25725,25734
25725,25740
25731,25733
25731,25734
25731,25740
25731,25743
25733,25734
25734,25740
25734,25743
25734,25746
25734,25750
25734,25753
25740,25743
25743,25746
25746,25750
25750,25753
25750,25754
25750,25756
25750,25765
25753,25754
25754,25756
25754,25765
25754,25767
25754,25769
25756,25765
25756,25767
25756,25769
25765,25767
25765,25769
25765,25781
25765,25793
25765,25802
25765,25804
25767,25769
25767,25781
25769,25781
25769,25793
25769,25802
25781,25793
25781,25802
25793,25802
25793,25804
25802,25804
25804,25805
25804,25808
25804,25812
25804,25815
25805,25808
25808,25812
25812,25815
25815,25816
25815,25821
25816,25821
25816,25826
25821,25826
25821,25831
25826,25831
25831,25834
25831,25846
25831,25850
25831,25857
25834,25846
25846,25850
25850,25857
25850,25864
25857,25864
25857,25874
25864,25874
25874,25903
25874,25906
25903,25906
25903,25910
25903,25912
25906,25910
25906,25912
25906,25914
25910,25912
25912,25914
25914,25922
25914,25934
25922,25934
25922,25935
25922,25949
25922,25955
25934,25935
25935,25949
25949,25955
25949,25957
25955,25957
25955,25958
25955,25965
25957,25958
25958,25965
25965,25984
25984,25985
25984,25987
25984,25991
25984,25995
25984,25998
25985,25987
25985,25991
25985,25995
25985,25998
25987,25991
25991,25995
25995,25998
25998,26002
25998,26003
25998,26014
25998,26017
26002,26003
26003,26014
26003,26017
26014,26017
26014,26019
26017,26019
26017,26023
26017,26024
26017,26025
26019,26023
26019,26024
26019,26025
26023,26024
26023,26025
26023,26027
26023,26030
26023,26042
26024,26025
26025,26027
26027,26030
26027,26042
26030,26042
26030,26043
26030,26046
26030,26056
26030,26063
26042,26043
26043,26046
26046,26056
26046,26063
26046,26065
26046,26068
26046,26072
26046,26075
26056,26063
26063,26065
26063,26068
26063,26072
26063,26075
26065,26068
26065,26072
26065,26075
26065,26076
26068,26072
26072,26075
26072,26076
26075,26076
26076,26080
26076,26081
26080,26081
26080,26089
26080,26101
26081,26089
26081,26101
26081,26105
26089,26101
26089,26105
26089,26119
26101,26105
26105,26119
26105,26121
26119,26121
26119,26124
26119,26125
26119,26128
26121,26124
26121,26125
26121,26128
26124,26125
26124,26128
26125,26128
26125,26133
26125,26139
26128,26133
26133,26139
26139,26146
26146,26147
26147,26161
26147,26167
26147,26175
26161,26167
26161,26175
26167,26175
26167,26181
26167,26182
26167,26186
26167,26189
26175,26181
26181,26182
26182,26186
26182,26189
26182,26191
26186,26189
26186,26191
26189,26191
26189,26192
26191,26192
26192,26215
26215,26217
26215,26226
26215,26229
26217,26226
26226,26229
26226,26234
26226,26237
26226,26240
26226,26250
26229,26234
26234,26237
26237,26240
26240,26250
26250,26251
26251,26254
26251,26257
26251,26263
26251,26274
26254,26257
26254,26263
26254,26274
26257,26263
26263,26274
26274,26276
26276,26280
26280,26282
26282,26285
26285,26291
26285,26293
26285,26294
26285,26299
26291,26293
26291,26294
26291,26299
26291,26306
26293,26294
26293,26299
26293,26306
26294,26299
26294,26306
26294,26310
26294,26317
26294,26324
26299,26306
26306,26310
26306,26317
26306,26324
26306,26334
26310,26317
26310,26324
26310,26334
26317,26324
26317,26334
26317,26335
26324,26334
26324,26335
26334,26335
26335,26343
26343,26344
26343,26347
26344,26347
26347,26348
26348,26350
26348,26352
26348,26361
26350,26352
26352,26361
26352,26362
26352,26363
26361,26362
26361,26363
26361,26372
26361,26376
26361,26379
26362,26363
26363,26372
26363,26376
26363,26379
26372,26376
26376,26379
26379,26389
26379,26398
26379,26400
26389,26398
26389,26400
26398,26400
26398,26402
26400,26402
26402,26404
26402,26408
26404,26408
26408,26412
26412,26416
26416,26422
26416,26425
26422,26425
26425,26437
26425,26439
26425,26453
26437,26439
26437,26453
26439,26453
26453,26455
26453,26461
26455,26461
26461,26465
26465,26469
26469,26471
26469,26475
26471,26475
26475,26490
26490,26491
26491,26500
26491,26514
26491,26517
26500,26514
26514,26517
26514,26522
26517,26522
26517,26524
26517,26525
26517,26527
26522,26524
26524,26525
26525,26527
26527,26530
26530,26532
26530,26533
26530,26535
26530,26538
26532,26533
26532,26535
26532,26538
26533,26535
26535,26538
26538,26539
26538,26549
26538,26550
26539,26549
26539,26550
26539,26551
26539,26554
26539,26562
26549,26550
26550,26551
26551,26554
26551,26562
26554,26562
26554,26568
26562,26568
26568,26571
26571,26572
26571,26573
26571,26580
26572,26573
26572,26580
26572,26593
26573,26580
26573,26593
26580,26593
26580,26599
26580,26605
26593,26599
26593,26605
26593,26607
26593,26608
26593,26611
26593,26623
26599,26605
26599,26607
26605,26607
26605,26608
26607,26608
26608,26611
26611,26623
26623,26624
26623,26629
26623,26630
26623,26635
26624,26629
26624,26630
26624,26635
26629,26630
26630,26635
26635,26640
26635,26643
26640,26643
26643,26644
26643,26659
26644,26659
26659,26665
26659,26672
26665,26672
26672,26674
26672,26677
26674,26677
26674,26683
26677,26683
26677,26687
26683,26687
26683,26697
26687,26697
26687,26699
26697,26699
26697,26700
26697,26702
26699,26700
26699,26702
26699,26703
26700,26702
26702,26703
26703,26706
26703,26708
26703,26712
26703,26714
26706,26708
26708,26712
26712,26714
26714,26715
26714,26718
26714,26721
26715,26718
26718,26721
26721,26724
26724,26725
26724,26738
26725,26738
26725,26741
26725,26744
26725,26746
26725,26753
26738,26741
26741,26744
26741,26746
26741,26753
26741,26756
26744,26746
26744,26753
26744,26756
26746,26753
26753,26756
26753,26759
26753,26762
26753,26766
26753,26771
26756,26759
26756,26762
26756,26766
26759,26762
26759,26766
26759,26771
26759,26773
26762,26766
26762,26771
26766,26771
26766,26773
26766,26777
26766,26780
26766,26787
26771,26773
26771,26777
26771,26780
26773,26777
26777,26780
26780,26787
26780,26794
26787,26794
26794,26800
26800,26806
26806,26809
26809,26813
26809,26836
26809,26841
26813,26836
26813,26841
26813,26844
26836,26841
26841,26844
26841,26858
26844,26858
26858,26859
26859,26874
26859,26880
26859,26881
26859,26884
26874,26880
26880,26881
26881,26884
26884,26890
26890,26899
26899,26911
26899,26913
26899,26918
26911,26913
26913,26918
26913,26919
26913,26927
26918,26919
26918,26927
26919,26927
26927,26931
26931,26932
26932,26939
26932,26943
26939,26943
26943,26948
26948,26950
26950,26954
26954,26956
26954,26964
26954,26977
26954,26989
26954,26994
26954,26996
26956,26964
26964,26977
26964,26989
26977,26989
26989,26994
26994,26996
26996,26999
26996,27005
26996,27013
26996,27019
26999,27005
26999,27013
26999,27019
26999,27021
26999,27023
26999,27026
26999,27038
27005,27013
27005,27019
27005,27021
27013,27019
27019,27021
27021,27023
27023,27026
27026,27038
27038,27040
27038,27043
27040,27043
27040,27044
27040,27045
27040,27046
27043,27044
27043,27045
27044,27045
27045,27046
27045,27049
27045,27056
27046,27049
27046,27056
27049,27056
27056,27070
27070,27073
27073,27081
27081,27087
27081,27088
27081,27105
27081,27108
27081,27109
27081,27111
27087,27088
27087,27105
27087,27108
27088,27105
27105,27108
27105,27109
27108,27109
27109,27111
27111,27117
27111,27121
27117,27121
27121,27122
27121,27127
27122,27127
27122,27131
27122,27135
27122,27136
27122,27137
27127,27131
27131,27135
27135,27136
27135,27137
27135,27143
27136,27137
27137,27143
27143,27144
27143,27150
27143,27154
27143,27165
27144,27150
27150,27154
27150,27165
27150,27167
27154,27165
27154,27167
27154,27170
27165,27167
27167,27170
27167,27174
27167,27184
27167,27186
27170,27174
27170,27184
27170,27186
27174,27184
27174,27186
27174,27192
27184,27186
27184,27192
27186,27192
27186,27201
27186,27206
27192,27201
27192,27206
27192,27216
27201,27206
27206,27216
27216,27218
27218,27221
27218,27222
27218,27227
27218,27232
27221,27222
27221,27227
27221,27232
27221,27246
27221,27247
27221,27256
27222,27227
27222,27232
27227,27232
27232,27246
27246,27247
27247,27256
27247,27260
27247,27261
27256,27260
27256,27261
27256,27264
27256,27266
27260,27261
27260,27264
27260,27266
27261,27264
27261,27266
27264,27266
27266,27270
27270,27271
27270,27276
27270,27277
27270,27281
27270,27293
27271,27276
27271,27277
27271,27281
27276,27277
27276,27281
27277,27281
27281,27293
27281,27295
27281,27296
27293,27295
27293,27296
27293,27298
27293,27312
27293,27324
27295,27296
27295,27298
27295,27312
27296,27298
27296,27312
27296,27324
27298,27312
27298,27324
27298,27326
27298,27328
27298,27329
27298,27337
27298,27340
27298,27341
27312,27324
27324,27326
27324,27328
27324,27329
27326,27328
27328,27329
27328,27337
27328,27340
27328,27341
27328,27343
27328,27346
27329,27337
27337,27340
27337,27341
27337,27343
27340,27341
27341,27343
27341,27346
27343,27346
27343,27348
27343,27358
27343,27367
27346,27348
27348,27358
27348,27367
27348,27378
27358,27367
27367,27378
27367,27384
27367,27385
27378,27384
27384,27385
27384,27399
27385,27399
27399,27401
27401,27403
27401,27404
27401,27411
27403,27404
27404,27411
27404,27421
27404,27429
27404,27431
27411,27421
27421,27429
27421,27431
27421,27434
27421,27439
27429,27431
27429,27434
27431,27434
27434,27439
27439,27447
27439,27448
27439,27457
27439,27458
27447,27448
27448,27457
27457,27458
