3,11
3,27457
3,27458
11,25
11,27458
25,28
28,36
28,44
28,45
28,56
36,44
44,45
44,56
44,57
45,56
56,57
57,58
57,62
57,63
58,62
58,63
62,63
62,66
63,66
66,69
69,72
72,79
79,87
87,93
93,95
95,97
97,102
102,107
102,117
107,117
117,121
117,127
121,127
127,129
127,133
127,135
127,148
129,133
133,135
135,148
135,150
135,151
148,150
148,151
148,154
150,151
151,154
151,155
151,163
154,155
154,163
155,163
155,165
155,168
155,175
163,165
165,168
168,175
175,176
175,184
175,191
176,184
184,191
191,196
196,197
197,203
197,208
197,211
197,215
203,208
208,211
208,215
211,215
211,216
211,218
211,219
215,216
216,218
216,219
218,219
219,227
227,229
227,230
227,234
229,230
230,234
234,235
235,239
235,244
235,247
239,244
239,247
244,247
247,249
247,255
247,257
247,278
249,255
249,257
249,278
255,257
255,278
257,278
257,279
278,279
279,282
279,299
279,302
282,299
299,302
302,304
304,309
309,311
309,312
309,316
309,322
309,326
311,312
312,316
312,322
312,326
316,322
322,326
322,331
322,334
322,337
326,331
331,334
331,337
331,341
331,351
331,353
334,337
337,341
337,351
341,351
341,353
351,353
351,355
351,356
351,357
351,363
353,355
353,356
355,356
356,357
357,363
357,364
363,364
364,367
367,371
367,378
367,379
371,378
371,379
371,396
378,379
379,396
379,397
396,397
397,398
397,403
397,412
398,403
398,412
398,414
398,416
398,418
403,412
403,414
403,416
412,414
414,416
414,418
414,420
414,422
416,418
418,420
420,422
420,425
420,427
422,425
425,427
427,430
430,434
430,439
434,439
434,445
434,460
434,462
439,445
445,460
460,462
460,464
460,472
462,464
464,472
464,483
464,488
472,483
483,488
483,492
483,494
483,501
488,492
488,494
492,494
492,501
492,503
494,501
501,503
503,509
503,512
509,512
509,516
512,516
516,519
516,522
516,533
516,534
519,522
519,533
519,534
522,533
522,534
533,534
533,547
533,551
534,547
534,551
534,553
547,551
547,553
547,559
551,553
553,559
553,562
559,562
559,565
559,567
559,575
562,565
562,567
562,575
562,577
562,591
565,567
567,575
575,577
575,591
577,591
577,599
591,599
591,607
591,614
591,621
599,607
607,614
614,621
614,627
614,635
621,627
627,635
627,638
627,640
627,643
635,638
638,640
640,643
643,646
643,647
643,648
643,651
643,656
643,659
646,647
646,648
647,648
647,651
647,656
648,651
651,656
651,659
656,659
656,664
656,665
656,666
656,667
659,664
664,665
664,666
664,667
664,668
665,666
666,667
667,668
668,669
668,678
668,680
669,678
669,680
669,690
678,680
678,690
678,691
678,693
680,690
690,691
690,693
690,697
690,701
690,718
690,721
691,693
693,697
697,701
701,718
701,721
701,724
718,721
718,724
718,734
721,724
724,734
724,735
724,737
724,739
734,735
735,737
735,739
737,739
737,745
739,745
745,749
745,752
745,756
745,761
749,752
752,756
752,761
756,761
761,763
761,768
761,779
761,786
761,796
763,768
768,779
779,786
779,796
779,806
779,811
779,823
786,796
796,806
796,811
796,823
806,811
811,823
811,828
811,829
823,828
823,829
823,830
823,848
823,849
828,829
829,830
830,848
830,849
848,849
849,853
853,855
853,857
855,857
857,862
862,867
867,873
867,874
867,875
873,874
874,875
874,877
874,882
874,887
875,877
875,882
875,887
877,882
882,887
887,891
891,896
896,897
896,909
896,910
897,909
897,910
897,923
897,925
897,926
897,938
909,910
909,923
910,923
923,925
925,926
926,938
938,940
940,945
945,947
947,948
948,954
954,956
956,958
958,959
959,966
959,968
959,977
959,980
966,968
968,977
977,980
980,986
980,989
980,993
980,999
980,1003
986,989
989,993
993,999
999,1003
1003,1007
1007,1008
1007,1010
1007,1014
1007,1021
1008,1010
1008,1014
1008,1021
1008,1025
1008,1027
1010,1014
1014,1021
1014,1025
1014,1027
1014,1031
1021,1025
1025,1027
1027,1031
1027,1036
1031,1036
1031,1045
1031,1054
1036,1045
1036,1054
1045,1054
1054,1060
1054,1065
1054,1070
1060,1065
1060,1070
1060,1077
1060,1078
1065,1070
1070,1077
1077,1078
1077,1091
1077,1095
1078,1091
1091,1095
1091,1096
1091,1098
1095,1096
1095,1098
1096,1098
1098,1102
1098,1104
1098,1115
1102,1104
1104,1115
1104,1116
1104,1118
1115,1116
1115,1118
1116,1118
1118,1119
1118,1122
1118,1123
1119,1122
1119,1123
1122,1123
1123,1130
1123,1142
1123,1143
1123,1145
1130,1142
1142,1143
1142,1145
1142,1147
1143,1145
1143,1147
1143,1148
1145,1147
1145,1148
1147,1148
1148,1150
1150,1156
1150,1158
1156,1158
1156,1160
1156,1161
1158,1160
1160,1161
1161,1166
1166,1167
1167,1170
1170,1171
1171,1181
1181,1182
1182,1186
1182,1188
1186,1188
1188,1194
1188,1195
1188,1197
1194,1195
1195,1197
1197,1202
1197,1204
1197,1226
1197,1227
1202,1204
1204,1226
1204,1227
1226,1227
1227,1230
1227,1233
1227,1239
1230,1233
1230,1239
1233,1239
1239,1250
1239,1253
1239,1262
1239,1266
1239,1273
1239,1276
1250,1253
1250,1262
1250,1266
1250,1273
1253,1262
1253,1266
1253,1273
1262,1266
1266,1273
1266,1276
1273,1276
1276,1285
1285,1291
1285,1293
1285,1297
1285,1299
1291,1293
1293,1297
1297,1299
1297,1305
1297,1306
1299,1305
1305,1306
1305,1316
1305,1324
1306,1316
1316,1324
1324,1326
1324,1333
1326,1333
1326,1335
1333,1335
1333,1338
1333,1348
1333,1358
1335,1338
1335,1348
1338,1348
1338,1358
1338,1361
1338,1369
1348,1358
1358,1361
1361,1369
1361,1384
1361,1385
1369,1384
1369,1385
1369,1391
1384,1385
1385,1391
1391,1394
1394,1411
1394,1417
1411,1417
1411,1420
1417,1420
1420,1426
1420,1429
1426,1429
1426,1434
1429,1434
1434,1445
1445,1446
1445,1452
1446,1452
1452,1454
1452,1457
1452,1458
1454,1457
1457,1458
1458,1462
1462,1469
1469,1473
1469,1475
1473,1475
1473,1478
1473,1489
1473,1495
1475,1478
1478,1489
1478,1495
1478,1497
1478,1500
1489,1495
1489,1497
1489,1500
1495,1497
1497,1500
1497,1506
1497,1516
1500,1506
1506,1516
1506,1529
1506,1537
1506,1539
1516,1529
1516,1537
1529,1537
1529,1539
1529,1541
1529,1545
1537,1539
1539,1541
1541,1545
1545,1548
1548,1549
1548,1551
1549,1551
1549,1552
1549,1553
1549,1554
1551,1552
1552,1553
1552,1554
1552,1558
1553,1554
1554,1558
1554,1564
1558,1564
1558,1565
1558,1567
1558,1578
1558,1582
1558,1588
1564,1565
1565,1567
1567,1578
1567,1582
1567,1588
1567,1590
1578,1582
1582,1588
1582,1590
1582,1604
1588,1590
1588,1604
1590,1604
1604,1605
1604,1612
1604,1615
1605,1612
1612,1615
1615,1624
1615,1626
1624,1626
1626,1629
1626,1647
1626,1648
1629,1647
1629,1648
1629,1650
1647,1648
1647,1650
1648,1650
1650,1653
1653,1659
1659,1664
1664,1665
1664,1666
1664,1668
1665,1666
1665,1668
1665,1677
1665,1681
1666,1668
1668,1677
1677,1681
1681,1684
1684,1686
1684,1688
1686,1688
1688,1690
1690,1700
1700,1709
1709,1711
1711,1713
1713,1720
1720,1721
1720,1725
1721,1725
1721,1744
1725,1744
1725,1772
1725,1780
1725,1781
1744,1772
1772,1780
1772,1781
1772,1782
1772,1785
1772,1787
1780,1781
1781,1782
1781,1785
1781,1787
1781,1791
1781,1796
1781,1798
1782,1785
1782,1787
1782,1791
1785,1787
1787,1791
1787,1796
1791,1796
1791,1798
1791,1799
1791,1807
1796,1798
1798,1799
1798,1807
1798,1810
1799,1807
1807,1810
1810,1811
1810,1815
1811,1815
1811,1821
1815,1821
1815,1823
1815,1829
1821,1823
1821,1829
1823,1829
1829,1831
1829,1838
1829,1854
1829,1860
1831,1838
1831,1854
1831,1860
1838,1854
1854,1860
1860,1867
1860,1870
1867,1870
1870,1873
1870,1877
1873,1877
1873,1878
1877,1878
1877,1881
1878,1881
1881,1882
1882,1888
1882,1892
1882,1893
1882,1894
1882,1896
1888,1892
1892,1893
1893,1894
1894,1896
1896,1903
1903,1908
1903,1910
1903,1916
1903,1917
1903,1921
1908,1910
1910,1916
1916,1917
1917,1921
1917,1922
1921,1922
1922,1941
1941,1942
1942,1947
1947,1954
1954,1962
1954,1971
1962,1971
1971,1972
1972,1977
1972,1990
1977,1990
1990,1995
1990,1998
1995,1998
1995,1999
1998,1999
1998,2002
1999,2002
2002,2004
2002,2009
2004,2009
2004,2014
2004,2015
2009,2014
2014,2015
2014,2018
2015,2018
2018,2020
2018,2024
2020,2024
2024,2028
2024,2033
2028,2033
2033,2035
2035,2041
2041,2044
2041,2058
2041,2065
2044,2058
2058,2065
2065,2067
2067,2071
2071,2078
2078,2079
2078,2081
2078,2087
2078,2091
2079,2081
2079,2087
2079,2091
2081,2087
2087,2091
2091,2106
2106,2111
2111,2119
2119,2127
2127,2130
2127,2134
2130,2134
2130,2135
2130,2137
2130,2146
2134,2135
2134,2137
2134,2146
2134,2154
2135,2137
2135,2146
2135,2154
2137,2146
2146,2154
2146,2160
2146,2168
2154,2160
2154,2168
2160,2168
2160,2173
2168,2173
2173,2175
2173,2192
2173,2200
2175,2192
2192,2200
2200,2201
2201,2207
2207,2211
2211,2212
2212,2214
2214,2226
2214,2228
2214,2229
2226,2228
2228,2229
2228,2230
2228,2243
2229,2230
2229,2243
2230,2243
2230,2244
2230,2256
2230,2261
2243,2244
2243,2256
2243,2261
2243,2266
2244,2256
2256,2261
2261,2266
2261,2270
2261,2271
2266,2270
2270,2271
2271,2275
2275,2291
2275,2298
2291,2298
2298,2300
2298,2302
2300,2302
2300,2307
2302,2307
2307,2318
2307,2322
2307,2326
2307,2331
2318,2322
2318,2326
2318,2331
2322,2326
2326,2331
2326,2332
2326,2342
2326,2349
2331,2332
2331,2342
2331,2349
2332,2342
2342,2349
2349,2353
2349,2354
2353,2354
2354,2365
2354,2366
2354,2370
2365,2366
2365,2370
2365,2384
2365,2403
2366,2370
2370,2384
2370,2403
2370,2404
2370,2410
2384,2403
2384,2404
2384,2410
2384,2419
2403,2404
2404,2410
2404,2419
2404,2428
2404,2436
2404,2437
2410,2419
2410,2428
2419,2428
2428,2436
2428,2437
2436,2437
2437,2440
2437,2441
2440,2441
2441,2445
2445,2447
2445,2449
2445,2450
2445,2459
2447,2449
2447,2450
2447,2459
2447,2462
2447,2463
2447,2467
2449,2450
2450,2459
2450,2462
2450,2463
2459,2462
2462,2463
2463,2467
2463,2478
2463,2482
2463,2487
2463,2491
2467,2478
2467,2482
2467,2487
2478,2482
2482,2487
2487,2491
2487,2494
2491,2494
2491,2503
2491,2517
2494,2503
2494,2517
2503,2517
2517,2518
2517,2524
2517,2527
2518,2524
2524,2527
2524,2529
2524,2533
2527,2529
2527,2533
2527,2536
2529,2533
2529,2536
2529,2546
2529,2548
2533,2536
2536,2546
2536,2548
2546,2548
2548,2550
2550,2554
2550,2560
2550,2564
2554,2560
2560,2564
2560,2566
2564,2566
2566,2576
2566,2578
2576,2578
2576,2580
2578,2580
2580,2586
2580,2592
2586,2592
2592,2595
2595,2606
2606,2608
2608,2613
2613,2618
2613,2621
2613,2626
2618,2621
2618,2626
2621,2626
2626,2631
2626,2636
2626,2643
2626,2649
2626,2651
2626,2655
2631,2636
2631,2643
2636,2643
2636,2649
2636,2651
2643,2649
2643,2651
2643,2655
2643,2656
2643,2661
2643,2671
2649,2651
2651,2655
2651,2656
2651,2661
2655,2656
2656,2661
2661,2671
2671,2675
2675,2680
2675,2685
2675,2692
2675,2696
2680,2685
2680,2692
2680,2696
2685,2692
2685,2696
2685,2700
2685,2708
2692,2696
2692,2700
2692,2708
2696,2700
2700,2708
2700,2712
2700,2714
2708,2712
2708,2714
2708,2717
2712,2714
2712,2717
2714,2717
2717,2721
2721,2724
2721,2725
2721,2727
2721,2731
2721,2737
2724,2725
2725,2727
2725,2731
2725,2737
2725,2740
2727,2731
2731,2737
2731,2740
2731,2741
2737,2740
2740,2741
2740,2742
2740,2749
2741,2742
2742,2749
2749,2753
2749,2755
2753,2755
2753,2765
2755,2765
2755,2766
2765,2766
2766,2768
2768,2770
2768,2778
2768,2780
2770,2778
2778,2780
2778,2785
2778,2791
2778,2792
2780,2785
2780,2791
2780,2792
2780,2819
2785,2791
2791,2792
2792,2819
2819,2820
2820,2824
2820,2825
2824,2825
2825,2826
2825,2838
2826,2838
2826,2844
2826,2847
2826,2849
2826,2850
2826,2880
2826,2885
2838,2844
2844,2847
2844,2849
2844,2850
2844,2880
2844,2885
2844,2904
2847,2849
2847,2850
2849,2850
2850,2880
2850,2885
2880,2885
2880,2904
2885,2904
2904,2906
2904,2913
2906,2913
2913,2916
2913,2917
2916,2917
2917,2920
2917,2921
2917,2923
2920,2921
2921,2923
2921,2929
2921,2932
2921,2944
2923,2929
2923,2932
2929,2932
2929,2944
2932,2944
2944,2945
2945,2951
2945,2952
2945,2971
2951,2952
2951,2971
2951,2980
2951,2983
2952,2971
2971,2980
2971,2983
2980,2983
2980,2986
2980,2994
2980,3001
2983,2986
2983,2994
2983,3001
2986,2994
2986,3001
2994,3001
2994,3002
2994,3007
3001,3002
3001,3007
3001,3015
3001,3023
3002,3007
3002,3015
3002,3023
3007,3015
3007,3023
3015,3023
3015,3034
3015,3037
3023,3034
3023,3037
3023,3039
3023,3044
3034,3037
3034,3039
3034,3044
3037,3039
3037,3044
3037,3046
3039,3044
3039,3046
3039,3048
3039,3049
3039,3051
3044,3046
3044,3048
3044,3049
3044,3051
3046,3048
3048,3049
3049,3051
3051,3055
3051,3068
3051,3070
3051,3073
3055,3068
3068,3070
3068,3073
3070,3073
3070,3074
3073,3074
3074,3076
3076,3081
3076,3085
3081,3085
3085,3109
3085,3112
3109,3112
3112,3113
3113,3124
3113,3131
3124,3131
3131,3134
3131,3135
3134,3135
3135,3149
3135,3151
3135,3152
3149,3151
3149,3152
3149,3159
3149,3175
3151,3152
3152,3159
3159,3175
3159,3178
3175,3178
3178,3185
3185,3193
3193,3194
3194,3201
3194,3202
3194,3204
3194,3205
3201,3202
3202,3204
3202,3205
3202,3209
3204,3205
3205,3209
3205,3214
3205,3216
3205,3217
3209,3214
3209,3216
3214,3216
3214,3217
3214,3220
3214,3222
3216,3217
3216,3220
3216,3222
3216,3225
3217,3220
3217,3222
3217,3225
3217,3228
3220,3222
3222,3225
3222,3228
3222,3232
3222,3234
3225,3228
3225,3232
3225,3234
3225,3235
3228,3232
3228,3234
3232,3234
3234,3235
3234,3241
3235,3241
3235,3244
3235,3251
3235,3252
3235,3255
3241,3244
3241,3251
3241,3252
3244,3251
3244,3252
3244,3255
3244,3262
3251,3252
3252,3255
3255,3262
3262,3268
3268,3271
3268,3274
3271,3274
3271,3276
3274,3276
3274,3285
3276,3285
3276,3286
3285,3286
3286,3302
3286,3315
3286,3324
3302,3315
3302,3324
3302,3339
3302,3341
3315,3324
3324,3339
3339,3341
3339,3350
3339,3356
3339,3368
3339,3374
3339,3375
3339,3405
3341,3350
3350,3356
3350,3368
3356,3368
3356,3374
3368,3374
3368,3375
3374,3375
3374,3405
3374,3416
3374,3418
3375,3405
3375,3416
3405,3416
3416,3418
3416,3419
3416,3420
3418,3419
3418,3420
3418,3423
3418,3426
3419,3420
3420,3423
3420,3426
3423,3426
3426,3427
3427,3430
3427,3440
3427,3448
3427,3449
3430,3440
3440,3448
3440,3449
3440,3450
3448,3449
3448,3450
3448,3464
3448,3478
3448,3482
3449,3450
3450,3464
3464,3478
3464,3482
3478,3482
3478,3484
3482,3484
3482,3488
3484,3488
3484,3490
3484,3491
3484,3495
3484,3496
3488,3490
3490,3491
3490,3495
3490,3496
3490,3505
3490,3508
3491,3495
3491,3496
3491,3505
3491,3508
3495,3496
3496,3505
3496,3508
3496,3509
3505,3508
3508,3509
3508,3510
3508,3520
3508,3521
3509,3510
3509,3520
3509,3521
3510,3520
3520,3521
3520,3524
3520,3526
3520,3527
3520,3528
3521,3524
3524,3526
3524,3527
3524,3528
3524,3540
3526,3527
3527,3528
3528,3540
3528,3542
3528,3546
3540,3542
3540,3546
3540,3549
3542,3546
3542,3549
3542,3554
3542,3556
3546,3549
3546,3554
3546,3556
3546,3567
3549,3554
3554,3556
3554,3567
3554,3573
3554,3574
3554,3577
3556,3567
3567,3573
3573,3574
3574,3577
3577,3578
3578,3592
3578,3597
3592,3597
3592,3601
3597,3601
3597,3604
3601,3604
3601,3610
3601,3612
3604,3610
3604,3612
3604,3614
3604,3618
3610,3612
3612,3614
3612,3618
3612,3619
3614,3618
3614,3619
3618,3619
3618,3621
3618,3625
3619,3621
3621,3625
3625,3630
3630,3642
3630,3646
3630,3647
3642,3646
3646,3647
3646,3651
3646,3655
3647,3651
3651,3655
3651,3656
3655,3656
3655,3665
3656,3665
3656,3666
3656,3673
3656,3677
3665,3666
3665,3673
3665,3677
3666,3673
3673,3677
3677,3678
3678,3682
3678,3686
3678,3689
3682,3686
3686,3689
3686,3692
3686,3693
3689,3692
3692,3693
3692,3695
3692,3698
3692,3703
3693,3695
3695,3698
3698,3703
3698,3704
3703,3704
3704,3705
3705,3711
3705,3714
3705,3718
3705,3719
3711,3714
3711,3718
3714,3718
3718,3719
3719,3723
3723,3729
3729,3731
3729,3732
3731,3732
3732,3733
3733,3734
3734,3735
3735,3739
3735,3744
3735,3745
3735,3751
3739,3744
3744,3745
3744,3751
3744,3756
3744,3760
3744,3763
3745,3751
3751,3756
3756,3760
3760,3763
3760,3770
3763,3770
3770,3781
3781,3784
3784,3785
3784,3787
3784,3790
3784,3793
3785,3787
3787,3790
3787,3793
3787,3801
3787,3808
3790,3793
3790,3801
3793,3801
3801,3808
3808,3813
3813,3818
3818,3820
3818,3825
3818,3832
3818,3836
3820,3825
3825,3832
3832,3836
3832,3837
3836,3837
3836,3839
3837,3839
3839,3840
3840,3847
3847,3850
3847,3861
3847,3871
3847,3874
3847,3878
3847,3880
3847,3881
3847,3887
3850,3861
3850,3871
3861,3871
3861,3874
3861,3878
3871,3874
3871,3878
3871,3880
3871,3881
3874,3878
3874,3880
3874,3881
3878,3880
3880,3881
3880,3887
3880,3888
3880,3896
3881,3887
3887,3888
3887,3896
3887,3898
3888,3896
3896,3898
3898,3904
3904,3908
3904,3911
3904,3913
3904,3914
3908,3911
3908,3913
3908,3914
3911,3913
3913,3914
3913,3922
3913,3929
3914,3922
3914,3929
3922,3929
3922,3932
3929,3932
3929,3933
3929,3947
3932,3933
3933,3947
3933,3951
3933,3955
3947,3951
3951,3955
3955,3964
3964,3965
3964,3967
3964,3969
3965,3967
3965,3969
3965,3982
3967,3969
3969,3982
3969,3989
3969,3991
3982,3989
3989,3991
3989,3998
3991,3998
3991,4000
3991,4004
3998,4000
4000,4004
4004,4008
4004,4013
4004,4018
4008,4013
4013,4018
4013,4022
4013,4035
4013,4037
4018,4022
4018,4035
4018,4037
4022,4035
4035,4037
4035,4042
4037,4042
4037,4045
4037,4046
4037,4048
4037,4052
4042,4045
4045,4046
4046,4048
4046,4052
4048,4052
4052,4057
4052,4072
4052,4073
4052,4076
4057,4072
4072,4073
4072,4076
4072,4078
4073,4076
4076,4078
4078,4081
4081,4089
4081,4091
4081,4094
4089,4091
4091,4094
4091,4096
4091,4101
4094,4096
4094,4101
4096,4101
4096,4106
4101,4106
4101,4107
4106,4107
4107,4111
4111,4118
4118,4119
4118,4125
4118,4131
4119,4125
4125,4131
4131,4133
4131,4142
4131,4148
4131,4149
4133,4142
4133,4148
4142,4148
4142,4149
4142,4155
4148,4149
4148,4155
4149,4155
4149,4158
4155,4158
4155,4168
4155,4169
4158,4168
4168,4169
4168,4173
4168,4180
4169,4173
4173,4180
4173,4185
4180,4185
4185,4188
4188,4191
4188,4192
4188,4193
4188,4196
4188,4197
4191,4192
4191,4193
4191,4196
4192,4193
4193,4196
4193,4197
4196,4197
4196,4199
4196,4210
4196,4213
4196,4217
4196,4224
4196,4225
4197,4199
4199,4210
4210,4213
4210,4217
4210,4224
4213,4217
4213,4224
4217,4224
4217,4225
4217,4229
4224,4225
4224,4229
4225,4229
4225,4231
4229,4231
4231,4238
4231,4240
4231,4245
4238,4240
4240,4245
4240,4251
4245,4251
4245,4253
4251,4253
4253,4260
4260,4262
4260,4281
4262,4281
4281,4283
4283,4284
4283,4285
4284,4285
4285,4287
4287,4290
4287,4291
4287,4297
4290,4291
4290,4297
4291,4297
4297,4312
4312,4316
4312,4318
4312,4325
4312,4328
4316,4318
4316,4325
4318,4325
4318,4328
4325,4328
4325,4329
4325,4333
4328,4329
4328,4333
4329,4333
4329,4347
4329,4349
4333,4347
4347,4349
4349,4357
4357,4362
4362,4384
4362,4389
4362,4392
4384,4389
4384,4392
4384,4398
4389,4392
4392,4398
4398,4399
4399,4410
4399,4411
4399,4412
4399,4430
4399,4440
4399,4444
4410,4411
4411,4412
4411,4430
4411,4440
4412,4430
4412,4440
4412,4444
4412,4445
4412,4450
4430,4440
4430,4444
4440,4444
4440,4445
4444,4445
4445,4450
4450,4451
4451,4457
4451,4460
4457,4460
4460,4461
4460,4462
4460,4464
4460,4478
4460,4482
4460,4485
4460,4491
4461,4462
4461,4464
4461,4478
4461,4482
4462,4464
4464,4478
4464,4482
4464,4485
4464,4491
4478,4482
4478,4485
4478,4491
4482,4485
4482,4491
4485,4491
4485,4492
4491,4492
4491,4494
4491,4495
4492,4494
4492,4495
4492,4501
4494,4495
4495,4501
4501,4509
4509,4511
4511,4513
4511,4515
4511,4523
4513,4515
4513,4523
4515,4523
4515,4531
4515,4533
4515,4545
4515,4550
4515,4551
4523,4531
4523,4533
4531,4533
4531,4545
4531,4550
4533,4545
4545,4550
4550,4551
4550,4552
4551,4552
4552,4555
4552,4556
4552,4562
4552,4573
4555,4556
4556,4562
4556,4573
4556,4578
4562,4573
4573,4578
4578,4582
4578,4584
4578,4592
4578,4599
4582,4584
4582,4592
4582,4599
4582,4600
4584,4592
4584,4599
4584,4600
4584,4627
4584,4631
4584,4642
4592,4599
4592,4600
4592,4627
4599,4600
4600,4627
4600,4631
4627,4631
4627,4642
4627,4652
4631,4642
4642,4652
4642,4661
4642,4669
4652,4661
4652,4669
4652,4676
4652,4679
4652,4702
4661,4669
4669,4676
4676,4679
4676,4702
4676,4706
4676,4708
4679,4702
4702,4706
4706,4708
4706,4717
4708,4717
4708,4722
4708,4723
4708,4732
4708,4736
4717,4722
4717,4723
4717,4732
4722,4723
4722,4732
4723,4732
4723,4736
4732,4736
4736,4744
4744,4757
4744,4764
4744,4766
4744,4768
4757,4764
4764,4766
4764,4768
4766,4768
4768,4769
4769,4772
4769,4774
4769,4781
4772,4774
4774,4781
4781,4784
4781,4791
4781,4796
4784,4791
4784,4796
4791,4796
4796,4797
4797,4801
4797,4813
4801,4813
4801,4816
4813,4816
4813,4817
4816,4817
4817,4818
4818,4828
4818,4829
4818,4831
4818,4833
4828,4829
4828,4831
4828,4833
4828,4837
4829,4831
4831,4833
4833,4837
4833,4838
4837,4838
4838,4849
4849,4850
4849,4854
4849,4855
4850,4854
4850,4855
4850,4857
4854,4855
4854,4857
4855,4857
4857,4859
4859,4883
4859,4884
4883,4884
4884,4892
4884,4894
4884,4900
4892,4894
4892,4900
4892,4901
4894,4900
4900,4901
4901,4907
4901,4915
4901,4919
4901,4923
4901,4924
4907,4915
4915,4919
4915,4923
4919,4923
4923,4924
4923,4929
4924,4929
4929,4933
4929,4940
4933,4940
4933,4944
4940,4944
4944,4965
4965,4967
4965,4970
4967,4970
4967,4974
4967,4990
4967,4993
4970,4974
4974,4990
4974,4993
4974,4995
4974,5000
4990,4993
4990,4995
4990,5000
4993,4995
4995,5000
4995,5005
5000,5005
5005,5006
5006,5009
5006,5014
5006,5024
5009,5014
5014,5024
5014,5027
5014,5029
5014,5035
5024,5027
5027,5029
5027,5035
5029,5035
5029,5038
5035,5038
5038,5040
5038,5041
5038,5044
5040,5041
5040,5044
5041,5044
5044,5048
5048,5050
5048,5052
5050,5052
5052,5060
5052,5062
5052,5065
5052,5067
5060,5062
5060,5065
5060,5067
5062,5065
5065,5067
5067,5070
5070,5077
5077,5079
5077,5081
5077,5086
5077,5088
5077,5097
5077,5098
5079,5081
5079,5086
5081,5086
5086,5088
5086,5097
5086,5098
5086,5110
5088,5097
5088,5098
5088,5110
5097,5098
5098,5110
5098,5114
5098,5117
5110,5114
5114,5117
5114,5122
5114,5124
5117,5122
5117,5124
5117,5132
5117,5135
5117,5136
5122,5124
5122,5132
5122,5135
5122,5136
5124,5132
5132,5135
5132,5136
5132,5146
5135,5136
5135,5146
5135,5148
5135,5159
5136,5146
5136,5148
5136,5159
5146,5148
5146,5159
5146,5173
5148,5159
5148,5173
5148,5174
5148,5180
5159,5173
5159,5174
5173,5174
5174,5180
5174,5181
5174,5182
5174,5191
5180,5181
5181,5182
5181,5191
5181,5195
5181,5197
5182,5191
5191,5195
5195,5197
5197,5203
5203,5212
5212,5214
5214,5218
5214,5221
5214,5234
5214,5235
5214,5239
5218,5221
5218,5234
5218,5235
5218,5239
5221,5234
5221,5235
5221,5239
5234,5235
5235,5239
5239,5240
5239,5244
5239,5258
5239,5261
5240,5244
5240,5258
5240,5261
5244,5258
5258,5261
5261,5269
5269,5272
5269,5280
5269,5287
5272,5280
5272,5287
5272,5289
5272,5290
5280,5287
5287,5289
5287,5290
5289,5290
5290,5292
5292,5303
5292,5306
5292,5310
5292,5315
5292,5316
5292,5322
5303,5306
5306,5310
5310,5315
5315,5316
5316,5322
5316,5325
5316,5342
5322,5325
5322,5342
5322,5350
5325,5342
5325,5350
5325,5351
5325,5356
5325,5364
5342,5350
5342,5351
5342,5356
5350,5351
5350,5356
5350,5364
5350,5365
5351,5356
5356,5364
5356,5365
5364,5365
5365,5368
5368,5371
5368,5378
5371,5378
5371,5381
5371,5382
5371,5388
5378,5381
5378,5382
5378,5388
5381,5382
5381,5388
5381,5389
5382,5388
5388,5389
5389,5392
5392,5394
5392,5402
5392,5404
5392,5417
5394,5402
5402,5404
5402,5417
5402,5420
5404,5417
5417,5420
5417,5422
5417,5425
5417,5428
5420,5422
5422,5425
5422,5428
5422,5430
5422,5434
5425,5428
5425,5430
5425,5434
5428,5430
5428,5434
5428,5444
5430,5434
5430,5444
5430,5445
5434,5444
5434,5445
5444,5445
5445,5446
5446,5449
5449,5454
5454,5468
5454,5473
5468,5473
5473,5488
5473,5489
5473,5490
5488,5489
5489,5490
5489,5493
5490,5493
5493,5497
5497,5499
5499,5500
5500,5501
5500,5502
5500,5509
5501,5502
5502,5509
5502,5514
5502,5517
5502,5520
5502,5531
5509,5514
5509,5517
5514,5517
5517,5520
5517,5531
5517,5534
5517,5535
5517,5540
5517,5546
5517,5547
5520,5531
5531,5534
5531,5535
5531,5540
5531,5546
5531,5547
5534,5535
5534,5540
5535,5540
5535,5546
5540,5546
5540,5547
5540,5548
5546,5547
5547,5548
5547,5550
5547,5553
5548,5550
5550,5553
5553,5562
5562,5565
5562,5568
5562,5579
5562,5588
5562,5593
5565,5568
5568,5579
5568,5588
5579,5588
5579,5593
5588,5593
5593,5596
5593,5598
5593,5604
5593,5611
5593,5612
5596,5598
5598,5604
5604,5611
5611,5612
5612,5623
5612,5627
5612,5647
5612,5654
5623,5627
5627,5647
5627,5654
5647,5654
5654,5655
5654,5658
5654,5662
5655,5658
5658,5662
5662,5666
5666,5669
5669,5677
5677,5680
5677,5681
5677,5686
5680,5681
5680,5686
5680,5687
5680,5689
5680,5691
5680,5699
5681,5686
5681,5687
5681,5689
5686,5687
5686,5689
5687,5689
5689,5691
5691,5699
5699,5703
5703,5708
5708,5714
5714,5720
5714,5721
5714,5735
5714,5739
5720,5721
5720,5735
5721,5735
5735,5739
5735,5742
5735,5755
5735,5762
5739,5742
5742,5755
5755,5762
5755,5765
5755,5768
5762,5765
5765,5768
5765,5775
5768,5775
5775,5776
5775,5784
5776,5784
5784,5788
5788,5790
5790,5791
5790,5797
5790,5804
5791,5797
5791,5804
5797,5804
5797,5825
5804,5825
5804,5829
5804,5835
5804,5851
5825,5829
5829,5835
5829,5851
5835,5851
5851,5855
5851,5862
5855,5862
5855,5872
5855,5875
5862,5872
5872,5875
5872,5877
5872,5879
5872,5880
5872,5882
5872,5888
5875,5877
5875,5879
5877,5879
5877,5880
5879,5880
5880,5882
5880,5888
5882,5888
5888,5890
5890,5893
5893,5894
5893,5900
5894,5900
5894,5907
5894,5912
5894,5913
5900,5907
5907,5912
5912,5913
5913,5919
5913,5930
5919,5930
5930,5935
5930,5946
5930,5947
5935,5946
5935,5947
5946,5947
5946,5954
5946,5956
5947,5954
5954,5956
5954,5957
5954,5972
5956,5957
5957,5972
5972,5975
5975,5979
5975,5999
5979,5999
5979,6007
5979,6013
5979,6015
5999,6007
5999,6013
6007,6013
6007,6015
6013,6015
6015,6023
6023,6025
6025,6026
6026,6028
6026,6029
6026,6032
6028,6029
6029,6032
6029,6038
6032,6038
6038,6040
6040,6043
6040,6044
6040,6048
6043,6044
6044,6048
6044,6050
6048,6050
6048,6055
6048,6057
6048,6060
6048,6065
6050,6055
6055,6057
6055,6060
6057,6060
6060,6065
6060,6066
6060,6074
6065,6066
6065,6074
6066,6074
6074,6082
6074,6116
6082,6116
6082,6130
6082,6132
6116,6130
6130,6132
6130,6133
6132,6133
6132,6142
6133,6142
6142,6143
6142,6144
6142,6147
6143,6144
6144,6147
6144,6151
6147,6151
6147,6152
6147,6153
6147,6155
6147,6156
6147,6158
6151,6152
6151,6153
6151,6155
6152,6153
6152,6155
6153,6155
6155,6156
6155,6158
6155,6163
6156,6158
6156,6163
6156,6164
6158,6163
6163,6164
6164,6165
6164,6166
6164,6167
6164,6169
6164,6171
6165,6166
6166,6167
6166,6169
6167,6169
6167,6171
6167,6174
6167,6176
6167,6177
6169,6171
6171,6174
6171,6176
6171,6177
6174,6176
6176,6177
6177,6179
6177,6186
6179,6186
6179,6187
6179,6204
6179,6218
6179,6223
6186,6187
6187,6204
6204,6218
6218,6223
6218,6224
6223,6224
6223,6228
6223,6230
6224,6228
6224,6230
6228,6230
6228,6238
6228,6239
6228,6244
6230,6238
6238,6239
6239,6244
6239,6246
6244,6246
6246,6249
6246,6251
6246,6254
6249,6251
6249,6254
6251,6254
6254,6257
6254,6262
6254,6287
6257,6262
6262,6287
6262,6288
6262,6290
6262,6292
6287,6288
6288,6290
6288,6292
6290,6292
6292,6307
6292,6310
6292,6315
6307,6310
6310,6315
6315,6320
6315,6332
6315,6341
6315,6348
6315,6349
6320,6332
6320,6341
6320,6348
6320,6349
6332,6341
6341,6348
6341,6349
6341,6352
6341,6353
6341,6363
6341,6367
6348,6349
6349,6352
6352,6353
6352,6363
6352,6367
6353,6363
6363,6367
6367,6369
6367,6370
6369,6370
6370,6382
6370,6385
6370,6391
6370,6392
6370,6396
6382,6385
6382,6391
6385,6391
6385,6392
6385,6396
6385,6398
6391,6392
6391,6396
6391,6398
6392,6396
6396,6398
6398,6399
6399,6405
6399,6407
6399,6411
6399,6415
6405,6407
6405,6411
6407,6411
6411,6415
6415,6418
6415,6422
6418,6422
6418,6423
6422,6423
6423,6432
6423,6435
6423,6438
6423,6440
6423,6441
6432,6435
6435,6438
6438,6440
6440,6441
6440,6446
6441,6446
6446,6448
6446,6452
6448,6452
6448,6456
6452,6456
6456,6457
6457,6460
6457,6471
6460,6471
6460,6473
6460,6475
6471,6473
6471,6475
6471,6476
6471,6477
6473,6475
6475,6476
6475,6477
6476,6477
6476,6479
6476,6485
6476,6490
6476,6493
6477,6479
6477,6485
6479,6485
6485,6490
6490,6493
6493,6495
6495,6497
6495,6498
6495,6500
6497,6498
6498,6500
6498,6505
6498,6509
6500,6505
6505,6509
6505,6515
6509,6515
6509,6516
6515,6516
6515,6526
6516,6526
6516,6536
6516,6538
6526,6536
6536,6538
6538,6543
6538,6547
6538,6548
6543,6547
6543,6548
6547,6548
6547,6567
6547,6570
6548,6567
6548,6570
6548,6589
6548,6596
6567,6570
6570,6589
6589,6596
6596,6599
6599,6600
6600,6615
6600,6617
6600,6627
6615,6617
6615,6627
6617,6627
6627,6640
6640,6643
6643,6655
6655,6662
6655,6670
6655,6672
6655,6673
6662,6670
6662,6672
6662,6673
6662,6676
6670,6672
6672,6673
6672,6676
6672,6677
6673,6676
6673,6677
6673,6682
6676,6677
6677,6682
6682,6683
6682,6685
6682,6688
6683,6685
6683,6688
6683,6689
6683,6690
6685,6688
6685,6689
6685,6690
6688,6689
6689,6690
6689,6697
6689,6700
6690,6697
6697,6700
6700,6701
6701,6703
6703,6706
6706,6708
6708,6709
6708,6729
6708,6736
6708,6737
6709,6729
6729,6736
6729,6737
6729,6738
6729,6745
6736,6737
6736,6738
6736,6745
6737,6738
6737,6745
6738,6745
6745,6752
6752,6755
6755,6760
6760,6761
6760,6781
6760,6782
6760,6783
6760,6786
6760,6788
6761,6781
6761,6782
6761,6783
6761,6786
6781,6782
6781,6783
6782,6783
6783,6786
6783,6788
6783,6792
6786,6788
6786,6792
6786,6794
6788,6792
6792,6794
6794,6795
6794,6796
6794,6798
6794,6799
6795,6796
6796,6798
6796,6799
6796,6809
6796,6812
6796,6823
6798,6799
6798,6809
6798,6812
6798,6823
6799,6809
6809,6812
6809,6823
6809,6827
6809,6841
6809,6842
6812,6823
6823,6827
6827,6841
6841,6842
6842,6843
6842,6844
6842,6846
6843,6844
6844,6846
6844,6847
6844,6851
6844,6852
6846,6847
6847,6851
6847,6852
6847,6856
6847,6857
6847,6858
6847,6862
6847,6871
6847,6875
6847,6887
6851,6852
6851,6856
6851,6857
6851,6858
6852,6856
6852,6857
6852,6858
6852,6862
6856,6857
6856,6858
6857,6858
6858,6862
6862,6871
6862,6875
6862,6887
6871,6875
6875,6887
6875,6889
6887,6889
6887,6890
6889,6890
6890,6892
6890,6906
6890,6912
6892,6906
6892,6912
6892,6915
6906,6912
6912,6915
6915,6924
6915,6929
6915,6934
6915,6937
6915,6943
6915,6946
6924,6929
6929,6934
6929,6937
6929,6943
6929,6946
6934,6937
6934,6943
6937,6943
6937,6946
6937,6954
6943,6946
6946,6954
6946,6955
6954,6955
6954,6960
6955,6960
6960,6962
6960,6966
6960,6971
6960,6980
6962,6966
6962,6971
6966,6971
6966,6980
6966,6982
6966,6987
6966,6989
6971,6980
6980,6982
6980,6987
6982,6987
6982,6989
6982,6994
6987,6989
6987,6994
6987,6996
6989,6994
6994,6996
6996,7005
6996,7016
6996,7033
6996,7040
6996,7042
7005,7016
7005,7033
7005,7040
7016,7033
7016,7040
7033,7040
7033,7042
7033,7043
7033,7046
7033,7055
7033,7062
7040,7042
7042,7043
7043,7046
7046,7055
7055,7062
7062,7063
7062,7082
7063,7082
7063,7083
7082,7083
7082,7084
7082,7085
7083,7084
7083,7085
7084,7085
7085,7090
7090,7093
7090,7096
7090,7104
7090,7107
7093,7096
7096,7104
7096,7107
7104,7107
7104,7108
7104,7109
7104,7111
7107,7108
7108,7109
7108,7111
7108,7115
7109,7111
7111,7115
7115,7125
7125,7127
7125,7131
7127,7131
7127,7141
7127,7148
7127,7149
7131,7141
7141,7148
7141,7149
7148,7149
7148,7153
7148,7160
7148,7171
7149,7153
7153,7160
7160,7171
7160,7172
7160,7190
7160,7194
7160,7199
7171,7172
7172,7190
7190,7194
7190,7199
7190,7200
7194,7199
7194,7200
7199,7200
7200,7224
7224,7230
7224,7240
7230,7240
7240,7241
7241,7243
7241,7244
7241,7245
7243,7244
7243,7245
7243,7249
7244,7245
7244,7249
7244,7250
7244,7251
7245,7249
7245,7250
7245,7251
7245,7255
7249,7250
7249,7251
7249,7255
7249,7256
7250,7251
7251,7255
7251,7256
7251,7260
7251,7271
7251,7272
7255,7256
7255,7260
7255,7271
7255,7272
7256,7260
7256,7271
7260,7271
7260,7272
7271,7272
7271,7278
7272,7278
7272,7280
7272,7288
7278,7280
7278,7288
7280,7288
7280,7304
7280,7311
7288,7304
7304,7311
7311,7315
7311,7317
7311,7321
7311,7322
7311,7323
7311,7327
7315,7317
7315,7321
7317,7321
7317,7322
7321,7322
7322,7323
7322,7327
7322,7329
7323,7327
7323,7329
7327,7329
7327,7338
7329,7338
7329,7340
7329,7347
7329,7348
7338,7340
7338,7347
7338,7348
7340,7347
7340,7348
7347,7348
7348,7349
7349,7359
7349,7370
7349,7371
7349,7380
7359,7370
7370,7371
7370,7380
7371,7380
7371,7385
7371,7392
7371,7396
7380,7385
7380,7392
7385,7392
7392,7396
7392,7402
7396,7402
7402,7404
7404,7408
7408,7414
7414,7421
7414,7425
7414,7430
7414,7432
7421,7425
7425,7430
7430,7432
7432,7433
7433,7436
7436,7437
7437,7438
7437,7439
7437,7443
7437,7451
7438,7439
7438,7443
7438,7451
7438,7453
7439,7443
7439,7451
7443,7451
7451,7453
7453,7463
7453,7464
7463,7464
7464,7466
7464,7468
7464,7471
7466,7468
7468,7471
7471,7474
7474,7480
7480,7481
7480,7483
7480,7486
7480,7487
7481,7483
7483,7486
7483,7487
7483,7489
7486,7487
7487,7489
7487,7491
7487,7494
7487,7496
7489,7491
7489,7494
7489,7496
7489,7497
7491,7494
7491,7496
7491,7497
7491,7498
7494,7496
7494,7497
7496,7497
7497,7498
7498,7500
7498,7505
7500,7505
7500,7518
7500,7519
7500,7520
7500,7525
7500,7534
7505,7518
7505,7519
7505,7520
7505,7525
7518,7519
7518,7520
7518,7525
7519,7520
7519,7525
7519,7534
7520,7525
7520,7534
7520,7537
7525,7534
7525,7537
7525,7538
7534,7537
7534,7538
7534,7540
7534,7543
7537,7538
7537,7540
7538,7540
7540,7543
7540,7546
7543,7546
7543,7552
7543,7554
7546,7552
7552,7554
7554,7555
7554,7557
7554,7566
7555,7557
7555,7566
7555,7567
7555,7586
7557,7566
7557,7567
7566,7567
7566,7586
7566,7591
7566,7593
7566,7598
7567,7586
7567,7591
7567,7593
7586,7591
7591,7593
7593,7598
7593,7604
7593,7608
7593,7609
7593,7620
7598,7604
7598,7608
7604,7608
7604,7609
7608,7609
7609,7620
7609,7629
7609,7634
7620,7629
7629,7634
7634,7637
7634,7638
7637,7638
7638,7641
7638,7644
7641,7644
7644,7650
7650,7651
7651,7653
7651,7654
7653,7654
7654,7659
7659,7662
7662,7667
7662,7671
7662,7674
7662,7677
7662,7681
7667,7671
7671,7674
7674,7677
7677,7681
7681,7686
7681,7702
7681,7704
7681,7710
7686,7702
7702,7704
7702,7710
7704,7710
7710,7711
7710,7715
7711,7715
7715,7722
7722,7728
7722,7739
7722,7741
7722,7748
7728,7739
7739,7741
7741,7748
7741,7749
7741,7751
7748,7749
7748,7751
7748,7754
7748,7756
7749,7751
7749,7754
7751,7754
7751,7756
7751,7762
7754,7756
7756,7762
7756,7763
7756,7769
7762,7763
7762,7769
7762,7773
7762,7775
7763,7769
7763,7773
7769,7773
7773,7775
7775,7776
7776,7779
7779,7792
7792,7799
7792,7804
7799,7804
7804,7806
7806,7812
7812,7819
7812,7821
7819,7821
7819,7825
7819,7830
7821,7825
7825,7830
7825,7832
7825,7839
7830,7832
7830,7839
7830,7843
7832,7839
7832,7843
7832,7855
7839,7843
7843,7855
7843,7856
7843,7860
7855,7856
7855,7860
7855,7867
7856,7860
7860,7867
7860,7882
7867,7882
7882,7883
7882,7892
7882,7896
7882,7898
7883,7892
7883,7896
7883,7898
7883,7899
7883,7905
7892,7896
7896,7898
7898,7899
7898,7905
7899,7905
7899,7906
7899,7910
7899,7913
7905,7906
7906,7910
7906,7913
7910,7913
7910,7915
7910,7923
7910,7926
7913,7915
7915,7923
7915,7926
7915,7934
7915,7938
7915,7944
7923,7926
7923,7934
7926,7934
7934,7938
7938,7944
7944,7945
7944,7946
7945,7946
7945,7947
7945,7951
7946,7947
7947,7951
7947,7953
7951,7953
7953,7962
7962,7964
7962,7965
7962,7978
7962,7991
7962,7992
7964,7965
7964,7978
7964,7991
7965,7978
7965,7991
7978,7991
7991,7992
7991,7997
7992,7997
7997,8001
7997,8014
7997,8015
7997,8018
8001,8014
8001,8015
8014,8015
8014,8018
8015,8018
8015,8023
8015,8025
8015,8029
8018,8023
8018,8025
8018,8029
8018,8037
8018,8038
8023,8025
8025,8029
8025,8037
8029,8037
8029,8038
8029,8042
8029,8047
8037,8038
8038,8042
8042,8047
8047,8048
8047,8050
8047,8053
8047,8060
8047,8062
8048,8050
8050,8053
8053,8060
8053,8062
8060,8062
8062,8064
8064,8066
8066,8067
8066,8073
8067,8073
8067,8074
8067,8083
8073,8074
8074,8083
8083,8088
8083,8096
8083,8101
8083,8105
8083,8109
8083,8111
8083,8117
8088,8096
8088,8101
8088,8105
8088,8109
8096,8101
8096,8105
8101,8105
8101,8109
8101,8111
8105,8109
8105,8111
8105,8117
8109,8111
8111,8117
8117,8118
8117,8120
8117,8124
8118,8120
8120,8124
8120,8126
8120,8128
8120,8130
8120,8133
8124,8126
8124,8128
8126,8128
8126,8130
8126,8133
8126,8135
8128,8130
8128,8133
8128,8135
8128,8139
8128,8144
8128,8147
8130,8133
8130,8135
8130,8139
8133,8135
8135,8139
8139,8144
8144,8147
8144,8149
8147,8149
8147,8162
8149,8162
8162,8167
8167,8170
8170,8175
8170,8199
8175,8199
8199,8201
8199,8203
8199,8207
8201,8203
8201,8207
8201,8211
8203,8207
8207,8211
8211,8213
8211,8221
8211,8226
8211,8229
8213,8221
8221,8226
8221,8229
8221,8231
8221,8233
8226,8229
8226,8231
8226,8233
8226,8235
8226,8238
8229,8231
8229,8233
8229,8235
8229,8238
8231,8233
8233,8235
8233,8238
8235,8238
8238,8239
8239,8243
8243,8249
8249,8251
8251,8255
8255,8270
8270,8282
8282,8284
8282,8285
8282,8289
8284,8285
8284,8289
8284,8300
8285,8289
8285,8300
8289,8300
8289,8305
8289,8306
8289,8308
8300,8305
8300,8306
8300,8308
8300,8310
8305,8306
8305,8308
8305,8310
8306,8308
8306,8310
8308,8310
8308,8315
8310,8315
8315,8317
8317,8319
8319,8325
8325,8329
8329,8337
8337,8339
8337,8343
8337,8349
8339,8343
8339,8349
8343,8349
8343,8351
8343,8353
8349,8351
8349,8353
8351,8353
8351,8354
8351,8360
8353,8354
8354,8360
8360,8363
8363,8364
8363,8366
8364,8366
8364,8370
8364,8379
8364,8385
8364,8390
8366,8370
8366,8379
8366,8385
8370,8379
8379,8385
8379,8390
8379,8396
8379,8397
8385,8390
8390,8396
8390,8397
8390,8399
8396,8397
8396,8399
8397,8399
8397,8406
8397,8409
8397,8412
8397,8420
8399,8406
8399,8409
8399,8412
8406,8409
8406,8412
8409,8412
8409,8420
8409,8425
8412,8420
8420,8425
8425,8429
8425,8431
8425,8436
8425,8438
8425,8439
8425,8440
8429,8431
8431,8436
8431,8438
8436,8438
8436,8439
8438,8439
8439,8440
8439,8444
8440,8444
8440,8448
8440,8458
8444,8448
8444,8458
8448,8458
8448,8468
8448,8472
8458,8468
8458,8472
8468,8472
8472,8475
8475,8488
8475,8493
8475,8500
8475,8514
8488,8493
8493,8500
8500,8514
8514,8516
8516,8522
8522,8526
8522,8530
8526,8530
8530,8546
8546,8561
8561,8562
8562,8564
8562,8568
8562,8573
8562,8578
8562,8582
8564,8568
8568,8573
8568,8578
8573,8578
8578,8582
8582,8591
8591,8592
8592,8597
8597,8605
8597,8615
8605,8615
8615,8616
8615,8617
8615,8620
8615,8628
8615,8629
8616,8617
8616,8620
8616,8628
8616,8629
8616,8633
8616,8636
8617,8620
8620,8628
8628,8629
8628,8633
8628,8636
8628,8643
8629,8633
8629,8636
8629,8643
8633,8636
8636,8643
8643,8644
8644,8645
8644,8646
8644,8648
8645,8646
8645,8648
8646,8648
8648,8652
8648,8660
8648,8664
8648,8667
8652,8660
8652,8664
8652,8667
8652,8668
8660,8664
8664,8667
8664,8668
8664,8681
8667,8668
8667,8681
8667,8686
8667,8688
8668,8681
8681,8686
8686,8688
8688,8691
8691,8694
8691,8700
8691,8701
8694,8700
8700,8701
8700,8704
8700,8706
8700,8708
8700,8719
8701,8704
8704,8706
8706,8708
8708,8719
8708,8721
8708,8723
8708,8725
8719,8721
8721,8723
8721,8725
8721,8727
8721,8730
8723,8725
8725,8727
8727,8730
8727,8733
8730,8733
8730,8736
8733,8736
8736,8738
8738,8754
8754,8755
8754,8758
8755,8758
8755,8759
8758,8759
8759,8764
8759,8768
8764,8768
8764,8777
8768,8777
8777,8783
8777,8787
8777,8791
8777,8793
8783,8787
8787,8791
8791,8793
8793,8794
8794,8796
8796,8799
8796,8800
8799,8800
8800,8818
8818,8834
8818,8845
8818,8849
8818,8860
8818,8864
8818,8868
8834,8845
8834,8849
8845,8849
8849,8860
8860,8864
8864,8868
8864,8869
8864,8874
8864,8881
8864,8886
8864,8893
8868,8869
8868,8874
8868,8881
8868,8886
8869,8874
8874,8881
8881,8886
8881,8893
8881,8896
8881,8897
8881,8898
8886,8893
8893,8896
8896,8897
8896,8898
8897,8898
8897,8899
8898,8899
8898,8900
8899,8900
8899,8913
8900,8913
8900,8915
8913,8915
8913,8921
8915,8921
8921,8922
8921,8925
8922,8925
8922,8927
8922,8929
8922,8939
8925,8927
8927,8929
8927,8939
8927,8940
8927,8943
8927,8945
8929,8939
8939,8940
8940,8943
8940,8945
8940,8948
8943,8945
8945,8948
8948,8957
8948,8958
8957,8958
8958,8962
8962,8969
8969,8972
8972,8980
8980,8985
8985,8998
8985,9007
8985,9010
8985,9019
8985,9023
8985,9025
8985,9028
8998,9007
9007,9010
9010,9019
9019,9023
9023,9025
9023,9028
9025,9028
9028,9037
9028,9043
9028,9047
9037,9043
9037,9047
9037,9049
9043,9047
9047,9049
9047,9053
9049,9053
9049,9054
9053,9054
9054,9055
9054,9056
9054,9060
9054,9072
9054,9076
9055,9056
9055,9060
9055,9072
9055,9076
9056,9060
9060,9072
9060,9076
9072,9076
9076,9080
9076,9096
9080,9096
9080,9112
9096,9112
9112,9116
9112,9118
9112,9120
9116,9118
9118,9120
9118,9124
9120,9124
9120,9125
9120,9127
9124,9125
9124,9127
9125,9127
9127,9129
9129,9134
9129,9145
9129,9147
9129,9149
9129,9151
9129,9152
9134,9145
9145,9147
9145,9149
9145,9151
9147,9149
9149,9151
9149,9152
9149,9154
9149,9158
9149,9163
9151,9152
9152,9154
9152,9158
9154,9158
9158,9163
9158,9164
9163,9164
9164,9166
9164,9167
9164,9177
9164,9179
9166,9167
9166,9177
9167,9177
9177,9179
9179,9181
9181,9182
9182,9189
9182,9190
9182,9196
9182,9200
9189,9190
9189,9196
9189,9200
9190,9196
9196,9200
9200,9213
9213,9215
9213,9222
9213,9225
9215,9222
9222,9225
9222,9237
9222,9238
9225,9237
9237,9238
9237,9240
9237,9242
9238,9240
9240,9242
9242,9246
9246,9257
9246,9260
9246,9264
9257,9260
9257,9264
9257,9275
9260,9264
9260,9275
9260,9281
9260,9286
9260,9290
9260,9295
9264,9275
9275,9281
9281,9286
9281,9290
9281,9295
9281,9307
9286,9290
9290,9295
9295,9307
9295,9314
9295,9319
9295,9325
9307,9314
9307,9319
9314,9319
9314,9325
9319,9325
9325,9326
9325,9327
9325,9335
9326,9327
9327,9335
9327,9338
9327,9339
9327,9341
9335,9338
9338,9339
9339,9341
9339,9359
9339,9361
9341,9359
9341,9361
9359,9361
9361,9365
9365,9368
9365,9378
9365,9383
9368,9378
9368,9383
9368,9385
9378,9383
9378,9385
9383,9385
9385,9388
9388,9392
9388,9400
9388,9402
9392,9400
9400,9402
9402,9403
9403,9407
9407,9408
9408,9413
9413,9415
9413,9417
9415,9417
9417,9419
9419,9429
9429,9431
9431,9433
9431,9448
9433,9448
9433,9459
9448,9459
9459,9471
9471,9472
9472,9490
9490,9493
9493,9494
9493,9504
9493,9510
9493,9511
9494,9504
9494,9510
9494,9511
9504,9510
9510,9511
9510,9522
9510,9523
9510,9526
9510,9538
9510,9541
9511,9522
9522,9523
9522,9526
9522,9538
9522,9541
9523,9526
9523,9538
9523,9541
9523,9544
9523,9557
9523,9558
9526,9538
9538,9541
9541,9544
9544,9557
9544,9558
9544,9563
9557,9558
9558,9563
9558,9573
9558,9579
9563,9573
9573,9579
9579,9584
9579,9587
9584,9587
9587,9604
9587,9610
9587,9614
9587,9615
9604,9610
9610,9614
9614,9615
9614,9617
9614,9620
9614,9626
9614,9631
9615,9617
9615,9620
9615,9626
9617,9620
9620,9626
9620,9631
9620,9639
9620,9642
9620,9646
9626,9631
9631,9639
9631,9642
9639,9642
9642,9646
9642,9656
9642,9657
9646,9656
9646,9657
9646,9666
9656,9657
9657,9666
9666,9668
9666,9677
9666,9679
9668,9677
9668,9679
9668,9687
9668,9695
9677,9679
9679,9687
9679,9695
9687,9695
9695,9696
9695,9697
9696,9697
9697,9701
9697,9704
9697,9707
9701,9704
9701,9707
9704,9707
9704,9708
9704,9720
9707,9708
9707,9720
9707,9733
9708,9720
9708,9733
9708,9740
9720,9733
9720,9740
9720,9760
9733,9740
9733,9760
9740,9760
9740,9771
9760,9771
9760,9773
9760,9774
9771,9773
9771,9774
9771,9775
9773,9774
9774,9775
9774,9777
9775,9777
9775,9780
9777,9780
9777,9781
9780,9781
9781,9783
9783,9786
9783,9787
9783,9790
9783,9793
9786,9787
9786,9790
9786,9793
9786,9805
9787,9790
9790,9793
9793,9805
9805,9807
9807,9810
9807,9811
9807,9821
9807,9825
9810,9811
9810,9821
9811,9821
9811,9825
9811,9826
9821,9825
9825,9826
9826,9827
9826,9837
9826,9838
9826,9839
9826,9840
9826,9842
9827,9837
9827,9838
9827,9839
9827,9840
9827,9842
9827,9850
9837,9838
9837,9839
9837,9840
9837,9842
9837,9850
9837,9853
9838,9839
9839,9840
9839,9842
9839,9850
9840,9842
9840,9850
9842,9850
9850,9853
9850,9855
9850,9858
9853,9855
9853,9858
9853,9861
9855,9858
9855,9861
9855,9877
9858,9861
9861,9877
9861,9878
9877,9878
9878,9884
9878,9885
9878,9887
9884,9885
9885,9887
9885,9892
9885,9897
9885,9904
9887,9892
9887,9897
9892,9897
9897,9904
9897,9907
9897,9920
9897,9922
9897,9924
9897,9927
9897,9930
9904,9907
9907,9920
9920,9922
9920,9924
9920,9927
9922,9924
9924,9927
9927,9930
9930,9937
9937,9938
9938,9945
9945,9951
9945,9964
9951,9964
9951,9968
9964,9968
9968,9976
9968,9978
9968,9982
9968,9991
9976,9978
9976,9982
9978,9982
9982,9991
9982,10002
9982,10005
9982,10007
9991,10002
10002,10005
10002,10007
10002,10011
10005,10007
10005,10011
10005,10014
10005,10016
10005,10036
10007,10011
10011,10014
10011,10016
10014,10016
10016,10036
10036,10039
10036,10040
10036,10056
10036,10058
10036,10063
10039,10040
10039,10056
10040,10056
10056,10058
10056,10063
10058,10063
10058,10067
10058,10070
10063,10067
10063,10070
10063,10072
10063,10082
10067,10070
10070,10072
10072,10082
10072,10084
10072,10103
10072,10104
10082,10084
10082,10103
10082,10104
10082,10108
10082,10110
10084,10103
10084,10104
10084,10108
10084,10110
10084,10111
10103,10104
10104,10108
10108,10110
10108,10111
10108,10112
10110,10111
10110,10112
10110,10113
10111,10112
10111,10113
10111,10117
10112,10113
10112,10117
10113,10117
10117,10122
10117,10128
10117,10131
10117,10135
10122,10128
10122,10131
10122,10135
10122,10138
10128,10131
10131,10135
10135,10138
10138,10139
10138,10148
10138,10151
10138,10152
10139,10148
10148,10151
10151,10152
10151,10153
10151,10156
10151,10162
10152,10153
10152,10156
10153,10156
10156,10162
10156,10168
10156,10169
10156,10170
10162,10168
10162,10169
10162,10170
10168,10169
10168,10170
10169,10170
10170,10182
10182,10186
10182,10188
10182,10189
10182,10193
10182,10194
10186,10188
10188,10189
10188,10193
10189,10193
10193,10194
10194,10204
10204,10205
10204,10210
10204,10223
10204,10233
10205,10210
10205,10223
10210,10223
10210,10233
10223,10233
10223,10246
10233,10246
10233,10247
10233,10259
10233,10261
10233,10273
10246,10247
10247,10259
10247,10261
10259,10261
10261,10273
10273,10274
10273,10293
10274,10293
10274,10300
10274,10304
10293,10300
10300,10304
10304,10307
10304,10311
10307,10311
10307,10315
10311,10315
10311,10316
10315,10316
10316,10320
10316,10331
10316,10333
10320,10331
10331,10333
10333,10351
10351,10352
10352,10354
10352,10365
10352,10380
10354,10365
10354,10380
10365,10380
10380,10386
10380,10388
10380,10392
10386,10388
10388,10392
10388,10394
10392,10394
10392,10397
10394,10397
10394,10398
10394,10416
10394,10417
10394,10422
10397,10398
10397,10416
10397,10417
10397,10422
10397,10426
10397,10428
10398,10416
10416,10417
10416,10422
10416,10426
10416,10428
10416,10432
10417,10422
10422,10426
10422,10428
10422,10432
10422,10439
10426,10428
10426,10432
10426,10439
10428,10432
10432,10439
10432,10441
10432,10443
10432,10444
10432,10448
10432,10451
10439,10441
10439,10443
10439,10444
10439,10448
10441,10443
10443,10444
10444,10448
10444,10451
10444,10453
10444,10454
10444,10459
10448,10451
10451,10453
10451,10454
10451,10459
10453,10454
10454,10459
10454,10461
10459,10461
10459,10462
10461,10462
10461,10467
10461,10469
10462,10467
10467,10469
10469,10470
10469,10471
10469,10478
10470,10471
10471,10478
10471,10480
10478,10480
10478,10483
10480,10483
10480,10496
10483,10496
10483,10497
10496,10497
10496,10505
10496,10509
10496,10513
10497,10505
10505,10509
10509,10513
10513,10516
10513,10519
10516,10519
10516,10527
10516,10532
10516,10537
10516,10539
10519,10527
10519,10532
10519,10537
10519,10539
10519,10542
10519,10543
10527,10532
10527,10537
10527,10539
10527,10542
10532,10537
10532,10539
10537,10539
10537,10542
10539,10542
10539,10543
10539,10553
10539,10554
10542,10543
10542,10553
10542,10554
10543,10553
10543,10554
10553,10554
10553,10557
10553,10565
10554,10557
10557,10565
10565,10570
10570,10573
10573,10575
10573,10586
10575,10586
10575,10591
10586,10591
10586,10593
10591,10593
10593,10608
10593,10609
10593,10611
10608,10609
10609,10611
10611,10616
10611,10619
10611,10625
10616,10619
10616,10625
10619,10625
10619,10634
10625,10634
10634,10637
10637,10639
10639,10650
10650,10657
10650,10661
10650,10666
10650,10676
10650,10678
10650,10681
10657,10661
10661,10666
10666,10676
10676,10678
10678,10681
10681,10684
10684,10691
10691,10694
10691,10699
10694,10699
10694,10703
10694,10707
10699,10703
10699,10707
10699,10708
10699,10710
10703,10707
10703,10708
10707,10708
10708,10710
10710,10712
10710,10716
10712,10716
10712,10720
10712,10725
10716,10720
10716,10725
10716,10730
10720,10725
10725,10730
10730,10731
10731,10733
10731,10736
10733,10736
10736,10746
10746,10751
10746,10757
10751,10757
10751,10762
10751,10770
10751,10772
10757,10762
10757,10770
10762,10770
10770,10772
10772,10777
10772,10785
10777,10785
10785,10788
10788,10793
10793,10794
10793,10799
10793,10803
10793,10805
10794,10799
10799,10803
10799,10805
10799,10812
10803,10805
10805,10812
10812,10813
10812,10816
10813,10816
10813,10818
10813,10820
10816,10818
10816,10820
10818,10820
10818,10832
10820,10832
10832,10835
10832,10848
10832,10854
10832,10860
10835,10848
10835,10854
10835,10860
10835,10863
10848,10854
10848,10860
10848,10863
10854,10860
10854,10863
10854,10865
10860,10863
10860,10865
10860,10867
10860,10873
10863,10865
10863,10867
10863,10873
10865,10867
10865,10873
10865,10877
10867,10873
10873,10877
10873,10878
10877,10878
10877,10899
10878,10899
10899,10905
10899,10906
10905,10906
10906,10926
10926,10942
10942,10953
10953,10956
10956,10961
10961,10963
10963,10981
10963,10985
10963,10998
10981,10985
10985,10998
10998,10999
10998,11000
10999,11000
11000,11023
11023,11025
11023,11029
11023,11032
11023,11049
11023,11054
11025,11029
11025,11032
11025,11049
11025,11054
11025,11059
11025,11063
11025,11067
11025,11069
11025,11072
11025,11075
11029,11032
11029,11049
11029,11054
11029,11059
11032,11049
11032,11054
11032,11059
11032,11063
11049,11054
11054,11059
11054,11063
11059,11063
11059,11067
11063,11067
11067,11069
11069,11072
11069,11075
11069,11078
11069,11079
11072,11075
11075,11078
11078,11079
11078,11084
11079,11084
11079,11085
11084,11085
11084,11087
11084,11100
11084,11102
11085,11087
11087,11100
11087,11102
11100,11102
11102,11117
11117,11118
11117,11119
11118,11119
11118,11121
11118,11122
11119,11121
11121,11122
11122,11137
11137,11140
11140,11147
11147,11162
11162,11166
11162,11168
11162,11180
11166,11168
11168,11180
11168,11181
11180,11181
11181,11187
11181,11188
11181,11194
11181,11204
11187,11188
11187,11194
11188,11194
11188,11204
11194,11204
11194,11209
11194,11212
11194,11215
11204,11209
11204,11212
11209,11212
11212,11215
11215,11217
11217,11220
11217,11221
11217,11223
11220,11221
11221,11223
11221,11224
11223,11224
11224,11231
11231,11234
11234,11235
11234,11238
11235,11238
11238,11243
11238,11244
11238,11249
11238,11250
11243,11244
11244,11249
11249,11250
11250,11261
11261,11263
11261,11265
11261,11271
11261,11278
11261,11279
11263,11265
11263,11271
11263,11278
11263,11279
11265,11271
11265,11278
11271,11278
11278,11279
11278,11291
11279,11291
11291,11292
11291,11293
11291,11294
11292,11293
11293,11294
11293,11297
11293,11298
11294,11297
11297,11298
11298,11303
11298,11309
11298,11313
11298,11315
11303,11309
11309,11313
11309,11315
11313,11315
11315,11317
11315,11319
11315,11326
11317,11319
11317,11326
11317,11327
11317,11328
11317,11329
11319,11326
11319,11327
11319,11328
11319,11329
11326,11327
11327,11328
11328,11329
11328,11331
11329,11331
11329,11333
11331,11333
11333,11339
11333,11342
11333,11344
11339,11342
11339,11344
11339,11353
11339,11356
11342,11344
11342,11353
11342,11356
11342,11363
11342,11370
11344,11353
11344,11356
11344,11363
11344,11370
11344,11372
11353,11356
11356,11363
11356,11370
11363,11370
11363,11372
11370,11372
11370,11373
11370,11374
11370,11377
11370,11378
11372,11373
11373,11374
11373,11377
11373,11378
11373,11381
11374,11377
11374,11378
11374,11381
11377,11378
11378,11381
11381,11383
11383,11384
11384,11388
11384,11397
11388,11397
11397,11403
11397,11405
11403,11405
11403,11409
11403,11410
11403,11413
11405,11409
11405,11410
11409,11410
11410,11413
11413,11415
11415,11418
11415,11422
11415,11427
11415,11428
11418,11422
11418,11427
11422,11427
11422,11428
11422,11430
11427,11428
11428,11430
11428,11432
11428,11439
11428,11444
11430,11432
11430,11439
11430,11444
11430,11452
11430,11461
11430,11462
11432,11439
11439,11444
11444,11452
11444,11461
11444,11462
11444,11464
11452,11461
11461,11462
11461,11464
11461,11468
11462,11464
11462,11468
11464,11468
11468,11473
11468,11479
11468,11484
11473,11479
11473,11484
11479,11484
11484,11488
11484,11490
11484,11493
11488,11490
11488,11493
11490,11493
11490,11507
11493,11507
11507,11517
11517,11519
11517,11523
11519,11523
11519,11535
11519,11541
11523,11535
11523,11541
11523,11543
11523,11548
11535,11541
11535,11543
11541,11543
11543,11548
11548,11559
11548,11573
11559,11573
11559,11579
11559,11581
11573,11579
11573,11581
11573,11591
11579,11581
11581,11591
11581,11599
11581,11603
11581,11604
11581,11606
11591,11599
11599,11603
11599,11604
11599,11606
11599,11607
11599,11612
11599,11616
11599,11619
11603,11604
11603,11606
11603,11607
11604,11606
11606,11607
11607,11612
11612,11616
11612,11619
11616,11619
11616,11623
11619,11623
11623,11624
11624,11626
11626,11629
11626,11630
11629,11630
11629,11633
11629,11634
11630,11633
11630,11634
11630,11635
11630,11640
11633,11634
11634,11635
11634,11640
11634,11647
11635,11640
11640,11647
11647,11651
11651,11657
11657,11658
11658,11660
11658,11662
11658,11672
11660,11662
11660,11672
11660,11677
11660,11680
11660,11686
11662,11672
11672,11677
11672,11680
11677,11680
11680,11686
11680,11698
11680,11700
11686,11698
11698,11700
11698,11704
11698,11705
11700,11704
11700,11705
11700,11706
11704,11705
11704,11706
11704,11707
11705,11706
11705,11707
11706,11707
11707,11712
11712,11715
11715,11732
11715,11736
11715,11753
11732,11736
11736,11753
11753,11755
11755,11757
11757,11761
11761,11762
11761,11763
11762,11763
11763,11769
11763,11770
11763,11776
11763,11778
11769,11770
11769,11776
11770,11776
11770,11778
11770,11784
11770,11789
11770,11790
11776,11778
11776,11784
11778,11784
11778,11789
11784,11789
11784,11790
11789,11790
11789,11791
11789,11794
11790,11791
11790,11794
11791,11794
11794,11799
11794,11807
11794,11811
11794,11813
11799,11807
11807,11811
11811,11813
11813,11814
11814,11816
11816,11817
11816,11821
11816,11822
11817,11821
11817,11822
11821,11822
11822,11824
11822,11826
11822,11828
11824,11826
11826,11828
11828,11833
11828,11835
11833,11835
11833,11837
11833,11840
11835,11837
11835,11840
11837,11840
11840,11861
11861,11868
11861,11876
11868,11876
11868,11885
11868,11889
11868,11895
11876,11885
11876,11889
11885,11889
11889,11895
11895,11900
11900,11902
11900,11908
11902,11908
11908,11912
11908,11915
11912,11915
11915,11916
11915,11920
11915,11924
11916,11920
11920,11924
11920,11926
11924,11926
11926,11930
11930,11943
11943,11945
11943,11948
11943,11949
11943,11951
11943,11954
11945,11948
11945,11949
11948,11949
11948,11951
11949,11951
11949,11954
11949,11955
11949,11965
11949,11968
11951,11954
11954,11955
11954,11965
11954,11968
11954,11970
11954,11973
11954,11992
11955,11965
11955,11968
11965,11968
11968,11970
11968,11973
11968,11992
11970,11973
11973,11992
11992,12001
12001,12005
12005,12009
12005,12010
12005,12013
12009,12010
12009,12013
12009,12019
12010,12013
12013,12019
12013,12034
12013,12037
12013,12043
12013,12044
12019,12034
12034,12037
12034,12043
12034,12044
12037,12043
12043,12044
12044,12052
12044,12057
12044,12072
12044,12077
12044,12078
12052,12057
12057,12072
12072,12077
12072,12078
12077,12078
12077,12079
12078,12079
12078,12088
12078,12089
12079,12088
12088,12089
12088,12090
12089,12090
12089,12091
12090,12091
12091,12092
12092,12096
12096,12100
12100,12102
12102,12105
12105,12113
12113,12116
12116,12117
12116,12128
12116,12132
12116,12133
12117,12128
12117,12132
12128,12132
12132,12133
12133,12140
12140,12141
12140,12142
12140,12145
12140,12147
12141,12142
12142,12145
12145,12147
12147,12148
12148,12149
12149,12151
12149,12154
12151,12154
12154,12155
12154,12160
12154,12173
12154,12174
12155,12160
12155,12173
12160,12173
12160,12174
12173,12174
12174,12178
12178,12189
12189,12192
12189,12194
12189,12197
12192,12194
12192,12197
12194,12197
12194,12198
12194,12200
12197,12198
12198,12200
12198,12202
12198,12206
12200,12202
12200,12206
12202,12206
12202,12210
12202,12216
12206,12210
12210,12216
12210,12219
12210,12222
12210,12225
12210,12226
12210,12255
12210,12256
12216,12219
12216,12222
12219,12222
12219,12225
12219,12226
12219,12255
12219,12256
12222,12225
12225,12226
12225,12255
12225,12256
12226,12255
12255,12256
12255,12261
12255,12269
12256,12261
12261,12269
12269,12279
12279,12280
12280,12285
12285,12288
12285,12302
12285,12311
12285,12313
12288,12302
12302,12311
12302,12313
12302,12314
12302,12316
12302,12319
12302,12324
12302,12333
12311,12313
12313,12314
12314,12316
12314,12319
12316,12319
12319,12324
12324,12333
12333,12339
12339,12341
12339,12342
12341,12342
12342,12348
12348,12350
12350,12352
12352,12353
12352,12355
12353,12355
12355,12366
12355,12369
12355,12374
12366,12369
12366,12374
12369,12374
12374,12377
12377,12378
12378,12380
12378,12381
12378,12389
12378,12398
12380,12381
12381,12389
12381,12398
12381,12410
12389,12398
12398,12410
12410,12412
12412,12417
12412,12420
12417,12420
12420,12427
12420,12430
12420,12432
12427,12430
12427,12432
12427,12433
12427,12437
12430,12432
12430,12433
12430,12437
12432,12433
12432,12437
12432,12451
12432,12452
12432,12465
12432,12468
12433,12437
12437,12451
12437,12452
12437,12465
12451,12452
12452,12465
12452,12468
12465,12468
12465,12471
12465,12480
12465,12483
12465,12488
12465,12489
12465,12490
12468,12471
12468,12480
12468,12483
12471,12480
12480,12483
12483,12488
12488,12489
12488,12490
12488,12491
12488,12493
12488,12503
12489,12490
12489,12491
12489,12493
12490,12491
12490,12493
12491,12493
12491,12503
12493,12503
12503,12513
12513,12514
12513,12515
12513,12532
12513,12535
12514,12515
12514,12532
12515,12532
12532,12535
12532,12549
12535,12549
12535,12555
12549,12555
12549,12558
12555,12558
12558,12559
12559,12563
12559,12573
12559,12575
12559,12581
12563,12573
12563,12575
12563,12581
12563,12589
12563,12592
12573,12575
12573,12581
12573,12589
12573,12592
12575,12581
12575,12589
12575,12592
12581,12589
12589,12592
12592,12598
12592,12615
12598,12615
12598,12616
12598,12617
12598,12626
12598,12631
12615,12616
12616,12617
12617,12626
12626,12631
12626,12639
12631,12639
12639,12641
12641,12646
12641,12649
12641,12654
12646,12649
12649,12654
12649,12664
12649,12666
12649,12671
12649,12672
12654,12664
12664,12666
12666,12671
12666,12672
12666,12680
12671,12672
12671,12680
12671,12687
12671,12688
12672,12680
12672,12687
12672,12688
12672,12690
12680,12687
12680,12688
12687,12688
12688,12690
12688,12693
12688,12694
12688,12695
12690,12693
12693,12694
12694,12695
12695,12696
12695,12699
12695,12710
12695,12711
12695,12717
12696,12699
12696,12710
12699,12710
12710,12711
12711,12717
12711,12718
12717,12718
12718,12721
12721,12726
12726,12727
12727,12734
12727,12736
12734,12736
12736,12737
12737,12742
12737,12761
12737,12766
12737,12775
12742,12761
12761,12766
12761,12775
12761,12778
12761,12780
12761,12787
12766,12775
12775,12778
12778,12780
12778,12787
12778,12790
12780,12787
12787,12790
12790,12795
12790,12797
12795,12797
12795,12805
12795,12807
12795,12808
12795,12809
12795,12811
12797,12805
12797,12807
12797,12808
12805,12807
12805,12808
12807,12808
12808,12809
12808,12811
12808,12832
12808,12835
12808,12837
12808,12840
12809,12811
12809,12832
12809,12835
12809,12837
12811,12832
12832,12835
12835,12837
12837,12840
12840,12848
12840,12867
12840,12870
12848,12867
12848,12870
12848,12872
12867,12870
12870,12872
12870,12873
12872,12873
12873,12876
12876,12877
12876,12878
12877,12878
12877,12880
12877,12882
12877,12885
12878,12880
12878,12882
12878,12885
12878,12886
12878,12892
12878,12893
12878,12915
12880,12882
12880,12885
12880,12886
12882,12885
12885,12886
12885,12892
12885,12893
12885,12915
12885,12916
12886,12892
12886,12893
12892,12893
12892,12915
12893,12915
12893,12916
12893,12917
12893,12923
12915,12916
12915,12917
12915,12923
12916,12917
12917,12923
12923,12925
12923,12930
12923,12933
12923,12935
12925,12930
12925,12933
12925,12935
12930,12933
12930,12935
12933,12935
12933,12943
12933,12955
12935,12943
12943,12955
12943,12961
12955,12961
12961,12967
12967,12973
12967,12974
12973,12974
12973,12975
12973,12981
12974,12975
12975,12981
12975,12983
12981,12983
12981,12986
12981,12988
12983,12986
12986,12988
12988,12994
12994,13001
12994,13008
13001,13008
13001,13013
13001,13014
13008,13013
13013,13014
13013,13016
13014,13016
13014,13017
13016,13017
13017,13018
13017,13022
13018,13022
13022,13027
13027,13030
13030,13033
13030,13034
13033,13034
13033,13038
13034,13038
13034,13039
13034,13040
13038,13039
13039,13040
13040,13041
13040,13044
13040,13051
13040,13056
13041,13044
13041,13051
13041,13056
13041,13061
13044,13051
13051,13056
13056,13061
13061,13063
13063,13064
13064,13079
13079,13092
13079,13112
13079,13124
13079,13137
13079,13144
13092,13112
13092,13124
13112,13124
13124,13137
13124,13144
13137,13144
13144,13151
13144,13155
13144,13156
13144,13160
13151,13155
13155,13156
13156,13160
13160,13166
13166,13167
13167,13168
13168,13169
13168,13176
13169,13176
13176,13184
13176,13186
13176,13187
13176,13190
13184,13186
13186,13187
13187,13190
13187,13194
13187,13197
13190,13194
13190,13197
13190,13200
13190,13204
13194,13197
13194,13200
13194,13204
13194,13208
13197,13200
13197,13204
13197,13208
13197,13211
13200,13204
13200,13208
13204,13208
13208,13211
13211,13216
13216,13220
13216,13227
13220,13227
13227,13235
13227,13266
13227,13270
13235,13266
13235,13270
13266,13270
13270,13273
13273,13280
13280,13282
13282,13287
13282,13290
13282,13297
13282,13301
13287,13290
13287,13297
13287,13301
13290,13297
13290,13301
13297,13301
13297,13310
13297,13313
13297,13315
13301,13310
13310,13313
13310,13315
13310,13320
13310,13323
13310,13325
13310,13328
13310,13333
13313,13315
13315,13320
13320,13323
13323,13325
13323,13328
13325,13328
13325,13333
13328,13333
13333,13338
13333,13346
13333,13347
13338,13346
13338,13347
13338,13348
13338,13358
13338,13361
13338,13362
13346,13347
13347,13348
13348,13358
13348,13361
13348,13362
13348,13365
13348,13371
13348,13377
13358,13361
13358,13362
13358,13365
13358,13371
13361,13362
13361,13365
13361,13371
13361,13377
13362,13365
13362,13371
13365,13371
13365,13377
13365,13378
13365,13381
13365,13382
13371,13377
13371,13378
13377,13378
13377,13381
13378,13381
13378,13382
13378,13383
13381,13382
13382,13383
13382,13385
13382,13388
13383,13385
13383,13388
13383,13396
13385,13388
13388,13396
13388,13399
13396,13399
13399,13402
13402,13412
13402,13426
13402,13434
13402,13439
13412,13426
13412,13434
13412,13439
13412,13441
13412,13443
13426,13434
13434,13439
13434,13441
13434,13443
13434,13445
13434,13448
13439,13441
13441,13443
13441,13445
13441,13448
13443,13445
13443,13448
13445,13448
13448,13459
13459,13460
13460,13465
13460,13467
13465,13467
13465,13476
13465,13479
13467,13476
13467,13479
13467,13482
13467,13484
13467,13486
13467,13496
13476,13479
13479,13482
13479,13484
13479,13486
13479,13496
13482,13484
13482,13486
13482,13496
13482,13523
13484,13486
13486,13496
13486,13523
13486,13529
13486,13530
13486,13531
13496,13523
13496,13529
13496,13530
13496,13531
13523,13529
13523,13530
13529,13530
13529,13531
13529,13533
13530,13531
13530,13533
13530,13535
13530,13536
13531,13533
13533,13535
13535,13536
13535,13537
13535,13540
13535,13543
13536,13537
13537,13540
13537,13543
13540,13543
13540,13544
13540,13548
13540,13553
13540,13556
13543,13544
13544,13548
13548,13553
13548,13556
13548,13557
13553,13556
13556,13557
13556,13561
13556,13570
13556,13571
13557,13561
13561,13570
13570,13571
13571,13576
13571,13581
13571,13583
13571,13598
13576,13581
13581,13583
13581,13598
13581,13599
13583,13598
13583,13599
13583,13603
13598,13599
13599,13603
13599,13605
13603,13605
13605,13609
13605,13613
13605,13615
13605,13617
13609,13613
13613,13615
13613,13617
13613,13621
13613,13626
13615,13617
13615,13621
13615,13626
13615,13630
13617,13621
13617,13626
13621,13626
13621,13630
13626,13630
13626,13636
13630,13636
13630,13655
13636,13655
13655,13656
13656,13658
13658,13681
13681,13683
13683,13686
13686,13689
13689,13691
13691,13695
13691,13696
13691,13700
13691,13703
13695,13696
13695,13700
13695,13703
13695,13704
13696,13700
13700,13703
13700,13704
13700,13708
13703,13704
13703,13708
13703,13709
13704,13708
13704,13709
13704,13714
13704,13734
13704,13737
13704,13742
13708,13709
13708,13714
13708,13734
13709,13714
13709,13734
13709,13737
13714,13734
13734,13737
13737,13742
13742,13749
13749,13759
13749,13760
13759,13760
13759,13771
13759,13776
13760,13771
13771,13776
13776,13789
13789,13794
13794,13795
13795,13797
13795,13799
13797,13799
13797,13801
13799,13801
13799,13802
13799,13804
13799,13805
13799,13806
13799,13807
13799,13813
13801,13802
13802,13804
13802,13805
13802,13806
13802,13807
13804,13805
13804,13806
13805,13806
13805,13807
13806,13807
13807,13813
13807,13815
13807,13821
13807,13825
13807,13826
13813,13815
13813,13821
13813,13825
13813,13826
13813,13831
13813,13836
13813,13848
13815,13821
13821,13825
13821,13826
13821,13831
13821,13836
13825,13826
13825,13831
13826,13831
13831,13836
13836,13848
13836,13850
13836,13859
13848,13850
13848,13859
13850,13859
13859,13863
13859,13871
13859,13877
13863,13871
13863,13877
13863,13884
13871,13877
13871,13884
13871,13887
13877,13884
13884,13887
13887,13888
13887,13893
13887,13894
13887,13896
13888,13893
13888,13894
13893,13894
13894,13896
13894,13898
13894,13903
13894,13907
13896,13898
13896,13903
13896,13907
13898,13903
13903,13907
13907,13910
13907,13913
13910,13913
13913,13914
13914,13916
13916,13928
13916,13929
13916,13933
13916,13942
13928,13929
13929,13933
13933,13942
13933,13944
13933,13949
13933,13958
13942,13944
13944,13949
13949,13958
13958,13964
13964,13974
13964,13982
13964,13986
13964,13991
13974,13982
13982,13986
13982,13991
13982,13994
13986,13991
13991,13994
13991,13995
13991,14007
13991,14008
13994,13995
13994,14007
13995,14007
14007,14008
14008,14010
14010,14011
14011,14015
14015,14019
14019,14023
14019,14028
14023,14028
14023,14035
14023,14036
14028,14035
14035,14036
14036,14048
14048,14051
14051,14059
14059,14060
14060,14061
14060,14070
14060,14074
14061,14070
14061,14074
14070,14074
14074,14077
14077,14079
14079,14088
14079,14089
14088,14089
14088,14094
14088,14098
14088,14099
14088,14105
14089,14094
14094,14098
14094,14099
14098,14099
14098,14105
14099,14105
14099,14108
14105,14108
14108,14117
14117,14125
14125,14138
14125,14142
14138,14142
14138,14145
14138,14147
14142,14145
14142,14147
14142,14154
14142,14159
14142,14161
14145,14147
14147,14154
14147,14159
14154,14159
14159,14161
14159,14163
14159,14166
14161,14163
14163,14166
14163,14169
14166,14169
14166,14170
14166,14181
14169,14170
14169,14181
14169,14182
14170,14181
14181,14182
14182,14190
14182,14192
14182,14195
14182,14198
14190,14192
14190,14195
14190,14198
14190,14202
14192,14195
14192,14198
14195,14198
14198,14202
14202,14206
14206,14216
14206,14220
14206,14221
14206,14229
14216,14220
14220,14221
14220,14229
14221,14229
14229,14233
14229,14241
14229,14245
14233,14241
14241,14245
14241,14246
14245,14246
14245,14247
14246,14247
14246,14259
14247,14259
14259,14263
14259,14264
14259,14266
14263,14264
14264,14266
14266,14267
14267,14269
14269,14270
14270,14278
14278,14279
14279,14280
14280,14283
14283,14287
14283,14289
14287,14289
14289,14290
14289,14291
14290,14291
14291,14292
14292,14295
14295,14296
14296,14297
14296,14306
14296,14310
14296,14311
14297,14306
14297,14310
14297,14311
14297,14314
14297,14319
14297,14328
14306,14310
14306,14311
14310,14311
14310,14314
14310,14319
14311,14314
14314,14319
14314,14328
14314,14333
14319,14328
14319,14333
14319,14338
14319,14343
14319,14350
14328,14333
14328,14338
14328,14343
14333,14338
14338,14343
14343,14350
14343,14351
14343,14352
14343,14359
14350,14351
14351,14352
14351,14359
14352,14359
14359,14367
14359,14370
14359,14373
14367,14370
14370,14373
14370,14376
14370,14377
14370,14383
14373,14376
14373,14377
14376,14377
14376,14383
14377,14383
14377,14392
14377,14396
14377,14411
14383,14392
14383,14396
14392,14396
14392,14411
14396,14411
14411,14416
14416,14417
14417,14422
14417,14428
14422,14428
14428,14436
14436,14437
14436,14440
14436,14441
14436,14445
14436,14456
14437,14440
14437,14441
14440,14441
14440,14445
14440,14456
14441,14445
14441,14456
14445,14456
14456,14465
14465,14470
14470,14476
14476,14480
14480,14482
14480,14492
14482,14492
14492,14500
14500,14510
14510,14512
14510,14514
14512,14514
14512,14518
14512,14523
14514,14518
14518,14523
14518,14524
14523,14524
14524,14529
14529,14533
14533,14539
14539,14540
14539,14544
14539,14550
14539,14553
14539,14554
14539,14555
14540,14544
14544,14550
14550,14553
14553,14554
14553,14555
14553,14557
14554,14555
14555,14557
14557,14572
14557,14577
14572,14577
14572,14582
14572,14588
14572,14589
14577,14582
14582,14588
14588,14589
14589,14590
14589,14592
14589,14599
14590,14592
14592,14599
14592,14603
14599,14603
14599,14604
14599,14605
14599,14607
14603,14604
14603,14605
14603,14607
14603,14618
14603,14619
14604,14605
14604,14607
14604,14618
14604,14619
14604,14623
14605,14607
14605,14618
14605,14619
14605,14623
14607,14618
14607,14619
14618,14619
14618,14623
14618,14629
14618,14632
14619,14623
14619,14629
14623,14629
14629,14632
14632,14638
14632,14639
14632,14642
14632,14651
14632,14654
14632,14659
14638,14639
14639,14642
14639,14651
14642,14651
14642,14654
14642,14659
14642,14661
14642,14662
14651,14654
14654,14659
14659,14661
14661,14662
14662,14665
14665,14672
14665,14673
14665,14677
14672,14673
14673,14677
14673,14678
14673,14686
14673,14689
14673,14695
14677,14678
14678,14686
14678,14689
14686,14689
14686,14695
14689,14695
14695,14699
14699,14702
14702,14705
14705,14708
14708,14712
14712,14717
14712,14719
14712,14722
14717,14719
14719,14722
14719,14725
14722,14725
14722,14726
14722,14727
14722,14730
14725,14726
14726,14727
14726,14730
14726,14739
14727,14730
14727,14739
14727,14741
14727,14742
14730,14739
14730,14741
14739,14741
14739,14742
14739,14745
14739,14752
14739,14756
14741,14742
14742,14745
14745,14752
14752,14756
14752,14771
14752,14772
14752,14777
14756,14771
14756,14772
14771,14772
14771,14777
14772,14777
14772,14779
14772,14780
14772,14785
14772,14789
14777,14779
14779,14780
14780,14785
14785,14789
14789,14790
14789,14793
14789,14812
14790,14793
14790,14812
14790,14816
14793,14812
14812,14816
14812,14821
14816,14821
14821,14823
14823,14830
14830,14833
14830,14835
14833,14835
14833,14836
14835,14836
14836,14837
14836,14840
14837,14840
14840,14843
14843,14844
14843,14847
14843,14852
14844,14847
14847,14852
14852,14865
14865,14866
14865,14867
14866,14867
14867,14871
14867,14891
14867,14897
14871,14891
14871,14897
14871,14898
14891,14897
14897,14898
14897,14900
14898,14900
14900,14902
14900,14904
14900,14906
14902,14904
14902,14906
14904,14906
14906,14908
14906,14920
14906,14921
14906,14926
14908,14920
14908,14921
14908,14926
14920,14921
14921,14926
14921,14936
14921,14939
14921,14951
14926,14936
14926,14939
14936,14939
14936,14951
14936,14961
14936,14967
14936,14969
14939,14951
14939,14961
14951,14961
14951,14967
14961,14967
14967,14969
14967,14970
14967,14980
14969,14970
14970,14980
14980,14984
14980,14991
14980,14993
14984,14991
14991,14993
14991,14996
14991,15000
14993,14996
14993,15000
14993,15011
14996,15000
14996,15011
14996,15016
14996,15019
14996,15020
15000,15011
15011,15016
15016,15019
15019,15020
15020,15025
15020,15028
15025,15028
15028,15048
15048,15059
15048,15061
15059,15061
15059,15062
15061,15062
15062,15064
15062,15071
15064,15071
15064,15079
15064,15083
15071,15079
15071,15083
15071,15087
15079,15083
15083,15087
15083,15089
15083,15104
15087,15089
15087,15104
15087,15108
15089,15104
15089,15108
15104,15108
15108,15115
15108,15116
15108,15117
15108,15121
15115,15116
15116,15117
15116,15121
15116,15122
15116,15127
15116,15134
15116,15135
15116,15136
15117,15121
15117,15122
15117,15127
15117,15134
15121,15122
15122,15127
15122,15134
15122,15135
15127,15134
15134,15135
15135,15136
15136,15137
15136,15140
15137,15140
15137,15142
15137,15158
15140,15142
15142,15158
15158,15160
15158,15171
15158,15173
15160,15171
15160,15173
15171,15173
15171,15174
15173,15174
15173,15180
15173,15182
15173,15184
15173,15185
15174,15180
15174,15182
15174,15184
15174,15185
15174,15223
15180,15182
15182,15184
15184,15185
15184,15223
15184,15227
15184,15236
15184,15238
15185,15223
15185,15227
15185,15236
15185,15238
15185,15243
15185,15248
15223,15227
15227,15236
15227,15238
15227,15243
15236,15238
15238,15243
15243,15248
15248,15263
15248,15267
15248,15270
15263,15267
15267,15270
15267,15278
15270,15278
15278,15279
15279,15283
15283,15296
15283,15306
15283,15311
15283,15313
15283,15316
15296,15306
15296,15311
15296,15313
15306,15311
15306,15313
15311,15313
15313,15316
15313,15338
15313,15340
15313,15347
15313,15352
15313,15355
15316,15338
15338,15340
15340,15347
15347,15352
15352,15355
15355,15356
15355,15357
15356,15357
15357,15369
15357,15381
15357,15388
15357,15395
15369,15381
15381,15388
15381,15395
15388,15395
15395,15419
15419,15420
15419,15423
15420,15423
15420,15429
15423,15429
15423,15435
15423,15437
15429,15435
15435,15437
15437,15440
15437,15441
15437,15444
15440,15441
15441,15444
15444,15452
15444,15456
15444,15471
15444,15472
15452,15456
15456,15471
15471,15472
15472,15481
15481,15485
15485,15486
15486,15498
15498,15502
15502,15505
15502,15507
15505,15507
15505,15515
15505,15546
15505,15547
15505,15552
15507,15515
15507,15546
15507,15547
15515,15546
15546,15547
15546,15552
15547,15552
15547,15561
15547,15565
15552,15561
15552,15565
15552,15567
15552,15569
15552,15571
15561,15565
15561,15567
15561,15569
15561,15571
15565,15567
15565,15569
15565,15571
15565,15580
15567,15569
15569,15571
15571,15580
15571,15585
15571,15586
15580,15585
15585,15586
15585,15587
15586,15587
15586,15595
15586,15599
15587,15595
15587,15599
15587,15602
15587,15605
15587,15619
15587,15621
15595,15599
15599,15602
15602,15605
15605,15619
15605,15621
15605,15624
15605,15625
15619,15621
15621,15624
15624,15625
15625,15631
15625,15635
15631,15635
15635,15640
15640,15649
15640,15656
15640,15660
15649,15656
15649,15660
15649,15663
15656,15660
15656,15663
15660,15663
15663,15669
15669,15705
15705,15706
15705,15715
15706,15715
15706,15723
15715,15723
15723,15727
15723,15732
15727,15732
15732,15734
15732,15741
15734,15741
15734,15744
15734,15751
15741,15744
15744,15751
15744,15757
15744,15763
15744,15766
15744,15767
15744,15774
15744,15775
15751,15757
15751,15763
15757,15763
15763,15766
15766,15767
15766,15774
15767,15774
15774,15775
15775,15776
15775,15793
15776,15793
15793,15798
15798,15819
15798,15820
15819,15820
15820,15821
15820,15823
15820,15825
15821,15823
15823,15825
15823,15837
15825,15837
15825,15839
15837,15839
15839,15844
15844,15851
15851,15874
15851,15876
15851,15883
15874,15876
15876,15883
15876,15884
15876,15887
15876,15888
15876,15892
15883,15884
15884,15887
15884,15888
15884,15892
15884,15895
15887,15888
15888,15892
15892,15895
15895,15901
15895,15903
15895,15905
15895,15910
15901,15903
15901,15905
15901,15910
15901,15916
15901,15922
15903,15905
15903,15910
15903,15916
15903,15922
15905,15910
15910,15916
15910,15922
15910,15923
15910,15925
15910,15945
15916,15922
15916,15923
15916,15925
15916,15945
15922,15923
15923,15925
15925,15945
15945,15949
15945,15956
15949,15956
15949,15962
15949,15964
15956,15962
15962,15964
15962,15967
15962,15968
15962,15971
15962,15974
15964,15967
15967,15968
15968,15971
15968,15974
15968,15975
15971,15974
15974,15975
15975,15980
15975,15982
15980,15982
15980,15986
15980,15988
15982,15986
15982,15988
15982,15989
15986,15988
15986,15989
15986,15993
15986,15995
15986,16002
15988,15989
15989,15993
15989,15995
15989,16002
15989,16003
15989,16011
15993,15995
15995,16002
15995,16003
15995,16011
15995,16019
15995,16028
16002,16003
16003,16011
16011,16019
16011,16028
16019,16028
16019,16029
16019,16030
16019,16032
16028,16029
16028,16030
16028,16032
16029,16030
16029,16032
16029,16035
16030,16032
16030,16035
16030,16039
16030,16043
16030,16055
16032,16035
16035,16039
16035,16043
16035,16055
16039,16043
16043,16055
16055,16056
16055,16057
16055,16065
16055,16067
16055,16071
16056,16057
16057,16065
16057,16067
16065,16067
16067,16071
16067,16072
16067,16074
16071,16072
16071,16074
16071,16084
16072,16074
16074,16084
16074,16091
16084,16091
16091,16095
16095,16096
16095,16097
16096,16097
16096,16098
16096,16105
16097,16098
16098,16105
16105,16106
16106,16110
16106,16115
16110,16115
16115,16121
16121,16123
16123,16129
16129,16130
16130,16141
16141,16145
16145,16159
16159,16160
16159,16164
16159,16174
16159,16176
16160,16164
16160,16174
16160,16176
16160,16187
16164,16174
16174,16176
16174,16187
16174,16188
16176,16187
16176,16188
16176,16194
16176,16201
16187,16188
16187,16194
16187,16201
16187,16209
16188,16194
16194,16201
16194,16209
16201,16209
16209,16212
16209,16215
16209,16231
16212,16215
16215,16231
16231,16234
16234,16236
16236,16237
16236,16241
16237,16241
16237,16245
16237,16247
16241,16245
16241,16247
16241,16248
16241,16251
16245,16247
16247,16248
16248,16251
16248,16253
16248,16254
16251,16253
16251,16254
16253,16254
16254,16263
16263,16265
16265,16267
16267,16269
16269,16270
16269,16273
16270,16273
16270,16279
16270,16290
16273,16279
16279,16290
16279,16293
16290,16293
16290,16296
16290,16299
16293,16296
16293,16299
16293,16303
16296,16299
16296,16303
16296,16308
16299,16303
16303,16308
16308,16315
16308,16321
16308,16322
16315,16321
16315,16322
16315,16323
16315,16328
16315,16332
16315,16351
16321,16322
16321,16323
16322,16323
16323,16328
16323,16332
16323,16351
16328,16332
16332,16351
16351,16361
16351,16363
16361,16363
16361,16364
16363,16364
16364,16365
16364,16375
16365,16375
16365,16378
16375,16378
16378,16380
16378,16386
16378,16388
16378,16403
16378,16406
16380,16386
16386,16388
16386,16403
16386,16406
16388,16403
16403,16406
16406,16411
16411,16413
16413,16414
16414,16416
16414,16421
16414,16427
16416,16421
16416,16427
16421,16427
16421,16428
16421,16438
16427,16428
16428,16438
16438,16453
16438,16459
16453,16459
16459,16476
16476,16479
16476,16483
16479,16483
16479,16497
16479,16501
16483,16497
16483,16501
16497,16501
16497,16505
16497,16509
16501,16505
16505,16509
16505,16513
16509,16513
16513,16515
16515,16516
16516,16521
16516,16532
16516,16533
16521,16532
16521,16533
16521,16538
16521,16543
16532,16533
16533,16538
16538,16543
16543,16547
16543,16552
16543,16556
16543,16557
16547,16552
16552,16556
16556,16557
16556,16567
16556,16578
16556,16583
16557,16567
16567,16578
16567,16583
16567,16585
16567,16594
16578,16583
16583,16585
16583,16594
16583,16603
16585,16594
16585,16603
16594,16603
16594,16607
16594,16610
16603,16607
16607,16610
16607,16611
16610,16611
16611,16618
16618,16619
16618,16624
16619,16624
16624,16626
16626,16629
16626,16630
16626,16631
16629,16630
16630,16631
16630,16632
16630,16643
16631,16632
16632,16643
16632,16647
16632,16649
16632,16650
16643,16647
16643,16649
16643,16650
16647,16649
16649,16650
16650,16661
16661,16673
16661,16681
16673,16681
16673,16684
16681,16684
16684,16691
16684,16696
16684,16697
16691,16696
16691,16697
16696,16697
16697,16716
16716,16717
16716,16720
16716,16721
16716,16725
16716,16729
16717,16720
16717,16721
16717,16725
16717,16729
16717,16735
16720,16721
16720,16725
16721,16725
16721,16729
16725,16729
16729,16735
16729,16740
16729,16741
16735,16740
16735,16741
16740,16741
16741,16744
16741,16745
16741,16750
16744,16745
16745,16750
16750,16754
16754,16761
16761,16764
16764,16765
16764,16767
16764,16768
16764,16775
16765,16767
16767,16768
16767,16775
16767,16776
16767,16778
16767,16783
16767,16787
16768,16775
16768,16776
16775,16776
16775,16778
16775,16783
16776,16778
16776,16783
16778,16783
16783,16787
16783,16788
16783,16794
16783,16801
16787,16788
16788,16794
16788,16801
16788,16813
16788,16828
16788,16829
16788,16835
16788,16836
16794,16801
16794,16813
16794,16828
16801,16813
16801,16828
16801,16829
16801,16835
16813,16828
16813,16829
16828,16829
16829,16835
16835,16836
16836,16844
16836,16846
16836,16847
16844,16846
16844,16847
16844,16857
16844,16858
16844,16859
16846,16847
16846,16857
16846,16858
16846,16859
16846,16866
16847,16857
16847,16858
16847,16859
16857,16858
16858,16859
16859,16866
16859,16870
16866,16870
16870,16873
16870,16878
16870,16885
16870,16896
16870,16903
16873,16878
16878,16885
16885,16896
16885,16903
16885,16905
16896,16903
16903,16905
16903,16907
16903,16909
16905,16907
16905,16909
16905,16911
16905,16913
16905,16923
16907,16909
16909,16911
16911,16913
16911,16923
16913,16923
16913,16934
16913,16935
16913,16936
16923,16934
16923,16935
16923,16936
16923,16945
16934,16935
16935,16936
16935,16945
16935,16948
16935,16950
16936,16945
16945,16948
16948,16950
16948,16957
16950,16957
16950,16959
16950,16966
16957,16959
16959,16966
16959,16969
16959,16983
16966,16969
16969,16983
16983,16986
16986,17008
16986,17015
17008,17015
17015,17023
17015,17028
17015,17032
17015,17034
17023,17028
17028,17032
17028,17034
17028,17037
17028,17041
17032,17034
17032,17037
17034,17037
17034,17041
17037,17041
17037,17044
17037,17046
17041,17044
17041,17046
17041,17047
17044,17046
17046,17047
17047,17057
17047,17060
17047,17073
17047,17078
17057,17060
17057,17073
17060,17073
17073,17078
17078,17080
17078,17089
17078,17104
17078,17111
17080,17089
17089,17104
17104,17111
17104,17112
17104,17113
17104,17114
17111,17112
17112,17113
17113,17114
17113,17117
17114,17117
17117,17122
17122,17151
17122,17154
17122,17160
17122,17163
17151,17154
17154,17160
17160,17163
17163,17176
17176,17180
17176,17187
17176,17191
17176,17192
17180,17187
17180,17191
17187,17191
17191,17192
17192,17199
17199,17206
17199,17214
17206,17214
17214,17216
17214,17220
17214,17225
17216,17220
17216,17225
17216,17226
17220,17225
17220,17226
17220,17228
17220,17234
17220,17237
17220,17243
17220,17254
17225,17226
17225,17228
17225,17234
17225,17237
17226,17228
17228,17234
17228,17237
17228,17243
17228,17254
17234,17237
17237,17243
17237,17254
17243,17254
17254,17256
17256,17264
17264,17266
17264,17269
17264,17275
17266,17269
17269,17275
17275,17281
17275,17293
17275,17298
17275,17303
17275,17313
17281,17293
17281,17298
17281,17303
17293,17298
17293,17303
17293,17313
17293,17318
17298,17303
17298,17313
17298,17318
17303,17313
17303,17318
17303,17325
17303,17326
17303,17330
17313,17318
17313,17325
17313,17326
17313,17330
17318,17325
17325,17326
17325,17330
17325,17332
17325,17336
17326,17330
17326,17332
17326,17336
17326,17348
17326,17358
17326,17364
17326,17373
17326,17376
17330,17332
17330,17336
17330,17348
17332,17336
17336,17348
17348,17358
17348,17364
17348,17373
17348,17376
17348,17377
17348,17383
17358,17364
17358,17373
17358,17376
17358,17377
17364,17373
17364,17376
17364,17377
17364,17383
17373,17376
17376,17377
17377,17383
17377,17385
17383,17385
17383,17399
17383,17401
17383,17402
17385,17399
17399,17401
17399,17402
17399,17403
17401,17402
17402,17403
17403,17410
17410,17413
17410,17418
17410,17423
17410,17430
17413,17418
17413,17423
17413,17430
17413,17432
17418,17423
17418,17430
17418,17432
17423,17430
17423,17432
17423,17433
17430,17432
17430,17433
17430,17438
17432,17433
17433,17438
17438,17444
17438,17451
17438,17452
17438,17454
17438,17460
17444,17451
17444,17452
17444,17454
17451,17452
17452,17454
17454,17460
17454,17476
17454,17477
17460,17476
17476,17477
17477,17480
17477,17484
17480,17484
17484,17495
17484,17505
17484,17510
17495,17505
17495,17510
17505,17510
17510,17514
17510,17516
17510,17519
17514,17516
17516,17519
17519,17533
17533,17542
17542,17543
17542,17551
17542,17553
17542,17554
17543,17551
17551,17553
17553,17554
17553,17556
17553,17580
17554,17556
17554,17580
17554,17582
17554,17589
17554,17595
17556,17580
17556,17582
17556,17589
17556,17595
17580,17582
17582,17589
17582,17595
17582,17598
17582,17601
17589,17595
17589,17598
17589,17601
17589,17603
17595,17598
17595,17601
17595,17603
17595,17606
17598,17601
17601,17603
17603,17606
17606,17607
17607,17612
17607,17621
17607,17623
17612,17621
17612,17623
17612,17627
17621,17623
17623,17627
17623,17632
17623,17637
17627,17632
17632,17637
17632,17646
17637,17646
17637,17651
17637,17652
17637,17653
17637,17661
17637,17664
17646,17651
17646,17652
17646,17653
17651,17652
17651,17653
17651,17661
17652,17653
17653,17661
17653,17664
17653,17670
17661,17664
17664,17670
17670,17675
17670,17678
17670,17684
17670,17685
17670,17686
17675,17678
17675,17684
17675,17685
17675,17686
17678,17684
17684,17685
17685,17686
17686,17688
17686,17708
17686,17714
17686,17727
17688,17708
17688,17714
17708,17714
17708,17727
17708,17731
17714,17727
17714,17731
17727,17731
17731,17737
17731,17747
17731,17761
17737,17747
17747,17761
17747,17763
17747,17769
17761,17763
17761,17769
17761,17773
17761,17775
17763,17769
17763,17773
17769,17773
17773,17775
17773,17778
17773,17779
17773,17782
17775,17778
17778,17779
17779,17782
17779,17786
17782,17786
17782,17789
17782,17790
17786,17789
17786,17790
17786,17792
17789,17790
17789,17792
17789,17796
17790,17792
17790,17796
17792,17796
17792,17798
17792,17799
17796,17798
17796,17799
17796,17801
17796,17803
17798,17799
17799,17801
17799,17803
17799,17804
17799,17818
17801,17803
17801,17804
17801,17818
17801,17832
17803,17804
17804,17818
17804,17832
17804,17848
17804,17850
17818,17832
17818,17848
17818,17850
17818,17851
17832,17848
17848,17850
17848,17851
17848,17866
17848,17870
17848,17875
17850,17851
17851,17866
17866,17870
17870,17875
17870,17882
17870,17885
17870,17887
17875,17882
17875,17885
17882,17885
17882,17887
17885,17887
17887,17889
17889,17892
17892,17905
17905,17906
17905,17925
17906,17925
17906,17929
17925,17929
17925,17932
17925,17933
17929,17932
17932,17933
17933,17937
17937,17939
17939,17943
17943,17944
17944,17949
17949,17955
17949,17957
17955,17957
17957,17961
17957,17965
17957,17968
17961,17965
17965,17968
17965,17971
17968,17971
17968,17972
17968,17974
17971,17972
17972,17974
17974,17976
17974,17977
17974,17980
17976,17977
17977,17980
17980,17982
17982,17990
17982,17993
17990,17993
17990,17996
17990,17999
17993,17996
17996,17999
17999,18002
17999,18013
17999,18026
18002,18013
18013,18026
18013,18029
18026,18029
18029,18030
18030,18031
18031,18040
18031,18041
18040,18041
18040,18042
18040,18046
18040,18047
18040,18051
18040,18058
18041,18042
18041,18046
18042,18046
18042,18047
18046,18047
18047,18051
18051,18058
18058,18059
18058,18063
18059,18063
18063,18065
18063,18076
18063,18082
18063,18086
18063,18098
18065,18076
18076,18082
18076,18086
18076,18098
18082,18086
18086,18098
18098,18100
18100,18106
18100,18108
18106,18108
18108,18112
18112,18118
18118,18121
18118,18122
18118,18129
18118,18134
18121,18122
18121,18129
18121,18134
18121,18139
18121,18148
18122,18129
18129,18134
18134,18139
18134,18148
18134,18152
18134,18153
18139,18148
18139,18152
18139,18153
18148,18152
18148,18153
18148,18155
18152,18153
18153,18155
18155,18159
18155,18165
18155,18171
18159,18165
18159,18171
18159,18172
18159,18177
18165,18171
18165,18172
18171,18172
18172,18177
18172,18178
18177,18178
18178,18180
18178,18187
18178,18188
18178,18193
18178,18199
18180,18187
18187,18188
18188,18193
18193,18199
18199,18213
18199,18214
18213,18214
18214,18216
18216,18218
18216,18224
18216,18226
18218,18224
18218,18226
18224,18226
18226,18228
18228,18229
18228,18231
18228,18248
18228,18249
18229,18231
18229,18248
18229,18249
18229,18252
18231,18248
18231,18249
18248,18249
18249,18252
18252,18260
18252,18263
18252,18265
18260,18263
18263,18265
18265,18275
18275,18307
18275,18312
18275,18323
18275,18328
18275,18329
18275,18331
18307,18312
18307,18323
18312,18323
18312,18328
18323,18328
18328,18329
18328,18331
18329,18331
18329,18334
18329,18338
18331,18334
18334,18338
18338,18341
18341,18343
18343,18345
18345,18360
18345,18364
18345,18366
18345,18383
18345,18386
18360,18364
18364,18366
18364,18383
18366,18383
18366,18386
18366,18388
18366,18395
18383,18386
18383,18388
18386,18388
18386,18395
18386,18397
18386,18401
18386,18404
18388,18395
18395,18397
18395,18401
18397,18401
18401,18404
18404,18420
18420,18423
18423,18424
18424,18430
18430,18435
18435,18436
18435,18439
18435,18447
18435,18452
18435,18462
18435,18465
18436,18439
18439,18447
18439,18452
18439,18462
18447,18452
18452,18462
18462,18465
18462,18482
18462,18484
18465,18482
18482,18484
18482,18488
18484,18488
18484,18492
18484,18493
18484,18497
18488,18492
18492,18493
18492,18497
18492,18502
18493,18497
18497,18502
18497,18503
18497,18506
18502,18503
18503,18506
18506,18507
18506,18508
18506,18513
18507,18508
18508,18513
18513,18516
18516,18518
18516,18525
18518,18525
18525,18533
18525,18537
18525,18543
18533,18537
18537,18543
18537,18546
18537,18550
18537,18559
18543,18546
18546,18550
18550,18559
18559,18560
18559,18570
18559,18571
18559,18577
18560,18570
18570,18571
18571,18577
18571,18588
18571,18595
18571,18605
18577,18588
18577,18595
18577,18605
18577,18607
18588,18595
18588,18605
18595,18605
18595,18607
18595,18608
18595,18609
18595,18610
18595,18612
18605,18607
18607,18608
18607,18609
18607,18610
18608,18609
18608,18610
18608,18612
18608,18618
18609,18610
18609,18612
18610,18612
18612,18618
18612,18621
18612,18623
18612,18624
18618,18621
18618,18623
18618,18624
18621,18623
18621,18624
18623,18624
18623,18629
18623,18631
18623,18637
18623,18641
18623,18646
18624,18629
18624,18631
18624,18637
18629,18631
18629,18637
18631,18637
18637,18641
18637,18646
18641,18646
18641,18653
18641,18660
18641,18665
18646,18653
18653,18660
18653,18665
18660,18665
18660,18675
18665,18675
18675,18680
18680,18681
18681,18696
18681,18697
18681,18703
18696,18697
18696,18703
18696,18710
18696,18716
18697,18703
18697,18710
18703,18710
18703,18716
18703,18723
18710,18716
18710,18723
18710,18725
18710,18727
18716,18723
18716,18725
18716,18727
18716,18730
18723,18725
18725,18727
18727,18730
18730,18734
18734,18742
18734,18743
18734,18746
18742,18743
18742,18746
18742,18754
18742,18759
18743,18746
18743,18754
18743,18759
18746,18754
18746,18759
18746,18766
18754,18759
18754,18766
18754,18777
18754,18799
18759,18766
18759,18777
18759,18799
18766,18777
18766,18799
18766,18802
18777,18799
18799,18802
18799,18805
18799,18807
18799,18810
18802,18805
18802,18807
18802,18810
18805,18807
18807,18810
18810,18815
18810,18817
18810,18818
18815,18817
18815,18818
18815,18829
18817,18818
18817,18829
18817,18830
18817,18839
18817,18842
18818,18829
18818,18830
18829,18830
18830,18839
18830,18842
18830,18843
18830,18848
18839,18842
18839,18843
18839,18848
18839,18852
18842,18843
18842,18848
18842,18852
18843,18848
18848,18852
18852,18861
18861,18869
18869,18883
18883,18885
18883,18889
18883,18894
18885,18889
18889,18894
18889,18896
18889,18899
18894,18896
18896,18899
18896,18903
18899,18903
18899,18904
18903,18904
18903,18906
18903,18914
18904,18906
18904,18914
18906,18914
18914,18915
18915,18918
18915,18923
18918,18923
18918,18925
18918,18939
18918,18940
18923,18925
18923,18939
18923,18940
18923,18942
18925,18939
18939,18940
18940,18942
18942,18943
18943,18945
18945,18946
18946,18950
18946,18951
18946,18978
18950,18951
18950,18978
18950,18980
18951,18978
18951,18980
18951,18983
18951,18986
18951,18994
18978,18980
18978,18983
18978,18986
18978,18994
18978,18998
18978,19007
18980,18983
18980,18986
18980,18994
18980,18998
18983,18986
18986,18994
18994,18998
18994,19007
18998,19007
19007,19015
19007,19020
19007,19024
19015,19020
19020,19024
19024,19030
19024,19037
19024,19041
19024,19043
19024,19047
19030,19037
19030,19041
19037,19041
19041,19043
19043,19047
19043,19051
19043,19052
19047,19051
19051,19052
19051,19053
19052,19053
19052,19060
19053,19060
19053,19066
19060,19066
19066,19067
19067,19075
19067,19085
19067,19087
19075,19085
19075,19087
19085,19087
19087,19088
19088,19091
19091,19093
19091,19094
19091,19099
19093,19094
19094,19099
19094,19100
19094,19104
19099,19100
19100,19104
19100,19109
19100,19116
19100,19121
19100,19133
19100,19135
19104,19109
19104,19116
19104,19121
19104,19133
19104,19135
19109,19116
19116,19121
19121,19133
19121,19135
19121,19136
19121,19140
19121,19147
19133,19135
19133,19136
19135,19136
19136,19140
19136,19147
19140,19147
19140,19150
19140,19152
19147,19150
19147,19152
19147,19159
19150,19152
19150,19159
19152,19159
19159,19164
19159,19176
19159,19178
19159,19187
19164,19176
19164,19178
19176,19178
19178,19187
19178,19189
19178,19191
19187,19189
19187,19191
19187,19194
19187,19196
19189,19191
19191,19194
19194,19196
19194,19204
19196,19204
19196,19209
19196,19216
19204,19209
19204,19216
19204,19234
19209,19216
19209,19234
19216,19234
19216,19235
19216,19243
19216,19248
19234,19235
19235,19243
19243,19248
19243,19252
19243,19253
19243,19254
19243,19260
19248,19252
19248,19253
19248,19254
19252,19253
19253,19254
19253,19260
19253,19265
19253,19273
19253,19279
19254,19260
19254,19265
19260,19265
19260,19273
19265,19273
19273,19279
19273,19282
19279,19282
19282,19288
19288,19294
19288,19298
19288,19312
19288,19321
19294,19298
19294,19312
19298,19312
19312,19321
19312,19336
19321,19336
19336,19340
19336,19344
19336,19348
19336,19355
19340,19344
19340,19348
19340,19355
19340,19362
19344,19348
19348,19355
19348,19362
19348,19370
19348,19372
19355,19362
19355,19370
19362,19370
19370,19372
19372,19376
19376,19377
19377,19378
19378,19382
19382,19383
19383,19385
19383,19390
19383,19392
19385,19390
19390,19392
19392,19408
19408,19420
19408,19423
19408,19430
19408,19431
19420,19423
19423,19430
19430,19431
19430,19434
19430,19436
19431,19434
19431,19436
19431,19440
19434,19436
19436,19440
19436,19441
19436,19445
19436,19448
19440,19441
19441,19445
19445,19448
19445,19450
19448,19450
19448,19451
19448,19453
19450,19451
19451,19453
19453,19455
19453,19467
19455,19467
19467,19468
19468,19470
19470,19472
19472,19476
19476,19478
19476,19484
19476,19487
19478,19484
19484,19487
19484,19493
19487,19493
19487,19496
19487,19499
19493,19496
19496,19499
19496,19502
19496,19504
19499,19502
19502,19504
19504,19516
19516,19518
19518,19520
19520,19521
19521,19526
19521,19545
19521,19548
19521,19551
19521,19553
19521,19559
19526,19545
19526,19548
19526,19551
19526,19553
19526,19559
19545,19548
19545,19551
19545,19553
19548,19551
19548,19553
19551,19553
19551,19559
19551,19560
19553,19559
19559,19560
19559,19565
19560,19565
19565,19575
19565,19579
19565,19581
19575,19579
19575,19581
19575,19584
19575,19588
19579,19581
19579,19584
19581,19584
19584,19588
19584,19591
19584,19592
19584,19603
19584,19606
19588,19591
19588,19592
19588,19603
19588,19606
19588,19613
19591,19592
19592,19603
19603,19606
19603,19613
19603,19616
19606,19613
19606,19616
19606,19629
19606,19632
19613,19616
19613,19629
19616,19629
19616,19632
19616,19638
19616,19641
19629,19632
19632,19638
19638,19641
19641,19645
19645,19647
19645,19648
19647,19648
19648,19650
19650,19661
19650,19663
19650,19665
19650,19666
19650,19677
19661,19663
19663,19665
19665,19666
19666,19677
19666,19683
19677,19683
19677,19688
19677,19690
19677,19697
19683,19688
19688,19690
19690,19697
19690,19701
19697,19701
19701,19702
19702,19703
19703,19704
19704,19706
19704,19707
19704,19709
19706,19707
19706,19709
19706,19711
19707,19709
19709,19711
19711,19722
19711,19724
19722,19724
19722,19733
19722,19734
19724,19733
19733,19734
19733,19740
19733,19741
19734,19740
19734,19741
19734,19748
19740,19741
19741,19748
19748,19750
19750,19752
19750,19758
19752,19758
19752,19764
19758,19764
19758,19769
19764,19769
19769,19771
19769,19778
19769,19790
19769,19795
19771,19778
19771,19790
19778,19790
19790,19795
19790,19797
19790,19798
19790,19803
19790,19804
19795,19797
19795,19798
19795,19803
19797,19798
19798,19803
19798,19804
19798,19806
19798,19808
19803,19804
19803,19806
19803,19808
19804,19806
19804,19808
19804,19811
19806,19808
19806,19811
19806,19813
19808,19811
19808,19813
19808,19818
19808,19823
19811,19813
19813,19818
19818,19823
19823,19830
19830,19837
19830,19838
19830,19840
19830,19849
19837,19838
19838,19840
19840,19849
19840,19850
19849,19850
19849,19851
19850,19851
19851,19854
19854,19855
19855,19858
19858,19861
19861,19873
19861,19888
19861,19894
19861,19895
19873,19888
19888,19894
19894,19895
19895,19899
19895,19903
19895,19904
19899,19903
19899,19904
19903,19904
19904,19907
19904,19908
19904,19912
19907,19908
19908,19912
19908,19936
19908,19949
19912,19936
19936,19949
19949,19953
19953,19956
19956,19965
19965,19982
19965,19989
19982,19989
19982,19997
19982,19998
19982,20002
19989,19997
19989,19998
19997,19998
19998,20002
20002,20009
20002,20017
20009,20017
20009,20021
20017,20021
20021,20034
20021,20035
20034,20035
20035,20036
20036,20059
20036,20062
20036,20063
20036,20068
20059,20062
20062,20063
20063,20068
20068,20077
20068,20078
20068,20079
20077,20078
20077,20079
20077,20084
20077,20085
20078,20079
20079,20084
20084,20085
20084,20087
20085,20087
20087,20091
20087,20092
20087,20095
20091,20092
20091,20095
20091,20104
20092,20095
20092,20104
20092,20106
20095,20104
20095,20106
20104,20106
20104,20110
20104,20115
20104,20131
20104,20140
20106,20110
20106,20115
20106,20131
20110,20115
20110,20131
20110,20140
20110,20142
20115,20131
20131,20140
20131,20142
20131,20144
20140,20142
20142,20144
20144,20156
20156,20157
20157,20160
20157,20161
20157,20172
20157,20173
20160,20161
20160,20172
20161,20172
20172,20173
20173,20176
20176,20179
20179,20192
20179,20194
20179,20196
20179,20210
20179,20217
20192,20194
20194,20196
20194,20210
20196,20210
20196,20217
20196,20218
20210,20217
20217,20218
20217,20225
20217,20228
20217,20232
20217,20233
20217,20238
20218,20225
20225,20228
20225,20232
20225,20233
20228,20232
20228,20233
20232,20233
20233,20238
20233,20240
20233,20242
20238,20240
20238,20242
20240,20242
20242,20250
20250,20251
20251,20256
20251,20260
20251,20263
20256,20260
20256,20263
20260,20263
20260,20264
20263,20264
20264,20267
20267,20272
20267,20281
20267,20288
20267,20290
20267,20292
20272,20281
20281,20288
20288,20290
20288,20292
20288,20293
20290,20292
20290,20293
20290,20299
20290,20302
20290,20308
20292,20293
20293,20299
20299,20302
20302,20308
20308,20309
20309,20310
20310,20314
20310,20328
20314,20328
20328,20331
20331,20332
20332,20334
20334,20337
20334,20338
20334,20349
20334,20354
20337,20338
20337,20349
20337,20354
20338,20349
20338,20354
20338,20356
20338,20367
20349,20354
20354,20356
20356,20367
20356,20368
20356,20378
20356,20380
20367,20368
20368,20378
20378,20380
20380,20386
20380,20387
20380,20388
20380,20395
20386,20387
20386,20388
20387,20388
20387,20395
20388,20395
20395,20404
20404,20408
20408,20417
20417,20420
20417,20437
20417,20450
20417,20458
20420,20437
20420,20450
20437,20450
20450,20458
20450,20465
20450,20478
20450,20481
20458,20465
20465,20478
20465,20481
20465,20482
20465,20488
20478,20481
20481,20482
20481,20488
20481,20496
20481,20500
20481,20515
20482,20488
20482,20496
20488,20496
20488,20500
20496,20500
20496,20515
20500,20515
20515,20519
20519,20524
20519,20530
20524,20530
20530,20531
20530,20534
20530,20541
20531,20534
20531,20541
20531,20543
20531,20545
20531,20547
20534,20541
20541,20543
20543,20545
20543,20547
20543,20562
20545,20547
20547,20562
20547,20563
20562,20563
20562,20567
20563,20567
20567,20573
20573,20575
20575,20579
20575,20580
20575,20582
20579,20580
20580,20582
20582,20584
20582,20588
20584,20588
20584,20591
20584,20600
20584,20605
20588,20591
20588,20600
20588,20605
20591,20600
20591,20605
20600,20605
20600,20606
20600,20609
20600,20610
20605,20606
20606,20609
20609,20610
20610,20617
20617,20625
20625,20630
20625,20631
20630,20631
20630,20632
20631,20632
20632,20639
20639,20641
20639,20652
20641,20652
20652,20653
20652,20675
20653,20675
20653,20677
20653,20680
20653,20686
20675,20677
20677,20680
20680,20686
20686,20687
20686,20691
20687,20691
20687,20693
20691,20693
20693,20698
20693,20711
20693,20722
20693,20723
20698,20711
20711,20722
20722,20723
20722,20728
20723,20728
20728,20730
20728,20731
20728,20747
20728,20753
20728,20768
20728,20772
20730,20731
20730,20747
20731,20747
20747,20753
20747,20768
20747,20772
20747,20773
20747,20775
20753,20768
20768,20772
20768,20773
20768,20775
20768,20780
20772,20773
20772,20775
20773,20775
20773,20780
20775,20780
20775,20783
20775,20789
20780,20783
20783,20789
20789,20793
20793,20796
20796,20801
20796,20805
20796,20814
20801,20805
20801,20814
20801,20816
20805,20814
20805,20816
20805,20817
20814,20816
20816,20817
20816,20824
20816,20827
20817,20824
20817,20827
20817,20836
20824,20827
20827,20836
20836,20848
20836,20853
20836,20857
20848,20853
20848,20857
20848,20873
20853,20857
20853,20873
20857,20873
20873,20881
20881,20883
20883,20888
20883,20890
20883,20891
20888,20890
20890,20891
20890,20894
20890,20898
20891,20894
20891,20898
20894,20898
20898,20902
20902,20912
20912,20917
20917,20925
20917,20929
20917,20935
20925,20929
20929,20935
20929,20936
20929,20942
20935,20936
20936,20942
20936,20944
20942,20944
20942,20947
20944,20947
20947,20951
20947,20955
20947,20959
20947,20966
20951,20955
20951,20959
20951,20966
20951,20970
20951,20971
20951,20973
20955,20959
20955,20966
20955,20970
20955,20971
20955,20973
20959,20966
20959,20970
20959,20971
20966,20970
20970,20971
20971,20973
20973,20975
20975,20984
20984,20986
20986,20989
20986,20991
20986,20993
20986,20995
20989,20991
20989,20993
20991,20993
20993,20995
20993,21000
20993,21001
20995,21000
20995,21001
20995,21006
20995,21010
20995,21021
21000,21001
21001,21006
21001,21010
21001,21021
21006,21010
21010,21021
21010,21027
21010,21039
21010,21040
21010,21056
21021,21027
21027,21039
21039,21040
21040,21056
21056,21066
21066,21067
21067,21083
21083,21085
21085,21086
21086,21095
21086,21096
21086,21100
21095,21096
21095,21100
21096,21100
21100,21112
21100,21113
21100,21119
21112,21113
21113,21119
21119,21125
21119,21131
21125,21131
21131,21134
21131,21135
21134,21135
21135,21137
21135,21153
21135,21157
21135,21163
21135,21165
21137,21153
21137,21157
21137,21163
21153,21157
21157,21163
21157,21165
21163,21165
21165,21168
21165,21179
21165,21188
21165,21193
21165,21196
21168,21179
21168,21188
21168,21193
21168,21196
21168,21208
21179,21188
21179,21193
21179,21196
21188,21193
21193,21196
21196,21208
21196,21210
21196,21211
21208,21210
21210,21211
21211,21213
21213,21221
21221,21222
21222,21223
21223,21228
21223,21232
21223,21245
21223,21254
21228,21232
21228,21245
21228,21254
21232,21245
21245,21254
21245,21257
21245,21258
21254,21257
21254,21258
21254,21268
21254,21274
21257,21258
21258,21268
21258,21274
21258,21277
21268,21274
21274,21277
21277,21282
21277,21291
21277,21299
21277,21302
21277,21315
21277,21319
21277,21322
21282,21291
21291,21299
21291,21302
21299,21302
21302,21315
21315,21319
21315,21322
21315,21324
21319,21322
21322,21324
21324,21327
21324,21329
21324,21336
21324,21343
21327,21329
21329,21336
21336,21343
21343,21346
21343,21354
21346,21354
21354,21358
21354,21365
21354,21372
21354,21377
21354,21380
21358,21365
21365,21372
21365,21377
21365,21380
21365,21385
21372,21377
21377,21380
21380,21385
21380,21390
21380,21392
21385,21390
21390,21392
21392,21406
21392,21415
21392,21421
21406,21415
21415,21421
21421,21423
21421,21426
21421,21438
21421,21440
21423,21426
21426,21438
21426,21440
21438,21440
21438,21450
21440,21450
21440,21451
21450,21451
21451,21457
21457,21458
21458,21462
21458,21463
21462,21463
21462,21464
21462,21467
21462,21478
21462,21490
21463,21464
21463,21467
21463,21478
21464,21467
21464,21478
21467,21478
21467,21490
21478,21490
21490,21492
21492,21496
21492,21499
21496,21499
21496,21506
21496,21507
21496,21515
21496,21519
21499,21506
21506,21507
21507,21515
21515,21519
21515,21521
21515,21531
21515,21534
21519,21521
21519,21531
21521,21531
21521,21534
21531,21534
21531,21536
21531,21540
21531,21546
21534,21536
21534,21540
21534,21546
21536,21540
21540,21546
21540,21549
21540,21551
21540,21552
21546,21549
21546,21551
21546,21552
21549,21551
21549,21552
21551,21552
21551,21554
21552,21554
21552,21556
21554,21556
21556,21557
21556,21569
21556,21583
21557,21569
21569,21583
21569,21591
21569,21592
21583,21591
21591,21592
21592,21601
21592,21603
21592,21608
21592,21613
21592,21618
21592,21622
21592,21636
21601,21603
21603,21608
21603,21613
21603,21618
21608,21613
21608,21618
21613,21618
21613,21622
21613,21636
21618,21622
21622,21636
21636,21642
21636,21652
21636,21656
21636,21662
21642,21652
21652,21656
21656,21662
21662,21666
21662,21669
21662,21672
21662,21677
21666,21669
21666,21672
21666,21677
21669,21672
21672,21677
21672,21679
21672,21693
21672,21697
21677,21679
21679,21693
21693,21697
21693,21701
21693,21704
21693,21711
21697,21701
21697,21704
21701,21704
21701,21711
21701,21716
21701,21727
21704,21711
21704,21716
21711,21716
21716,21727
21716,21739
21727,21739
21727,21742
21727,21743
21739,21742
21742,21743
21742,21748
21743,21748
21748,21755
21748,21758
21748,21763
21748,21769
21748,21773
21755,21758
21755,21763
21755,21769
21755,21773
21755,21775
21758,21763
21763,21769
21763,21773
21763,21775
21763,21779
21763,21780
21763,21783
21763,21788
21769,21773
21773,21775
21775,21779
21779,21780
21780,21783
21780,21788
21783,21788
21788,21792
21792,21793
21792,21796
21792,21797
21792,21801
21792,21804
21793,21796
21796,21797
21796,21801
21797,21801
21801,21804
21801,21813
21801,21817
21801,21819
21801,21822
21804,21813
21813,21817
21817,21819
21817,21822
21817,21824
21817,21833
21819,21822
21822,21824
21824,21833
21833,21835
21835,21840
21835,21841
21835,21852
21835,21856
21840,21841
21841,21852
21852,21856
21856,21860
21856,21866
21856,21867
21860,21866
21860,21867
21860,21868
21866,21867
21866,21868
21866,21871
21866,21874
21867,21868
21868,21871
21868,21874
21871,21874
21874,21875
21874,21886
21874,21887
21875,21886
21875,21887
21875,21889
21886,21887
21886,21889
21886,21892
21886,21894
21887,21889
21887,21892
21889,21892
21889,21894
21889,21900
21889,21906
21892,21894
21892,21900
21894,21900
21900,21906
21900,21911
21906,21911
21906,21913
21906,21921
21911,21913
21911,21921
21911,21931
21911,21932
21911,21937
21913,21921
21921,21931
21921,21932
21931,21932
21931,21937
21932,21937
21937,21945
21945,21946
21946,21956
21946,21958
21956,21958
21956,21959
21956,21962
21956,21971
21956,21975
21956,21976
21958,21959
21959,21962
21959,21971
21959,21975
21959,21976
21962,21971
21971,21975
21975,21976
21976,21977
21976,21981
21977,21981
21981,21989
21989,21991
21989,22001
21989,22008
21991,22001
22001,22008
22001,22017
22008,22017
22008,22018
22008,22019
22008,22021
22017,22018
22018,22019
22018,22021
22018,22027
22019,22021
22021,22027
22027,22028
22028,22035
22028,22037
22035,22037
22035,22043
22035,22046
22035,22048
22037,22043
22043,22046
22043,22048
22046,22048
22048,22051
22051,22053
22051,22059
22053,22059
22059,22061
22059,22064
22061,22064
22064,22078
22064,22079
22078,22079
22079,22087
22087,22093
22087,22099
22087,22106
22087,22107
22093,22099
22093,22106
22093,22107
22099,22106
22099,22107
22099,22112
22106,22107
22106,22112
22106,22114
22107,22112
22107,22114
22107,22117
22112,22114
22112,22117
22112,22119
22112,22120
22112,22126
22114,22117
22117,22119
22117,22120
22119,22120
22119,22126
22119,22132
22120,22126
22126,22132
22132,22135
22135,22138
22135,22143
22138,22143
22143,22148
22143,22153
22148,22153
22153,22157
22153,22159
22153,22162
22157,22159
22159,22162
22162,22167
22162,22169
22162,22177
22167,22169
22169,22177
22169,22183
22169,22185
22177,22183
22177,22185
22183,22185
22185,22194
22194,22197
22197,22198
22198,22201
22198,22202
22198,22206
22198,22207
22198,22209
22201,22202
22201,22206
22201,22207
22201,22209
22202,22206
22202,22207
22202,22209
22206,22207
22206,22209
22207,22209
22207,22213
22209,22213
22213,22221
22213,22226
22221,22226
22221,22235
22221,22238
22221,22239
22226,22235
22235,22238
22235,22239
22238,22239
22238,22243
22239,22243
22243,22244
22243,22247
22244,22247
22247,22253
22253,22269
22269,22273
22273,22281
22273,22282
22273,22284
22281,22282
22282,22284
22282,22286
22284,22286
22286,22289
22289,22291
22291,22295
22295,22304
22304,22308
22304,22312
22308,22312
22308,22328
22312,22328
22312,22330
22312,22332
22312,22336
22328,22330
22328,22332
22328,22336
22328,22337
22330,22332
22330,22336
22332,22336
22336,22337
22337,22341
22341,22350
22341,22366
22341,22377
22350,22366
22366,22377
22377,22379
22377,22381
22379,22381
22379,22383
22379,22394
22381,22383
22381,22394
22381,22402
22383,22394
22383,22402
22394,22402
22402,22403
22402,22409
22402,22410
22402,22421
22403,22409
22409,22410
22410,22421
22410,22426
22421,22426
22426,22430
22430,22431
22430,22441
22430,22443
22430,22447
22431,22441
22431,22443
22441,22443
22441,22447
22441,22451
22443,22447
22447,22451
22451,22453
22453,22456
22456,22458
22458,22464
22458,22468
22458,22475
22458,22482
22464,22468
22464,22475
22464,22482
22468,22475
22468,22482
22468,22483
22468,22500
22475,22482
22475,22483
22475,22500
22482,22483
22483,22500
22483,22501
22500,22501
22501,22502
22502,22510
22510,22519
22510,22531
22519,22531
22531,22532
22532,22534
22532,22541
22534,22541
22541,22546
22546,22550
22550,22559
22559,22570
22559,22586
22559,22596
22570,22586
22586,22596
22586,22599
22596,22599
22599,22606
22599,22607
22606,22607
22606,22609
22606,22614
22607,22609
22609,22614
22614,22617
22614,22619
22614,22622
22614,22623
22617,22619
22619,22622
22622,22623
22623,22625
22623,22631
22623,22633
22625,22631
22625,22633
22625,22634
22631,22633
22633,22634
22633,22645
22634,22645
22634,22647
22634,22649
22645,22647
22645,22649
22645,22651
22647,22649
22647,22651
22647,22655
22649,22651
22649,22655
22651,22655
22655,22657
22657,22665
22665,22669
22669,22673
22669,22676
22673,22676
22676,22677
22676,22679
22676,22685
22677,22679
22679,22685
22679,22688
22685,22688
22688,22693
22693,22703
22703,22708
22708,22713
22708,22714
22713,22714
22714,22721
22714,22722
22721,22722
22721,22723
22721,22725
22721,22731
22722,22723
22722,22725
22723,22725
22725,22731
22731,22735
22735,22738
22738,22740
22738,22743
22738,22747
22740,22743
22743,22747
22747,22749
22749,22751
22751,22752
22751,22753
22752,22753
22752,22755
22753,22755
22755,22760
22760,22761
22761,22763
22761,22765
22761,22768
22761,22770
22763,22765
22763,22768
22763,22770
22765,22768
22768,22770
22768,22775
22768,22795
22770,22775
22770,22795
22775,22795
22795,22804
22795,22814
22804,22814
22814,22822
22814,22827
22814,22831
22822,22827
22827,22831
22831,22840
22840,22848
22848,22852
22848,22854
22848,22858
22848,22861
22852,22854
22852,22858
22854,22858
22854,22861
22854,22876
22858,22861
22861,22876
22876,22877
22877,22879
22879,22880
22880,22884
22884,22886
22884,22892
22884,22902
22886,22892
22892,22902
22892,22907
22892,22914
22902,22907
22902,22914
22907,22914
22914,22916
22916,22924
22924,22934
22924,22938
22934,22938
22938,22947
22938,22950
22947,22950
22950,22956
22950,22959
22956,22959
22956,22961
22956,22966
22959,22961
22959,22966
22961,22966
22961,22969
22966,22969
22966,22970
22966,22973
22969,22970
22969,22973
22970,22973
22970,22977
22973,22977
22977,22981
22977,22983
22981,22983
22981,22996
22983,22996
22996,22997
22997,23002
22997,23011
22997,23013
23002,23011
23002,23013
23002,23017
23011,23013
23011,23017
23011,23019
23011,23024
23013,23017
23013,23019
23013,23024
23017,23019
23017,23024
23019,23024
23019,23035
23024,23035
23035,23038
23038,23040
23040,23042
23040,23048
23042,23048
23048,23051
23051,23060
23060,23065
23065,23077
23077,23080
23077,23083
23080,23083
23083,23088
23088,23092
23088,23094
23092,23094
23092,23096
23092,23097
23094,23096
23094,23097
23096,23097
23096,23100
23097,23100
23100,23111
23111,23112
23112,23114
23112,23139
23112,23140
23112,23152
23114,23139
23114,23140
23114,23152
23139,23140
23139,23152
23140,23152
23152,23166
23152,23168
23152,23169
23166,23168
23166,23169
23168,23169
23168,23172
23168,23176
23169,23172
23172,23176
23172,23177
23172,23178
23172,23184
23176,23177
23176,23178
23176,23184
23176,23187
23177,23178
23178,23184
23184,23187
23187,23200
23187,23204
23200,23204
23200,23209
23204,23209
23204,23210
23209,23210
23209,23213
23210,23213
23210,23215
23210,23220
23213,23215
23215,23220
23220,23223
23220,23224
23223,23224
23223,23226
23224,23226
23226,23229
23229,23231
23229,23233
23229,23239
23229,23240
23231,23233
23231,23239
23231,23240
23231,23243
23233,23239
23233,23240
23233,23243
23239,23240
23240,23243
23240,23252
23240,23256
23240,23257
23240,23266
23243,23252
23243,23256
23243,23257
23252,23256
23252,23257
23252,23266
23252,23267
23256,23257
23256,23266
23256,23267
23257,23266
23266,23267
23267,23269
23267,23271
23267,23274
23269,23271
23271,23274
23274,23280
23280,23302
23280,23309
23302,23309
23302,23312
23302,23317
23302,23318
23309,23312
23312,23317
23317,23318
23318,23319
23319,23333
23319,23339
23319,23352
23319,23356
23319,23367
23333,23339
23339,23352
23352,23356
23352,23367
23352,23372
23356,23367
23367,23372
23372,23373
23372,23382
23372,23385
23372,23388
23372,23390
23373,23382
23382,23385
23382,23388
23385,23388
23385,23390
23385,23396
23385,23397
23385,23400
23385,23410
23388,23390
23390,23396
23396,23397
23397,23400
23400,23410
23400,23412
23400,23414
23410,23412
23412,23414
23412,23428
23412,23429
23414,23428
23428,23429
23429,23443
23429,23447
23429,23451
23443,23447
23443,23451
23443,23459
23447,23451
23451,23459
23451,23468
23451,23471
23451,23472
23451,23477
23451,23482
23451,23484
23451,23485
23459,23468
23468,23471
23471,23472
23471,23477
23471,23482
23472,23477
23472,23482
23472,23484
23472,23485
23472,23493
23477,23482
23482,23484
23484,23485
23485,23493
23493,23495
23493,23498
23493,23499
23493,23504
23495,23498
23498,23499
23499,23504
23504,23506
23506,23507
23507,23510
23510,23513
23510,23520
23510,23523
23510,23536
23510,23547
23513,23520
23513,23523
23513,23536
23513,23547
23520,23523
23523,23536
23536,23547
23536,23551
23547,23551
23551,23558
23558,23567
23558,23571
23558,23577
23558,23578
23567,23571
23571,23577
23571,23578
23571,23580
23571,23581
23571,23588
23577,23578
23577,23580
23577,23581
23578,23580
23580,23581
23581,23588
23588,23594
23588,23604
23594,23604
23604,23607
23604,23613
23607,23613
23613,23614
23613,23617
23613,23625
23613,23626
23613,23634
23614,23617
23614,23625
23614,23626
23617,23625
23625,23626
23625,23634
23625,23653
23625,23663
23626,23634
23634,23653
23653,23663
23653,23667
23653,23670
23663,23667
23663,23670
23663,23673
23667,23670
23667,23673
23667,23676
23667,23684
23670,23673
23673,23676
23673,23684
23676,23684
23676,23687
23676,23694
23676,23699
23684,23687
23687,23694
23694,23699
23699,23700
23699,23703
23700,23703
23703,23720
23703,23727
23703,23731
23720,23727
23720,23731
23727,23731
23731,23733
23731,23736
23731,23738
23731,23741
23733,23736
23733,23738
23733,23741
23736,23738
23736,23741
23736,23744
23738,23741
23741,23744
23744,23746
23744,23751
23744,23764
23746,23751
23746,23764
23746,23765
23751,23764
23764,23765
23765,23766
23766,23772
23772,23773
23773,23775
23775,23780
23780,23781
23781,23783
23781,23784
23781,23788
23783,23784
23784,23788
23788,23792
23788,23794
23792,23794
23792,23795
23794,23795
23794,23796
23795,23796
23795,23809
23796,23809
23809,23810
23810,23821
23821,23822
23822,23824
23824,23827
23824,23829
23824,23839
23824,23840
23827,23829
23829,23839
23829,23840
23829,23841
23829,23846
23839,23840
23839,23841
23840,23841
23841,23846
23841,23849
23841,23851
23841,23854
23846,23849
23849,23851
23851,23854
23854,23855
23854,23865
23854,23866
23854,23871
23855,23865
23865,23866
23866,23871
23866,23872
23866,23873
23871,23872
23872,23873
23872,23876
23873,23876
23876,23886
23876,23892
23876,23893
23876,23894
23886,23892
23886,23893
23892,23893
23892,23894
23893,23894
23893,23896
23894,23896
23894,23897
23894,23898
23894,23914
23896,23897
23896,23898
23896,23914
23896,23928
23897,23898
23898,23914
23914,23928
23928,23964
23928,23966
23928,23974
23964,23966
23966,23974
23966,23977
23966,23981
23974,23977
23977,23981
23981,23988
23988,23992
23988,24001
23988,24002
23988,24013
23988,24023
23992,24001
23992,24002
23992,24013
24001,24002
24002,24013
24002,24023
24002,24025
24013,24023
24023,24025
24025,24027
24027,24030
24030,24031
24030,24035
24030,24036
24030,24037
24031,24035
24031,24036
24031,24037
24031,24042
24031,24044
24035,24036
24035,24037
24035,24042
24035,24044
24035,24045
24036,24037
24036,24042
24036,24044
24036,24045
24037,24042
24042,24044
24042,24045
24044,24045
24044,24050
24045,24050
24045,24054
24045,24057
24045,24059
24050,24054
24050,24057
24054,24057
24054,24059
24054,24060
24057,24059
24057,24060
24059,24060
24060,24068
24060,24070
24060,24072
24060,24076
24060,24079
24060,24087
24068,24070
24070,24072
24072,24076
24076,24079
24079,24087
24087,24101
24087,24103
24087,24111
24101,24103
24103,24111
24111,24113
24111,24114
24111,24115
24113,24114
24114,24115
24115,24116
24116,24122
24122,24123
24122,24138
24123,24138
24138,24141
24138,24145
24138,24146
24141,24145
24145,24146
24146,24147
24147,24149
24147,24150
24147,24151
24149,24150
24149,24151
24149,24156
24150,24151
24151,24156
24156,24161
24161,24165
24165,24170
24170,24177
24170,24188
24177,24188
24188,24189
24188,24190
24189,24190
24190,24203
24203,24204
24203,24207
24204,24207
24207,24208
24208,24212
24208,24215
24208,24218
24212,24215
24212,24218
24212,24220
24215,24218
24215,24220
24215,24229
24218,24220
24218,24229
24218,24232
24218,24237
24220,24229
24220,24232
24220,24237
24229,24232
24232,24237
24237,24242
24242,24249
24242,24259
24249,24259
24249,24260
24259,24260
24259,24263
24259,24266
24259,24267
24259,24272
24260,24263
24260,24266
24263,24266
24263,24267
24266,24267
24266,24272
24267,24272
24267,24280
24272,24280
24272,24281
24272,24287
24272,24305
24280,24281
24281,24287
24287,24305
24287,24308
24287,24313
24305,24308
24305,24313
24308,24313
24308,24315
24308,24316
24308,24317
24308,24329
24313,24315
24315,24316
24315,24317
24315,24329
24316,24317
24317,24329
24329,24339
24339,24340
24340,24342
24340,24360
24342,24360
24342,24364
24360,24364
24360,24374
24360,24379
24360,24381
24360,24384
24364,24374
24374,24379
24379,24381
24381,24384
24381,24392
24381,24394
24381,24396
24384,24392
24384,24394
24384,24396
24384,24399
24392,24394
24394,24396
24396,24399
24396,24403
24396,24405
24399,24403
24403,24405
24405,24407
24407,24408
24407,24411
24407,24417
24408,24411
24411,24417
24411,24422
24417,24422
24417,24427
24422,24427
24422,24432
24422,24438
24422,24441
24422,24442
24427,24432
24427,24438
24427,24441
24432,24438
24432,24441
24432,24442
24432,24447
24432,24452
24432,24468
24432,24469
24432,24474
24438,24441
24438,24442
24441,24442
24442,24447
24447,24452
24452,24468
24452,24469
24468,24469
24469,24474
24474,24486
24474,24490
24474,24501
24486,24490
24490,24501
24490,24507
24501,24507
24507,24516
24516,24528
24516,24531
24528,24531
24531,24546
24546,24552
24546,24556
24546,24578
24546,24587
24552,24556
24556,24578
24556,24587
24578,24587
24587,24590
24590,24596
24590,24602
24596,24602
24602,24605
24602,24610
24602,24618
24605,24610
24610,24618
24610,24626
24618,24626
24626,24629
24626,24642
24629,24642
24642,24645
24642,24649
24645,24649
24649,24650
24650,24656
24656,24657
24656,24660
24656,24664
24657,24660
24660,24664
24660,24666
24664,24666
24666,24670
24670,24672
24670,24674
24672,24674
24674,24675
24675,24679
24675,24686
24679,24686
24679,24689
24686,24689
24686,24690
24689,24690
24689,24691
24690,24691
24690,24697
24690,24702
24690,24713
24691,24697
24697,24702
24702,24713
24702,24718
24702,24719
24702,24720
24713,24718
24718,24719
24719,24720
24719,24722
24719,24731
24720,24722
24722,24731
24722,24734
24722,24737
24722,24748
24731,24734
24734,24737
24737,24748
24748,24749
24749,24759
24749,24765
24759,24765
24765,24767
24767,24782
24782,24787
24782,24796
24782,24799
24782,24805
24787,24796
24787,24799
24796,24799
24796,24805
24799,24805
24799,24808
24805,24808
24808,24821
24821,24830
24821,24833
24821,24844
24830,24833
24830,24844
24830,24845
24830,24855
24833,24844
24833,24845
24833,24855
24844,24845
24844,24855
24844,24862
24844,24872
24845,24855
24855,24862
24855,24872
24855,24885
24855,24895
24855,24900
24862,24872
24862,24885
24872,24885
24885,24895
24895,24900
24895,24903
24900,24903
24903,24906
24906,24911
24906,24913
24911,24913
24913,24920
24913,24922
24913,24928
24913,24938
24920,24922
24922,24928
24922,24938
24928,24938
24928,24942
24938,24942
24942,24951
24942,24953
24942,24967
24942,24973
24942,24974
24942,24976
24942,24980
24942,24982
24942,24987
24951,24953
24951,24967
24953,24967
24967,24973
24973,24974
24973,24976
24974,24976
24976,24980
24980,24982
24982,24987
24982,24994
24987,24994
24994,24997
24994,25005
24994,25008
24994,25010
24994,25011
24994,25014
24994,25025
24997,25005
24997,25008
25005,25008
25005,25010
25005,25011
25008,25010
25010,25011
25011,25014
25011,25025
25011,25028
25011,25032
25014,25025
25014,25028
25025,25028
25028,25032
25028,25039
25032,25039
25039,25042
25039,25046
25039,25048
25039,25052
25039,25059
25039,25061
25042,25046
25042,25048
25046,25048
25046,25052
25048,25052
25048,25059
25052,25059
25059,25061
25059,25062
25059,25066
25061,25062
25061,25066
25061,25068
25061,25074
25062,25066
25062,25068
25062,25074
25062,25075
25062,25086
25066,25068
25066,25074
25066,25075
25068,25074
25068,25075
25068,25086
25074,25075
25075,25086
25075,25087
25075,25090
25086,25087
25087,25090
25090,25093
25093,25105
25105,25108
25105,25109
25105,25111
25108,25109
25109,25111
25109,25113
25109,25122
25111,25113
25111,25122
25111,25125
25111,25126
25111,25127
25113,25122
25113,25125
25113,25126
25113,25127
25122,25125
25122,25126
25122,25127
25125,25126
25125,25127
25126,25127
25127,25128
25127,25131
25128,25131
25131,25144
25131,25150
25131,25151
25144,25150
25150,25151
25150,25153
25151,25153
25151,25155
25153,25155
25155,25158
25158,25159
25158,25171
25159,25171
25171,25172
25172,25177
25172,25179
25172,25200
25177,25179
25177,25200
25177,25201
25177,25203
25177,25212
25177,25213
25177,25223
25177,25237
25179,25200
25200,25201
25200,25203
25200,25212
25201,25203
25201,25212
25201,25213
25201,25223
25203,25212
25212,25213
25212,25223
25212,25237
25212,25241
25213,25223
25223,25237
25237,25241
25241,25244
25244,25247
25244,25258
25247,25258
25247,25261
25258,25261
25258,25262
25258,25264
25258,25266
25261,25262
25261,25264
25262,25264
25264,25266
25264,25268
25264,25275
25264,25277
25264,25278
25264,25280
25266,25268
25268,25275
25268,25277
25268,25278
25275,25277
25277,25278
25277,25280
25277,25283
25278,25280
25278,25283
25280,25283
25280,25286
25280,25288
25283,25286
25283,25288
25286,25288
25286,25290
25286,25291
25288,25290
25290,25291
25290,25297
25291,25297
25297,25299
25297,25305
25299,25305
25305,25306
25306,25308
25308,25314
25308,25317
25314,25317
25314,25319
25317,25319
25319,25320
25319,25326
25319,25327
25319,25342
25319,25353
25320,25326
25320,25327
25326,25327
25327,25342
25327,25353
25327,25357
25327,25358
25342,25353
25342,25357
25353,25357
25353,25358
25357,25358
25358,25363
25358,25364
25358,25366
25358,25369
25363,25364
25364,25366
25364,25369
25366,25369
25366,25374
25366,25375
25369,25374
25374,25375
25375,25381
25381,25384
25384,25389
25384,25392
25384,25394
25384,25396
25389,25392
25389,25394
25392,25394
25394,25396
25394,25400
25396,25400
25400,25402
25400,25403
25402,25403
25402,25404
25402,25407
25402,25408
25403,25404
25403,25407
25403,25408
25403,25409
25403,25410
25403,25415
25404,25407
25404,25408
25407,25408
25407,25409
25407,25410
25407,25415
25408,25409
25408,25410
25408,25415
25409,25410
25410,25415
25415,25418
25418,25426
25426,25430
25430,25439
25430,25440
25430,25441
25439,25440
25439,25441
25440,25441
25441,25450
25450,25466
25450,25469
25466,25469
25466,25473
25466,25475
25469,25473
25469,25475
25469,25476
25473,25475
25475,25476
25476,25484
25476,25486
25476,25505
25484,25486
25486,25505
25486,25506
25486,25507
25486,25511
25486,25513
25505,25506
25505,25507
25505,25511
25506,25507
25506,25511
25506,25513
25506,25521
25506,25528
25506,25529
25507,25511
25511,25513
25511,25521
25513,25521
25521,25528
25528,25529
25529,25530
25529,25534
25530,25534
25534,25536
25534,25539
25534,25542
25536,25539
25536,25542
25536,25543
25536,25547
25539,25542
25539,25543
25539,25547
25542,25543
25542,25547
25542,25553
25543,25547
25547,25553
25553,25562
25553,25567
25562,25567
25567,25572
25567,25584
25567,25586
25567,25595
25572,25584
25572,25586
25584,25586
25584,25595
25586,25595
25586,25598
25586,25604
25595,25598
25598,25604
25598,25609
25598,25614
25604,25609
25604,25614
25604,25616
25604,25625
25609,25614
25609,25616
25614,25616
25616,25625
25616,25632
25625,25632
25632,25633
25633,25636
25633,25638
25633,25639
25633,25648
25633,25649
25633,25652
25636,25638
25636,25639
25638,25639
25639,25648
25639,25649
25648,25649
25649,25652
25649,25670
25649,25674
25649,25676
25652,25670
25652,25674
25670,25674
25674,25676
25674,25687
25676,25687
25676,25689
25676,25706
25676,25707
25687,25689
25687,25706
25687,25707
25687,25716
25687,25719
25689,25706
25689,25707
25689,25716
25706,25707
25706,25716
25706,25719
25707,25716
25707,25719
25707,25724
25707,25725
25716,25719
25716,25724
25719,25724
25724,25725
25724,25731
25724,25733
25725,25731
25725,25733
25725,25734
25731,25733
25733,25734
25734,25740
25734,25743
25734,25746
25740,25743
25740,25746
25740,25750
25743,25746
25743,25750
25746,25750
25746,25753
25750,25753
25753,25754
25754,25756
25756,25765
25765,25767
25767,25769
25767,25781
25767,25793
25767,25802
25769,25781
25769,25793
25769,25802
25769,25804
25769,25805
25781,25793
25781,25802
25793,25802
25793,25804
25793,25805
25793,25808
25802,25804
25802,25805
25804,25805
25805,25808
25808,25812
25808,25815
25808,25816
25808,25821
25812,25815
25815,25816
25815,25821
25816,25821
25821,25826
25821,25831
25821,25834
25821,25846
25821,25850
25821,25857
25826,25831
25826,25834
25831,25834
25831,25846
25831,25850
25834,25846
25846,25850
25846,25857
25846,25864
25850,25857
25850,25864
25850,25874
25850,25903
25857,25864
25857,25874
25857,25903
25864,25874
25874,25903
25903,25906
25906,25910
25910,25912
25910,25914
25910,25922
25912,25914
25912,25922
25914,25922
25914,25934
25922,25934
25922,25935
25922,25949
25922,25955
25934,25935
25934,25949
25935,25949
25949,25955
25949,25957
25949,25958
25955,25957
25957,25958
25958,25965
25958,25984
25965,25984
25984,25985
25985,25987
25987,25991
25987,25995
25987,25998
25987,26002
25991,25995
25991,25998
25991,26002
25995,25998
25995,26002
25995,26003
25995,26014
25998,26002
25998,26003
25998,26014
25998,26017
25998,26019
26002,26003
26002,26014
26002,26017
26002,26019
26003,26014
26014,26017
26017,26019
26019,26023
26023,26024
26024,26025
26025,26027
26025,26030
26025,26042
26025,26043
26025,26046
26027,26030
26030,26042
26042,26043
26042,26046
26042,26056
26043,26046
26046,26056
26056,26063
26063,26065
26063,26068
26063,26072
26063,26075
26063,26076
26063,26080
26063,26081
26065,26068
26065,26072
26068,26072
26068,26075
26068,26076
26068,26080
26068,26081
26072,26075
26075,26076
26076,26080
26080,26081
26081,26089
26089,26101
26089,26105
26089,26119
26089,26121
26101,26105
26105,26119
26105,26121
26105,26124
26119,26121
26119,26124
26119,26125
26121,26124
26124,26125
26125,26128
26128,26133
26133,26139
26139,26146
26139,26147
26139,26161
26139,26167
26146,26147
26147,26161
26161,26167
26161,26175
26161,26181
26161,26182
26161,26186
26161,26189
26167,26175
26175,26181
26181,26182
26182,26186
26182,26189
26182,26191
26182,26192
26182,26215
26186,26189
26189,26191
26191,26192
26191,26215
26191,26217
26191,26226
26192,26215
26192,26217
26215,26217
26217,26226
26226,26229
26226,26234
26226,26237
26229,26234
26234,26237
26237,26240
26240,26250
26250,26251
26250,26254
26250,26257
26251,26254
26251,26257
26251,26263
26251,26274
26254,26257
26257,26263
26257,26274
26257,26276
26263,26274
26274,26276
26274,26280
26276,26280
26280,26282
26280,26285
26280,26291
26280,26293
26282,26285
26282,26291
26282,26293
26282,26294
26285,26291
26291,26293
26293,26294
26294,26299
26299,26306
26299,26310
26299,26317
26299,26324
26306,26310
26306,26317
26310,26317
26310,26324
26317,26324
26317,26334
26317,26335
26317,26343
26324,26334
26334,26335
26335,26343
26335,26344
26335,26347
26335,26348
26343,26344
26344,26347
26344,26348
26344,26350
26347,26348
26348,26350
26350,26352
26352,26361
26361,26362
26361,26363
26362,26363
26362,26372
26362,26376
26363,26372
26363,26376
26363,26379
26372,26376
26372,26379
26376,26379
26379,26389
26379,26398
26389,26398
26389,26400
26389,26402
26389,26404
26389,26408
26398,26400
26400,26402
26402,26404
26404,26408
26404,26412
26408,26412
26408,26416
26412,26416
26412,26422
26416,26422
26422,26425
26425,26437
26425,26439
26437,26439
26439,26453
26453,26455
26455,26461
26461,26465
26461,26469
26465,26469
26465,26471
26469,26471
26471,26475
26471,26490
26475,26490
26490,26491
26491,26500
26491,26514
26491,26517
26500,26514
26500,26517
26500,26522
26514,26517
26514,26522
26514,26524
26514,26525
26517,26522
26517,26524
26517,26525
26522,26524
26524,26525
26525,26527
26527,26530
26527,26532
26527,26533
26527,26535
26530,26532
26530,26533
26530,26535
26532,26533
26533,26535
26533,26538
26535,26538
26535,26539
26535,26549
26538,26539
26539,26549
26549,26550
26550,26551
26551,26554
26551,26562
26554,26562
26554,26568
26554,26571
26554,26572
26554,26573
26554,26580
26554,26593
26562,26568
26568,26571
26571,26572
26571,26573
26572,26573
26572,26580
26572,26593
26572,26599
26572,26605
26572,26607
26573,26580
26573,26593
26573,26599
26573,26605
26573,26607
26573,26608
26573,26611
26580,26593
26580,26599
26580,26605
26593,26599
26593,26605
26593,26607
26593,26608
26593,26611
26599,26605
26605,26607
26607,26608
26608,26611
26608,26623
26608,26624
26608,26629
26608,26630
26611,26623
26623,26624
26624,26629
26624,26630
26624,26635
26629,26630
26630,26635
26635,26640
26640,26643
26643,26644
26643,26659
26644,26659
26644,26665
26659,26665
26659,26672
26665,26672
26665,26674
26665,26677
26665,26683
26672,26674
26672,26677
26672,26683
26672,26687
26672,26697
26674,26677
26677,26683
26683,26687
26683,26697
26683,26699
26687,26697
26687,26699
26697,26699
26697,26700
26699,26700
26699,26702
26700,26702
26702,26703
26703,26706
26706,26708
26706,26712
26706,26714
26706,26715
26706,26718
26708,26712
26712,26714
26714,26715
26714,26718
26714,26721
26714,26724
26715,26718
26718,26721
26721,26724
26721,26725
26721,26738
26721,26741
26724,26725
26724,26738
26725,26738
26738,26741
26741,26744
26744,26746
26746,26753
26746,26756
26746,26759
26746,26762
26753,26756
26753,26759
26753,26762
26753,26766
26756,26759
26756,26762
26756,26766
26756,26771
26756,26773
26756,26777
26759,26762
26762,26766
26762,26771
26762,26773
26766,26771
26766,26773
26766,26777
26766,26780
26766,26787
26771,26773
26773,26777
26777,26780
26780,26787
26787,26794
26787,26800
26787,26806
26787,26809
26787,26813
26794,26800
26794,26806
26794,26809
26794,26813
26800,26806
26806,26809
26809,26813
26809,26836
26809,26841
26809,26844
26809,26858
26809,26859
26813,26836
26836,26841
26841,26844
26844,26858
26844,26859
26844,26874
26858,26859
26858,26874
26859,26874
26859,26880
26874,26880
26880,26881
26881,26884
26884,26890
26890,26899
26890,26911
26899,26911
26911,26913
26911,26918
26913,26918
26913,26919
26913,26927
26913,26931
26913,26932
26918,26919
26918,26927
26918,26931
26919,26927
26927,26931
26931,26932
26931,26939
26932,26939
26932,26943
26939,26943
26939,26948
26939,26950
26943,26948
26948,26950
26948,26954
26948,26956
26948,26964
26950,26954
26950,26956
26950,26964
26954,26956
26956,26964
26956,26977
26956,26989
26964,26977
26977,26989
26977,26994
26977,26996
26977,26999
26989,26994
26994,26996
26994,26999
26996,26999
26999,27005
26999,27013
26999,27019
27005,27013
27013,27019
27013,27021
27019,27021
27019,27023
27021,27023
27023,27026
27023,27038
27026,27038
27038,27040
27038,27043
27038,27044
27038,27045
27038,27046
27040,27043
27040,27044
27040,27045
27040,27046
27040,27049
27043,27044
27043,27045
27043,27046
27043,27049
27044,27045
27045,27046
27046,27049
27046,27056
27049,27056
27056,27070
27056,27073
27070,27073
27070,27081
27073,27081
27081,27087
27081,27088
27081,27105
27081,27108
27081,27109
27087,27088
27088,27105
27105,27108
27105,27109
27108,27109
27108,27111
27109,27111
27111,27117
27111,27121
27117,27121
27117,27122
27117,27127
27121,27122
27121,27127
27122,27127
27127,27131
27131,27135
27135,27136
27136,27137
27137,27143
27143,27144
27144,27150
27144,27154
27144,27165
27150,27154
27150,27165
27150,27167
27154,27165
27165,27167
27167,27170
27167,27174
27167,27184
27170,27174
27170,27184
27170,27186
27170,27192
27170,27201
27170,27206
27174,27184
27174,27186
27184,27186
27184,27192
27184,27201
27186,27192
27192,27201
27192,27206
27192,27216
27192,27218
27192,27221
27192,27222
27201,27206
27201,27216
27201,27218
27201,27221
27206,27216
27206,27218
27206,27221
27206,27222
27216,27218
27218,27221
27218,27222
27221,27222
27221,27227
27221,27232
27222,27227
27222,27232
27227,27232
27227,27246
27227,27247
27232,27246
27232,27247
27232,27256
27232,27260
27246,27247
27247,27256
27247,27260
27247,27261
27256,27260
27256,27261
27256,27264
27256,27266
27260,27261
27261,27264
27264,27266
27266,27270
27266,27271
27270,27271
27270,27276
27270,27277
27271,27276
27271,27277
27276,27277
27276,27281
27276,27293
27277,27281
27281,27293
27293,27295
27295,27296
27295,27298
27296,27298
27298,27312
27312,27324
27324,27326
27324,27328
27324,27329
27324,27337
27324,27340
27324,27341
27324,27343
27326,27328
27328,27329
27329,27337
27337,27340
27340,27341
27340,27343
27340,27346
27340,27348
27341,27343
27341,27346
27341,27348
27343,27346
27343,27348
27346,27348
27348,27358
27348,27367
27348,27378
27358,27367
27367,27378
27367,27384
27367,27385
27378,27384
27378,27385
27378,27399
27384,27385
27385,27399
27385,27401
27385,27403
27399,27401
27399,27403
27401,27403
27403,27404
27404,27411
27411,27421
27421,27429
27421,27431
27429,27431
27429,27434
27429,27439
27429,27447
27431,27434
27434,27439
27439,27447
27439,27448
27447,27448
27447,27457
27448,27457
27457,27458
