3,11
3,25
3,28
3,36
3,44
3,27458
11,25
11,27458
25,28
25,27458
28,36
28,27458
36,44
36,45
36,27458
44,45
45,56
45,57
45,58
56,57
56,58
56,62
57,58
57,62
58,62
62,63
63,66
63,69
66,69
66,72
66,79
69,72
72,79
72,87
79,87
79,93
87,93
93,95
95,97
97,102
97,107
97,117
102,107
102,117
107,117
117,121
121,127
121,129
127,129
127,133
127,135
127,148
127,150
129,133
129,135
133,135
133,148
133,150
133,151
133,154
135,148
148,150
150,151
150,154
150,155
151,154
154,155
154,163
154,165
155,163
163,165
163,168
163,175
165,168
168,175
175,176
175,184
175,191
175,196
176,184
176,191
176,196
184,191
191,196
196,197
197,203
203,208
203,211
208,211
208,215
211,215
211,216
211,218
211,219
211,227
215,216
216,218
218,219
219,227
227,229
229,230
229,234
230,234
230,235
234,235
234,239
234,244
234,247
235,239
235,244
235,247
239,244
239,247
239,249
244,247
244,249
244,255
244,257
244,278
244,279
247,249
249,255
255,257
255,278
257,278
257,279
257,282
257,299
257,302
278,279
278,282
279,282
279,299
282,299
282,302
282,304
282,309
299,302
302,304
304,309
309,311
309,312
309,316
309,322
311,312
311,316
311,322
312,316
312,322
312,326
316,322
316,326
316,331
322,326
326,331
326,334
331,334
331,337
331,341
331,351
334,337
337,341
341,351
351,353
351,355
351,356
353,355
353,356
353,357
355,356
355,357
355,363
355,364
356,357
356,363
356,364
357,363
357,364
363,364
364,367
364,371
364,378
364,379
367,371
371,378
371,379
371,396
371,397
378,379
379,396
379,397
379,398
379,403
396,397
397,398
398,403
403,412
403,414
403,416
403,418
412,414
412,416
414,416
414,418
414,420
414,422
416,418
418,420
418,422
418,425
418,427
420,422
420,425
422,425
422,427
422,430
425,427
427,430
427,434
427,439
430,434
430,439
430,445
430,460
434,439
434,445
434,460
439,445
439,460
439,462
439,464
439,472
445,460
445,462
445,464
445,472
445,483
460,462
460,464
462,464
462,472
462,483
462,488
464,472
472,483
472,488
483,488
488,492
492,494
492,501
494,501
501,503
503,509
503,512
503,516
509,512
512,516
512,519
512,522
516,519
519,522
522,533
522,534
533,534
534,547
534,551
534,553
547,551
547,553
547,559
551,553
553,559
559,562
559,565
559,567
559,575
559,577
562,565
565,567
565,575
567,575
567,577
575,577
575,591
575,599
577,591
591,599
599,607
607,614
607,621
614,621
614,627
621,627
627,635
635,638
638,640
638,643
638,646
638,647
638,648
638,651
640,643
640,646
643,646
646,647
647,648
648,651
648,656
648,659
648,664
648,665
648,666
651,656
656,659
656,664
659,664
664,665
664,666
664,667
664,668
664,669
665,666
665,667
665,668
666,667
667,668
668,669
669,678
678,680
680,690
690,691
691,693
693,697
693,701
693,718
693,721
697,701
701,718
701,721
701,724
701,734
718,721
721,724
721,734
724,734
734,735
734,737
735,737
737,739
737,745
739,745
739,749
745,749
745,752
745,756
749,752
752,756
752,761
756,761
761,763
761,768
761,779
763,768
768,779
779,786
786,796
796,806
806,811
811,823
811,828
811,829
811,830
811,848
811,849
823,828
823,829
828,829
828,830
828,848
828,849
829,830
830,848
830,849
848,849
848,853
849,853
853,855
853,857
855,857
857,862
862,867
862,873
867,873
873,874
874,875
874,877
875,877
875,882
877,882
882,887
882,891
882,896
887,891
891,896
896,897
897,909
909,910
909,923
909,925
909,926
909,938
909,940
910,923
923,925
925,926
925,938
925,940
925,945
926,938
926,940
938,940
940,945
940,947
945,947
945,948
945,954
947,948
948,954
954,956
954,958
954,959
954,966
956,958
958,959
959,966
959,968
959,977
966,968
968,977
968,980
977,980
980,986
986,989
986,993
986,999
986,1003
989,993
989,999
989,1003
993,999
993,1003
993,1007
999,1003
999,1007
1003,1007
1007,1008
1008,1010
1008,1014
1010,1014
1014,1021
1014,1025
1014,1027
1014,1031
1021,1025
1025,1027
1025,1031
1027,1031
1027,1036
1031,1036
1031,1045
1036,1045
1036,1054
1045,1054
1045,1060
1054,1060
1060,1065
1065,1070
1070,1077
1070,1078
1070,1091
1070,1095
1070,1096
1077,1078
1077,1091
1078,1091
1078,1095
1091,1095
1091,1096
1095,1096
1096,1098
1098,1102
1098,1104
1102,1104
1104,1115
1104,1116
1104,1118
1115,1116
1115,1118
1116,1118
1118,1119
1118,1122
1118,1123
1118,1130
1119,1122
1122,1123
1123,1130
1130,1142
1142,1143
1143,1145
1145,1147
1145,1148
1145,1150
1147,1148
1147,1150
1147,1156
1147,1158
1148,1150
1150,1156
1150,1158
1150,1160
1156,1158
1158,1160
1160,1161
1161,1166
1161,1167
1166,1167
1166,1170
1166,1171
1167,1170
1170,1171
1170,1181
1171,1181
1181,1182
1182,1186
1186,1188
1188,1194
1188,1195
1188,1197
1188,1202
1194,1195
1195,1197
1197,1202
1197,1204
1202,1204
1204,1226
1204,1227
1204,1230
1204,1233
1226,1227
1227,1230
1227,1233
1227,1239
1227,1250
1230,1233
1233,1239
1239,1250
1250,1253
1253,1262
1262,1266
1262,1273
1262,1276
1262,1285
1262,1291
1266,1273
1266,1276
1266,1285
1266,1291
1266,1293
1273,1276
1276,1285
1285,1291
1285,1293
1285,1297
1285,1299
1291,1293
1291,1297
1293,1297
1297,1299
1297,1305
1299,1305
1305,1306
1306,1316
1306,1324
1316,1324
1324,1326
1324,1333
1324,1335
1326,1333
1326,1335
1333,1335
1335,1338
1335,1348
1338,1348
1348,1358
1348,1361
1358,1361
1358,1369
1358,1384
1361,1369
1369,1384
1369,1385
1384,1385
1384,1391
1385,1391
1385,1394
1385,1411
1391,1394
1394,1411
1394,1417
1394,1420
1394,1426
1411,1417
1417,1420
1420,1426
1420,1429
1426,1429
1429,1434
1434,1445
1434,1446
1434,1452
1445,1446
1445,1452
1445,1454
1445,1457
1446,1452
1446,1454
1452,1454
1454,1457
1454,1458
1457,1458
1458,1462
1458,1469
1462,1469
1462,1473
1462,1475
1469,1473
1473,1475
1473,1478
1473,1489
1475,1478
1475,1489
1475,1495
1475,1497
1475,1500
1478,1489
1478,1495
1478,1497
1489,1495
1495,1497
1495,1500
1495,1506
1495,1516
1495,1529
1495,1537
1497,1500
1497,1506
1500,1506
1500,1516
1500,1529
1500,1537
1506,1516
1516,1529
1529,1537
1537,1539
1537,1541
1537,1545
1537,1548
1537,1549
1539,1541
1541,1545
1545,1548
1548,1549
1549,1551
1549,1552
1551,1552
1552,1553
1553,1554
1554,1558
1558,1564
1558,1565
1564,1565
1564,1567
1564,1578
1564,1582
1565,1567
1567,1578
1567,1582
1578,1582
1578,1588
1578,1590
1582,1588
1588,1590
1590,1604
1604,1605
1604,1612
1604,1615
1604,1624
1604,1626
1604,1629
1604,1647
1605,1612
1605,1615
1605,1624
1612,1615
1612,1624
1612,1626
1615,1624
1615,1626
1615,1629
1615,1647
1615,1648
1624,1626
1624,1629
1626,1629
1629,1647
1647,1648
1647,1650
1648,1650
1650,1653
1653,1659
1653,1664
1653,1665
1653,1666
1659,1664
1664,1665
1665,1666
1666,1668
1666,1677
1666,1681
1666,1684
1668,1677
1668,1681
1677,1681
1677,1684
1681,1684
1684,1686
1684,1688
1684,1690
1686,1688
1688,1690
1690,1700
1700,1709
1700,1711
1700,1713
1700,1720
1709,1711
1709,1713
1711,1713
1711,1720
1711,1721
1711,1725
1713,1720
1713,1721
1713,1725
1713,1744
1713,1772
1713,1780
1720,1721
1720,1725
1721,1725
1721,1744
1721,1772
1721,1780
1721,1781
1725,1744
1725,1772
1725,1780
1725,1781
1744,1772
1744,1780
1744,1781
1744,1782
1772,1780
1772,1781
1780,1781
1780,1782
1780,1785
1781,1782
1781,1785
1782,1785
1782,1787
1782,1791
1782,1796
1782,1798
1782,1799
1785,1787
1787,1791
1787,1796
1787,1798
1791,1796
1791,1798
1791,1799
1791,1807
1791,1810
1796,1798
1796,1799
1796,1807
1796,1810
1798,1799
1798,1807
1798,1810
1798,1811
1799,1807
1807,1810
1810,1811
1811,1815
1811,1821
1815,1821
1821,1823
1823,1829
1823,1831
1823,1838
1829,1831
1831,1838
1831,1854
1831,1860
1831,1867
1831,1870
1831,1873
1838,1854
1854,1860
1854,1867
1860,1867
1860,1870
1867,1870
1870,1873
1870,1877
1870,1878
1870,1881
1873,1877
1877,1878
1877,1881
1878,1881
1881,1882
1882,1888
1882,1892
1888,1892
1892,1893
1893,1894
1894,1896
1894,1903
1894,1908
1894,1910
1894,1916
1894,1917
1896,1903
1903,1908
1903,1910
1908,1910
1908,1916
1910,1916
1916,1917
1916,1921
1917,1921
1917,1922
1921,1922
1921,1941
1921,1942
1921,1947
1921,1954
1922,1941
1922,1942
1941,1942
1941,1947
1941,1954
1942,1947
1947,1954
1947,1962
1947,1971
1947,1972
1947,1977
1954,1962
1954,1971
1954,1972
1954,1977
1962,1971
1962,1972
1971,1972
1972,1977
1977,1990
1990,1995
1995,1998
1998,1999
1998,2002
1998,2004
1999,2002
1999,2004
2002,2004
2002,2009
2002,2014
2002,2015
2002,2018
2004,2009
2009,2014
2014,2015
2015,2018
2015,2020
2015,2024
2015,2028
2018,2020
2020,2024
2020,2028
2024,2028
2028,2033
2033,2035
2033,2041
2033,2044
2035,2041
2041,2044
2044,2058
2044,2065
2058,2065
2065,2067
2065,2071
2065,2078
2067,2071
2071,2078
2078,2079
2078,2081
2078,2087
2078,2091
2078,2106
2079,2081
2079,2087
2079,2091
2081,2087
2087,2091
2087,2106
2091,2106
2091,2111
2091,2119
2106,2111
2111,2119
2111,2127
2111,2130
2119,2127
2119,2130
2119,2134
2119,2135
2127,2130
2127,2134
2127,2135
2127,2137
2127,2146
2130,2134
2130,2135
2134,2135
2135,2137
2135,2146
2137,2146
2146,2154
2146,2160
2146,2168
2154,2160
2154,2168
2154,2173
2154,2175
2154,2192
2160,2168
2168,2173
2173,2175
2175,2192
2192,2200
2200,2201
2201,2207
2207,2211
2207,2212
2211,2212
2212,2214
2212,2226
2212,2228
2212,2229
2212,2230
2212,2243
2214,2226
2226,2228
2226,2229
2226,2230
2228,2229
2228,2230
2229,2230
2229,2243
2230,2243
2243,2244
2243,2256
2243,2261
2243,2266
2244,2256
2256,2261
2261,2266
2261,2270
2266,2270
2266,2271
2266,2275
2266,2291
2266,2298
2270,2271
2271,2275
2271,2291
2271,2298
2271,2300
2275,2291
2291,2298
2291,2300
2291,2302
2291,2307
2298,2300
2298,2302
2298,2307
2300,2302
2300,2307
2300,2318
2302,2307
2307,2318
2318,2322
2322,2326
2322,2331
2326,2331
2331,2332
2331,2342
2331,2349
2332,2342
2332,2349
2332,2353
2342,2349
2349,2353
2353,2354
2354,2365
2365,2366
2365,2370
2365,2384
2366,2370
2370,2384
2384,2403
2384,2404
2384,2410
2384,2419
2403,2404
2404,2410
2410,2419
2419,2428
2428,2436
2428,2437
2428,2440
2436,2437
2437,2440
2437,2441
2437,2445
2437,2447
2440,2441
2441,2445
2441,2447
2445,2447
2447,2449
2447,2450
2447,2459
2449,2450
2450,2459
2450,2462
2459,2462
2459,2463
2459,2467
2459,2478
2462,2463
2462,2467
2462,2478
2462,2482
2462,2487
2462,2491
2463,2467
2467,2478
2467,2482
2467,2487
2478,2482
2482,2487
2482,2491
2487,2491
2487,2494
2487,2503
2491,2494
2491,2503
2491,2517
2494,2503
2494,2517
2494,2518
2503,2517
2517,2518
2517,2524
2518,2524
2518,2527
2518,2529
2524,2527
2527,2529
2529,2533
2533,2536
2533,2546
2536,2546
2536,2548
2536,2550
2536,2554
2546,2548
2548,2550
2550,2554
2550,2560
2554,2560
2554,2564
2560,2564
2564,2566
2564,2576
2566,2576
2566,2578
2566,2580
2576,2578
2576,2580
2578,2580
2578,2586
2578,2592
2578,2595
2580,2586
2586,2592
2592,2595
2592,2606
2595,2606
2595,2608
2606,2608
2608,2613
2608,2618
2608,2621
2613,2618
2618,2621
2621,2626
2621,2631
2626,2631
2631,2636
2636,2643
2643,2649
2649,2651
2651,2655
2655,2656
2655,2661
2655,2671
2655,2675
2656,2661
2661,2671
2661,2675
2671,2675
2671,2680
2671,2685
2671,2692
2675,2680
2675,2685
2675,2692
2675,2696
2680,2685
2680,2692
2685,2692
2685,2696
2692,2696
2692,2700
2692,2708
2692,2712
2696,2700
2696,2708
2696,2712
2700,2708
2700,2712
2708,2712
2712,2714
2712,2717
2712,2721
2714,2717
2717,2721
2721,2724
2724,2725
2724,2727
2724,2731
2724,2737
2724,2740
2724,2741
2725,2727
2725,2731
2727,2731
2727,2737
2727,2740
2731,2737
2731,2740
2731,2741
2731,2742
2731,2749
2737,2740
2740,2741
2740,2742
2741,2742
2742,2749
2742,2753
2749,2753
2749,2755
2749,2765
2749,2766
2753,2755
2753,2765
2755,2765
2755,2766
2755,2768
2755,2770
2765,2766
2765,2768
2766,2768
2766,2770
2766,2778
2766,2780
2768,2770
2770,2778
2778,2780
2778,2785
2778,2791
2778,2792
2778,2819
2778,2820
2780,2785
2780,2791
2780,2792
2780,2819
2785,2791
2785,2792
2785,2819
2785,2820
2791,2792
2792,2819
2792,2820
2819,2820
2820,2824
2820,2825
2820,2826
2824,2825
2825,2826
2825,2838
2825,2844
2826,2838
2826,2844
2826,2847
2826,2849
2838,2844
2844,2847
2847,2849
2849,2850
2850,2880
2850,2885
2850,2904
2880,2885
2885,2904
2885,2906
2885,2913
2904,2906
2906,2913
2913,2916
2913,2917
2913,2920
2916,2917
2917,2920
2920,2921
2920,2923
2921,2923
2923,2929
2929,2932
2929,2944
2929,2945
2929,2951
2932,2944
2944,2945
2944,2951
2945,2951
2951,2952
2951,2971
2952,2971
2952,2980
2952,2983
2971,2980
2980,2983
2983,2986
2983,2994
2986,2994
2994,3001
2994,3002
2994,3007
2994,3015
3001,3002
3001,3007
3001,3015
3001,3023
3002,3007
3007,3015
3007,3023
3015,3023
3023,3034
3023,3037
3023,3039
3023,3044
3023,3046
3034,3037
3037,3039
3037,3044
3037,3046
3037,3048
3039,3044
3044,3046
3044,3048
3046,3048
3046,3049
3048,3049
3048,3051
3048,3055
3048,3068
3048,3070
3048,3073
3049,3051
3049,3055
3049,3068
3051,3055
3051,3068
3055,3068
3055,3070
3055,3073
3055,3074
3068,3070
3070,3073
3073,3074
3073,3076
3073,3081
3073,3085
3073,3109
3074,3076
3076,3081
3076,3085
3076,3109
3081,3085
3085,3109
3109,3112
3112,3113
3112,3124
3112,3131
3113,3124
3124,3131
3124,3134
3124,3135
3124,3149
3124,3151
3131,3134
3134,3135
3135,3149
3149,3151
3149,3152
3149,3159
3149,3175
3151,3152
3152,3159
3159,3175
3175,3178
3175,3185
3175,3193
3175,3194
3178,3185
3178,3193
3185,3193
3185,3194
3185,3201
3185,3202
3193,3194
3194,3201
3201,3202
3201,3204
3202,3204
3204,3205
3204,3209
3204,3214
3205,3209
3205,3214
3209,3214
3214,3216
3216,3217
3217,3220
3217,3222
3217,3225
3217,3228
3217,3232
3220,3222
3222,3225
3222,3228
3222,3232
3222,3234
3225,3228
3228,3232
3228,3234
3232,3234
3232,3235
3232,3241
3234,3235
3235,3241
3241,3244
3244,3251
3251,3252
3251,3255
3251,3262
3251,3268
3251,3271
3252,3255
3255,3262
3255,3268
3255,3271
3262,3268
3262,3271
3268,3271
3268,3274
3271,3274
3271,3276
3271,3285
3274,3276
3274,3285
3274,3286
3274,3302
3276,3285
3276,3286
3276,3302
3276,3315
3276,3324
3285,3286
3286,3302
3302,3315
3315,3324
3324,3339
3324,3341
3339,3341
3339,3350
3341,3350
3341,3356
3350,3356
3350,3368
3350,3374
3356,3368
3368,3374
3368,3375
3374,3375
3375,3405
3375,3416
3405,3416
3416,3418
3416,3419
3416,3420
3418,3419
3419,3420
3420,3423
3423,3426
3426,3427
3426,3430
3427,3430
3430,3440
3440,3448
3448,3449
3448,3450
3449,3450
3450,3464
3450,3478
3464,3478
3478,3482
3482,3484
3482,3488
3482,3490
3484,3488
3488,3490
3488,3491
3488,3495
3488,3496
3490,3491
3490,3495
3490,3496
3490,3505
3491,3495
3495,3496
3496,3505
3505,3508
3505,3509
3505,3510
3508,3509
3509,3510
3510,3520
3520,3521
3521,3524
3524,3526
3524,3527
3526,3527
3527,3528
3528,3540
3540,3542
3542,3546
3542,3549
3542,3554
3542,3556
3542,3567
3546,3549
3549,3554
3554,3556
3556,3567
3567,3573
3567,3574
3573,3574
3573,3577
3573,3578
3573,3592
3574,3577
3574,3578
3577,3578
3577,3592
3577,3597
3577,3601
3577,3604
3578,3592
3592,3597
3592,3601
3592,3604
3597,3601
3601,3604
3604,3610
3610,3612
3610,3614
3612,3614
3612,3618
3614,3618
3618,3619
3618,3621
3618,3625
3618,3630
3619,3621
3621,3625
3621,3630
3621,3642
3625,3630
3625,3642
3625,3646
3625,3647
3625,3651
3625,3655
3630,3642
3630,3646
3642,3646
3646,3647
3647,3651
3647,3655
3651,3655
3651,3656
3655,3656
3655,3665
3655,3666
3656,3665
3665,3666
3666,3673
3666,3677
3666,3678
3666,3682
3673,3677
3673,3678
3673,3682
3677,3678
3678,3682
3682,3686
3686,3689
3686,3692
3686,3693
3686,3695
3686,3698
3689,3692
3689,3693
3692,3693
3693,3695
3695,3698
3695,3703
3695,3704
3698,3703
3698,3704
3703,3704
3704,3705
3704,3711
3704,3714
3704,3718
3705,3711
3705,3714
3705,3718
3705,3719
3711,3714
3711,3718
3714,3718
3718,3719
3719,3723
3719,3729
3719,3731
3723,3729
3729,3731
3729,3732
3731,3732
3731,3733
3731,3734
3731,3735
3732,3733
3733,3734
3734,3735
3735,3739
3739,3744
3744,3745
3745,3751
3745,3756
3751,3756
3756,3760
3760,3763
3763,3770
3770,3781
3770,3784
3770,3785
3781,3784
3781,3785
3781,3787
3784,3785
3784,3787
3784,3790
3784,3793
3785,3787
3787,3790
3790,3793
3793,3801
3801,3808
3808,3813
3813,3818
3813,3820
3818,3820
3820,3825
3825,3832
3832,3836
3832,3837
3832,3839
3836,3837
3836,3839
3837,3839
3839,3840
3839,3847
3839,3850
3840,3847
3840,3850
3840,3861
3840,3871
3840,3874
3847,3850
3847,3861
3847,3871
3850,3861
3850,3871
3850,3874
3850,3878
3861,3871
3871,3874
3874,3878
3878,3880
3878,3881
3880,3881
3880,3887
3880,3888
3880,3896
3881,3887
3887,3888
3887,3896
3887,3898
3888,3896
3896,3898
3896,3904
3896,3908
3898,3904
3898,3908
3904,3908
3908,3911
3911,3913
3911,3914
3911,3922
3911,3929
3911,3932
3911,3933
3913,3914
3913,3922
3914,3922
3914,3929
3922,3929
3922,3932
3922,3933
3929,3932
3929,3933
3932,3933
3932,3947
3932,3951
3933,3947
3947,3951
3951,3955
3951,3964
3955,3964
3964,3965
3965,3967
3965,3969
3967,3969
3967,3982
3967,3989
3969,3982
3969,3989
3969,3991
3982,3989
3982,3991
3989,3991
3989,3998
3989,4000
3991,3998
3991,4000
3998,4000
4000,4004
4004,4008
4008,4013
4008,4018
4013,4018
4018,4022
4022,4035
4022,4037
4035,4037
4035,4042
4035,4045
4035,4046
4037,4042
4042,4045
4042,4046
4042,4048
4045,4046
4046,4048
4046,4052
4048,4052
4048,4057
4048,4072
4048,4073
4052,4057
4057,4072
4072,4073
4073,4076
4076,4078
4076,4081
4076,4089
4078,4081
4081,4089
4081,4091
4081,4094
4089,4091
4089,4094
4091,4094
4094,4096
4094,4101
4096,4101
4101,4106
4106,4107
4106,4111
4106,4118
4106,4119
4106,4125
4107,4111
4111,4118
4118,4119
4119,4125
4119,4131
4125,4131
4125,4133
4131,4133
4133,4142
4142,4148
4142,4149
4142,4155
4148,4149
4149,4155
4149,4158
4155,4158
4158,4168
4168,4169
4168,4173
4169,4173
4169,4180
4169,4185
4173,4180
4173,4185
4173,4188
4180,4185
4180,4188
4180,4191
4180,4192
4185,4188
4185,4191
4185,4192
4185,4193
4188,4191
4188,4192
4191,4192
4192,4193
4193,4196
4193,4197
4193,4199
4193,4210
4196,4197
4196,4199
4197,4199
4197,4210
4197,4213
4199,4210
4210,4213
4213,4217
4213,4224
4213,4225
4217,4224
4217,4225
4217,4229
4217,4231
4217,4238
4224,4225
4225,4229
4229,4231
4229,4238
4231,4238
4238,4240
4238,4245
4238,4251
4238,4253
4240,4245
4245,4251
4251,4253
4251,4260
4251,4262
4251,4281
4253,4260
4253,4262
4253,4281
4260,4262
4260,4281
4260,4283
4260,4284
4260,4285
4262,4281
4262,4283
4262,4284
4262,4285
4281,4283
4281,4284
4281,4285
4281,4287
4283,4284
4284,4285
4285,4287
4285,4290
4287,4290
4290,4291
4291,4297
4291,4312
4291,4316
4291,4318
4291,4325
4297,4312
4312,4316
4316,4318
4318,4325
4325,4328
4325,4329
4328,4329
4329,4333
4329,4347
4329,4349
4333,4347
4333,4349
4333,4357
4333,4362
4347,4349
4347,4357
4347,4362
4347,4384
4347,4389
4349,4357
4349,4362
4357,4362
4362,4384
4362,4389
4384,4389
4384,4392
4389,4392
4392,4398
4398,4399
4398,4410
4398,4411
4398,4412
4399,4410
4410,4411
4411,4412
4411,4430
4411,4440
4411,4444
4412,4430
4430,4440
4440,4444
4440,4445
4440,4450
4440,4451
4444,4445
4444,4450
4444,4451
4445,4450
4450,4451
4450,4457
4451,4457
4457,4460
4457,4461
4457,4462
4460,4461
4461,4462
4462,4464
4462,4478
4464,4478
4478,4482
4478,4485
4482,4485
4482,4491
4485,4491
4491,4492
4492,4494
4494,4495
4494,4501
4494,4509
4494,4511
4495,4501
4495,4509
4495,4511
4501,4509
4509,4511
4509,4513
4509,4515
4511,4513
4511,4515
4511,4523
4511,4531
4513,4515
4515,4523
4515,4531
4515,4533
4515,4545
4523,4531
4523,4533
4523,4545
4531,4533
4533,4545
4533,4550
4533,4551
4545,4550
4550,4551
4550,4552
4550,4555
4551,4552
4551,4555
4551,4556
4551,4562
4551,4573
4552,4555
4552,4556
4555,4556
4556,4562
4562,4573
4562,4578
4562,4582
4562,4584
4573,4578
4573,4582
4573,4584
4578,4582
4582,4584
4582,4592
4582,4599
4582,4600
4582,4627
4582,4631
4584,4592
4592,4599
4592,4600
4599,4600
4599,4627
4600,4627
4627,4631
4627,4642
4627,4652
4631,4642
4631,4652
4631,4661
4642,4652
4642,4661
4642,4669
4652,4661
4661,4669
4669,4676
4669,4679
4676,4679
4676,4702
4679,4702
4702,4706
4702,4708
4706,4708
4706,4717
4708,4717
4708,4722
4717,4722
4722,4723
4723,4732
4732,4736
4732,4744
4732,4757
4732,4764
4732,4766
4732,4768
4736,4744
4744,4757
4757,4764
4757,4766
4764,4766
4764,4768
4766,4768
4768,4769
4768,4772
4768,4774
4768,4781
4769,4772
4772,4774
4772,4781
4772,4784
4772,4791
4772,4796
4772,4797
4774,4781
4781,4784
4784,4791
4791,4796
4796,4797
4796,4801
4797,4801
4801,4813
4813,4816
4816,4817
4817,4818
4818,4828
4818,4829
4818,4831
4828,4829
4829,4831
4831,4833
4833,4837
4837,4838
4838,4849
4849,4850
4849,4854
4850,4854
4854,4855
4855,4857
4857,4859
4859,4883
4859,4884
4883,4884
4883,4892
4884,4892
4892,4894
4894,4900
4900,4901
4901,4907
4907,4915
4907,4919
4907,4923
4915,4919
4919,4923
4919,4924
4923,4924
4924,4929
4929,4933
4929,4940
4929,4944
4933,4940
4933,4944
4933,4965
4940,4944
4944,4965
4944,4967
4944,4970
4965,4967
4965,4970
4965,4974
4967,4970
4967,4974
4967,4990
4970,4974
4974,4990
4974,4993
4974,4995
4990,4993
4990,4995
4990,5000
4993,4995
4993,5000
4993,5005
4995,5000
4995,5005
4995,5006
4995,5009
5000,5005
5005,5006
5006,5009
5006,5014
5009,5014
5009,5024
5009,5027
5009,5029
5014,5024
5014,5027
5024,5027
5027,5029
5029,5035
5035,5038
5035,5040
5038,5040
5040,5041
5041,5044
5041,5048
5044,5048
5044,5050
5048,5050
5050,5052
5050,5060
5052,5060
5052,5062
5060,5062
5062,5065
5065,5067
5065,5070
5065,5077
5065,5079
5067,5070
5067,5077
5070,5077
5070,5079
5070,5081
5077,5079
5077,5081
5077,5086
5079,5081
5079,5086
5079,5088
5081,5086
5081,5088
5081,5097
5086,5088
5088,5097
5088,5098
5088,5110
5088,5114
5097,5098
5097,5110
5097,5114
5098,5110
5110,5114
5110,5117
5110,5122
5110,5124
5110,5132
5110,5135
5114,5117
5117,5122
5122,5124
5124,5132
5132,5135
5135,5136
5135,5146
5135,5148
5135,5159
5135,5173
5135,5174
5135,5180
5136,5146
5146,5148
5148,5159
5159,5173
5173,5174
5173,5180
5173,5181
5174,5180
5180,5181
5180,5182
5180,5191
5180,5195
5181,5182
5181,5191
5181,5195
5181,5197
5181,5203
5182,5191
5182,5195
5191,5195
5191,5197
5191,5203
5191,5212
5195,5197
5195,5203
5195,5212
5197,5203
5203,5212
5203,5214
5212,5214
5214,5218
5214,5221
5218,5221
5221,5234
5221,5235
5221,5239
5221,5240
5221,5244
5234,5235
5234,5239
5235,5239
5235,5240
5235,5244
5239,5240
5239,5244
5239,5258
5240,5244
5244,5258
5258,5261
5261,5269
5261,5272
5261,5280
5261,5287
5261,5289
5269,5272
5269,5280
5272,5280
5280,5287
5287,5289
5287,5290
5287,5292
5287,5303
5289,5290
5290,5292
5292,5303
5303,5306
5303,5310
5306,5310
5306,5315
5306,5316
5310,5315
5315,5316
5315,5322
5316,5322
5322,5325
5322,5342
5325,5342
5325,5350
5325,5351
5325,5356
5325,5364
5325,5365
5342,5350
5350,5351
5351,5356
5351,5364
5351,5365
5356,5364
5364,5365
5364,5368
5364,5371
5365,5368
5368,5371
5368,5378
5371,5378
5371,5381
5371,5382
5378,5381
5378,5382
5381,5382
5381,5388
5381,5389
5382,5388
5388,5389
5389,5392
5392,5394
5392,5402
5392,5404
5392,5417
5392,5420
5392,5422
5394,5402
5402,5404
5402,5417
5402,5420
5404,5417
5404,5420
5404,5422
5404,5425
5404,5428
5404,5430
5417,5420
5420,5422
5422,5425
5425,5428
5425,5430
5428,5430
5430,5434
5430,5444
5434,5444
5434,5445
5434,5446
5434,5449
5444,5445
5444,5446
5444,5449
5444,5454
5445,5446
5445,5449
5445,5454
5446,5449
5449,5454
5449,5468
5454,5468
5454,5473
5454,5488
5454,5489
5468,5473
5473,5488
5473,5489
5473,5490
5488,5489
5488,5490
5488,5493
5488,5497
5489,5490
5490,5493
5493,5497
5497,5499
5499,5500
5499,5501
5500,5501
5500,5502
5501,5502
5502,5509
5509,5514
5514,5517
5517,5520
5517,5531
5520,5531
5520,5534
5520,5535
5531,5534
5534,5535
5534,5540
5534,5546
5535,5540
5535,5546
5535,5547
5540,5546
5546,5547
5547,5548
5547,5550
5548,5550
5550,5553
5550,5562
5550,5565
5550,5568
5553,5562
5553,5565
5553,5568
5562,5565
5562,5568
5562,5579
5565,5568
5568,5579
5579,5588
5588,5593
5593,5596
5596,5598
5598,5604
5604,5611
5611,5612
5611,5623
5612,5623
5623,5627
5627,5647
5647,5654
5647,5655
5647,5658
5647,5662
5647,5666
5647,5669
5654,5655
5655,5658
5655,5662
5655,5666
5655,5669
5658,5662
5658,5666
5662,5666
5662,5669
5662,5677
5662,5680
5662,5681
5666,5669
5669,5677
5669,5680
5669,5681
5669,5686
5669,5687
5677,5680
5677,5681
5677,5686
5677,5687
5677,5689
5677,5691
5677,5699
5680,5681
5681,5686
5686,5687
5686,5689
5687,5689
5689,5691
5689,5699
5691,5699
5699,5703
5703,5708
5703,5714
5708,5714
5714,5720
5720,5721
5721,5735
5735,5739
5739,5742
5742,5755
5742,5762
5755,5762
5762,5765
5765,5768
5768,5775
5775,5776
5776,5784
5784,5788
5784,5790
5784,5791
5784,5797
5788,5790
5788,5791
5790,5791
5791,5797
5797,5804
5804,5825
5804,5829
5804,5835
5804,5851
5825,5829
5825,5835
5825,5851
5829,5835
5829,5851
5835,5851
5835,5855
5835,5862
5851,5855
5851,5862
5855,5862
5855,5872
5855,5875
5862,5872
5862,5875
5872,5875
5872,5877
5872,5879
5875,5877
5877,5879
5877,5880
5879,5880
5880,5882
5882,5888
5882,5890
5888,5890
5888,5893
5890,5893
5890,5894
5893,5894
5893,5900
5893,5907
5893,5912
5894,5900
5900,5907
5907,5912
5907,5913
5907,5919
5912,5913
5913,5919
5919,5930
5919,5935
5930,5935
5935,5946
5946,5947
5946,5954
5946,5956
5947,5954
5947,5956
5947,5957
5947,5972
5947,5975
5954,5956
5956,5957
5957,5972
5972,5975
5975,5979
5979,5999
5999,6007
6007,6013
6007,6015
6013,6015
6015,6023
6023,6025
6023,6026
6023,6028
6023,6029
6023,6032
6025,6026
6026,6028
6028,6029
6029,6032
6029,6038
6029,6040
6032,6038
6038,6040
6040,6043
6043,6044
6044,6048
6044,6050
6048,6050
6050,6055
6055,6057
6057,6060
6057,6065
6057,6066
6060,6065
6065,6066
6065,6074
6065,6082
6065,6116
6066,6074
6074,6082
6074,6116
6082,6116
6116,6130
6130,6132
6132,6133
6133,6142
6133,6143
6142,6143
6142,6144
6142,6147
6143,6144
6144,6147
6144,6151
6144,6152
6144,6153
6147,6151
6151,6152
6151,6153
6152,6153
6153,6155
6153,6156
6155,6156
6156,6158
6156,6163
6158,6163
6158,6164
6163,6164
6163,6165
6163,6166
6163,6167
6163,6169
6164,6165
6164,6166
6164,6167
6165,6166
6165,6167
6166,6167
6167,6169
6169,6171
6171,6174
6174,6176
6176,6177
6176,6179
6176,6186
6176,6187
6177,6179
6179,6186
6186,6187
6186,6204
6186,6218
6187,6204
6187,6218
6187,6223
6204,6218
6218,6223
6218,6224
6218,6228
6218,6230
6223,6224
6224,6228
6224,6230
6224,6238
6224,6239
6228,6230
6230,6238
6238,6239
6239,6244
6239,6246
6244,6246
6246,6249
6246,6251
6246,6254
6246,6257
6249,6251
6249,6254
6251,6254
6251,6257
6251,6262
6251,6287
6251,6288
6251,6290
6251,6292
6254,6257
6257,6262
6262,6287
6262,6288
6262,6290
6287,6288
6287,6290
6288,6290
6288,6292
6288,6307
6290,6292
6290,6307
6292,6307
6307,6310
6307,6315
6307,6320
6307,6332
6310,6315
6310,6320
6315,6320
6320,6332
6332,6341
6332,6348
6341,6348
6348,6349
6348,6352
6349,6352
6352,6353
6352,6363
6353,6363
6353,6367
6363,6367
6367,6369
6367,6370
6367,6382
6369,6370
6369,6382
6369,6385
6370,6382
6382,6385
6382,6391
6385,6391
6385,6392
6385,6396
6385,6398
6391,6392
6391,6396
6391,6398
6391,6399
6391,6405
6392,6396
6392,6398
6396,6398
6398,6399
6398,6405
6399,6405
6399,6407
6405,6407
6407,6411
6411,6415
6415,6418
6415,6422
6418,6422
6422,6423
6423,6432
6423,6435
6432,6435
6435,6438
6435,6440
6438,6440
6438,6441
6438,6446
6438,6448
6438,6452
6438,6456
6438,6457
6440,6441
6441,6446
6446,6448
6448,6452
6448,6456
6448,6457
6452,6456
6456,6457
6456,6460
6457,6460
6460,6471
6471,6473
6471,6475
6471,6476
6473,6475
6473,6476
6475,6476
6475,6477
6475,6479
6475,6485
6476,6477
6476,6479
6477,6479
6477,6485
6479,6485
6479,6490
6479,6493
6479,6495
6485,6490
6490,6493
6490,6495
6493,6495
6493,6497
6493,6498
6493,6500
6493,6505
6495,6497
6495,6498
6497,6498
6497,6500
6497,6505
6498,6500
6500,6505
6500,6509
6500,6515
6500,6516
6500,6526
6505,6509
6505,6515
6509,6515
6509,6516
6515,6516
6516,6526
6516,6536
6526,6536
6536,6538
6536,6543
6536,6547
6536,6548
6538,6543
6538,6547
6543,6547
6547,6548
6548,6567
6548,6570
6567,6570
6570,6589
6589,6596
6596,6599
6596,6600
6596,6615
6599,6600
6600,6615
6600,6617
6615,6617
6617,6627
6627,6640
6627,6643
6627,6655
6627,6662
6627,6670
6640,6643
6640,6655
6640,6662
6643,6655
6655,6662
6662,6670
6662,6672
6662,6673
6662,6676
6670,6672
6672,6673
6672,6676
6672,6677
6672,6682
6673,6676
6673,6677
6673,6682
6673,6683
6676,6677
6677,6682
6677,6683
6677,6685
6677,6688
6677,6689
6682,6683
6682,6685
6683,6685
6685,6688
6688,6689
6688,6690
6688,6697
6688,6700
6689,6690
6689,6697
6689,6700
6690,6697
6697,6700
6697,6701
6697,6703
6697,6706
6697,6708
6700,6701
6701,6703
6701,6706
6703,6706
6703,6708
6703,6709
6703,6729
6706,6708
6706,6709
6706,6729
6708,6709
6708,6729
6708,6736
6709,6729
6729,6736
6729,6737
6729,6738
6729,6745
6729,6752
6729,6755
6729,6760
6729,6761
6736,6737
6737,6738
6737,6745
6737,6752
6738,6745
6745,6752
6745,6755
6745,6760
6745,6761
6745,6781
6745,6782
6752,6755
6752,6760
6755,6760
6760,6761
6761,6781
6761,6782
6761,6783
6761,6786
6781,6782
6782,6783
6782,6786
6782,6788
6782,6792
6782,6794
6783,6786
6783,6788
6783,6792
6786,6788
6786,6792
6786,6794
6786,6795
6788,6792
6788,6794
6788,6795
6788,6796
6788,6798
6788,6799
6788,6809
6788,6812
6788,6823
6792,6794
6794,6795
6795,6796
6796,6798
6796,6799
6796,6809
6798,6799
6798,6809
6798,6812
6798,6823
6799,6809
6809,6812
6812,6823
6812,6827
6812,6841
6812,6842
6812,6843
6812,6844
6823,6827
6823,6841
6827,6841
6841,6842
6842,6843
6843,6844
6844,6846
6844,6847
6844,6851
6846,6847
6846,6851
6846,6852
6846,6856
6846,6857
6847,6851
6851,6852
6852,6856
6856,6857
6856,6858
6856,6862
6857,6858
6858,6862
6862,6871
6862,6875
6862,6887
6862,6889
6871,6875
6871,6887
6875,6887
6887,6889
6889,6890
6889,6892
6889,6906
6889,6912
6890,6892
6890,6906
6892,6906
6906,6912
6906,6915
6906,6924
6906,6929
6912,6915
6915,6924
6924,6929
6924,6934
6929,6934
6929,6937
6934,6937
6934,6943
6934,6946
6937,6943
6937,6946
6943,6946
6943,6954
6946,6954
6946,6955
6946,6960
6954,6955
6955,6960
6960,6962
6962,6966
6966,6971
6966,6980
6971,6980
6971,6982
6980,6982
6980,6987
6980,6989
6982,6987
6987,6989
6989,6994
6994,6996
6994,7005
6994,7016
6996,7005
6996,7016
6996,7033
6996,7040
7005,7016
7005,7033
7005,7040
7005,7042
7016,7033
7033,7040
7040,7042
7040,7043
7042,7043
7042,7046
7043,7046
7046,7055
7046,7062
7046,7063
7046,7082
7046,7083
7055,7062
7055,7063
7055,7082
7062,7063
7062,7082
7062,7083
7063,7082
7063,7083
7063,7084
7063,7085
7063,7090
7063,7093
7063,7096
7082,7083
7082,7084
7082,7085
7083,7084
7083,7085
7084,7085
7084,7090
7085,7090
7085,7093
7085,7096
7085,7104
7085,7107
7090,7093
7090,7096
7093,7096
7093,7104
7093,7107
7093,7108
7096,7104
7104,7107
7104,7108
7104,7109
7104,7111
7107,7108
7108,7109
7109,7111
7111,7115
7111,7125
7111,7127
7111,7131
7111,7141
7111,7148
7115,7125
7125,7127
7127,7131
7127,7141
7127,7148
7127,7149
7131,7141
7141,7148
7148,7149
7148,7153
7148,7160
7148,7171
7149,7153
7149,7160
7153,7160
7160,7171
7171,7172
7172,7190
7190,7194
7190,7199
7194,7199
7194,7200
7199,7200
7199,7224
7199,7230
7199,7240
7200,7224
7224,7230
7230,7240
7230,7241
7230,7243
7230,7244
7230,7245
7240,7241
7240,7243
7241,7243
7241,7244
7241,7245
7243,7244
7244,7245
7244,7249
7244,7250
7245,7249
7249,7250
7249,7251
7250,7251
7250,7255
7251,7255
7255,7256
7256,7260
7260,7271
7260,7272
7271,7272
7272,7278
7278,7280
7280,7288
7288,7304
7288,7311
7288,7315
7288,7317
7304,7311
7311,7315
7311,7317
7315,7317
7315,7321
7317,7321
7317,7322
7321,7322
7321,7323
7321,7327
7322,7323
7322,7327
7322,7329
7323,7327
7327,7329
7327,7338
7327,7340
7329,7338
7329,7340
7338,7340
7338,7347
7338,7348
7338,7349
7340,7347
7347,7348
7347,7349
7347,7359
7348,7349
7348,7359
7348,7370
7349,7359
7359,7370
7359,7371
7359,7380
7359,7385
7370,7371
7371,7380
7371,7385
7371,7392
7380,7385
7385,7392
7392,7396
7392,7402
7396,7402
7396,7404
7402,7404
7402,7408
7404,7408
7404,7414
7404,7421
7408,7414
7414,7421
7414,7425
7421,7425
7421,7430
7425,7430
7430,7432
7432,7433
7432,7436
7433,7436
7433,7437
7433,7438
7433,7439
7433,7443
7433,7451
7433,7453
7433,7463
7433,7464
7436,7437
7436,7438
7437,7438
7437,7439
7438,7439
7439,7443
7443,7451
7451,7453
7451,7463
7453,7463
7453,7464
7453,7466
7453,7468
7463,7464
7463,7466
7463,7468
7464,7466
7466,7468
7466,7471
7466,7474
7466,7480
7466,7481
7468,7471
7468,7474
7468,7480
7471,7474
7474,7480
7480,7481
7481,7483
7481,7486
7483,7486
7486,7487
7487,7489
7489,7491
7491,7494
7494,7496
7494,7497
7494,7498
7496,7497
7496,7498
7496,7500
7497,7498
7497,7500
7498,7500
7500,7505
7505,7518
7505,7519
7505,7520
7505,7525
7505,7534
7518,7519
7518,7520
7518,7525
7519,7520
7520,7525
7520,7534
7520,7537
7520,7538
7525,7534
7534,7537
7534,7538
7537,7538
7537,7540
7537,7543
7537,7546
7538,7540
7540,7543
7543,7546
7543,7552
7543,7554
7543,7555
7546,7552
7546,7554
7552,7554
7552,7555
7552,7557
7554,7555
7555,7557
7555,7566
7555,7567
7555,7586
7555,7591
7557,7566
7557,7567
7557,7586
7557,7591
7557,7593
7557,7598
7557,7604
7566,7567
7567,7586
7567,7591
7586,7591
7586,7593
7586,7598
7591,7593
7593,7598
7598,7604
7598,7608
7604,7608
7608,7609
7608,7620
7609,7620
7620,7629
7620,7634
7620,7637
7629,7634
7629,7637
7634,7637
7634,7638
7637,7638
7637,7641
7638,7641
7641,7644
7641,7650
7641,7651
7641,7653
7644,7650
7644,7651
7650,7651
7651,7653
7651,7654
7653,7654
7653,7659
7653,7662
7654,7659
7654,7662
7654,7667
7659,7662
7662,7667
7667,7671
7667,7674
7667,7677
7667,7681
7671,7674
7671,7677
7671,7681
7674,7677
7677,7681
7681,7686
7686,7702
7702,7704
7704,7710
7704,7711
7704,7715
7710,7711
7711,7715
7711,7722
7711,7728
7711,7739
7715,7722
7722,7728
7728,7739
7728,7741
7739,7741
7741,7748
7741,7749
7741,7751
7748,7749
7749,7751
7751,7754
7754,7756
7754,7762
7756,7762
7762,7763
7762,7769
7763,7769
7763,7773
7763,7775
7763,7776
7763,7779
7763,7792
7769,7773
7769,7775
7773,7775
7775,7776
7775,7779
7776,7779
7779,7792
7779,7799
7779,7804
7779,7806
7779,7812
7779,7819
7792,7799
7799,7804
7799,7806
7799,7812
7799,7819
7799,7821
7804,7806
7804,7812
7804,7819
7806,7812
7812,7819
7812,7821
7819,7821
7819,7825
7819,7830
7821,7825
7821,7830
7821,7832
7821,7839
7821,7843
7821,7855
7825,7830
7825,7832
7830,7832
7830,7839
7832,7839
7839,7843
7843,7855
7855,7856
7855,7860
7856,7860
7856,7867
7860,7867
7867,7882
7867,7883
7867,7892
7882,7883
7882,7892
7882,7896
7883,7892
7883,7896
7892,7896
7896,7898
7896,7899
7896,7905
7898,7899
7899,7905
7899,7906
7899,7910
7905,7906
7905,7910
7905,7913
7906,7910
7906,7913
7906,7915
7910,7913
7910,7915
7913,7915
7915,7923
7923,7926
7923,7934
7926,7934
7934,7938
7934,7944
7934,7945
7938,7944
7938,7945
7938,7946
7938,7947
7938,7951
7938,7953
7938,7962
7944,7945
7945,7946
7946,7947
7946,7951
7946,7953
7946,7962
7946,7964
7947,7951
7947,7953
7947,7962
7947,7964
7947,7965
7951,7953
7951,7962
7951,7964
7951,7965
7951,7978
7951,7991
7953,7962
7953,7964
7953,7965
7953,7978
7962,7964
7962,7965
7962,7978
7964,7965
7964,7978
7964,7991
7965,7978
7965,7991
7978,7991
7978,7992
7978,7997
7978,8001
7991,7992
7992,7997
7992,8001
7992,8014
7992,8015
7992,8018
7997,8001
7997,8014
7997,8015
8001,8014
8001,8015
8014,8015
8015,8018
8015,8023
8015,8025
8015,8029
8015,8037
8015,8038
8015,8042
8018,8023
8018,8025
8023,8025
8023,8029
8025,8029
8025,8037
8025,8038
8029,8037
8029,8038
8029,8042
8029,8047
8037,8038
8038,8042
8038,8047
8042,8047
8042,8048
8042,8050
8042,8053
8047,8048
8047,8050
8047,8053
8047,8060
8048,8050
8050,8053
8050,8060
8050,8062
8053,8060
8053,8062
8053,8064
8060,8062
8062,8064
8062,8066
8062,8067
8062,8073
8062,8074
8064,8066
8066,8067
8066,8073
8067,8073
8067,8074
8073,8074
8073,8083
8073,8088
8074,8083
8074,8088
8074,8096
8074,8101
8074,8105
8083,8088
8083,8096
8083,8101
8083,8105
8088,8096
8088,8101
8088,8105
8096,8101
8101,8105
8101,8109
8101,8111
8101,8117
8105,8109
8109,8111
8111,8117
8117,8118
8118,8120
8120,8124
8124,8126
8126,8128
8126,8130
8126,8133
8126,8135
8126,8139
8128,8130
8128,8133
8130,8133
8133,8135
8135,8139
8139,8144
8139,8147
8139,8149
8139,8162
8139,8167
8144,8147
8144,8149
8147,8149
8147,8162
8147,8167
8147,8170
8147,8175
8149,8162
8162,8167
8167,8170
8170,8175
8175,8199
8175,8201
8175,8203
8199,8201
8201,8203
8203,8207
8203,8211
8203,8213
8207,8211
8207,8213
8211,8213
8211,8221
8213,8221
8221,8226
8226,8229
8226,8231
8229,8231
8231,8233
8233,8235
8235,8238
8238,8239
8239,8243
8243,8249
8243,8251
8243,8255
8249,8251
8249,8255
8251,8255
8255,8270
8270,8282
8282,8284
8282,8285
8282,8289
8282,8300
8282,8305
8284,8285
8284,8289
8285,8289
8285,8300
8289,8300
8300,8305
8300,8306
8300,8308
8305,8306
8306,8308
8308,8310
8310,8315
8310,8317
8315,8317
8315,8319
8315,8325
8315,8329
8317,8319
8317,8325
8317,8329
8319,8325
8325,8329
8325,8337
8325,8339
8329,8337
8329,8339
8329,8343
8337,8339
8339,8343
8339,8349
8339,8351
8343,8349
8343,8351
8349,8351
8351,8353
8351,8354
8351,8360
8353,8354
8353,8360
8353,8363
8353,8364
8353,8366
8353,8370
8354,8360
8360,8363
8360,8364
8360,8366
8360,8370
8363,8364
8363,8366
8363,8370
8364,8366
8366,8370
8370,8379
8370,8385
8370,8390
8370,8396
8370,8397
8370,8399
8370,8406
8370,8409
8379,8385
8379,8390
8379,8396
8385,8390
8390,8396
8390,8397
8396,8397
8396,8399
8396,8406
8397,8399
8399,8406
8399,8409
8406,8409
8406,8412
8409,8412
8412,8420
8420,8425
8420,8429
8420,8431
8425,8429
8425,8431
8425,8436
8425,8438
8425,8439
8429,8431
8429,8436
8429,8438
8429,8439
8431,8436
8431,8438
8431,8439
8431,8440
8431,8444
8436,8438
8436,8439
8436,8440
8438,8439
8439,8440
8439,8444
8439,8448
8440,8444
8444,8448
8444,8458
8444,8468
8444,8472
8444,8475
8448,8458
8448,8468
8448,8472
8448,8475
8458,8468
8468,8472
8468,8475
8468,8488
8472,8475
8472,8488
8475,8488
8475,8493
8488,8493
8488,8500
8493,8500
8493,8514
8493,8516
8493,8522
8493,8526
8500,8514
8500,8516
8500,8522
8500,8526
8500,8530
8514,8516
8514,8522
8516,8522
8522,8526
8522,8530
8522,8546
8522,8561
8522,8562
8526,8530
8530,8546
8530,8561
8530,8562
8546,8561
8561,8562
8562,8564
8564,8568
8564,8573
8568,8573
8568,8578
8568,8582
8573,8578
8573,8582
8578,8582
8578,8591
8582,8591
8582,8592
8582,8597
8582,8605
8591,8592
8592,8597
8592,8605
8597,8605
8597,8615
8597,8616
8605,8615
8615,8616
8616,8617
8617,8620
8617,8628
8617,8629
8617,8633
8620,8628
8628,8629
8628,8633
8628,8636
8628,8643
8628,8644
8629,8633
8629,8636
8633,8636
8633,8643
8633,8644
8636,8643
8643,8644
8644,8645
8645,8646
8646,8648
8648,8652
8652,8660
8652,8664
8660,8664
8660,8667
8660,8668
8664,8667
8664,8668
8667,8668
8667,8681
8667,8686
8667,8688
8667,8691
8667,8694
8668,8681
8668,8686
8681,8686
8686,8688
8686,8691
8686,8694
8688,8691
8691,8694
8694,8700
8700,8701
8701,8704
8701,8706
8701,8708
8701,8719
8704,8706
8704,8708
8704,8719
8704,8721
8706,8708
8706,8719
8706,8721
8708,8719
8708,8721
8719,8721
8719,8723
8719,8725
8721,8723
8721,8725
8721,8727
8721,8730
8721,8733
8723,8725
8725,8727
8725,8730
8725,8733
8727,8730
8727,8733
8727,8736
8730,8733
8733,8736
8736,8738
8738,8754
8754,8755
8755,8758
8755,8759
8758,8759
8758,8764
8758,8768
8759,8764
8759,8768
8759,8777
8759,8783
8764,8768
8768,8777
8777,8783
8777,8787
8783,8787
8787,8791
8791,8793
8793,8794
8793,8796
8793,8799
8794,8796
8796,8799
8799,8800
8799,8818
8800,8818
8800,8834
8818,8834
8818,8845
8818,8849
8834,8845
8845,8849
8849,8860
8849,8864
8849,8868
8849,8869
8849,8874
8860,8864
8864,8868
8868,8869
8868,8874
8868,8881
8869,8874
8874,8881
8874,8886
8874,8893
8874,8896
8881,8886
8886,8893
8893,8896
8893,8897
8893,8898
8896,8897
8896,8898
8897,8898
8897,8899
8897,8900
8897,8913
8897,8915
8898,8899
8898,8900
8898,8913
8898,8915
8898,8921
8899,8900
8899,8913
8899,8915
8899,8921
8899,8922
8900,8913
8913,8915
8913,8921
8913,8922
8915,8921
8921,8922
8921,8925
8921,8927
8921,8929
8922,8925
8925,8927
8927,8929
8929,8939
8929,8940
8939,8940
8939,8943
8940,8943
8940,8945
8943,8945
8945,8948
8945,8957
8948,8957
8957,8958
8958,8962
8962,8969
8962,8972
8969,8972
8972,8980
8980,8985
8980,8998
8980,9007
8985,8998
8985,9007
8998,9007
9007,9010
9007,9019
9007,9023
9010,9019
9010,9023
9010,9025
9019,9023
9019,9025
9023,9025
9025,9028
9028,9037
9028,9043
9037,9043
9043,9047
9043,9049
9043,9053
9047,9049
9047,9053
9047,9054
9047,9055
9047,9056
9049,9053
9049,9054
9049,9055
9049,9056
9053,9054
9053,9055
9053,9056
9053,9060
9053,9072
9054,9055
9055,9056
9055,9060
9055,9072
9055,9076
9056,9060
9056,9072
9060,9072
9060,9076
9060,9080
9060,9096
9072,9076
9072,9080
9072,9096
9076,9080
9076,9096
9080,9096
9096,9112
9096,9116
9096,9118
9096,9120
9112,9116
9116,9118
9116,9120
9116,9124
9118,9120
9120,9124
9120,9125
9120,9127
9120,9129
9120,9134
9124,9125
9125,9127
9127,9129
9129,9134
9134,9145
9145,9147
9147,9149
9149,9151
9151,9152
9152,9154
9154,9158
9158,9163
9163,9164
9163,9166
9163,9167
9164,9166
9164,9167
9164,9177
9164,9179
9164,9181
9166,9167
9166,9177
9166,9179
9167,9177
9177,9179
9179,9181
9179,9182
9179,9189
9179,9190
9181,9182
9182,9189
9189,9190
9190,9196
9196,9200
9200,9213
9213,9215
9215,9222
9215,9225
9215,9237
9215,9238
9215,9240
9222,9225
9225,9237
9225,9238
9225,9240
9237,9238
9237,9240
9238,9240
9238,9242
9238,9246
9240,9242
9240,9246
9242,9246
9246,9257
9246,9260
9246,9264
9257,9260
9257,9264
9260,9264
9264,9275
9275,9281
9281,9286
9286,9290
9286,9295
9290,9295
9290,9307
9290,9314
9290,9319
9295,9307
9307,9314
9307,9319
9307,9325
9307,9326
9314,9319
9314,9325
9314,9326
9314,9327
9319,9325
9325,9326
9325,9327
9325,9335
9326,9327
9327,9335
9335,9338
9335,9339
9335,9341
9338,9339
9339,9341
9341,9359
9341,9361
9359,9361
9361,9365
9365,9368
9368,9378
9378,9383
9383,9385
9385,9388
9388,9392
9392,9400
9400,9402
9400,9403
9402,9403
9403,9407
9407,9408
9408,9413
9413,9415
9415,9417
9415,9419
9415,9429
9417,9419
9419,9429
9429,9431
9431,9433
9431,9448
9431,9459
9433,9448
9433,9459
9433,9471
9433,9472
9433,9490
9433,9493
9448,9459
9459,9471
9471,9472
9472,9490
9490,9493
9490,9494
9490,9504
9493,9494
9494,9504
9494,9510
9494,9511
9504,9510
9504,9511
9510,9511
9510,9522
9511,9522
9522,9523
9522,9526
9523,9526
9523,9538
9523,9541
9526,9538
9538,9541
9538,9544
9538,9557
9538,9558
9541,9544
9541,9557
9541,9558
9544,9557
9557,9558
9558,9563
9563,9573
9563,9579
9563,9584
9563,9587
9563,9604
9573,9579
9579,9584
9579,9587
9579,9604
9584,9587
9584,9604
9584,9610
9584,9614
9587,9604
9587,9610
9587,9614
9604,9610
9610,9614
9610,9615
9610,9617
9610,9620
9614,9615
9615,9617
9617,9620
9620,9626
9620,9631
9626,9631
9626,9639
9626,9642
9626,9646
9626,9656
9626,9657
9631,9639
9639,9642
9642,9646
9646,9656
9646,9657
9646,9666
9646,9668
9646,9677
9656,9657
9657,9666
9657,9668
9666,9668
9666,9677
9668,9677
9677,9679
9677,9687
9677,9695
9677,9696
9679,9687
9679,9695
9687,9695
9695,9696
9696,9697
9697,9701
9701,9704
9701,9707
9701,9708
9701,9720
9701,9733
9704,9707
9707,9708
9707,9720
9708,9720
9708,9733
9708,9740
9708,9760
9708,9771
9720,9733
9733,9740
9733,9760
9733,9771
9740,9760
9760,9771
9771,9773
9773,9774
9774,9775
9774,9777
9774,9780
9775,9777
9777,9780
9777,9781
9777,9783
9777,9786
9777,9787
9777,9790
9780,9781
9781,9783
9783,9786
9783,9787
9786,9787
9787,9790
9790,9793
9793,9805
9805,9807
9807,9810
9807,9811
9807,9821
9810,9811
9810,9821
9810,9825
9810,9826
9811,9821
9811,9825
9811,9826
9821,9825
9825,9826
9826,9827
9827,9837
9827,9838
9827,9839
9837,9838
9838,9839
9839,9840
9839,9842
9839,9850
9839,9853
9839,9855
9839,9858
9840,9842
9840,9850
9840,9853
9842,9850
9842,9853
9850,9853
9850,9855
9850,9858
9853,9855
9855,9858
9855,9861
9858,9861
9858,9877
9858,9878
9861,9877
9861,9878
9877,9878
9877,9884
9878,9884
9884,9885
9884,9887
9884,9892
9885,9887
9885,9892
9887,9892
9887,9897
9887,9904
9887,9907
9892,9897
9892,9904
9892,9907
9897,9904
9897,9907
9897,9920
9904,9907
9907,9920
9907,9922
9907,9924
9920,9922
9922,9924
9924,9927
9927,9930
9930,9937
9930,9938
9937,9938
9938,9945
9945,9951
9945,9964
9951,9964
9964,9968
9968,9976
9968,9978
9968,9982
9968,9991
9968,10002
9968,10005
9976,9978
9978,9982
9982,9991
9982,10002
9982,10005
9991,10002
10002,10005
10002,10007
10002,10011
10005,10007
10007,10011
10007,10014
10007,10016
10011,10014
10014,10016
10016,10036
10036,10039
10036,10040
10036,10056
10036,10058
10036,10063
10039,10040
10039,10056
10040,10056
10040,10058
10056,10058
10056,10063
10058,10063
10058,10067
10058,10070
10058,10072
10058,10082
10058,10084
10063,10067
10063,10070
10067,10070
10067,10072
10067,10082
10070,10072
10070,10082
10070,10084
10072,10082
10082,10084
10082,10103
10082,10104
10084,10103
10103,10104
10103,10108
10104,10108
10104,10110
10104,10111
10104,10112
10108,10110
10108,10111
10108,10112
10108,10113
10108,10117
10110,10111
10111,10112
10112,10113
10112,10117
10112,10122
10113,10117
10117,10122
10122,10128
10122,10131
10122,10135
10122,10138
10122,10139
10122,10148
10128,10131
10131,10135
10131,10138
10135,10138
10138,10139
10138,10148
10138,10151
10138,10152
10138,10153
10138,10156
10138,10162
10138,10168
10139,10148
10148,10151
10151,10152
10152,10153
10153,10156
10156,10162
10162,10168
10162,10169
10162,10170
10168,10169
10168,10170
10168,10182
10168,10186
10168,10188
10168,10189
10168,10193
10169,10170
10169,10182
10170,10182
10170,10186
10170,10188
10182,10186
10186,10188
10188,10189
10189,10193
10189,10194
10193,10194
10194,10204
10194,10205
10194,10210
10194,10223
10194,10233
10194,10246
10194,10247
10204,10205
10205,10210
10205,10223
10205,10233
10210,10223
10210,10233
10210,10246
10210,10247
10223,10233
10223,10246
10233,10246
10233,10247
10233,10259
10233,10261
10246,10247
10246,10259
10247,10259
10247,10261
10247,10273
10259,10261
10261,10273
10261,10274
10261,10293
10261,10300
10273,10274
10273,10293
10273,10300
10274,10293
10293,10300
10293,10304
10293,10307
10293,10311
10300,10304
10304,10307
10307,10311
10311,10315
10315,10316
10315,10320
10315,10331
10316,10320
10316,10331
10320,10331
10320,10333
10331,10333
10333,10351
10333,10352
10333,10354
10351,10352
10352,10354
10352,10365
10352,10380
10354,10365
10365,10380
10365,10386
10380,10386
10380,10388
10380,10392
10380,10394
10386,10388
10386,10392
10386,10394
10386,10397
10386,10398
10388,10392
10388,10394
10392,10394
10392,10397
10394,10397
10394,10398
10397,10398
10398,10416
10416,10417
10416,10422
10416,10426
10417,10422
10422,10426
10426,10428
10426,10432
10426,10439
10426,10441
10428,10432
10428,10439
10428,10441
10428,10443
10428,10444
10428,10448
10432,10439
10439,10441
10441,10443
10443,10444
10444,10448
10448,10451
10451,10453
10451,10454
10451,10459
10453,10454
10453,10459
10453,10461
10454,10459
10459,10461
10459,10462
10459,10467
10459,10469
10459,10470
10461,10462
10462,10467
10462,10469
10462,10470
10467,10469
10467,10470
10467,10471
10467,10478
10467,10480
10469,10470
10470,10471
10470,10478
10470,10480
10471,10478
10478,10480
10480,10483
10480,10496
10480,10497
10480,10505
10483,10496
10483,10497
10483,10505
10496,10497
10497,10505
10505,10509
10509,10513
10509,10516
10513,10516
10516,10519
10519,10527
10527,10532
10532,10537
10532,10539
10532,10542
10537,10539
10537,10542
10537,10543
10537,10553
10537,10554
10539,10542
10539,10543
10542,10543
10542,10553
10542,10554
10543,10553
10543,10554
10553,10554
10554,10557
10557,10565
10557,10570
10565,10570
10565,10573
10565,10575
10570,10573
10570,10575
10570,10586
10573,10575
10573,10586
10575,10586
10586,10591
10586,10593
10586,10608
10591,10593
10591,10608
10591,10609
10591,10611
10593,10608
10593,10609
10593,10611
10608,10609
10609,10611
10609,10616
10611,10616
10611,10619
10616,10619
10616,10625
10616,10634
10619,10625
10625,10634
10625,10637
10634,10637
10637,10639
10637,10650
10639,10650
10639,10657
10639,10661
10650,10657
10650,10661
10650,10666
10650,10676
10650,10678
10650,10681
10650,10684
10657,10661
10657,10666
10661,10666
10661,10676
10661,10678
10666,10676
10666,10678
10666,10681
10666,10684
10676,10678
10676,10681
10676,10684
10678,10681
10678,10684
10678,10691
10681,10684
10681,10691
10681,10694
10681,10699
10684,10691
10684,10694
10684,10699
10691,10694
10694,10699
10694,10703
10699,10703
10703,10707
10707,10708
10708,10710
10710,10712
10712,10716
10712,10720
10712,10725
10716,10720
10716,10725
10716,10730
10716,10731
10720,10725
10720,10730
10725,10730
10725,10731
10730,10731
10731,10733
10731,10736
10733,10736
10733,10746
10736,10746
10736,10751
10746,10751
10746,10757
10751,10757
10751,10762
10757,10762
10762,10770
10762,10772
10770,10772
10772,10777
10777,10785
10777,10788
10777,10793
10777,10794
10777,10799
10785,10788
10788,10793
10793,10794
10793,10799
10793,10803
10793,10805
10794,10799
10799,10803
10803,10805
10803,10812
10805,10812
10805,10813
10812,10813
10812,10816
10812,10818
10812,10820
10812,10832
10813,10816
10813,10818
10813,10820
10816,10818
10818,10820
10820,10832
10820,10835
10820,10848
10832,10835
10835,10848
10835,10854
10835,10860
10848,10854
10848,10860
10854,10860
10860,10863
10860,10865
10860,10867
10860,10873
10860,10877
10860,10878
10863,10865
10865,10867
10865,10873
10867,10873
10873,10877
10877,10878
10877,10899
10877,10905
10878,10899
10899,10905
10905,10906
10905,10926
10905,10942
10906,10926
10906,10942
10926,10942
10942,10953
10942,10956
10942,10961
10953,10956
10953,10961
10953,10963
10953,10981
10953,10985
10956,10961
10961,10963
10963,10981
10963,10985
10963,10998
10963,10999
10981,10985
10985,10998
10998,10999
10999,11000
10999,11023
10999,11025
10999,11029
10999,11032
10999,11049
10999,11054
11000,11023
11000,11025
11000,11029
11023,11025
11025,11029
11029,11032
11029,11049
11032,11049
11032,11054
11049,11054
11049,11059
11049,11063
11049,11067
11054,11059
11059,11063
11063,11067
11063,11069
11063,11072
11063,11075
11067,11069
11067,11072
11067,11075
11069,11072
11069,11075
11072,11075
11072,11078
11075,11078
11078,11079
11078,11084
11078,11085
11078,11087
11079,11084
11084,11085
11085,11087
11085,11100
11085,11102
11085,11117
11085,11118
11085,11119
11087,11100
11100,11102
11100,11117
11102,11117
11117,11118
11118,11119
11118,11121
11119,11121
11119,11122
11121,11122
11122,11137
11137,11140
11140,11147
11140,11162
11140,11166
11140,11168
11147,11162
11147,11166
11162,11166
11162,11168
11162,11180
11162,11181
11162,11187
11166,11168
11168,11180
11180,11181
11180,11187
11180,11188
11181,11187
11187,11188
11187,11194
11188,11194
11194,11204
11204,11209
11204,11212
11209,11212
11209,11215
11209,11217
11212,11215
11215,11217
11215,11220
11215,11221
11215,11223
11217,11220
11220,11221
11220,11223
11220,11224
11220,11231
11221,11223
11223,11224
11223,11231
11223,11234
11223,11235
11223,11238
11223,11243
11223,11244
11224,11231
11231,11234
11234,11235
11235,11238
11235,11243
11235,11244
11238,11243
11238,11244
11238,11249
11243,11244
11243,11249
11243,11250
11243,11261
11244,11249
11244,11250
11249,11250
11250,11261
11261,11263
11261,11265
11263,11265
11263,11271
11265,11271
11271,11278
11278,11279
11279,11291
11279,11292
11279,11293
11291,11292
11292,11293
11292,11294
11292,11297
11292,11298
11293,11294
11293,11297
11293,11298
11293,11303
11294,11297
11294,11298
11294,11303
11297,11298
11298,11303
11298,11309
11303,11309
11303,11313
11309,11313
11313,11315
11315,11317
11315,11319
11315,11326
11317,11319
11317,11326
11317,11327
11319,11326
11326,11327
11326,11328
11326,11329
11327,11328
11327,11329
11327,11331
11328,11329
11329,11331
11331,11333
11333,11339
11339,11342
11339,11344
11342,11344
11344,11353
11353,11356
11356,11363
11356,11370
11356,11372
11356,11373
11356,11374
11356,11377
11356,11378
11363,11370
11370,11372
11372,11373
11373,11374
11374,11377
11377,11378
11377,11381
11377,11383
11377,11384
11377,11388
11377,11397
11378,11381
11381,11383
11381,11384
11383,11384
11383,11388
11383,11397
11384,11388
11388,11397
11388,11403
11388,11405
11397,11403
11397,11405
11397,11409
11403,11405
11403,11409
11405,11409
11409,11410
11409,11413
11410,11413
11410,11415
11410,11418
11413,11415
11415,11418
11415,11422
11415,11427
11415,11428
11418,11422
11418,11427
11418,11428
11418,11430
11418,11432
11418,11439
11418,11444
11422,11427
11422,11428
11422,11430
11427,11428
11428,11430
11428,11432
11428,11439
11428,11444
11428,11452
11430,11432
11432,11439
11432,11444
11439,11444
11439,11452
11439,11461
11444,11452
11444,11461
11444,11462
11452,11461
11452,11462
11452,11464
11452,11468
11461,11462
11461,11464
11462,11464
11462,11468
11462,11473
11462,11479
11462,11484
11464,11468
11468,11473
11473,11479
11479,11484
11484,11488
11484,11490
11484,11493
11484,11507
11488,11490
11490,11493
11493,11507
11507,11517
11507,11519
11517,11519
11519,11523
11523,11535
11523,11541
11523,11543
11535,11541
11541,11543
11543,11548
11548,11559
11548,11573
11559,11573
11573,11579
11579,11581
11581,11591
11581,11599
11581,11603
11581,11604
11591,11599
11599,11603
11603,11604
11603,11606
11603,11607
11603,11612
11604,11606
11604,11607
11604,11612
11606,11607
11606,11612
11607,11612
11607,11616
11612,11616
11612,11619
11612,11623
11616,11619
11616,11623
11616,11624
11616,11626
11616,11629
11619,11623
11623,11624
11624,11626
11626,11629
11626,11630
11626,11633
11626,11634
11629,11630
11630,11633
11633,11634
11633,11635
11633,11640
11634,11635
11634,11640
11635,11640
11640,11647
11640,11651
11640,11657
11647,11651
11647,11657
11647,11658
11647,11660
11647,11662
11651,11657
11657,11658
11657,11660
11657,11662
11657,11672
11657,11677
11657,11680
11658,11660
11658,11662
11658,11672
11658,11677
11658,11680
11660,11662
11662,11672
11662,11677
11662,11680
11672,11677
11672,11680
11672,11686
11672,11698
11677,11680
11677,11686
11677,11698
11677,11700
11677,11704
11680,11686
11686,11698
11686,11700
11698,11700
11700,11704
11700,11705
11700,11706
11704,11705
11705,11706
11706,11707
11707,11712
11712,11715
11715,11732
11715,11736
11715,11753
11732,11736
11736,11753
11753,11755
11755,11757
11757,11761
11757,11762
11761,11762
11762,11763
11762,11769
11762,11770
11762,11776
11762,11778
11763,11769
11763,11770
11763,11776
11769,11770
11770,11776
11776,11778
11776,11784
11776,11789
11778,11784
11784,11789
11789,11790
11790,11791
11791,11794
11794,11799
11794,11807
11794,11811
11799,11807
11799,11811
11799,11813
11807,11811
11807,11813
11807,11814
11807,11816
11811,11813
11811,11814
11811,11816
11813,11814
11813,11816
11813,11817
11814,11816
11816,11817
11817,11821
11821,11822
11822,11824
11824,11826
11826,11828
11826,11833
11828,11833
11828,11835
11833,11835
11833,11837
11833,11840
11835,11837
11835,11840
11835,11861
11837,11840
11840,11861
11840,11868
11840,11876
11861,11868
11868,11876
11868,11885
11876,11885
11876,11889
11876,11895
11876,11900
11885,11889
11889,11895
11889,11900
11889,11902
11895,11900
11895,11902
11895,11908
11900,11902
11902,11908
11908,11912
11912,11915
11912,11916
11915,11916
11916,11920
11920,11924
11920,11926
11920,11930
11924,11926
11924,11930
11926,11930
11926,11943
11926,11945
11930,11943
11930,11945
11943,11945
11945,11948
11945,11949
11945,11951
11945,11954
11948,11949
11948,11951
11948,11954
11948,11955
11949,11951
11949,11954
11949,11955
11951,11954
11954,11955
11954,11965
11955,11965
11955,11968
11955,11970
11955,11973
11955,11992
11965,11968
11965,11970
11965,11973
11965,11992
11968,11970
11970,11973
11970,11992
11970,12001
11973,11992
11992,12001
12001,12005
12005,12009
12005,12010
12009,12010
12010,12013
12010,12019
12010,12034
12010,12037
12010,12043
12010,12044
12013,12019
12019,12034
12019,12037
12019,12043
12019,12044
12019,12052
12034,12037
12037,12043
12043,12044
12043,12052
12044,12052
12044,12057
12052,12057
12052,12072
12052,12077
12052,12078
12052,12079
12057,12072
12072,12077
12077,12078
12077,12079
12078,12079
12079,12088
12088,12089
12088,12090
12088,12091
12089,12090
12090,12091
12091,12092
12091,12096
12092,12096
12092,12100
12092,12102
12096,12100
12100,12102
12100,12105
12100,12113
12100,12116
12100,12117
12102,12105
12102,12113
12102,12116
12105,12113
12105,12116
12113,12116
12116,12117
12116,12128
12117,12128
12117,12132
12117,12133
12128,12132
12128,12133
12128,12140
12132,12133
12132,12140
12132,12141
12133,12140
12140,12141
12141,12142
12142,12145
12145,12147
12145,12148
12147,12148
12148,12149
12149,12151
12149,12154
12151,12154
12151,12155
12151,12160
12151,12173
12154,12155
12155,12160
12155,12173
12155,12174
12160,12173
12173,12174
12173,12178
12173,12189
12173,12192
12173,12194
12174,12178
12174,12189
12174,12192
12178,12189
12189,12192
12189,12194
12192,12194
12194,12197
12197,12198
12198,12200
12198,12202
12200,12202
12202,12206
12206,12210
12206,12216
12206,12219
12206,12222
12206,12225
12206,12226
12206,12255
12210,12216
12210,12219
12210,12222
12216,12219
12219,12222
12219,12225
12219,12226
12219,12255
12222,12225
12225,12226
12226,12255
12255,12256
12255,12261
12255,12269
12255,12279
12255,12280
12256,12261
12256,12269
12256,12279
12261,12269
12261,12279
12261,12280
12261,12285
12269,12279
12279,12280
12279,12285
12279,12288
12279,12302
12280,12285
12280,12288
12280,12302
12280,12311
12285,12288
12288,12302
12288,12311
12288,12313
12288,12314
12288,12316
12288,12319
12302,12311
12302,12313
12302,12314
12302,12316
12311,12313
12311,12314
12313,12314
12313,12316
12313,12319
12313,12324
12314,12316
12314,12319
12316,12319
12316,12324
12316,12333
12316,12339
12319,12324
12324,12333
12324,12339
12333,12339
12333,12341
12339,12341
12339,12342
12341,12342
12341,12348
12342,12348
12348,12350
12348,12352
12350,12352
12352,12353
12353,12355
12353,12366
12353,12369
12355,12366
12366,12369
12369,12374
12374,12377
12377,12378
12377,12380
12378,12380
12380,12381
12381,12389
12381,12398
12389,12398
12389,12410
12389,12412
12398,12410
12398,12412
12398,12417
12398,12420
12410,12412
12412,12417
12417,12420
12420,12427
12420,12430
12427,12430
12427,12432
12430,12432
12430,12433
12430,12437
12430,12451
12432,12433
12432,12437
12433,12437
12437,12451
12451,12452
12451,12465
12452,12465
12465,12468
12465,12471
12465,12480
12468,12471
12468,12480
12471,12480
12480,12483
12480,12488
12480,12489
12483,12488
12488,12489
12488,12490
12488,12491
12488,12493
12489,12490
12489,12491
12489,12493
12489,12503
12489,12513
12490,12491
12490,12493
12490,12503
12491,12493
12491,12503
12493,12503
12503,12513
12513,12514
12514,12515
12514,12532
12514,12535
12514,12549
12514,12555
12514,12558
12515,12532
12515,12535
12532,12535
12532,12549
12532,12555
12535,12549
12535,12555
12535,12558
12535,12559
12549,12555
12549,12558
12549,12559
12555,12558
12558,12559
12559,12563
12563,12573
12573,12575
12573,12581
12575,12581
12581,12589
12589,12592
12589,12598
12592,12598
12598,12615
12598,12616
12598,12617
12598,12626
12615,12616
12615,12617
12615,12626
12615,12631
12615,12639
12616,12617
12616,12626
12616,12631
12616,12639
12617,12626
12617,12631
12626,12631
12626,12639
12626,12641
12626,12646
12631,12639
12631,12641
12631,12646
12639,12641
12639,12646
12641,12646
12646,12649
12649,12654
12649,12664
12649,12666
12654,12664
12654,12666
12654,12671
12654,12672
12664,12666
12664,12671
12664,12672
12664,12680
12666,12671
12666,12672
12666,12680
12671,12672
12671,12680
12671,12687
12672,12680
12672,12687
12680,12687
12687,12688
12687,12690
12687,12693
12688,12690
12690,12693
12693,12694
12693,12695
12693,12696
12694,12695
12695,12696
12695,12699
12695,12710
12696,12699
12699,12710
12699,12711
12699,12717
12710,12711
12710,12717
12711,12717
12717,12718
12718,12721
12718,12726
12718,12727
12718,12734
12718,12736
12721,12726
12721,12727
12726,12727
12726,12734
12726,12736
12726,12737
12727,12734
12727,12736
12727,12737
12734,12736
12734,12737
12734,12742
12734,12761
12736,12737
12737,12742
12737,12761
12737,12766
12742,12761
12761,12766
12766,12775
12775,12778
12775,12780
12775,12787
12775,12790
12778,12780
12778,12787
12780,12787
12787,12790
12790,12795
12795,12797
12797,12805
12797,12807
12797,12808
12805,12807
12807,12808
12807,12809
12807,12811
12807,12832
12807,12835
12808,12809
12809,12811
12809,12832
12811,12832
12811,12835
12811,12837
12832,12835
12832,12837
12835,12837
12837,12840
12840,12848
12848,12867
12848,12870
12848,12872
12848,12873
12867,12870
12867,12872
12870,12872
12870,12873
12872,12873
12872,12876
12872,12877
12873,12876
12876,12877
12877,12878
12878,12880
12878,12882
12880,12882
12880,12885
12882,12885
12885,12886
12886,12892
12892,12893
12892,12915
12892,12916
12892,12917
12892,12923
12893,12915
12893,12916
12915,12916
12915,12917
12916,12917
12916,12923
12916,12925
12916,12930
12916,12933
12917,12923
12917,12925
12917,12930
12917,12933
12917,12935
12923,12925
12925,12930
12930,12933
12933,12935
12933,12943
12935,12943
12943,12955
12955,12961
12955,12967
12961,12967
12961,12973
12961,12974
12967,12973
12973,12974
12974,12975
12975,12981
12981,12983
12981,12986
12983,12986
12983,12988
12983,12994
12983,13001
12983,13008
12983,13013
12983,13014
12986,12988
12988,12994
12988,13001
12988,13008
12988,13013
12988,13014
12994,13001
13001,13008
13001,13013
13001,13014
13008,13013
13013,13014
13014,13016
13016,13017
13017,13018
13018,13022
13022,13027
13022,13030
13022,13033
13027,13030
13027,13033
13027,13034
13027,13038
13027,13039
13030,13033
13033,13034
13034,13038
13034,13039
13038,13039
13039,13040
13040,13041
13040,13044
13040,13051
13041,13044
13041,13051
13044,13051
13051,13056
13051,13061
13051,13063
13051,13064
13051,13079
13056,13061
13056,13063
13056,13064
13056,13079
13061,13063
13063,13064
13064,13079
13064,13092
13064,13112
13064,13124
13079,13092
13079,13112
13079,13124
13092,13112
13092,13124
13092,13137
13112,13124
13124,13137
13137,13144
13144,13151
13144,13155
13151,13155
13155,13156
13156,13160
13160,13166
13166,13167
13167,13168
13168,13169
13168,13176
13168,13184
13169,13176
13176,13184
13176,13186
13176,13187
13176,13190
13184,13186
13186,13187
13187,13190
13187,13194
13187,13197
13190,13194
13194,13197
13197,13200
13200,13204
13204,13208
13204,13211
13204,13216
13204,13220
13208,13211
13211,13216
13216,13220
13216,13227
13216,13235
13220,13227
13220,13235
13220,13266
13227,13235
13227,13266
13227,13270
13227,13273
13227,13280
13235,13266
13266,13270
13270,13273
13273,13280
13273,13282
13280,13282
13282,13287
13287,13290
13287,13297
13290,13297
13297,13301
13297,13310
13301,13310
13310,13313
13313,13315
13313,13320
13313,13323
13315,13320
13315,13323
13320,13323
13323,13325
13323,13328
13325,13328
13328,13333
13333,13338
13333,13346
13333,13347
13333,13348
13333,13358
13338,13346
13338,13347
13338,13348
13346,13347
13346,13348
13346,13358
13346,13361
13346,13362
13347,13348
13348,13358
13358,13361
13361,13362
13362,13365
13365,13371
13365,13377
13371,13377
13377,13378
13378,13381
13381,13382
13382,13383
13383,13385
13383,13388
13385,13388
13388,13396
13396,13399
13396,13402
13399,13402
13399,13412
13399,13426
13399,13434
13402,13412
13412,13426
13426,13434
13434,13439
13439,13441
13439,13443
13441,13443
13441,13445
13443,13445
13445,13448
13448,13459
13448,13460
13448,13465
13448,13467
13448,13476
13459,13460
13459,13465
13459,13467
13459,13476
13460,13465
13465,13467
13465,13476
13467,13476
13476,13479
13479,13482
13479,13484
13479,13486
13479,13496
13482,13484
13482,13486
13482,13496
13482,13523
13484,13486
13484,13496
13484,13523
13484,13529
13486,13496
13496,13523
13523,13529
13523,13530
13523,13531
13523,13533
13523,13535
13523,13536
13523,13537
13529,13530
13529,13531
13529,13533
13529,13535
13529,13536
13530,13531
13531,13533
13533,13535
13533,13536
13535,13536
13536,13537
13536,13540
13536,13543
13537,13540
13537,13543
13537,13544
13540,13543
13540,13544
13540,13548
13540,13553
13540,13556
13543,13544
13544,13548
13548,13553
13548,13556
13553,13556
13553,13557
13553,13561
13556,13557
13557,13561
13557,13570
13557,13571
13557,13576
13561,13570
13561,13571
13561,13576
13570,13571
13570,13576
13570,13581
13571,13576
13576,13581
13581,13583
13581,13598
13583,13598
13598,13599
13599,13603
13599,13605
13599,13609
13599,13613
13603,13605
13605,13609
13609,13613
13613,13615
13615,13617
13615,13621
13615,13626
13617,13621
13617,13626
13617,13630
13617,13636
13621,13626
13626,13630
13630,13636
13636,13655
13636,13656
13636,13658
13655,13656
13655,13658
13656,13658
13658,13681
13658,13683
13681,13683
13683,13686
13686,13689
13689,13691
13691,13695
13691,13696
13691,13700
13691,13703
13695,13696
13696,13700
13700,13703
13703,13704
13704,13708
13708,13709
13708,13714
13708,13734
13709,13714
13714,13734
13714,13737
13714,13742
13714,13749
13734,13737
13734,13742
13734,13749
13737,13742
13737,13749
13737,13759
13742,13749
13742,13759
13742,13760
13749,13759
13749,13760
13749,13771
13749,13776
13749,13789
13759,13760
13760,13771
13760,13776
13760,13789
13760,13794
13771,13776
13771,13789
13776,13789
13776,13794
13789,13794
13789,13795
13794,13795
13795,13797
13797,13799
13797,13801
13797,13802
13797,13804
13797,13805
13799,13801
13799,13802
13799,13804
13799,13805
13801,13802
13802,13804
13804,13805
13804,13806
13804,13807
13805,13806
13806,13807
13807,13813
13807,13815
13807,13821
13813,13815
13815,13821
13821,13825
13821,13826
13825,13826
13825,13831
13825,13836
13825,13848
13826,13831
13831,13836
13836,13848
13836,13850
13848,13850
13850,13859
13850,13863
13850,13871
13859,13863
13859,13871
13859,13877
13863,13871
13863,13877
13871,13877
13877,13884
13884,13887
13884,13888
13887,13888
13888,13893
13888,13894
13893,13894
13894,13896
13896,13898
13896,13903
13896,13907
13898,13903
13903,13907
13907,13910
13907,13913
13907,13914
13910,13913
13910,13914
13910,13916
13910,13928
13913,13914
13913,13916
13914,13916
13916,13928
13928,13929
13928,13933
13929,13933
13933,13942
13942,13944
13944,13949
13949,13958
13958,13964
13958,13974
13958,13982
13958,13986
13964,13974
13964,13982
13964,13986
13964,13991
13974,13982
13974,13986
13982,13986
13986,13991
13991,13994
13994,13995
13994,14007
13994,14008
13995,14007
13995,14008
14007,14008
14007,14010
14008,14010
14010,14011
14010,14015
14010,14019
14010,14023
14011,14015
14011,14019
14011,14023
14011,14028
14015,14019
14019,14023
14019,14028
14019,14035
14019,14036
14023,14028
14028,14035
14035,14036
14035,14048
14035,14051
14036,14048
14036,14051
14036,14059
14036,14060
14036,14061
14048,14051
14051,14059
14051,14060
14059,14060
14059,14061
14060,14061
14061,14070
14070,14074
14074,14077
14077,14079
14077,14088
14079,14088
14088,14089
14088,14094
14089,14094
14094,14098
14094,14099
14094,14105
14098,14099
14098,14105
14099,14105
14105,14108
14108,14117
14117,14125
14125,14138
14125,14142
14125,14145
14138,14142
14138,14145
14142,14145
14145,14147
14147,14154
14154,14159
14154,14161
14154,14163
14159,14161
14159,14163
14159,14166
14159,14169
14161,14163
14163,14166
14166,14169
14169,14170
14170,14181
14170,14182
14170,14190
14170,14192
14181,14182
14182,14190
14190,14192
14190,14195
14190,14198
14190,14202
14192,14195
14195,14198
14198,14202
14198,14206
14198,14216
14202,14206
14202,14216
14206,14216
14206,14220
14206,14221
14206,14229
14216,14220
14220,14221
14221,14229
14229,14233
14229,14241
14229,14245
14229,14246
14233,14241
14233,14245
14241,14245
14245,14246
14246,14247
14247,14259
14247,14263
14247,14264
14259,14263
14259,14264
14259,14266
14263,14264
14263,14266
14263,14267
14263,14269
14264,14266
14264,14267
14264,14269
14264,14270
14266,14267
14266,14269
14266,14270
14266,14278
14267,14269
14267,14270
14269,14270
14269,14278
14269,14279
14269,14280
14269,14283
14270,14278
14270,14279
14278,14279
14278,14280
14278,14283
14278,14287
14279,14280
14280,14283
14283,14287
14283,14289
14283,14290
14283,14291
14287,14289
14287,14290
14289,14290
14290,14291
14291,14292
14292,14295
14295,14296
14295,14297
14296,14297
14296,14306
14297,14306
14297,14310
14297,14311
14306,14310
14310,14311
14310,14314
14310,14319
14311,14314
14314,14319
14319,14328
14319,14333
14328,14333
14333,14338
14338,14343
14343,14350
14343,14351
14343,14352
14350,14351
14351,14352
14351,14359
14351,14367
14352,14359
14359,14367
14359,14370
14367,14370
14370,14373
14370,14376
14373,14376
14373,14377
14373,14383
14376,14377
14376,14383
14376,14392
14376,14396
14376,14411
14377,14383
14383,14392
14383,14396
14383,14411
14383,14416
14383,14417
14383,14422
14392,14396
14396,14411
14396,14416
14396,14417
14396,14422
14411,14416
14416,14417
14416,14422
14416,14428
14416,14436
14416,14437
14417,14422
14417,14428
14417,14436
14417,14437
14417,14440
14422,14428
14422,14436
14422,14437
14422,14440
14422,14441
14428,14436
14436,14437
14436,14440
14436,14441
14436,14445
14436,14456
14437,14440
14437,14441
14440,14441
14440,14445
14440,14456
14440,14465
14441,14445
14445,14456
14456,14465
14456,14470
14465,14470
14470,14476
14476,14480
14476,14482
14480,14482
14482,14492
14492,14500
14492,14510
14492,14512
14492,14514
14500,14510
14500,14512
14500,14514
14500,14518
14500,14523
14510,14512
14512,14514
14514,14518
14514,14523
14514,14524
14518,14523
14523,14524
14524,14529
14529,14533
14533,14539
14539,14540
14540,14544
14544,14550
14550,14553
14553,14554
14554,14555
14554,14557
14555,14557
14555,14572
14555,14577
14555,14582
14557,14572
14572,14577
14577,14582
14582,14588
14582,14589
14582,14590
14582,14592
14588,14589
14589,14590
14589,14592
14590,14592
14592,14599
14592,14603
14592,14604
14592,14605
14592,14607
14599,14603
14599,14604
14603,14604
14603,14605
14603,14607
14603,14618
14603,14619
14604,14605
14604,14607
14605,14607
14605,14618
14607,14618
14607,14619
14607,14623
14607,14629
14607,14632
14618,14619
14618,14623
14618,14629
14619,14623
14619,14629
14619,14632
14619,14638
14623,14629
14623,14632
14629,14632
14629,14638
14629,14639
14629,14642
14632,14638
14638,14639
14638,14642
14638,14651
14638,14654
14639,14642
14639,14651
14639,14654
14639,14659
14639,14661
14642,14651
14642,14654
14642,14659
14642,14661
14642,14662
14642,14665
14651,14654
14651,14659
14651,14661
14651,14662
14651,14665
14654,14659
14659,14661
14659,14662
14661,14662
14662,14665
14665,14672
14672,14673
14673,14677
14673,14678
14677,14678
14678,14686
14686,14689
14689,14695
14695,14699
14695,14702
14695,14705
14699,14702
14699,14705
14699,14708
14699,14712
14702,14705
14702,14708
14705,14708
14705,14712
14705,14717
14705,14719
14705,14722
14708,14712
14712,14717
14712,14719
14717,14719
14717,14722
14717,14725
14717,14726
14719,14722
14719,14725
14719,14726
14719,14727
14719,14730
14719,14739
14722,14725
14722,14726
14722,14727
14725,14726
14726,14727
14727,14730
14727,14739
14727,14741
14730,14739
14739,14741
14741,14742
14741,14745
14742,14745
14745,14752
14752,14756
14756,14771
14756,14772
14756,14777
14771,14772
14771,14777
14771,14779
14771,14780
14772,14777
14772,14779
14777,14779
14777,14780
14777,14785
14779,14780
14779,14785
14779,14789
14779,14790
14780,14785
14780,14789
14780,14790
14780,14793
14785,14789
14785,14790
14789,14790
14789,14793
14789,14812
14790,14793
14793,14812
14793,14816
14812,14816
14812,14821
14812,14823
14812,14830
14816,14821
14816,14823
14816,14830
14821,14823
14823,14830
14823,14833
14823,14835
14823,14836
14830,14833
14833,14835
14835,14836
14835,14837
14835,14840
14836,14837
14837,14840
14840,14843
14840,14844
14840,14847
14840,14852
14843,14844
14843,14847
14843,14852
14844,14847
14844,14852
14844,14865
14847,14852
14847,14865
14852,14865
14852,14866
14852,14867
14865,14866
14866,14867
14866,14871
14866,14891
14867,14871
14871,14891
14891,14897
14891,14898
14897,14898
14898,14900
14900,14902
14900,14904
14900,14906
14902,14904
14904,14906
14904,14908
14906,14908
14908,14920
14908,14921
14920,14921
14920,14926
14921,14926
14926,14936
14936,14939
14936,14951
14936,14961
14936,14967
14939,14951
14939,14961
14951,14961
14961,14967
14961,14969
14967,14969
14969,14970
14970,14980
14980,14984
14984,14991
14984,14993
14984,14996
14991,14993
14991,14996
14991,15000
14993,14996
14993,15000
14993,15011
14996,15000
15000,15011
15000,15016
15000,15019
15011,15016
15011,15019
15011,15020
15016,15019
15019,15020
15020,15025
15025,15028
15028,15048
15048,15059
15059,15061
15059,15062
15059,15064
15059,15071
15061,15062
15061,15064
15061,15071
15061,15079
15061,15083
15062,15064
15064,15071
15064,15079
15064,15083
15071,15079
15071,15083
15071,15087
15079,15083
15083,15087
15087,15089
15087,15104
15087,15108
15089,15104
15104,15108
15104,15115
15108,15115
15108,15116
15108,15117
15115,15116
15115,15117
15115,15121
15116,15117
15117,15121
15117,15122
15117,15127
15121,15122
15121,15127
15121,15134
15121,15135
15122,15127
15122,15134
15122,15135
15122,15136
15127,15134
15134,15135
15135,15136
15135,15137
15136,15137
15137,15140
15137,15142
15137,15158
15140,15142
15142,15158
15142,15160
15158,15160
15158,15171
15160,15171
15171,15173
15171,15174
15173,15174
15174,15180
15180,15182
15180,15184
15182,15184
15184,15185
15184,15223
15185,15223
15223,15227
15227,15236
15227,15238
15227,15243
15236,15238
15238,15243
15238,15248
15238,15263
15243,15248
15243,15263
15243,15267
15243,15270
15243,15278
15243,15279
15248,15263
15248,15267
15263,15267
15267,15270
15270,15278
15270,15279
15278,15279
15279,15283
15279,15296
15279,15306
15279,15311
15279,15313
15283,15296
15296,15306
15306,15311
15306,15313
15311,15313
15311,15316
15311,15338
15311,15340
15313,15316
15316,15338
15316,15340
15338,15340
15340,15347
15340,15352
15340,15355
15347,15352
15347,15355
15347,15356
15352,15355
15355,15356
15355,15357
15355,15369
15355,15381
15356,15357
15356,15369
15356,15381
15357,15369
15369,15381
15369,15388
15369,15395
15369,15419
15369,15420
15381,15388
15388,15395
15395,15419
15395,15420
15395,15423
15395,15429
15419,15420
15420,15423
15423,15429
15423,15435
15429,15435
15435,15437
15437,15440
15437,15441
15437,15444
15437,15452
15437,15456
15440,15441
15440,15444
15440,15452
15441,15444
15441,15452
15444,15452
15444,15456
15452,15456
15456,15471
15456,15472
15471,15472
15472,15481
15472,15485
15472,15486
15472,15498
15472,15502
15472,15505
15481,15485
15481,15486
15485,15486
15486,15498
15498,15502
15502,15505
15502,15507
15505,15507
15507,15515
15507,15546
15507,15547
15515,15546
15515,15547
15546,15547
15546,15552
15546,15561
15547,15552
15547,15561
15547,15565
15552,15561
15561,15565
15561,15567
15565,15567
15565,15569
15567,15569
15569,15571
15571,15580
15580,15585
15585,15586
15586,15587
15587,15595
15587,15599
15587,15602
15587,15605
15595,15599
15599,15602
15602,15605
15605,15619
15619,15621
15619,15624
15621,15624
15621,15625
15621,15631
15621,15635
15624,15625
15625,15631
15625,15635
15625,15640
15631,15635
15631,15640
15635,15640
15640,15649
15640,15656
15640,15660
15640,15663
15640,15669
15649,15656
15656,15660
15656,15663
15656,15669
15660,15663
15660,15669
15660,15705
15663,15669
15663,15705
15663,15706
15669,15705
15669,15706
15705,15706
15705,15715
15705,15723
15706,15715
15715,15723
15723,15727
15727,15732
15732,15734
15732,15741
15734,15741
15734,15744
15734,15751
15734,15757
15741,15744
15741,15751
15741,15757
15741,15763
15744,15751
15744,15757
15744,15763
15744,15766
15744,15767
15751,15757
15751,15763
15757,15763
15757,15766
15757,15767
15757,15774
15763,15766
15763,15767
15763,15774
15763,15775
15766,15767
15767,15774
15767,15775
15774,15775
15774,15776
15774,15793
15775,15776
15776,15793
15776,15798
15776,15819
15776,15820
15776,15821
15793,15798
15793,15819
15793,15820
15798,15819
15819,15820
15819,15821
15820,15821
15821,15823
15823,15825
15825,15837
15837,15839
15837,15844
15837,15851
15837,15874
15837,15876
15839,15844
15844,15851
15851,15874
15851,15876
15851,15883
15874,15876
15874,15883
15876,15883
15883,15884
15883,15887
15884,15887
15887,15888
15887,15892
15887,15895
15887,15901
15887,15903
15887,15905
15888,15892
15892,15895
15892,15901
15895,15901
15895,15903
15901,15903
15901,15905
15901,15910
15901,15916
15901,15922
15903,15905
15905,15910
15905,15916
15910,15916
15910,15922
15910,15923
15916,15922
15916,15923
15922,15923
15923,15925
15923,15945
15923,15949
15923,15956
15925,15945
15925,15949
15945,15949
15945,15956
15949,15956
15949,15962
15956,15962
15956,15964
15956,15967
15956,15968
15956,15971
15956,15974
15962,15964
15964,15967
15967,15968
15968,15971
15968,15974
15968,15975
15971,15974
15974,15975
15974,15980
15974,15982
15974,15986
15974,15988
15975,15980
15975,15982
15975,15986
15980,15982
15980,15986
15980,15988
15980,15989
15982,15986
15982,15988
15982,15989
15982,15993
15982,15995
15986,15988
15988,15989
15989,15993
15989,15995
15993,15995
15993,16002
15995,16002
15995,16003
16002,16003
16002,16011
16003,16011
16003,16019
16011,16019
16019,16028
16028,16029
16029,16030
16030,16032
16032,16035
16035,16039
16039,16043
16039,16055
16039,16056
16039,16057
16043,16055
16055,16056
16056,16057
16057,16065
16065,16067
16067,16071
16067,16072
16067,16074
16067,16084
16071,16072
16071,16074
16071,16084
16071,16091
16072,16074
16074,16084
16074,16091
16074,16095
16084,16091
16084,16095
16084,16096
16084,16097
16084,16098
16091,16095
16095,16096
16096,16097
16096,16098
16096,16105
16097,16098
16098,16105
16098,16106
16098,16110
16098,16115
16098,16121
16098,16123
16105,16106
16106,16110
16110,16115
16110,16121
16115,16121
16121,16123
16123,16129
16129,16130
16129,16141
16130,16141
16130,16145
16141,16145
16141,16159
16141,16160
16141,16164
16141,16174
16145,16159
16145,16160
16159,16160
16159,16164
16159,16174
16160,16164
16160,16174
16164,16174
16174,16176
16174,16187
16176,16187
16187,16188
16188,16194
16188,16201
16188,16209
16194,16201
16194,16209
16194,16212
16194,16215
16201,16209
16209,16212
16212,16215
16215,16231
16231,16234
16234,16236
16236,16237
16236,16241
16237,16241
16241,16245
16245,16247
16247,16248
16247,16251
16247,16253
16248,16251
16248,16253
16251,16253
16253,16254
16254,16263
16263,16265
16263,16267
16263,16269
16265,16267
16265,16269
16265,16270
16265,16273
16267,16269
16267,16270
16269,16270
16269,16273
16270,16273
16273,16279
16279,16290
16290,16293
16293,16296
16296,16299
16299,16303
16303,16308
16308,16315
16315,16321
16321,16322
16321,16323
16322,16323
16322,16328
16322,16332
16322,16351
16322,16361
16323,16328
16328,16332
16332,16351
16351,16361
16351,16363
16351,16364
16361,16363
16363,16364
16364,16365
16364,16375
16364,16378
16364,16380
16365,16375
16365,16378
16365,16380
16375,16378
16375,16380
16375,16386
16375,16388
16378,16380
16380,16386
16380,16388
16386,16388
16386,16403
16386,16406
16388,16403
16403,16406
16406,16411
16406,16413
16406,16414
16406,16416
16411,16413
16411,16414
16411,16416
16413,16414
16414,16416
16416,16421
16421,16427
16421,16428
16421,16438
16421,16453
16427,16428
16428,16438
16438,16453
16438,16459
16453,16459
16459,16476
16459,16479
16459,16483
16459,16497
16459,16501
16476,16479
16476,16483
16479,16483
16483,16497
16497,16501
16501,16505
16505,16509
16505,16513
16505,16515
16509,16513
16509,16515
16513,16515
16513,16516
16513,16521
16515,16516
16515,16521
16515,16532
16516,16521
16521,16532
16521,16533
16521,16538
16521,16543
16532,16533
16532,16538
16532,16543
16533,16538
16538,16543
16543,16547
16543,16552
16547,16552
16547,16556
16547,16557
16552,16556
16556,16557
16557,16567
16557,16578
16567,16578
16578,16583
16578,16585
16583,16585
16583,16594
16585,16594
16594,16603
16594,16607
16603,16607
16607,16610
16610,16611
16611,16618
16611,16619
16618,16619
16618,16624
16618,16626
16618,16629
16618,16630
16618,16631
16619,16624
16619,16626
16619,16629
16624,16626
16626,16629
16626,16630
16629,16630
16629,16631
16629,16632
16630,16631
16631,16632
16632,16643
16632,16647
16643,16647
16643,16649
16647,16649
16649,16650
16650,16661
16661,16673
16661,16681
16661,16684
16661,16691
16661,16696
16673,16681
16673,16684
16673,16691
16673,16696
16681,16684
16681,16691
16684,16691
16691,16696
16691,16697
16691,16716
16696,16697
16697,16716
16697,16717
16697,16720
16697,16721
16697,16725
16697,16729
16716,16717
16717,16720
16720,16721
16721,16725
16725,16729
16729,16735
16729,16740
16735,16740
16740,16741
16741,16744
16741,16745
16744,16745
16745,16750
16750,16754
16754,16761
16761,16764
16764,16765
16765,16767
16765,16768
16765,16775
16765,16776
16767,16768
16767,16775
16767,16776
16768,16775
16775,16776
16775,16778
16775,16783
16775,16787
16776,16778
16776,16783
16778,16783
16778,16787
16778,16788
16783,16787
16783,16788
16783,16794
16783,16801
16783,16813
16787,16788
16787,16794
16788,16794
16788,16801
16788,16813
16794,16801
16794,16813
16794,16828
16794,16829
16801,16813
16813,16828
16813,16829
16828,16829
16829,16835
16829,16836
16835,16836
16835,16844
16835,16846
16836,16844
16836,16846
16844,16846
16846,16847
16847,16857
16857,16858
16857,16859
16857,16866
16857,16870
16857,16873
16858,16859
16858,16866
16859,16866
16859,16870
16859,16873
16859,16878
16866,16870
16866,16873
16866,16878
16866,16885
16870,16873
16870,16878
16870,16885
16870,16896
16870,16903
16873,16878
16878,16885
16878,16896
16885,16896
16896,16903
16896,16905
16896,16907
16896,16909
16903,16905
16905,16907
16905,16909
16907,16909
16907,16911
16909,16911
16909,16913
16909,16923
16911,16913
16911,16923
16913,16923
16923,16934
16934,16935
16935,16936
16936,16945
16936,16948
16936,16950
16945,16948
16945,16950
16945,16957
16945,16959
16945,16966
16948,16950
16950,16957
16957,16959
16957,16966
16959,16966
16959,16969
16966,16969
16966,16983
16969,16983
16983,16986
16983,17008
16983,17015
16986,17008
17008,17015
17015,17023
17023,17028
17028,17032
17032,17034
17032,17037
17034,17037
17037,17041
17041,17044
17041,17046
17044,17046
17044,17047
17044,17057
17044,17060
17044,17073
17044,17078
17044,17080
17046,17047
17046,17057
17046,17060
17046,17073
17046,17078
17047,17057
17047,17060
17047,17073
17047,17078
17047,17080
17047,17089
17057,17060
17057,17073
17060,17073
17073,17078
17073,17080
17073,17089
17073,17104
17073,17111
17078,17080
17080,17089
17080,17104
17089,17104
17089,17111
17089,17112
17089,17113
17089,17114
17104,17111
17104,17112
17104,17113
17104,17114
17111,17112
17112,17113
17113,17114
17114,17117
17114,17122
17117,17122
17117,17151
17117,17154
17122,17151
17151,17154
17154,17160
17154,17163
17160,17163
17160,17176
17160,17180
17160,17187
17160,17191
17163,17176
17176,17180
17180,17187
17187,17191
17187,17192
17191,17192
17192,17199
17192,17206
17192,17214
17192,17216
17199,17206
17199,17214
17206,17214
17206,17216
17206,17220
17206,17225
17206,17226
17206,17228
17214,17216
17216,17220
17220,17225
17220,17226
17220,17228
17220,17234
17225,17226
17225,17228
17226,17228
17228,17234
17234,17237
17234,17243
17234,17254
17234,17256
17237,17243
17237,17254
17237,17256
17243,17254
17254,17256
17254,17264
17254,17266
17254,17269
17256,17264
17264,17266
17264,17269
17264,17275
17266,17269
17266,17275
17269,17275
17269,17281
17269,17293
17275,17281
17281,17293
17281,17298
17281,17303
17293,17298
17298,17303
17298,17313
17298,17318
17303,17313
17313,17318
17318,17325
17318,17326
17318,17330
17318,17332
17318,17336
17325,17326
17325,17330
17325,17332
17326,17330
17330,17332
17330,17336
17330,17348
17330,17358
17332,17336
17336,17348
17336,17358
17336,17364
17348,17358
17358,17364
17364,17373
17364,17376
17364,17377
17364,17383
17364,17385
17364,17399
17373,17376
17373,17377
17373,17383
17376,17377
17376,17383
17376,17385
17376,17399
17376,17401
17377,17383
17377,17385
17383,17385
17383,17399
17383,17401
17383,17402
17383,17403
17385,17399
17385,17401
17385,17402
17385,17403
17385,17410
17399,17401
17401,17402
17402,17403
17402,17410
17402,17413
17402,17418
17402,17423
17402,17430
17403,17410
17403,17413
17403,17418
17410,17413
17413,17418
17413,17423
17418,17423
17423,17430
17430,17432
17430,17433
17432,17433
17433,17438
17433,17444
17433,17451
17433,17452
17433,17454
17433,17460
17438,17444
17438,17451
17438,17452
17444,17451
17444,17452
17451,17452
17452,17454
17452,17460
17454,17460
17454,17476
17454,17477
17454,17480
17460,17476
17476,17477
17476,17480
17477,17480
17480,17484
17480,17495
17484,17495
17495,17505
17505,17510
17510,17514
17514,17516
17516,17519
17516,17533
17516,17542
17519,17533
17519,17542
17519,17543
17533,17542
17542,17543
17543,17551
17551,17553
17553,17554
17554,17556
17554,17580
17554,17582
17556,17580
17580,17582
17580,17589
17580,17595
17582,17589
17582,17595
17582,17598
17589,17595
17595,17598
17598,17601
17601,17603
17603,17606
17603,17607
17603,17612
17606,17607
17607,17612
17607,17621
17607,17623
17607,17627
17607,17632
17612,17621
17621,17623
17621,17627
17621,17632
17623,17627
17627,17632
17632,17637
17632,17646
17632,17651
17632,17652
17637,17646
17637,17651
17637,17652
17637,17653
17646,17651
17651,17652
17652,17653
17652,17661
17653,17661
17661,17664
17664,17670
17670,17675
17675,17678
17678,17684
17678,17685
17684,17685
17684,17686
17684,17688
17685,17686
17686,17688
17688,17708
17708,17714
17708,17727
17708,17731
17708,17737
17714,17727
17714,17731
17714,17737
17714,17747
17727,17731
17731,17737
17737,17747
17747,17761
17761,17763
17761,17769
17763,17769
17769,17773
17769,17775
17769,17778
17769,17779
17773,17775
17775,17778
17778,17779
17778,17782
17778,17786
17778,17789
17778,17790
17779,17782
17782,17786
17782,17789
17786,17789
17786,17790
17786,17792
17786,17796
17789,17790
17790,17792
17790,17796
17790,17798
17790,17799
17792,17796
17792,17798
17792,17799
17792,17801
17796,17798
17798,17799
17798,17801
17798,17803
17798,17804
17798,17818
17799,17801
17801,17803
17803,17804
17804,17818
17818,17832
17832,17848
17848,17850
17848,17851
17850,17851
17851,17866
17851,17870
17866,17870
17866,17875
17870,17875
17875,17882
17875,17885
17882,17885
17885,17887
17885,17889
17887,17889
17889,17892
17889,17905
17889,17906
17892,17905
17892,17906
17892,17925
17905,17906
17906,17925
17925,17929
17925,17932
17925,17933
17925,17937
17925,17939
17929,17932
17929,17933
17932,17933
17932,17937
17933,17937
17937,17939
17939,17943
17943,17944
17944,17949
17949,17955
17955,17957
17955,17961
17957,17961
17957,17965
17961,17965
17965,17968
17965,17971
17965,17972
17968,17971
17968,17972
17971,17972
17971,17974
17972,17974
17972,17976
17974,17976
17974,17977
17976,17977
17976,17980
17977,17980
17980,17982
17982,17990
17982,17993
17982,17996
17990,17993
17993,17996
17996,17999
17999,18002
17999,18013
18002,18013
18013,18026
18026,18029
18026,18030
18026,18031
18026,18040
18029,18030
18030,18031
18031,18040
18040,18041
18041,18042
18041,18046
18042,18046
18046,18047
18046,18051
18046,18058
18046,18059
18046,18063
18047,18051
18047,18058
18047,18059
18047,18063
18047,18065
18051,18058
18058,18059
18059,18063
18063,18065
18063,18076
18063,18082
18063,18086
18065,18076
18076,18082
18076,18086
18076,18098
18082,18086
18086,18098
18086,18100
18086,18106
18098,18100
18098,18106
18100,18106
18106,18108
18106,18112
18106,18118
18106,18121
18108,18112
18108,18118
18112,18118
18118,18121
18121,18122
18122,18129
18129,18134
18129,18139
18134,18139
18139,18148
18139,18152
18139,18153
18139,18155
18148,18152
18148,18153
18148,18155
18152,18153
18152,18155
18153,18155
18153,18159
18153,18165
18155,18159
18159,18165
18165,18171
18165,18172
18165,18177
18171,18172
18172,18177
18172,18178
18172,18180
18177,18178
18177,18180
18177,18187
18178,18180
18178,18187
18180,18187
18180,18188
18180,18193
18180,18199
18180,18213
18180,18214
18187,18188
18187,18193
18188,18193
18188,18199
18188,18213
18188,18214
18193,18199
18193,18213
18193,18214
18199,18213
18199,18214
18199,18216
18199,18218
18199,18224
18199,18226
18213,18214
18214,18216
18214,18218
18214,18224
18216,18218
18218,18224
18224,18226
18224,18228
18224,18229
18224,18231
18226,18228
18228,18229
18228,18231
18229,18231
18231,18248
18231,18249
18248,18249
18249,18252
18252,18260
18260,18263
18263,18265
18263,18275
18263,18307
18263,18312
18265,18275
18265,18307
18275,18307
18307,18312
18312,18323
18312,18328
18312,18329
18312,18331
18312,18334
18323,18328
18328,18329
18329,18331
18331,18334
18334,18338
18338,18341
18338,18343
18338,18345
18338,18360
18341,18343
18343,18345
18345,18360
18360,18364
18364,18366
18364,18383
18366,18383
18366,18386
18383,18386
18386,18388
18386,18395
18388,18395
18395,18397
18397,18401
18401,18404
18401,18420
18401,18423
18404,18420
18404,18423
18420,18423
18423,18424
18423,18430
18423,18435
18424,18430
18424,18435
18424,18436
18430,18435
18430,18436
18430,18439
18430,18447
18435,18436
18435,18439
18435,18447
18436,18439
18439,18447
18439,18452
18439,18462
18439,18465
18447,18452
18452,18462
18462,18465
18462,18482
18462,18484
18462,18488
18465,18482
18482,18484
18484,18488
18488,18492
18488,18493
18488,18497
18488,18502
18492,18493
18492,18497
18492,18502
18493,18497
18497,18502
18502,18503
18502,18506
18502,18507
18502,18508
18503,18506
18506,18507
18507,18508
18507,18513
18508,18513
18508,18516
18513,18516
18516,18518
18516,18525
18516,18533
18516,18537
18518,18525
18525,18533
18525,18537
18525,18543
18525,18546
18533,18537
18537,18543
18543,18546
18546,18550
18546,18559
18550,18559
18559,18560
18559,18570
18560,18570
18570,18571
18571,18577
18577,18588
18588,18595
18588,18605
18588,18607
18595,18605
18595,18607
18595,18608
18595,18609
18605,18607
18605,18608
18607,18608
18607,18609
18607,18610
18608,18609
18608,18610
18609,18610
18610,18612
18612,18618
18618,18621
18618,18623
18618,18624
18621,18623
18621,18624
18621,18629
18623,18624
18624,18629
18624,18631
18629,18631
18629,18637
18631,18637
18637,18641
18637,18646
18637,18653
18637,18660
18637,18665
18637,18675
18641,18646
18646,18653
18646,18660
18646,18665
18646,18675
18653,18660
18653,18665
18653,18675
18660,18665
18660,18675
18660,18680
18665,18675
18665,18680
18675,18680
18680,18681
18681,18696
18681,18697
18681,18703
18681,18710
18696,18697
18696,18703
18697,18703
18703,18710
18710,18716
18710,18723
18716,18723
18716,18725
18716,18727
18723,18725
18723,18727
18725,18727
18727,18730
18730,18734
18734,18742
18742,18743
18742,18746
18742,18754
18743,18746
18743,18754
18746,18754
18746,18759
18746,18766
18746,18777
18754,18759
18759,18766
18759,18777
18766,18777
18766,18799
18777,18799
18777,18802
18777,18805
18777,18807
18799,18802
18802,18805
18805,18807
18805,18810
18807,18810
18810,18815
18815,18817
18817,18818
18818,18829
18818,18830
18818,18839
18818,18842
18829,18830
18829,18839
18830,18839
18839,18842
18839,18843
18839,18848
18842,18843
18842,18848
18842,18852
18842,18861
18843,18848
18843,18852
18843,18861
18843,18869
18848,18852
18852,18861
18852,18869
18861,18869
18861,18883
18861,18885
18869,18883
18883,18885
18885,18889
18889,18894
18894,18896
18894,18899
18896,18899
18899,18903
18899,18904
18903,18904
18904,18906
18906,18914
18914,18915
18915,18918
18918,18923
18918,18925
18918,18939
18918,18940
18918,18942
18923,18925
18925,18939
18925,18940
18939,18940
18940,18942
18940,18943
18940,18945
18942,18943
18942,18945
18942,18946
18942,18950
18942,18951
18943,18945
18945,18946
18945,18950
18945,18951
18946,18950
18946,18951
18946,18978
18946,18980
18950,18951
18950,18978
18951,18978
18978,18980
18980,18983
18980,18986
18980,18994
18983,18986
18983,18994
18983,18998
18983,19007
18986,18994
18986,18998
18986,19007
18986,19015
18994,18998
18994,19007
18994,19015
18998,19007
18998,19015
19007,19015
19015,19020
19015,19024
19015,19030
19020,19024
19024,19030
19030,19037
19037,19041
19037,19043
19041,19043
19043,19047
19043,19051
19043,19052
19043,19053
19047,19051
19047,19052
19047,19053
19051,19052
19052,19053
19052,19060
19052,19066
19052,19067
19053,19060
19060,19066
19060,19067
19060,19075
19066,19067
19066,19075
19067,19075
19067,19085
19075,19085
19085,19087
19087,19088
19087,19091
19088,19091
19091,19093
19091,19094
19093,19094
19093,19099
19093,19100
19093,19104
19093,19109
19094,19099
19094,19100
19099,19100
19099,19104
19100,19104
19100,19109
19100,19116
19100,19121
19100,19133
19100,19135
19104,19109
19104,19116
19104,19121
19104,19133
19109,19116
19109,19121
19116,19121
19121,19133
19121,19135
19121,19136
19133,19135
19135,19136
19136,19140
19136,19147
19140,19147
19140,19150
19147,19150
19147,19152
19147,19159
19147,19164
19147,19176
19147,19178
19147,19187
19150,19152
19152,19159
19152,19164
19159,19164
19159,19176
19159,19178
19159,19187
19164,19176
19176,19178
19176,19187
19176,19189
19176,19191
19176,19194
19178,19187
19187,19189
19189,19191
19191,19194
19194,19196
19196,19204
19196,19209
19204,19209
19204,19216
19209,19216
19216,19234
19216,19235
19216,19243
19234,19235
19234,19243
19234,19248
19234,19252
19235,19243
19235,19248
19235,19252
19235,19253
19243,19248
19248,19252
19252,19253
19253,19254
19253,19260
19253,19265
19254,19260
19260,19265
19260,19273
19260,19279
19260,19282
19265,19273
19273,19279
19279,19282
19282,19288
19282,19294
19288,19294
19294,19298
19298,19312
19312,19321
19321,19336
19336,19340
19336,19344
19340,19344
19344,19348
19344,19355
19344,19362
19344,19370
19348,19355
19355,19362
19355,19370
19362,19370
19370,19372
19370,19376
19372,19376
19376,19377
19376,19378
19376,19382
19376,19383
19377,19378
19377,19382
19378,19382
19378,19383
19378,19385
19382,19383
19383,19385
19385,19390
19390,19392
19390,19408
19390,19420
19392,19408
19392,19420
19408,19420
19408,19423
19408,19430
19420,19423
19423,19430
19423,19431
19423,19434
19430,19431
19431,19434
19434,19436
19434,19440
19434,19441
19434,19445
19436,19440
19436,19441
19440,19441
19440,19445
19440,19448
19441,19445
19445,19448
19445,19450
19448,19450
19448,19451
19448,19453
19448,19455
19450,19451
19451,19453
19451,19455
19451,19467
19453,19455
19455,19467
19467,19468
19468,19470
19470,19472
19472,19476
19476,19478
19478,19484
19478,19487
19478,19493
19478,19496
19484,19487
19487,19493
19493,19496
19493,19499
19496,19499
19496,19502
19499,19502
19499,19504
19499,19516
19502,19504
19502,19516
19504,19516
19516,19518
19516,19520
19516,19521
19516,19526
19518,19520
19520,19521
19521,19526
19521,19545
19521,19548
19521,19551
19526,19545
19526,19548
19526,19551
19545,19548
19545,19551
19548,19551
19548,19553
19548,19559
19548,19560
19548,19565
19551,19553
19553,19559
19559,19560
19559,19565
19559,19575
19560,19565
19565,19575
19575,19579
19575,19581
19575,19584
19575,19588
19575,19591
19579,19581
19581,19584
19584,19588
19588,19591
19588,19592
19588,19603
19588,19606
19591,19592
19591,19603
19591,19606
19592,19603
19592,19606
19592,19613
19603,19606
19603,19613
19603,19616
19606,19613
19606,19616
19613,19616
19613,19629
19613,19632
19616,19629
19616,19632
19616,19638
19616,19641
19629,19632
19629,19638
19629,19641
19629,19645
19632,19638
19632,19641
19638,19641
19641,19645
19645,19647
19647,19648
19647,19650
19647,19661
19647,19663
19648,19650
19650,19661
19650,19663
19661,19663
19663,19665
19665,19666
19665,19677
19665,19683
19666,19677
19677,19683
19677,19688
19677,19690
19677,19697
19683,19688
19688,19690
19690,19697
19690,19701
19697,19701
19697,19702
19701,19702
19702,19703
19702,19704
19702,19706
19702,19707
19703,19704
19704,19706
19704,19707
19706,19707
19707,19709
19707,19711
19709,19711
19711,19722
19722,19724
19724,19733
19733,19734
19733,19740
19734,19740
19734,19741
19740,19741
19741,19748
19748,19750
19748,19752
19750,19752
19752,19758
19758,19764
19758,19769
19758,19771
19758,19778
19758,19790
19764,19769
19769,19771
19769,19778
19769,19790
19771,19778
19771,19790
19771,19795
19771,19797
19771,19798
19771,19803
19778,19790
19790,19795
19795,19797
19795,19798
19795,19803
19797,19798
19797,19803
19798,19803
19798,19804
19798,19806
19798,19808
19798,19811
19803,19804
19803,19806
19804,19806
19806,19808
19806,19811
19806,19813
19808,19811
19808,19813
19808,19818
19811,19813
19811,19818
19813,19818
19818,19823
19823,19830
19830,19837
19837,19838
19838,19840
19840,19849
19849,19850
19850,19851
19851,19854
19851,19855
19851,19858
19851,19861
19854,19855
19855,19858
19855,19861
19855,19873
19858,19861
19861,19873
19861,19888
19861,19894
19873,19888
19888,19894
19894,19895
19895,19899
19895,19903
19895,19904
19899,19903
19903,19904
19904,19907
19907,19908
19908,19912
19912,19936
19912,19949
19912,19953
19912,19956
19936,19949
19949,19953
19949,19956
19953,19956
19953,19965
19953,19982
19953,19989
19953,19997
19956,19965
19956,19982
19956,19989
19956,19997
19965,19982
19982,19989
19989,19997
19997,19998
19998,20002
20002,20009
20002,20017
20002,20021
20002,20034
20002,20035
20009,20017
20017,20021
20017,20034
20017,20035
20017,20036
20021,20034
20034,20035
20034,20036
20035,20036
20035,20059
20035,20062
20035,20063
20035,20068
20036,20059
20036,20062
20036,20063
20059,20062
20062,20063
20063,20068
20068,20077
20077,20078
20077,20079
20078,20079
20078,20084
20078,20085
20078,20087
20078,20091
20079,20084
20079,20085
20084,20085
20084,20087
20085,20087
20087,20091
20087,20092
20087,20095
20087,20104
20087,20106
20087,20110
20091,20092
20092,20095
20092,20104
20092,20106
20095,20104
20095,20106
20095,20110
20095,20115
20104,20106
20106,20110
20106,20115
20110,20115
20115,20131
20131,20140
20140,20142
20140,20144
20142,20144
20144,20156
20156,20157
20157,20160
20160,20161
20160,20172
20161,20172
20172,20173
20172,20176
20173,20176
20173,20179
20176,20179
20176,20192
20176,20194
20179,20192
20192,20194
20192,20196
20194,20196
20196,20210
20210,20217
20217,20218
20217,20225
20217,20228
20217,20232
20218,20225
20225,20228
20228,20232
20228,20233
20228,20238
20228,20240
20228,20242
20232,20233
20232,20238
20233,20238
20233,20240
20238,20240
20240,20242
20240,20250
20242,20250
20242,20251
20242,20256
20242,20260
20250,20251
20251,20256
20251,20260
20251,20263
20251,20264
20256,20260
20256,20263
20256,20264
20260,20263
20263,20264
20263,20267
20264,20267
20267,20272
20267,20281
20267,20288
20267,20290
20272,20281
20281,20288
20288,20290
20290,20292
20290,20293
20292,20293
20293,20299
20299,20302
20299,20308
20302,20308
20302,20309
20302,20310
20302,20314
20302,20328
20308,20309
20309,20310
20309,20314
20310,20314
20310,20328
20310,20331
20310,20332
20314,20328
20328,20331
20331,20332
20331,20334
20331,20337
20332,20334
20332,20337
20334,20337
20334,20338
20334,20349
20334,20354
20337,20338
20338,20349
20349,20354
20354,20356
20354,20367
20356,20367
20367,20368
20368,20378
20368,20380
20378,20380
20378,20386
20378,20387
20378,20388
20380,20386
20380,20387
20380,20388
20380,20395
20380,20404
20380,20408
20386,20387
20386,20388
20386,20395
20387,20388
20388,20395
20395,20404
20404,20408
20408,20417
20417,20420
20417,20437
20417,20450
20420,20437
20420,20450
20420,20458
20420,20465
20420,20478
20437,20450
20437,20458
20450,20458
20458,20465
20458,20478
20465,20478
20465,20481
20465,20482
20465,20488
20465,20496
20465,20500
20478,20481
20481,20482
20482,20488
20482,20496
20482,20500
20482,20515
20488,20496
20496,20500
20496,20515
20496,20519
20500,20515
20500,20519
20500,20524
20500,20530
20515,20519
20515,20524
20519,20524
20524,20530
20530,20531
20530,20534
20530,20541
20530,20543
20531,20534
20531,20541
20531,20543
20531,20545
20534,20541
20541,20543
20543,20545
20543,20547
20543,20562
20543,20563
20545,20547
20545,20562
20545,20563
20545,20567
20547,20562
20562,20563
20563,20567
20563,20573
20567,20573
20567,20575
20567,20579
20567,20580
20573,20575
20573,20579
20573,20580
20573,20582
20573,20584
20575,20579
20575,20580
20579,20580
20580,20582
20582,20584
20582,20588
20584,20588
20584,20591
20584,20600
20584,20605
20588,20591
20588,20600
20588,20605
20588,20606
20588,20609
20588,20610
20591,20600
20600,20605
20605,20606
20606,20609
20606,20610
20606,20617
20606,20625
20609,20610
20610,20617
20610,20625
20617,20625
20625,20630
20625,20631
20625,20632
20630,20631
20631,20632
20631,20639
20631,20641
20631,20652
20631,20653
20632,20639
20632,20641
20632,20652
20632,20653
20632,20675
20639,20641
20639,20652
20641,20652
20652,20653
20652,20675
20652,20677
20652,20680
20653,20675
20653,20677
20653,20680
20653,20686
20653,20687
20653,20691
20675,20677
20677,20680
20677,20686
20677,20687
20677,20691
20677,20693
20677,20698
20677,20711
20680,20686
20680,20687
20680,20691
20680,20693
20680,20698
20686,20687
20687,20691
20691,20693
20691,20698
20691,20711
20693,20698
20698,20711
20711,20722
20711,20723
20711,20728
20711,20730
20711,20731
20722,20723
20722,20728
20722,20730
20722,20731
20723,20728
20723,20730
20728,20730
20730,20731
20730,20747
20731,20747
20747,20753
20747,20768
20747,20772
20747,20773
20753,20768
20753,20772
20753,20773
20768,20772
20768,20773
20768,20775
20768,20780
20772,20773
20773,20775
20773,20780
20773,20783
20775,20780
20775,20783
20775,20789
20775,20793
20780,20783
20780,20789
20780,20793
20783,20789
20789,20793
20789,20796
20789,20801
20789,20805
20793,20796
20793,20801
20793,20805
20796,20801
20801,20805
20801,20814
20801,20816
20801,20817
20805,20814
20814,20816
20816,20817
20817,20824
20817,20827
20817,20836
20824,20827
20824,20836
20824,20848
20827,20836
20827,20848
20836,20848
20836,20853
20836,20857
20848,20853
20848,20857
20848,20873
20848,20881
20853,20857
20853,20873
20853,20881
20857,20873
20873,20881
20881,20883
20881,20888
20881,20890
20881,20891
20883,20888
20883,20890
20883,20891
20883,20894
20883,20898
20888,20890
20890,20891
20890,20894
20890,20898
20890,20902
20891,20894
20894,20898
20894,20902
20894,20912
20894,20917
20898,20902
20898,20912
20898,20917
20898,20925
20902,20912
20912,20917
20912,20925
20917,20925
20925,20929
20929,20935
20929,20936
20935,20936
20935,20942
20935,20944
20935,20947
20935,20951
20936,20942
20936,20944
20936,20947
20936,20951
20942,20944
20942,20947
20942,20951
20942,20955
20944,20947
20944,20951
20947,20951
20947,20955
20947,20959
20951,20955
20955,20959
20959,20966
20959,20970
20959,20971
20959,20973
20966,20970
20970,20971
20970,20973
20971,20973
20973,20975
20973,20984
20975,20984
20975,20986
20984,20986
20984,20989
20984,20991
20984,20993
20984,20995
20986,20989
20989,20991
20989,20993
20991,20993
20993,20995
20995,21000
21000,21001
21000,21006
21000,21010
21000,21021
21001,21006
21001,21010
21001,21021
21001,21027
21006,21010
21010,21021
21021,21027
21021,21039
21027,21039
21027,21040
21039,21040
21040,21056
21040,21066
21040,21067
21056,21066
21066,21067
21066,21083
21066,21085
21066,21086
21067,21083
21067,21085
21067,21086
21067,21095
21083,21085
21083,21086
21083,21095
21083,21096
21085,21086
21086,21095
21095,21096
21096,21100
21096,21112
21096,21113
21096,21119
21096,21125
21100,21112
21100,21113
21112,21113
21112,21119
21113,21119
21113,21125
21113,21131
21119,21125
21119,21131
21119,21134
21125,21131
21131,21134
21131,21135
21131,21137
21134,21135
21134,21137
21134,21153
21134,21157
21135,21137
21137,21153
21137,21157
21153,21157
21153,21163
21157,21163
21157,21165
21157,21168
21163,21165
21165,21168
21168,21179
21179,21188
21188,21193
21193,21196
21193,21208
21193,21210
21196,21208
21208,21210
21210,21211
21211,21213
21211,21221
21213,21221
21221,21222
21222,21223
21222,21228
21222,21232
21222,21245
21223,21228
21223,21232
21223,21245
21228,21232
21228,21245
21228,21254
21228,21257
21232,21245
21245,21254
21245,21257
21254,21257
21254,21258
21257,21258
21258,21268
21258,21274
21258,21277
21258,21282
21268,21274
21274,21277
21277,21282
21277,21291
21277,21299
21282,21291
21291,21299
21291,21302
21299,21302
21302,21315
21315,21319
21319,21322
21319,21324
21322,21324
21324,21327
21327,21329
21329,21336
21336,21343
21336,21346
21343,21346
21343,21354
21343,21358
21343,21365
21346,21354
21346,21358
21354,21358
21354,21365
21354,21372
21358,21365
21358,21372
21358,21377
21365,21372
21372,21377
21377,21380
21377,21385
21380,21385
21385,21390
21385,21392
21385,21406
21390,21392
21392,21406
21392,21415
21406,21415
21415,21421
21421,21423
21423,21426
21423,21438
21423,21440
21423,21450
21426,21438
21438,21440
21438,21450
21440,21450
21440,21451
21450,21451
21450,21457
21450,21458
21450,21462
21450,21463
21451,21457
21451,21458
21451,21462
21451,21463
21457,21458
21458,21462
21462,21463
21463,21464
21463,21467
21464,21467
21464,21478
21467,21478
21478,21490
21490,21492
21490,21496
21490,21499
21490,21506
21490,21507
21492,21496
21492,21499
21496,21499
21496,21506
21496,21507
21499,21506
21506,21507
21507,21515
21515,21519
21519,21521
21519,21531
21521,21531
21521,21534
21521,21536
21521,21540
21531,21534
21531,21536
21531,21540
21534,21536
21536,21540
21540,21546
21540,21549
21546,21549
21549,21551
21549,21552
21549,21554
21551,21552
21552,21554
21554,21556
21556,21557
21557,21569
21557,21583
21569,21583
21569,21591
21569,21592
21583,21591
21591,21592
21591,21601
21591,21603
21591,21608
21591,21613
21592,21601
21592,21603
21592,21608
21601,21603
21603,21608
21603,21613
21603,21618
21603,21622
21603,21636
21608,21613
21613,21618
21618,21622
21618,21636
21618,21642
21618,21652
21618,21656
21622,21636
21622,21642
21622,21652
21622,21656
21636,21642
21642,21652
21652,21656
21656,21662
21662,21666
21666,21669
21666,21672
21666,21677
21666,21679
21666,21693
21669,21672
21672,21677
21672,21679
21672,21693
21677,21679
21677,21693
21677,21697
21677,21701
21679,21693
21693,21697
21697,21701
21701,21704
21701,21711
21701,21716
21701,21727
21704,21711
21711,21716
21716,21727
21716,21739
21727,21739
21739,21742
21739,21743
21742,21743
21743,21748
21743,21755
21748,21755
21748,21758
21748,21763
21755,21758
21755,21763
21758,21763
21763,21769
21769,21773
21769,21775
21769,21779
21773,21775
21773,21779
21775,21779
21779,21780
21779,21783
21780,21783
21780,21788
21783,21788
21788,21792
21792,21793
21792,21796
21792,21797
21792,21801
21793,21796
21793,21797
21793,21801
21796,21797
21796,21801
21797,21801
21797,21804
21797,21813
21801,21804
21801,21813
21801,21817
21804,21813
21813,21817
21817,21819
21819,21822
21819,21824
21822,21824
21824,21833
21824,21835
21824,21840
21833,21835
21835,21840
21840,21841
21840,21852
21840,21856
21840,21860
21840,21866
21841,21852
21841,21856
21852,21856
21856,21860
21860,21866
21860,21867
21860,21868
21866,21867
21866,21868
21866,21871
21867,21868
21868,21871
21871,21874
21871,21875
21871,21886
21874,21875
21875,21886
21875,21887
21875,21889
21875,21892
21886,21887
21887,21889
21889,21892
21889,21894
21889,21900
21889,21906
21892,21894
21894,21900
21900,21906
21900,21911
21900,21913
21906,21911
21911,21913
21911,21921
21913,21921
21913,21931
21913,21932
21921,21931
21921,21932
21931,21932
21931,21937
21931,21945
21931,21946
21932,21937
21937,21945
21945,21946
21945,21956
21945,21958
21946,21956
21946,21958
21946,21959
21946,21962
21956,21958
21956,21959
21956,21962
21956,21971
21956,21975
21958,21959
21958,21962
21959,21962
21962,21971
21971,21975
21971,21976
21975,21976
21975,21977
21975,21981
21975,21989
21975,21991
21975,22001
21976,21977
21976,21981
21977,21981
21977,21989
21981,21989
21989,21991
21991,22001
21991,22008
21991,22017
22001,22008
22001,22017
22001,22018
22001,22019
22008,22017
22008,22018
22008,22019
22008,22021
22008,22027
22017,22018
22017,22019
22017,22021
22017,22027
22018,22019
22019,22021
22021,22027
22021,22028
22027,22028
22028,22035
22035,22037
22035,22043
22037,22043
22037,22046
22043,22046
22043,22048
22043,22051
22046,22048
22048,22051
22048,22053
22048,22059
22048,22061
22048,22064
22051,22053
22051,22059
22051,22061
22053,22059
22059,22061
22061,22064
22061,22078
22064,22078
22064,22079
22064,22087
22078,22079
22078,22087
22079,22087
22079,22093
22079,22099
22079,22106
22087,22093
22093,22099
22099,22106
22099,22107
22106,22107
22107,22112
22107,22114
22112,22114
22114,22117
22117,22119
22117,22120
22117,22126
22117,22132
22119,22120
22120,22126
22126,22132
22126,22135
22132,22135
22135,22138
22135,22143
22135,22148
22135,22153
22135,22157
22138,22143
22138,22148
22138,22153
22143,22148
22148,22153
22148,22157
22148,22159
22153,22157
22157,22159
22157,22162
22157,22167
22159,22162
22162,22167
22162,22169
22162,22177
22162,22183
22167,22169
22167,22177
22169,22177
22177,22183
22177,22185
22177,22194
22183,22185
22185,22194
22185,22197
22194,22197
22194,22198
22194,22201
22197,22198
22198,22201
22201,22202
22201,22206
22202,22206
22206,22207
22206,22209
22206,22213
22207,22209
22207,22213
22209,22213
22213,22221
22213,22226
22213,22235
22213,22238
22213,22239
22221,22226
22221,22235
22226,22235
22226,22238
22226,22239
22235,22238
22238,22239
22239,22243
22239,22244
22239,22247
22239,22253
22243,22244
22244,22247
22247,22253
22247,22269
22247,22273
22247,22281
22253,22269
22269,22273
22273,22281
22273,22282
22273,22284
22281,22282
22282,22284
22282,22286
22282,22289
22284,22286
22286,22289
22286,22291
22289,22291
22291,22295
22295,22304
22304,22308
22308,22312
22312,22328
22312,22330
22328,22330
22330,22332
22332,22336
22336,22337
22337,22341
22337,22350
22341,22350
22350,22366
22366,22377
22366,22379
22377,22379
22379,22381
22381,22383
22383,22394
22383,22402
22394,22402
22394,22403
22394,22409
22402,22403
22402,22409
22403,22409
22409,22410
22409,22421
22409,22426
22409,22430
22410,22421
22410,22426
22410,22430
22421,22426
22421,22430
22421,22431
22426,22430
22430,22431
22430,22441
22430,22443
22431,22441
22441,22443
22443,22447
22443,22451
22443,22453
22447,22451
22447,22453
22451,22453
22451,22456
22451,22458
22451,22464
22451,22468
22453,22456
22453,22458
22453,22464
22453,22468
22456,22458
22456,22464
22456,22468
22456,22475
22458,22464
22458,22468
22458,22475
22464,22468
22464,22475
22464,22482
22464,22483
22464,22500
22464,22501
22468,22475
22468,22482
22468,22483
22475,22482
22482,22483
22482,22500
22482,22501
22482,22502
22482,22510
22483,22500
22500,22501
22500,22502
22500,22510
22500,22519
22500,22531
22501,22502
22502,22510
22502,22519
22510,22519
22510,22531
22510,22532
22510,22534
22510,22541
22519,22531
22519,22532
22519,22534
22531,22532
22531,22534
22531,22541
22532,22534
22534,22541
22534,22546
22541,22546
22546,22550
22546,22559
22546,22570
22546,22586
22550,22559
22559,22570
22559,22586
22570,22586
22586,22596
22596,22599
22599,22606
22606,22607
22606,22609
22606,22614
22607,22609
22607,22614
22609,22614
22614,22617
22614,22619
22614,22622
22617,22619
22619,22622
22622,22623
22623,22625
22625,22631
22625,22633
22631,22633
22631,22634
22631,22645
22633,22634
22634,22645
22634,22647
22634,22649
22645,22647
22647,22649
22647,22651
22649,22651
22651,22655
22651,22657
22651,22665
22651,22669
22651,22673
22655,22657
22655,22665
22657,22665
22657,22669
22665,22669
22665,22673
22665,22676
22669,22673
22673,22676
22673,22677
22676,22677
22677,22679
22677,22685
22679,22685
22685,22688
22685,22693
22685,22703
22685,22708
22685,22713
22688,22693
22688,22703
22688,22708
22693,22703
22703,22708
22708,22713
22713,22714
22713,22721
22714,22721
22714,22722
22714,22723
22721,22722
22722,22723
22722,22725
22723,22725
22725,22731
22731,22735
22735,22738
22738,22740
22738,22743
22740,22743
22743,22747
22747,22749
22747,22751
22747,22752
22749,22751
22751,22752
22751,22753
22751,22755
22751,22760
22752,22753
22752,22755
22753,22755
22755,22760
22755,22761
22760,22761
22761,22763
22761,22765
22761,22768
22763,22765
22765,22768
22768,22770
22768,22775
22768,22795
22768,22804
22770,22775
22770,22795
22770,22804
22775,22795
22775,22804
22775,22814
22775,22822
22775,22827
22795,22804
22795,22814
22795,22822
22795,22827
22804,22814
22804,22822
22804,22827
22814,22822
22814,22827
22814,22831
22814,22840
22814,22848
22822,22827
22827,22831
22827,22840
22827,22848
22827,22852
22827,22854
22831,22840
22840,22848
22840,22852
22840,22854
22840,22858
22848,22852
22852,22854
22854,22858
22858,22861
22858,22876
22861,22876
22861,22877
22861,22879
22876,22877
22877,22879
22877,22880
22877,22884
22877,22886
22879,22880
22879,22884
22880,22884
22880,22886
22884,22886
22886,22892
22892,22902
22902,22907
22907,22914
22907,22916
22914,22916
22914,22924
22914,22934
22916,22924
22924,22934
22934,22938
22938,22947
22947,22950
22947,22956
22947,22959
22950,22956
22956,22959
22959,22961
22961,22966
22961,22969
22966,22969
22969,22970
22969,22973
22969,22977
22969,22981
22970,22973
22973,22977
22973,22981
22973,22983
22973,22996
22977,22981
22981,22983
22981,22996
22983,22996
22996,22997
22997,23002
22997,23011
22997,23013
22997,23017
23002,23011
23011,23013
23011,23017
23013,23017
23017,23019
23019,23024
23019,23035
23019,23038
23019,23040
23024,23035
23024,23038
23035,23038
23035,23040
23038,23040
23038,23042
23038,23048
23040,23042
23040,23048
23040,23051
23040,23060
23042,23048
23042,23051
23042,23060
23048,23051
23048,23060
23051,23060
23060,23065
23060,23077
23060,23080
23060,23083
23060,23088
23065,23077
23077,23080
23080,23083
23083,23088
23088,23092
23092,23094
23094,23096
23094,23097
23094,23100
23096,23097
23096,23100
23096,23111
23096,23112
23097,23100
23097,23111
23097,23112
23097,23114
23100,23111
23100,23112
23100,23114
23111,23112
23111,23114
23111,23139
23112,23114
23114,23139
23139,23140
23140,23152
23140,23166
23140,23168
23140,23169
23152,23166
23166,23168
23168,23169
23169,23172
23169,23176
23169,23177
23169,23178
23172,23176
23176,23177
23176,23178
23176,23184
23176,23187
23177,23178
23177,23184
23177,23187
23178,23184
23178,23187
23184,23187
23184,23200
23184,23204
23184,23209
23187,23200
23200,23204
23204,23209
23204,23210
23209,23210
23210,23213
23210,23215
23210,23220
23213,23215
23215,23220
23215,23223
23215,23224
23215,23226
23215,23229
23220,23223
23220,23224
23220,23226
23223,23224
23224,23226
23224,23229
23224,23231
23226,23229
23229,23231
23231,23233
23233,23239
23233,23240
23239,23240
23240,23243
23240,23252
23243,23252
23252,23256
23256,23257
23257,23266
23257,23267
23257,23269
23266,23267
23266,23269
23266,23271
23267,23269
23269,23271
23271,23274
23271,23280
23274,23280
23274,23302
23280,23302
23280,23309
23302,23309
23309,23312
23309,23317
23312,23317
23317,23318
23318,23319
23319,23333
23319,23339
23319,23352
23333,23339
23333,23352
23333,23356
23339,23352
23339,23356
23339,23367
23339,23372
23339,23373
23352,23356
23356,23367
23367,23372
23367,23373
23372,23373
23373,23382
23382,23385
23382,23388
23385,23388
23385,23390
23388,23390
23390,23396
23390,23397
23390,23400
23396,23397
23397,23400
23400,23410
23400,23412
23400,23414
23400,23428
23400,23429
23410,23412
23410,23414
23410,23428
23410,23429
23410,23443
23410,23447
23412,23414
23414,23428
23414,23429
23414,23443
23414,23447
23428,23429
23429,23443
23429,23447
23429,23451
23429,23459
23443,23447
23443,23451
23443,23459
23443,23468
23447,23451
23451,23459
23451,23468
23451,23471
23451,23472
23459,23468
23459,23471
23468,23471
23471,23472
23471,23477
23471,23482
23471,23484
23472,23477
23472,23482
23472,23484
23472,23485
23477,23482
23477,23484
23482,23484
23482,23485
23484,23485
23484,23493
23485,23493
23485,23495
23493,23495
23493,23498
23495,23498
23495,23499
23498,23499
23499,23504
23504,23506
23504,23507
23506,23507
23507,23510
23510,23513
23513,23520
23520,23523
23523,23536
23523,23547
23523,23551
23523,23558
23523,23567
23536,23547
23536,23551
23547,23551
23547,23558
23547,23567
23547,23571
23551,23558
23558,23567
23558,23571
23567,23571
23567,23577
23571,23577
23577,23578
23577,23580
23577,23581
23578,23580
23580,23581
23580,23588
23580,23594
23581,23588
23588,23594
23588,23604
23588,23607
23594,23604
23604,23607
23607,23613
23607,23614
23613,23614
23614,23617
23614,23625
23614,23626
23614,23634
23617,23625
23625,23626
23625,23634
23626,23634
23626,23653
23626,23663
23634,23653
23634,23663
23653,23663
23653,23667
23653,23670
23663,23667
23663,23670
23663,23673
23667,23670
23670,23673
23673,23676
23676,23684
23676,23687
23684,23687
23684,23694
23684,23699
23687,23694
23687,23699
23687,23700
23694,23699
23694,23700
23694,23703
23699,23700
23700,23703
23700,23720
23703,23720
23703,23727
23703,23731
23720,23727
23727,23731
23727,23733
23727,23736
23727,23738
23727,23741
23731,23733
23731,23736
23733,23736
23733,23738
23733,23741
23733,23744
23733,23746
23733,23751
23733,23764
23736,23738
23736,23741
23736,23744
23736,23746
23738,23741
23738,23744
23738,23746
23741,23744
23741,23746
23744,23746
23744,23751
23746,23751
23746,23764
23751,23764
23751,23765
23751,23766
23751,23772
23764,23765
23765,23766
23766,23772
23766,23773
23766,23775
23766,23780
23766,23781
23772,23773
23773,23775
23775,23780
23780,23781
23781,23783
23781,23784
23781,23788
23781,23792
23781,23794
23781,23795
23781,23796
23783,23784
23783,23788
23783,23792
23784,23788
23788,23792
23788,23794
23788,23795
23788,23796
23788,23809
23792,23794
23794,23795
23794,23796
23795,23796
23795,23809
23795,23810
23795,23821
23795,23822
23796,23809
23809,23810
23810,23821
23821,23822
23821,23824
23821,23827
23822,23824
23824,23827
23824,23829
23827,23829
23827,23839
23827,23840
23827,23841
23827,23846
23829,23839
23829,23840
23839,23840
23840,23841
23841,23846
23846,23849
23846,23851
23846,23854
23849,23851
23849,23854
23849,23855
23851,23854
23854,23855
23855,23865
23855,23866
23865,23866
23865,23871
23865,23872
23865,23873
23866,23871
23866,23872
23871,23872
23871,23873
23872,23873
23872,23876
23872,23886
23872,23892
23873,23876
23873,23886
23873,23892
23876,23886
23886,23892
23892,23893
23893,23894
23894,23896
23894,23897
23896,23897
23896,23898
23896,23914
23897,23898
23898,23914
23914,23928
23928,23964
23928,23966
23928,23974
23928,23977
23928,23981
23964,23966
23964,23974
23964,23977
23966,23974
23966,23977
23974,23977
23974,23981
23977,23981
23981,23988
23981,23992
23981,24001
23988,23992
23992,24001
24001,24002
24002,24013
24013,24023
24023,24025
24023,24027
24023,24030
24023,24031
24025,24027
24025,24030
24027,24030
24027,24031
24027,24035
24030,24031
24030,24035
24030,24036
24030,24037
24031,24035
24035,24036
24035,24037
24035,24042
24036,24037
24036,24042
24036,24044
24037,24042
24037,24044
24037,24045
24042,24044
24042,24045
24042,24050
24042,24054
24042,24057
24044,24045
24045,24050
24045,24054
24045,24057
24045,24059
24045,24060
24045,24068
24050,24054
24054,24057
24054,24059
24054,24060
24057,24059
24059,24060
24059,24068
24059,24070
24059,24072
24059,24076
24060,24068
24060,24070
24060,24072
24068,24070
24068,24072
24070,24072
24070,24076
24072,24076
24076,24079
24079,24087
24087,24101
24101,24103
24103,24111
24111,24113
24111,24114
24113,24114
24114,24115
24114,24116
24115,24116
24116,24122
24116,24123
24116,24138
24116,24141
24122,24123
24123,24138
24138,24141
24138,24145
24138,24146
24138,24147
24138,24149
24141,24145
24145,24146
24146,24147
24147,24149
24149,24150
24149,24151
24149,24156
24149,24161
24149,24165
24150,24151
24150,24156
24150,24161
24151,24156
24156,24161
24156,24165
24156,24170
24161,24165
24161,24170
24161,24177
24165,24170
24170,24177
24170,24188
24177,24188
24188,24189
24189,24190
24189,24203
24189,24204
24189,24207
24190,24203
24203,24204
24203,24207
24204,24207
24204,24208
24204,24212
24207,24208
24208,24212
24212,24215
24212,24218
24215,24218
24218,24220
24218,24229
24220,24229
24229,24232
24232,24237
24237,24242
24237,24249
24237,24259
24237,24260
24242,24249
24242,24259
24242,24260
24242,24263
24242,24266
24249,24259
24259,24260
24260,24263
24260,24266
24260,24267
24263,24266
24263,24267
24263,24272
24266,24267
24267,24272
24267,24280
24272,24280
24272,24281
24272,24287
24272,24305
24280,24281
24281,24287
24281,24305
24287,24305
24305,24308
24305,24313
24308,24313
24313,24315
24315,24316
24316,24317
24316,24329
24317,24329
24329,24339
24329,24340
24339,24340
24340,24342
24342,24360
24342,24364
24360,24364
24364,24374
24374,24379
24374,24381
24379,24381
24379,24384
24379,24392
24379,24394
24381,24384
24384,24392
24392,24394
24394,24396
24394,24399
24394,24403
24396,24399
24399,24403
24403,24405
24405,24407
24407,24408
24408,24411
24411,24417
24411,24422
24411,24427
24411,24432
24417,24422
24422,24427
24422,24432
24422,24438
24422,24441
24422,24442
24427,24432
24427,24438
24432,24438
24432,24441
24432,24442
24432,24447
24438,24441
24438,24442
24441,24442
24441,24447
24441,24452
24442,24447
24442,24452
24442,24468
24442,24469
24442,24474
24447,24452
24452,24468
24468,24469
24468,24474
24468,24486
24468,24490
24469,24474
24474,24486
24486,24490
24486,24501
24486,24507
24486,24516
24490,24501
24490,24507
24490,24516
24490,24528
24490,24531
24501,24507
24507,24516
24516,24528
24516,24531
24516,24546
24528,24531
24531,24546
24546,24552
24552,24556
24552,24578
24556,24578
24556,24587
24556,24590
24556,24596
24578,24587
24578,24590
24578,24596
24578,24602
24578,24605
24587,24590
24587,24596
24587,24602
24587,24605
24587,24610
24587,24618
24590,24596
24590,24602
24590,24605
24596,24602
24596,24605
24602,24605
24602,24610
24605,24610
24605,24618
24605,24626
24610,24618
24618,24626
24618,24629
24618,24642
24626,24629
24626,24642
24626,24645
24629,24642
24642,24645
24642,24649
24645,24649
24649,24650
24650,24656
24656,24657
24656,24660
24656,24664
24656,24666
24656,24670
24657,24660
24660,24664
24664,24666
24664,24670
24666,24670
24670,24672
24672,24674
24672,24675
24674,24675
24674,24679
24674,24686
24674,24689
24675,24679
24675,24686
24675,24689
24675,24690
24675,24691
24675,24697
24679,24686
24679,24689
24679,24690
24686,24689
24689,24690
24690,24691
24690,24697
24690,24702
24691,24697
24697,24702
24697,24713
24702,24713
24702,24718
24713,24718
24718,24719
24719,24720
24720,24722
24720,24731
24722,24731
24731,24734
24731,24737
24734,24737
24734,24748
24737,24748
24737,24749
24737,24759
24748,24749
24749,24759
24759,24765
24759,24767
24759,24782
24759,24787
24759,24796
24765,24767
24767,24782
24767,24787
24782,24787
24782,24796
24787,24796
24787,24799
24787,24805
24796,24799
24799,24805
24805,24808
24808,24821
24808,24830
24808,24833
24821,24830
24830,24833
24833,24844
24833,24845
24844,24845
24845,24855
24845,24862
24845,24872
24845,24885
24845,24895
24855,24862
24855,24872
24855,24885
24855,24895
24855,24900
24862,24872
24862,24885
24872,24885
24872,24895
24885,24895
24895,24900
24900,24903
24900,24906
24900,24911
24900,24913
24903,24906
24903,24911
24903,24913
24906,24911
24906,24913
24906,24920
24906,24922
24906,24928
24906,24938
24911,24913
24911,24920
24911,24922
24913,24920
24913,24922
24913,24928
24913,24938
24913,24942
24913,24951
24913,24953
24920,24922
24922,24928
24928,24938
24928,24942
24938,24942
24942,24951
24951,24953
24951,24967
24951,24973
24953,24967
24967,24973
24967,24974
24967,24976
24973,24974
24974,24976
24976,24980
24976,24982
24980,24982
24982,24987
24987,24994
24987,24997
24987,25005
24987,25008
24987,25010
24994,24997
24997,25005
24997,25008
25005,25008
25008,25010
25008,25011
25008,25014
25010,25011
25011,25014
25014,25025
25014,25028
25014,25032
25014,25039
25014,25042
25025,25028
25025,25032
25025,25039
25025,25042
25028,25032
25032,25039
25039,25042
25039,25046
25039,25048
25042,25046
25042,25048
25046,25048
25048,25052
25052,25059
25052,25061
25059,25061
25061,25062
25061,25066
25061,25068
25061,25074
25062,25066
25066,25068
25068,25074
25068,25075
25068,25086
25074,25075
25075,25086
25075,25087
25075,25090
25075,25093
25075,25105
25086,25087
25087,25090
25090,25093
25090,25105
25093,25105
25093,25108
25093,25109
25093,25111
25105,25108
25108,25109
25109,25111
25109,25113
25109,25122
25111,25113
25111,25122
25111,25125
25113,25122
25113,25125
25122,25125
25122,25126
25122,25127
25122,25128
25122,25131
25125,25126
25125,25127
25125,25128
25125,25131
25126,25127
25127,25128
25128,25131
25131,25144
25144,25150
25150,25151
25150,25153
25151,25153
25153,25155
25153,25158
25153,25159
25155,25158
25155,25159
25155,25171
25158,25159
25159,25171
25159,25172
25171,25172
25172,25177
25177,25179
25177,25200
25177,25201
25177,25203
25177,25212
25179,25200
25200,25201
25201,25203
25201,25212
25203,25212
25203,25213
25212,25213
25212,25223
25212,25237
25212,25241
25213,25223
25213,25237
25213,25241
25213,25244
25213,25247
25223,25237
25223,25241
25223,25244
25237,25241
25241,25244
25241,25247
25241,25258
25241,25261
25241,25262
25244,25247
25247,25258
25247,25261
25247,25262
25247,25264
25258,25261
25258,25262
25258,25264
25261,25262
25262,25264
25264,25266
25266,25268
25268,25275
25275,25277
25275,25278
25275,25280
25275,25283
25277,25278
25278,25280
25280,25283
25280,25286
25280,25288
25280,25290
25280,25291
25283,25286
25286,25288
25286,25290
25288,25290
25288,25291
25288,25297
25288,25299
25290,25291
25290,25297
25290,25299
25290,25305
25290,25306
25291,25297
25291,25299
25291,25305
25297,25299
25297,25305
25299,25305
25299,25306
25299,25308
25305,25306
25305,25308
25306,25308
25306,25314
25306,25317
25308,25314
25308,25317
25308,25319
25314,25317
25317,25319
25319,25320
25320,25326
25320,25327
25326,25327
25327,25342
25342,25353
25342,25357
25342,25358
25342,25363
25342,25364
25353,25357
25353,25358
25353,25363
25357,25358
25358,25363
25358,25364
25358,25366
25358,25369
25363,25364
25364,25366
25366,25369
25369,25374
25374,25375
25375,25381
25381,25384
25381,25389
25381,25392
25381,25394
25381,25396
25384,25389
25389,25392
25392,25394
25392,25396
25392,25400
25394,25396
25396,25400
25400,25402
25402,25403
25403,25404
25404,25407
25407,25408
25407,25409
25407,25410
25407,25415
25407,25418
25407,25426
25408,25409
25409,25410
25410,25415
25410,25418
25415,25418
25415,25426
25415,25430
25415,25439
25418,25426
25418,25430
25418,25439
25418,25440
25426,25430
25430,25439
25439,25440
25440,25441
25441,25450
25441,25466
25441,25469
25450,25466
25450,25469
25450,25473
25450,25475
25466,25469
25469,25473
25469,25475
25473,25475
25473,25476
25473,25484
25475,25476
25475,25484
25476,25484
25476,25486
25476,25505
25484,25486
25484,25505
25484,25506
25484,25507
25484,25511
25486,25505
25505,25506
25506,25507
25507,25511
25507,25513
25507,25521
25507,25528
25511,25513
25511,25521
25513,25521
25513,25528
25513,25529
25521,25528
25521,25529
25521,25530
25521,25534
25528,25529
25528,25530
25528,25534
25529,25530
25530,25534
25534,25536
25534,25539
25534,25542
25534,25543
25536,25539
25539,25542
25539,25543
25542,25543
25543,25547
25543,25553
25543,25562
25543,25567
25547,25553
25553,25562
25553,25567
25562,25567
25567,25572
25567,25584
25567,25586
25567,25595
25567,25598
25567,25604
25572,25584
25584,25586
25586,25595
25586,25598
25586,25604
25595,25598
25595,25604
25598,25604
25598,25609
25604,25609
25604,25614
25609,25614
25614,25616
25616,25625
25625,25632
25632,25633
25633,25636
25636,25638
25636,25639
25636,25648
25638,25639
25638,25648
25639,25648
25639,25649
25639,25652
25648,25649
25649,25652
25649,25670
25649,25674
25652,25670
25652,25674
25670,25674
25670,25676
25670,25687
25670,25689
25670,25706
25670,25707
25674,25676
25676,25687
25687,25689
25687,25706
25689,25706
25689,25707
25689,25716
25706,25707
25706,25716
25706,25719
25707,25716
25716,25719
25716,25724
25719,25724
25724,25725
25724,25731
25725,25731
25725,25733
25725,25734
25731,25733
25733,25734
25733,25740
25733,25743
25733,25746
25734,25740
25734,25743
25734,25746
25740,25743
25743,25746
25746,25750
25750,25753
25750,25754
25750,25756
25750,25765
25750,25767
25753,25754
25754,25756
25756,25765
25765,25767
25765,25769
25765,25781
25767,25769
25769,25781
25781,25793
25781,25802
25781,25804
25781,25805
25781,25808
25793,25802
25802,25804
25802,25805
25804,25805
25804,25808
25804,25812
25804,25815
25805,25808
25805,25812
25805,25815
25808,25812
25812,25815
25815,25816
25815,25821
25816,25821
25821,25826
25821,25831
25821,25834
25826,25831
25826,25834
25826,25846
25826,25850
25831,25834
25831,25846
25831,25850
25834,25846
25834,25850
25846,25850
25846,25857
25850,25857
25850,25864
25857,25864
25857,25874
25857,25903
25864,25874
25874,25903
25903,25906
25903,25910
25906,25910
25906,25912
25910,25912
25910,25914
25912,25914
25914,25922
25914,25934
25914,25935
25922,25934
25934,25935
25935,25949
25935,25955
25949,25955
25949,25957
25949,25958
25955,25957
25957,25958
25957,25965
25958,25965
25965,25984
25984,25985
25985,25987
25985,25991
25987,25991
25991,25995
25991,25998
25995,25998
25995,26002
25998,26002
26002,26003
26002,26014
26003,26014
26014,26017
26017,26019
26017,26023
26017,26024
26019,26023
26019,26024
26019,26025
26023,26024
26024,26025
26024,26027
26024,26030
26024,26042
26025,26027
26027,26030
26030,26042
26030,26043
26030,26046
26042,26043
26042,26046
26042,26056
26043,26046
26046,26056
26056,26063
26056,26065
26056,26068
26063,26065
26063,26068
26063,26072
26063,26075
26065,26068
26068,26072
26068,26075
26068,26076
26072,26075
26072,26076
26072,26080
26075,26076
26075,26080
26075,26081
26075,26089
26075,26101
26075,26105
26076,26080
26076,26081
26076,26089
26076,26101
26080,26081
26081,26089
26089,26101
26101,26105
26101,26119
26105,26119
26119,26121
26119,26124
26119,26125
26121,26124
26124,26125
26124,26128
26125,26128
26128,26133
26128,26139
26133,26139
26139,26146
26146,26147
26146,26161
26147,26161
26147,26167
26147,26175
26161,26167
26167,26175
26167,26181
26175,26181
26181,26182
26182,26186
26182,26189
26182,26191
26186,26189
26186,26191
26186,26192
26189,26191
26191,26192
26191,26215
26192,26215
26192,26217
26215,26217
26215,26226
26215,26229
26217,26226
26217,26229
26226,26229
26229,26234
26229,26237
26234,26237
26234,26240
26234,26250
26234,26251
26234,26254
26234,26257
26237,26240
26240,26250
26240,26251
26250,26251
26250,26254
26250,26257
26251,26254
26254,26257
26254,26263
26254,26274
26254,26276
26257,26263
26263,26274
26263,26276
26263,26280
26263,26282
26274,26276
26274,26280
26274,26282
26274,26285
26276,26280
26276,26282
26280,26282
26282,26285
26285,26291
26291,26293
26293,26294
26293,26299
26293,26306
26293,26310
26294,26299
26294,26306
26299,26306
26299,26310
26299,26317
26306,26310
26306,26317
26306,26324
26306,26334
26306,26335
26306,26343
26310,26317
26310,26324
26310,26334
26310,26335
26317,26324
26324,26334
26334,26335
26334,26343
26334,26344
26334,26347
26334,26348
26335,26343
26335,26344
26335,26347
26343,26344
26344,26347
26347,26348
26347,26350
26347,26352
26347,26361
26348,26350
26348,26352
26348,26361
26350,26352
26352,26361
26352,26362
26361,26362
26362,26363
26362,26372
26362,26376
26363,26372
26372,26376
26376,26379
26376,26389
26379,26389
26389,26398
26389,26400
26389,26402
26389,26404
26389,26408
26389,26412
26389,26416
26389,26422
26398,26400
26398,26402
26400,26402
26402,26404
26402,26408
26402,26412
26402,26416
26402,26422
26404,26408
26408,26412
26412,26416
26416,26422
26416,26425
26422,26425
26425,26437
26425,26439
26425,26453
26437,26439
26439,26453
26453,26455
26455,26461
26461,26465
26465,26469
26469,26471
26469,26475
26469,26490
26471,26475
26475,26490
26475,26491
26475,26500
26490,26491
26490,26500
26490,26514
26490,26517
26490,26522
26491,26500
26500,26514
26500,26517
26500,26522
26514,26517
26517,26522
26517,26524
26517,26525
26517,26527
26517,26530
26522,26524
26522,26525
26522,26527
26524,26525
26524,26527
26524,26530
26525,26527
26525,26530
26527,26530
26527,26532
26527,26533
26530,26532
26532,26533
26532,26535
26532,26538
26533,26535
26533,26538
26533,26539
26533,26549
26533,26550
26535,26538
26535,26539
26538,26539
26539,26549
26549,26550
26550,26551
26550,26554
26551,26554
26551,26562
26554,26562
26554,26568
26554,26571
26554,26572
26562,26568
26568,26571
26571,26572
26571,26573
26571,26580
26571,26593
26572,26573
26573,26580
26573,26593
26573,26599
26580,26593
26580,26599
26593,26599
26593,26605
26593,26607
26593,26608
26593,26611
26593,26623
26593,26624
26599,26605
26599,26607
26605,26607
26607,26608
26607,26611
26608,26611
26611,26623
26611,26624
26623,26624
26624,26629
26629,26630
26629,26635
26630,26635
26635,26640
26640,26643
26643,26644
26643,26659
26643,26665
26643,26672
26644,26659
26644,26665
26644,26672
26659,26665
26659,26672
26659,26674
26659,26677
26665,26672
26672,26674
26674,26677
26677,26683
26683,26687
26683,26697
26687,26697
26687,26699
26697,26699
26699,26700
26700,26702
26700,26703
26702,26703
26702,26706
26703,26706
26706,26708
26708,26712
26708,26714
26708,26715
26712,26714
26712,26715
26712,26718
26712,26721
26712,26724
26714,26715
26714,26718
26715,26718
26715,26721
26715,26724
26718,26721
26718,26724
26721,26724
26721,26725
26724,26725
26725,26738
26738,26741
26741,26744
26741,26746
26741,26753
26744,26746
26744,26753
26744,26756
26746,26753
26753,26756
26753,26759
26756,26759
26756,26762
26759,26762
26759,26766
26759,26771
26762,26766
26766,26771
26771,26773
26773,26777
26773,26780
26773,26787
26777,26780
26780,26787
26787,26794
26794,26800
26800,26806
26800,26809
26806,26809
26809,26813
26809,26836
26809,26841
26809,26844
26813,26836
26836,26841
26836,26844
26836,26858
26841,26844
26844,26858
26844,26859
26858,26859
26859,26874
26874,26880
26880,26881
26880,26884
26880,26890
26880,26899
26880,26911
26880,26913
26880,26918
26880,26919
26881,26884
26881,26890
26884,26890
26890,26899
26890,26911
26890,26913
26899,26911
26899,26913
26899,26918
26899,26919
26899,26927
26899,26931
26911,26913
26913,26918
26913,26919
26918,26919
26918,26927
26919,26927
26919,26931
26919,26932
26919,26939
26927,26931
26927,26932
26927,26939
26927,26943
26931,26932
26932,26939
26932,26943
26939,26943
26943,26948
26948,26950
26948,26954
26948,26956
26948,26964
26948,26977
26950,26954
26950,26956
26950,26964
26954,26956
26956,26964
26956,26977
26964,26977
26964,26989
26977,26989
26977,26994
26989,26994
26989,26996
26989,26999
26994,26996
26996,26999
26999,27005
26999,27013
26999,27019
27005,27013
27013,27019
27013,27021
27013,27023
27013,27026
27019,27021
27019,27023
27019,27026
27021,27023
27021,27026
27021,27038
27023,27026
27026,27038
27038,27040
27040,27043
27040,27044
27040,27045
27040,27046
27043,27044
27043,27045
27043,27046
27043,27049
27043,27056
27043,27070
27043,27073
27044,27045
27044,27046
27044,27049
27045,27046
27046,27049
27049,27056
27056,27070
27070,27073
27070,27081
27073,27081
27081,27087
27087,27088
27088,27105
27105,27108
27105,27109
27105,27111
27108,27109
27108,27111
27109,27111
27111,27117
27111,27121
27111,27122
27111,27127
27117,27121
27117,27122
27121,27122
27122,27127
27122,27131
27122,27135
27122,27136
27122,27137
27122,27143
27127,27131
27127,27135
27127,27136
27131,27135
27135,27136
27135,27137
27135,27143
27135,27144
27135,27150
27136,27137
27137,27143
27137,27144
27143,27144
27143,27150
27143,27154
27144,27150
27144,27154
27150,27154
27150,27165
27150,27167
27150,27170
27150,27174
27154,27165
27154,27167
27165,27167
27165,27170
27167,27170
27167,27174
27170,27174
27174,27184
27184,27186
27184,27192
27184,27201
27184,27206
27184,27216
27184,27218
27186,27192
27186,27201
27192,27201
27201,27206
27201,27216
27206,27216
27216,27218
27216,27221
27218,27221
27218,27222
27221,27222
27221,27227
27221,27232
27221,27246
27222,27227
27222,27232
27222,27246
27222,27247
27222,27256
27227,27232
27227,27246
27227,27247
27232,27246
27246,27247
27246,27256
27246,27260
27246,27261
27247,27256
27256,27260
27260,27261
27261,27264
27264,27266
27264,27270
27266,27270
27270,27271
27270,27276
27271,27276
27271,27277
27271,27281
27271,27293
27276,27277
27276,27281
27276,27293
27277,27281
27281,27293
27281,27295
27281,27296
27293,27295
27293,27296
27295,27296
27296,27298
27296,27312
27298,27312
27298,27324
27312,27324
27312,27326
27312,27328
27312,27329
27324,27326
27326,27328
27326,27329
27326,27337
27326,27340
27328,27329
27329,27337
27329,27340
27337,27340
27340,27341
27340,27343
27341,27343
27341,27346
27341,27348
27343,27346
27346,27348
27346,27358
27346,27367
27348,27358
27358,27367
27367,27378
27367,27384
27367,27385
27367,27399
27378,27384
27384,27385
27385,27399
27385,27401
27399,27401
27399,27403
27399,27404
27399,27411
27401,27403
27401,27404
27401,27411
27403,27404
27404,27411
27404,27421
27404,27429
27404,27431
27411,27421
27411,27429
27421,27429
27429,27431
27429,27434
27431,27434
27431,27439
27434,27439
27434,27447
27434,27448
27434,27457
27439,27447
27439,27448
27447,27448
27448,27457
27457,27458
