3,11
3,25
3,27439
3,27457
3,27458
11,25
11,27457
25,28
25,27457
28,36
28,44
28,45
28,27457
36,44
44,45
44,56
45,56
45,57
56,57
57,58
57,62
57,63
57,66
58,62
58,63
58,66
62,63
62,66
62,69
63,66
63,69
66,69
66,72
66,79
66,87
69,72
69,79
72,79
72,87
72,93
72,95
79,87
79,93
87,93
93,95
95,97
95,102
95,107
95,117
97,102
102,107
107,117
117,121
117,127
117,129
121,127
121,129
127,129
129,133
133,135
133,148
133,150
135,148
135,150
148,150
148,151
148,154
148,155
148,163
148,165
150,151
151,154
154,155
154,163
154,165
155,163
163,165
163,168
163,175
163,176
163,184
163,191
165,168
165,175
165,176
165,184
168,175
175,176
175,184
175,191
176,184
176,191
176,196
184,191
184,196
191,196
191,197
196,197
197,203
197,208
203,208
208,211
211,215
211,216
211,218
215,216
215,218
215,219
216,218
216,219
218,219
218,227
218,229
218,230
219,227
227,229
229,230
230,234
234,235
234,239
235,239
235,244
239,244
239,247
244,247
244,249
244,255
244,257
244,278
247,249
247,255
249,255
255,257
255,278
257,278
257,279
257,282
257,299
278,279
279,282
282,299
282,302
282,304
299,302
299,304
302,304
302,309
302,311
304,309
304,311
304,312
304,316
309,311
309,312
311,312
312,316
316,322
316,326
322,326
326,331
331,334
331,337
331,341
331,351
334,337
334,341
337,341
337,351
337,353
337,355
341,351
351,353
351,355
353,355
353,356
355,356
356,357
356,363
356,364
357,363
357,364
363,364
363,367
363,371
364,367
367,371
371,378
371,379
371,396
378,379
379,396
396,397
397,398
398,403
403,412
403,414
403,416
403,418
403,420
403,422
412,414
414,416
416,418
418,420
420,422
422,425
422,427
425,427
427,430
430,434
430,439
430,445
434,439
434,445
434,460
439,445
445,460
460,462
460,464
462,464
462,472
464,472
464,483
464,488
472,483
483,488
488,492
488,494
488,501
488,503
492,494
492,501
494,501
494,503
501,503
501,509
503,509
509,512
512,516
516,519
516,522
516,533
516,534
519,522
522,533
522,534
533,534
534,547
547,551
551,553
553,559
553,562
559,562
562,565
565,567
565,575
565,577
567,575
575,577
575,591
577,591
577,599
591,599
599,607
599,614
599,621
607,614
614,621
621,627
621,635
621,638
627,635
627,638
635,638
638,640
638,643
640,643
643,646
646,647
646,648
647,648
647,651
647,656
647,659
648,651
651,656
656,659
656,664
656,665
656,666
659,664
664,665
664,666
665,666
666,667
666,668
666,669
666,678
667,668
667,669
668,669
668,678
669,678
669,680
669,690
678,680
678,690
678,691
680,690
680,691
680,693
680,697
680,701
690,691
690,693
691,693
693,697
697,701
697,718
701,718
701,721
718,721
721,724
724,734
724,735
734,735
735,737
735,739
735,745
737,739
737,745
737,749
739,745
745,749
749,752
749,756
749,761
752,756
756,761
756,763
756,768
761,763
763,768
763,779
768,779
779,786
779,796
786,796
786,806
796,806
806,811
811,823
823,828
823,829
828,829
829,830
829,848
829,849
830,848
830,849
830,853
848,849
849,853
853,855
855,857
855,862
855,867
855,873
857,862
857,867
862,867
867,873
873,874
874,875
874,877
874,882
874,887
875,877
877,882
882,887
887,891
887,896
887,897
891,896
896,897
896,909
896,910
897,909
897,910
897,923
909,910
910,923
923,925
923,926
925,926
926,938
938,940
940,945
945,947
945,948
945,954
945,956
947,948
948,954
948,956
948,958
948,959
954,956
954,958
954,959
954,966
954,968
956,958
958,959
959,966
966,968
966,977
966,980
966,986
968,977
968,980
968,986
977,980
977,986
977,989
977,993
977,999
980,986
986,989
989,993
993,999
993,1003
999,1003
999,1007
1003,1007
1003,1008
1007,1008
1008,1010
1008,1014
1008,1021
1010,1014
1010,1021
1014,1021
1021,1025
1025,1027
1027,1031
1027,1036
1027,1045
1027,1054
1031,1036
1036,1045
1036,1054
1045,1054
1054,1060
1060,1065
1060,1070
1060,1077
1060,1078
1065,1070
1070,1077
1077,1078
1077,1091
1078,1091
1091,1095
1095,1096
1095,1098
1096,1098
1098,1102
1098,1104
1098,1115
1102,1104
1102,1115
1104,1115
1115,1116
1116,1118
1116,1119
1118,1119
1119,1122
1119,1123
1122,1123
1122,1130
1123,1130
1123,1142
1123,1143
1130,1142
1142,1143
1142,1145
1143,1145
1143,1147
1145,1147
1145,1148
1147,1148
1147,1150
1148,1150
1150,1156
1150,1158
1150,1160
1156,1158
1158,1160
1160,1161
1160,1166
1160,1167
1160,1170
1160,1171
1161,1166
1161,1167
1161,1170
1161,1171
1161,1181
1161,1182
1161,1186
1161,1188
1166,1167
1167,1170
1167,1171
1167,1181
1170,1171
1170,1181
1170,1182
1170,1186
1171,1181
1181,1182
1182,1186
1186,1188
1188,1194
1188,1195
1188,1197
1188,1202
1194,1195
1195,1197
1197,1202
1202,1204
1204,1226
1226,1227
1227,1230
1227,1233
1230,1233
1230,1239
1230,1250
1233,1239
1239,1250
1239,1253
1239,1262
1239,1266
1250,1253
1253,1262
1262,1266
1266,1273
1266,1276
1266,1285
1273,1276
1276,1285
1276,1291
1276,1293
1285,1291
1291,1293
1291,1297
1293,1297
1297,1299
1297,1305
1297,1306
1299,1305
1299,1306
1299,1316
1299,1324
1305,1306
1305,1316
1306,1316
1316,1324
1324,1326
1324,1333
1324,1335
1326,1333
1326,1335
1333,1335
1335,1338
1338,1348
1348,1358
1358,1361
1358,1369
1358,1384
1358,1385
1361,1369
1369,1384
1384,1385
1385,1391
1385,1394
1385,1411
1391,1394
1394,1411
1394,1417
1394,1420
1411,1417
1411,1420
1411,1426
1411,1429
1411,1434
1411,1445
1417,1420
1417,1426
1417,1429
1417,1434
1417,1445
1420,1426
1420,1429
1426,1429
1429,1434
1434,1445
1434,1446
1434,1452
1445,1446
1445,1452
1446,1452
1452,1454
1452,1457
1452,1458
1452,1462
1452,1469
1454,1457
1457,1458
1458,1462
1458,1469
1458,1473
1458,1475
1462,1469
1469,1473
1473,1475
1475,1478
1475,1489
1478,1489
1489,1495
1489,1497
1489,1500
1489,1506
1489,1516
1495,1497
1495,1500
1495,1506
1495,1516
1497,1500
1497,1506
1500,1506
1506,1516
1506,1529
1506,1537
1506,1539
1516,1529
1516,1537
1516,1539
1516,1541
1529,1537
1529,1539
1529,1541
1537,1539
1539,1541
1539,1545
1539,1548
1541,1545
1545,1548
1545,1549
1545,1551
1548,1549
1549,1551
1549,1552
1551,1552
1551,1553
1552,1553
1553,1554
1553,1558
1554,1558
1554,1564
1554,1565
1554,1567
1554,1578
1558,1564
1558,1565
1564,1565
1564,1567
1565,1567
1565,1578
1565,1582
1565,1588
1565,1590
1565,1604
1567,1578
1567,1582
1567,1588
1578,1582
1578,1588
1582,1588
1582,1590
1588,1590
1590,1604
1590,1605
1590,1612
1590,1615
1604,1605
1604,1612
1604,1615
1604,1624
1605,1612
1605,1615
1605,1624
1612,1615
1612,1624
1612,1626
1615,1624
1624,1626
1626,1629
1626,1647
1629,1647
1629,1648
1629,1650
1629,1653
1647,1648
1647,1650
1647,1653
1648,1650
1648,1653
1650,1653
1653,1659
1653,1664
1653,1665
1653,1666
1659,1664
1664,1665
1664,1666
1664,1668
1664,1677
1665,1666
1666,1668
1668,1677
1668,1681
1668,1684
1677,1681
1681,1684
1681,1686
1684,1686
1684,1688
1684,1690
1686,1688
1686,1690
1686,1700
1686,1709
1688,1690
1690,1700
1700,1709
1709,1711
1709,1713
1709,1720
1711,1713
1711,1720
1713,1720
1713,1721
1720,1721
1720,1725
1721,1725
1725,1744
1725,1772
1744,1772
1772,1780
1772,1781
1772,1782
1772,1785
1772,1787
1772,1791
1780,1781
1780,1782
1780,1785
1780,1787
1781,1782
1782,1785
1785,1787
1785,1791
1785,1796
1787,1791
1787,1796
1787,1798
1787,1799
1791,1796
1791,1798
1791,1799
1796,1798
1796,1799
1796,1807
1796,1810
1798,1799
1798,1807
1798,1810
1798,1811
1798,1815
1799,1807
1807,1810
1810,1811
1811,1815
1815,1821
1815,1823
1815,1829
1821,1823
1821,1829
1821,1831
1821,1838
1823,1829
1823,1831
1829,1831
1829,1838
1829,1854
1831,1838
1838,1854
1838,1860
1854,1860
1860,1867
1867,1870
1867,1873
1867,1877
1867,1878
1870,1873
1873,1877
1877,1878
1878,1881
1878,1882
1878,1888
1878,1892
1878,1893
1878,1894
1881,1882
1881,1888
1881,1892
1882,1888
1888,1892
1888,1893
1888,1894
1892,1893
1893,1894
1893,1896
1894,1896
1894,1903
1894,1908
1894,1910
1896,1903
1903,1908
1908,1910
1908,1916
1910,1916
1910,1917
1916,1917
1917,1921
1921,1922
1921,1941
1922,1941
1922,1942
1941,1942
1942,1947
1942,1954
1942,1962
1947,1954
1947,1962
1947,1971
1947,1972
1954,1962
1962,1971
1962,1972
1971,1972
1971,1977
1972,1977
1977,1990
1990,1995
1995,1998
1995,1999
1995,2002
1995,2004
1998,1999
1998,2002
1999,2002
2002,2004
2002,2009
2002,2014
2004,2009
2009,2014
2009,2015
2014,2015
2015,2018
2015,2020
2015,2024
2015,2028
2018,2020
2018,2024
2018,2028
2020,2024
2024,2028
2024,2033
2024,2035
2024,2041
2028,2033
2033,2035
2033,2041
2033,2044
2035,2041
2035,2044
2041,2044
2044,2058
2044,2065
2044,2067
2044,2071
2058,2065
2065,2067
2065,2071
2065,2078
2067,2071
2071,2078
2071,2079
2078,2079
2078,2081
2079,2081
2081,2087
2081,2091
2087,2091
2091,2106
2091,2111
2106,2111
2111,2119
2111,2127
2111,2130
2119,2127
2127,2130
2130,2134
2130,2135
2130,2137
2130,2146
2130,2154
2134,2135
2135,2137
2137,2146
2146,2154
2146,2160
2146,2168
2146,2173
2154,2160
2160,2168
2160,2173
2160,2175
2160,2192
2168,2173
2173,2175
2173,2192
2175,2192
2175,2200
2192,2200
2200,2201
2201,2207
2207,2211
2211,2212
2211,2214
2211,2226
2211,2228
2211,2229
2211,2230
2212,2214
2212,2226
2212,2228
2214,2226
2214,2228
2214,2229
2214,2230
2226,2228
2228,2229
2229,2230
2230,2243
2230,2244
2230,2256
2243,2244
2244,2256
2256,2261
2261,2266
2261,2270
2266,2270
2266,2271
2266,2275
2266,2291
2266,2298
2270,2271
2270,2275
2271,2275
2275,2291
2291,2298
2298,2300
2300,2302
2300,2307
2300,2318
2300,2322
2300,2326
2300,2331
2302,2307
2302,2318
2302,2322
2307,2318
2318,2322
2322,2326
2326,2331
2326,2332
2331,2332
2331,2342
2331,2349
2332,2342
2342,2349
2342,2353
2342,2354
2349,2353
2349,2354
2349,2365
2353,2354
2353,2365
2353,2366
2353,2370
2354,2365
2365,2366
2366,2370
2366,2384
2366,2403
2366,2404
2370,2384
2384,2403
2384,2404
2403,2404
2403,2410
2404,2410
2410,2419
2419,2428
2419,2436
2419,2437
2419,2440
2419,2441
2419,2445
2419,2447
2428,2436
2428,2437
2428,2440
2428,2441
2428,2445
2436,2437
2437,2440
2437,2441
2440,2441
2440,2445
2440,2447
2441,2445
2441,2447
2445,2447
2445,2449
2445,2450
2447,2449
2447,2450
2449,2450
2449,2459
2449,2462
2449,2463
2450,2459
2450,2462
2459,2462
2459,2463
2462,2463
2463,2467
2463,2478
2463,2482
2463,2487
2463,2491
2467,2478
2478,2482
2478,2487
2478,2491
2482,2487
2487,2491
2487,2494
2487,2503
2491,2494
2494,2503
2503,2517
2503,2518
2503,2524
2503,2527
2503,2529
2517,2518
2518,2524
2524,2527
2527,2529
2529,2533
2533,2536
2536,2546
2546,2548
2548,2550
2548,2554
2548,2560
2548,2564
2548,2566
2548,2576
2550,2554
2554,2560
2554,2564
2554,2566
2554,2576
2554,2578
2554,2580
2560,2564
2564,2566
2564,2576
2564,2578
2566,2576
2576,2578
2578,2580
2578,2586
2580,2586
2586,2592
2592,2595
2595,2606
2606,2608
2608,2613
2608,2618
2608,2621
2613,2618
2618,2621
2618,2626
2618,2631
2618,2636
2621,2626
2621,2631
2621,2636
2621,2643
2621,2649
2626,2631
2631,2636
2631,2643
2631,2649
2636,2643
2643,2649
2643,2651
2643,2655
2649,2651
2651,2655
2655,2656
2655,2661
2655,2671
2656,2661
2656,2671
2661,2671
2661,2675
2671,2675
2675,2680
2675,2685
2675,2692
2675,2696
2675,2700
2680,2685
2685,2692
2685,2696
2685,2700
2685,2708
2692,2696
2696,2700
2696,2708
2696,2712
2700,2708
2700,2712
2700,2714
2708,2712
2712,2714
2712,2717
2714,2717
2717,2721
2717,2724
2717,2725
2717,2727
2721,2724
2721,2725
2721,2727
2721,2731
2721,2737
2721,2740
2724,2725
2725,2727
2725,2731
2725,2737
2725,2740
2727,2731
2727,2737
2731,2737
2731,2740
2737,2740
2737,2741
2737,2742
2737,2749
2737,2753
2737,2755
2740,2741
2740,2742
2741,2742
2742,2749
2749,2753
2749,2755
2749,2765
2749,2766
2749,2768
2749,2770
2753,2755
2755,2765
2755,2766
2765,2766
2766,2768
2766,2770
2766,2778
2768,2770
2768,2778
2768,2780
2768,2785
2770,2778
2770,2780
2778,2780
2780,2785
2780,2791
2780,2792
2780,2819
2785,2791
2785,2792
2791,2792
2791,2819
2791,2820
2792,2819
2819,2820
2820,2824
2820,2825
2820,2826
2824,2825
2825,2826
2826,2838
2826,2844
2826,2847
2838,2844
2844,2847
2844,2849
2844,2850
2847,2849
2847,2850
2847,2880
2849,2850
2849,2880
2849,2885
2849,2904
2849,2906
2849,2913
2849,2916
2850,2880
2880,2885
2885,2904
2904,2906
2904,2913
2904,2916
2904,2917
2906,2913
2906,2916
2913,2916
2913,2917
2913,2920
2913,2921
2913,2923
2916,2917
2916,2920
2917,2920
2917,2921
2917,2923
2920,2921
2921,2923
2921,2929
2923,2929
2923,2932
2929,2932
2929,2944
2929,2945
2929,2951
2932,2944
2932,2945
2932,2951
2944,2945
2945,2951
2951,2952
2952,2971
2971,2980
2971,2983
2971,2986
2971,2994
2980,2983
2983,2986
2986,2994
2986,3001
2986,3002
2986,3007
2986,3015
2994,3001
3001,3002
3002,3007
3007,3015
3007,3023
3007,3034
3007,3037
3007,3039
3007,3044
3015,3023
3015,3034
3023,3034
3034,3037
3034,3039
3034,3044
3034,3046
3037,3039
3039,3044
3039,3046
3044,3046
3044,3048
3046,3048
3048,3049
3048,3051
3049,3051
3051,3055
3051,3068
3051,3070
3051,3073
3055,3068
3055,3070
3068,3070
3070,3073
3073,3074
3074,3076
3074,3081
3074,3085
3076,3081
3081,3085
3081,3109
3081,3112
3081,3113
3085,3109
3109,3112
3112,3113
3113,3124
3113,3131
3124,3131
3131,3134
3134,3135
3135,3149
3135,3151
3135,3152
3135,3159
3149,3151
3151,3152
3152,3159
3159,3175
3175,3178
3178,3185
3178,3193
3178,3194
3178,3201
3185,3193
3193,3194
3194,3201
3194,3202
3201,3202
3202,3204
3204,3205
3205,3209
3209,3214
3209,3216
3214,3216
3214,3217
3214,3220
3216,3217
3216,3220
3216,3222
3217,3220
3217,3222
3217,3225
3220,3222
3222,3225
3222,3228
3222,3232
3222,3234
3225,3228
3225,3232
3228,3232
3228,3234
3228,3235
3228,3241
3232,3234
3234,3235
3234,3241
3234,3244
3234,3251
3234,3252
3235,3241
3235,3244
3235,3251
3235,3252
3241,3244
3244,3251
3244,3252
3251,3252
3251,3255
3251,3262
3252,3255
3255,3262
3262,3268
3268,3271
3268,3274
3268,3276
3268,3285
3268,3286
3271,3274
3271,3276
3271,3285
3271,3286
3271,3302
3274,3276
3274,3285
3274,3286
3276,3285
3276,3286
3276,3302
3276,3315
3285,3286
3285,3302
3286,3302
3302,3315
3302,3324
3302,3339
3315,3324
3324,3339
3339,3341
3339,3350
3339,3356
3339,3368
3341,3350
3350,3356
3356,3368
3356,3374
3368,3374
3374,3375
3375,3405
3405,3416
3416,3418
3418,3419
3418,3420
3418,3423
3419,3420
3420,3423
3423,3426
3423,3427
3423,3430
3426,3427
3426,3430
3426,3440
3427,3430
3427,3440
3427,3448
3427,3449
3430,3440
3440,3448
3440,3449
3440,3450
3440,3464
3448,3449
3448,3450
3449,3450
3450,3464
3464,3478
3464,3482
3478,3482
3478,3484
3478,3488
3478,3490
3482,3484
3484,3488
3484,3490
3488,3490
3490,3491
3490,3495
3491,3495
3495,3496
3496,3505
3496,3508
3496,3509
3505,3508
3508,3509
3508,3510
3508,3520
3509,3510
3509,3520
3509,3521
3510,3520
3520,3521
3521,3524
3521,3526
3524,3526
3526,3527
3526,3528
3526,3540
3527,3528
3527,3540
3528,3540
3528,3542
3528,3546
3540,3542
3540,3546
3540,3549
3540,3554
3542,3546
3542,3549
3546,3549
3549,3554
3554,3556
3554,3567
3554,3573
3556,3567
3556,3573
3556,3574
3556,3577
3567,3573
3573,3574
3574,3577
3577,3578
3578,3592
3578,3597
3578,3601
3592,3597
3592,3601
3597,3601
3597,3604
3597,3610
3601,3604
3604,3610
3610,3612
3612,3614
3614,3618
3618,3619
3619,3621
3619,3625
3621,3625
3621,3630
3621,3642
3625,3630
3630,3642
3630,3646
3642,3646
3646,3647
3647,3651
3651,3655
3651,3656
3655,3656
3655,3665
3655,3666
3656,3665
3656,3666
3665,3666
3665,3673
3665,3677
3665,3678
3665,3682
3666,3673
3666,3677
3673,3677
3677,3678
3678,3682
3678,3686
3678,3689
3678,3692
3678,3693
3682,3686
3686,3689
3689,3692
3692,3693
3693,3695
3695,3698
3698,3703
3703,3704
3703,3705
3703,3711
3704,3705
3705,3711
3711,3714
3711,3718
3714,3718
3714,3719
3718,3719
3719,3723
3719,3729
3719,3731
3719,3732
3719,3733
3719,3734
3723,3729
3729,3731
3731,3732
3732,3733
3733,3734
3734,3735
3735,3739
3739,3744
3739,3745
3739,3751
3739,3756
3744,3745
3744,3751
3745,3751
3751,3756
3756,3760
3756,3763
3756,3770
3760,3763
3763,3770
3770,3781
3781,3784
3781,3785
3781,3787
3781,3790
3781,3793
3784,3785
3785,3787
3787,3790
3790,3793
3790,3801
3793,3801
3793,3808
3793,3813
3801,3808
3808,3813
3813,3818
3818,3820
3820,3825
3825,3832
3825,3836
3825,3837
3825,3839
3832,3836
3832,3837
3832,3839
3836,3837
3837,3839
3839,3840
3839,3847
3839,3850
3839,3861
3840,3847
3840,3850
3840,3861
3840,3871
3847,3850
3850,3861
3850,3871
3850,3874
3861,3871
3861,3874
3861,3878
3861,3880
3861,3881
3871,3874
3874,3878
3874,3880
3878,3880
3878,3881
3878,3887
3878,3888
3880,3881
3881,3887
3887,3888
3887,3896
3887,3898
3888,3896
3896,3898
3896,3904
3896,3908
3896,3911
3898,3904
3898,3908
3904,3908
3904,3911
3908,3911
3911,3913
3911,3914
3913,3914
3913,3922
3913,3929
3914,3922
3914,3929
3914,3932
3922,3929
3922,3932
3922,3933
3922,3947
3922,3951
3929,3932
3929,3933
3929,3947
3929,3951
3929,3955
3929,3964
3932,3933
3933,3947
3933,3951
3933,3955
3947,3951
3951,3955
3955,3964
3955,3965
3955,3967
3964,3965
3964,3967
3964,3969
3965,3967
3967,3969
3969,3982
3982,3989
3989,3991
3991,3998
3998,4000
4000,4004
4000,4008
4004,4008
4008,4013
4013,4018
4018,4022
4018,4035
4022,4035
4022,4037
4035,4037
4037,4042
4042,4045
4045,4046
4046,4048
4046,4052
4048,4052
4052,4057
4057,4072
4057,4073
4072,4073
4073,4076
4073,4078
4073,4081
4076,4078
4078,4081
4081,4089
4089,4091
4091,4094
4091,4096
4091,4101
4094,4096
4096,4101
4101,4106
4101,4107
4106,4107
4107,4111
4107,4118
4111,4118
4118,4119
4119,4125
4119,4131
4119,4133
4119,4142
4119,4148
4125,4131
4131,4133
4131,4142
4133,4142
4142,4148
4142,4149
4142,4155
4142,4158
4148,4149
4148,4155
4148,4158
4149,4155
4149,4158
4155,4158
4158,4168
4158,4169
4168,4169
4169,4173
4173,4180
4180,4185
4180,4188
4180,4191
4180,4192
4185,4188
4185,4191
4188,4191
4191,4192
4192,4193
4192,4196
4193,4196
4196,4197
4196,4199
4196,4210
4196,4213
4196,4217
4197,4199
4197,4210
4199,4210
4210,4213
4213,4217
4217,4224
4217,4225
4224,4225
4225,4229
4225,4231
4229,4231
4231,4238
4231,4240
4231,4245
4238,4240
4238,4245
4240,4245
4240,4251
4240,4253
4240,4260
4240,4262
4245,4251
4245,4253
4245,4260
4245,4262
4245,4281
4251,4253
4251,4260
4251,4262
4251,4281
4253,4260
4260,4262
4260,4281
4260,4283
4262,4281
4281,4283
4283,4284
4283,4285
4283,4287
4283,4290
4283,4291
4283,4297
4284,4285
4285,4287
4285,4290
4285,4291
4285,4297
4287,4290
4287,4291
4287,4297
4290,4291
4291,4297
4297,4312
4312,4316
4312,4318
4312,4325
4312,4328
4316,4318
4318,4325
4325,4328
4325,4329
4328,4329
4328,4333
4329,4333
4329,4347
4333,4347
4333,4349
4333,4357
4333,4362
4333,4384
4347,4349
4349,4357
4357,4362
4357,4384
4357,4389
4362,4384
4362,4389
4384,4389
4389,4392
4389,4398
4392,4398
4392,4399
4392,4410
4392,4411
4392,4412
4392,4430
4398,4399
4399,4410
4399,4411
4399,4412
4399,4430
4399,4440
4410,4411
4410,4412
4410,4430
4411,4412
4411,4430
4412,4430
4412,4440
4430,4440
4440,4444
4440,4445
4440,4450
4444,4445
4444,4450
4444,4451
4444,4457
4445,4450
4445,4451
4445,4457
4450,4451
4451,4457
4451,4460
4451,4461
4457,4460
4457,4461
4460,4461
4461,4462
4461,4464
4461,4478
4461,4482
4462,4464
4464,4478
4478,4482
4478,4485
4482,4485
4482,4491
4485,4491
4491,4492
4491,4494
4491,4495
4492,4494
4492,4495
4492,4501
4492,4509
4494,4495
4494,4501
4494,4509
4495,4501
4501,4509
4501,4511
4509,4511
4509,4513
4509,4515
4509,4523
4511,4513
4513,4515
4515,4523
4523,4531
4531,4533
4531,4545
4531,4550
4531,4551
4531,4552
4531,4555
4533,4545
4545,4550
4550,4551
4551,4552
4552,4555
4552,4556
4552,4562
4552,4573
4555,4556
4555,4562
4556,4562
4556,4573
4556,4578
4562,4573
4562,4578
4562,4582
4562,4584
4573,4578
4578,4582
4582,4584
4582,4592
4582,4599
4584,4592
4592,4599
4592,4600
4592,4627
4592,4631
4592,4642
4599,4600
4599,4627
4600,4627
4627,4631
4631,4642
4631,4652
4642,4652
4652,4661
4652,4669
4652,4676
4652,4679
4652,4702
4661,4669
4669,4676
4676,4679
4679,4702
4702,4706
4702,4708
4702,4717
4702,4722
4702,4723
4702,4732
4702,4736
4706,4708
4708,4717
4717,4722
4717,4723
4717,4732
4717,4736
4717,4744
4717,4757
4717,4764
4717,4766
4717,4768
4717,4769
4722,4723
4722,4732
4722,4736
4723,4732
4723,4736
4723,4744
4732,4736
4736,4744
4744,4757
4757,4764
4764,4766
4764,4768
4764,4769
4764,4772
4764,4774
4766,4768
4768,4769
4768,4772
4768,4774
4769,4772
4769,4774
4772,4774
4774,4781
4774,4784
4781,4784
4781,4791
4784,4791
4791,4796
4796,4797
4797,4801
4801,4813
4813,4816
4816,4817
4817,4818
4817,4828
4817,4829
4818,4828
4818,4829
4818,4831
4818,4833
4818,4837
4818,4838
4828,4829
4828,4831
4829,4831
4831,4833
4831,4837
4833,4837
4837,4838
4837,4849
4838,4849
4849,4850
4849,4854
4849,4855
4850,4854
4850,4855
4850,4857
4850,4859
4850,4883
4854,4855
4854,4857
4854,4859
4855,4857
4857,4859
4857,4883
4859,4883
4859,4884
4859,4892
4883,4884
4883,4892
4884,4892
4892,4894
4894,4900
4894,4901
4894,4907
4894,4915
4894,4919
4894,4923
4900,4901
4901,4907
4901,4915
4901,4919
4901,4923
4907,4915
4907,4919
4907,4923
4915,4919
4915,4923
4915,4924
4919,4923
4923,4924
4924,4929
4929,4933
4929,4940
4929,4944
4933,4940
4933,4944
4940,4944
4940,4965
4940,4967
4940,4970
4940,4974
4944,4965
4965,4967
4965,4970
4965,4974
4967,4970
4970,4974
4970,4990
4970,4993
4974,4990
4974,4993
4974,4995
4974,5000
4974,5005
4990,4993
4990,4995
4990,5000
4990,5005
4990,5006
4993,4995
4995,5000
5000,5005
5005,5006
5005,5009
5005,5014
5006,5009
5006,5014
5006,5024
5006,5027
5009,5014
5009,5024
5014,5024
5014,5027
5024,5027
5024,5029
5024,5035
5024,5038
5024,5040
5027,5029
5027,5035
5027,5038
5027,5040
5027,5041
5029,5035
5035,5038
5035,5040
5035,5041
5035,5044
5038,5040
5040,5041
5041,5044
5041,5048
5044,5048
5044,5050
5044,5052
5048,5050
5048,5052
5050,5052
5050,5060
5052,5060
5052,5062
5060,5062
5062,5065
5062,5067
5062,5070
5062,5077
5062,5079
5065,5067
5065,5070
5065,5077
5065,5079
5065,5081
5067,5070
5070,5077
5070,5079
5070,5081
5077,5079
5077,5081
5079,5081
5081,5086
5081,5088
5081,5097
5086,5088
5088,5097
5097,5098
5098,5110
5098,5114
5110,5114
5110,5117
5114,5117
5114,5122
5114,5124
5117,5122
5122,5124
5122,5132
5122,5135
5124,5132
5124,5135
5124,5136
5132,5135
5132,5136
5132,5146
5135,5136
5136,5146
5146,5148
5146,5159
5146,5173
5146,5174
5148,5159
5159,5173
5173,5174
5173,5180
5173,5181
5173,5182
5173,5191
5174,5180
5174,5181
5174,5182
5180,5181
5180,5182
5181,5182
5182,5191
5182,5195
5191,5195
5195,5197
5195,5203
5195,5212
5197,5203
5197,5212
5197,5214
5197,5218
5203,5212
5212,5214
5214,5218
5214,5221
5214,5234
5214,5235
5218,5221
5218,5234
5218,5235
5221,5234
5234,5235
5234,5239
5235,5239
5235,5240
5235,5244
5235,5258
5239,5240
5240,5244
5244,5258
5258,5261
5261,5269
5261,5272
5261,5280
5261,5287
5261,5289
5261,5290
5261,5292
5269,5272
5272,5280
5272,5287
5280,5287
5287,5289
5287,5290
5289,5290
5289,5292
5289,5303
5289,5306
5290,5292
5292,5303
5292,5306
5292,5310
5303,5306
5303,5310
5303,5315
5306,5310
5306,5315
5310,5315
5310,5316
5310,5322
5315,5316
5316,5322
5322,5325
5322,5342
5325,5342
5342,5350
5350,5351
5351,5356
5351,5364
5351,5365
5356,5364
5364,5365
5365,5368
5365,5371
5368,5371
5368,5378
5368,5381
5371,5378
5371,5381
5371,5382
5378,5381
5378,5382
5378,5388
5381,5382
5381,5388
5382,5388
5382,5389
5382,5392
5382,5394
5382,5402
5388,5389
5388,5392
5388,5394
5389,5392
5392,5394
5392,5402
5392,5404
5394,5402
5394,5404
5402,5404
5402,5417
5404,5417
5404,5420
5417,5420
5417,5422
5417,5425
5417,5428
5420,5422
5422,5425
5422,5428
5422,5430
5425,5428
5428,5430
5428,5434
5430,5434
5430,5444
5430,5445
5430,5446
5434,5444
5434,5445
5444,5445
5444,5446
5445,5446
5446,5449
5446,5454
5449,5454
5449,5468
5449,5473
5454,5468
5454,5473
5454,5488
5454,5489
5454,5490
5468,5473
5473,5488
5473,5489
5473,5490
5473,5493
5488,5489
5488,5490
5488,5493
5489,5490
5490,5493
5490,5497
5490,5499
5490,5500
5493,5497
5493,5499
5493,5500
5497,5499
5499,5500
5500,5501
5500,5502
5501,5502
5502,5509
5502,5514
5509,5514
5514,5517
5517,5520
5517,5531
5517,5534
5517,5535
5520,5531
5520,5534
5520,5535
5520,5540
5531,5534
5534,5535
5534,5540
5534,5546
5534,5547
5535,5540
5535,5546
5540,5546
5546,5547
5546,5548
5546,5550
5547,5548
5548,5550
5550,5553
5553,5562
5562,5565
5565,5568
5565,5579
5565,5588
5565,5593
5568,5579
5579,5588
5588,5593
5593,5596
5593,5598
5593,5604
5596,5598
5598,5604
5604,5611
5604,5612
5604,5623
5604,5627
5611,5612
5612,5623
5623,5627
5623,5647
5627,5647
5647,5654
5647,5655
5654,5655
5655,5658
5655,5662
5655,5666
5658,5662
5662,5666
5666,5669
5669,5677
5677,5680
5677,5681
5677,5686
5680,5681
5681,5686
5681,5687
5681,5689
5686,5687
5687,5689
5689,5691
5689,5699
5689,5703
5691,5699
5691,5703
5691,5708
5699,5703
5699,5708
5699,5714
5699,5720
5703,5708
5708,5714
5714,5720
5720,5721
5721,5735
5721,5739
5721,5742
5735,5739
5735,5742
5739,5742
5739,5755
5742,5755
5755,5762
5762,5765
5765,5768
5768,5775
5775,5776
5776,5784
5776,5788
5776,5790
5776,5791
5784,5788
5784,5790
5784,5791
5784,5797
5788,5790
5790,5791
5791,5797
5797,5804
5797,5825
5804,5825
5804,5829
5804,5835
5804,5851
5804,5855
5825,5829
5829,5835
5835,5851
5851,5855
5851,5862
5851,5872
5851,5875
5855,5862
5862,5872
5872,5875
5872,5877
5872,5879
5872,5880
5872,5882
5872,5888
5872,5890
5875,5877
5877,5879
5877,5880
5877,5882
5879,5880
5879,5882
5879,5888
5880,5882
5880,5888
5882,5888
5882,5890
5882,5893
5882,5894
5888,5890
5890,5893
5890,5894
5893,5894
5894,5900
5894,5907
5900,5907
5907,5912
5912,5913
5912,5919
5912,5930
5913,5919
5913,5930
5913,5935
5919,5930
5919,5935
5930,5935
5935,5946
5935,5947
5935,5954
5935,5956
5935,5957
5946,5947
5947,5954
5947,5956
5954,5956
5956,5957
5957,5972
5972,5975
5975,5979
5975,5999
5975,6007
5979,5999
5979,6007
5979,6013
5999,6007
6007,6013
6007,6015
6007,6023
6007,6025
6013,6015
6015,6023
6015,6025
6023,6025
6023,6026
6023,6028
6025,6026
6025,6028
6025,6029
6026,6028
6026,6029
6028,6029
6029,6032
6032,6038
6032,6040
6038,6040
6038,6043
6038,6044
6038,6048
6040,6043
6040,6044
6040,6048
6040,6050
6043,6044
6043,6048
6043,6050
6043,6055
6044,6048
6044,6050
6044,6055
6048,6050
6048,6055
6048,6057
6050,6055
6050,6057
6055,6057
6055,6060
6055,6065
6055,6066
6057,6060
6060,6065
6065,6066
6066,6074
6074,6082
6074,6116
6074,6130
6074,6132
6082,6116
6116,6130
6116,6132
6130,6132
6132,6133
6133,6142
6133,6143
6133,6144
6133,6147
6133,6151
6142,6143
6142,6144
6143,6144
6144,6147
6144,6151
6147,6151
6147,6152
6151,6152
6151,6153
6151,6155
6152,6153
6152,6155
6152,6156
6153,6155
6155,6156
6155,6158
6155,6163
6156,6158
6156,6163
6158,6163
6163,6164
6163,6165
6164,6165
6164,6166
6165,6166
6165,6167
6166,6167
6167,6169
6167,6171
6169,6171
6169,6174
6171,6174
6171,6176
6171,6177
6174,6176
6174,6177
6176,6177
6176,6179
6176,6186
6176,6187
6177,6179
6177,6186
6177,6187
6177,6204
6177,6218
6179,6186
6186,6187
6187,6204
6204,6218
6218,6223
6218,6224
6223,6224
6223,6228
6223,6230
6224,6228
6224,6230
6228,6230
6228,6238
6228,6239
6230,6238
6230,6239
6238,6239
6239,6244
6244,6246
6244,6249
6246,6249
6249,6251
6251,6254
6254,6257
6254,6262
6257,6262
6257,6287
6257,6288
6262,6287
6287,6288
6288,6290
6288,6292
6288,6307
6290,6292
6290,6307
6290,6310
6290,6315
6292,6307
6307,6310
6310,6315
6315,6320
6315,6332
6320,6332
6320,6341
6320,6348
6332,6341
6332,6348
6332,6349
6332,6352
6341,6348
6341,6349
6348,6349
6348,6352
6349,6352
6352,6353
6352,6363
6352,6367
6353,6363
6363,6367
6367,6369
6369,6370
6369,6382
6369,6385
6370,6382
6382,6385
6385,6391
6385,6392
6391,6392
6391,6396
6391,6398
6392,6396
6392,6398
6392,6399
6392,6405
6392,6407
6392,6411
6392,6415
6392,6418
6396,6398
6396,6399
6396,6405
6396,6407
6398,6399
6399,6405
6399,6407
6405,6407
6405,6411
6405,6415
6407,6411
6407,6415
6411,6415
6415,6418
6418,6422
6418,6423
6422,6423
6423,6432
6432,6435
6432,6438
6435,6438
6435,6440
6438,6440
6440,6441
6440,6446
6441,6446
6446,6448
6448,6452
6448,6456
6448,6457
6452,6456
6452,6457
6456,6457
6457,6460
6457,6471
6460,6471
6471,6473
6471,6475
6473,6475
6473,6476
6475,6476
6475,6477
6475,6479
6476,6477
6476,6479
6477,6479
6477,6485
6477,6490
6477,6493
6477,6495
6477,6497
6479,6485
6479,6490
6485,6490
6490,6493
6490,6495
6493,6495
6495,6497
6497,6498
6497,6500
6498,6500
6500,6505
6500,6509
6500,6515
6500,6516
6500,6526
6500,6536
6505,6509
6505,6515
6509,6515
6515,6516
6515,6526
6515,6536
6516,6526
6526,6536
6526,6538
6526,6543
6536,6538
6538,6543
6538,6547
6543,6547
6547,6548
6548,6567
6548,6570
6567,6570
6570,6589
6570,6596
6589,6596
6589,6599
6596,6599
6596,6600
6599,6600
6599,6615
6599,6617
6599,6627
6600,6615
6615,6617
6617,6627
6617,6640
6617,6643
6627,6640
6627,6643
6640,6643
6640,6655
6640,6662
6643,6655
6655,6662
6662,6670
6662,6672
6662,6673
6662,6676
6662,6677
6670,6672
6672,6673
6673,6676
6673,6677
6673,6682
6673,6683
6673,6685
6673,6688
6676,6677
6677,6682
6677,6683
6677,6685
6682,6683
6683,6685
6683,6688
6683,6689
6683,6690
6685,6688
6688,6689
6689,6690
6690,6697
6697,6700
6697,6701
6697,6703
6697,6706
6700,6701
6701,6703
6701,6706
6701,6708
6703,6706
6703,6708
6706,6708
6706,6709
6708,6709
6708,6729
6708,6736
6708,6737
6709,6729
6729,6736
6736,6737
6736,6738
6736,6745
6737,6738
6737,6745
6738,6745
6738,6752
6738,6755
6738,6760
6745,6752
6745,6755
6752,6755
6755,6760
6755,6761
6755,6781
6755,6782
6760,6761
6760,6781
6761,6781
6781,6782
6781,6783
6781,6786
6781,6788
6782,6783
6783,6786
6786,6788
6786,6792
6786,6794
6786,6795
6786,6796
6788,6792
6788,6794
6788,6795
6788,6796
6792,6794
6792,6795
6792,6796
6794,6795
6795,6796
6795,6798
6796,6798
6798,6799
6799,6809
6809,6812
6812,6823
6823,6827
6827,6841
6827,6842
6827,6843
6827,6844
6841,6842
6842,6843
6843,6844
6844,6846
6846,6847
6847,6851
6851,6852
6852,6856
6856,6857
6856,6858
6856,6862
6857,6858
6857,6862
6857,6871
6857,6875
6858,6862
6862,6871
6871,6875
6875,6887
6887,6889
6889,6890
6890,6892
6892,6906
6906,6912
6912,6915
6915,6924
6915,6929
6924,6929
6924,6934
6924,6937
6924,6943
6929,6934
6934,6937
6934,6943
6934,6946
6937,6943
6943,6946
6946,6954
6946,6955
6946,6960
6946,6962
6946,6966
6946,6971
6954,6955
6955,6960
6955,6962
6960,6962
6960,6966
6960,6971
6962,6966
6966,6971
6966,6980
6971,6980
6980,6982
6982,6987
6982,6989
6982,6994
6987,6989
6989,6994
6989,6996
6989,7005
6989,7016
6994,6996
6996,7005
7005,7016
7005,7033
7005,7040
7005,7042
7005,7043
7005,7046
7016,7033
7033,7040
7033,7042
7040,7042
7042,7043
7043,7046
7046,7055
7046,7062
7046,7063
7055,7062
7055,7063
7055,7082
7055,7083
7062,7063
7062,7082
7062,7083
7062,7084
7063,7082
7063,7083
7063,7084
7063,7085
7082,7083
7083,7084
7083,7085
7083,7090
7083,7093
7084,7085
7085,7090
7085,7093
7085,7096
7090,7093
7093,7096
7093,7104
7096,7104
7096,7107
7104,7107
7104,7108
7104,7109
7104,7111
7104,7115
7104,7125
7107,7108
7107,7109
7108,7109
7108,7111
7108,7115
7109,7111
7109,7115
7109,7125
7111,7115
7111,7125
7111,7127
7115,7125
7125,7127
7127,7131
7127,7141
7131,7141
7141,7148
7148,7149
7148,7153
7148,7160
7149,7153
7153,7160
7153,7171
7160,7171
7160,7172
7160,7190
7171,7172
7171,7190
7171,7194
7171,7199
7172,7190
7172,7194
7190,7194
7194,7199
7199,7200
7200,7224
7224,7230
7230,7240
7230,7241
7240,7241
7240,7243
7240,7244
7240,7245
7241,7243
7241,7244
7241,7245
7241,7249
7241,7250
7243,7244
7243,7245
7243,7249
7243,7250
7244,7245
7245,7249
7245,7250
7245,7251
7249,7250
7249,7251
7249,7255
7249,7256
7250,7251
7251,7255
7251,7256
7255,7256
7255,7260
7256,7260
7260,7271
7260,7272
7271,7272
7271,7278
7272,7278
7278,7280
7278,7288
7278,7304
7280,7288
7280,7304
7280,7311
7288,7304
7288,7311
7288,7315
7304,7311
7304,7315
7311,7315
7311,7317
7311,7321
7311,7322
7315,7317
7315,7321
7315,7322
7315,7323
7315,7327
7317,7321
7317,7322
7321,7322
7321,7323
7321,7327
7321,7329
7322,7323
7322,7327
7323,7327
7323,7329
7323,7338
7323,7340
7323,7347
7327,7329
7329,7338
7338,7340
7340,7347
7347,7348
7347,7349
7348,7349
7348,7359
7348,7370
7349,7359
7349,7370
7359,7370
7359,7371
7359,7380
7359,7385
7359,7392
7370,7371
7370,7380
7371,7380
7371,7385
7371,7392
7371,7396
7380,7385
7385,7392
7385,7396
7385,7402
7385,7404
7392,7396
7396,7402
7396,7404
7396,7408
7396,7414
7396,7421
7402,7404
7402,7408
7402,7414
7404,7408
7404,7414
7404,7421
7408,7414
7414,7421
7414,7425
7421,7425
7425,7430
7425,7432
7425,7433
7430,7432
7432,7433
7432,7436
7432,7437
7433,7436
7436,7437
7437,7438
7437,7439
7437,7443
7437,7451
7437,7453
7437,7463
7437,7464
7438,7439
7439,7443
7443,7451
7451,7453
7453,7463
7453,7464
7453,7466
7463,7464
7464,7466
7464,7468
7466,7468
7468,7471
7468,7474
7468,7480
7468,7481
7468,7483
7471,7474
7474,7480
7480,7481
7481,7483
7481,7486
7483,7486
7486,7487
7486,7489
7486,7491
7487,7489
7487,7491
7489,7491
7489,7494
7491,7494
7491,7496
7491,7497
7494,7496
7494,7497
7494,7498
7496,7497
7497,7498
7497,7500
7497,7505
7497,7518
7498,7500
7500,7505
7500,7518
7500,7519
7505,7518
7505,7519
7518,7519
7519,7520
7519,7525
7520,7525
7520,7534
7520,7537
7520,7538
7525,7534
7525,7537
7525,7538
7534,7537
7534,7538
7534,7540
7534,7543
7537,7538
7538,7540
7538,7543
7538,7546
7538,7552
7538,7554
7540,7543
7540,7546
7543,7546
7543,7552
7543,7554
7546,7552
7552,7554
7552,7555
7554,7555
7554,7557
7554,7566
7554,7567
7555,7557
7555,7566
7555,7567
7555,7586
7557,7566
7557,7567
7557,7586
7557,7591
7557,7593
7557,7598
7557,7604
7566,7567
7566,7586
7566,7591
7567,7586
7586,7591
7586,7593
7586,7598
7586,7604
7586,7608
7591,7593
7593,7598
7593,7604
7598,7604
7598,7608
7604,7608
7608,7609
7608,7620
7608,7629
7609,7620
7609,7629
7609,7634
7620,7629
7629,7634
7629,7637
7629,7638
7634,7637
7634,7638
7634,7641
7634,7644
7634,7650
7637,7638
7637,7641
7637,7644
7638,7641
7638,7644
7641,7644
7644,7650
7644,7651
7644,7653
7644,7654
7650,7651
7651,7653
7653,7654
7654,7659
7654,7662
7654,7667
7654,7671
7654,7674
7659,7662
7662,7667
7667,7671
7671,7674
7671,7677
7674,7677
7674,7681
7677,7681
7681,7686
7686,7702
7702,7704
7702,7710
7702,7711
7702,7715
7704,7710
7710,7711
7710,7715
7711,7715
7711,7722
7715,7722
7722,7728
7722,7739
7722,7741
7728,7739
7739,7741
7739,7748
7741,7748
7748,7749
7749,7751
7749,7754
7751,7754
7751,7756
7754,7756
7756,7762
7762,7763
7763,7769
7763,7773
7763,7775
7769,7773
7769,7775
7773,7775
7775,7776
7776,7779
7779,7792
7779,7799
7779,7804
7779,7806
7779,7812
7792,7799
7792,7804
7792,7806
7799,7804
7799,7806
7799,7812
7799,7819
7804,7806
7806,7812
7806,7819
7812,7819
7819,7821
7819,7825
7821,7825
7825,7830
7830,7832
7830,7839
7832,7839
7839,7843
7843,7855
7843,7856
7855,7856
7855,7860
7855,7867
7855,7882
7855,7883
7855,7892
7856,7860
7856,7867
7856,7882
7860,7867
7867,7882
7882,7883
7883,7892
7883,7896
7883,7898
7892,7896
7896,7898
7898,7899
7899,7905
7905,7906
7906,7910
7906,7913
7910,7913
7913,7915
7915,7923
7915,7926
7915,7934
7915,7938
7915,7944
7923,7926
7926,7934
7926,7938
7934,7938
7938,7944
7938,7945
7938,7946
7938,7947
7944,7945
7945,7946
7945,7947
7946,7947
7946,7951
7947,7951
7951,7953
7951,7962
7951,7964
7951,7965
7951,7978
7951,7991
7951,7992
7953,7962
7962,7964
7962,7965
7964,7965
7965,7978
7965,7991
7978,7991
7991,7992
7992,7997
7997,8001
7997,8014
7997,8015
8001,8014
8014,8015
8015,8018
8015,8023
8015,8025
8015,8029
8018,8023
8023,8025
8023,8029
8023,8037
8023,8038
8023,8042
8025,8029
8025,8037
8025,8038
8025,8042
8029,8037
8037,8038
8038,8042
8042,8047
8042,8048
8042,8050
8047,8048
8047,8050
8047,8053
8048,8050
8050,8053
8053,8060
8053,8062
8053,8064
8053,8066
8060,8062
8062,8064
8064,8066
8064,8067
8064,8073
8064,8074
8064,8083
8066,8067
8067,8073
8073,8074
8073,8083
8074,8083
8074,8088
8074,8096
8083,8088
8088,8096
8096,8101
8096,8105
8096,8109
8101,8105
8101,8109
8105,8109
8105,8111
8105,8117
8105,8118
8105,8120
8105,8124
8109,8111
8109,8117
8109,8118
8111,8117
8111,8118
8111,8120
8111,8124
8111,8126
8111,8128
8117,8118
8118,8120
8120,8124
8120,8126
8124,8126
8124,8128
8124,8130
8126,8128
8126,8130
8126,8133
8128,8130
8128,8133
8128,8135
8130,8133
8133,8135
8135,8139
8139,8144
8144,8147
8147,8149
8149,8162
8162,8167
8167,8170
8170,8175
8170,8199
8175,8199
8175,8201
8199,8201
8199,8203
8199,8207
8201,8203
8203,8207
8207,8211
8207,8213
8211,8213
8211,8221
8211,8226
8211,8229
8211,8231
8213,8221
8221,8226
8226,8229
8226,8231
8229,8231
8229,8233
8231,8233
8231,8235
8231,8238
8231,8239
8233,8235
8233,8238
8233,8239
8233,8243
8235,8238
8235,8239
8238,8239
8238,8243
8239,8243
8243,8249
8243,8251
8243,8255
8249,8251
8249,8255
8249,8270
8251,8255
8255,8270
8255,8282
8255,8284
8255,8285
8270,8282
8282,8284
8284,8285
8284,8289
8284,8300
8284,8305
8284,8306
8285,8289
8285,8300
8289,8300
8300,8305
8300,8306
8305,8306
8306,8308
8306,8310
8308,8310
8308,8315
8310,8315
8315,8317
8315,8319
8315,8325
8315,8329
8317,8319
8317,8325
8317,8329
8319,8325
8325,8329
8325,8337
8325,8339
8329,8337
8329,8339
8337,8339
8337,8343
8337,8349
8339,8343
8339,8349
8339,8351
8343,8349
8349,8351
8349,8353
8349,8354
8349,8360
8349,8363
8349,8364
8349,8366
8351,8353
8351,8354
8351,8360
8353,8354
8353,8360
8353,8363
8354,8360
8360,8363
8363,8364
8363,8366
8363,8370
8363,8379
8363,8385
8364,8366
8366,8370
8370,8379
8370,8385
8379,8385
8379,8390
8385,8390
8390,8396
8396,8397
8397,8399
8397,8406
8399,8406
8406,8409
8409,8412
8409,8420
8409,8425
8412,8420
8420,8425
8420,8429
8425,8429
8425,8431
8425,8436
8429,8431
8429,8436
8429,8438
8429,8439
8429,8440
8429,8444
8431,8436
8431,8438
8436,8438
8438,8439
8438,8440
8438,8444
8438,8448
8439,8440
8439,8444
8439,8448
8440,8444
8444,8448
8444,8458
8444,8468
8444,8472
8444,8475
8444,8488
8448,8458
8448,8468
8448,8472
8458,8468
8468,8472
8468,8475
8472,8475
8475,8488
8475,8493
8488,8493
8488,8500
8488,8514
8488,8516
8493,8500
8500,8514
8514,8516
8514,8522
8514,8526
8516,8522
8516,8526
8516,8530
8516,8546
8522,8526
8522,8530
8526,8530
8530,8546
8530,8561
8530,8562
8546,8561
8561,8562
8561,8564
8562,8564
8562,8568
8564,8568
8564,8573
8564,8578
8568,8573
8573,8578
8578,8582
8578,8591
8578,8592
8578,8597
8582,8591
8591,8592
8592,8597
8592,8605
8592,8615
8592,8616
8592,8617
8592,8620
8592,8628
8597,8605
8597,8615
8605,8615
8605,8616
8615,8616
8615,8617
8616,8617
8617,8620
8620,8628
8628,8629
8629,8633
8629,8636
8633,8636
8636,8643
8643,8644
8644,8645
8644,8646
8644,8648
8644,8652
8645,8646
8646,8648
8648,8652
8648,8660
8652,8660
8660,8664
8664,8667
8664,8668
8667,8668
8668,8681
8668,8686
8668,8688
8668,8691
8681,8686
8681,8688
8681,8691
8686,8688
8686,8691
8688,8691
8691,8694
8694,8700
8694,8701
8700,8701
8700,8704
8700,8706
8701,8704
8701,8706
8701,8708
8701,8719
8704,8706
8704,8708
8706,8708
8708,8719
8719,8721
8721,8723
8723,8725
8725,8727
8725,8730
8725,8733
8725,8736
8727,8730
8727,8733
8727,8736
8727,8738
8730,8733
8730,8736
8730,8738
8733,8736
8733,8738
8733,8754
8733,8755
8736,8738
8738,8754
8738,8755
8738,8758
8754,8755
8755,8758
8758,8759
8759,8764
8764,8768
8764,8777
8764,8783
8764,8787
8764,8791
8768,8777
8768,8783
8768,8787
8768,8791
8777,8783
8777,8787
8777,8791
8783,8787
8783,8791
8787,8791
8787,8793
8787,8794
8791,8793
8793,8794
8794,8796
8794,8799
8794,8800
8794,8818
8796,8799
8799,8800
8799,8818
8800,8818
8800,8834
8800,8845
8818,8834
8834,8845
8845,8849
8849,8860
8860,8864
8864,8868
8864,8869
8864,8874
8864,8881
8868,8869
8869,8874
8874,8881
8874,8886
8874,8893
8881,8886
8886,8893
8886,8896
8886,8897
8893,8896
8896,8897
8897,8898
8898,8899
8898,8900
8898,8913
8899,8900
8899,8913
8899,8915
8899,8921
8900,8913
8900,8915
8900,8921
8913,8915
8913,8921
8913,8922
8915,8921
8915,8922
8921,8922
8922,8925
8925,8927
8925,8929
8925,8939
8927,8929
8929,8939
8929,8940
8929,8943
8939,8940
8939,8943
8940,8943
8940,8945
8940,8948
8940,8957
8940,8958
8940,8962
8943,8945
8943,8948
8943,8957
8943,8958
8943,8962
8945,8948
8948,8957
8957,8958
8958,8962
8958,8969
8962,8969
8962,8972
8969,8972
8969,8980
8969,8985
8969,8998
8972,8980
8972,8985
8980,8985
8985,8998
8998,9007
9007,9010
9010,9019
9010,9023
9010,9025
9019,9023
9023,9025
9023,9028
9023,9037
9023,9043
9023,9047
9025,9028
9028,9037
9037,9043
9037,9047
9037,9049
9037,9053
9043,9047
9047,9049
9047,9053
9049,9053
9053,9054
9053,9055
9054,9055
9055,9056
9055,9060
9055,9072
9056,9060
9056,9072
9060,9072
9060,9076
9060,9080
9072,9076
9076,9080
9080,9096
9080,9112
9080,9116
9096,9112
9112,9116
9116,9118
9116,9120
9116,9124
9116,9125
9118,9120
9118,9124
9118,9125
9118,9127
9120,9124
9124,9125
9125,9127
9127,9129
9127,9134
9129,9134
9129,9145
9134,9145
9145,9147
9147,9149
9149,9151
9149,9152
9151,9152
9152,9154
9154,9158
9158,9163
9163,9164
9164,9166
9164,9167
9166,9167
9167,9177
9177,9179
9177,9181
9177,9182
9177,9189
9179,9181
9179,9182
9179,9189
9179,9190
9181,9182
9182,9189
9182,9190
9182,9196
9189,9190
9190,9196
9196,9200
9196,9213
9196,9215
9200,9213
9213,9215
9213,9222
9215,9222
9215,9225
9222,9225
9222,9237
9222,9238
9222,9240
9222,9242
9225,9237
9237,9238
9237,9240
9237,9242
9238,9240
9240,9242
9240,9246
9240,9257
9242,9246
9242,9257
9246,9257
9257,9260
9260,9264
9260,9275
9264,9275
9264,9281
9264,9286
9275,9281
9281,9286
9281,9290
9281,9295
9281,9307
9281,9314
9281,9319
9286,9290
9286,9295
9286,9307
9286,9314
9290,9295
9295,9307
9307,9314
9314,9319
9319,9325
9325,9326
9325,9327
9325,9335
9325,9338
9325,9339
9325,9341
9326,9327
9327,9335
9335,9338
9335,9339
9335,9341
9335,9359
9335,9361
9338,9339
9339,9341
9339,9359
9341,9359
9341,9361
9341,9365
9341,9368
9359,9361
9361,9365
9361,9368
9361,9378
9365,9368
9368,9378
9378,9383
9383,9385
9385,9388
9388,9392
9392,9400
9400,9402
9400,9403
9400,9407
9402,9403
9403,9407
9407,9408
9407,9413
9408,9413
9408,9415
9413,9415
9415,9417
9417,9419
9417,9429
9419,9429
9419,9431
9419,9433
9419,9448
9429,9431
9431,9433
9433,9448
9433,9459
9448,9459
9448,9471
9448,9472
9448,9490
9448,9493
9459,9471
9459,9472
9459,9490
9459,9493
9459,9494
9459,9504
9471,9472
9472,9490
9490,9493
9490,9494
9493,9494
9494,9504
9504,9510
9504,9511
9510,9511
9511,9522
9522,9523
9522,9526
9523,9526
9523,9538
9523,9541
9526,9538
9538,9541
9538,9544
9538,9557
9538,9558
9538,9563
9541,9544
9544,9557
9557,9558
9557,9563
9557,9573
9558,9563
9563,9573
9573,9579
9579,9584
9579,9587
9579,9604
9584,9587
9587,9604
9604,9610
9604,9614
9604,9615
9604,9617
9610,9614
9610,9615
9610,9617
9610,9620
9610,9626
9614,9615
9614,9617
9615,9617
9615,9620
9615,9626
9617,9620
9617,9626
9620,9626
9620,9631
9620,9639
9620,9642
9620,9646
9620,9656
9626,9631
9631,9639
9631,9642
9639,9642
9642,9646
9646,9656
9646,9657
9646,9666
9646,9668
9646,9677
9656,9657
9656,9666
9656,9668
9657,9666
9657,9668
9657,9677
9657,9679
9657,9687
9657,9695
9657,9696
9666,9668
9666,9677
9668,9677
9677,9679
9679,9687
9679,9695
9679,9696
9687,9695
9687,9696
9687,9697
9695,9696
9695,9697
9695,9701
9695,9704
9696,9697
9696,9701
9696,9704
9696,9707
9697,9701
9697,9704
9697,9707
9697,9708
9697,9720
9701,9704
9704,9707
9704,9708
9704,9720
9704,9733
9707,9708
9708,9720
9720,9733
9733,9740
9733,9760
9733,9771
9733,9773
9740,9760
9740,9771
9760,9771
9760,9773
9760,9774
9760,9775
9771,9773
9771,9774
9773,9774
9773,9775
9773,9777
9773,9780
9773,9781
9774,9775
9775,9777
9777,9780
9780,9781
9781,9783
9783,9786
9783,9787
9786,9787
9786,9790
9786,9793
9786,9805
9787,9790
9790,9793
9790,9805
9790,9807
9793,9805
9793,9807
9793,9810
9793,9811
9805,9807
9807,9810
9810,9811
9810,9821
9810,9825
9810,9826
9810,9827
9811,9821
9821,9825
9821,9826
9821,9827
9825,9826
9826,9827
9826,9837
9827,9837
9827,9838
9827,9839
9837,9838
9837,9839
9837,9840
9837,9842
9838,9839
9839,9840
9839,9842
9839,9850
9840,9842
9840,9850
9842,9850
9842,9853
9850,9853
9850,9855
9850,9858
9853,9855
9855,9858
9858,9861
9858,9877
9858,9878
9858,9884
9861,9877
9877,9878
9878,9884
9884,9885
9885,9887
9885,9892
9885,9897
9887,9892
9887,9897
9887,9904
9887,9907
9892,9897
9892,9904
9892,9907
9897,9904
9897,9907
9897,9920
9897,9922
9904,9907
9907,9920
9907,9922
9907,9924
9907,9927
9907,9930
9907,9937
9920,9922
9920,9924
9920,9927
9922,9924
9922,9927
9924,9927
9924,9930
9924,9937
9927,9930
9927,9937
9930,9937
9937,9938
9937,9945
9938,9945
9938,9951
9938,9964
9938,9968
9945,9951
9945,9964
9945,9968
9951,9964
9951,9968
9964,9968
9968,9976
9968,9978
9968,9982
9976,9978
9976,9982
9976,9991
9976,10002
9976,10005
9978,9982
9978,9991
9978,10002
9982,9991
9982,10002
9982,10005
9991,10002
10002,10005
10002,10007
10005,10007
10007,10011
10007,10014
10011,10014
10014,10016
10016,10036
10016,10039
10036,10039
10036,10040
10039,10040
10039,10056
10039,10058
10039,10063
10039,10067
10040,10056
10056,10058
10058,10063
10058,10067
10058,10070
10058,10072
10058,10082
10058,10084
10063,10067
10067,10070
10067,10072
10067,10082
10070,10072
10070,10082
10070,10084
10072,10082
10072,10084
10082,10084
10084,10103
10084,10104
10103,10104
10104,10108
10104,10110
10108,10110
10108,10111
10108,10112
10110,10111
10110,10112
10110,10113
10110,10117
10111,10112
10112,10113
10113,10117
10117,10122
10122,10128
10128,10131
10131,10135
10131,10138
10135,10138
10135,10139
10138,10139
10138,10148
10139,10148
10148,10151
10151,10152
10152,10153
10152,10156
10152,10162
10153,10156
10156,10162
10156,10168
10162,10168
10168,10169
10169,10170
10170,10182
10170,10186
10182,10186
10186,10188
10188,10189
10189,10193
10189,10194
10189,10204
10193,10194
10193,10204
10193,10205
10194,10204
10204,10205
10205,10210
10210,10223
10223,10233
10223,10246
10223,10247
10223,10259
10223,10261
10223,10273
10233,10246
10233,10247
10246,10247
10247,10259
10259,10261
10259,10273
10259,10274
10259,10293
10261,10273
10261,10274
10273,10274
10274,10293
10274,10300
10293,10300
10293,10304
10293,10307
10300,10304
10304,10307
10304,10311
10304,10315
10304,10316
10304,10320
10307,10311
10311,10315
10311,10316
10311,10320
10315,10316
10315,10320
10316,10320
10320,10331
10320,10333
10320,10351
10320,10352
10320,10354
10331,10333
10331,10351
10333,10351
10333,10352
10351,10352
10351,10354
10351,10365
10352,10354
10352,10365
10352,10380
10352,10386
10354,10365
10354,10380
10365,10380
10380,10386
10386,10388
10388,10392
10392,10394
10392,10397
10392,10398
10392,10416
10394,10397
10394,10398
10394,10416
10397,10398
10398,10416
10398,10417
10416,10417
10416,10422
10417,10422
10422,10426
10426,10428
10426,10432
10428,10432
10432,10439
10439,10441
10439,10443
10439,10444
10441,10443
10441,10444
10441,10448
10443,10444
10443,10448
10444,10448
10448,10451
10451,10453
10453,10454
10454,10459
10459,10461
10459,10462
10461,10462
10461,10467
10461,10469
10462,10467
10462,10469
10462,10470
10467,10469
10467,10470
10467,10471
10467,10478
10469,10470
10469,10471
10470,10471
10471,10478
10478,10480
10480,10483
10480,10496
10480,10497
10480,10505
10483,10496
10483,10497
10483,10505
10483,10509
10483,10513
10483,10516
10496,10497
10496,10505
10497,10505
10505,10509
10505,10513
10505,10516
10509,10513
10509,10516
10509,10519
10513,10516
10513,10519
10513,10527
10513,10532
10513,10537
10516,10519
10519,10527
10519,10532
10519,10537
10519,10539
10527,10532
10532,10537
10537,10539
10539,10542
10539,10543
10542,10543
10542,10553
10543,10553
10543,10554
10543,10557
10543,10565
10543,10570
10553,10554
10554,10557
10557,10565
10557,10570
10565,10570
10570,10573
10573,10575
10573,10586
10575,10586
10575,10591
10575,10593
10586,10591
10586,10593
10586,10608
10591,10593
10593,10608
10608,10609
10609,10611
10609,10616
10609,10619
10611,10616
10611,10619
10616,10619
10619,10625
10619,10634
10625,10634
10634,10637
10637,10639
10639,10650
10650,10657
10657,10661
10661,10666
10666,10676
10676,10678
10678,10681
10678,10684
10678,10691
10678,10694
10681,10684
10684,10691
10684,10694
10691,10694
10694,10699
10699,10703
10703,10707
10703,10708
10707,10708
10708,10710
10710,10712
10710,10716
10710,10720
10712,10716
10716,10720
10720,10725
10725,10730
10725,10731
10725,10733
10730,10731
10731,10733
10731,10736
10731,10746
10731,10751
10733,10736
10733,10746
10733,10751
10736,10746
10746,10751
10746,10757
10746,10762
10746,10770
10746,10772
10751,10757
10757,10762
10762,10770
10770,10772
10770,10777
10772,10777
10777,10785
10777,10788
10785,10788
10788,10793
10793,10794
10793,10799
10794,10799
10794,10803
10794,10805
10799,10803
10803,10805
10803,10812
10803,10813
10805,10812
10805,10813
10805,10816
10805,10818
10805,10820
10812,10813
10813,10816
10813,10818
10816,10818
10818,10820
10820,10832
10820,10835
10820,10848
10832,10835
10832,10848
10835,10848
10835,10854
10835,10860
10848,10854
10854,10860
10860,10863
10863,10865
10865,10867
10867,10873
10873,10877
10877,10878
10877,10899
10877,10905
10878,10899
10899,10905
10905,10906
10905,10926
10905,10942
10906,10926
10926,10942
10942,10953
10942,10956
10953,10956
10956,10961
10961,10963
10961,10981
10963,10981
10981,10985
10981,10998
10981,10999
10981,11000
10985,10998
10998,10999
10999,11000
10999,11023
10999,11025
10999,11029
10999,11032
11000,11023
11000,11025
11023,11025
11025,11029
11025,11032
11029,11032
11029,11049
11029,11054
11032,11049
11032,11054
11049,11054
11049,11059
11049,11063
11049,11067
11054,11059
11059,11063
11063,11067
11063,11069
11067,11069
11069,11072
11072,11075
11075,11078
11075,11079
11075,11084
11075,11085
11078,11079
11079,11084
11084,11085
11084,11087
11084,11100
11084,11102
11085,11087
11087,11100
11087,11102
11087,11117
11087,11118
11087,11119
11100,11102
11102,11117
11102,11118
11117,11118
11118,11119
11119,11121
11121,11122
11122,11137
11122,11140
11122,11147
11122,11162
11122,11166
11137,11140
11137,11147
11137,11162
11137,11166
11137,11168
11140,11147
11140,11162
11147,11162
11147,11166
11147,11168
11162,11166
11166,11168
11168,11180
11168,11181
11168,11187
11168,11188
11180,11181
11180,11187
11181,11187
11187,11188
11188,11194
11188,11204
11188,11209
11194,11204
11194,11209
11204,11209
11209,11212
11212,11215
11212,11217
11215,11217
11215,11220
11215,11221
11215,11223
11217,11220
11220,11221
11220,11223
11220,11224
11220,11231
11221,11223
11223,11224
11223,11231
11223,11234
11224,11231
11224,11234
11224,11235
11224,11238
11224,11243
11231,11234
11234,11235
11234,11238
11234,11243
11235,11238
11238,11243
11243,11244
11244,11249
11244,11250
11244,11261
11249,11250
11249,11261
11250,11261
11261,11263
11263,11265
11263,11271
11265,11271
11265,11278
11265,11279
11271,11278
11271,11279
11271,11291
11278,11279
11278,11291
11279,11291
11279,11292
11279,11293
11291,11292
11292,11293
11293,11294
11294,11297
11294,11298
11294,11303
11294,11309
11294,11313
11297,11298
11297,11303
11297,11309
11297,11313
11298,11303
11303,11309
11303,11313
11309,11313
11309,11315
11313,11315
11315,11317
11317,11319
11319,11326
11319,11327
11319,11328
11319,11329
11326,11327
11327,11328
11327,11329
11328,11329
11328,11331
11329,11331
11331,11333
11333,11339
11339,11342
11339,11344
11339,11353
11339,11356
11339,11363
11342,11344
11344,11353
11353,11356
11356,11363
11356,11370
11356,11372
11356,11373
11363,11370
11363,11372
11363,11373
11363,11374
11370,11372
11370,11373
11370,11374
11372,11373
11373,11374
11373,11377
11374,11377
11377,11378
11377,11381
11378,11381
11378,11383
11381,11383
11383,11384
11383,11388
11383,11397
11383,11403
11384,11388
11388,11397
11397,11403
11397,11405
11397,11409
11397,11410
11403,11405
11403,11409
11403,11410
11403,11413
11403,11415
11405,11409
11409,11410
11409,11413
11409,11415
11409,11418
11410,11413
11413,11415
11415,11418
11415,11422
11415,11427
11415,11428
11415,11430
11418,11422
11422,11427
11422,11428
11422,11430
11422,11432
11427,11428
11427,11430
11428,11430
11428,11432
11428,11439
11430,11432
11432,11439
11439,11444
11439,11452
11439,11461
11439,11462
11444,11452
11452,11461
11461,11462
11461,11464
11462,11464
11462,11468
11462,11473
11462,11479
11464,11468
11468,11473
11473,11479
11473,11484
11473,11488
11473,11490
11479,11484
11484,11488
11488,11490
11488,11493
11488,11507
11488,11517
11488,11519
11490,11493
11493,11507
11507,11517
11507,11519
11517,11519
11517,11523
11519,11523
11519,11535
11519,11541
11523,11535
11535,11541
11541,11543
11541,11548
11543,11548
11548,11559
11548,11573
11559,11573
11559,11579
11573,11579
11579,11581
11581,11591
11581,11599
11591,11599
11591,11603
11591,11604
11599,11603
11603,11604
11604,11606
11606,11607
11607,11612
11612,11616
11616,11619
11619,11623
11619,11624
11623,11624
11624,11626
11624,11629
11624,11630
11626,11629
11629,11630
11629,11633
11629,11634
11629,11635
11630,11633
11630,11634
11630,11635
11630,11640
11633,11634
11634,11635
11634,11640
11634,11647
11635,11640
11640,11647
11640,11651
11647,11651
11651,11657
11657,11658
11658,11660
11660,11662
11660,11672
11660,11677
11662,11672
11662,11677
11662,11680
11672,11677
11672,11680
11672,11686
11672,11698
11677,11680
11680,11686
11680,11698
11680,11700
11686,11698
11698,11700
11698,11704
11698,11705
11698,11706
11698,11707
11698,11712
11700,11704
11700,11705
11700,11706
11700,11707
11704,11705
11705,11706
11706,11707
11706,11712
11707,11712
11707,11715
11712,11715
11712,11732
11712,11736
11712,11753
11715,11732
11732,11736
11736,11753
11753,11755
11755,11757
11755,11761
11755,11762
11755,11763
11757,11761
11757,11762
11757,11763
11761,11762
11761,11763
11761,11769
11762,11763
11762,11769
11762,11770
11762,11776
11763,11769
11763,11770
11763,11776
11769,11770
11770,11776
11776,11778
11776,11784
11778,11784
11778,11789
11778,11790
11778,11791
11778,11794
11784,11789
11784,11790
11784,11791
11789,11790
11790,11791
11790,11794
11791,11794
11794,11799
11799,11807
11799,11811
11799,11813
11799,11814
11799,11816
11807,11811
11807,11813
11807,11814
11811,11813
11811,11814
11813,11814
11813,11816
11813,11817
11814,11816
11814,11817
11816,11817
11816,11821
11817,11821
11817,11822
11821,11822
11822,11824
11824,11826
11824,11828
11824,11833
11826,11828
11826,11833
11826,11835
11826,11837
11826,11840
11828,11833
11828,11835
11828,11837
11828,11840
11833,11835
11833,11837
11835,11837
11837,11840
11837,11861
11840,11861
11840,11868
11840,11876
11861,11868
11868,11876
11876,11885
11885,11889
11885,11895
11885,11900
11885,11902
11885,11908
11885,11912
11889,11895
11889,11900
11895,11900
11895,11902
11895,11908
11895,11912
11900,11902
11902,11908
11902,11912
11908,11912
11908,11915
11908,11916
11908,11920
11912,11915
11915,11916
11915,11920
11915,11924
11915,11926
11916,11920
11920,11924
11920,11926
11920,11930
11920,11943
11924,11926
11926,11930
11926,11943
11930,11943
11930,11945
11930,11948
11943,11945
11943,11948
11943,11949
11945,11948
11945,11949
11948,11949
11949,11951
11951,11954
11954,11955
11955,11965
11965,11968
11965,11970
11965,11973
11965,11992
11965,12001
11968,11970
11968,11973
11970,11973
11970,11992
11973,11992
11992,12001
12001,12005
12001,12009
12001,12010
12001,12013
12001,12019
12005,12009
12005,12010
12005,12013
12005,12019
12005,12034
12005,12037
12005,12043
12009,12010
12010,12013
12010,12019
12010,12034
12013,12019
12019,12034
12019,12037
12019,12043
12019,12044
12019,12052
12034,12037
12034,12043
12034,12044
12034,12052
12034,12057
12037,12043
12043,12044
12043,12052
12043,12057
12043,12072
12043,12077
12044,12052
12044,12057
12044,12072
12044,12077
12052,12057
12052,12072
12057,12072
12057,12077
12057,12078
12057,12079
12072,12077
12077,12078
12077,12079
12077,12088
12078,12079
12078,12088
12079,12088
12079,12089
12088,12089
12089,12090
12089,12091
12089,12092
12090,12091
12090,12092
12091,12092
12091,12096
12091,12100
12091,12102
12091,12105
12091,12113
12092,12096
12096,12100
12096,12102
12100,12102
12100,12105
12102,12105
12105,12113
12105,12116
12105,12117
12105,12128
12113,12116
12113,12117
12113,12128
12116,12117
12116,12128
12116,12132
12117,12128
12128,12132
12132,12133
12132,12140
12133,12140
12133,12141
12133,12142
12140,12141
12141,12142
12141,12145
12142,12145
12142,12147
12145,12147
12147,12148
12148,12149
12148,12151
12149,12151
12151,12154
12154,12155
12154,12160
12154,12173
12155,12160
12155,12173
12155,12174
12155,12178
12155,12189
12155,12192
12160,12173
12160,12174
12173,12174
12173,12178
12174,12178
12174,12189
12178,12189
12178,12192
12178,12194
12189,12192
12192,12194
12192,12197
12194,12197
12197,12198
12198,12200
12198,12202
12198,12206
12200,12202
12200,12206
12200,12210
12200,12216
12202,12206
12202,12210
12202,12216
12206,12210
12206,12216
12210,12216
12216,12219
12219,12222
12219,12225
12222,12225
12225,12226
12225,12255
12225,12256
12225,12261
12226,12255
12255,12256
12256,12261
12261,12269
12269,12279
12279,12280
12280,12285
12280,12288
12285,12288
12288,12302
12288,12311
12288,12313
12288,12314
12288,12316
12302,12311
12302,12313
12302,12314
12311,12313
12313,12314
12313,12316
12313,12319
12313,12324
12314,12316
12316,12319
12319,12324
12319,12333
12319,12339
12324,12333
12324,12339
12324,12341
12324,12342
12333,12339
12339,12341
12339,12342
12341,12342
12341,12348
12342,12348
12348,12350
12350,12352
12352,12353
12353,12355
12353,12366
12353,12369
12355,12366
12366,12369
12366,12374
12369,12374
12374,12377
12374,12378
12374,12380
12377,12378
12377,12380
12377,12381
12378,12380
12378,12381
12378,12389
12378,12398
12378,12410
12380,12381
12380,12389
12381,12389
12389,12398
12398,12410
12398,12412
12398,12417
12410,12412
12410,12417
12410,12420
12412,12417
12412,12420
12412,12427
12412,12430
12417,12420
12417,12427
12417,12430
12417,12432
12420,12427
12420,12430
12427,12430
12430,12432
12430,12433
12430,12437
12430,12451
12432,12433
12433,12437
12433,12451
12433,12452
12437,12451
12451,12452
12452,12465
12452,12468
12465,12468
12468,12471
12468,12480
12471,12480
12471,12483
12471,12488
12471,12489
12480,12483
12483,12488
12483,12489
12483,12490
12488,12489
12488,12490
12488,12491
12489,12490
12490,12491
12490,12493
12491,12493
12491,12503
12493,12503
12503,12513
12513,12514
12513,12515
12513,12532
12514,12515
12515,12532
12532,12535
12535,12549
12549,12555
12555,12558
12558,12559
12558,12563
12559,12563
12563,12573
12573,12575
12575,12581
12581,12589
12581,12592
12589,12592
12592,12598
12598,12615
12615,12616
12616,12617
12617,12626
12626,12631
12626,12639
12626,12641
12631,12639
12631,12641
12631,12646
12631,12649
12639,12641
12641,12646
12641,12649
12641,12654
12646,12649
12649,12654
12654,12664
12654,12666
12654,12671
12664,12666
12664,12671
12664,12672
12664,12680
12666,12671
12671,12672
12671,12680
12672,12680
12672,12687
12672,12688
12680,12687
12680,12688
12687,12688
12688,12690
12690,12693
12693,12694
12693,12695
12694,12695
12694,12696
12694,12699
12694,12710
12695,12696
12696,12699
12696,12710
12696,12711
12696,12717
12696,12718
12696,12721
12696,12726
12699,12710
12699,12711
12699,12717
12699,12718
12699,12721
12710,12711
12710,12717
12711,12717
12717,12718
12718,12721
12721,12726
12726,12727
12726,12734
12726,12736
12727,12734
12734,12736
12736,12737
12736,12742
12737,12742
12737,12761
12737,12766
12737,12775
12742,12761
12742,12766
12742,12775
12742,12778
12742,12780
12761,12766
12761,12775
12761,12778
12761,12780
12766,12775
12775,12778
12778,12780
12780,12787
12780,12790
12787,12790
12790,12795
12795,12797
12797,12805
12805,12807
12807,12808
12808,12809
12809,12811
12811,12832
12811,12835
12832,12835
12835,12837
12837,12840
12840,12848
12848,12867
12867,12870
12870,12872
12872,12873
12872,12876
12872,12877
12873,12876
12873,12877
12876,12877
12877,12878
12877,12880
12877,12882
12877,12885
12878,12880
12880,12882
12882,12885
12882,12886
12885,12886
12886,12892
12892,12893
12892,12915
12892,12916
12893,12915
12893,12916
12893,12917
12915,12916
12916,12917
12916,12923
12916,12925
12916,12930
12916,12933
12917,12923
12923,12925
12923,12930
12923,12933
12925,12930
12930,12933
12933,12935
12935,12943
12943,12955
12943,12961
12943,12967
12955,12961
12955,12967
12955,12973
12955,12974
12961,12967
12967,12973
12973,12974
12973,12975
12974,12975
12975,12981
12975,12983
12975,12986
12981,12983
12981,12986
12983,12986
12983,12988
12983,12994
12983,13001
12986,12988
12986,12994
12988,12994
12988,13001
12994,13001
12994,13008
12994,13013
12994,13014
13001,13008
13008,13013
13013,13014
13014,13016
13014,13017
13016,13017
13017,13018
13017,13022
13017,13027
13018,13022
13022,13027
13027,13030
13030,13033
13030,13034
13033,13034
13034,13038
13034,13039
13038,13039
13038,13040
13038,13041
13039,13040
13040,13041
13041,13044
13044,13051
13051,13056
13051,13061
13051,13063
13051,13064
13051,13079
13056,13061
13056,13063
13061,13063
13063,13064
13063,13079
13064,13079
13079,13092
13079,13112
13079,13124
13092,13112
13092,13124
13092,13137
13092,13144
13112,13124
13112,13137
13112,13144
13124,13137
13124,13144
13124,13151
13137,13144
13137,13151
13137,13155
13144,13151
13151,13155
13155,13156
13155,13160
13155,13166
13156,13160
13156,13166
13156,13167
13156,13168
13160,13166
13160,13167
13160,13168
13166,13167
13166,13168
13167,13168
13168,13169
13168,13176
13168,13184
13169,13176
13176,13184
13176,13186
13176,13187
13176,13190
13176,13194
13184,13186
13186,13187
13186,13190
13187,13190
13190,13194
13190,13197
13194,13197
13194,13200
13197,13200
13200,13204
13204,13208
13204,13211
13208,13211
13208,13216
13208,13220
13211,13216
13211,13220
13216,13220
13220,13227
13220,13235
13220,13266
13220,13270
13227,13235
13227,13266
13235,13266
13266,13270
13266,13273
13266,13280
13266,13282
13266,13287
13270,13273
13270,13280
13273,13280
13280,13282
13282,13287
13287,13290
13287,13297
13287,13301
13287,13310
13290,13297
13297,13301
13297,13310
13301,13310
13310,13313
13310,13315
13310,13320
13313,13315
13313,13320
13315,13320
13315,13323
13320,13323
13323,13325
13325,13328
13325,13333
13325,13338
13328,13333
13333,13338
13338,13346
13346,13347
13346,13348
13347,13348
13348,13358
13348,13361
13348,13362
13358,13361
13358,13362
13358,13365
13358,13371
13361,13362
13361,13365
13361,13371
13361,13377
13362,13365
13365,13371
13365,13377
13365,13378
13371,13377
13377,13378
13377,13381
13377,13382
13378,13381
13381,13382
13381,13383
13381,13385
13381,13388
13382,13383
13382,13385
13382,13388
13383,13385
13385,13388
13385,13396
13385,13399
13385,13402
13388,13396
13396,13399
13396,13402
13399,13402
13402,13412
13412,13426
13426,13434
13426,13439
13426,13441
13434,13439
13439,13441
13439,13443
13439,13445
13441,13443
13443,13445
13445,13448
13445,13459
13448,13459
13448,13460
13448,13465
13459,13460
13459,13465
13460,13465
13465,13467
13467,13476
13476,13479
13476,13482
13476,13484
13476,13486
13479,13482
13482,13484
13482,13486
13482,13496
13482,13523
13484,13486
13486,13496
13486,13523
13496,13523
13523,13529
13529,13530
13530,13531
13530,13533
13530,13535
13531,13533
13533,13535
13535,13536
13535,13537
13536,13537
13537,13540
13537,13543
13540,13543
13543,13544
13543,13548
13543,13553
13544,13548
13548,13553
13548,13556
13553,13556
13556,13557
13557,13561
13561,13570
13561,13571
13561,13576
13561,13581
13570,13571
13571,13576
13576,13581
13576,13583
13576,13598
13576,13599
13576,13603
13576,13605
13576,13609
13581,13583
13581,13598
13581,13599
13581,13603
13581,13605
13583,13598
13583,13599
13598,13599
13599,13603
13599,13605
13599,13609
13603,13605
13605,13609
13609,13613
13613,13615
13615,13617
13617,13621
13617,13626
13621,13626
13621,13630
13626,13630
13626,13636
13626,13655
13626,13656
13626,13658
13626,13681
13630,13636
13636,13655
13655,13656
13656,13658
13658,13681
13681,13683
13681,13686
13681,13689
13681,13691
13681,13695
13683,13686
13686,13689
13686,13691
13686,13695
13689,13691
13691,13695
13695,13696
13696,13700
13696,13703
13700,13703
13703,13704
13703,13708
13703,13709
13704,13708
13708,13709
13709,13714
13714,13734
13734,13737
13737,13742
13742,13749
13742,13759
13742,13760
13742,13771
13742,13776
13742,13789
13749,13759
13749,13760
13759,13760
13759,13771
13759,13776
13759,13789
13760,13771
13771,13776
13771,13789
13776,13789
13789,13794
13794,13795
13795,13797
13795,13799
13795,13801
13795,13802
13795,13804
13797,13799
13799,13801
13799,13802
13799,13804
13799,13805
13801,13802
13801,13804
13801,13805
13801,13806
13802,13804
13804,13805
13804,13806
13804,13807
13805,13806
13806,13807
13807,13813
13807,13815
13813,13815
13813,13821
13813,13825
13813,13826
13813,13831
13815,13821
13821,13825
13821,13826
13825,13826
13825,13831
13826,13831
13826,13836
13831,13836
13831,13848
13831,13850
13831,13859
13831,13863
13836,13848
13836,13850
13836,13859
13836,13863
13848,13850
13850,13859
13850,13863
13850,13871
13850,13877
13859,13863
13859,13871
13859,13877
13863,13871
13863,13877
13863,13884
13863,13887
13871,13877
13871,13884
13877,13884
13884,13887
13887,13888
13887,13893
13888,13893
13888,13894
13893,13894
13893,13896
13893,13898
13893,13903
13894,13896
13894,13898
13896,13898
13896,13903
13896,13907
13896,13910
13898,13903
13898,13907
13898,13910
13898,13913
13903,13907
13903,13910
13907,13910
13907,13913
13907,13914
13907,13916
13910,13913
13910,13914
13910,13916
13913,13914
13913,13916
13914,13916
13916,13928
13928,13929
13929,13933
13933,13942
13933,13944
13942,13944
13944,13949
13944,13958
13944,13964
13944,13974
13944,13982
13949,13958
13958,13964
13958,13974
13958,13982
13964,13974
13964,13982
13964,13986
13964,13991
13964,13994
13974,13982
13982,13986
13982,13991
13982,13994
13982,13995
13982,14007
13986,13991
13991,13994
13994,13995
13994,14007
13995,14007
14007,14008
14008,14010
14008,14011
14008,14015
14008,14019
14010,14011
14010,14015
14010,14019
14011,14015
14011,14019
14011,14023
14011,14028
14011,14035
14011,14036
14015,14019
14015,14023
14019,14023
14023,14028
14028,14035
14028,14036
14028,14048
14028,14051
14035,14036
14036,14048
14048,14051
14048,14059
14048,14060
14048,14061
14051,14059
14051,14060
14051,14061
14059,14060
14060,14061
14061,14070
14070,14074
14070,14077
14074,14077
14074,14079
14077,14079
14079,14088
14079,14089
14088,14089
14088,14094
14089,14094
14094,14098
14098,14099
14099,14105
14105,14108
14108,14117
14108,14125
14108,14138
14108,14142
14117,14125
14125,14138
14125,14142
14125,14145
14138,14142
14142,14145
14145,14147
14147,14154
14154,14159
14159,14161
14159,14163
14161,14163
14163,14166
14166,14169
14169,14170
14170,14181
14170,14182
14170,14190
14170,14192
14170,14195
14181,14182
14182,14190
14182,14192
14182,14195
14190,14192
14190,14195
14190,14198
14192,14195
14192,14198
14195,14198
14195,14202
14195,14206
14198,14202
14202,14206
14202,14216
14202,14220
14206,14216
14216,14220
14220,14221
14220,14229
14220,14233
14221,14229
14221,14233
14221,14241
14221,14245
14221,14246
14229,14233
14229,14241
14233,14241
14233,14245
14241,14245
14245,14246
14245,14247
14245,14259
14245,14263
14246,14247
14246,14259
14246,14263
14247,14259
14247,14263
14259,14263
14259,14264
14263,14264
14264,14266
14266,14267
14267,14269
14267,14270
14267,14278
14267,14279
14267,14280
14269,14270
14270,14278
14270,14279
14270,14280
14270,14283
14278,14279
14279,14280
14279,14283
14280,14283
14283,14287
14283,14289
14287,14289
14289,14290
14290,14291
14290,14292
14290,14295
14291,14292
14292,14295
14292,14296
14292,14297
14292,14306
14292,14310
14295,14296
14295,14297
14295,14306
14295,14310
14296,14297
14296,14306
14296,14310
14297,14306
14297,14310
14306,14310
14306,14311
14306,14314
14306,14319
14310,14311
14310,14314
14311,14314
14311,14319
14311,14328
14314,14319
14319,14328
14319,14333
14319,14338
14319,14343
14319,14350
14328,14333
14328,14338
14328,14343
14333,14338
14333,14343
14333,14350
14333,14351
14333,14352
14338,14343
14338,14350
14338,14351
14338,14352
14338,14359
14343,14350
14343,14351
14343,14352
14350,14351
14351,14352
14351,14359
14351,14367
14351,14370
14351,14373
14351,14376
14351,14377
14352,14359
14352,14367
14359,14367
14367,14370
14370,14373
14373,14376
14373,14377
14376,14377
14376,14383
14376,14392
14377,14383
14383,14392
14383,14396
14392,14396
14396,14411
14411,14416
14416,14417
14416,14422
14417,14422
14422,14428
14422,14436
14428,14436
14436,14437
14436,14440
14437,14440
14437,14441
14437,14445
14437,14456
14440,14441
14440,14445
14441,14445
14441,14456
14441,14465
14445,14456
14445,14465
14456,14465
14465,14470
14470,14476
14470,14480
14470,14482
14470,14492
14476,14480
14476,14482
14476,14492
14476,14500
14476,14510
14476,14512
14480,14482
14482,14492
14492,14500
14492,14510
14500,14510
14510,14512
14512,14514
14512,14518
14512,14523
14512,14524
14514,14518
14514,14523
14514,14524
14514,14529
14514,14533
14518,14523
14523,14524
14523,14529
14523,14533
14524,14529
14524,14533
14524,14539
14524,14540
14529,14533
14533,14539
14539,14540
14539,14544
14540,14544
14540,14550
14544,14550
14550,14553
14553,14554
14554,14555
14554,14557
14554,14572
14555,14557
14555,14572
14555,14577
14557,14572
14557,14577
14557,14582
14572,14577
14577,14582
14577,14588
14582,14588
14582,14589
14588,14589
14588,14590
14589,14590
14589,14592
14589,14599
14589,14603
14590,14592
14590,14599
14592,14599
14599,14603
14599,14604
14603,14604
14604,14605
14605,14607
14607,14618
14618,14619
14619,14623
14623,14629
14629,14632
14629,14638
14632,14638
14632,14639
14632,14642
14632,14651
14638,14639
14639,14642
14642,14651
14651,14654
14651,14659
14651,14661
14654,14659
14659,14661
14661,14662
14661,14665
14662,14665
14665,14672
14665,14673
14672,14673
14673,14677
14673,14678
14673,14686
14677,14678
14677,14686
14678,14686
14686,14689
14686,14695
14686,14699
14686,14702
14686,14705
14689,14695
14689,14699
14695,14699
14699,14702
14699,14705
14699,14708
14702,14705
14702,14708
14702,14712
14705,14708
14705,14712
14708,14712
14712,14717
14717,14719
14719,14722
14722,14725
14725,14726
14726,14727
14727,14730
14727,14739
14727,14741
14727,14742
14730,14739
14730,14741
14739,14741
14741,14742
14741,14745
14741,14752
14742,14745
14742,14752
14742,14756
14745,14752
14745,14756
14745,14771
14745,14772
14752,14756
14756,14771
14771,14772
14771,14777
14771,14779
14772,14777
14777,14779
14779,14780
14780,14785
14785,14789
14785,14790
14785,14793
14789,14790
14789,14793
14790,14793
14790,14812
14790,14816
14790,14821
14790,14823
14793,14812
14793,14816
14793,14821
14793,14823
14812,14816
14812,14821
14812,14823
14812,14830
14812,14833
14816,14821
14816,14823
14821,14823
14823,14830
14830,14833
14830,14835
14830,14836
14830,14837
14833,14835
14833,14836
14833,14837
14833,14840
14833,14843
14835,14836
14835,14837
14836,14837
14837,14840
14837,14843
14837,14844
14840,14843
14843,14844
14843,14847
14844,14847
14847,14852
14847,14865
14847,14866
14847,14867
14847,14871
14852,14865
14852,14866
14852,14867
14865,14866
14865,14867
14865,14871
14865,14891
14865,14897
14865,14898
14866,14867
14867,14871
14867,14891
14871,14891
14871,14897
14871,14898
14891,14897
14897,14898
14897,14900
14897,14902
14898,14900
14898,14902
14898,14904
14900,14902
14902,14904
14904,14906
14906,14908
14908,14920
14920,14921
14921,14926
14926,14936
14926,14939
14926,14951
14926,14961
14926,14967
14936,14939
14936,14951
14939,14951
14951,14961
14951,14967
14951,14969
14961,14967
14961,14969
14961,14970
14967,14969
14967,14970
14967,14980
14967,14984
14969,14970
14970,14980
14970,14984
14980,14984
14980,14991
14980,14993
14980,14996
14980,15000
14980,15011
14980,15016
14984,14991
14991,14993
14993,14996
14996,15000
15000,15011
15011,15016
15016,15019
15019,15020
15020,15025
15020,15028
15025,15028
15025,15048
15025,15059
15028,15048
15048,15059
15048,15061
15048,15062
15059,15061
15061,15062
15061,15064
15062,15064
15064,15071
15064,15079
15071,15079
15079,15083
15079,15087
15079,15089
15083,15087
15087,15089
15089,15104
15104,15108
15104,15115
15104,15116
15108,15115
15108,15116
15108,15117
15115,15116
15115,15117
15116,15117
15116,15121
15117,15121
15117,15122
15121,15122
15121,15127
15121,15134
15122,15127
15127,15134
15127,15135
15127,15136
15127,15137
15134,15135
15134,15136
15134,15137
15134,15140
15134,15142
15135,15136
15135,15137
15136,15137
15136,15140
15136,15142
15136,15158
15137,15140
15137,15142
15137,15158
15140,15142
15142,15158
15142,15160
15142,15171
15158,15160
15158,15171
15160,15171
15171,15173
15171,15174
15173,15174
15174,15180
15180,15182
15180,15184
15180,15185
15180,15223
15180,15227
15182,15184
15184,15185
15185,15223
15185,15227
15185,15236
15185,15238
15185,15243
15223,15227
15223,15236
15227,15236
15236,15238
15236,15243
15238,15243
15243,15248
15243,15263
15243,15267
15248,15263
15248,15267
15248,15270
15263,15267
15267,15270
15267,15278
15267,15279
15267,15283
15270,15278
15270,15279
15278,15279
15278,15283
15278,15296
15278,15306
15278,15311
15278,15313
15279,15283
15283,15296
15283,15306
15283,15311
15296,15306
15296,15311
15296,15313
15306,15311
15306,15313
15306,15316
15311,15313
15311,15316
15311,15338
15311,15340
15313,15316
15313,15338
15313,15340
15313,15347
15316,15338
15338,15340
15340,15347
15347,15352
15352,15355
15352,15356
15352,15357
15355,15356
15356,15357
15357,15369
15357,15381
15357,15388
15369,15381
15369,15388
15369,15395
15381,15388
15381,15395
15381,15419
15388,15395
15395,15419
15419,15420
15419,15423
15419,15429
15419,15435
15419,15437
15419,15440
15420,15423
15423,15429
15423,15435
15423,15437
15423,15440
15429,15435
15429,15437
15429,15440
15435,15437
15435,15440
15437,15440
15437,15441
15440,15441
15440,15444
15440,15452
15441,15444
15444,15452
15444,15456
15444,15471
15452,15456
15452,15471
15452,15472
15456,15471
15456,15472
15456,15481
15456,15485
15471,15472
15471,15481
15472,15481
15481,15485
15481,15486
15481,15498
15481,15502
15481,15505
15481,15507
15485,15486
15485,15498
15486,15498
15498,15502
15502,15505
15505,15507
15505,15515
15505,15546
15505,15547
15507,15515
15507,15546
15515,15546
15515,15547
15515,15552
15546,15547
15547,15552
15552,15561
15552,15565
15561,15565
15561,15567
15561,15569
15561,15571
15565,15567
15567,15569
15569,15571
15571,15580
15571,15585
15571,15586
15580,15585
15580,15586
15585,15586
15586,15587
15587,15595
15595,15599
15595,15602
15595,15605
15595,15619
15599,15602
15599,15605
15602,15605
15602,15619
15605,15619
15619,15621
15621,15624
15621,15625
15621,15631
15621,15635
15624,15625
15624,15631
15624,15635
15624,15640
15625,15631
15631,15635
15635,15640
15635,15649
15640,15649
15640,15656
15640,15660
15649,15656
15656,15660
15656,15663
15660,15663
15660,15669
15660,15705
15663,15669
15669,15705
15705,15706
15706,15715
15706,15723
15715,15723
15723,15727
15727,15732
15727,15734
15732,15734
15732,15741
15734,15741
15741,15744
15741,15751
15741,15757
15741,15763
15744,15751
15744,15757
15744,15763
15744,15766
15744,15767
15744,15774
15744,15775
15751,15757
15757,15763
15757,15766
15763,15766
15766,15767
15767,15774
15774,15775
15774,15776
15775,15776
15776,15793
15793,15798
15793,15819
15793,15820
15793,15821
15793,15823
15793,15825
15798,15819
15798,15820
15819,15820
15819,15821
15820,15821
15821,15823
15823,15825
15823,15837
15823,15839
15825,15837
15837,15839
15837,15844
15837,15851
15837,15874
15837,15876
15839,15844
15839,15851
15844,15851
15844,15874
15844,15876
15844,15883
15844,15884
15851,15874
15874,15876
15876,15883
15883,15884
15884,15887
15884,15888
15884,15892
15884,15895
15884,15901
15887,15888
15887,15892
15888,15892
15888,15895
15892,15895
15895,15901
15895,15903
15901,15903
15901,15905
15903,15905
15905,15910
15905,15916
15910,15916
15916,15922
15922,15923
15922,15925
15922,15945
15922,15949
15922,15956
15923,15925
15923,15945
15923,15949
15923,15956
15923,15962
15925,15945
15945,15949
15945,15956
15945,15962
15945,15964
15949,15956
15956,15962
15956,15964
15956,15967
15962,15964
15964,15967
15967,15968
15968,15971
15971,15974
15971,15975
15974,15975
15975,15980
15980,15982
15980,15986
15982,15986
15982,15988
15982,15989
15982,15993
15986,15988
15988,15989
15988,15993
15988,15995
15988,16002
15989,15993
15989,15995
15989,16002
15993,15995
15995,16002
15995,16003
16002,16003
16002,16011
16002,16019
16002,16028
16002,16029
16003,16011
16011,16019
16011,16028
16019,16028
16028,16029
16028,16030
16029,16030
16030,16032
16030,16035
16030,16039
16030,16043
16032,16035
16032,16039
16035,16039
16039,16043
16043,16055
16043,16056
16055,16056
16055,16057
16055,16065
16056,16057
16056,16065
16057,16065
16057,16067
16057,16071
16065,16067
16067,16071
16071,16072
16071,16074
16071,16084
16072,16074
16072,16084
16074,16084
16074,16091
16084,16091
16084,16095
16091,16095
16091,16096
16095,16096
16096,16097
16097,16098
16097,16105
16097,16106
16097,16110
16098,16105
16098,16106
16098,16110
16105,16106
16105,16110
16105,16115
16105,16121
16106,16110
16106,16115
16110,16115
16110,16121
16115,16121
16115,16123
16115,16129
16115,16130
16121,16123
16123,16129
16129,16130
16130,16141
16130,16145
16141,16145
16141,16159
16145,16159
16159,16160
16160,16164
16160,16174
16164,16174
16164,16176
16174,16176
16174,16187
16174,16188
16174,16194
16176,16187
16187,16188
16187,16194
16187,16201
16187,16209
16187,16212
16188,16194
16194,16201
16201,16209
16209,16212
16209,16215
16212,16215
16212,16231
16212,16234
16212,16236
16215,16231
16231,16234
16234,16236
16234,16237
16234,16241
16236,16237
16236,16241
16236,16245
16237,16241
16241,16245
16241,16247
16241,16248
16245,16247
16247,16248
16247,16251
16248,16251
16248,16253
16248,16254
16248,16263
16251,16253
16251,16254
16253,16254
16254,16263
16263,16265
16265,16267
16265,16269
16265,16270
16267,16269
16269,16270
16270,16273
16270,16279
16273,16279
16273,16290
16273,16293
16279,16290
16290,16293
16290,16296
16290,16299
16293,16296
16293,16299
16293,16303
16293,16308
16296,16299
16296,16303
16296,16308
16296,16315
16299,16303
16303,16308
16303,16315
16303,16321
16308,16315
16308,16321
16308,16322
16308,16323
16315,16321
16321,16322
16321,16323
16322,16323
16322,16328
16322,16332
16322,16351
16323,16328
16328,16332
16328,16351
16328,16361
16332,16351
16351,16361
16361,16363
16361,16364
16361,16365
16361,16375
16361,16378
16363,16364
16363,16365
16363,16375
16364,16365
16364,16375
16364,16378
16364,16380
16365,16375
16375,16378
16378,16380
16378,16386
16378,16388
16380,16386
16386,16388
16386,16403
16386,16406
16386,16411
16388,16403
16403,16406
16403,16411
16403,16413
16403,16414
16406,16411
16406,16413
16411,16413
16413,16414
16413,16416
16414,16416
16416,16421
16421,16427
16421,16428
16421,16438
16421,16453
16421,16459
16421,16476
16427,16428
16428,16438
16428,16453
16428,16459
16438,16453
16438,16459
16438,16476
16438,16479
16438,16483
16438,16497
16453,16459
16453,16476
16453,16479
16453,16483
16453,16497
16459,16476
16476,16479
16479,16483
16479,16497
16479,16501
16483,16497
16483,16501
16497,16501
16497,16505
16497,16509
16497,16513
16501,16505
16505,16509
16509,16513
16513,16515
16515,16516
16516,16521
16516,16532
16516,16533
16521,16532
16532,16533
16532,16538
16533,16538
16538,16543
16538,16547
16543,16547
16547,16552
16552,16556
16552,16557
16552,16567
16556,16557
16556,16567
16556,16578
16557,16567
16557,16578
16557,16583
16557,16585
16567,16578
16578,16583
16578,16585
16578,16594
16583,16585
16585,16594
16585,16603
16585,16607
16585,16610
16585,16611
16594,16603
16594,16607
16594,16610
16594,16611
16603,16607
16603,16610
16607,16610
16607,16611
16607,16618
16610,16611
16611,16618
16611,16619
16611,16624
16618,16619
16619,16624
16619,16626
16624,16626
16626,16629
16626,16630
16629,16630
16630,16631
16630,16632
16630,16643
16630,16647
16630,16649
16630,16650
16631,16632
16631,16643
16631,16647
16632,16643
16632,16647
16632,16649
16632,16650
16632,16661
16643,16647
16647,16649
16647,16650
16649,16650
16650,16661
16650,16673
16650,16681
16650,16684
16650,16691
16661,16673
16673,16681
16673,16684
16673,16691
16673,16696
16681,16684
16684,16691
16691,16696
16691,16697
16691,16716
16691,16717
16696,16697
16696,16716
16696,16717
16696,16720
16697,16716
16697,16717
16697,16720
16716,16717
16717,16720
16717,16721
16720,16721
16720,16725
16720,16729
16720,16735
16721,16725
16725,16729
16729,16735
16735,16740
16740,16741
16741,16744
16744,16745
16744,16750
16744,16754
16745,16750
16745,16754
16750,16754
16754,16761
16761,16764
16761,16765
16764,16765
16765,16767
16765,16768
16767,16768
16767,16775
16768,16775
16775,16776
16775,16778
16776,16778
16778,16783
16783,16787
16783,16788
16783,16794
16787,16788
16788,16794
16788,16801
16788,16813
16788,16828
16788,16829
16794,16801
16794,16813
16794,16828
16794,16829
16801,16813
16813,16828
16828,16829
16828,16835
16829,16835
16829,16836
16835,16836
16835,16844
16835,16846
16836,16844
16844,16846
16844,16847
16846,16847
16847,16857
16847,16858
16857,16858
16858,16859
16858,16866
16858,16870
16859,16866
16859,16870
16859,16873
16866,16870
16866,16873
16866,16878
16866,16885
16870,16873
16870,16878
16870,16885
16870,16896
16870,16903
16870,16905
16873,16878
16878,16885
16885,16896
16885,16903
16896,16903
16896,16905
16896,16907
16896,16909
16896,16911
16903,16905
16905,16907
16907,16909
16909,16911
16909,16913
16909,16923
16909,16934
16911,16913
16911,16923
16913,16923
16913,16934
16923,16934
16923,16935
16923,16936
16923,16945
16923,16948
16934,16935
16935,16936
16936,16945
16945,16948
16948,16950
16948,16957
16948,16959
16950,16957
16957,16959
16959,16966
16959,16969
16959,16983
16959,16986
16966,16969
16969,16983
16969,16986
16983,16986
16986,17008
17008,17015
17015,17023
17023,17028
17028,17032
17028,17034
17028,17037
17032,17034
17034,17037
17034,17041
17034,17044
17034,17046
17037,17041
17041,17044
17041,17046
17041,17047
17044,17046
17046,17047
17047,17057
17047,17060
17047,17073
17057,17060
17057,17073
17057,17078
17060,17073
17060,17078
17073,17078
17078,17080
17078,17089
17080,17089
17089,17104
17089,17111
17089,17112
17104,17111
17104,17112
17111,17112
17112,17113
17112,17114
17112,17117
17112,17122
17113,17114
17113,17117
17114,17117
17117,17122
17122,17151
17122,17154
17122,17160
17151,17154
17151,17160
17151,17163
17151,17176
17154,17160
17154,17163
17154,17176
17154,17180
17154,17187
17160,17163
17160,17176
17160,17180
17163,17176
17176,17180
17176,17187
17176,17191
17180,17187
17180,17191
17180,17192
17180,17199
17180,17206
17187,17191
17191,17192
17191,17199
17191,17206
17192,17199
17192,17206
17192,17214
17192,17216
17199,17206
17199,17214
17199,17216
17206,17214
17214,17216
17216,17220
17220,17225
17220,17226
17225,17226
17225,17228
17225,17234
17225,17237
17226,17228
17228,17234
17228,17237
17228,17243
17234,17237
17237,17243
17243,17254
17243,17256
17243,17264
17254,17256
17254,17264
17254,17266
17256,17264
17264,17266
17264,17269
17264,17275
17264,17281
17266,17269
17266,17275
17266,17281
17266,17293
17266,17298
17269,17275
17269,17281
17275,17281
17281,17293
17281,17298
17293,17298
17293,17303
17293,17313
17298,17303
17298,17313
17298,17318
17303,17313
17303,17318
17313,17318
17318,17325
17325,17326
17326,17330
17326,17332
17326,17336
17326,17348
17326,17358
17330,17332
17332,17336
17332,17348
17332,17358
17336,17348
17336,17358
17348,17358
17348,17364
17348,17373
17348,17376
17348,17377
17348,17383
17358,17364
17364,17373
17373,17376
17376,17377
17377,17383
17383,17385
17383,17399
17385,17399
17385,17401
17385,17402
17385,17403
17399,17401
17399,17402
17399,17403
17399,17410
17399,17413
17401,17402
17402,17403
17402,17410
17402,17413
17402,17418
17403,17410
17410,17413
17410,17418
17410,17423
17410,17430
17413,17418
17418,17423
17418,17430
17423,17430
17423,17432
17430,17432
17432,17433
17433,17438
17433,17444
17438,17444
17438,17451
17438,17452
17438,17454
17438,17460
17444,17451
17444,17452
17444,17454
17444,17460
17451,17452
17451,17454
17452,17454
17454,17460
17454,17476
17460,17476
17460,17477
17476,17477
17476,17480
17477,17480
17480,17484
17480,17495
17484,17495
17495,17505
17495,17510
17505,17510
17505,17514
17505,17516
17505,17519
17505,17533
17505,17542
17510,17514
17510,17516
17510,17519
17510,17533
17514,17516
17514,17519
17514,17533
17516,17519
17519,17533
17533,17542
17542,17543
17543,17551
17543,17553
17551,17553
17553,17554
17553,17556
17553,17580
17554,17556
17554,17580
17554,17582
17556,17580
17556,17582
17556,17589
17580,17582
17582,17589
17589,17595
17595,17598
17598,17601
17601,17603
17603,17606
17606,17607
17607,17612
17607,17621
17612,17621
17621,17623
17623,17627
17623,17632
17627,17632
17627,17637
17632,17637
17637,17646
17637,17651
17637,17652
17646,17651
17646,17652
17646,17653
17646,17661
17646,17664
17651,17652
17652,17653
17653,17661
17661,17664
17664,17670
17670,17675
17670,17678
17670,17684
17670,17685
17675,17678
17675,17684
17678,17684
17678,17685
17684,17685
17685,17686
17686,17688
17686,17708
17688,17708
17708,17714
17714,17727
17727,17731
17727,17737
17731,17737
17737,17747
17747,17761
17761,17763
17761,17769
17763,17769
17763,17773
17763,17775
17769,17773
17769,17775
17769,17778
17769,17779
17769,17782
17769,17786
17773,17775
17773,17778
17773,17779
17773,17782
17775,17778
17778,17779
17779,17782
17782,17786
17786,17789
17789,17790
17789,17792
17790,17792
17792,17796
17792,17798
17796,17798
17798,17799
17798,17801
17799,17801
17799,17803
17799,17804
17801,17803
17803,17804
17803,17818
17803,17832
17804,17818
17804,17832
17804,17848
17804,17850
17818,17832
17818,17848
17832,17848
17832,17850
17832,17851
17848,17850
17850,17851
17850,17866
17850,17870
17851,17866
17851,17870
17866,17870
17870,17875
17875,17882
17882,17885
17885,17887
17885,17889
17887,17889
17889,17892
17889,17905
17889,17906
17892,17905
17905,17906
17905,17925
17906,17925
17906,17929
17906,17932
17906,17933
17925,17929
17929,17932
17932,17933
17932,17937
17932,17939
17932,17943
17932,17944
17933,17937
17933,17939
17933,17943
17933,17944
17937,17939
17939,17943
17939,17944
17943,17944
17944,17949
17949,17955
17955,17957
17957,17961
17961,17965
17965,17968
17968,17971
17971,17972
17972,17974
17972,17976
17972,17977
17972,17980
17974,17976
17976,17977
17976,17980
17977,17980
17980,17982
17980,17990
17982,17990
17990,17993
17990,17996
17990,17999
17990,18002
17990,18013
17993,17996
17996,17999
17996,18002
17996,18013
17999,18002
18002,18013
18013,18026
18013,18029
18013,18030
18026,18029
18029,18030
18030,18031
18030,18040
18031,18040
18040,18041
18041,18042
18041,18046
18041,18047
18042,18046
18042,18047
18042,18051
18042,18058
18042,18059
18046,18047
18047,18051
18051,18058
18058,18059
18058,18063
18058,18065
18059,18063
18059,18065
18063,18065
18063,18076
18065,18076
18065,18082
18076,18082
18082,18086
18086,18098
18098,18100
18098,18106
18098,18108
18098,18112
18098,18118
18100,18106
18100,18108
18106,18108
18108,18112
18108,18118
18112,18118
18118,18121
18118,18122
18118,18129
18118,18134
18118,18139
18118,18148
18118,18152
18121,18122
18122,18129
18122,18134
18122,18139
18122,18148
18129,18134
18129,18139
18134,18139
18139,18148
18148,18152
18148,18153
18148,18155
18148,18159
18148,18165
18152,18153
18152,18155
18152,18159
18152,18165
18153,18155
18153,18159
18153,18165
18153,18171
18155,18159
18159,18165
18165,18171
18165,18172
18165,18177
18165,18178
18171,18172
18172,18177
18172,18178
18177,18178
18178,18180
18178,18187
18178,18188
18178,18193
18178,18199
18180,18187
18180,18188
18180,18193
18180,18199
18180,18213
18187,18188
18187,18193
18188,18193
18188,18199
18193,18199
18199,18213
18199,18214
18199,18216
18213,18214
18213,18216
18214,18216
18214,18218
18214,18224
18214,18226
18216,18218
18218,18224
18218,18226
18218,18228
18218,18229
18224,18226
18226,18228
18228,18229
18229,18231
18231,18248
18231,18249
18231,18252
18231,18260
18231,18263
18231,18265
18248,18249
18248,18252
18249,18252
18249,18260
18249,18263
18249,18265
18252,18260
18252,18263
18252,18265
18260,18263
18263,18265
18265,18275
18265,18307
18275,18307
18307,18312
18307,18323
18307,18328
18312,18323
18312,18328
18312,18329
18312,18331
18323,18328
18328,18329
18329,18331
18329,18334
18331,18334
18334,18338
18334,18341
18334,18343
18334,18345
18334,18360
18334,18364
18334,18366
18338,18341
18338,18343
18338,18345
18341,18343
18343,18345
18345,18360
18360,18364
18364,18366
18366,18383
18383,18386
18383,18388
18383,18395
18383,18397
18386,18388
18386,18395
18388,18395
18388,18397
18388,18401
18388,18404
18395,18397
18397,18401
18401,18404
18401,18420
18401,18423
18404,18420
18404,18423
18404,18424
18420,18423
18420,18424
18420,18430
18420,18435
18420,18436
18420,18439
18423,18424
18423,18430
18423,18435
18424,18430
18430,18435
18435,18436
18435,18439
18435,18447
18435,18452
18436,18439
18436,18447
18439,18447
18439,18452
18447,18452
18452,18462
18452,18465
18452,18482
18452,18484
18452,18488
18462,18465
18465,18482
18482,18484
18482,18488
18484,18488
18488,18492
18488,18493
18492,18493
18493,18497
18497,18502
18497,18503
18502,18503
18502,18506
18502,18507
18503,18506
18506,18507
18507,18508
18507,18513
18507,18516
18507,18518
18508,18513
18513,18516
18516,18518
18518,18525
18525,18533
18525,18537
18525,18543
18525,18546
18533,18537
18537,18543
18543,18546
18546,18550
18546,18559
18546,18560
18550,18559
18559,18560
18559,18570
18559,18571
18559,18577
18559,18588
18560,18570
18560,18571
18560,18577
18560,18588
18570,18571
18570,18577
18571,18577
18571,18588
18577,18588
18588,18595
18595,18605
18605,18607
18607,18608
18607,18609
18607,18610
18607,18612
18608,18609
18608,18610
18608,18612
18608,18618
18608,18621
18609,18610
18609,18612
18610,18612
18612,18618
18618,18621
18621,18623
18621,18624
18621,18629
18623,18624
18624,18629
18629,18631
18629,18637
18631,18637
18637,18641
18641,18646
18646,18653
18653,18660
18660,18665
18665,18675
18665,18680
18665,18681
18665,18696
18675,18680
18675,18681
18680,18681
18680,18696
18680,18697
18681,18696
18681,18697
18681,18703
18681,18710
18681,18716
18696,18697
18696,18703
18696,18710
18696,18716
18697,18703
18697,18710
18703,18710
18710,18716
18716,18723
18723,18725
18723,18727
18723,18730
18723,18734
18725,18727
18725,18730
18725,18734
18727,18730
18730,18734
18730,18742
18730,18743
18730,18746
18734,18742
18734,18743
18742,18743
18742,18746
18742,18754
18742,18759
18743,18746
18746,18754
18754,18759
18754,18766
18759,18766
18759,18777
18759,18799
18759,18802
18766,18777
18766,18799
18777,18799
18799,18802
18799,18805
18799,18807
18799,18810
18802,18805
18802,18807
18805,18807
18807,18810
18807,18815
18810,18815
18810,18817
18815,18817
18817,18818
18817,18829
18818,18829
18818,18830
18829,18830
18830,18839
18839,18842
18842,18843
18842,18848
18842,18852
18843,18848
18848,18852
18848,18861
18852,18861
18852,18869
18852,18883
18852,18885
18852,18889
18861,18869
18869,18883
18883,18885
18885,18889
18889,18894
18889,18896
18894,18896
18896,18899
18899,18903
18899,18904
18899,18906
18903,18904
18904,18906
18906,18914
18906,18915
18906,18918
18906,18923
18906,18925
18906,18939
18914,18915
18915,18918
18915,18923
18915,18925
18918,18923
18923,18925
18925,18939
18925,18940
18939,18940
18940,18942
18940,18943
18940,18945
18940,18946
18940,18950
18940,18951
18942,18943
18943,18945
18945,18946
18945,18950
18946,18950
18946,18951
18950,18951
18950,18978
18951,18978
18951,18980
18951,18983
18951,18986
18978,18980
18980,18983
18983,18986
18983,18994
18986,18994
18994,18998
18998,19007
19007,19015
19007,19020
19015,19020
19015,19024
19020,19024
19020,19030
19024,19030
19030,19037
19030,19041
19030,19043
19037,19041
19037,19043
19041,19043
19041,19047
19043,19047
19043,19051
19043,19052
19043,19053
19043,19060
19043,19066
19043,19067
19047,19051
19047,19052
19047,19053
19051,19052
19052,19053
19053,19060
19053,19066
19053,19067
19053,19075
19053,19085
19060,19066
19066,19067
19067,19075
19075,19085
19075,19087
19085,19087
19085,19088
19085,19091
19085,19093
19087,19088
19088,19091
19088,19093
19088,19094
19088,19099
19091,19093
19093,19094
19093,19099
19094,19099
19099,19100
19099,19104
19099,19109
19099,19116
19100,19104
19100,19109
19104,19109
19109,19116
19116,19121
19121,19133
19133,19135
19135,19136
19135,19140
19135,19147
19135,19150
19135,19152
19136,19140
19140,19147
19140,19150
19140,19152
19140,19159
19140,19164
19147,19150
19150,19152
19152,19159
19159,19164
19159,19176
19159,19178
19164,19176
19164,19178
19164,19187
19176,19178
19178,19187
19187,19189
19187,19191
19189,19191
19191,19194
19191,19196
19191,19204
19191,19209
19194,19196
19194,19204
19194,19209
19196,19204
19204,19209
19209,19216
19209,19234
19209,19235
19209,19243
19216,19234
19234,19235
19235,19243
19235,19248
19235,19252
19243,19248
19248,19252
19248,19253
19248,19254
19248,19260
19248,19265
19252,19253
19252,19254
19252,19260
19253,19254
19254,19260
19260,19265
19265,19273
19265,19279
19273,19279
19279,19282
19282,19288
19288,19294
19294,19298
19294,19312
19294,19321
19294,19336
19298,19312
19312,19321
19312,19336
19321,19336
19321,19340
19336,19340
19340,19344
19344,19348
19344,19355
19348,19355
19355,19362
19355,19370
19355,19372
19362,19370
19370,19372
19370,19376
19370,19377
19370,19378
19372,19376
19372,19377
19376,19377
19376,19378
19376,19382
19376,19383
19377,19378
19377,19382
19377,19383
19377,19385
19377,19390
19378,19382
19378,19383
19378,19385
19378,19390
19382,19383
19383,19385
19385,19390
19385,19392
19385,19408
19390,19392
19392,19408
19408,19420
19420,19423
19420,19430
19420,19431
19423,19430
19423,19431
19430,19431
19431,19434
19434,19436
19436,19440
19436,19441
19440,19441
19440,19445
19440,19448
19441,19445
19441,19448
19445,19448
19448,19450
19450,19451
19451,19453
19453,19455
19453,19467
19453,19468
19455,19467
19455,19468
19467,19468
19467,19470
19467,19472
19467,19476
19467,19478
19468,19470
19470,19472
19472,19476
19476,19478
19476,19484
19476,19487
19476,19493
19476,19496
19478,19484
19484,19487
19484,19493
19484,19496
19487,19493
19487,19496
19493,19496
19493,19499
19493,19502
19496,19499
19496,19502
19499,19502
19502,19504
19502,19516
19502,19518
19502,19520
19504,19516
19516,19518
19516,19520
19518,19520
19520,19521
19520,19526
19521,19526
19526,19545
19545,19548
19545,19551
19548,19551
19548,19553
19548,19559
19548,19560
19551,19553
19553,19559
19553,19560
19553,19565
19553,19575
19553,19579
19559,19560
19559,19565
19560,19565
19560,19575
19565,19575
19565,19579
19575,19579
19575,19581
19575,19584
19579,19581
19581,19584
19584,19588
19584,19591
19584,19592
19588,19591
19588,19592
19591,19592
19591,19603
19591,19606
19592,19603
19603,19606
19603,19613
19603,19616
19606,19613
19606,19616
19613,19616
19616,19629
19616,19632
19629,19632
19632,19638
19632,19641
19632,19645
19632,19647
19638,19641
19641,19645
19645,19647
19647,19648
19648,19650
19648,19661
19650,19661
19650,19663
19650,19665
19650,19666
19650,19677
19661,19663
19661,19665
19661,19666
19661,19677
19661,19683
19661,19688
19663,19665
19663,19666
19665,19666
19666,19677
19666,19683
19677,19683
19677,19688
19677,19690
19683,19688
19688,19690
19688,19697
19690,19697
19690,19701
19690,19702
19690,19703
19697,19701
19697,19702
19701,19702
19702,19703
19702,19704
19702,19706
19703,19704
19703,19706
19704,19706
19706,19707
19707,19709
19707,19711
19707,19722
19709,19711
19709,19722
19709,19724
19711,19722
19711,19724
19711,19733
19711,19734
19711,19740
19722,19724
19722,19733
19724,19733
19724,19734
19724,19740
19733,19734
19734,19740
19740,19741
19740,19748
19740,19750
19740,19752
19741,19748
19748,19750
19748,19752
19748,19758
19750,19752
19750,19758
19752,19758
19758,19764
19758,19769
19758,19771
19758,19778
19764,19769
19769,19771
19769,19778
19769,19790
19771,19778
19778,19790
19790,19795
19790,19797
19795,19797
19797,19798
19798,19803
19803,19804
19804,19806
19806,19808
19806,19811
19808,19811
19811,19813
19813,19818
19813,19823
19818,19823
19818,19830
19823,19830
19823,19837
19823,19838
19823,19840
19823,19849
19823,19850
19830,19837
19837,19838
19837,19840
19837,19849
19838,19840
19838,19849
19838,19850
19838,19851
19838,19854
19840,19849
19840,19850
19840,19851
19840,19854
19849,19850
19850,19851
19850,19854
19850,19855
19850,19858
19850,19861
19851,19854
19854,19855
19855,19858
19858,19861
19861,19873
19873,19888
19888,19894
19888,19895
19888,19899
19888,19903
19894,19895
19894,19899
19894,19903
19894,19904
19895,19899
19899,19903
19903,19904
19904,19907
19904,19908
19904,19912
19907,19908
19908,19912
19912,19936
19912,19949
19912,19953
19936,19949
19949,19953
19953,19956
19953,19965
19953,19982
19956,19965
19965,19982
19982,19989
19989,19997
19989,19998
19989,20002
19997,19998
19997,20002
19997,20009
19997,20017
19997,20021
19998,20002
20002,20009
20002,20017
20002,20021
20002,20034
20002,20035
20002,20036
20009,20017
20017,20021
20017,20034
20017,20035
20017,20036
20021,20034
20021,20035
20034,20035
20035,20036
20035,20059
20036,20059
20059,20062
20059,20063
20059,20068
20062,20063
20063,20068
20068,20077
20077,20078
20078,20079
20079,20084
20079,20085
20079,20087
20084,20085
20085,20087
20085,20091
20085,20092
20085,20095
20085,20104
20085,20106
20087,20091
20087,20092
20091,20092
20091,20095
20091,20104
20091,20106
20091,20110
20091,20115
20092,20095
20092,20104
20092,20106
20095,20104
20095,20106
20095,20110
20095,20115
20095,20131
20104,20106
20104,20110
20106,20110
20110,20115
20110,20131
20110,20140
20110,20142
20115,20131
20115,20140
20131,20140
20131,20142
20140,20142
20140,20144
20142,20144
20142,20156
20144,20156
20156,20157
20157,20160
20160,20161
20160,20172
20160,20173
20161,20172
20172,20173
20172,20176
20172,20179
20173,20176
20173,20179
20176,20179
20179,20192
20179,20194
20179,20196
20192,20194
20192,20196
20192,20210
20192,20217
20194,20196
20194,20210
20194,20217
20194,20218
20194,20225
20196,20210
20210,20217
20210,20218
20217,20218
20218,20225
20225,20228
20228,20232
20228,20233
20228,20238
20228,20240
20228,20242
20228,20250
20228,20251
20232,20233
20232,20238
20233,20238
20233,20240
20233,20242
20233,20250
20238,20240
20238,20242
20238,20250
20238,20251
20240,20242
20242,20250
20242,20251
20250,20251
20250,20256
20251,20256
20256,20260
20256,20263
20256,20264
20256,20267
20256,20272
20256,20281
20256,20288
20260,20263
20260,20264
20260,20267
20263,20264
20264,20267
20267,20272
20267,20281
20272,20281
20272,20288
20281,20288
20281,20290
20281,20292
20288,20290
20288,20292
20290,20292
20292,20293
20292,20299
20292,20302
20292,20308
20293,20299
20299,20302
20302,20308
20308,20309
20308,20310
20308,20314
20308,20328
20309,20310
20310,20314
20314,20328
20314,20331
20314,20332
20328,20331
20328,20332
20331,20332
20331,20334
20331,20337
20332,20334
20332,20337
20332,20338
20334,20337
20337,20338
20337,20349
20338,20349
20349,20354
20354,20356
20356,20367
20356,20368
20356,20378
20367,20368
20367,20378
20367,20380
20367,20386
20367,20387
20368,20378
20378,20380
20380,20386
20386,20387
20386,20388
20386,20395
20386,20404
20387,20388
20387,20395
20387,20404
20388,20395
20395,20404
20404,20408
20408,20417
20408,20420
20408,20437
20417,20420
20420,20437
20437,20450
20437,20458
20437,20465
20450,20458
20450,20465
20450,20478
20450,20481
20458,20465
20458,20478
20458,20481
20465,20478
20478,20481
20478,20482
20478,20488
20481,20482
20481,20488
20481,20496
20482,20488
20482,20496
20482,20500
20482,20515
20488,20496
20496,20500
20500,20515
20500,20519
20515,20519
20515,20524
20515,20530
20515,20531
20519,20524
20519,20530
20524,20530
20530,20531
20531,20534
20534,20541
20541,20543
20541,20545
20541,20547
20541,20562
20541,20563
20541,20567
20541,20573
20543,20545
20543,20547
20545,20547
20547,20562
20547,20563
20547,20567
20562,20563
20563,20567
20563,20573
20567,20573
20567,20575
20573,20575
20575,20579
20579,20580
20580,20582
20582,20584
20584,20588
20588,20591
20588,20600
20591,20600
20600,20605
20600,20606
20600,20609
20605,20606
20606,20609
20609,20610
20609,20617
20610,20617
20617,20625
20617,20630
20625,20630
20625,20631
20630,20631
20631,20632
20631,20639
20631,20641
20632,20639
20632,20641
20632,20652
20639,20641
20641,20652
20652,20653
20652,20675
20652,20677
20653,20675
20653,20677
20675,20677
20677,20680
20677,20686
20677,20687
20677,20691
20677,20693
20677,20698
20677,20711
20680,20686
20680,20687
20686,20687
20686,20691
20686,20693
20686,20698
20686,20711
20687,20691
20691,20693
20691,20698
20691,20711
20693,20698
20698,20711
20698,20722
20698,20723
20698,20728
20698,20730
20698,20731
20698,20747
20711,20722
20722,20723
20723,20728
20728,20730
20728,20731
20730,20731
20731,20747
20747,20753
20747,20768
20753,20768
20753,20772
20753,20773
20768,20772
20772,20773
20773,20775
20775,20780
20780,20783
20783,20789
20789,20793
20789,20796
20793,20796
20796,20801
20796,20805
20801,20805
20801,20814
20801,20816
20805,20814
20805,20816
20805,20817
20805,20824
20814,20816
20816,20817
20816,20824
20817,20824
20817,20827
20824,20827
20827,20836
20836,20848
20848,20853
20853,20857
20857,20873
20857,20881
20873,20881
20881,20883
20881,20888
20881,20890
20883,20888
20888,20890
20888,20891
20888,20894
20888,20898
20888,20902
20890,20891
20891,20894
20891,20898
20891,20902
20894,20898
20894,20902
20894,20912
20894,20917
20898,20902
20902,20912
20902,20917
20902,20925
20902,20929
20902,20935
20902,20936
20912,20917
20912,20925
20912,20929
20912,20935
20912,20936
20912,20942
20912,20944
20917,20925
20917,20929
20917,20935
20925,20929
20929,20935
20935,20936
20935,20942
20935,20944
20936,20942
20942,20944
20942,20947
20942,20951
20944,20947
20947,20951
20951,20955
20951,20959
20955,20959
20959,20966
20966,20970
20970,20971
20970,20973
20971,20973
20973,20975
20975,20984
20975,20986
20984,20986
20986,20989
20986,20991
20989,20991
20991,20993
20993,20995
20993,21000
20995,21000
20995,21001
20995,21006
20995,21010
20995,21021
21000,21001
21001,21006
21006,21010
21010,21021
21010,21027
21021,21027
21021,21039
21027,21039
21027,21040
21039,21040
21040,21056
21056,21066
21056,21067
21056,21083
21056,21085
21056,21086
21066,21067
21067,21083
21067,21085
21067,21086
21067,21095
21083,21085
21083,21086
21085,21086
21085,21095
21085,21096
21086,21095
21086,21096
21086,21100
21095,21096
21095,21100
21096,21100
21100,21112
21100,21113
21100,21119
21112,21113
21113,21119
21119,21125
21125,21131
21131,21134
21131,21135
21134,21135
21135,21137
21135,21153
21135,21157
21137,21153
21137,21157
21153,21157
21153,21163
21153,21165
21157,21163
21163,21165
21163,21168
21163,21179
21165,21168
21168,21179
21179,21188
21188,21193
21193,21196
21193,21208
21193,21210
21193,21211
21193,21213
21193,21221
21193,21222
21196,21208
21196,21210
21196,21211
21208,21210
21208,21211
21208,21213
21208,21221
21208,21222
21210,21211
21210,21213
21211,21213
21211,21221
21211,21222
21211,21223
21213,21221
21221,21222
21222,21223
21223,21228
21228,21232
21228,21245
21228,21254
21228,21257
21232,21245
21232,21254
21245,21254
21245,21257
21254,21257
21254,21258
21254,21268
21257,21258
21257,21268
21257,21274
21257,21277
21258,21268
21258,21274
21258,21277
21268,21274
21268,21277
21268,21282
21268,21291
21268,21299
21274,21277
21274,21282
21277,21282
21282,21291
21291,21299
21291,21302
21291,21315
21291,21319
21291,21322
21299,21302
21302,21315
21302,21319
21302,21322
21315,21319
21319,21322
21322,21324
21324,21327
21327,21329
21329,21336
21336,21343
21336,21346
21336,21354
21343,21346
21343,21354
21346,21354
21346,21358
21354,21358
21358,21365
21358,21372
21358,21377
21358,21380
21365,21372
21365,21377
21365,21380
21372,21377
21372,21380
21372,21385
21372,21390
21372,21392
21377,21380
21377,21385
21380,21385
21380,21390
21385,21390
21390,21392
21392,21406
21406,21415
21406,21421
21406,21423
21406,21426
21415,21421
21415,21423
21421,21423
21421,21426
21421,21438
21423,21426
21426,21438
21426,21440
21438,21440
21438,21450
21440,21450
21440,21451
21450,21451
21450,21457
21450,21458
21450,21462
21450,21463
21451,21457
21451,21458
21457,21458
21458,21462
21458,21463
21458,21464
21462,21463
21462,21464
21462,21467
21463,21464
21463,21467
21463,21478
21463,21490
21464,21467
21467,21478
21478,21490
21490,21492
21490,21496
21490,21499
21492,21496
21496,21499
21496,21506
21496,21507
21499,21506
21499,21507
21506,21507
21507,21515
21507,21519
21515,21519
21519,21521
21519,21531
21519,21534
21519,21536
21521,21531
21521,21534
21521,21536
21531,21534
21531,21536
21531,21540
21534,21536
21536,21540
21540,21546
21540,21549
21540,21551
21540,21552
21546,21549
21546,21551
21546,21552
21546,21554
21549,21551
21551,21552
21551,21554
21551,21556
21551,21557
21551,21569
21552,21554
21554,21556
21556,21557
21556,21569
21556,21583
21556,21591
21557,21569
21557,21583
21569,21583
21583,21591
21591,21592
21591,21601
21591,21603
21592,21601
21592,21603
21592,21608
21592,21613
21592,21618
21592,21622
21601,21603
21601,21608
21603,21608
21603,21613
21603,21618
21603,21622
21608,21613
21608,21618
21608,21622
21613,21618
21618,21622
21618,21636
21618,21642
21622,21636
21636,21642
21636,21652
21636,21656
21642,21652
21652,21656
21656,21662
21656,21666
21656,21669
21656,21672
21662,21666
21662,21669
21662,21672
21662,21677
21662,21679
21666,21669
21666,21672
21666,21677
21666,21679
21669,21672
21669,21677
21669,21679
21672,21677
21677,21679
21679,21693
21693,21697
21693,21701
21697,21701
21701,21704
21704,21711
21704,21716
21711,21716
21716,21727
21727,21739
21739,21742
21739,21743
21742,21743
21743,21748
21748,21755
21755,21758
21758,21763
21758,21769
21758,21773
21763,21769
21769,21773
21769,21775
21773,21775
21773,21779
21773,21780
21773,21783
21775,21779
21779,21780
21779,21783
21779,21788
21780,21783
21783,21788
21788,21792
21792,21793
21793,21796
21796,21797
21797,21801
21797,21804
21797,21813
21797,21817
21797,21819
21797,21822
21797,21824
21797,21833
21801,21804
21801,21813
21804,21813
21804,21817
21804,21819
21804,21822
21804,21824
21813,21817
21817,21819
21817,21822
21817,21824
21817,21833
21817,21835
21819,21822
21822,21824
21822,21833
21822,21835
21822,21840
21824,21833
21824,21835
21833,21835
21835,21840
21835,21841
21835,21852
21835,21856
21840,21841
21840,21852
21840,21856
21840,21860
21841,21852
21852,21856
21852,21860
21852,21866
21852,21867
21856,21860
21860,21866
21860,21867
21860,21868
21860,21871
21866,21867
21867,21868
21867,21871
21868,21871
21868,21874
21868,21875
21868,21886
21868,21887
21871,21874
21874,21875
21874,21886
21874,21887
21875,21886
21886,21887
21886,21889
21886,21892
21887,21889
21887,21892
21889,21892
21889,21894
21889,21900
21889,21906
21892,21894
21892,21900
21892,21906
21892,21911
21894,21900
21900,21906
21906,21911
21911,21913
21911,21921
21911,21931
21911,21932
21911,21937
21913,21921
21921,21931
21921,21932
21921,21937
21921,21945
21921,21946
21931,21932
21931,21937
21931,21945
21932,21937
21932,21945
21937,21945
21937,21946
21937,21956
21945,21946
21945,21956
21946,21956
21956,21958
21958,21959
21958,21962
21958,21971
21959,21962
21959,21971
21962,21971
21962,21975
21962,21976
21962,21977
21962,21981
21971,21975
21971,21976
21971,21977
21971,21981
21971,21989
21975,21976
21975,21977
21976,21977
21976,21981
21976,21989
21976,21991
21977,21981
21977,21989
21977,21991
21981,21989
21981,21991
21981,22001
21981,22008
21981,22017
21981,22018
21981,22019
21989,21991
21989,22001
21989,22008
21989,22017
21991,22001
22001,22008
22001,22017
22001,22018
22008,22017
22008,22018
22008,22019
22008,22021
22017,22018
22017,22019
22018,22019
22019,22021
22021,22027
22021,22028
22021,22035
22021,22037
22021,22043
22027,22028
22028,22035
22035,22037
22035,22043
22037,22043
22043,22046
22043,22048
22043,22051
22046,22048
22046,22051
22048,22051
22051,22053
22051,22059
22053,22059
22059,22061
22061,22064
22064,22078
22064,22079
22064,22087
22064,22093
22078,22079
22079,22087
22079,22093
22079,22099
22087,22093
22093,22099
22099,22106
22099,22107
22099,22112
22099,22114
22106,22107
22106,22112
22106,22114
22107,22112
22107,22114
22107,22117
22112,22114
22112,22117
22112,22119
22112,22120
22114,22117
22117,22119
22117,22120
22119,22120
22119,22126
22120,22126
22126,22132
22126,22135
22132,22135
22135,22138
22135,22143
22135,22148
22135,22153
22138,22143
22143,22148
22143,22153
22148,22153
22148,22157
22148,22159
22148,22162
22148,22167
22148,22169
22148,22177
22148,22183
22153,22157
22157,22159
22157,22162
22157,22167
22157,22169
22157,22177
22157,22183
22159,22162
22159,22167
22159,22169
22162,22167
22162,22169
22162,22177
22167,22169
22167,22177
22167,22183
22169,22177
22169,22183
22177,22183
22177,22185
22183,22185
22183,22194
22185,22194
22194,22197
22197,22198
22197,22201
22197,22202
22198,22201
22201,22202
22202,22206
22206,22207
22207,22209
22207,22213
22209,22213
22209,22221
22213,22221
22221,22226
22221,22235
22226,22235
22235,22238
22238,22239
22238,22243
22238,22244
22239,22243
22243,22244
22244,22247
22247,22253
22247,22269
22247,22273
22247,22281
22247,22282
22253,22269
22253,22273
22253,22281
22269,22273
22269,22281
22269,22282
22273,22281
22281,22282
22281,22284
22281,22286
22282,22284
22284,22286
22284,22289
22284,22291
22286,22289
22289,22291
22289,22295
22291,22295
22295,22304
22295,22308
22295,22312
22295,22328
22304,22308
22308,22312
22312,22328
22312,22330
22312,22332
22328,22330
22328,22332
22328,22336
22330,22332
22332,22336
22332,22337
22332,22341
22332,22350
22336,22337
22337,22341
22341,22350
22341,22366
22341,22377
22350,22366
22350,22377
22366,22377
22377,22379
22379,22381
22381,22383
22381,22394
22381,22402
22381,22403
22383,22394
22383,22402
22383,22403
22383,22409
22394,22402
22394,22403
22394,22409
22402,22403
22402,22409
22402,22410
22402,22421
22403,22409
22403,22410
22409,22410
22410,22421
22421,22426
22421,22430
22421,22431
22426,22430
22426,22431
22430,22431
22430,22441
22431,22441
22431,22443
22431,22447
22441,22443
22441,22447
22441,22451
22441,22453
22443,22447
22447,22451
22451,22453
22453,22456
22456,22458
22458,22464
22464,22468
22464,22475
22468,22475
22475,22482
22475,22483
22482,22483
22483,22500
22500,22501
22500,22502
22500,22510
22500,22519
22500,22531
22500,22532
22501,22502
22502,22510
22502,22519
22502,22531
22510,22519
22510,22531
22510,22532
22519,22531
22531,22532
22531,22534
22532,22534
22534,22541
22534,22546
22534,22550
22541,22546
22546,22550
22550,22559
22550,22570
22559,22570
22570,22586
22586,22596
22586,22599
22586,22606
22586,22607
22586,22609
22586,22614
22596,22599
22596,22606
22596,22607
22596,22609
22599,22606
22606,22607
22606,22609
22607,22609
22609,22614
22609,22617
22614,22617
22617,22619
22619,22622
22622,22623
22622,22625
22622,22631
22622,22633
22623,22625
22625,22631
22625,22633
22625,22634
22631,22633
22633,22634
22634,22645
22645,22647
22647,22649
22649,22651
22651,22655
22651,22657
22655,22657
22655,22665
22657,22665
22657,22669
22665,22669
22665,22673
22665,22676
22665,22677
22665,22679
22669,22673
22669,22676
22669,22677
22673,22676
22673,22677
22673,22679
22676,22677
22676,22679
22676,22685
22676,22688
22677,22679
22679,22685
22679,22688
22679,22693
22685,22688
22688,22693
22693,22703
22703,22708
22703,22713
22703,22714
22708,22713
22713,22714
22713,22721
22713,22722
22713,22723
22714,22721
22714,22722
22714,22723
22714,22725
22714,22731
22721,22722
22722,22723
22722,22725
22723,22725
22725,22731
22731,22735
22735,22738
22735,22740
22735,22743
22735,22747
22738,22740
22738,22743
22740,22743
22740,22747
22743,22747
22743,22749
22743,22751
22747,22749
22749,22751
22749,22752
22749,22753
22751,22752
22751,22753
22751,22755
22752,22753
22752,22755
22752,22760
22752,22761
22752,22763
22752,22765
22752,22768
22753,22755
22753,22760
22753,22761
22755,22760
22755,22761
22760,22761
22760,22763
22760,22765
22760,22768
22760,22770
22761,22763
22763,22765
22765,22768
22765,22770
22765,22775
22765,22795
22765,22804
22768,22770
22768,22775
22768,22795
22768,22804
22770,22775
22770,22795
22775,22795
22795,22804
22795,22814
22795,22822
22804,22814
22814,22822
22814,22827
22822,22827
22827,22831
22831,22840
22840,22848
22840,22852
22840,22854
22848,22852
22852,22854
22854,22858
22854,22861
22854,22876
22854,22877
22858,22861
22858,22876
22861,22876
22876,22877
22877,22879
22877,22880
22877,22884
22879,22880
22879,22884
22879,22886
22880,22884
22884,22886
22886,22892
22886,22902
22886,22907
22892,22902
22902,22907
22907,22914
22914,22916
22916,22924
22924,22934
22924,22938
22924,22947
22924,22950
22934,22938
22938,22947
22938,22950
22947,22950
22947,22956
22947,22959
22950,22956
22956,22959
22959,22961
22961,22966
22961,22969
22961,22970
22966,22969
22966,22970
22966,22973
22969,22970
22970,22973
22973,22977
22977,22981
22981,22983
22981,22996
22981,22997
22983,22996
22996,22997
22997,23002
22997,23011
23002,23011
23002,23013
23011,23013
23013,23017
23017,23019
23017,23024
23017,23035
23017,23038
23017,23040
23017,23042
23019,23024
23019,23035
23019,23038
23024,23035
23035,23038
23038,23040
23038,23042
23040,23042
23042,23048
23048,23051
23048,23060
23048,23065
23048,23077
23051,23060
23051,23065
23060,23065
23060,23077
23060,23080
23065,23077
23065,23080
23065,23083
23065,23088
23077,23080
23080,23083
23083,23088
23083,23092
23083,23094
23083,23096
23088,23092
23088,23094
23092,23094
23092,23096
23092,23097
23094,23096
23094,23097
23096,23097
23096,23100
23096,23111
23096,23112
23097,23100
23100,23111
23111,23112
23112,23114
23112,23139
23112,23140
23114,23139
23114,23140
23114,23152
23139,23140
23140,23152
23140,23166
23140,23168
23152,23166
23166,23168
23168,23169
23168,23172
23169,23172
23172,23176
23172,23177
23172,23178
23176,23177
23176,23178
23176,23184
23176,23187
23176,23200
23177,23178
23177,23184
23178,23184
23178,23187
23178,23200
23184,23187
23184,23200
23184,23204
23187,23200
23200,23204
23204,23209
23209,23210
23210,23213
23210,23215
23213,23215
23215,23220
23215,23223
23220,23223
23220,23224
23223,23224
23224,23226
23224,23229
23224,23231
23226,23229
23229,23231
23231,23233
23231,23239
23231,23240
23231,23243
23233,23239
23233,23240
23233,23243
23239,23240
23240,23243
23243,23252
23252,23256
23252,23257
23252,23266
23252,23267
23256,23257
23256,23266
23256,23267
23256,23269
23257,23266
23257,23267
23266,23267
23267,23269
23269,23271
23269,23274
23269,23280
23271,23274
23274,23280
23274,23302
23280,23302
23302,23309
23309,23312
23312,23317
23317,23318
23318,23319
23318,23333
23319,23333
23333,23339
23333,23352
23333,23356
23339,23352
23339,23356
23339,23367
23339,23372
23339,23373
23352,23356
23356,23367
23367,23372
23367,23373
23372,23373
23373,23382
23373,23385
23373,23388
23382,23385
23385,23388
23388,23390
23388,23396
23388,23397
23388,23400
23388,23410
23390,23396
23390,23397
23396,23397
23397,23400
23397,23410
23397,23412
23397,23414
23400,23410
23400,23412
23400,23414
23410,23412
23410,23414
23412,23414
23414,23428
23414,23429
23414,23443
23414,23447
23428,23429
23428,23443
23429,23443
23443,23447
23443,23451
23443,23459
23443,23468
23447,23451
23447,23459
23451,23459
23459,23468
23468,23471
23468,23472
23468,23477
23468,23482
23468,23484
23471,23472
23472,23477
23472,23482
23477,23482
23477,23484
23482,23484
23484,23485
23485,23493
23493,23495
23493,23498
23495,23498
23498,23499
23499,23504
23499,23506
23504,23506
23506,23507
23506,23510
23506,23513
23507,23510
23510,23513
23510,23520
23510,23523
23513,23520
23520,23523
23520,23536
23520,23547
23520,23551
23523,23536
23523,23547
23523,23551
23523,23558
23523,23567
23536,23547
23536,23551
23547,23551
23547,23558
23547,23567
23547,23571
23547,23577
23551,23558
23551,23567
23558,23567
23558,23571
23567,23571
23571,23577
23577,23578
23578,23580
23580,23581
23580,23588
23581,23588
23588,23594
23594,23604
23594,23607
23604,23607
23607,23613
23613,23614
23614,23617
23617,23625
23617,23626
23617,23634
23617,23653
23625,23626
23625,23634
23625,23653
23625,23663
23625,23667
23626,23634
23626,23653
23634,23653
23653,23663
23663,23667
23667,23670
23670,23673
23673,23676
23676,23684
23676,23687
23684,23687
23684,23694
23687,23694
23694,23699
23699,23700
23699,23703
23699,23720
23699,23727
23699,23731
23700,23703
23703,23720
23703,23727
23720,23727
23727,23731
23727,23733
23727,23736
23727,23738
23731,23733
23731,23736
23733,23736
23733,23738
23733,23741
23736,23738
23738,23741
23738,23744
23741,23744
23744,23746
23746,23751
23746,23764
23751,23764
23751,23765
23751,23766
23751,23772
23751,23773
23764,23765
23764,23766
23764,23772
23764,23773
23764,23775
23765,23766
23766,23772
23772,23773
23772,23775
23772,23780
23773,23775
23775,23780
23780,23781
23781,23783
23781,23784
23781,23788
23781,23792
23783,23784
23784,23788
23788,23792
23792,23794
23792,23795
23792,23796
23792,23809
23794,23795
23794,23796
23794,23809
23794,23810
23794,23821
23795,23796
23795,23809
23795,23810
23796,23809
23809,23810
23810,23821
23810,23822
23810,23824
23821,23822
23822,23824
23824,23827
23827,23829
23829,23839
23839,23840
23839,23841
23839,23846
23840,23841
23841,23846
23846,23849
23846,23851
23849,23851
23849,23854
23849,23855
23849,23865
23851,23854
23851,23855
23854,23855
23854,23865
23854,23866
23855,23865
23865,23866
23865,23871
23866,23871
23866,23872
23866,23873
23871,23872
23871,23873
23872,23873
23872,23876
23873,23876
23876,23886
23886,23892
23886,23893
23886,23894
23886,23896
23886,23897
23886,23898
23892,23893
23893,23894
23893,23896
23893,23897
23894,23896
23894,23897
23894,23898
23896,23897
23897,23898
23898,23914
23898,23928
23898,23964
23898,23966
23914,23928
23928,23964
23928,23966
23928,23974
23964,23966
23966,23974
23966,23977
23974,23977
23977,23981
23977,23988
23981,23988
23981,23992
23981,24001
23988,23992
23992,24001
24001,24002
24001,24013
24002,24013
24013,24023
24023,24025
24023,24027
24025,24027
24025,24030
24027,24030
24030,24031
24030,24035
24031,24035
24031,24036
24035,24036
24036,24037
24036,24042
24037,24042
24037,24044
24037,24045
24037,24050
24042,24044
24042,24045
24042,24050
24044,24045
24045,24050
24045,24054
24045,24057
24045,24059
24050,24054
24050,24057
24050,24059
24050,24060
24050,24068
24054,24057
24054,24059
24057,24059
24057,24060
24059,24060
24060,24068
24068,24070
24070,24072
24070,24076
24072,24076
24072,24079
24076,24079
24079,24087
24079,24101
24087,24101
24101,24103
24103,24111
24111,24113
24111,24114
24111,24115
24113,24114
24114,24115
24115,24116
24116,24122
24116,24123
24116,24138
24116,24141
24122,24123
24123,24138
24123,24141
24138,24141
24141,24145
24145,24146
24146,24147
24146,24149
24146,24150
24147,24149
24147,24150
24147,24151
24149,24150
24150,24151
24151,24156
24156,24161
24156,24165
24156,24170
24156,24177
24156,24188
24156,24189
24161,24165
24161,24170
24165,24170
24165,24177
24165,24188
24165,24189
24165,24190
24170,24177
24177,24188
24177,24189
24188,24189
24189,24190
24189,24203
24189,24204
24190,24203
24203,24204
24204,24207
24207,24208
24207,24212
24207,24215
24207,24218
24208,24212
24212,24215
24215,24218
24215,24220
24218,24220
24218,24229
24220,24229
24229,24232
24229,24237
24232,24237
24232,24242
24232,24249
24237,24242
24242,24249
24249,24259
24259,24260
24260,24263
24263,24266
24263,24267
24266,24267
24266,24272
24267,24272
24267,24280
24267,24281
24267,24287
24272,24280
24272,24281
24272,24287
24272,24305
24280,24281
24280,24287
24280,24305
24281,24287
24281,24305
24281,24308
24281,24313
24287,24305
24287,24308
24305,24308
24308,24313
24308,24315
24308,24316
24313,24315
24315,24316
24315,24317
24315,24329
24315,24339
24315,24340
24316,24317
24317,24329
24317,24339
24329,24339
24329,24340
24339,24340
24339,24342
24340,24342
24342,24360
24342,24364
24342,24374
24342,24379
24360,24364
24360,24374
24364,24374
24374,24379
24379,24381
24379,24384
24381,24384
24381,24392
24381,24394
24381,24396
24384,24392
24392,24394
24392,24396
24392,24399
24394,24396
24396,24399
24399,24403
24399,24405
24403,24405
24403,24407
24405,24407
24405,24408
24405,24411
24405,24417
24407,24408
24407,24411
24408,24411
24411,24417
24411,24422
24417,24422
24422,24427
24422,24432
24427,24432
24432,24438
24438,24441
24438,24442
24438,24447
24441,24442
24441,24447
24441,24452
24442,24447
24447,24452
24447,24468
24447,24469
24447,24474
24452,24468
24468,24469
24468,24474
24469,24474
24469,24486
24469,24490
24469,24501
24469,24507
24474,24486
24474,24490
24474,24501
24486,24490
24486,24501
24486,24507
24490,24501
24501,24507
24507,24516
24507,24528
24507,24531
24516,24528
24528,24531
24528,24546
24528,24552
24528,24556
24531,24546
24531,24552
24531,24556
24546,24552
24552,24556
24552,24578
24552,24587
24552,24590
24552,24596
24556,24578
24578,24587
24587,24590
24587,24596
24590,24596
24590,24602
24590,24605
24590,24610
24590,24618
24590,24626
24596,24602
24596,24605
24596,24610
24602,24605
24605,24610
24605,24618
24610,24618
24618,24626
24618,24629
24618,24642
24618,24645
24626,24629
24629,24642
24642,24645
24645,24649
24645,24650
24645,24656
24645,24657
24645,24660
24649,24650
24649,24656
24650,24656
24656,24657
24656,24660
24657,24660
24660,24664
24660,24666
24664,24666
24664,24670
24664,24672
24664,24674
24664,24675
24666,24670
24666,24672
24670,24672
24672,24674
24672,24675
24672,24679
24674,24675
24674,24679
24674,24686
24674,24689
24675,24679
24679,24686
24686,24689
24689,24690
24690,24691
24690,24697
24691,24697
24697,24702
24702,24713
24713,24718
24713,24719
24718,24719
24718,24720
24719,24720
24720,24722
24722,24731
24722,24734
24722,24737
24722,24748
24722,24749
24722,24759
24722,24765
24731,24734
24734,24737
24734,24748
24734,24749
24737,24748
24737,24749
24748,24749
24749,24759
24759,24765
24759,24767
24759,24782
24759,24787
24765,24767
24765,24782
24765,24787
24765,24796
24767,24782
24782,24787
24782,24796
24782,24799
24782,24805
24782,24808
24787,24796
24796,24799
24799,24805
24799,24808
24799,24821
24805,24808
24805,24821
24805,24830
24805,24833
24805,24844
24808,24821
24808,24830
24808,24833
24821,24830
24821,24833
24830,24833
24830,24844
24830,24845
24833,24844
24833,24845
24833,24855
24833,24862
24833,24872
24833,24885
24844,24845
24844,24855
24844,24862
24845,24855
24845,24862
24855,24862
24862,24872
24872,24885
24885,24895
24895,24900
24895,24903
24895,24906
24895,24911
24895,24913
24900,24903
24903,24906
24906,24911
24911,24913
24911,24920
24911,24922
24913,24920
24920,24922
24922,24928
24928,24938
24938,24942
24938,24951
24938,24953
24938,24967
24938,24973
24942,24951
24951,24953
24953,24967
24967,24973
24967,24974
24967,24976
24973,24974
24973,24976
24973,24980
24973,24982
24973,24987
24974,24976
24974,24980
24974,24982
24974,24987
24974,24994
24976,24980
24980,24982
24982,24987
24982,24994
24982,24997
24982,25005
24982,25008
24987,24994
24994,24997
24994,25005
24994,25008
24997,25005
25005,25008
25005,25010
25008,25010
25008,25011
25010,25011
25011,25014
25011,25025
25011,25028
25014,25025
25014,25028
25025,25028
25028,25032
25032,25039
25032,25042
25039,25042
25042,25046
25046,25048
25048,25052
25052,25059
25059,25061
25059,25062
25061,25062
25061,25066
25062,25066
25062,25068
25066,25068
25068,25074
25068,25075
25068,25086
25074,25075
25075,25086
25075,25087
25086,25087
25086,25090
25087,25090
25087,25093
25087,25105
25087,25108
25090,25093
25093,25105
25093,25108
25105,25108
25108,25109
25108,25111
25108,25113
25109,25111
25111,25113
25111,25122
25111,25125
25111,25126
25111,25127
25111,25128
25113,25122
25122,25125
25122,25126
25125,25126
25126,25127
25126,25128
25126,25131
25126,25144
25127,25128
25127,25131
25127,25144
25127,25150
25128,25131
25128,25144
25128,25150
25131,25144
25144,25150
25144,25151
25150,25151
25151,25153
25151,25155
25151,25158
25153,25155
25153,25158
25155,25158
25155,25159
25155,25171
25158,25159
25159,25171
25171,25172
25172,25177
25172,25179
25172,25200
25172,25201
25177,25179
25177,25200
25177,25201
25179,25200
25200,25201
25200,25203
25200,25212
25201,25203
25201,25212
25201,25213
25201,25223
25203,25212
25203,25213
25203,25223
25203,25237
25212,25213
25212,25223
25212,25237
25213,25223
25223,25237
25237,25241
25241,25244
25241,25247
25244,25247
25244,25258
25244,25261
25244,25262
25244,25264
25247,25258
25247,25261
25258,25261
25261,25262
25262,25264
25264,25266
25266,25268
25266,25275
25266,25277
25268,25275
25268,25277
25268,25278
25275,25277
25277,25278
25277,25280
25277,25283
25277,25286
25278,25280
25278,25283
25280,25283
25283,25286
25283,25288
25286,25288
25286,25290
25286,25291
25288,25290
25288,25291
25290,25291
25291,25297
25297,25299
25297,25305
25297,25306
25297,25308
25297,25314
25299,25305
25299,25306
25305,25306
25305,25308
25306,25308
25308,25314
25314,25317
25317,25319
25319,25320
25319,25326
25320,25326
25320,25327
25326,25327
25326,25342
25327,25342
25342,25353
25353,25357
25353,25358
25353,25363
25357,25358
25358,25363
25363,25364
25363,25366
25363,25369
25363,25374
25363,25375
25364,25366
25366,25369
25369,25374
25369,25375
25369,25381
25369,25384
25374,25375
25375,25381
25375,25384
25375,25389
25375,25392
25375,25394
25375,25396
25381,25384
25384,25389
25389,25392
25392,25394
25394,25396
25396,25400
25396,25402
25400,25402
25402,25403
25402,25404
25402,25407
25402,25408
25403,25404
25403,25407
25404,25407
25407,25408
25407,25409
25407,25410
25407,25415
25408,25409
25408,25410
25408,25415
25408,25418
25409,25410
25409,25415
25409,25418
25410,25415
25410,25418
25415,25418
25415,25426
25415,25430
25415,25439
25415,25440
25415,25441
25418,25426
25426,25430
25430,25439
25430,25440
25430,25441
25439,25440
25440,25441
25441,25450
25450,25466
25466,25469
25469,25473
25469,25475
25469,25476
25473,25475
25473,25476
25473,25484
25475,25476
25475,25484
25476,25484
25484,25486
25484,25505
25484,25506
25484,25507
25484,25511
25486,25505
25486,25506
25486,25507
25486,25511
25505,25506
25506,25507
25507,25511
25507,25513
25511,25513
25511,25521
25511,25528
25513,25521
25521,25528
25521,25529
25528,25529
25528,25530
25528,25534
25529,25530
25530,25534
25530,25536
25534,25536
25536,25539
25536,25542
25539,25542
25539,25543
25539,25547
25539,25553
25542,25543
25542,25547
25543,25547
25547,25553
25553,25562
25553,25567
25553,25572
25562,25567
25562,25572
25567,25572
25572,25584
25572,25586
25572,25595
25584,25586
25584,25595
25584,25598
25584,25604
25586,25595
25586,25598
25595,25598
25598,25604
25598,25609
25598,25614
25604,25609
25604,25614
25604,25616
25604,25625
25609,25614
25614,25616
25616,25625
25616,25632
25616,25633
25616,25636
25616,25638
25625,25632
25632,25633
25632,25636
25633,25636
25633,25638
25633,25639
25636,25638
25636,25639
25636,25648
25638,25639
25638,25648
25638,25649
25638,25652
25638,25670
25638,25674
25639,25648
25648,25649
25649,25652
25649,25670
25649,25674
25649,25676
25652,25670
25652,25674
25670,25674
25674,25676
25674,25687
25676,25687
25687,25689
25689,25706
25689,25707
25689,25716
25689,25719
25689,25724
25689,25725
25689,25731
25706,25707
25707,25716
25716,25719
25716,25724
25716,25725
25716,25731
25716,25733
25716,25734
25716,25740
25719,25724
25724,25725
25725,25731
25731,25733
25731,25734
25731,25740
25733,25734
25734,25740
25734,25743
25734,25746
25740,25743
25740,25746
25740,25750
25740,25753
25743,25746
25743,25750
25746,25750
25746,25753
25746,25754
25750,25753
25750,25754
25750,25756
25750,25765
25753,25754
25753,25756
25753,25765
25753,25767
25753,25769
25754,25756
25756,25765
25756,25767
25756,25769
25765,25767
25767,25769
25767,25781
25767,25793
25769,25781
25769,25793
25769,25802
25781,25793
25781,25802
25793,25802
25802,25804
25802,25805
25804,25805
25805,25808
25808,25812
25812,25815
25812,25816
25815,25816
25816,25821
25816,25826
25816,25831
25821,25826
25821,25831
25821,25834
25821,25846
25821,25850
25826,25831
25831,25834
25834,25846
25834,25850
25834,25857
25834,25864
25846,25850
25846,25857
25850,25857
25857,25864
25857,25874
25857,25903
25864,25874
25864,25903
25864,25906
25874,25903
25903,25906
25906,25910
25910,25912
25912,25914
25914,25922
25922,25934
25922,25935
25934,25935
25935,25949
25949,25955
25955,25957
25957,25958
25958,25965
25958,25984
25965,25984
25984,25985
25984,25987
25985,25987
25987,25991
25991,25995
25995,25998
25998,26002
26002,26003
26003,26014
26003,26017
26003,26019
26014,26017
26017,26019
26017,26023
26019,26023
26023,26024
26023,26025
26023,26027
26023,26030
26023,26042
26024,26025
26025,26027
26025,26030
26025,26042
26025,26043
26025,26046
26027,26030
26030,26042
26030,26043
26042,26043
26042,26046
26043,26046
26043,26056
26046,26056
26046,26063
26056,26063
26063,26065
26065,26068
26065,26072
26068,26072
26068,26075
26068,26076
26072,26075
26075,26076
26076,26080
26080,26081
26080,26089
26081,26089
26081,26101
26089,26101
26089,26105
26089,26119
26089,26121
26101,26105
26101,26119
26101,26121
26101,26124
26105,26119
26105,26121
26105,26124
26119,26121
26119,26124
26119,26125
26121,26124
26124,26125
26125,26128
26125,26133
26125,26139
26128,26133
26133,26139
26133,26146
26133,26147
26139,26146
26146,26147
26147,26161
26147,26167
26147,26175
26161,26167
26161,26175
26161,26181
26167,26175
26167,26181
26167,26182
26167,26186
26167,26189
26167,26191
26167,26192
26175,26181
26175,26182
26175,26186
26175,26189
26175,26191
26181,26182
26182,26186
26182,26189
26182,26191
26186,26189
26189,26191
26189,26192
26191,26192
26192,26215
26215,26217
26217,26226
26226,26229
26226,26234
26226,26237
26226,26240
26229,26234
26229,26237
26229,26240
26234,26237
26234,26240
26237,26240
26240,26250
26250,26251
26251,26254
26254,26257
26254,26263
26254,26274
26254,26276
26257,26263
26257,26274
26257,26276
26257,26280
26257,26282
26257,26285
26263,26274
26274,26276
26276,26280
26280,26282
26282,26285
26285,26291
26285,26293
26285,26294
26291,26293
26291,26294
26293,26294
26293,26299
26294,26299
26299,26306
26299,26310
26299,26317
26306,26310
26310,26317
26310,26324
26310,26334
26310,26335
26317,26324
26324,26334
26324,26335
26324,26343
26334,26335
26334,26343
26334,26344
26335,26343
26343,26344
26343,26347
26344,26347
26347,26348
26347,26350
26348,26350
26350,26352
26352,26361
26352,26362
26361,26362
26362,26363
26362,26372
26363,26372
26372,26376
26376,26379
26379,26389
26379,26398
26389,26398
26389,26400
26389,26402
26398,26400
26398,26402
26400,26402
26402,26404
26402,26408
26404,26408
26404,26412
26404,26416
26404,26422
26404,26425
26404,26437
26408,26412
26412,26416
26416,26422
26416,26425
26416,26437
26416,26439
26422,26425
26425,26437
26425,26439
26425,26453
26437,26439
26437,26453
26439,26453
26453,26455
26453,26461
26455,26461
26455,26465
26461,26465
26461,26469
26461,26471
26465,26469
26469,26471
26469,26475
26469,26490
26469,26491
26471,26475
26471,26490
26471,26491
26475,26490
26475,26491
26490,26491
26490,26500
26490,26514
26491,26500
26500,26514
26514,26517
26514,26522
26517,26522
26517,26524
26522,26524
26522,26525
26522,26527
26522,26530
26522,26532
26524,26525
26524,26527
26524,26530
26525,26527
26525,26530
26525,26532
26525,26533
26527,26530
26527,26532
26530,26532
26530,26533
26530,26535
26530,26538
26532,26533
26532,26535
26532,26538
26532,26539
26533,26535
26533,26538
26535,26538
26538,26539
26539,26549
26539,26550
26549,26550
26549,26551
26549,26554
26549,26562
26550,26551
26550,26554
26550,26562
26551,26554
26554,26562
26562,26568
26568,26571
26571,26572
26571,26573
26571,26580
26572,26573
26573,26580
26580,26593
26593,26599
26593,26605
26593,26607
26593,26608
26593,26611
26599,26605
26605,26607
26605,26608
26607,26608
26608,26611
26608,26623
26611,26623
26611,26624
26623,26624
26624,26629
26624,26630
26624,26635
26629,26630
26630,26635
26630,26640
26630,26643
26635,26640
26640,26643
26640,26644
26643,26644
26644,26659
26644,26665
26644,26672
26659,26665
26659,26672
26665,26672
26665,26674
26665,26677
26665,26683
26665,26687
26665,26697
26672,26674
26674,26677
26674,26683
26677,26683
26683,26687
26687,26697
26697,26699
26697,26700
26697,26702
26699,26700
26699,26702
26699,26703
26700,26702
26702,26703
26702,26706
26702,26708
26702,26712
26703,26706
26706,26708
26706,26712
26706,26714
26706,26715
26708,26712
26712,26714
26714,26715
26714,26718
26714,26721
26714,26724
26714,26725
26715,26718
26715,26721
26718,26721
26718,26724
26718,26725
26718,26738
26721,26724
26721,26725
26724,26725
26724,26738
26725,26738
26725,26741
26725,26744
26725,26746
26738,26741
26738,26744
26741,26744
26744,26746
26744,26753
26744,26756
26746,26753
26753,26756
26756,26759
26756,26762
26756,26766
26756,26771
26756,26773
26759,26762
26759,26766
26759,26771
26762,26766
26766,26771
26771,26773
26773,26777
26773,26780
26773,26787
26773,26794
26777,26780
26777,26787
26780,26787
26787,26794
26787,26800
26787,26806
26787,26809
26794,26800
26800,26806
26800,26809
26800,26813
26800,26836
26806,26809
26806,26813
26806,26836
26806,26841
26809,26813
26809,26836
26809,26841
26809,26844
26813,26836
26836,26841
26841,26844
26844,26858
26844,26859
26844,26874
26844,26880
26844,26881
26858,26859
26858,26874
26858,26880
26858,26881
26858,26884
26859,26874
26874,26880
26880,26881
26880,26884
26880,26890
26880,26899
26881,26884
26881,26890
26881,26899
26881,26911
26881,26913
26884,26890
26884,26899
26890,26899
26890,26911
26890,26913
26890,26918
26890,26919
26899,26911
26911,26913
26911,26918
26913,26918
26913,26919
26913,26927
26913,26931
26918,26919
26919,26927
26927,26931
26927,26932
26931,26932
26932,26939
26939,26943
26943,26948
26948,26950
26950,26954
26954,26956
26954,26964
26956,26964
26964,26977
26964,26989
26964,26994
26964,26996
26977,26989
26977,26994
26989,26994
26994,26996
26996,26999
26999,27005
27005,27013
27005,27019
27013,27019
27019,27021
27019,27023
27019,27026
27021,27023
27023,27026
27026,27038
27038,27040
27040,27043
27043,27044
27043,27045
27043,27046
27043,27049
27043,27056
27044,27045
27044,27046
27044,27049
27044,27056
27045,27046
27045,27049
27045,27056
27045,27070
27046,27049
27046,27056
27046,27070
27046,27073
27049,27056
27056,27070
27056,27073
27056,27081
27070,27073
27073,27081
27081,27087
27081,27088
27081,27105
27081,27108
27081,27109
27087,27088
27087,27105
27087,27108
27088,27105
27105,27108
27105,27109
27105,27111
27108,27109
27109,27111
27111,27117
27117,27121
27117,27122
27117,27127
27117,27131
27117,27135
27121,27122
27122,27127
27127,27131
27127,27135
27127,27136
27131,27135
27131,27136
27131,27137
27135,27136
27136,27137
27136,27143
27136,27144
27136,27150
27136,27154
27137,27143
27143,27144
27143,27150
27143,27154
27143,27165
27143,27167
27144,27150
27150,27154
27150,27165
27150,27167
27154,27165
27165,27167
27165,27170
27165,27174
27165,27184
27167,27170
27167,27174
27167,27184
27167,27186
27170,27174
27170,27184
27174,27184
27184,27186
27186,27192
27192,27201
27201,27206
27201,27216
27206,27216
27206,27218
27206,27221
27216,27218
27218,27221
27218,27222
27218,27227
27221,27222
27222,27227
27222,27232
27227,27232
27227,27246
27232,27246
27232,27247
27232,27256
27246,27247
27246,27256
27247,27256
27247,27260
27247,27261
27247,27264
27256,27260
27256,27261
27260,27261
27260,27264
27260,27266
27260,27270
27261,27264
27264,27266
27264,27270
27264,27271
27266,27270
27270,27271
27270,27276
27270,27277
27270,27281
27271,27276
27271,27277
27276,27277
27277,27281
27277,27293
27277,27295
27277,27296
27281,27293
27293,27295
27293,27296
27295,27296
27296,27298
27298,27312
27312,27324
27324,27326
27324,27328
27326,27328
27326,27329
27326,27337
27326,27340
27328,27329
27329,27337
27329,27340
27329,27341
27329,27343
27337,27340
27340,27341
27341,27343
27343,27346
27346,27348
27346,27358
27346,27367
27346,27378
27348,27358
27358,27367
27358,27378
27358,27384
27367,27378
27378,27384
27384,27385
27385,27399
27385,27401
27399,27401
27401,27403
27403,27404
27404,27411
27404,27421
27411,27421
27421,27429
27421,27431
27421,27434
27429,27431
27431,27434
27434,27439
27434,27447
27434,27448
27434,27457
27439,27447
27439,27448
27439,27457
27439,27458
27447,27448
27448,27457
27457,27458
