3,11
3,27447
3,27457
3,27458
11,25
11,27458
25,28
25,36
25,44
28,36
36,44
36,45
44,45
44,56
44,57
45,56
56,57
57,58
57,62
58,62
62,63
63,66
66,69
69,72
69,79
69,87
69,93
69,95
72,79
72,87
72,93
72,95
79,87
87,93
87,95
93,95
95,97
95,102
97,102
97,107
102,107
107,117
107,121
107,127
117,121
117,127
121,127
127,129
127,133
127,135
129,133
133,135
135,148
148,150
148,151
148,154
148,155
150,151
150,154
151,154
154,155
154,163
155,163
155,165
155,168
163,165
165,168
165,175
165,176
168,175
175,176
176,184
184,191
191,196
191,197
191,203
196,197
196,203
196,208
197,203
197,208
203,208
203,211
203,215
208,211
211,215
215,216
216,218
218,219
218,227
218,229
218,230
218,234
219,227
219,229
227,229
229,230
230,234
234,235
235,239
239,244
244,247
247,249
247,255
247,257
247,278
247,279
249,255
249,257
255,257
255,278
255,279
257,278
278,279
278,282
278,299
279,282
279,299
279,302
282,299
299,302
302,304
304,309
309,311
311,312
311,316
311,322
311,326
311,331
312,316
312,322
316,322
316,326
316,331
316,334
316,337
316,341
322,326
326,331
326,334
331,334
331,337
334,337
337,341
337,351
337,353
341,351
341,353
341,355
341,356
351,353
353,355
353,356
353,357
355,356
356,357
356,363
357,363
357,364
363,364
364,367
367,371
367,378
367,379
367,396
367,397
367,398
371,378
371,379
378,379
378,396
378,397
378,398
379,396
379,397
379,398
396,397
396,398
396,403
396,412
397,398
398,403
403,412
412,414
412,416
414,416
416,418
418,420
418,422
418,425
420,422
422,425
425,427
425,430
425,434
427,430
430,434
430,439
434,439
434,445
439,445
445,460
445,462
445,464
445,472
445,483
460,462
460,464
462,464
462,472
464,472
472,483
472,488
472,492
483,488
483,492
488,492
488,494
488,501
488,503
488,509
492,494
492,501
492,503
492,509
494,501
501,503
503,509
509,512
512,516
516,519
516,522
516,533
516,534
519,522
522,533
533,534
533,547
533,551
533,553
534,547
547,551
547,553
547,559
551,553
551,559
551,562
551,565
551,567
551,575
551,577
551,591
553,559
559,562
559,565
559,567
562,565
562,567
562,575
562,577
562,591
565,567
565,575
565,577
565,591
565,599
567,575
567,577
567,591
567,599
575,577
575,591
575,599
577,591
577,599
591,599
599,607
607,614
614,621
614,627
621,627
621,635
627,635
627,638
627,640
627,643
627,646
635,638
638,640
638,643
638,646
640,643
643,646
643,647
643,648
646,647
647,648
647,651
647,656
647,659
648,651
651,656
651,659
656,659
656,664
659,664
664,665
664,666
664,667
664,668
664,669
665,666
666,667
667,668
668,669
668,678
668,680
668,690
668,691
668,693
669,678
669,680
678,680
680,690
690,691
690,693
690,697
690,701
691,693
691,697
691,701
691,718
693,697
697,701
701,718
701,721
718,721
721,724
724,734
724,735
724,737
734,735
735,737
735,739
737,739
739,745
739,749
739,752
739,756
745,749
745,752
745,756
749,752
749,756
749,761
749,763
749,768
752,756
752,761
752,763
752,768
752,779
756,761
761,763
763,768
763,779
763,786
768,779
779,786
786,796
796,806
806,811
806,823
811,823
811,828
811,829
811,830
823,828
823,829
823,830
823,848
828,829
829,830
829,848
829,849
829,853
829,855
830,848
848,849
848,853
848,855
848,857
849,853
849,855
853,855
853,857
853,862
853,867
853,873
855,857
857,862
862,867
867,873
873,874
874,875
874,877
874,882
875,877
875,882
875,887
877,882
877,887
877,891
882,887
887,891
887,896
887,897
887,909
891,896
896,897
896,909
897,909
909,910
910,923
910,925
923,925
923,926
925,926
926,938
926,940
926,945
926,947
938,940
938,945
938,947
938,948
940,945
940,947
945,947
945,948
947,948
947,954
948,954
948,956
954,956
956,958
956,959
958,959
958,966
958,968
959,966
959,968
959,977
966,968
968,977
977,980
980,986
980,989
980,993
980,999
986,989
986,993
986,999
986,1003
986,1007
986,1008
989,993
993,999
999,1003
1003,1007
1003,1008
1007,1008
1008,1010
1010,1014
1014,1021
1021,1025
1025,1027
1025,1031
1025,1036
1027,1031
1031,1036
1031,1045
1031,1054
1036,1045
1036,1054
1036,1060
1036,1065
1045,1054
1045,1060
1045,1065
1054,1060
1060,1065
1060,1070
1060,1077
1060,1078
1060,1091
1060,1095
1065,1070
1065,1077
1070,1077
1077,1078
1077,1091
1078,1091
1078,1095
1078,1096
1091,1095
1095,1096
1095,1098
1096,1098
1096,1102
1098,1102
1102,1104
1102,1115
1102,1116
1102,1118
1104,1115
1104,1116
1115,1116
1115,1118
1115,1119
1116,1118
1118,1119
1118,1122
1118,1123
1118,1130
1118,1142
1119,1122
1119,1123
1119,1130
1119,1142
1122,1123
1123,1130
1130,1142
1130,1143
1142,1143
1143,1145
1145,1147
1147,1148
1148,1150
1150,1156
1150,1158
1150,1160
1150,1161
1150,1166
1150,1167
1150,1170
1156,1158
1156,1160
1156,1161
1156,1166
1158,1160
1158,1161
1158,1166
1160,1161
1160,1166
1161,1166
1166,1167
1166,1170
1167,1170
1167,1171
1167,1181
1170,1171
1170,1181
1170,1182
1171,1181
1181,1182
1182,1186
1182,1188
1182,1194
1186,1188
1188,1194
1194,1195
1194,1197
1194,1202
1194,1204
1195,1197
1197,1202
1197,1204
1197,1226
1197,1227
1197,1230
1202,1204
1202,1226
1202,1227
1202,1230
1202,1233
1204,1226
1226,1227
1227,1230
1227,1233
1230,1233
1233,1239
1233,1250
1233,1253
1233,1262
1239,1250
1239,1253
1239,1262
1239,1266
1250,1253
1250,1262
1253,1262
1262,1266
1266,1273
1273,1276
1276,1285
1276,1291
1285,1291
1291,1293
1291,1297
1291,1299
1291,1305
1293,1297
1293,1299
1297,1299
1299,1305
1299,1306
1299,1316
1299,1324
1299,1326
1305,1306
1306,1316
1306,1324
1306,1326
1306,1333
1306,1335
1306,1338
1316,1324
1324,1326
1326,1333
1326,1335
1333,1335
1335,1338
1335,1348
1338,1348
1338,1358
1338,1361
1348,1358
1358,1361
1361,1369
1361,1384
1361,1385
1369,1384
1384,1385
1384,1391
1384,1394
1384,1411
1384,1417
1385,1391
1391,1394
1394,1411
1394,1417
1411,1417
1411,1420
1411,1426
1411,1429
1417,1420
1417,1426
1417,1429
1417,1434
1417,1445
1420,1426
1426,1429
1426,1434
1426,1445
1426,1446
1426,1452
1429,1434
1429,1445
1434,1445
1434,1446
1445,1446
1446,1452
1452,1454
1452,1457
1454,1457
1457,1458
1457,1462
1457,1469
1457,1473
1458,1462
1462,1469
1469,1473
1473,1475
1473,1478
1473,1489
1473,1495
1473,1497
1473,1500
1473,1506
1475,1478
1475,1489
1475,1495
1475,1497
1478,1489
1478,1495
1489,1495
1495,1497
1495,1500
1497,1500
1497,1506
1497,1516
1500,1506
1500,1516
1500,1529
1500,1537
1500,1539
1506,1516
1516,1529
1516,1537
1529,1537
1529,1539
1529,1541
1529,1545
1537,1539
1537,1541
1539,1541
1541,1545
1541,1548
1545,1548
1548,1549
1548,1551
1548,1552
1549,1551
1549,1552
1551,1552
1552,1553
1552,1554
1552,1558
1552,1564
1553,1554
1554,1558
1554,1564
1554,1565
1558,1564
1564,1565
1565,1567
1567,1578
1567,1582
1578,1582
1578,1588
1582,1588
1588,1590
1590,1604
1604,1605
1604,1612
1604,1615
1604,1624
1604,1626
1605,1612
1612,1615
1615,1624
1615,1626
1624,1626
1626,1629
1629,1647
1647,1648
1647,1650
1647,1653
1648,1650
1650,1653
1653,1659
1653,1664
1653,1665
1659,1664
1659,1665
1659,1666
1659,1668
1664,1665
1664,1666
1665,1666
1665,1668
1666,1668
1668,1677
1668,1681
1677,1681
1681,1684
1681,1686
1684,1686
1684,1688
1684,1690
1684,1700
1686,1688
1686,1690
1686,1700
1686,1709
1686,1711
1688,1690
1690,1700
1690,1709
1690,1711
1700,1709
1700,1711
1700,1713
1700,1720
1709,1711
1709,1713
1709,1720
1709,1721
1711,1713
1711,1720
1713,1720
1713,1721
1713,1725
1713,1744
1713,1772
1720,1721
1720,1725
1721,1725
1721,1744
1725,1744
1744,1772
1744,1780
1744,1781
1744,1782
1744,1785
1772,1780
1772,1781
1772,1782
1780,1781
1780,1782
1780,1785
1780,1787
1781,1782
1782,1785
1782,1787
1785,1787
1787,1791
1787,1796
1791,1796
1796,1798
1796,1799
1796,1807
1798,1799
1799,1807
1807,1810
1810,1811
1811,1815
1811,1821
1815,1821
1815,1823
1815,1829
1821,1823
1821,1829
1821,1831
1821,1838
1821,1854
1823,1829
1829,1831
1831,1838
1831,1854
1831,1860
1831,1867
1838,1854
1838,1860
1854,1860
1860,1867
1860,1870
1860,1873
1867,1870
1870,1873
1870,1877
1870,1878
1873,1877
1873,1878
1873,1881
1877,1878
1878,1881
1881,1882
1882,1888
1888,1892
1888,1893
1892,1893
1892,1894
1893,1894
1894,1896
1894,1903
1894,1908
1896,1903
1903,1908
1908,1910
1910,1916
1916,1917
1916,1921
1916,1922
1916,1941
1917,1921
1921,1922
1921,1941
1921,1942
1922,1941
1941,1942
1942,1947
1947,1954
1947,1962
1954,1962
1962,1971
1971,1972
1972,1977
1977,1990
1990,1995
1990,1998
1995,1998
1995,1999
1995,2002
1998,1999
1998,2002
1998,2004
1999,2002
1999,2004
1999,2009
1999,2014
1999,2015
2002,2004
2002,2009
2002,2014
2002,2015
2004,2009
2004,2014
2004,2015
2004,2018
2004,2020
2009,2014
2014,2015
2014,2018
2015,2018
2018,2020
2018,2024
2018,2028
2020,2024
2024,2028
2024,2033
2028,2033
2033,2035
2033,2041
2035,2041
2035,2044
2035,2058
2035,2065
2041,2044
2041,2058
2041,2065
2041,2067
2044,2058
2058,2065
2065,2067
2067,2071
2067,2078
2071,2078
2078,2079
2078,2081
2079,2081
2081,2087
2087,2091
2091,2106
2106,2111
2111,2119
2119,2127
2119,2130
2127,2130
2130,2134
2134,2135
2134,2137
2135,2137
2135,2146
2137,2146
2146,2154
2146,2160
2146,2168
2154,2160
2154,2168
2154,2173
2160,2168
2168,2173
2173,2175
2175,2192
2175,2200
2175,2201
2192,2200
2200,2201
2200,2207
2200,2211
2201,2207
2207,2211
2211,2212
2212,2214
2214,2226
2214,2228
2214,2229
2226,2228
2226,2229
2228,2229
2228,2230
2228,2243
2229,2230
2229,2243
2229,2244
2230,2243
2230,2244
2230,2256
2243,2244
2243,2256
2243,2261
2244,2256
2244,2261
2256,2261
2256,2266
2261,2266
2261,2270
2261,2271
2266,2270
2266,2271
2266,2275
2266,2291
2270,2271
2270,2275
2270,2291
2271,2275
2271,2291
2275,2291
2291,2298
2298,2300
2300,2302
2302,2307
2307,2318
2307,2322
2318,2322
2322,2326
2322,2331
2322,2332
2326,2331
2331,2332
2332,2342
2342,2349
2342,2353
2342,2354
2342,2365
2349,2353
2353,2354
2354,2365
2365,2366
2365,2370
2366,2370
2366,2384
2366,2403
2366,2404
2366,2410
2370,2384
2384,2403
2384,2404
2403,2404
2404,2410
2410,2419
2410,2428
2419,2428
2428,2436
2428,2437
2428,2440
2428,2441
2428,2445
2436,2437
2436,2440
2436,2441
2437,2440
2440,2441
2441,2445
2441,2447
2441,2449
2441,2450
2441,2459
2445,2447
2445,2449
2447,2449
2449,2450
2450,2459
2459,2462
2462,2463
2463,2467
2467,2478
2478,2482
2482,2487
2482,2491
2487,2491
2491,2494
2491,2503
2494,2503
2503,2517
2517,2518
2517,2524
2517,2527
2518,2524
2518,2527
2518,2529
2518,2533
2518,2536
2524,2527
2527,2529
2529,2533
2529,2536
2529,2546
2529,2548
2533,2536
2533,2546
2533,2548
2533,2550
2533,2554
2536,2546
2536,2548
2546,2548
2548,2550
2550,2554
2550,2560
2550,2564
2554,2560
2560,2564
2564,2566
2566,2576
2576,2578
2576,2580
2576,2586
2578,2580
2578,2586
2580,2586
2586,2592
2592,2595
2595,2606
2595,2608
2606,2608
2608,2613
2608,2618
2613,2618
2618,2621
2621,2626
2626,2631
2626,2636
2631,2636
2631,2643
2631,2649
2631,2651
2631,2655
2636,2643
2643,2649
2649,2651
2651,2655
2651,2656
2651,2661
2651,2671
2651,2675
2651,2680
2655,2656
2656,2661
2661,2671
2661,2675
2671,2675
2671,2680
2675,2680
2680,2685
2685,2692
2692,2696
2692,2700
2692,2708
2692,2712
2696,2700
2696,2708
2696,2712
2696,2714
2700,2708
2700,2712
2708,2712
2712,2714
2714,2717
2717,2721
2721,2724
2721,2725
2721,2727
2724,2725
2724,2727
2724,2731
2724,2737
2725,2727
2727,2731
2731,2737
2731,2740
2731,2741
2737,2740
2740,2741
2741,2742
2741,2749
2741,2753
2741,2755
2741,2765
2742,2749
2749,2753
2753,2755
2755,2765
2755,2766
2765,2766
2765,2768
2765,2770
2765,2778
2765,2780
2765,2785
2765,2791
2765,2792
2766,2768
2766,2770
2766,2778
2766,2780
2766,2785
2768,2770
2768,2778
2770,2778
2778,2780
2778,2785
2778,2791
2780,2785
2785,2791
2791,2792
2791,2819
2792,2819
2792,2820
2792,2824
2792,2825
2792,2826
2792,2838
2819,2820
2820,2824
2824,2825
2824,2826
2825,2826
2825,2838
2826,2838
2838,2844
2844,2847
2847,2849
2849,2850
2850,2880
2850,2885
2850,2904
2880,2885
2885,2904
2904,2906
2904,2913
2904,2916
2906,2913
2906,2916
2913,2916
2913,2917
2916,2917
2917,2920
2917,2921
2917,2923
2917,2929
2917,2932
2920,2921
2921,2923
2923,2929
2923,2932
2923,2944
2929,2932
2929,2944
2929,2945
2929,2951
2932,2944
2944,2945
2944,2951
2944,2952
2944,2971
2945,2951
2945,2952
2945,2971
2951,2952
2951,2971
2951,2980
2951,2983
2951,2986
2952,2971
2971,2980
2980,2983
2980,2986
2980,2994
2980,3001
2980,3002
2980,3007
2980,3015
2983,2986
2986,2994
2986,3001
2986,3002
2994,3001
3001,3002
3002,3007
3007,3015
3007,3023
3007,3034
3015,3023
3023,3034
3023,3037
3023,3039
3023,3044
3023,3046
3034,3037
3034,3039
3034,3044
3037,3039
3037,3044
3037,3046
3037,3048
3039,3044
3044,3046
3044,3048
3044,3049
3044,3051
3046,3048
3048,3049
3049,3051
3049,3055
3051,3055
3055,3068
3055,3070
3055,3073
3068,3070
3070,3073
3070,3074
3073,3074
3073,3076
3074,3076
3074,3081
3074,3085
3076,3081
3081,3085
3081,3109
3085,3109
3085,3112
3085,3113
3085,3124
3109,3112
3112,3113
3112,3124
3112,3131
3112,3134
3112,3135
3112,3149
3112,3151
3112,3152
3112,3159
3113,3124
3113,3131
3113,3134
3124,3131
3131,3134
3131,3135
3134,3135
3135,3149
3135,3151
3135,3152
3135,3159
3149,3151
3151,3152
3151,3159
3151,3175
3152,3159
3159,3175
3175,3178
3175,3185
3175,3193
3178,3185
3178,3193
3185,3193
3185,3194
3185,3201
3185,3202
3185,3204
3185,3205
3193,3194
3193,3201
3193,3202
3193,3204
3193,3205
3194,3201
3194,3202
3201,3202
3201,3204
3201,3205
3202,3204
3202,3205
3202,3209
3202,3214
3202,3216
3204,3205
3204,3209
3204,3214
3204,3216
3205,3209
3209,3214
3209,3216
3209,3217
3214,3216
3216,3217
3216,3220
3216,3222
3217,3220
3217,3222
3217,3225
3220,3222
3220,3225
3222,3225
3222,3228
3225,3228
3225,3232
3228,3232
3232,3234
3232,3235
3232,3241
3232,3244
3232,3251
3234,3235
3235,3241
3241,3244
3241,3251
3241,3252
3244,3251
3244,3252
3251,3252
3251,3255
3251,3262
3252,3255
3255,3262
3255,3268
3262,3268
3262,3271
3262,3274
3268,3271
3271,3274
3274,3276
3274,3285
3274,3286
3274,3302
3276,3285
3285,3286
3286,3302
3302,3315
3315,3324
3324,3339
3324,3341
3324,3350
3324,3356
3324,3368
3339,3341
3339,3350
3339,3356
3339,3368
3341,3350
3350,3356
3356,3368
3356,3374
3356,3375
3356,3405
3368,3374
3374,3375
3374,3405
3375,3405
3405,3416
3405,3418
3405,3419
3416,3418
3418,3419
3419,3420
3420,3423
3420,3426
3420,3427
3420,3430
3423,3426
3423,3427
3423,3430
3423,3440
3423,3448
3426,3427
3427,3430
3430,3440
3430,3448
3440,3448
3448,3449
3449,3450
3449,3464
3449,3478
3450,3464
3464,3478
3464,3482
3464,3484
3478,3482
3478,3484
3482,3484
3484,3488
3484,3490
3484,3491
3488,3490
3490,3491
3491,3495
3491,3496
3495,3496
3496,3505
3505,3508
3508,3509
3508,3510
3509,3510
3510,3520
3520,3521
3521,3524
3524,3526
3524,3527
3526,3527
3526,3528
3526,3540
3527,3528
3527,3540
3527,3542
3528,3540
3528,3542
3528,3546
3540,3542
3542,3546
3542,3549
3546,3549
3546,3554
3549,3554
3554,3556
3556,3567
3567,3573
3573,3574
3573,3577
3573,3578
3573,3592
3574,3577
3574,3578
3574,3592
3574,3597
3574,3601
3577,3578
3578,3592
3578,3597
3578,3601
3578,3604
3578,3610
3578,3612
3592,3597
3597,3601
3597,3604
3601,3604
3601,3610
3601,3612
3604,3610
3604,3612
3604,3614
3610,3612
3612,3614
3614,3618
3618,3619
3619,3621
3621,3625
3625,3630
3630,3642
3642,3646
3646,3647
3647,3651
3647,3655
3647,3656
3647,3665
3647,3666
3651,3655
3651,3656
3655,3656
3656,3665
3665,3666
3665,3673
3665,3677
3665,3678
3666,3673
3673,3677
3677,3678
3678,3682
3678,3686
3678,3689
3682,3686
3686,3689
3686,3692
3686,3693
3689,3692
3689,3693
3689,3695
3689,3698
3692,3693
3693,3695
3695,3698
3698,3703
3703,3704
3704,3705
3705,3711
3711,3714
3714,3718
3718,3719
3719,3723
3719,3729
3723,3729
3723,3731
3723,3732
3723,3733
3723,3734
3723,3735
3729,3731
3729,3732
3729,3733
3731,3732
3732,3733
3732,3734
3733,3734
3734,3735
3734,3739
3734,3744
3734,3745
3734,3751
3735,3739
3735,3744
3735,3745
3735,3751
3735,3756
3735,3760
3735,3763
3739,3744
3739,3745
3739,3751
3744,3745
3745,3751
3745,3756
3745,3760
3745,3763
3751,3756
3751,3760
3751,3763
3756,3760
3756,3763
3756,3770
3760,3763
3763,3770
3770,3781
3781,3784
3784,3785
3785,3787
3785,3790
3785,3793
3785,3801
3787,3790
3790,3793
3790,3801
3790,3808
3793,3801
3801,3808
3808,3813
3813,3818
3813,3820
3813,3825
3813,3832
3813,3836
3818,3820
3820,3825
3820,3832
3820,3836
3825,3832
3825,3836
3825,3837
3832,3836
3832,3837
3832,3839
3832,3840
3832,3847
3832,3850
3836,3837
3836,3839
3836,3840
3836,3847
3837,3839
3839,3840
3839,3847
3839,3850
3839,3861
3839,3871
3839,3874
3840,3847
3847,3850
3847,3861
3847,3871
3850,3861
3850,3871
3850,3874
3850,3878
3861,3871
3861,3874
3861,3878
3871,3874
3871,3878
3871,3880
3874,3878
3874,3880
3878,3880
3880,3881
3881,3887
3881,3888
3881,3896
3887,3888
3888,3896
3888,3898
3896,3898
3896,3904
3896,3908
3896,3911
3896,3913
3898,3904
3898,3908
3898,3911
3898,3913
3898,3914
3904,3908
3908,3911
3911,3913
3913,3914
3914,3922
3922,3929
3922,3932
3929,3932
3932,3933
3933,3947
3933,3951
3933,3955
3933,3964
3947,3951
3951,3955
3955,3964
3955,3965
3964,3965
3965,3967
3965,3969
3965,3982
3965,3989
3965,3991
3965,3998
3965,4000
3967,3969
3969,3982
3982,3989
3982,3991
3989,3991
3989,3998
3989,4000
3989,4004
3989,4008
3991,3998
3998,4000
4000,4004
4000,4008
4004,4008
4008,4013
4008,4018
4013,4018
4018,4022
4022,4035
4035,4037
4035,4042
4035,4045
4037,4042
4037,4045
4037,4046
4042,4045
4045,4046
4046,4048
4048,4052
4048,4057
4052,4057
4052,4072
4052,4073
4052,4076
4052,4078
4057,4072
4057,4073
4057,4076
4057,4078
4072,4073
4073,4076
4076,4078
4076,4081
4076,4089
4078,4081
4078,4089
4078,4091
4081,4089
4081,4091
4081,4094
4081,4096
4081,4101
4089,4091
4089,4094
4091,4094
4094,4096
4094,4101
4094,4106
4096,4101
4096,4106
4101,4106
4101,4107
4101,4111
4101,4118
4101,4119
4106,4107
4106,4111
4107,4111
4107,4118
4111,4118
4111,4119
4118,4119
4118,4125
4118,4131
4119,4125
4119,4131
4119,4133
4125,4131
4125,4133
4125,4142
4125,4148
4125,4149
4125,4155
4125,4158
4131,4133
4133,4142
4133,4148
4142,4148
4142,4149
4142,4155
4142,4158
4142,4168
4148,4149
4149,4155
4155,4158
4158,4168
4158,4169
4158,4173
4158,4180
4158,4185
4158,4188
4168,4169
4168,4173
4168,4180
4168,4185
4169,4173
4173,4180
4173,4185
4180,4185
4185,4188
4188,4191
4188,4192
4191,4192
4191,4193
4192,4193
4192,4196
4192,4197
4192,4199
4193,4196
4196,4197
4196,4199
4196,4210
4197,4199
4197,4210
4197,4213
4199,4210
4199,4213
4199,4217
4199,4224
4210,4213
4213,4217
4213,4224
4213,4225
4213,4229
4217,4224
4217,4225
4217,4229
4217,4231
4224,4225
4224,4229
4224,4231
4224,4238
4224,4240
4224,4245
4225,4229
4229,4231
4231,4238
4238,4240
4240,4245
4245,4251
4251,4253
4251,4260
4251,4262
4251,4281
4251,4283
4253,4260
4253,4262
4253,4281
4260,4262
4260,4281
4262,4281
4262,4283
4281,4283
4281,4284
4281,4285
4281,4287
4281,4290
4281,4291
4283,4284
4283,4285
4284,4285
4284,4287
4285,4287
4285,4290
4287,4290
4287,4291
4287,4297
4287,4312
4287,4316
4290,4291
4290,4297
4290,4312
4290,4316
4291,4297
4291,4312
4291,4316
4297,4312
4312,4316
4312,4318
4312,4325
4312,4328
4316,4318
4316,4325
4318,4325
4318,4328
4325,4328
4325,4329
4328,4329
4329,4333
4333,4347
4347,4349
4349,4357
4349,4362
4357,4362
4357,4384
4357,4389
4357,4392
4357,4398
4357,4399
4362,4384
4384,4389
4389,4392
4389,4398
4389,4399
4389,4410
4389,4411
4392,4398
4398,4399
4398,4410
4399,4410
4399,4411
4410,4411
4410,4412
4411,4412
4411,4430
4412,4430
4430,4440
4440,4444
4444,4445
4444,4450
4444,4451
4445,4450
4450,4451
4451,4457
4457,4460
4460,4461
4461,4462
4462,4464
4464,4478
4478,4482
4482,4485
4485,4491
4491,4492
4491,4494
4491,4495
4492,4494
4494,4495
4495,4501
4501,4509
4509,4511
4509,4513
4511,4513
4511,4515
4511,4523
4511,4531
4513,4515
4515,4523
4523,4531
4531,4533
4533,4545
4545,4550
4550,4551
4551,4552
4552,4555
4552,4556
4555,4556
4556,4562
4562,4573
4573,4578
4573,4582
4573,4584
4578,4582
4582,4584
4582,4592
4582,4599
4584,4592
4592,4599
4599,4600
4599,4627
4600,4627
4600,4631
4627,4631
4631,4642
4631,4652
4631,4661
4642,4652
4652,4661
4652,4669
4652,4676
4661,4669
4661,4676
4669,4676
4676,4679
4679,4702
4679,4706
4679,4708
4702,4706
4702,4708
4706,4708
4706,4717
4706,4722
4706,4723
4708,4717
4708,4722
4708,4723
4717,4722
4717,4723
4722,4723
4723,4732
4723,4736
4732,4736
4736,4744
4744,4757
4757,4764
4764,4766
4766,4768
4766,4769
4768,4769
4769,4772
4772,4774
4772,4781
4772,4784
4772,4791
4774,4781
4774,4784
4774,4791
4781,4784
4781,4791
4784,4791
4791,4796
4796,4797
4796,4801
4796,4813
4796,4816
4796,4817
4797,4801
4797,4813
4797,4816
4797,4817
4801,4813
4813,4816
4816,4817
4816,4818
4816,4828
4817,4818
4817,4828
4817,4829
4818,4828
4828,4829
4828,4831
4829,4831
4829,4833
4831,4833
4831,4837
4831,4838
4833,4837
4837,4838
4838,4849
4838,4850
4849,4850
4850,4854
4854,4855
4855,4857
4857,4859
4859,4883
4859,4884
4859,4892
4883,4884
4884,4892
4884,4894
4884,4900
4884,4901
4884,4907
4892,4894
4892,4900
4892,4901
4892,4907
4892,4915
4894,4900
4894,4901
4900,4901
4900,4907
4901,4907
4901,4915
4901,4919
4907,4915
4915,4919
4919,4923
4923,4924
4924,4929
4929,4933
4929,4940
4929,4944
4933,4940
4940,4944
4944,4965
4944,4967
4965,4967
4965,4970
4967,4970
4970,4974
4970,4990
4970,4993
4974,4990
4974,4993
4974,4995
4990,4993
4993,4995
4995,5000
5000,5005
5005,5006
5006,5009
5009,5014
5009,5024
5009,5027
5014,5024
5014,5027
5014,5029
5014,5035
5024,5027
5027,5029
5029,5035
5035,5038
5038,5040
5038,5041
5038,5044
5040,5041
5041,5044
5041,5048
5041,5050
5044,5048
5048,5050
5048,5052
5048,5060
5048,5062
5048,5065
5048,5067
5050,5052
5052,5060
5052,5062
5052,5065
5052,5067
5052,5070
5052,5077
5060,5062
5060,5065
5062,5065
5062,5067
5065,5067
5067,5070
5070,5077
5077,5079
5077,5081
5077,5086
5079,5081
5081,5086
5081,5088
5081,5097
5081,5098
5086,5088
5086,5097
5086,5098
5086,5110
5088,5097
5088,5098
5088,5110
5097,5098
5097,5110
5097,5114
5098,5110
5098,5114
5098,5117
5098,5122
5110,5114
5110,5117
5110,5122
5110,5124
5114,5117
5114,5122
5114,5124
5117,5122
5117,5124
5117,5132
5122,5124
5122,5132
5122,5135
5124,5132
5132,5135
5135,5136
5135,5146
5136,5146
5146,5148
5148,5159
5159,5173
5159,5174
5173,5174
5174,5180
5180,5181
5180,5182
5181,5182
5181,5191
5181,5195
5181,5197
5182,5191
5182,5195
5182,5197
5182,5203
5191,5195
5191,5197
5191,5203
5191,5212
5191,5214
5191,5218
5195,5197
5195,5203
5197,5203
5203,5212
5212,5214
5212,5218
5214,5218
5214,5221
5214,5234
5218,5221
5221,5234
5221,5235
5221,5239
5234,5235
5235,5239
5239,5240
5239,5244
5240,5244
5244,5258
5258,5261
5261,5269
5269,5272
5269,5280
5272,5280
5272,5287
5272,5289
5272,5290
5280,5287
5287,5289
5287,5290
5287,5292
5287,5303
5289,5290
5290,5292
5290,5303
5292,5303
5292,5306
5292,5310
5292,5315
5292,5316
5303,5306
5303,5310
5306,5310
5306,5315
5306,5316
5306,5322
5306,5325
5310,5315
5310,5316
5315,5316
5315,5322
5315,5325
5316,5322
5322,5325
5325,5342
5325,5350
5325,5351
5325,5356
5325,5364
5325,5365
5342,5350
5342,5351
5342,5356
5342,5364
5342,5365
5350,5351
5351,5356
5351,5364
5356,5364
5356,5365
5364,5365
5364,5368
5364,5371
5364,5378
5364,5381
5365,5368
5368,5371
5368,5378
5368,5381
5371,5378
5371,5381
5371,5382
5371,5388
5371,5389
5378,5381
5381,5382
5382,5388
5382,5389
5382,5392
5382,5394
5382,5402
5382,5404
5388,5389
5389,5392
5392,5394
5392,5402
5394,5402
5402,5404
5404,5417
5417,5420
5420,5422
5422,5425
5422,5428
5425,5428
5425,5430
5428,5430
5428,5434
5430,5434
5430,5444
5430,5445
5434,5444
5444,5445
5444,5446
5444,5449
5444,5454
5444,5468
5445,5446
5446,5449
5449,5454
5449,5468
5454,5468
5468,5473
5473,5488
5473,5489
5488,5489
5488,5490
5488,5493
5489,5490
5489,5493
5489,5497
5489,5499
5490,5493
5490,5497
5490,5499
5490,5500
5493,5497
5497,5499
5497,5500
5497,5501
5499,5500
5499,5501
5500,5501
5501,5502
5501,5509
5501,5514
5502,5509
5502,5514
5502,5517
5509,5514
5509,5517
5514,5517
5514,5520
5514,5531
5514,5534
5517,5520
5517,5531
5517,5534
5517,5535
5517,5540
5520,5531
5520,5534
5531,5534
5534,5535
5535,5540
5535,5546
5535,5547
5540,5546
5540,5547
5546,5547
5546,5548
5546,5550
5547,5548
5548,5550
5550,5553
5550,5562
5550,5565
5550,5568
5553,5562
5553,5565
5553,5568
5562,5565
5562,5568
5562,5579
5565,5568
5565,5579
5568,5579
5568,5588
5568,5593
5579,5588
5588,5593
5593,5596
5596,5598
5598,5604
5598,5611
5598,5612
5598,5623
5604,5611
5604,5612
5611,5612
5612,5623
5612,5627
5612,5647
5623,5627
5627,5647
5647,5654
5654,5655
5655,5658
5658,5662
5662,5666
5666,5669
5666,5677
5666,5680
5669,5677
5669,5680
5669,5681
5669,5686
5677,5680
5680,5681
5681,5686
5686,5687
5687,5689
5689,5691
5691,5699
5699,5703
5703,5708
5708,5714
5714,5720
5720,5721
5720,5735
5721,5735
5721,5739
5721,5742
5735,5739
5735,5742
5735,5755
5735,5762
5739,5742
5742,5755
5755,5762
5762,5765
5762,5768
5762,5775
5765,5768
5768,5775
5775,5776
5775,5784
5775,5788
5776,5784
5776,5788
5784,5788
5784,5790
5784,5791
5784,5797
5784,5804
5788,5790
5790,5791
5791,5797
5797,5804
5797,5825
5804,5825
5804,5829
5804,5835
5804,5851
5825,5829
5829,5835
5829,5851
5829,5855
5835,5851
5835,5855
5835,5862
5835,5872
5851,5855
5851,5862
5851,5872
5855,5862
5855,5872
5855,5875
5855,5877
5855,5879
5862,5872
5862,5875
5862,5877
5872,5875
5875,5877
5875,5879
5875,5880
5875,5882
5875,5888
5877,5879
5879,5880
5880,5882
5882,5888
5882,5890
5882,5893
5888,5890
5888,5893
5890,5893
5893,5894
5893,5900
5893,5907
5894,5900
5900,5907
5907,5912
5912,5913
5913,5919
5919,5930
5919,5935
5919,5946
5919,5947
5930,5935
5930,5946
5930,5947
5935,5946
5935,5947
5935,5954
5946,5947
5947,5954
5947,5956
5954,5956
5956,5957
5957,5972
5972,5975
5975,5979
5979,5999
5979,6007
5979,6013
5979,6015
5979,6023
5999,6007
6007,6013
6007,6015
6013,6015
6015,6023
6023,6025
6023,6026
6023,6028
6025,6026
6026,6028
6026,6029
6028,6029
6029,6032
6032,6038
6032,6040
6038,6040
6040,6043
6043,6044
6043,6048
6043,6050
6044,6048
6044,6050
6044,6055
6044,6057
6044,6060
6048,6050
6048,6055
6050,6055
6050,6057
6050,6060
6055,6057
6057,6060
6057,6065
6060,6065
6060,6066
6060,6074
6060,6082
6065,6066
6065,6074
6066,6074
6066,6082
6066,6116
6066,6130
6074,6082
6082,6116
6082,6130
6082,6132
6116,6130
6116,6132
6116,6133
6116,6142
6130,6132
6132,6133
6132,6142
6133,6142
6142,6143
6143,6144
6144,6147
6144,6151
6144,6152
6147,6151
6147,6152
6147,6153
6151,6152
6151,6153
6151,6155
6151,6156
6152,6153
6152,6155
6152,6156
6152,6158
6153,6155
6155,6156
6156,6158
6156,6163
6156,6164
6158,6163
6158,6164
6158,6165
6158,6166
6163,6164
6164,6165
6165,6166
6165,6167
6166,6167
6167,6169
6169,6171
6169,6174
6169,6176
6171,6174
6174,6176
6176,6177
6177,6179
6179,6186
6186,6187
6187,6204
6204,6218
6204,6223
6204,6224
6218,6223
6223,6224
6224,6228
6224,6230
6228,6230
6230,6238
6238,6239
6239,6244
6244,6246
6246,6249
6249,6251
6249,6254
6249,6257
6249,6262
6251,6254
6254,6257
6257,6262
6262,6287
6262,6288
6262,6290
6262,6292
6262,6307
6287,6288
6288,6290
6288,6292
6290,6292
6292,6307
6307,6310
6307,6315
6310,6315
6315,6320
6315,6332
6320,6332
6320,6341
6332,6341
6332,6348
6332,6349
6332,6352
6341,6348
6341,6349
6341,6352
6341,6353
6348,6349
6349,6352
6349,6353
6352,6353
6353,6363
6363,6367
6367,6369
6369,6370
6369,6382
6370,6382
6370,6385
6370,6391
6370,6392
6370,6396
6370,6398
6370,6399
6382,6385
6385,6391
6385,6392
6385,6396
6385,6398
6391,6392
6391,6396
6391,6398
6392,6396
6396,6398
6398,6399
6399,6405
6399,6407
6399,6411
6405,6407
6405,6411
6407,6411
6407,6415
6407,6418
6411,6415
6411,6418
6411,6422
6415,6418
6418,6422
6422,6423
6422,6432
6423,6432
6423,6435
6432,6435
6432,6438
6435,6438
6438,6440
6438,6441
6438,6446
6438,6448
6440,6441
6441,6446
6446,6448
6446,6452
6446,6456
6448,6452
6448,6456
6452,6456
6452,6457
6452,6460
6452,6471
6456,6457
6456,6460
6457,6460
6457,6471
6460,6471
6471,6473
6471,6475
6471,6476
6471,6477
6473,6475
6473,6476
6473,6477
6473,6479
6475,6476
6476,6477
6476,6479
6476,6485
6477,6479
6479,6485
6485,6490
6490,6493
6493,6495
6495,6497
6495,6498
6495,6500
6497,6498
6497,6500
6497,6505
6497,6509
6498,6500
6500,6505
6500,6509
6505,6509
6509,6515
6515,6516
6515,6526
6516,6526
6516,6536
6516,6538
6526,6536
6526,6538
6526,6543
6536,6538
6538,6543
6538,6547
6543,6547
6543,6548
6543,6567
6543,6570
6547,6548
6547,6567
6547,6570
6547,6589
6547,6596
6548,6567
6567,6570
6567,6589
6570,6589
6589,6596
6589,6599
6589,6600
6589,6615
6589,6617
6596,6599
6599,6600
6600,6615
6615,6617
6617,6627
6627,6640
6640,6643
6640,6655
6640,6662
6643,6655
6655,6662
6655,6670
6655,6672
6662,6670
6670,6672
6672,6673
6672,6676
6672,6677
6673,6676
6676,6677
6677,6682
6682,6683
6682,6685
6682,6688
6682,6689
6683,6685
6685,6688
6688,6689
6688,6690
6689,6690
6690,6697
6690,6700
6690,6701
6690,6703
6690,6706
6697,6700
6697,6701
6700,6701
6701,6703
6703,6706
6706,6708
6708,6709
6709,6729
6729,6736
6736,6737
6737,6738
6737,6745
6737,6752
6737,6755
6738,6745
6745,6752
6752,6755
6752,6760
6755,6760
6760,6761
6761,6781
6761,6782
6761,6783
6761,6786
6781,6782
6782,6783
6783,6786
6786,6788
6788,6792
6792,6794
6794,6795
6794,6796
6794,6798
6795,6796
6796,6798
6798,6799
6799,6809
6799,6812
6799,6823
6799,6827
6799,6841
6799,6842
6809,6812
6809,6823
6812,6823
6812,6827
6812,6841
6812,6842
6823,6827
6827,6841
6841,6842
6841,6843
6841,6844
6841,6846
6841,6847
6841,6851
6842,6843
6842,6844
6843,6844
6843,6846
6844,6846
6844,6847
6844,6851
6844,6852
6844,6856
6846,6847
6847,6851
6847,6852
6847,6856
6847,6857
6847,6858
6851,6852
6851,6856
6851,6857
6852,6856
6852,6857
6852,6858
6852,6862
6852,6871
6856,6857
6857,6858
6857,6862
6857,6871
6858,6862
6862,6871
6871,6875
6875,6887
6875,6889
6875,6890
6887,6889
6889,6890
6889,6892
6889,6906
6890,6892
6892,6906
6892,6912
6892,6915
6892,6924
6892,6929
6906,6912
6906,6915
6906,6924
6912,6915
6912,6924
6915,6924
6915,6929
6915,6934
6924,6929
6929,6934
6934,6937
6934,6943
6934,6946
6937,6943
6943,6946
6946,6954
6954,6955
6955,6960
6955,6962
6960,6962
6960,6966
6962,6966
6962,6971
6962,6980
6966,6971
6966,6980
6971,6980
6971,6982
6980,6982
6980,6987
6980,6989
6982,6987
6982,6989
6987,6989
6989,6994
6989,6996
6994,6996
6996,7005
6996,7016
6996,7033
6996,7040
7005,7016
7005,7033
7016,7033
7016,7040
7016,7042
7016,7043
7033,7040
7040,7042
7040,7043
7040,7046
7040,7055
7040,7062
7040,7063
7042,7043
7042,7046
7042,7055
7042,7062
7042,7063
7043,7046
7043,7055
7043,7062
7046,7055
7055,7062
7062,7063
7062,7082
7062,7083
7062,7084
7062,7085
7062,7090
7063,7082
7082,7083
7082,7084
7082,7085
7083,7084
7083,7085
7083,7090
7084,7085
7084,7090
7084,7093
7085,7090
7085,7093
7090,7093
7090,7096
7090,7104
7090,7107
7093,7096
7096,7104
7096,7107
7104,7107
7104,7108
7107,7108
7107,7109
7108,7109
7108,7111
7109,7111
7111,7115
7111,7125
7115,7125
7115,7127
7125,7127
7127,7131
7127,7141
7127,7148
7127,7149
7127,7153
7131,7141
7141,7148
7148,7149
7149,7153
7149,7160
7153,7160
7160,7171
7160,7172
7160,7190
7171,7172
7172,7190
7172,7194
7190,7194
7190,7199
7190,7200
7190,7224
7190,7230
7190,7240
7190,7241
7194,7199
7199,7200
7200,7224
7224,7230
7224,7240
7224,7241
7230,7240
7230,7241
7240,7241
7241,7243
7243,7244
7243,7245
7244,7245
7244,7249
7245,7249
7245,7250
7245,7251
7249,7250
7250,7251
7250,7255
7250,7256
7251,7255
7251,7256
7251,7260
7255,7256
7256,7260
7256,7271
7256,7272
7260,7271
7271,7272
7271,7278
7272,7278
7272,7280
7278,7280
7278,7288
7278,7304
7278,7311
7278,7315
7280,7288
7280,7304
7280,7311
7280,7315
7280,7317
7280,7321
7288,7304
7288,7311
7304,7311
7304,7315
7311,7315
7315,7317
7317,7321
7317,7322
7321,7322
7321,7323
7321,7327
7322,7323
7323,7327
7327,7329
7329,7338
7338,7340
7338,7347
7338,7348
7340,7347
7347,7348
7347,7349
7347,7359
7347,7370
7348,7349
7348,7359
7348,7370
7348,7371
7349,7359
7359,7370
7359,7371
7359,7380
7370,7371
7371,7380
7371,7385
7380,7385
7380,7392
7380,7396
7385,7392
7385,7396
7385,7402
7392,7396
7392,7402
7396,7402
7396,7404
7402,7404
7404,7408
7404,7414
7404,7421
7408,7414
7408,7421
7408,7425
7408,7430
7414,7421
7414,7425
7414,7430
7414,7432
7414,7433
7421,7425
7421,7430
7421,7432
7425,7430
7425,7432
7425,7433
7430,7432
7432,7433
7433,7436
7436,7437
7437,7438
7438,7439
7439,7443
7443,7451
7443,7453
7443,7463
7451,7453
7451,7463
7453,7463
7463,7464
7463,7466
7463,7468
7464,7466
7464,7468
7466,7468
7468,7471
7468,7474
7471,7474
7474,7480
7474,7481
7480,7481
7481,7483
7481,7486
7481,7487
7483,7486
7483,7487
7486,7487
7486,7489
7487,7489
7487,7491
7489,7491
7489,7494
7489,7496
7489,7497
7491,7494
7494,7496
7496,7497
7497,7498
7498,7500
7500,7505
7505,7518
7518,7519
7519,7520
7520,7525
7525,7534
7534,7537
7534,7538
7534,7540
7534,7543
7537,7538
7537,7540
7537,7543
7537,7546
7537,7552
7538,7540
7540,7543
7540,7546
7540,7552
7540,7554
7540,7555
7543,7546
7543,7552
7546,7552
7546,7554
7552,7554
7552,7555
7552,7557
7552,7566
7554,7555
7554,7557
7554,7566
7554,7567
7555,7557
7557,7566
7566,7567
7566,7586
7566,7591
7566,7593
7567,7586
7586,7591
7586,7593
7586,7598
7586,7604
7586,7608
7591,7593
7591,7598
7591,7604
7593,7598
7593,7604
7598,7604
7598,7608
7604,7608
7608,7609
7609,7620
7609,7629
7620,7629
7620,7634
7620,7637
7620,7638
7629,7634
7629,7637
7634,7637
7634,7638
7634,7641
7634,7644
7634,7650
7634,7651
7634,7653
7637,7638
7638,7641
7638,7644
7638,7650
7638,7651
7641,7644
7644,7650
7644,7651
7644,7653
7650,7651
7651,7653
7651,7654
7653,7654
7653,7659
7654,7659
7659,7662
7659,7667
7662,7667
7667,7671
7671,7674
7671,7677
7671,7681
7671,7686
7671,7702
7674,7677
7674,7681
7674,7686
7674,7702
7677,7681
7681,7686
7681,7702
7681,7704
7681,7710
7686,7702
7686,7704
7702,7704
7704,7710
7710,7711
7710,7715
7710,7722
7710,7728
7711,7715
7715,7722
7715,7728
7722,7728
7728,7739
7728,7741
7728,7748
7728,7749
7739,7741
7739,7748
7739,7749
7741,7748
7748,7749
7748,7751
7748,7754
7749,7751
7749,7754
7749,7756
7749,7762
7749,7763
7751,7754
7754,7756
7754,7762
7754,7763
7756,7762
7756,7763
7762,7763
7762,7769
7762,7773
7762,7775
7762,7776
7762,7779
7763,7769
7769,7773
7773,7775
7775,7776
7776,7779
7776,7792
7779,7792
7779,7799
7792,7799
7799,7804
7799,7806
7804,7806
7804,7812
7806,7812
7806,7819
7812,7819
7819,7821
7821,7825
7821,7830
7821,7832
7825,7830
7830,7832
7832,7839
7832,7843
7839,7843
7843,7855
7843,7856
7843,7860
7843,7867
7843,7882
7855,7856
7856,7860
7856,7867
7860,7867
7860,7882
7867,7882
7882,7883
7883,7892
7892,7896
7896,7898
7898,7899
7899,7905
7899,7906
7899,7910
7899,7913
7905,7906
7905,7910
7905,7913
7905,7915
7906,7910
7906,7913
7906,7915
7910,7913
7913,7915
7915,7923
7915,7926
7923,7926
7923,7934
7926,7934
7934,7938
7934,7944
7934,7945
7934,7946
7938,7944
7938,7945
7944,7945
7944,7946
7945,7946
7946,7947
7946,7951
7946,7953
7946,7962
7946,7964
7946,7965
7947,7951
7951,7953
7951,7962
7951,7964
7951,7965
7953,7962
7953,7964
7962,7964
7964,7965
7964,7978
7964,7991
7964,7992
7965,7978
7965,7991
7965,7992
7978,7991
7978,7992
7978,7997
7978,8001
7978,8014
7991,7992
7992,7997
7997,8001
7997,8014
7997,8015
8001,8014
8001,8015
8014,8015
8014,8018
8015,8018
8015,8023
8015,8025
8018,8023
8018,8025
8023,8025
8025,8029
8029,8037
8029,8038
8029,8042
8029,8047
8037,8038
8037,8042
8037,8047
8037,8048
8038,8042
8038,8047
8038,8048
8042,8047
8047,8048
8048,8050
8048,8053
8050,8053
8053,8060
8053,8062
8060,8062
8060,8064
8060,8066
8060,8067
8062,8064
8064,8066
8066,8067
8066,8073
8066,8074
8067,8073
8067,8074
8073,8074
8073,8083
8074,8083
8074,8088
8074,8096
8074,8101
8083,8088
8088,8096
8096,8101
8101,8105
8105,8109
8109,8111
8111,8117
8117,8118
8118,8120
8120,8124
8124,8126
8124,8128
8124,8130
8124,8133
8126,8128
8128,8130
8130,8133
8130,8135
8130,8139
8130,8144
8133,8135
8133,8139
8133,8144
8133,8147
8133,8149
8135,8139
8139,8144
8139,8147
8139,8149
8139,8162
8139,8167
8144,8147
8144,8149
8144,8162
8147,8149
8147,8162
8149,8162
8162,8167
8162,8170
8167,8170
8170,8175
8170,8199
8175,8199
8199,8201
8201,8203
8201,8207
8203,8207
8203,8211
8207,8211
8211,8213
8211,8221
8213,8221
8213,8226
8213,8229
8221,8226
8221,8229
8226,8229
8226,8231
8226,8233
8226,8235
8229,8231
8229,8233
8231,8233
8231,8235
8233,8235
8235,8238
8235,8239
8235,8243
8235,8249
8238,8239
8239,8243
8239,8249
8243,8249
8249,8251
8249,8255
8249,8270
8249,8282
8249,8284
8249,8285
8251,8255
8251,8270
8251,8282
8251,8284
8255,8270
8270,8282
8270,8284
8282,8284
8282,8285
8282,8289
8282,8300
8284,8285
8285,8289
8289,8300
8289,8305
8289,8306
8300,8305
8305,8306
8306,8308
8306,8310
8306,8315
8308,8310
8308,8315
8308,8317
8308,8319
8310,8315
8315,8317
8315,8319
8315,8325
8317,8319
8319,8325
8325,8329
8329,8337
8329,8339
8329,8343
8337,8339
8339,8343
8343,8349
8343,8351
8349,8351
8351,8353
8353,8354
8354,8360
8360,8363
8360,8364
8360,8366
8360,8370
8360,8379
8360,8385
8360,8390
8363,8364
8363,8366
8363,8370
8364,8366
8364,8370
8364,8379
8364,8385
8366,8370
8366,8379
8366,8385
8366,8390
8366,8396
8366,8397
8370,8379
8370,8385
8379,8385
8385,8390
8385,8396
8385,8397
8390,8396
8396,8397
8397,8399
8397,8406
8399,8406
8406,8409
8409,8412
8409,8420
8409,8425
8409,8429
8412,8420
8412,8425
8420,8425
8425,8429
8425,8431
8429,8431
8429,8436
8429,8438
8431,8436
8436,8438
8436,8439
8436,8440
8438,8439
8438,8440
8438,8444
8438,8448
8438,8458
8439,8440
8440,8444
8440,8448
8444,8448
8448,8458
8458,8468
8468,8472
8472,8475
8472,8488
8475,8488
8488,8493
8493,8500
8493,8514
8500,8514
8500,8516
8500,8522
8500,8526
8514,8516
8516,8522
8522,8526
8522,8530
8522,8546
8522,8561
8522,8562
8522,8564
8526,8530
8526,8546
8526,8561
8526,8562
8526,8564
8530,8546
8530,8561
8546,8561
8546,8562
8546,8564
8561,8562
8561,8564
8562,8564
8564,8568
8568,8573
8568,8578
8568,8582
8573,8578
8573,8582
8573,8591
8573,8592
8573,8597
8573,8605
8578,8582
8578,8591
8578,8592
8578,8597
8582,8591
8582,8592
8582,8597
8591,8592
8592,8597
8592,8605
8597,8605
8597,8615
8597,8616
8605,8615
8605,8616
8605,8617
8615,8616
8616,8617
8616,8620
8617,8620
8617,8628
8617,8629
8617,8633
8617,8636
8620,8628
8620,8629
8620,8633
8620,8636
8628,8629
8629,8633
8629,8636
8629,8643
8629,8644
8629,8645
8633,8636
8633,8643
8636,8643
8636,8644
8636,8645
8643,8644
8644,8645
8644,8646
8644,8648
8645,8646
8646,8648
8646,8652
8648,8652
8652,8660
8652,8664
8652,8667
8652,8668
8660,8664
8660,8667
8660,8668
8664,8667
8664,8668
8664,8681
8664,8686
8667,8668
8667,8681
8667,8686
8667,8688
8668,8681
8668,8686
8681,8686
8681,8688
8686,8688
8688,8691
8688,8694
8688,8700
8688,8701
8691,8694
8691,8700
8691,8701
8691,8704
8694,8700
8694,8701
8694,8704
8694,8706
8694,8708
8700,8701
8700,8704
8700,8706
8700,8708
8700,8719
8701,8704
8704,8706
8706,8708
8706,8719
8708,8719
8719,8721
8721,8723
8723,8725
8723,8727
8723,8730
8723,8733
8725,8727
8727,8730
8730,8733
8730,8736
8730,8738
8733,8736
8736,8738
8738,8754
8754,8755
8755,8758
8758,8759
8758,8764
8758,8768
8758,8777
8759,8764
8759,8768
8759,8777
8759,8783
8764,8768
8768,8777
8768,8783
8768,8787
8768,8791
8768,8793
8777,8783
8777,8787
8783,8787
8783,8791
8783,8793
8787,8791
8791,8793
8793,8794
8794,8796
8796,8799
8799,8800
8800,8818
8818,8834
8818,8845
8834,8845
8834,8849
8834,8860
8845,8849
8849,8860
8860,8864
8860,8868
8860,8869
8864,8868
8868,8869
8869,8874
8869,8881
8869,8886
8869,8893
8869,8896
8869,8897
8874,8881
8874,8886
8881,8886
8881,8893
8881,8896
8886,8893
8893,8896
8893,8897
8893,8898
8896,8897
8897,8898
8897,8899
8897,8900
8897,8913
8898,8899
8899,8900
8899,8913
8899,8915
8899,8921
8900,8913
8900,8915
8900,8921
8900,8922
8900,8925
8900,8927
8900,8929
8913,8915
8915,8921
8915,8922
8915,8925
8921,8922
8921,8925
8921,8927
8922,8925
8925,8927
8927,8929
8929,8939
8929,8940
8929,8943
8939,8940
8940,8943
8940,8945
8940,8948
8943,8945
8945,8948
8945,8957
8945,8958
8948,8957
8948,8958
8948,8962
8957,8958
8958,8962
8958,8969
8958,8972
8958,8980
8962,8969
8962,8972
8962,8980
8962,8985
8962,8998
8962,9007
8962,9010
8962,9019
8969,8972
8969,8980
8969,8985
8969,8998
8972,8980
8980,8985
8985,8998
8985,9007
8985,9010
8998,9007
9007,9010
9007,9019
9007,9023
9010,9019
9019,9023
9023,9025
9023,9028
9023,9037
9023,9043
9025,9028
9028,9037
9037,9043
9043,9047
9043,9049
9047,9049
9049,9053
9053,9054
9054,9055
9055,9056
9055,9060
9055,9072
9055,9076
9056,9060
9060,9072
9072,9076
9076,9080
9080,9096
9096,9112
9112,9116
9116,9118
9116,9120
9118,9120
9120,9124
9120,9125
9124,9125
9124,9127
9125,9127
9125,9129
9127,9129
9129,9134
9134,9145
9145,9147
9145,9149
9145,9151
9147,9149
9149,9151
9151,9152
9152,9154
9154,9158
9154,9163
9154,9164
9158,9163
9158,9164
9158,9166
9163,9164
9163,9166
9163,9167
9163,9177
9163,9179
9163,9181
9164,9166
9166,9167
9166,9177
9167,9177
9177,9179
9179,9181
9179,9182
9179,9189
9179,9190
9179,9196
9181,9182
9181,9189
9181,9190
9181,9196
9182,9189
9182,9190
9182,9196
9189,9190
9189,9196
9189,9200
9190,9196
9190,9200
9196,9200
9200,9213
9213,9215
9213,9222
9213,9225
9213,9237
9213,9238
9213,9240
9213,9242
9215,9222
9215,9225
9222,9225
9225,9237
9237,9238
9237,9240
9237,9242
9238,9240
9240,9242
9242,9246
9246,9257
9246,9260
9246,9264
9246,9275
9257,9260
9257,9264
9260,9264
9264,9275
9264,9281
9264,9286
9264,9290
9275,9281
9275,9286
9275,9290
9275,9295
9275,9307
9281,9286
9286,9290
9290,9295
9290,9307
9290,9314
9290,9319
9295,9307
9295,9314
9295,9319
9307,9314
9314,9319
9319,9325
9319,9326
9319,9327
9319,9335
9319,9338
9325,9326
9326,9327
9327,9335
9335,9338
9335,9339
9338,9339
9338,9341
9339,9341
9341,9359
9359,9361
9359,9365
9361,9365
9365,9368
9365,9378
9368,9378
9378,9383
9383,9385
9385,9388
9388,9392
9392,9400
9400,9402
9402,9403
9402,9407
9403,9407
9403,9408
9407,9408
9407,9413
9408,9413
9408,9415
9408,9417
9408,9419
9413,9415
9415,9417
9415,9419
9415,9429
9415,9431
9417,9419
9417,9429
9417,9431
9419,9429
9429,9431
9429,9433
9429,9448
9429,9459
9429,9471
9429,9472
9431,9433
9433,9448
9433,9459
9448,9459
9459,9471
9459,9472
9471,9472
9472,9490
9472,9493
9472,9494
9472,9504
9472,9510
9490,9493
9490,9494
9493,9494
9494,9504
9504,9510
9504,9511
9510,9511
9511,9522
9522,9523
9522,9526
9522,9538
9523,9526
9523,9538
9523,9541
9523,9544
9523,9557
9526,9538
9538,9541
9538,9544
9538,9557
9541,9544
9544,9557
9557,9558
9557,9563
9558,9563
9558,9573
9558,9579
9563,9573
9563,9579
9573,9579
9579,9584
9579,9587
9579,9604
9584,9587
9587,9604
9604,9610
9604,9614
9610,9614
9614,9615
9614,9617
9614,9620
9615,9617
9615,9620
9615,9626
9615,9631
9615,9639
9617,9620
9617,9626
9620,9626
9626,9631
9626,9639
9631,9639
9639,9642
9639,9646
9639,9656
9642,9646
9642,9656
9642,9657
9642,9666
9642,9668
9646,9656
9656,9657
9656,9666
9657,9666
9666,9668
9666,9677
9666,9679
9668,9677
9668,9679
9677,9679
9677,9687
9677,9695
9679,9687
9687,9695
9687,9696
9687,9697
9695,9696
9695,9697
9696,9697
9697,9701
9697,9704
9697,9707
9701,9704
9704,9707
9707,9708
9708,9720
9720,9733
9720,9740
9720,9760
9733,9740
9740,9760
9740,9771
9740,9773
9760,9771
9760,9773
9771,9773
9773,9774
9773,9775
9773,9777
9774,9775
9775,9777
9775,9780
9777,9780
9780,9781
9781,9783
9781,9786
9781,9787
9781,9790
9781,9793
9781,9805
9781,9807
9783,9786
9786,9787
9786,9790
9787,9790
9787,9793
9787,9805
9790,9793
9793,9805
9793,9807
9793,9810
9805,9807
9805,9810
9807,9810
9810,9811
9810,9821
9810,9825
9810,9826
9811,9821
9811,9825
9811,9826
9821,9825
9821,9826
9821,9827
9825,9826
9826,9827
9827,9837
9827,9838
9827,9839
9837,9838
9837,9839
9837,9840
9837,9842
9837,9850
9838,9839
9839,9840
9840,9842
9842,9850
9850,9853
9850,9855
9853,9855
9853,9858
9855,9858
9855,9861
9855,9877
9858,9861
9861,9877
9861,9878
9861,9884
9861,9885
9861,9887
9877,9878
9878,9884
9878,9885
9878,9887
9878,9892
9884,9885
9885,9887
9885,9892
9885,9897
9887,9892
9892,9897
9892,9904
9897,9904
9904,9907
9904,9920
9904,9922
9907,9920
9907,9922
9920,9922
9920,9924
9922,9924
9922,9927
9924,9927
9924,9930
9927,9930
9930,9937
9930,9938
9930,9945
9930,9951
9930,9964
9930,9968
9937,9938
9937,9945
9937,9951
9938,9945
9945,9951
9951,9964
9951,9968
9951,9976
9951,9978
9964,9968
9964,9976
9968,9976
9968,9978
9968,9982
9968,9991
9976,9978
9976,9982
9976,9991
9976,10002
9978,9982
9982,9991
9991,10002
10002,10005
10002,10007
10002,10011
10005,10007
10005,10011
10005,10014
10005,10016
10007,10011
10011,10014
10011,10016
10011,10036
10011,10039
10011,10040
10014,10016
10016,10036
10016,10039
10016,10040
10016,10056
10036,10039
10039,10040
10040,10056
10056,10058
10058,10063
10058,10067
10063,10067
10067,10070
10070,10072
10070,10082
10072,10082
10082,10084
10082,10103
10082,10104
10084,10103
10084,10104
10084,10108
10103,10104
10103,10108
10104,10108
10108,10110
10110,10111
10110,10112
10111,10112
10111,10113
10111,10117
10111,10122
10112,10113
10113,10117
10117,10122
10117,10128
10117,10131
10117,10135
10122,10128
10122,10131
10128,10131
10131,10135
10131,10138
10131,10139
10131,10148
10131,10151
10135,10138
10135,10139
10135,10148
10138,10139
10138,10148
10138,10151
10138,10152
10139,10148
10139,10151
10139,10152
10139,10153
10139,10156
10148,10151
10148,10152
10151,10152
10151,10153
10151,10156
10151,10162
10152,10153
10153,10156
10153,10162
10153,10168
10153,10169
10153,10170
10153,10182
10153,10186
10156,10162
10156,10168
10156,10169
10162,10168
10168,10169
10168,10170
10169,10170
10170,10182
10170,10186
10170,10188
10170,10189
10182,10186
10186,10188
10186,10189
10186,10193
10188,10189
10188,10193
10188,10194
10188,10204
10188,10205
10188,10210
10189,10193
10189,10194
10193,10194
10194,10204
10204,10205
10205,10210
10210,10223
10223,10233
10223,10246
10233,10246
10233,10247
10246,10247
10246,10259
10246,10261
10246,10273
10247,10259
10259,10261
10259,10273
10259,10274
10259,10293
10259,10300
10261,10273
10273,10274
10274,10293
10274,10300
10274,10304
10274,10307
10274,10311
10274,10315
10293,10300
10300,10304
10300,10307
10304,10307
10304,10311
10307,10311
10311,10315
10311,10316
10315,10316
10316,10320
10316,10331
10316,10333
10320,10331
10331,10333
10331,10351
10331,10352
10333,10351
10333,10352
10333,10354
10333,10365
10351,10352
10352,10354
10352,10365
10352,10380
10352,10386
10352,10388
10354,10365
10365,10380
10380,10386
10380,10388
10380,10392
10380,10394
10386,10388
10388,10392
10392,10394
10392,10397
10394,10397
10394,10398
10394,10416
10394,10417
10397,10398
10398,10416
10416,10417
10417,10422
10422,10426
10422,10428
10422,10432
10422,10439
10426,10428
10426,10432
10426,10439
10426,10441
10426,10443
10428,10432
10428,10439
10428,10441
10428,10443
10432,10439
10439,10441
10441,10443
10443,10444
10443,10448
10444,10448
10444,10451
10444,10453
10448,10451
10448,10453
10448,10454
10448,10459
10448,10461
10451,10453
10453,10454
10453,10459
10453,10461
10453,10462
10454,10459
10454,10461
10454,10462
10454,10467
10454,10469
10454,10470
10459,10461
10461,10462
10462,10467
10467,10469
10469,10470
10470,10471
10471,10478
10471,10480
10471,10483
10471,10496
10478,10480
10480,10483
10480,10496
10483,10496
10496,10497
10497,10505
10505,10509
10509,10513
10509,10516
10509,10519
10513,10516
10516,10519
10516,10527
10516,10532
10519,10527
10519,10532
10519,10537
10519,10539
10527,10532
10527,10537
10527,10539
10527,10542
10532,10537
10537,10539
10539,10542
10539,10543
10542,10543
10543,10553
10553,10554
10554,10557
10557,10565
10565,10570
10570,10573
10573,10575
10575,10586
10575,10591
10586,10591
10591,10593
10593,10608
10608,10609
10608,10611
10609,10611
10611,10616
10616,10619
10619,10625
10625,10634
10625,10637
10634,10637
10634,10639
10634,10650
10637,10639
10639,10650
10650,10657
10657,10661
10661,10666
10666,10676
10676,10678
10676,10681
10676,10684
10676,10691
10678,10681
10681,10684
10681,10691
10681,10694
10684,10691
10684,10694
10691,10694
10694,10699
10694,10703
10694,10707
10694,10708
10699,10703
10703,10707
10707,10708
10708,10710
10708,10712
10710,10712
10712,10716
10716,10720
10720,10725
10725,10730
10730,10731
10731,10733
10731,10736
10733,10736
10736,10746
10736,10751
10746,10751
10751,10757
10757,10762
10762,10770
10770,10772
10772,10777
10777,10785
10777,10788
10785,10788
10785,10793
10788,10793
10788,10794
10793,10794
10793,10799
10793,10803
10793,10805
10794,10799
10794,10803
10799,10803
10803,10805
10803,10812
10803,10813
10805,10812
10805,10813
10805,10816
10812,10813
10812,10816
10813,10816
10813,10818
10813,10820
10816,10818
10818,10820
10818,10832
10818,10835
10820,10832
10832,10835
10832,10848
10832,10854
10835,10848
10848,10854
10848,10860
10848,10863
10854,10860
10854,10863
10860,10863
10860,10865
10863,10865
10863,10867
10863,10873
10865,10867
10867,10873
10867,10877
10873,10877
10877,10878
10877,10899
10878,10899
10899,10905
10905,10906
10906,10926
10906,10942
10906,10953
10926,10942
10926,10953
10926,10956
10926,10961
10942,10953
10953,10956
10953,10961
10953,10963
10956,10961
10961,10963
10961,10981
10961,10985
10963,10981
10963,10985
10963,10998
10981,10985
10985,10998
10998,10999
10998,11000
10998,11023
10998,11025
10999,11000
10999,11023
10999,11025
10999,11029
11000,11023
11000,11025
11000,11029
11023,11025
11025,11029
11025,11032
11025,11049
11029,11032
11032,11049
11049,11054
11049,11059
11054,11059
11054,11063
11054,11067
11059,11063
11063,11067
11067,11069
11067,11072
11069,11072
11069,11075
11072,11075
11075,11078
11078,11079
11078,11084
11078,11085
11078,11087
11079,11084
11084,11085
11084,11087
11085,11087
11087,11100
11100,11102
11100,11117
11100,11118
11102,11117
11117,11118
11118,11119
11119,11121
11119,11122
11119,11137
11121,11122
11122,11137
11137,11140
11137,11147
11137,11162
11140,11147
11147,11162
11162,11166
11162,11168
11162,11180
11162,11181
11166,11168
11166,11180
11168,11180
11168,11181
11180,11181
11181,11187
11181,11188
11181,11194
11181,11204
11187,11188
11188,11194
11188,11204
11188,11209
11188,11212
11188,11215
11188,11217
11194,11204
11204,11209
11204,11212
11209,11212
11209,11215
11209,11217
11212,11215
11215,11217
11217,11220
11217,11221
11217,11223
11220,11221
11220,11223
11221,11223
11221,11224
11223,11224
11224,11231
11231,11234
11234,11235
11234,11238
11234,11243
11234,11244
11234,11249
11235,11238
11235,11243
11238,11243
11243,11244
11243,11249
11244,11249
11244,11250
11249,11250
11249,11261
11250,11261
11261,11263
11263,11265
11265,11271
11271,11278
11278,11279
11279,11291
11291,11292
11291,11293
11292,11293
11292,11294
11293,11294
11293,11297
11293,11298
11293,11303
11294,11297
11297,11298
11298,11303
11298,11309
11298,11313
11303,11309
11309,11313
11309,11315
11313,11315
11313,11317
11315,11317
11317,11319
11317,11326
11317,11327
11317,11328
11317,11329
11319,11326
11319,11327
11326,11327
11327,11328
11327,11329
11328,11329
11329,11331
11331,11333
11333,11339
11333,11342
11333,11344
11339,11342
11342,11344
11342,11353
11342,11356
11344,11353
11344,11356
11353,11356
11356,11363
11356,11370
11356,11372
11356,11373
11356,11374
11363,11370
11363,11372
11363,11373
11363,11374
11370,11372
11370,11373
11370,11374
11372,11373
11372,11374
11372,11377
11372,11378
11373,11374
11374,11377
11374,11378
11374,11381
11377,11378
11378,11381
11378,11383
11378,11384
11378,11388
11381,11383
11381,11384
11383,11384
11384,11388
11388,11397
11388,11403
11397,11403
11397,11405
11403,11405
11403,11409
11403,11410
11405,11409
11409,11410
11409,11413
11410,11413
11413,11415
11413,11418
11415,11418
11415,11422
11418,11422
11422,11427
11427,11428
11427,11430
11427,11432
11427,11439
11428,11430
11428,11432
11430,11432
11430,11439
11430,11444
11432,11439
11432,11444
11432,11452
11432,11461
11432,11462
11439,11444
11439,11452
11439,11461
11439,11462
11444,11452
11444,11461
11452,11461
11452,11462
11452,11464
11452,11468
11461,11462
11462,11464
11464,11468
11468,11473
11468,11479
11473,11479
11479,11484
11479,11488
11479,11490
11484,11488
11488,11490
11488,11493
11490,11493
11493,11507
11507,11517
11507,11519
11507,11523
11507,11535
11517,11519
11517,11523
11517,11535
11519,11523
11523,11535
11523,11541
11535,11541
11541,11543
11543,11548
11548,11559
11548,11573
11548,11579
11548,11581
11548,11591
11548,11599
11548,11603
11548,11604
11559,11573
11559,11579
11573,11579
11579,11581
11581,11591
11591,11599
11599,11603
11603,11604
11603,11606
11603,11607
11603,11612
11604,11606
11606,11607
11607,11612
11607,11616
11612,11616
11616,11619
11619,11623
11619,11624
11623,11624
11623,11626
11623,11629
11624,11626
11624,11629
11624,11630
11626,11629
11629,11630
11629,11633
11629,11634
11629,11635
11630,11633
11633,11634
11634,11635
11634,11640
11635,11640
11635,11647
11635,11651
11640,11647
11647,11651
11651,11657
11657,11658
11657,11660
11657,11662
11658,11660
11658,11662
11658,11672
11658,11677
11660,11662
11662,11672
11672,11677
11672,11680
11677,11680
11677,11686
11677,11698
11680,11686
11680,11698
11680,11700
11686,11698
11686,11700
11698,11700
11698,11704
11698,11705
11698,11706
11700,11704
11704,11705
11705,11706
11705,11707
11705,11712
11706,11707
11707,11712
11712,11715
11712,11732
11715,11732
11715,11736
11732,11736
11732,11753
11732,11755
11732,11757
11736,11753
11753,11755
11753,11757
11755,11757
11757,11761
11757,11762
11757,11763
11761,11762
11762,11763
11763,11769
11769,11770
11770,11776
11770,11778
11770,11784
11776,11778
11776,11784
11778,11784
11778,11789
11778,11790
11778,11791
11778,11794
11784,11789
11784,11790
11789,11790
11789,11791
11789,11794
11790,11791
11791,11794
11791,11799
11794,11799
11799,11807
11807,11811
11807,11813
11807,11814
11807,11816
11807,11817
11811,11813
11813,11814
11813,11816
11814,11816
11814,11817
11814,11821
11814,11822
11816,11817
11817,11821
11821,11822
11821,11824
11821,11826
11822,11824
11822,11826
11822,11828
11822,11833
11824,11826
11826,11828
11826,11833
11826,11835
11826,11837
11826,11840
11826,11861
11828,11833
11828,11835
11828,11837
11828,11840
11833,11835
11833,11837
11835,11837
11837,11840
11837,11861
11837,11868
11837,11876
11837,11885
11837,11889
11840,11861
11861,11868
11868,11876
11876,11885
11885,11889
11885,11895
11885,11900
11885,11902
11889,11895
11889,11900
11889,11902
11889,11908
11889,11912
11895,11900
11900,11902
11902,11908
11908,11912
11912,11915
11912,11916
11912,11920
11915,11916
11915,11920
11915,11924
11915,11926
11915,11930
11916,11920
11920,11924
11920,11926
11924,11926
11924,11930
11924,11943
11924,11945
11924,11948
11926,11930
11930,11943
11943,11945
11943,11948
11945,11948
11945,11949
11948,11949
11948,11951
11948,11954
11949,11951
11951,11954
11954,11955
11955,11965
11955,11968
11955,11970
11965,11968
11968,11970
11968,11973
11968,11992
11970,11973
11970,11992
11973,11992
11973,12001
11973,12005
11973,12009
11973,12010
11973,12013
11973,12019
11992,12001
11992,12005
11992,12009
12001,12005
12001,12009
12001,12010
12005,12009
12005,12010
12005,12013
12009,12010
12009,12013
12009,12019
12010,12013
12010,12019
12010,12034
12013,12019
12019,12034
12034,12037
12037,12043
12037,12044
12043,12044
12044,12052
12052,12057
12052,12072
12052,12077
12057,12072
12057,12077
12072,12077
12072,12078
12072,12079
12077,12078
12078,12079
12079,12088
12079,12089
12079,12090
12088,12089
12088,12090
12089,12090
12089,12091
12089,12092
12089,12096
12089,12100
12090,12091
12091,12092
12092,12096
12096,12100
12096,12102
12096,12105
12100,12102
12102,12105
12102,12113
12105,12113
12113,12116
12113,12117
12113,12128
12116,12117
12117,12128
12128,12132
12132,12133
12132,12140
12133,12140
12133,12141
12140,12141
12141,12142
12142,12145
12142,12147
12142,12148
12145,12147
12145,12148
12147,12148
12148,12149
12148,12151
12148,12154
12149,12151
12149,12154
12151,12154
12154,12155
12154,12160
12155,12160
12155,12173
12155,12174
12155,12178
12160,12173
12173,12174
12173,12178
12173,12189
12174,12178
12174,12189
12174,12192
12178,12189
12189,12192
12189,12194
12189,12197
12192,12194
12192,12197
12192,12198
12194,12197
12194,12198
12194,12200
12197,12198
12198,12200
12198,12202
12198,12206
12198,12210
12198,12216
12198,12219
12200,12202
12200,12206
12200,12210
12200,12216
12200,12219
12200,12222
12200,12225
12200,12226
12202,12206
12206,12210
12206,12216
12206,12219
12210,12216
12210,12219
12210,12222
12216,12219
12216,12222
12219,12222
12219,12225
12222,12225
12222,12226
12222,12255
12225,12226
12225,12255
12225,12256
12226,12255
12226,12256
12226,12261
12255,12256
12255,12261
12255,12269
12256,12261
12261,12269
12261,12279
12261,12280
12269,12279
12279,12280
12280,12285
12280,12288
12285,12288
12288,12302
12302,12311
12302,12313
12302,12314
12311,12313
12311,12314
12311,12316
12311,12319
12313,12314
12313,12316
12313,12319
12314,12316
12316,12319
12319,12324
12324,12333
12324,12339
12333,12339
12339,12341
12339,12342
12339,12348
12341,12342
12342,12348
12348,12350
12350,12352
12352,12353
12352,12355
12353,12355
12353,12366
12355,12366
12366,12369
12366,12374
12366,12377
12366,12378
12369,12374
12369,12377
12369,12378
12374,12377
12377,12378
12377,12380
12377,12381
12377,12389
12377,12398
12378,12380
12378,12381
12380,12381
12381,12389
12389,12398
12389,12410
12389,12412
12398,12410
12398,12412
12398,12417
12398,12420
12398,12427
12410,12412
12412,12417
12412,12420
12412,12427
12417,12420
12420,12427
12420,12430
12420,12432
12420,12433
12427,12430
12430,12432
12432,12433
12433,12437
12433,12451
12433,12452
12437,12451
12437,12452
12437,12465
12451,12452
12452,12465
12465,12468
12468,12471
12471,12480
12480,12483
12480,12488
12480,12489
12483,12488
12483,12489
12488,12489
12489,12490
12489,12491
12489,12493
12490,12491
12491,12493
12491,12503
12493,12503
12503,12513
12503,12514
12503,12515
12513,12514
12513,12515
12514,12515
12515,12532
12532,12535
12535,12549
12549,12555
12555,12558
12555,12559
12558,12559
12558,12563
12559,12563
12559,12573
12559,12575
12559,12581
12563,12573
12563,12575
12573,12575
12575,12581
12575,12589
12575,12592
12575,12598
12575,12615
12575,12616
12581,12589
12589,12592
12592,12598
12592,12615
12592,12616
12598,12615
12598,12616
12598,12617
12598,12626
12615,12616
12616,12617
12617,12626
12626,12631
12631,12639
12631,12641
12639,12641
12639,12646
12639,12649
12641,12646
12641,12649
12646,12649
12649,12654
12649,12664
12654,12664
12664,12666
12664,12671
12664,12672
12666,12671
12666,12672
12671,12672
12671,12680
12672,12680
12680,12687
12680,12688
12687,12688
12688,12690
12690,12693
12690,12694
12690,12695
12690,12696
12690,12699
12693,12694
12693,12695
12693,12696
12693,12699
12694,12695
12694,12696
12694,12699
12694,12710
12695,12696
12695,12699
12695,12710
12695,12711
12696,12699
12699,12710
12699,12711
12699,12717
12710,12711
12710,12717
12711,12717
12711,12718
12711,12721
12711,12726
12717,12718
12718,12721
12718,12726
12718,12727
12718,12734
12721,12726
12721,12727
12721,12734
12726,12727
12726,12734
12726,12736
12727,12734
12734,12736
12734,12737
12734,12742
12734,12761
12736,12737
12736,12742
12737,12742
12737,12761
12737,12766
12737,12775
12742,12761
12761,12766
12761,12775
12761,12778
12761,12780
12761,12787
12766,12775
12766,12778
12775,12778
12778,12780
12780,12787
12780,12790
12780,12795
12780,12797
12780,12805
12780,12807
12787,12790
12790,12795
12795,12797
12797,12805
12805,12807
12805,12808
12805,12809
12805,12811
12805,12832
12807,12808
12807,12809
12807,12811
12807,12832
12808,12809
12809,12811
12809,12832
12809,12835
12811,12832
12832,12835
12835,12837
12837,12840
12837,12848
12840,12848
12840,12867
12848,12867
12848,12870
12848,12872
12867,12870
12870,12872
12872,12873
12873,12876
12873,12877
12873,12878
12876,12877
12877,12878
12877,12880
12877,12882
12877,12885
12877,12886
12878,12880
12878,12882
12878,12885
12878,12886
12878,12892
12878,12893
12880,12882
12880,12885
12880,12886
12882,12885
12882,12886
12882,12892
12882,12893
12885,12886
12886,12892
12886,12893
12892,12893
12893,12915
12893,12916
12893,12917
12893,12923
12915,12916
12916,12917
12917,12923
12923,12925
12923,12930
12923,12933
12923,12935
12923,12943
12923,12955
12925,12930
12930,12933
12933,12935
12935,12943
12935,12955
12943,12955
12955,12961
12961,12967
12967,12973
12973,12974
12974,12975
12974,12981
12974,12983
12974,12986
12975,12981
12975,12983
12975,12986
12975,12988
12981,12983
12981,12986
12981,12988
12981,12994
12983,12986
12986,12988
12986,12994
12986,13001
12988,12994
12994,13001
12994,13008
12994,13013
12994,13014
12994,13016
13001,13008
13008,13013
13008,13014
13013,13014
13014,13016
13016,13017
13017,13018
13018,13022
13018,13027
13022,13027
13027,13030
13027,13033
13027,13034
13027,13038
13030,13033
13030,13034
13030,13038
13030,13039
13033,13034
13033,13038
13033,13039
13033,13040
13033,13041
13034,13038
13034,13039
13034,13040
13038,13039
13039,13040
13040,13041
13041,13044
13041,13051
13041,13056
13044,13051
13051,13056
13056,13061
13056,13063
13056,13064
13056,13079
13056,13092
13056,13112
13061,13063
13061,13064
13061,13079
13061,13092
13063,13064
13064,13079
13064,13092
13064,13112
13079,13092
13092,13112
13112,13124
13124,13137
13137,13144
13144,13151
13144,13155
13144,13156
13151,13155
13151,13156
13151,13160
13151,13166
13151,13167
13151,13168
13151,13169
13155,13156
13156,13160
13156,13166
13160,13166
13160,13167
13160,13168
13166,13167
13166,13168
13166,13169
13167,13168
13167,13169
13167,13176
13168,13169
13168,13176
13168,13184
13168,13186
13169,13176
13176,13184
13176,13186
13184,13186
13186,13187
13187,13190
13187,13194
13190,13194
13190,13197
13194,13197
13194,13200
13197,13200
13197,13204
13197,13208
13200,13204
13200,13208
13200,13211
13200,13216
13204,13208
13208,13211
13208,13216
13208,13220
13208,13227
13208,13235
13208,13266
13208,13270
13211,13216
13216,13220
13220,13227
13227,13235
13227,13266
13227,13270
13235,13266
13235,13270
13235,13273
13266,13270
13266,13273
13270,13273
13273,13280
13273,13282
13280,13282
13280,13287
13280,13290
13282,13287
13287,13290
13290,13297
13290,13301
13290,13310
13290,13313
13297,13301
13301,13310
13310,13313
13310,13315
13310,13320
13310,13323
13310,13325
13313,13315
13313,13320
13315,13320
13320,13323
13323,13325
13325,13328
13328,13333
13333,13338
13338,13346
13338,13347
13338,13348
13346,13347
13346,13348
13346,13358
13346,13361
13347,13348
13348,13358
13358,13361
13358,13362
13358,13365
13358,13371
13358,13377
13361,13362
13362,13365
13365,13371
13365,13377
13365,13378
13365,13381
13365,13382
13371,13377
13377,13378
13377,13381
13377,13382
13378,13381
13381,13382
13381,13383
13381,13385
13381,13388
13382,13383
13383,13385
13385,13388
13385,13396
13388,13396
13396,13399
13399,13402
13399,13412
13402,13412
13412,13426
13412,13434
13412,13439
13426,13434
13426,13439
13426,13441
13434,13439
13434,13441
13434,13443
13439,13441
13441,13443
13441,13445
13443,13445
13443,13448
13443,13459
13445,13448
13445,13459
13448,13459
13448,13460
13459,13460
13460,13465
13465,13467
13467,13476
13467,13479
13476,13479
13476,13482
13479,13482
13479,13484
13479,13486
13482,13484
13484,13486
13484,13496
13486,13496
13486,13523
13496,13523
13523,13529
13523,13530
13529,13530
13529,13531
13529,13533
13530,13531
13530,13533
13531,13533
13533,13535
13535,13536
13536,13537
13536,13540
13536,13543
13537,13540
13537,13543
13540,13543
13540,13544
13540,13548
13540,13553
13540,13556
13543,13544
13544,13548
13544,13553
13544,13556
13544,13557
13548,13553
13548,13556
13548,13557
13548,13561
13553,13556
13556,13557
13556,13561
13557,13561
13561,13570
13561,13571
13561,13576
13561,13581
13561,13583
13561,13598
13570,13571
13570,13576
13571,13576
13571,13581
13571,13583
13576,13581
13581,13583
13581,13598
13581,13599
13583,13598
13598,13599
13598,13603
13598,13605
13598,13609
13599,13603
13599,13605
13599,13609
13599,13613
13603,13605
13605,13609
13605,13613
13605,13615
13609,13613
13609,13615
13609,13617
13613,13615
13615,13617
13617,13621
13617,13626
13617,13630
13617,13636
13617,13655
13621,13626
13626,13630
13630,13636
13636,13655
13655,13656
13655,13658
13655,13681
13655,13683
13656,13658
13658,13681
13658,13683
13658,13686
13658,13689
13681,13683
13683,13686
13686,13689
13686,13691
13689,13691
13691,13695
13695,13696
13696,13700
13700,13703
13700,13704
13700,13708
13703,13704
13704,13708
13704,13709
13708,13709
13708,13714
13708,13734
13708,13737
13709,13714
13709,13734
13709,13737
13709,13742
13709,13749
13714,13734
13714,13737
13714,13742
13734,13737
13737,13742
13737,13749
13742,13749
13749,13759
13759,13760
13760,13771
13771,13776
13776,13789
13776,13794
13789,13794
13789,13795
13789,13797
13789,13799
13789,13801
13794,13795
13795,13797
13797,13799
13799,13801
13799,13802
13799,13804
13801,13802
13802,13804
13802,13805
13804,13805
13805,13806
13806,13807
13806,13813
13806,13815
13806,13821
13807,13813
13813,13815
13815,13821
13815,13825
13821,13825
13825,13826
13826,13831
13826,13836
13826,13848
13826,13850
13826,13859
13831,13836
13836,13848
13848,13850
13848,13859
13848,13863
13850,13859
13850,13863
13859,13863
13863,13871
13863,13877
13863,13884
13863,13887
13863,13888
13863,13893
13871,13877
13871,13884
13877,13884
13877,13887
13884,13887
13884,13888
13884,13893
13884,13894
13884,13896
13884,13898
13884,13903
13887,13888
13887,13893
13887,13894
13888,13893
13888,13894
13893,13894
13893,13896
13893,13898
13894,13896
13896,13898
13898,13903
13898,13907
13898,13910
13903,13907
13907,13910
13910,13913
13913,13914
13914,13916
13916,13928
13916,13929
13928,13929
13929,13933
13929,13942
13929,13944
13933,13942
13933,13944
13933,13949
13942,13944
13944,13949
13944,13958
13944,13964
13949,13958
13949,13964
13958,13964
13964,13974
13964,13982
13974,13982
13974,13986
13974,13991
13974,13994
13974,13995
13982,13986
13986,13991
13991,13994
13994,13995
13994,14007
13994,14008
13994,14010
13994,14011
13995,14007
14007,14008
14007,14010
14007,14011
14007,14015
14008,14010
14008,14011
14010,14011
14011,14015
14011,14019
14015,14019
14019,14023
14023,14028
14023,14035
14023,14036
14023,14048
14023,14051
14028,14035
14035,14036
14035,14048
14035,14051
14036,14048
14048,14051
14051,14059
14059,14060
14059,14061
14060,14061
14061,14070
14070,14074
14070,14077
14074,14077
14077,14079
14079,14088
14088,14089
14089,14094
14089,14098
14089,14099
14094,14098
14098,14099
14099,14105
14099,14108
14105,14108
14105,14117
14108,14117
14108,14125
14117,14125
14117,14138
14117,14142
14125,14138
14138,14142
14138,14145
14138,14147
14142,14145
14142,14147
14142,14154
14145,14147
14147,14154
14154,14159
14159,14161
14161,14163
14161,14166
14161,14169
14161,14170
14161,14181
14163,14166
14166,14169
14166,14170
14166,14181
14166,14182
14169,14170
14170,14181
14170,14182
14170,14190
14181,14182
14181,14190
14181,14192
14181,14195
14181,14198
14181,14202
14182,14190
14190,14192
14190,14195
14190,14198
14192,14195
14192,14198
14192,14202
14192,14206
14192,14216
14192,14220
14195,14198
14195,14202
14195,14206
14198,14202
14202,14206
14202,14216
14206,14216
14216,14220
14216,14221
14216,14229
14216,14233
14216,14241
14220,14221
14221,14229
14221,14233
14221,14241
14229,14233
14233,14241
14241,14245
14241,14246
14241,14247
14241,14259
14245,14246
14245,14247
14245,14259
14246,14247
14246,14259
14246,14263
14247,14259
14247,14263
14247,14264
14247,14266
14259,14263
14259,14264
14263,14264
14263,14266
14263,14267
14264,14266
14264,14267
14264,14269
14264,14270
14264,14278
14264,14279
14264,14280
14266,14267
14267,14269
14267,14270
14267,14278
14267,14279
14267,14280
14267,14283
14269,14270
14269,14278
14269,14279
14270,14278
14278,14279
14279,14280
14280,14283
14280,14287
14283,14287
14283,14289
14283,14290
14287,14289
14289,14290
14289,14291
14289,14292
14290,14291
14290,14292
14290,14295
14290,14296
14290,14297
14291,14292
14292,14295
14295,14296
14295,14297
14295,14306
14295,14310
14296,14297
14297,14306
14297,14310
14297,14311
14297,14314
14297,14319
14306,14310
14310,14311
14311,14314
14311,14319
14314,14319
14319,14328
14328,14333
14328,14338
14333,14338
14338,14343
14343,14350
14350,14351
14350,14352
14350,14359
14351,14352
14352,14359
14352,14367
14352,14370
14359,14367
14359,14370
14359,14373
14359,14376
14359,14377
14359,14383
14367,14370
14367,14373
14367,14376
14370,14373
14373,14376
14373,14377
14376,14377
14376,14383
14376,14392
14376,14396
14377,14383
14377,14392
14377,14396
14377,14411
14377,14416
14383,14392
14383,14396
14383,14411
14392,14396
14392,14411
14396,14411
14396,14416
14411,14416
14416,14417
14416,14422
14416,14428
14416,14436
14417,14422
14417,14428
14422,14428
14422,14436
14422,14437
14428,14436
14428,14437
14428,14440
14428,14441
14436,14437
14437,14440
14440,14441
14441,14445
14445,14456
14456,14465
14456,14470
14456,14476
14456,14480
14465,14470
14465,14476
14470,14476
14476,14480
14480,14482
14480,14492
14480,14500
14482,14492
14492,14500
14500,14510
14500,14512
14500,14514
14500,14518
14500,14523
14510,14512
14512,14514
14512,14518
14512,14523
14514,14518
14518,14523
14523,14524
14524,14529
14529,14533
14533,14539
14533,14540
14533,14544
14539,14540
14540,14544
14544,14550
14550,14553
14550,14554
14553,14554
14553,14555
14554,14555
14554,14557
14554,14572
14554,14577
14555,14557
14555,14572
14555,14577
14557,14572
14572,14577
14577,14582
14582,14588
14588,14589
14588,14590
14588,14592
14589,14590
14589,14592
14590,14592
14590,14599
14590,14603
14590,14604
14592,14599
14592,14603
14599,14603
14599,14604
14599,14605
14603,14604
14604,14605
14604,14607
14604,14618
14604,14619
14604,14623
14605,14607
14605,14618
14605,14619
14607,14618
14607,14619
14607,14623
14607,14629
14607,14632
14618,14619
14619,14623
14623,14629
14629,14632
14629,14638
14629,14639
14629,14642
14632,14638
14638,14639
14639,14642
14639,14651
14639,14654
14639,14659
14642,14651
14642,14654
14642,14659
14642,14661
14642,14662
14651,14654
14651,14659
14651,14661
14654,14659
14654,14661
14654,14662
14659,14661
14661,14662
14661,14665
14661,14672
14662,14665
14665,14672
14672,14673
14673,14677
14677,14678
14678,14686
14678,14689
14678,14695
14686,14689
14689,14695
14695,14699
14695,14702
14695,14705
14695,14708
14699,14702
14702,14705
14705,14708
14708,14712
14708,14717
14708,14719
14708,14722
14712,14717
14712,14719
14712,14722
14712,14725
14717,14719
14717,14722
14719,14722
14722,14725
14722,14726
14725,14726
14725,14727
14726,14727
14727,14730
14727,14739
14727,14741
14730,14739
14739,14741
14741,14742
14741,14745
14741,14752
14742,14745
14742,14752
14742,14756
14742,14771
14742,14772
14745,14752
14745,14756
14745,14771
14752,14756
14756,14771
14756,14772
14756,14777
14756,14779
14771,14772
14772,14777
14772,14779
14777,14779
14779,14780
14779,14785
14779,14789
14780,14785
14780,14789
14785,14789
14789,14790
14790,14793
14790,14812
14790,14816
14793,14812
14793,14816
14793,14821
14812,14816
14816,14821
14821,14823
14821,14830
14821,14833
14821,14835
14823,14830
14830,14833
14833,14835
14835,14836
14835,14837
14835,14840
14835,14843
14836,14837
14836,14840
14836,14843
14836,14844
14837,14840
14837,14843
14840,14843
14843,14844
14843,14847
14843,14852
14844,14847
14847,14852
14852,14865
14852,14866
14852,14867
14852,14871
14852,14891
14865,14866
14865,14867
14865,14871
14866,14867
14867,14871
14867,14891
14867,14897
14867,14898
14871,14891
14891,14897
14897,14898
14897,14900
14897,14902
14897,14904
14898,14900
14900,14902
14902,14904
14902,14906
14902,14908
14902,14920
14904,14906
14904,14908
14904,14920
14906,14908
14906,14920
14908,14920
14908,14921
14908,14926
14908,14936
14920,14921
14921,14926
14926,14936
14936,14939
14939,14951
14939,14961
14939,14967
14939,14969
14951,14961
14961,14967
14961,14969
14961,14970
14961,14980
14961,14984
14967,14969
14969,14970
14969,14980
14970,14980
14970,14984
14970,14991
14980,14984
14984,14991
14984,14993
14984,14996
14991,14993
14991,14996
14993,14996
14993,15000
14993,15011
14993,15016
14993,15019
14996,15000
14996,15011
15000,15011
15000,15016
15000,15019
15000,15020
15011,15016
15016,15019
15016,15020
15016,15025
15019,15020
15019,15025
15019,15028
15019,15048
15020,15025
15020,15028
15020,15048
15025,15028
15028,15048
15028,15059
15048,15059
15048,15061
15048,15062
15048,15064
15048,15071
15059,15061
15061,15062
15061,15064
15062,15064
15064,15071
15064,15079
15064,15083
15071,15079
15079,15083
15083,15087
15083,15089
15083,15104
15083,15108
15087,15089
15089,15104
15104,15108
15104,15115
15108,15115
15108,15116
15108,15117
15108,15121
15108,15122
15108,15127
15108,15134
15115,15116
15115,15117
15115,15121
15116,15117
15116,15121
15116,15122
15116,15127
15117,15121
15121,15122
15121,15127
15121,15134
15121,15135
15122,15127
15127,15134
15134,15135
15134,15136
15135,15136
15136,15137
15137,15140
15140,15142
15140,15158
15142,15158
15142,15160
15158,15160
15158,15171
15158,15173
15158,15174
15158,15180
15160,15171
15160,15173
15171,15173
15171,15174
15173,15174
15173,15180
15174,15180
15174,15182
15174,15184
15180,15182
15180,15184
15180,15185
15180,15223
15180,15227
15180,15236
15180,15238
15182,15184
15182,15185
15182,15223
15182,15227
15184,15185
15185,15223
15185,15227
15185,15236
15185,15238
15223,15227
15227,15236
15227,15238
15236,15238
15238,15243
15238,15248
15243,15248
15243,15263
15243,15267
15243,15270
15248,15263
15248,15267
15248,15270
15263,15267
15263,15270
15263,15278
15263,15279
15263,15283
15263,15296
15267,15270
15270,15278
15278,15279
15279,15283
15279,15296
15279,15306
15283,15296
15283,15306
15296,15306
15306,15311
15311,15313
15311,15316
15311,15338
15311,15340
15313,15316
15313,15338
15313,15340
15313,15347
15313,15352
15316,15338
15316,15340
15338,15340
15340,15347
15347,15352
15352,15355
15355,15356
15356,15357
15356,15369
15356,15381
15357,15369
15357,15381
15357,15388
15369,15381
15369,15388
15381,15388
15381,15395
15388,15395
15395,15419
15419,15420
15419,15423
15420,15423
15420,15429
15420,15435
15420,15437
15423,15429
15423,15435
15423,15437
15423,15440
15429,15435
15435,15437
15435,15440
15435,15441
15437,15440
15440,15441
15440,15444
15441,15444
15444,15452
15452,15456
15452,15471
15456,15471
15471,15472
15472,15481
15472,15485
15481,15485
15481,15486
15481,15498
15481,15502
15481,15505
15481,15507
15481,15515
15481,15546
15485,15486
15485,15498
15486,15498
15486,15502
15498,15502
15498,15505
15502,15505
15505,15507
15505,15515
15505,15546
15505,15547
15507,15515
15507,15546
15515,15546
15515,15547
15515,15552
15546,15547
15546,15552
15546,15561
15547,15552
15547,15561
15547,15565
15547,15567
15547,15569
15552,15561
15552,15565
15561,15565
15561,15567
15565,15567
15567,15569
15569,15571
15569,15580
15569,15585
15569,15586
15571,15580
15580,15585
15580,15586
15580,15587
15580,15595
15585,15586
15586,15587
15587,15595
15595,15599
15595,15602
15599,15602
15599,15605
15599,15619
15599,15621
15602,15605
15602,15619
15602,15621
15605,15619
15619,15621
15621,15624
15624,15625
15624,15631
15624,15635
15625,15631
15625,15635
15631,15635
15631,15640
15631,15649
15631,15656
15631,15660
15631,15663
15635,15640
15640,15649
15640,15656
15640,15660
15649,15656
15649,15660
15649,15663
15656,15660
15660,15663
15663,15669
15663,15705
15669,15705
15669,15706
15669,15715
15669,15723
15669,15727
15705,15706
15705,15715
15706,15715
15706,15723
15706,15727
15715,15723
15715,15727
15715,15732
15723,15727
15727,15732
15727,15734
15727,15741
15727,15744
15732,15734
15734,15741
15734,15744
15734,15751
15734,15757
15734,15763
15741,15744
15744,15751
15744,15757
15751,15757
15757,15763
15763,15766
15763,15767
15766,15767
15766,15774
15766,15775
15767,15774
15767,15775
15767,15776
15774,15775
15775,15776
15775,15793
15775,15798
15776,15793
15776,15798
15793,15798
15798,15819
15798,15820
15798,15821
15798,15823
15819,15820
15819,15821
15819,15823
15819,15825
15820,15821
15821,15823
15823,15825
15823,15837
15823,15839
15823,15844
15825,15837
15837,15839
15839,15844
15844,15851
15851,15874
15851,15876
15851,15883
15851,15884
15851,15887
15874,15876
15876,15883
15883,15884
15884,15887
15884,15888
15884,15892
15884,15895
15884,15901
15884,15903
15887,15888
15887,15892
15888,15892
15892,15895
15895,15901
15895,15903
15901,15903
15903,15905
15903,15910
15905,15910
15910,15916
15910,15922
15910,15923
15916,15922
15922,15923
15923,15925
15923,15945
15923,15949
15923,15956
15925,15945
15945,15949
15949,15956
15949,15962
15956,15962
15962,15964
15964,15967
15964,15968
15964,15971
15967,15968
15968,15971
15968,15974
15971,15974
15974,15975
15974,15980
15974,15982
15974,15986
15975,15980
15980,15982
15980,15986
15980,15988
15980,15989
15982,15986
15982,15988
15982,15989
15982,15993
15986,15988
15988,15989
15989,15993
15989,15995
15989,16002
15993,15995
15993,16002
15995,16002
15995,16003
16002,16003
16002,16011
16002,16019
16002,16028
16003,16011
16003,16019
16003,16028
16011,16019
16011,16028
16019,16028
16028,16029
16028,16030
16028,16032
16029,16030
16030,16032
16030,16035
16030,16039
16030,16043
16032,16035
16032,16039
16035,16039
16035,16043
16035,16055
16035,16056
16039,16043
16043,16055
16043,16056
16055,16056
16056,16057
16057,16065
16057,16067
16057,16071
16065,16067
16067,16071
16071,16072
16072,16074
16074,16084
16074,16091
16074,16095
16084,16091
16084,16095
16084,16096
16084,16097
16084,16098
16084,16105
16091,16095
16091,16096
16091,16097
16095,16096
16096,16097
16097,16098
16098,16105
16098,16106
16098,16110
16105,16106
16105,16110
16106,16110
16110,16115
16115,16121
16121,16123
16123,16129
16129,16130
16130,16141
16141,16145
16141,16159
16141,16160
16145,16159
16145,16160
16145,16164
16145,16174
16145,16176
16159,16160
16160,16164
16164,16174
16164,16176
16164,16187
16174,16176
16174,16187
16176,16187
16187,16188
16188,16194
16188,16201
16188,16209
16194,16201
16201,16209
16201,16212
16201,16215
16209,16212
16212,16215
16212,16231
16212,16234
16212,16236
16215,16231
16231,16234
16231,16236
16231,16237
16234,16236
16236,16237
16236,16241
16236,16245
16236,16247
16237,16241
16241,16245
16241,16247
16245,16247
16247,16248
16247,16251
16247,16253
16247,16254
16248,16251
16248,16253
16248,16254
16248,16263
16248,16265
16251,16253
16253,16254
16254,16263
16263,16265
16263,16267
16263,16269
16263,16270
16263,16273
16263,16279
16263,16290
16265,16267
16265,16269
16265,16270
16265,16273
16267,16269
16269,16270
16269,16273
16269,16279
16269,16290
16270,16273
16273,16279
16273,16290
16273,16293
16273,16296
16279,16290
16279,16293
16279,16296
16279,16299
16290,16293
16293,16296
16296,16299
16296,16303
16296,16308
16296,16315
16299,16303
16299,16308
16299,16315
16299,16321
16299,16322
16303,16308
16303,16315
16308,16315
16308,16321
16308,16322
16308,16323
16315,16321
16315,16322
16321,16322
16322,16323
16322,16328
16323,16328
16328,16332
16332,16351
16332,16361
16332,16363
16332,16364
16351,16361
16351,16363
16351,16364
16351,16365
16351,16375
16361,16363
16363,16364
16364,16365
16364,16375
16365,16375
16375,16378
16378,16380
16378,16386
16378,16388
16378,16403
16378,16406
16380,16386
16380,16388
16386,16388
16388,16403
16388,16406
16403,16406
16403,16411
16403,16413
16406,16411
16406,16413
16406,16414
16411,16413
16411,16414
16413,16414
16414,16416
16416,16421
16421,16427
16427,16428
16427,16438
16427,16453
16428,16438
16428,16453
16438,16453
16438,16459
16438,16476
16453,16459
16459,16476
16459,16479
16476,16479
16479,16483
16479,16497
16483,16497
16497,16501
16501,16505
16505,16509
16505,16513
16509,16513
16513,16515
16513,16516
16515,16516
16516,16521
16521,16532
16521,16533
16521,16538
16521,16543
16532,16533
16532,16538
16533,16538
16538,16543
16538,16547
16538,16552
16538,16556
16538,16557
16538,16567
16538,16578
16543,16547
16543,16552
16547,16552
16547,16556
16552,16556
16552,16557
16556,16557
16557,16567
16557,16578
16557,16583
16557,16585
16557,16594
16567,16578
16578,16583
16578,16585
16583,16585
16585,16594
16594,16603
16603,16607
16603,16610
16603,16611
16607,16610
16607,16611
16607,16618
16610,16611
16611,16618
16611,16619
16611,16624
16618,16619
16618,16624
16619,16624
16624,16626
16624,16629
16626,16629
16629,16630
16629,16631
16630,16631
16630,16632
16631,16632
16631,16643
16632,16643
16643,16647
16647,16649
16649,16650
16649,16661
16649,16673
16649,16681
16649,16684
16650,16661
16650,16673
16661,16673
16661,16681
16661,16684
16673,16681
16673,16684
16673,16691
16681,16684
16681,16691
16681,16696
16681,16697
16681,16716
16684,16691
16691,16696
16696,16697
16696,16716
16696,16717
16697,16716
16697,16717
16716,16717
16716,16720
16716,16721
16716,16725
16717,16720
16717,16721
16720,16721
16721,16725
16725,16729
16725,16735
16725,16740
16725,16741
16725,16744
16729,16735
16729,16740
16729,16741
16729,16744
16735,16740
16740,16741
16740,16744
16740,16745
16741,16744
16744,16745
16745,16750
16745,16754
16750,16754
16754,16761
16761,16764
16764,16765
16765,16767
16767,16768
16767,16775
16767,16776
16767,16778
16768,16775
16768,16776
16775,16776
16776,16778
16778,16783
16783,16787
16783,16788
16783,16794
16783,16801
16783,16813
16787,16788
16788,16794
16794,16801
16801,16813
16813,16828
16813,16829
16813,16835
16828,16829
16829,16835
16835,16836
16836,16844
16844,16846
16844,16847
16846,16847
16846,16857
16847,16857
16857,16858
16858,16859
16858,16866
16858,16870
16858,16873
16858,16878
16858,16885
16859,16866
16866,16870
16870,16873
16873,16878
16878,16885
16878,16896
16878,16903
16885,16896
16885,16903
16885,16905
16885,16907
16896,16903
16903,16905
16903,16907
16903,16909
16903,16911
16903,16913
16905,16907
16905,16909
16905,16911
16907,16909
16909,16911
16909,16913
16909,16923
16909,16934
16909,16935
16911,16913
16913,16923
16923,16934
16923,16935
16934,16935
16935,16936
16936,16945
16945,16948
16945,16950
16945,16957
16948,16950
16948,16957
16948,16959
16950,16957
16950,16959
16957,16959
16959,16966
16959,16969
16959,16983
16959,16986
16959,17008
16959,17015
16966,16969
16966,16983
16969,16983
16983,16986
16986,17008
17008,17015
17008,17023
17008,17028
17015,17023
17015,17028
17023,17028
17023,17032
17023,17034
17023,17037
17028,17032
17032,17034
17032,17037
17032,17041
17034,17037
17034,17041
17034,17044
17034,17046
17034,17047
17037,17041
17041,17044
17041,17046
17044,17046
17044,17047
17046,17047
17047,17057
17057,17060
17060,17073
17060,17078
17060,17080
17073,17078
17073,17080
17073,17089
17073,17104
17073,17111
17078,17080
17080,17089
17089,17104
17089,17111
17089,17112
17089,17113
17104,17111
17104,17112
17104,17113
17111,17112
17111,17113
17111,17114
17111,17117
17112,17113
17113,17114
17114,17117
17114,17122
17114,17151
17117,17122
17117,17151
17122,17151
17151,17154
17151,17160
17154,17160
17154,17163
17154,17176
17154,17180
17160,17163
17163,17176
17163,17180
17176,17180
17176,17187
17180,17187
17180,17191
17187,17191
17191,17192
17191,17199
17191,17206
17191,17214
17191,17216
17191,17220
17192,17199
17199,17206
17199,17214
17206,17214
17206,17216
17206,17220
17206,17225
17206,17226
17214,17216
17214,17220
17216,17220
17220,17225
17225,17226
17225,17228
17225,17234
17225,17237
17226,17228
17226,17234
17226,17237
17226,17243
17228,17234
17234,17237
17234,17243
17234,17254
17234,17256
17234,17264
17234,17266
17237,17243
17237,17254
17237,17256
17243,17254
17243,17256
17254,17256
17256,17264
17256,17266
17256,17269
17264,17266
17264,17269
17266,17269
17269,17275
17275,17281
17275,17293
17281,17293
17293,17298
17293,17303
17293,17313
17293,17318
17293,17325
17293,17326
17298,17303
17298,17313
17298,17318
17303,17313
17303,17318
17313,17318
17318,17325
17325,17326
17326,17330
17326,17332
17330,17332
17332,17336
17336,17348
17336,17358
17348,17358
17358,17364
17364,17373
17373,17376
17373,17377
17373,17383
17373,17385
17376,17377
17377,17383
17383,17385
17385,17399
17399,17401
17399,17402
17401,17402
17402,17403
17403,17410
17410,17413
17413,17418
17418,17423
17423,17430
17423,17432
17430,17432
17432,17433
17433,17438
17438,17444
17438,17451
17438,17452
17444,17451
17451,17452
17451,17454
17452,17454
17452,17460
17452,17476
17454,17460
17460,17476
17460,17477
17460,17480
17476,17477
17477,17480
17480,17484
17484,17495
17495,17505
17505,17510
17505,17514
17510,17514
17514,17516
17514,17519
17514,17533
17516,17519
17516,17533
17519,17533
17533,17542
17542,17543
17542,17551
17542,17553
17542,17554
17543,17551
17551,17553
17553,17554
17554,17556
17554,17580
17556,17580
17556,17582
17556,17589
17556,17595
17580,17582
17582,17589
17582,17595
17582,17598
17582,17601
17589,17595
17595,17598
17595,17601
17598,17601
17598,17603
17598,17606
17601,17603
17601,17606
17601,17607
17603,17606
17603,17607
17603,17612
17606,17607
17607,17612
17612,17621
17621,17623
17621,17627
17621,17632
17623,17627
17623,17632
17623,17637
17623,17646
17627,17632
17627,17637
17627,17646
17632,17637
17632,17646
17632,17651
17637,17646
17637,17651
17637,17652
17637,17653
17637,17661
17637,17664
17646,17651
17646,17652
17646,17653
17646,17661
17651,17652
17652,17653
17653,17661
17653,17664
17653,17670
17661,17664
17661,17670
17664,17670
17664,17675
17670,17675
17675,17678
17675,17684
17675,17685
17675,17686
17678,17684
17684,17685
17685,17686
17685,17688
17685,17708
17685,17714
17686,17688
17686,17708
17686,17714
17688,17708
17708,17714
17708,17727
17708,17731
17714,17727
17714,17731
17714,17737
17714,17747
17714,17761
17727,17731
17727,17737
17727,17747
17731,17737
17731,17747
17731,17761
17737,17747
17747,17761
17761,17763
17763,17769
17769,17773
17773,17775
17775,17778
17778,17779
17778,17782
17778,17786
17778,17789
17779,17782
17782,17786
17786,17789
17789,17790
17789,17792
17789,17796
17790,17792
17790,17796
17792,17796
17792,17798
17792,17799
17792,17801
17796,17798
17798,17799
17799,17801
17799,17803
17799,17804
17801,17803
17803,17804
17803,17818
17803,17832
17804,17818
17804,17832
17804,17848
17804,17850
17804,17851
17818,17832
17832,17848
17848,17850
17848,17851
17848,17866
17848,17870
17850,17851
17851,17866
17866,17870
17870,17875
17870,17882
17870,17885
17875,17882
17875,17885
17882,17885
17882,17887
17882,17889
17882,17892
17885,17887
17885,17889
17885,17892
17885,17905
17887,17889
17889,17892
17892,17905
17905,17906
17906,17925
17925,17929
17925,17932
17929,17932
17929,17933
17929,17937
17932,17933
17932,17937
17932,17939
17933,17937
17933,17939
17933,17943
17933,17944
17933,17949
17937,17939
17937,17943
17939,17943
17943,17944
17944,17949
17944,17955
17949,17955
17955,17957
17955,17961
17955,17965
17955,17968
17957,17961
17961,17965
17961,17968
17961,17971
17961,17972
17961,17974
17965,17968
17968,17971
17971,17972
17971,17974
17972,17974
17972,17976
17972,17977
17974,17976
17974,17977
17974,17980
17974,17982
17976,17977
17976,17980
17976,17982
17976,17990
17977,17980
17980,17982
17980,17990
17980,17993
17980,17996
17982,17990
17990,17993
17990,17996
17993,17996
17996,17999
17996,18002
17996,18013
17996,18026
17999,18002
18002,18013
18002,18026
18013,18026
18013,18029
18013,18030
18013,18031
18013,18040
18026,18029
18029,18030
18030,18031
18030,18040
18031,18040
18031,18041
18031,18042
18031,18046
18031,18047
18031,18051
18040,18041
18041,18042
18042,18046
18046,18047
18046,18051
18047,18051
18051,18058
18058,18059
18058,18063
18058,18065
18059,18063
18063,18065
18065,18076
18076,18082
18076,18086
18082,18086
18086,18098
18086,18100
18086,18106
18098,18100
18100,18106
18100,18108
18100,18112
18100,18118
18106,18108
18106,18112
18106,18118
18108,18112
18108,18118
18112,18118
18118,18121
18118,18122
18118,18129
18121,18122
18121,18129
18122,18129
18122,18134
18122,18139
18122,18148
18129,18134
18134,18139
18139,18148
18139,18152
18148,18152
18148,18153
18148,18155
18152,18153
18153,18155
18153,18159
18153,18165
18153,18171
18153,18172
18155,18159
18155,18165
18159,18165
18165,18171
18171,18172
18171,18177
18172,18177
18172,18178
18172,18180
18172,18187
18177,18178
18178,18180
18180,18187
18180,18188
18180,18193
18180,18199
18180,18213
18187,18188
18187,18193
18187,18199
18188,18193
18188,18199
18188,18213
18193,18199
18199,18213
18199,18214
18199,18216
18199,18218
18213,18214
18213,18216
18213,18218
18213,18224
18214,18216
18214,18218
18214,18224
18216,18218
18216,18224
18216,18226
18218,18224
18224,18226
18226,18228
18228,18229
18229,18231
18231,18248
18248,18249
18249,18252
18249,18260
18249,18263
18252,18260
18260,18263
18263,18265
18265,18275
18265,18307
18275,18307
18307,18312
18307,18323
18312,18323
18312,18328
18323,18328
18328,18329
18328,18331
18329,18331
18331,18334
18334,18338
18338,18341
18341,18343
18341,18345
18341,18360
18343,18345
18343,18360
18345,18360
18345,18364
18345,18366
18360,18364
18364,18366
18364,18383
18364,18386
18364,18388
18366,18383
18366,18386
18383,18386
18386,18388
18388,18395
18395,18397
18395,18401
18395,18404
18395,18420
18397,18401
18397,18404
18401,18404
18401,18420
18401,18423
18404,18420
18404,18423
18404,18424
18404,18430
18420,18423
18423,18424
18424,18430
18424,18435
18430,18435
18435,18436
18436,18439
18439,18447
18447,18452
18447,18462
18452,18462
18452,18465
18452,18482
18452,18484
18452,18488
18462,18465
18462,18482
18462,18484
18465,18482
18482,18484
18484,18488
18488,18492
18492,18493
18492,18497
18493,18497
18493,18502
18493,18503
18493,18506
18497,18502
18497,18503
18502,18503
18503,18506
18503,18507
18503,18508
18506,18507
18507,18508
18507,18513
18507,18516
18507,18518
18507,18525
18507,18533
18508,18513
18508,18516
18513,18516
18513,18518
18513,18525
18516,18518
18516,18525
18516,18533
18516,18537
18518,18525
18525,18533
18533,18537
18533,18543
18533,18546
18533,18550
18533,18559
18533,18560
18537,18543
18537,18546
18537,18550
18537,18559
18543,18546
18546,18550
18546,18559
18550,18559
18550,18560
18550,18570
18559,18560
18559,18570
18559,18571
18559,18577
18560,18570
18570,18571
18571,18577
18577,18588
18588,18595
18595,18605
18605,18607
18605,18608
18605,18609
18605,18610
18605,18612
18607,18608
18607,18609
18608,18609
18609,18610
18609,18612
18609,18618
18610,18612
18612,18618
18618,18621
18621,18623
18621,18624
18621,18629
18621,18631
18621,18637
18623,18624
18623,18629
18623,18631
18623,18637
18623,18641
18624,18629
18624,18631
18624,18637
18624,18641
18629,18631
18629,18637
18629,18641
18629,18646
18629,18653
18631,18637
18637,18641
18637,18646
18641,18646
18646,18653
18646,18660
18653,18660
18660,18665
18665,18675
18675,18680
18680,18681
18680,18696
18680,18697
18681,18696
18681,18697
18681,18703
18681,18710
18681,18716
18696,18697
18697,18703
18703,18710
18703,18716
18703,18723
18703,18725
18710,18716
18716,18723
18723,18725
18723,18727
18723,18730
18725,18727
18725,18730
18725,18734
18725,18742
18727,18730
18730,18734
18734,18742
18734,18743
18742,18743
18743,18746
18743,18754
18743,18759
18743,18766
18746,18754
18754,18759
18759,18766
18759,18777
18759,18799
18766,18777
18766,18799
18766,18802
18766,18805
18777,18799
18777,18802
18777,18805
18799,18802
18802,18805
18805,18807
18805,18810
18805,18815
18807,18810
18810,18815
18810,18817
18810,18818
18810,18829
18815,18817
18817,18818
18818,18829
18829,18830
18830,18839
18839,18842
18842,18843
18842,18848
18842,18852
18842,18861
18843,18848
18848,18852
18848,18861
18848,18869
18848,18883
18852,18861
18861,18869
18861,18883
18869,18883
18869,18885
18869,18889
18883,18885
18883,18889
18883,18894
18883,18896
18883,18899
18885,18889
18885,18894
18889,18894
18894,18896
18896,18899
18899,18903
18899,18904
18903,18904
18903,18906
18903,18914
18903,18915
18903,18918
18903,18923
18904,18906
18904,18914
18906,18914
18906,18915
18906,18918
18906,18923
18906,18925
18906,18939
18906,18940
18914,18915
18914,18918
18915,18918
18915,18923
18918,18923
18923,18925
18925,18939
18939,18940
18940,18942
18942,18943
18942,18945
18942,18946
18942,18950
18942,18951
18943,18945
18945,18946
18945,18950
18946,18950
18946,18951
18946,18978
18946,18980
18950,18951
18951,18978
18951,18980
18951,18983
18978,18980
18980,18983
18983,18986
18986,18994
18994,18998
18994,19007
18998,19007
19007,19015
19015,19020
19020,19024
19020,19030
19024,19030
19030,19037
19037,19041
19041,19043
19041,19047
19041,19051
19043,19047
19047,19051
19051,19052
19051,19053
19052,19053
19053,19060
19053,19066
19053,19067
19060,19066
19060,19067
19060,19075
19060,19085
19066,19067
19066,19075
19067,19075
19067,19085
19075,19085
19075,19087
19075,19088
19085,19087
19087,19088
19088,19091
19091,19093
19093,19094
19094,19099
19099,19100
19099,19104
19100,19104
19104,19109
19104,19116
19104,19121
19104,19133
19104,19135
19104,19136
19104,19140
19109,19116
19116,19121
19121,19133
19133,19135
19133,19136
19135,19136
19135,19140
19135,19147
19136,19140
19136,19147
19136,19150
19136,19152
19136,19159
19140,19147
19147,19150
19150,19152
19150,19159
19150,19164
19150,19176
19152,19159
19159,19164
19159,19176
19159,19178
19159,19187
19164,19176
19176,19178
19178,19187
19178,19189
19187,19189
19189,19191
19191,19194
19191,19196
19191,19204
19191,19209
19191,19216
19194,19196
19194,19204
19196,19204
19204,19209
19204,19216
19209,19216
19209,19234
19216,19234
19216,19235
19234,19235
19234,19243
19235,19243
19235,19248
19235,19252
19243,19248
19248,19252
19248,19253
19248,19254
19252,19253
19252,19254
19252,19260
19252,19265
19252,19273
19253,19254
19254,19260
19260,19265
19265,19273
19273,19279
19279,19282
19282,19288
19282,19294
19288,19294
19294,19298
19294,19312
19294,19321
19298,19312
19312,19321
19312,19336
19321,19336
19336,19340
19336,19344
19336,19348
19340,19344
19344,19348
19344,19355
19344,19362
19344,19370
19344,19372
19348,19355
19348,19362
19348,19370
19355,19362
19355,19370
19355,19372
19362,19370
19362,19372
19362,19376
19362,19377
19370,19372
19372,19376
19376,19377
19377,19378
19378,19382
19382,19383
19383,19385
19385,19390
19385,19392
19385,19408
19385,19420
19385,19423
19390,19392
19390,19408
19392,19408
19408,19420
19420,19423
19423,19430
19430,19431
19431,19434
19431,19436
19434,19436
19434,19440
19434,19441
19436,19440
19436,19441
19436,19445
19436,19448
19436,19450
19440,19441
19440,19445
19440,19448
19441,19445
19445,19448
19445,19450
19448,19450
19448,19451
19448,19453
19450,19451
19450,19453
19450,19455
19450,19467
19450,19468
19451,19453
19453,19455
19455,19467
19467,19468
19467,19470
19467,19472
19468,19470
19468,19472
19468,19476
19470,19472
19470,19476
19472,19476
19472,19478
19472,19484
19472,19487
19472,19493
19472,19496
19476,19478
19478,19484
19478,19487
19478,19493
19478,19496
19484,19487
19487,19493
19487,19496
19487,19499
19487,19502
19493,19496
19496,19499
19496,19502
19496,19504
19499,19502
19499,19504
19499,19516
19502,19504
19504,19516
19504,19518
19516,19518
19518,19520
19518,19521
19518,19526
19520,19521
19520,19526
19521,19526
19526,19545
19526,19548
19545,19548
19548,19551
19548,19553
19548,19559
19551,19553
19551,19559
19553,19559
19559,19560
19560,19565
19560,19575
19560,19579
19565,19575
19565,19579
19575,19579
19575,19581
19579,19581
19581,19584
19581,19588
19581,19591
19581,19592
19581,19603
19581,19606
19584,19588
19584,19591
19584,19592
19584,19603
19588,19591
19588,19592
19588,19603
19588,19606
19591,19592
19591,19603
19591,19606
19591,19613
19592,19603
19603,19606
19606,19613
19606,19616
19606,19629
19606,19632
19613,19616
19613,19629
19613,19632
19616,19629
19629,19632
19629,19638
19632,19638
19638,19641
19638,19645
19641,19645
19641,19647
19645,19647
19647,19648
19647,19650
19648,19650
19650,19661
19661,19663
19663,19665
19665,19666
19665,19677
19665,19683
19665,19688
19665,19690
19666,19677
19666,19683
19666,19688
19677,19683
19683,19688
19683,19690
19688,19690
19688,19697
19688,19701
19690,19697
19697,19701
19701,19702
19702,19703
19702,19704
19703,19704
19703,19706
19703,19707
19704,19706
19704,19707
19704,19709
19706,19707
19707,19709
19707,19711
19709,19711
19709,19722
19709,19724
19709,19733
19711,19722
19722,19724
19724,19733
19733,19734
19733,19740
19734,19740
19740,19741
19741,19748
19741,19750
19748,19750
19748,19752
19748,19758
19750,19752
19750,19758
19752,19758
19758,19764
19758,19769
19764,19769
19769,19771
19769,19778
19769,19790
19769,19795
19769,19797
19769,19798
19769,19803
19769,19804
19771,19778
19778,19790
19778,19795
19778,19797
19778,19798
19778,19803
19790,19795
19795,19797
19797,19798
19798,19803
19803,19804
19803,19806
19804,19806
19804,19808
19804,19811
19806,19808
19806,19811
19806,19813
19808,19811
19808,19813
19808,19818
19808,19823
19811,19813
19813,19818
19813,19823
19818,19823
19818,19830
19823,19830
19830,19837
19837,19838
19837,19840
19837,19849
19838,19840
19840,19849
19849,19850
19849,19851
19850,19851
19850,19854
19851,19854
19854,19855
19854,19858
19854,19861
19855,19858
19858,19861
19861,19873
19873,19888
19873,19894
19873,19895
19888,19894
19894,19895
19895,19899
19899,19903
19899,19904
19899,19907
19899,19908
19903,19904
19904,19907
19907,19908
19908,19912
19912,19936
19936,19949
19949,19953
19953,19956
19956,19965
19956,19982
19965,19982
19982,19989
19982,19997
19982,19998
19989,19997
19989,19998
19997,19998
19998,20002
20002,20009
20002,20017
20002,20021
20002,20034
20009,20017
20009,20021
20017,20021
20017,20034
20017,20035
20017,20036
20021,20034
20021,20035
20021,20036
20034,20035
20034,20036
20034,20059
20034,20062
20035,20036
20035,20059
20036,20059
20036,20062
20059,20062
20059,20063
20062,20063
20063,20068
20063,20077
20068,20077
20068,20078
20077,20078
20078,20079
20078,20084
20079,20084
20084,20085
20084,20087
20084,20091
20085,20087
20085,20091
20085,20092
20085,20095
20087,20091
20087,20092
20091,20092
20091,20095
20092,20095
20095,20104
20095,20106
20095,20110
20095,20115
20095,20131
20104,20106
20104,20110
20104,20115
20106,20110
20106,20115
20106,20131
20110,20115
20115,20131
20115,20140
20131,20140
20131,20142
20140,20142
20140,20144
20140,20156
20142,20144
20142,20156
20142,20157
20144,20156
20156,20157
20156,20160
20156,20161
20157,20160
20157,20161
20157,20172
20160,20161
20160,20172
20160,20173
20160,20176
20160,20179
20161,20172
20161,20173
20172,20173
20173,20176
20176,20179
20176,20192
20179,20192
20179,20194
20179,20196
20192,20194
20194,20196
20194,20210
20196,20210
20196,20217
20196,20218
20210,20217
20210,20218
20217,20218
20218,20225
20218,20228
20225,20228
20228,20232
20228,20233
20228,20238
20228,20240
20228,20242
20228,20250
20232,20233
20232,20238
20232,20240
20233,20238
20238,20240
20238,20242
20238,20250
20238,20251
20240,20242
20242,20250
20242,20251
20250,20251
20251,20256
20251,20260
20256,20260
20256,20263
20260,20263
20260,20264
20260,20267
20260,20272
20260,20281
20263,20264
20264,20267
20267,20272
20267,20281
20272,20281
20272,20288
20281,20288
20288,20290
20288,20292
20290,20292
20290,20293
20290,20299
20290,20302
20290,20308
20292,20293
20293,20299
20293,20302
20293,20308
20293,20309
20293,20310
20299,20302
20299,20308
20302,20308
20302,20309
20302,20310
20308,20309
20309,20310
20310,20314
20310,20328
20314,20328
20328,20331
20331,20332
20332,20334
20332,20337
20332,20338
20332,20349
20334,20337
20337,20338
20338,20349
20338,20354
20338,20356
20338,20367
20338,20368
20349,20354
20349,20356
20354,20356
20354,20367
20354,20368
20356,20367
20367,20368
20368,20378
20378,20380
20378,20386
20380,20386
20386,20387
20386,20388
20386,20395
20387,20388
20387,20395
20388,20395
20395,20404
20395,20408
20395,20417
20395,20420
20395,20437
20395,20450
20395,20458
20404,20408
20408,20417
20417,20420
20417,20437
20417,20450
20420,20437
20437,20450
20437,20458
20437,20465
20437,20478
20437,20481
20450,20458
20458,20465
20465,20478
20465,20481
20465,20482
20465,20488
20465,20496
20478,20481
20478,20482
20481,20482
20481,20488
20482,20488
20488,20496
20496,20500
20496,20515
20496,20519
20500,20515
20500,20519
20500,20524
20500,20530
20515,20519
20519,20524
20519,20530
20524,20530
20524,20531
20524,20534
20530,20531
20530,20534
20530,20541
20531,20534
20531,20541
20534,20541
20534,20543
20534,20545
20534,20547
20541,20543
20541,20545
20541,20547
20543,20545
20545,20547
20547,20562
20547,20563
20562,20563
20563,20567
20563,20573
20567,20573
20567,20575
20567,20579
20567,20580
20567,20582
20573,20575
20573,20579
20573,20580
20575,20579
20575,20580
20579,20580
20579,20582
20580,20582
20582,20584
20582,20588
20582,20591
20584,20588
20584,20591
20584,20600
20584,20605
20588,20591
20591,20600
20591,20605
20591,20606
20600,20605
20600,20606
20600,20609
20600,20610
20605,20606
20606,20609
20606,20610
20606,20617
20609,20610
20610,20617
20617,20625
20625,20630
20625,20631
20630,20631
20631,20632
20631,20639
20631,20641
20631,20652
20632,20639
20632,20641
20632,20652
20639,20641
20641,20652
20641,20653
20652,20653
20652,20675
20652,20677
20652,20680
20652,20686
20653,20675
20675,20677
20675,20680
20675,20686
20677,20680
20680,20686
20686,20687
20686,20691
20686,20693
20686,20698
20687,20691
20687,20693
20687,20698
20691,20693
20691,20698
20693,20698
20698,20711
20711,20722
20711,20723
20722,20723
20722,20728
20722,20730
20723,20728
20728,20730
20728,20731
20728,20747
20730,20731
20730,20747
20731,20747
20731,20753
20747,20753
20753,20768
20753,20772
20753,20773
20753,20775
20768,20772
20768,20773
20768,20775
20768,20780
20772,20773
20773,20775
20773,20780
20775,20780
20780,20783
20780,20789
20783,20789
20789,20793
20789,20796
20793,20796
20796,20801
20801,20805
20805,20814
20814,20816
20816,20817
20817,20824
20824,20827
20824,20836
20824,20848
20824,20853
20827,20836
20836,20848
20848,20853
20853,20857
20857,20873
20873,20881
20881,20883
20881,20888
20883,20888
20888,20890
20888,20891
20890,20891
20890,20894
20890,20898
20891,20894
20894,20898
20898,20902
20902,20912
20912,20917
20912,20925
20917,20925
20925,20929
20929,20935
20935,20936
20936,20942
20942,20944
20942,20947
20942,20951
20942,20955
20944,20947
20947,20951
20947,20955
20947,20959
20947,20966
20947,20970
20951,20955
20951,20959
20955,20959
20955,20966
20955,20970
20955,20971
20959,20966
20959,20970
20966,20970
20966,20971
20966,20973
20970,20971
20971,20973
20973,20975
20975,20984
20975,20986
20984,20986
20986,20989
20989,20991
20989,20993
20989,20995
20991,20993
20991,20995
20993,20995
20995,21000
20995,21001
20995,21006
21000,21001
21001,21006
21001,21010
21001,21021
21001,21027
21006,21010
21006,21021
21006,21027
21010,21021
21021,21027
21021,21039
21021,21040
21027,21039
21039,21040
21040,21056
21056,21066
21066,21067
21066,21083
21067,21083
21067,21085
21067,21086
21067,21095
21083,21085
21083,21086
21085,21086
21086,21095
21095,21096
21096,21100
21096,21112
21100,21112
21112,21113
21113,21119
21113,21125
21119,21125
21119,21131
21119,21134
21125,21131
21125,21134
21125,21135
21125,21137
21131,21134
21131,21135
21131,21137
21134,21135
21135,21137
21137,21153
21153,21157
21157,21163
21163,21165
21163,21168
21165,21168
21168,21179
21179,21188
21179,21193
21188,21193
21188,21196
21193,21196
21196,21208
21196,21210
21196,21211
21196,21213
21208,21210
21210,21211
21211,21213
21213,21221
21221,21222
21221,21223
21221,21228
21221,21232
21221,21245
21221,21254
21222,21223
21223,21228
21223,21232
21223,21245
21223,21254
21223,21257
21228,21232
21228,21245
21228,21254
21228,21257
21228,21258
21232,21245
21245,21254
21245,21257
21254,21257
21257,21258
21258,21268
21268,21274
21268,21277
21268,21282
21268,21291
21274,21277
21277,21282
21277,21291
21277,21299
21282,21291
21282,21299
21291,21299
21299,21302
21302,21315
21302,21319
21302,21322
21302,21324
21315,21319
21319,21322
21319,21324
21319,21327
21319,21329
21319,21336
21322,21324
21322,21327
21324,21327
21327,21329
21329,21336
21336,21343
21343,21346
21346,21354
21354,21358
21354,21365
21358,21365
21365,21372
21372,21377
21372,21380
21372,21385
21372,21390
21377,21380
21377,21385
21377,21390
21380,21385
21385,21390
21385,21392
21390,21392
21392,21406
21392,21415
21406,21415
21406,21421
21415,21421
21415,21423
21421,21423
21423,21426
21423,21438
21426,21438
21426,21440
21426,21450
21438,21440
21438,21450
21440,21450
21440,21451
21450,21451
21450,21457
21450,21458
21450,21462
21451,21457
21457,21458
21458,21462
21458,21463
21462,21463
21462,21464
21462,21467
21462,21478
21463,21464
21464,21467
21467,21478
21478,21490
21490,21492
21490,21496
21492,21496
21492,21499
21496,21499
21499,21506
21506,21507
21506,21515
21506,21519
21507,21515
21515,21519
21515,21521
21519,21521
21521,21531
21521,21534
21531,21534
21531,21536
21534,21536
21534,21540
21534,21546
21534,21549
21536,21540
21540,21546
21546,21549
21546,21551
21549,21551
21549,21552
21551,21552
21551,21554
21551,21556
21552,21554
21552,21556
21554,21556
21554,21557
21554,21569
21554,21583
21556,21557
21557,21569
21569,21583
21569,21591
21569,21592
21569,21601
21569,21603
21569,21608
21583,21591
21583,21592
21591,21592
21592,21601
21601,21603
21603,21608
21608,21613
21613,21618
21618,21622
21622,21636
21622,21642
21622,21652
21636,21642
21642,21652
21642,21656
21642,21662
21652,21656
21656,21662
21656,21666
21656,21669
21656,21672
21656,21677
21662,21666
21666,21669
21669,21672
21672,21677
21672,21679
21672,21693
21677,21679
21677,21693
21679,21693
21693,21697
21693,21701
21693,21704
21693,21711
21693,21716
21697,21701
21697,21704
21701,21704
21704,21711
21711,21716
21711,21727
21711,21739
21711,21742
21711,21743
21716,21727
21716,21739
21716,21742
21716,21743
21727,21739
21727,21742
21727,21743
21727,21748
21739,21742
21742,21743
21743,21748
21743,21755
21743,21758
21748,21755
21755,21758
21758,21763
21763,21769
21763,21773
21769,21773
21769,21775
21773,21775
21773,21779
21773,21780
21775,21779
21779,21780
21779,21783
21779,21788
21779,21792
21779,21793
21780,21783
21780,21788
21780,21792
21780,21793
21783,21788
21783,21792
21788,21792
21792,21793
21792,21796
21793,21796
21796,21797
21797,21801
21801,21804
21804,21813
21804,21817
21804,21819
21813,21817
21817,21819
21817,21822
21817,21824
21817,21833
21817,21835
21819,21822
21819,21824
21822,21824
21822,21833
21822,21835
21822,21840
21822,21841
21824,21833
21833,21835
21833,21840
21835,21840
21840,21841
21840,21852
21841,21852
21841,21856
21852,21856
21852,21860
21852,21866
21852,21867
21852,21868
21856,21860
21860,21866
21866,21867
21867,21868
21868,21871
21871,21874
21874,21875
21874,21886
21874,21887
21874,21889
21875,21886
21886,21887
21886,21889
21887,21889
21889,21892
21892,21894
21894,21900
21894,21906
21900,21906
21900,21911
21900,21913
21906,21911
21906,21913
21906,21921
21906,21931
21911,21913
21911,21921
21913,21921
21921,21931
21931,21932
21932,21937
21932,21945
21937,21945
21945,21946
21945,21956
21945,21958
21945,21959
21946,21956
21956,21958
21956,21959
21958,21959
21958,21962
21958,21971
21958,21975
21959,21962
21959,21971
21959,21975
21962,21971
21962,21975
21971,21975
21975,21976
21976,21977
21976,21981
21977,21981
21981,21989
21981,21991
21989,21991
21989,22001
21989,22008
21989,22017
21989,22018
21989,22019
21989,22021
21991,22001
22001,22008
22008,22017
22008,22018
22008,22019
22017,22018
22018,22019
22019,22021
22021,22027
22021,22028
22027,22028
22027,22035
22028,22035
22035,22037
22037,22043
22037,22046
22043,22046
22043,22048
22043,22051
22043,22053
22043,22059
22046,22048
22046,22051
22046,22053
22048,22051
22051,22053
22053,22059
22053,22061
22059,22061
22061,22064
22061,22078
22064,22078
22064,22079
22064,22087
22078,22079
22078,22087
22079,22087
22087,22093
22087,22099
22087,22106
22093,22099
22099,22106
22099,22107
22099,22112
22099,22114
22106,22107
22107,22112
22112,22114
22114,22117
22117,22119
22117,22120
22119,22120
22120,22126
22126,22132
22132,22135
22132,22138
22135,22138
22135,22143
22135,22148
22135,22153
22138,22143
22138,22148
22138,22153
22138,22157
22138,22159
22138,22162
22143,22148
22148,22153
22153,22157
22157,22159
22157,22162
22159,22162
22159,22167
22162,22167
22162,22169
22162,22177
22162,22183
22167,22169
22167,22177
22167,22183
22167,22185
22169,22177
22177,22183
22177,22185
22177,22194
22183,22185
22185,22194
22185,22197
22194,22197
22197,22198
22198,22201
22201,22202
22201,22206
22201,22207
22201,22209
22201,22213
22202,22206
22206,22207
22207,22209
22209,22213
22213,22221
22221,22226
22226,22235
22226,22238
22226,22239
22235,22238
22235,22239
22238,22239
22238,22243
22239,22243
22243,22244
22244,22247
22244,22253
22247,22253
22253,22269
22269,22273
22269,22281
22273,22281
22273,22282
22273,22284
22273,22286
22273,22289
22273,22291
22281,22282
22281,22284
22282,22284
22284,22286
22284,22289
22286,22289
22289,22291
22291,22295
22291,22304
22291,22308
22295,22304
22304,22308
22304,22312
22304,22328
22308,22312
22308,22328
22312,22328
22328,22330
22330,22332
22330,22336
22332,22336
22332,22337
22332,22341
22336,22337
22337,22341
22337,22350
22341,22350
22350,22366
22366,22377
22377,22379
22377,22381
22379,22381
22381,22383
22383,22394
22394,22402
22394,22403
22394,22409
22394,22410
22402,22403
22402,22409
22402,22410
22403,22409
22409,22410
22409,22421
22409,22426
22409,22430
22409,22431
22410,22421
22410,22426
22421,22426
22421,22430
22426,22430
22426,22431
22426,22441
22430,22431
22431,22441
22441,22443
22443,22447
22447,22451
22447,22453
22451,22453
22451,22456
22453,22456
22456,22458
22458,22464
22458,22468
22458,22475
22464,22468
22468,22475
22475,22482
22475,22483
22475,22500
22482,22483
22482,22500
22482,22501
22482,22502
22482,22510
22483,22500
22500,22501
22501,22502
22501,22510
22502,22510
22502,22519
22502,22531
22510,22519
22510,22531
22519,22531
22519,22532
22531,22532
22531,22534
22531,22541
22532,22534
22532,22541
22534,22541
22541,22546
22546,22550
22550,22559
22550,22570
22550,22586
22559,22570
22570,22586
22570,22596
22586,22596
22596,22599
22599,22606
22606,22607
22607,22609
22607,22614
22607,22617
22609,22614
22609,22617
22609,22619
22614,22617
22614,22619
22617,22619
22619,22622
22622,22623
22623,22625
22623,22631
22623,22633
22623,22634
22625,22631
22631,22633
22633,22634
22634,22645
22645,22647
22647,22649
22647,22651
22647,22655
22647,22657
22647,22665
22649,22651
22649,22655
22649,22657
22651,22655
22651,22657
22655,22657
22657,22665
22657,22669
22665,22669
22669,22673
22669,22676
22669,22677
22669,22679
22669,22685
22669,22688
22673,22676
22676,22677
22676,22679
22676,22685
22676,22688
22677,22679
22677,22685
22677,22688
22677,22693
22677,22703
22679,22685
22679,22688
22685,22688
22685,22693
22685,22703
22685,22708
22688,22693
22693,22703
22703,22708
22708,22713
22713,22714
22713,22721
22713,22722
22714,22721
22714,22722
22714,22723
22721,22722
22722,22723
22722,22725
22722,22731
22722,22735
22723,22725
22723,22731
22723,22735
22725,22731
22725,22735
22725,22738
22725,22740
22731,22735
22731,22738
22731,22740
22735,22738
22738,22740
22738,22743
22738,22747
22738,22749
22740,22743
22740,22747
22740,22749
22743,22747
22747,22749
22747,22751
22749,22751
22749,22752
22751,22752
22752,22753
22753,22755
22753,22760
22753,22761
22753,22763
22753,22765
22753,22768
22755,22760
22755,22761
22760,22761
22761,22763
22763,22765
22765,22768
22765,22770
22765,22775
22765,22795
22768,22770
22768,22775
22768,22795
22768,22804
22768,22814
22770,22775
22775,22795
22775,22804
22775,22814
22795,22804
22795,22814
22804,22814
22814,22822
22814,22827
22814,22831
22814,22840
22822,22827
22822,22831
22827,22831
22831,22840
22831,22848
22840,22848
22840,22852
22840,22854
22840,22858
22848,22852
22852,22854
22854,22858
22858,22861
22861,22876
22861,22877
22876,22877
22876,22879
22876,22880
22877,22879
22877,22880
22877,22884
22879,22880
22880,22884
22884,22886
22884,22892
22884,22902
22884,22907
22884,22914
22884,22916
22884,22924
22886,22892
22892,22902
22902,22907
22907,22914
22914,22916
22916,22924
22924,22934
22924,22938
22924,22947
22934,22938
22938,22947
22947,22950
22950,22956
22950,22959
22950,22961
22956,22959
22956,22961
22959,22961
22959,22966
22961,22966
22966,22969
22969,22970
22970,22973
22970,22977
22970,22981
22970,22983
22970,22996
22973,22977
22973,22981
22973,22983
22973,22996
22973,22997
22973,23002
22977,22981
22981,22983
22983,22996
22996,22997
22996,23002
22996,23011
22996,23013
22997,23002
23002,23011
23011,23013
23013,23017
23017,23019
23017,23024
23019,23024
23019,23035
23019,23038
23024,23035
23035,23038
23038,23040
23038,23042
23038,23048
23040,23042
23040,23048
23040,23051
23040,23060
23042,23048
23048,23051
23048,23060
23048,23065
23048,23077
23048,23080
23051,23060
23060,23065
23060,23077
23065,23077
23065,23080
23077,23080
23080,23083
23083,23088
23083,23092
23088,23092
23088,23094
23088,23096
23092,23094
23092,23096
23092,23097
23094,23096
23094,23097
23096,23097
23096,23100
23096,23111
23097,23100
23097,23111
23100,23111
23111,23112
23111,23114
23112,23114
23112,23139
23114,23139
23139,23140
23139,23152
23139,23166
23140,23152
23152,23166
23152,23168
23166,23168
23168,23169
23169,23172
23172,23176
23176,23177
23176,23178
23176,23184
23177,23178
23178,23184
23178,23187
23178,23200
23184,23187
23184,23200
23187,23200
23187,23204
23187,23209
23200,23204
23200,23209
23200,23210
23204,23209
23209,23210
23209,23213
23209,23215
23210,23213
23210,23215
23213,23215
23213,23220
23215,23220
23220,23223
23220,23224
23220,23226
23223,23224
23224,23226
23224,23229
23226,23229
23226,23231
23229,23231
23231,23233
23233,23239
23239,23240
23239,23243
23239,23252
23239,23256
23240,23243
23243,23252
23252,23256
23256,23257
23257,23266
23257,23267
23257,23269
23266,23267
23267,23269
23267,23271
23269,23271
23269,23274
23271,23274
23274,23280
23280,23302
23280,23309
23302,23309
23302,23312
23302,23317
23309,23312
23309,23317
23312,23317
23317,23318
23317,23319
23317,23333
23317,23339
23318,23319
23319,23333
23333,23339
23333,23352
23333,23356
23339,23352
23339,23356
23352,23356
23356,23367
23367,23372
23367,23373
23372,23373
23373,23382
23382,23385
23385,23388
23385,23390
23385,23396
23385,23397
23388,23390
23388,23396
23388,23397
23388,23400
23390,23396
23390,23397
23390,23400
23396,23397
23396,23400
23396,23410
23396,23412
23396,23414
23397,23400
23400,23410
23410,23412
23412,23414
23412,23428
23414,23428
23428,23429
23428,23443
23428,23447
23428,23451
23429,23443
23443,23447
23443,23451
23443,23459
23447,23451
23451,23459
23459,23468
23468,23471
23468,23472
23468,23477
23471,23472
23472,23477
23472,23482
23472,23484
23477,23482
23477,23484
23482,23484
23484,23485
23484,23493
23484,23495
23485,23493
23493,23495
23493,23498
23493,23499
23493,23504
23493,23506
23493,23507
23493,23510
23495,23498
23498,23499
23499,23504
23504,23506
23506,23507
23507,23510
23507,23513
23507,23520
23507,23523
23507,23536
23507,23547
23510,23513
23510,23520
23510,23523
23510,23536
23510,23547
23513,23520
23520,23523
23523,23536
23536,23547
23547,23551
23547,23558
23547,23567
23547,23571
23547,23577
23551,23558
23558,23567
23558,23571
23558,23577
23567,23571
23571,23577
23571,23578
23571,23580
23571,23581
23577,23578
23577,23580
23577,23581
23577,23588
23578,23580
23580,23581
23580,23588
23580,23594
23580,23604
23581,23588
23581,23594
23581,23604
23588,23594
23588,23604
23588,23607
23588,23613
23594,23604
23594,23607
23594,23613
23594,23614
23604,23607
23604,23613
23607,23613
23613,23614
23613,23617
23614,23617
23617,23625
23625,23626
23626,23634
23634,23653
23634,23663
23653,23663
23653,23667
23663,23667
23667,23670
23667,23673
23670,23673
23673,23676
23676,23684
23684,23687
23684,23694
23684,23699
23684,23700
23687,23694
23687,23699
23687,23700
23694,23699
23699,23700
23700,23703
23703,23720
23703,23727
23703,23731
23703,23733
23703,23736
23703,23738
23703,23741
23703,23744
23720,23727
23727,23731
23731,23733
23733,23736
23733,23738
23733,23741
23736,23738
23738,23741
23738,23744
23741,23744
23741,23746
23744,23746
23746,23751
23746,23764
23751,23764
23751,23765
23751,23766
23764,23765
23765,23766
23765,23772
23766,23772
23772,23773
23773,23775
23775,23780
23780,23781
23781,23783
23781,23784
23783,23784
23784,23788
23788,23792
23792,23794
23792,23795
23792,23796
23792,23809
23794,23795
23794,23796
23794,23809
23794,23810
23794,23821
23794,23822
23795,23796
23795,23809
23795,23810
23795,23821
23795,23822
23796,23809
23796,23810
23796,23821
23796,23822
23796,23824
23809,23810
23810,23821
23810,23822
23810,23824
23810,23827
23810,23829
23821,23822
23822,23824
23822,23827
23824,23827
23824,23829
23824,23839
23824,23840
23824,23841
23827,23829
23829,23839
23839,23840
23839,23841
23839,23846
23840,23841
23840,23846
23841,23846
23841,23849
23846,23849
23846,23851
23849,23851
23849,23854
23849,23855
23851,23854
23851,23855
23854,23855
23854,23865
23854,23866
23855,23865
23865,23866
23865,23871
23866,23871
23866,23872
23866,23873
23866,23876
23866,23886
23866,23892
23871,23872
23872,23873
23872,23876
23872,23886
23872,23892
23873,23876
23873,23886
23873,23892
23876,23886
23876,23892
23886,23892
23892,23893
23892,23894
23892,23896
23893,23894
23894,23896
23894,23897
23894,23898
23894,23914
23894,23928
23896,23897
23897,23898
23898,23914
23898,23928
23898,23964
23914,23928
23928,23964
23928,23966
23964,23966
23966,23974
23966,23977
23966,23981
23966,23988
23974,23977
23974,23981
23974,23988
23977,23981
23981,23988
23981,23992
23988,23992
23992,24001
23992,24002
23992,24013
24001,24002
24001,24013
24001,24023
24002,24013
24002,24023
24013,24023
24013,24025
24023,24025
24023,24027
24023,24030
24023,24031
24023,24035
24023,24036
24023,24037
24025,24027
24027,24030
24027,24031
24030,24031
24030,24035
24030,24036
24031,24035
24035,24036
24035,24037
24035,24042
24035,24044
24036,24037
24036,24042
24036,24044
24037,24042
24042,24044
24044,24045
24044,24050
24044,24054
24045,24050
24045,24054
24045,24057
24050,24054
24050,24057
24050,24059
24054,24057
24057,24059
24057,24060
24057,24068
24059,24060
24059,24068
24060,24068
24060,24070
24060,24072
24068,24070
24068,24072
24070,24072
24072,24076
24076,24079
24079,24087
24079,24101
24079,24103
24079,24111
24087,24101
24087,24103
24087,24111
24087,24113
24087,24114
24101,24103
24103,24111
24103,24113
24103,24114
24111,24113
24113,24114
24113,24115
24114,24115
24114,24116
24115,24116
24115,24122
24116,24122
24116,24123
24122,24123
24123,24138
24123,24141
24138,24141
24141,24145
24141,24146
24145,24146
24145,24147
24146,24147
24147,24149
24147,24150
24147,24151
24149,24150
24150,24151
24150,24156
24150,24161
24151,24156
24151,24161
24151,24165
24156,24161
24156,24165
24156,24170
24161,24165
24165,24170
24165,24177
24165,24188
24170,24177
24170,24188
24177,24188
24188,24189
24188,24190
24188,24203
24189,24190
24190,24203
24190,24204
24190,24207
24203,24204
24204,24207
24207,24208
24208,24212
24212,24215
24215,24218
24215,24220
24218,24220
24220,24229
24220,24232
24229,24232
24232,24237
24237,24242
24237,24249
24237,24259
24242,24249
24249,24259
24259,24260
24259,24263
24260,24263
24263,24266
24266,24267
24266,24272
24267,24272
24272,24280
24272,24281
24280,24281
24281,24287
24281,24305
24281,24308
24287,24305
24305,24308
24308,24313
24308,24315
24313,24315
24315,24316
24315,24317
24315,24329
24316,24317
24317,24329
24317,24339
24317,24340
24329,24339
24339,24340
24339,24342
24339,24360
24340,24342
24342,24360
24360,24364
24360,24374
24364,24374
24374,24379
24374,24381
24379,24381
24379,24384
24381,24384
24381,24392
24381,24394
24384,24392
24392,24394
24392,24396
24394,24396
24394,24399
24394,24403
24396,24399
24399,24403
24399,24405
24399,24407
24403,24405
24403,24407
24403,24408
24403,24411
24405,24407
24405,24408
24405,24411
24407,24408
24408,24411
24408,24417
24408,24422
24408,24427
24408,24432
24411,24417
24417,24422
24417,24427
24417,24432
24422,24427
24427,24432
24427,24438
24427,24441
24432,24438
24438,24441
24438,24442
24441,24442
24441,24447
24441,24452
24441,24468
24441,24469
24441,24474
24441,24486
24442,24447
24442,24452
24442,24468
24442,24469
24442,24474
24442,24486
24447,24452
24447,24468
24452,24468
24452,24469
24452,24474
24468,24469
24468,24474
24468,24486
24468,24490
24469,24474
24474,24486
24486,24490
24490,24501
24490,24507
24490,24516
24490,24528
24490,24531
24501,24507
24501,24516
24507,24516
24507,24528
24516,24528
24528,24531
24531,24546
24531,24552
24531,24556
24531,24578
24546,24552
24552,24556
24552,24578
24556,24578
24556,24587
24578,24587
24578,24590
24578,24596
24578,24602
24587,24590
24587,24596
24590,24596
24596,24602
24596,24605
24596,24610
24596,24618
24596,24626
24596,24629
24602,24605
24605,24610
24610,24618
24618,24626
24618,24629
24618,24642
24618,24645
24626,24629
24629,24642
24629,24645
24629,24649
24642,24645
24642,24649
24645,24649
24645,24650
24645,24656
24649,24650
24649,24656
24650,24656
24650,24657
24656,24657
24656,24660
24657,24660
24660,24664
24664,24666
24666,24670
24666,24672
24666,24674
24670,24672
24670,24674
24670,24675
24670,24679
24670,24686
24670,24689
24672,24674
24672,24675
24672,24679
24674,24675
24674,24679
24675,24679
24679,24686
24686,24689
24689,24690
24689,24691
24689,24697
24689,24702
24690,24691
24691,24697
24697,24702
24702,24713
24713,24718
24718,24719
24719,24720
24720,24722
24722,24731
24731,24734
24731,24737
24734,24737
24734,24748
24737,24748
24748,24749
24748,24759
24749,24759
24759,24765
24765,24767
24767,24782
24782,24787
24782,24796
24782,24799
24782,24805
24787,24796
24796,24799
24796,24805
24799,24805
24799,24808
24805,24808
24808,24821
24821,24830
24830,24833
24830,24844
24833,24844
24833,24845
24833,24855
24844,24845
24845,24855
24855,24862
24862,24872
24862,24885
24872,24885
24885,24895
24885,24900
24895,24900
24900,24903
24900,24906
24900,24911
24900,24913
24903,24906
24903,24911
24903,24913
24906,24911
24906,24913
24906,24920
24906,24922
24911,24913
24913,24920
24913,24922
24913,24928
24920,24922
24920,24928
24920,24938
24922,24928
24922,24938
24928,24938
24938,24942
24942,24951
24942,24953
24942,24967
24942,24973
24951,24953
24953,24967
24967,24973
24967,24974
24973,24974
24974,24976
24976,24980
24976,24982
24976,24987
24980,24982
24982,24987
24987,24994
24994,24997
24994,25005
24997,25005
24997,25008
24997,25010
25005,25008
25008,25010
25010,25011
25010,25014
25011,25014
25011,25025
25011,25028
25014,25025
25014,25028
25014,25032
25014,25039
25014,25042
25014,25046
25025,25028
25028,25032
25028,25039
25028,25042
25028,25046
25032,25039
25039,25042
25039,25046
25042,25046
25042,25048
25042,25052
25046,25048
25046,25052
25048,25052
25052,25059
25052,25061
25052,25062
25059,25061
25061,25062
25062,25066
25066,25068
25066,25074
25068,25074
25068,25075
25068,25086
25074,25075
25074,25086
25075,25086
25086,25087
25087,25090
25090,25093
25093,25105
25105,25108
25108,25109
25109,25111
25111,25113
25111,25122
25113,25122
25113,25125
25113,25126
25122,25125
25125,25126
25126,25127
25126,25128
25126,25131
25127,25128
25128,25131
25131,25144
25131,25150
25131,25151
25131,25153
25144,25150
25144,25151
25144,25153
25144,25155
25150,25151
25150,25153
25150,25155
25151,25153
25151,25155
25151,25158
25151,25159
25153,25155
25155,25158
25155,25159
25158,25159
25159,25171
25159,25172
25159,25177
25171,25172
25171,25177
25172,25177
25177,25179
25177,25200
25177,25201
25177,25203
25177,25212
25179,25200
25179,25201
25179,25203
25179,25212
25179,25213
25200,25201
25201,25203
25201,25212
25201,25213
25201,25223
25203,25212
25212,25213
25213,25223
25213,25237
25223,25237
25237,25241
25237,25244
25237,25247
25237,25258
25237,25261
25237,25262
25241,25244
25241,25247
25244,25247
25244,25258
25244,25261
25247,25258
25247,25261
25247,25262
25258,25261
25258,25262
25261,25262
25261,25264
25261,25266
25262,25264
25264,25266
25264,25268
25266,25268
25266,25275
25266,25277
25268,25275
25268,25277
25275,25277
25277,25278
25277,25280
25278,25280
25280,25283
25280,25286
25283,25286
25283,25288
25286,25288
25288,25290
25288,25291
25288,25297
25290,25291
25291,25297
25297,25299
25299,25305
25305,25306
25305,25308
25305,25314
25305,25317
25306,25308
25306,25314
25308,25314
25314,25317
25317,25319
25317,25320
25317,25326
25319,25320
25320,25326
25326,25327
25326,25342
25326,25353
25327,25342
25327,25353
25342,25353
25353,25357
25353,25358
25353,25363
25353,25364
25357,25358
25357,25363
25357,25364
25357,25366
25357,25369
25358,25363
25363,25364
25364,25366
25364,25369
25366,25369
25366,25374
25366,25375
25366,25381
25369,25374
25369,25375
25374,25375
25375,25381
25375,25384
25381,25384
25384,25389
25384,25392
25384,25394
25384,25396
25389,25392
25389,25394
25389,25396
25389,25400
25392,25394
25392,25396
25392,25400
25392,25402
25392,25403
25394,25396
25394,25400
25396,25400
25400,25402
25402,25403
25403,25404
25403,25407
25403,25408
25404,25407
25404,25408
25404,25409
25404,25410
25404,25415
25407,25408
25407,25409
25407,25410
25408,25409
25409,25410
25410,25415
25415,25418
25415,25426
25418,25426
25426,25430
25426,25439
25430,25439
25439,25440
25439,25441
25439,25450
25440,25441
25441,25450
25441,25466
25450,25466
25466,25469
25469,25473
25469,25475
25473,25475
25475,25476
25475,25484
25476,25484
25476,25486
25476,25505
25484,25486
25484,25505
25486,25505
25486,25506
25486,25507
25486,25511
25505,25506
25506,25507
25507,25511
25507,25513
25511,25513
25513,25521
25521,25528
25528,25529
25528,25530
25529,25530
25530,25534
25534,25536
25534,25539
25536,25539
25539,25542
25542,25543
25542,25547
25542,25553
25543,25547
25547,25553
25553,25562
25562,25567
25567,25572
25567,25584
25567,25586
25572,25584
25572,25586
25572,25595
25584,25586
25586,25595
25586,25598
25586,25604
25586,25609
25586,25614
25595,25598
25598,25604
25604,25609
25604,25614
25609,25614
25614,25616
25616,25625
25616,25632
25625,25632
25625,25633
25632,25633
25632,25636
25632,25638
25633,25636
25636,25638
25638,25639
25639,25648
25639,25649
25648,25649
25648,25652
25649,25652
25649,25670
25649,25674
25652,25670
25652,25674
25670,25674
25670,25676
25670,25687
25674,25676
25676,25687
25676,25689
25687,25689
25687,25706
25687,25707
25687,25716
25689,25706
25706,25707
25707,25716
25707,25719
25707,25724
25716,25719
25716,25724
25719,25724
25724,25725
25724,25731
25724,25733
25724,25734
25725,25731
25731,25733
25731,25734
25731,25740
25733,25734
25734,25740
25740,25743
25743,25746
25746,25750
25750,25753
25753,25754
25753,25756
25753,25765
25754,25756
25756,25765
25765,25767
25765,25769
25767,25769
25767,25781
25769,25781
25769,25793
25769,25802
25769,25804
25781,25793
25781,25802
25793,25802
25802,25804
25802,25805
25804,25805
25804,25808
25805,25808
25805,25812
25808,25812
25808,25815
25808,25816
25812,25815
25812,25816
25815,25816
25815,25821
25815,25826
25815,25831
25816,25821
25821,25826
25826,25831
25826,25834
25826,25846
25826,25850
25831,25834
25831,25846
25834,25846
25834,25850
25834,25857
25846,25850
25846,25857
25846,25864
25846,25874
25846,25903
25850,25857
25857,25864
25857,25874
25857,25903
25864,25874
25874,25903
25903,25906
25903,25910
25903,25912
25903,25914
25906,25910
25906,25912
25910,25912
25910,25914
25912,25914
25914,25922
25922,25934
25934,25935
25935,25949
25935,25955
25949,25955
25955,25957
25955,25958
25957,25958
25958,25965
25965,25984
25965,25985
25965,25987
25965,25991
25984,25985
25985,25987
25985,25991
25985,25995
25987,25991
25991,25995
25991,25998
25995,25998
25995,26002
25998,26002
26002,26003
26002,26014
26002,26017
26002,26019
26003,26014
26014,26017
26014,26019
26014,26023
26014,26024
26014,26025
26017,26019
26017,26023
26019,26023
26019,26024
26019,26025
26023,26024
26024,26025
26025,26027
26025,26030
26027,26030
26030,26042
26042,26043
26042,26046
26042,26056
26042,26063
26043,26046
26043,26056
26043,26063
26043,26065
26046,26056
26046,26063
26056,26063
26063,26065
26065,26068
26068,26072
26068,26075
26072,26075
26072,26076
26072,26080
26072,26081
26075,26076
26076,26080
26076,26081
26076,26089
26080,26081
26081,26089
26081,26101
26089,26101
26089,26105
26101,26105
26105,26119
26119,26121
26119,26124
26119,26125
26119,26128
26119,26133
26121,26124
26121,26125
26124,26125
26124,26128
26125,26128
26128,26133
26133,26139
26133,26146
26133,26147
26133,26161
26139,26146
26146,26147
26146,26161
26146,26167
26147,26161
26161,26167
26161,26175
26161,26181
26161,26182
26161,26186
26167,26175
26167,26181
26167,26182
26167,26186
26175,26181
26175,26182
26175,26186
26175,26189
26181,26182
26182,26186
26186,26189
26186,26191
26186,26192
26189,26191
26191,26192
26192,26215
26215,26217
26217,26226
26217,26229
26226,26229
26226,26234
26229,26234
26229,26237
26234,26237
26237,26240
26240,26250
26250,26251
26250,26254
26250,26257
26251,26254
26254,26257
26257,26263
26257,26274
26257,26276
26257,26280
26263,26274
26263,26276
26274,26276
26276,26280
26276,26282
26280,26282
26282,26285
26282,26291
26285,26291
26285,26293
26285,26294
26291,26293
26293,26294
26294,26299
26294,26306
26299,26306
26299,26310
26299,26317
26299,26324
26306,26310
26310,26317
26310,26324
26310,26334
26317,26324
26324,26334
26324,26335
26324,26343
26324,26344
26324,26347
26324,26348
26334,26335
26335,26343
26335,26344
26343,26344
26343,26347
26344,26347
26344,26348
26344,26350
26344,26352
26344,26361
26347,26348
26347,26350
26348,26350
26348,26352
26350,26352
26350,26361
26350,26362
26352,26361
26352,26362
26352,26363
26352,26372
26361,26362
26361,26363
26361,26372
26362,26363
26363,26372
26363,26376
26372,26376
26376,26379
26376,26389
26376,26398
26376,26400
26379,26389
26389,26398
26389,26400
26398,26400
26398,26402
26398,26404
26398,26408
26398,26412
26400,26402
26402,26404
26404,26408
26404,26412
26404,26416
26404,26422
26408,26412
26412,26416
26412,26422
26412,26425
26412,26437
26416,26422
26416,26425
26416,26437
26422,26425
26425,26437
26437,26439
26439,26453
26453,26455
26453,26461
26453,26465
26453,26469
26453,26471
26455,26461
26461,26465
26465,26469
26469,26471
26469,26475
26471,26475
26475,26490
26490,26491
26491,26500
26491,26514
26491,26517
26491,26522
26491,26524
26491,26525
26500,26514
26514,26517
26517,26522
26522,26524
26524,26525
26524,26527
26525,26527
26527,26530
26530,26532
26532,26533
26533,26535
26533,26538
26535,26538
26538,26539
26538,26549
26538,26550
26538,26551
26538,26554
26538,26562
26539,26549
26549,26550
26549,26551
26549,26554
26550,26551
26551,26554
26554,26562
26562,26568
26562,26571
26562,26572
26562,26573
26568,26571
26571,26572
26571,26573
26571,26580
26572,26573
26573,26580
26573,26593
26580,26593
26580,26599
26593,26599
26593,26605
26593,26607
26593,26608
26599,26605
26605,26607
26607,26608
26608,26611
26608,26623
26611,26623
26623,26624
26624,26629
26624,26630
26624,26635
26624,26640
26624,26643
26629,26630
26629,26635
26629,26640
26629,26643
26630,26635
26630,26640
26630,26643
26635,26640
26635,26643
26635,26644
26635,26659
26635,26665
26640,26643
26640,26644
26643,26644
26643,26659
26643,26665
26643,26672
26644,26659
26644,26665
26644,26672
26659,26665
26665,26672
26665,26674
26665,26677
26665,26683
26665,26687
26672,26674
26672,26677
26672,26683
26674,26677
26677,26683
26683,26687
26687,26697
26687,26699
26697,26699
26699,26700
26700,26702
26702,26703
26703,26706
26703,26708
26706,26708
26708,26712
26712,26714
26714,26715
26714,26718
26715,26718
26715,26721
26715,26724
26718,26721
26721,26724
26721,26725
26724,26725
26724,26738
26725,26738
26738,26741
26741,26744
26741,26746
26741,26753
26741,26756
26744,26746
26744,26753
26746,26753
26753,26756
26756,26759
26759,26762
26762,26766
26762,26771
26762,26773
26762,26777
26762,26780
26766,26771
26771,26773
26771,26777
26773,26777
26777,26780
26780,26787
26780,26794
26780,26800
26787,26794
26787,26800
26787,26806
26787,26809
26787,26813
26794,26800
26800,26806
26806,26809
26806,26813
26806,26836
26809,26813
26813,26836
26836,26841
26836,26844
26836,26858
26841,26844
26841,26858
26841,26859
26841,26874
26841,26880
26844,26858
26844,26859
26858,26859
26859,26874
26859,26880
26859,26881
26859,26884
26859,26890
26874,26880
26874,26881
26874,26884
26874,26890
26880,26881
26880,26884
26881,26884
26884,26890
26890,26899
26890,26911
26890,26913
26899,26911
26899,26913
26899,26918
26911,26913
26913,26918
26918,26919
26919,26927
26919,26931
26919,26932
26919,26939
26927,26931
26931,26932
26931,26939
26932,26939
26939,26943
26943,26948
26948,26950
26948,26954
26948,26956
26948,26964
26948,26977
26950,26954
26950,26956
26950,26964
26950,26977
26950,26989
26954,26956
26956,26964
26956,26977
26956,26989
26964,26977
26964,26989
26977,26989
26989,26994
26989,26996
26989,26999
26989,27005
26989,27013
26994,26996
26996,26999
26999,27005
27005,27013
27005,27019
27005,27021
27005,27023
27013,27019
27019,27021
27021,27023
27021,27026
27021,27038
27023,27026
27026,27038
27038,27040
27038,27043
27038,27044
27038,27045
27040,27043
27040,27044
27040,27045
27043,27044
27044,27045
27044,27046
27044,27049
27044,27056
27044,27070
27045,27046
27046,27049
27046,27056
27046,27070
27046,27073
27046,27081
27049,27056
27056,27070
27056,27073
27056,27081
27070,27073
27073,27081
27073,27087
27073,27088
27073,27105
27081,27087
27087,27088
27088,27105
27088,27108
27105,27108
27105,27109
27105,27111
27108,27109
27108,27111
27109,27111
27111,27117
27117,27121
27121,27122
27121,27127
27122,27127
27122,27131
27122,27135
27122,27136
27127,27131
27127,27135
27127,27136
27127,27137
27131,27135
27131,27136
27131,27137
27131,27143
27131,27144
27135,27136
27136,27137
27136,27143
27137,27143
27143,27144
27144,27150
27144,27154
27144,27165
27144,27167
27150,27154
27150,27165
27150,27167
27154,27165
27165,27167
27165,27170
27165,27174
27165,27184
27165,27186
27167,27170
27170,27174
27174,27184
27174,27186
27184,27186
27186,27192
27186,27201
27192,27201
27192,27206
27192,27216
27201,27206
27201,27216
27206,27216
27216,27218
27216,27221
27218,27221
27221,27222
27221,27227
27222,27227
27227,27232
27232,27246
27246,27247
27247,27256
27247,27260
27247,27261
27247,27264
27256,27260
27256,27261
27260,27261
27260,27264
27260,27266
27261,27264
27264,27266
27264,27270
27264,27271
27266,27270
27270,27271
27271,27276
27271,27277
27271,27281
27276,27277
27276,27281
27277,27281
27277,27293
27281,27293
27281,27295
27293,27295
27293,27296
27293,27298
27295,27296
27295,27298
27296,27298
27296,27312
27296,27324
27298,27312
27312,27324
27312,27326
27324,27326
27324,27328
27326,27328
27328,27329
27328,27337
27328,27340
27329,27337
27329,27340
27329,27341
27337,27340
27337,27341
27337,27343
27340,27341
27341,27343
27343,27346
27343,27348
27343,27358
27343,27367
27346,27348
27348,27358
27358,27367
27358,27378
27358,27384
27358,27385
27358,27399
27367,27378
27367,27384
27367,27385
27378,27384
27378,27385
27378,27399
27378,27401
27378,27403
27384,27385
27384,27399
27384,27401
27384,27403
27385,27399
27399,27401
27401,27403
27403,27404
27404,27411
27404,27421
27411,27421
27411,27429
27411,27431
27411,27434
27411,27439
27411,27447
27421,27429
27421,27431
27429,27431
27431,27434
27434,27439
27434,27447
27434,27448
27439,27447
27447,27448
27447,27457
27447,27458
27448,27457
27457,27458
