3,11
3,25
3,28
3,27447
3,27458
11,25
11,28
11,27458
25,28
28,36
36,44
44,45
45,56
56,57
56,58
56,62
57,58
57,62
57,63
58,62
62,63
62,66
62,69
62,72
63,66
66,69
69,72
69,79
69,87
72,79
79,87
87,93
93,95
95,97
95,102
97,102
97,107
97,117
97,121
102,107
107,117
117,121
121,127
121,129
121,133
127,129
129,133
133,135
135,148
148,150
150,151
151,154
151,155
151,163
154,155
154,163
154,165
155,163
163,165
165,168
168,175
168,176
168,184
175,176
175,184
175,191
175,196
175,197
176,184
176,191
184,191
184,196
184,197
184,203
191,196
196,197
196,203
196,208
196,211
197,203
203,208
203,211
203,215
208,211
211,215
215,216
215,218
215,219
215,227
216,218
216,219
218,219
219,227
219,229
227,229
227,230
227,234
227,235
229,230
229,234
230,234
230,235
230,239
230,244
234,235
235,239
239,244
239,247
244,247
244,249
244,255
244,257
247,249
247,255
247,257
249,255
255,257
257,278
257,279
257,282
278,279
278,282
279,282
282,299
299,302
299,304
299,309
299,311
302,304
304,309
309,311
309,312
309,316
309,322
309,326
309,331
309,334
311,312
311,316
312,316
312,322
316,322
316,326
316,331
322,326
326,331
326,334
326,337
326,341
326,351
331,334
331,337
331,341
331,351
331,353
331,355
334,337
334,341
337,341
341,351
341,353
341,355
341,356
341,357
341,363
341,364
351,353
351,355
351,356
353,355
353,356
355,356
355,357
355,363
356,357
357,363
363,364
363,367
363,371
363,378
364,367
364,371
364,378
364,379
367,371
367,378
367,379
371,378
371,379
371,396
371,397
378,379
379,396
396,397
397,398
398,403
403,412
403,414
403,416
412,414
414,416
414,418
414,420
416,418
416,420
416,422
416,425
418,420
420,422
420,425
422,425
422,427
425,427
425,430
427,430
427,434
427,439
430,434
430,439
430,445
434,439
439,445
445,460
445,462
445,464
460,462
460,464
460,472
460,483
462,464
464,472
472,483
483,488
488,492
488,494
492,494
494,501
501,503
501,509
501,512
503,509
503,512
503,516
503,519
509,512
512,516
516,519
516,522
519,522
522,533
533,534
534,547
547,551
551,553
551,559
551,562
553,559
553,562
553,565
553,567
559,562
562,565
562,567
562,575
565,567
565,575
565,577
565,591
567,575
567,577
567,591
575,577
577,591
591,599
599,607
607,614
607,621
607,627
614,621
621,627
621,635
621,638
627,635
635,638
635,640
638,640
638,643
638,646
638,647
640,643
643,646
643,647
643,648
646,647
646,648
646,651
646,656
647,648
647,651
647,656
648,651
651,656
651,659
651,664
651,665
656,659
659,664
664,665
664,666
664,667
664,668
665,666
666,667
667,668
668,669
668,678
669,678
678,680
680,690
690,691
691,693
691,697
691,701
693,697
697,701
697,718
701,718
701,721
718,721
718,724
721,724
724,734
724,735
724,737
734,735
734,737
734,739
735,737
735,739
735,745
735,749
737,739
737,745
737,749
737,752
739,745
739,749
745,749
749,752
752,756
756,761
761,763
763,768
763,779
763,786
768,779
768,786
768,796
768,806
768,811
779,786
779,796
786,796
786,806
786,811
796,806
806,811
806,823
806,828
806,829
811,823
811,828
823,828
823,829
823,830
828,829
829,830
830,848
848,849
849,853
849,855
853,855
853,857
853,862
853,867
855,857
855,862
855,867
855,873
855,874
855,875
857,862
857,867
857,873
862,867
867,873
873,874
873,875
874,875
874,877
875,877
875,882
875,887
877,882
877,887
877,891
882,887
887,891
891,896
896,897
897,909
909,910
910,923
910,925
910,926
923,925
923,926
925,926
926,938
926,940
926,945
926,947
938,940
940,945
940,947
940,948
945,947
945,948
945,954
947,948
947,954
947,956
947,958
948,954
954,956
956,958
958,959
959,966
966,968
966,977
968,977
977,980
977,986
980,986
980,989
986,989
989,993
993,999
993,1003
999,1003
1003,1007
1007,1008
1008,1010
1010,1014
1010,1021
1010,1025
1014,1021
1021,1025
1025,1027
1027,1031
1027,1036
1027,1045
1031,1036
1036,1045
1045,1054
1054,1060
1060,1065
1060,1070
1065,1070
1070,1077
1077,1078
1078,1091
1091,1095
1091,1096
1091,1098
1095,1096
1096,1098
1096,1102
1096,1104
1096,1115
1098,1102
1098,1104
1102,1104
1104,1115
1104,1116
1104,1118
1115,1116
1116,1118
1118,1119
1119,1122
1119,1123
1119,1130
1119,1142
1122,1123
1123,1130
1130,1142
1130,1143
1130,1145
1142,1143
1143,1145
1143,1147
1143,1148
1145,1147
1145,1148
1145,1150
1147,1148
1147,1150
1148,1150
1148,1156
1150,1156
1150,1158
1150,1160
1156,1158
1158,1160
1158,1161
1158,1166
1158,1167
1158,1170
1158,1171
1158,1181
1160,1161
1160,1166
1161,1166
1166,1167
1166,1170
1167,1170
1167,1171
1167,1181
1170,1171
1170,1181
1170,1182
1170,1186
1171,1181
1181,1182
1181,1186
1181,1188
1182,1186
1186,1188
1188,1194
1188,1195
1188,1197
1194,1195
1194,1197
1194,1202
1194,1204
1195,1197
1195,1202
1195,1204
1195,1226
1197,1202
1197,1204
1202,1204
1204,1226
1226,1227
1227,1230
1227,1233
1227,1239
1230,1233
1233,1239
1233,1250
1239,1250
1239,1253
1239,1262
1250,1253
1250,1262
1250,1266
1253,1262
1262,1266
1262,1273
1266,1273
1266,1276
1273,1276
1276,1285
1276,1291
1276,1293
1276,1297
1276,1299
1276,1305
1276,1306
1285,1291
1285,1293
1291,1293
1291,1297
1293,1297
1293,1299
1293,1305
1293,1306
1293,1316
1297,1299
1299,1305
1305,1306
1305,1316
1305,1324
1305,1326
1305,1333
1306,1316
1316,1324
1324,1326
1324,1333
1324,1335
1326,1333
1333,1335
1333,1338
1335,1338
1338,1348
1338,1358
1338,1361
1338,1369
1348,1358
1348,1361
1358,1361
1358,1369
1358,1384
1361,1369
1369,1384
1384,1385
1385,1391
1385,1394
1385,1411
1391,1394
1394,1411
1411,1417
1417,1420
1420,1426
1426,1429
1426,1434
1426,1445
1426,1446
1429,1434
1429,1445
1429,1446
1429,1452
1434,1445
1434,1446
1445,1446
1446,1452
1446,1454
1446,1457
1446,1458
1446,1462
1446,1469
1452,1454
1454,1457
1454,1458
1457,1458
1457,1462
1457,1469
1457,1473
1457,1475
1458,1462
1458,1469
1462,1469
1469,1473
1473,1475
1473,1478
1475,1478
1478,1489
1489,1495
1489,1497
1495,1497
1497,1500
1500,1506
1500,1516
1500,1529
1506,1516
1516,1529
1516,1537
1529,1537
1529,1539
1529,1541
1529,1545
1529,1548
1537,1539
1537,1541
1537,1545
1537,1548
1537,1549
1539,1541
1539,1545
1539,1548
1541,1545
1545,1548
1548,1549
1548,1551
1548,1552
1549,1551
1549,1552
1551,1552
1552,1553
1552,1554
1553,1554
1553,1558
1554,1558
1554,1564
1554,1565
1554,1567
1558,1564
1564,1565
1565,1567
1565,1578
1565,1582
1565,1588
1565,1590
1567,1578
1567,1582
1578,1582
1582,1588
1588,1590
1590,1604
1590,1605
1590,1612
1604,1605
1604,1612
1605,1612
1612,1615
1612,1624
1612,1626
1612,1629
1615,1624
1615,1626
1615,1629
1624,1626
1624,1629
1626,1629
1629,1647
1629,1648
1629,1650
1629,1653
1647,1648
1648,1650
1648,1653
1648,1659
1650,1653
1653,1659
1653,1664
1659,1664
1659,1665
1659,1666
1664,1665
1664,1666
1664,1668
1664,1677
1665,1666
1666,1668
1668,1677
1677,1681
1677,1684
1681,1684
1684,1686
1684,1688
1686,1688
1686,1690
1688,1690
1690,1700
1690,1709
1700,1709
1709,1711
1709,1713
1709,1720
1709,1721
1709,1725
1711,1713
1713,1720
1720,1721
1720,1725
1720,1744
1720,1772
1721,1725
1721,1744
1725,1744
1744,1772
1772,1780
1772,1781
1772,1782
1780,1781
1780,1782
1780,1785
1780,1787
1780,1791
1781,1782
1781,1785
1782,1785
1782,1787
1782,1791
1785,1787
1787,1791
1787,1796
1787,1798
1787,1799
1787,1807
1791,1796
1796,1798
1798,1799
1799,1807
1807,1810
1810,1811
1811,1815
1811,1821
1811,1823
1811,1829
1811,1831
1811,1838
1811,1854
1815,1821
1821,1823
1823,1829
1823,1831
1823,1838
1823,1854
1829,1831
1831,1838
1831,1854
1838,1854
1838,1860
1854,1860
1860,1867
1860,1870
1860,1873
1867,1870
1867,1873
1867,1877
1867,1878
1870,1873
1870,1877
1870,1878
1870,1881
1870,1882
1873,1877
1873,1878
1877,1878
1877,1881
1878,1881
1881,1882
1882,1888
1888,1892
1888,1893
1888,1894
1888,1896
1888,1903
1892,1893
1893,1894
1894,1896
1896,1903
1896,1908
1896,1910
1896,1916
1896,1917
1903,1908
1903,1910
1903,1916
1903,1917
1903,1921
1908,1910
1908,1916
1908,1917
1908,1921
1910,1916
1910,1917
1916,1917
1917,1921
1921,1922
1921,1941
1921,1942
1921,1947
1922,1941
1941,1942
1941,1947
1941,1954
1941,1962
1942,1947
1942,1954
1942,1962
1947,1954
1947,1962
1947,1971
1954,1962
1962,1971
1962,1972
1962,1977
1962,1990
1971,1972
1972,1977
1977,1990
1990,1995
1995,1998
1998,1999
1998,2002
1998,2004
1998,2009
1998,2014
1998,2015
1998,2018
1999,2002
2002,2004
2004,2009
2004,2014
2004,2015
2009,2014
2014,2015
2014,2018
2015,2018
2018,2020
2020,2024
2020,2028
2020,2033
2024,2028
2024,2033
2024,2035
2024,2041
2028,2033
2028,2035
2028,2041
2028,2044
2033,2035
2035,2041
2035,2044
2035,2058
2041,2044
2041,2058
2044,2058
2044,2065
2058,2065
2065,2067
2065,2071
2067,2071
2067,2078
2067,2079
2067,2081
2071,2078
2071,2079
2071,2081
2078,2079
2079,2081
2081,2087
2087,2091
2087,2106
2087,2111
2091,2106
2106,2111
2106,2119
2106,2127
2106,2130
2111,2119
2111,2127
2119,2127
2119,2130
2127,2130
2127,2134
2130,2134
2130,2135
2130,2137
2130,2146
2134,2135
2134,2137
2135,2137
2135,2146
2135,2154
2137,2146
2146,2154
2146,2160
2146,2168
2154,2160
2154,2168
2154,2173
2160,2168
2168,2173
2173,2175
2173,2192
2173,2200
2175,2192
2175,2200
2192,2200
2200,2201
2201,2207
2207,2211
2211,2212
2212,2214
2214,2226
2226,2228
2226,2229
2228,2229
2229,2230
2230,2243
2230,2244
2243,2244
2243,2256
2243,2261
2244,2256
2256,2261
2261,2266
2266,2270
2270,2271
2271,2275
2275,2291
2275,2298
2275,2300
2291,2298
2291,2300
2298,2300
2298,2302
2298,2307
2298,2318
2298,2322
2300,2302
2302,2307
2302,2318
2302,2322
2302,2326
2302,2331
2302,2332
2307,2318
2318,2322
2322,2326
2326,2331
2326,2332
2331,2332
2331,2342
2332,2342
2342,2349
2342,2353
2342,2354
2342,2365
2349,2353
2353,2354
2353,2365
2353,2366
2353,2370
2354,2365
2365,2366
2366,2370
2366,2384
2366,2403
2366,2404
2370,2384
2384,2403
2384,2404
2384,2410
2384,2419
2403,2404
2403,2410
2404,2410
2410,2419
2419,2428
2428,2436
2436,2437
2437,2440
2440,2441
2440,2445
2441,2445
2445,2447
2447,2449
2447,2450
2447,2459
2447,2462
2449,2450
2450,2459
2450,2462
2459,2462
2462,2463
2463,2467
2463,2478
2463,2482
2467,2478
2478,2482
2482,2487
2482,2491
2482,2494
2487,2491
2487,2494
2491,2494
2494,2503
2503,2517
2503,2518
2517,2518
2518,2524
2524,2527
2527,2529
2527,2533
2527,2536
2527,2546
2527,2548
2529,2533
2533,2536
2533,2546
2533,2548
2536,2546
2536,2548
2536,2550
2546,2548
2546,2550
2546,2554
2548,2550
2550,2554
2550,2560
2550,2564
2554,2560
2554,2564
2560,2564
2560,2566
2564,2566
2566,2576
2566,2578
2566,2580
2566,2586
2566,2592
2576,2578
2578,2580
2578,2586
2580,2586
2586,2592
2592,2595
2592,2606
2592,2608
2595,2606
2595,2608
2595,2613
2595,2618
2595,2621
2606,2608
2608,2613
2608,2618
2608,2621
2608,2626
2613,2618
2618,2621
2618,2626
2621,2626
2621,2631
2626,2631
2631,2636
2636,2643
2643,2649
2643,2651
2649,2651
2651,2655
2651,2656
2655,2656
2656,2661
2661,2671
2661,2675
2661,2680
2661,2685
2671,2675
2671,2680
2675,2680
2680,2685
2680,2692
2680,2696
2685,2692
2685,2696
2685,2700
2692,2696
2696,2700
2700,2708
2708,2712
2712,2714
2714,2717
2714,2721
2717,2721
2721,2724
2724,2725
2725,2727
2725,2731
2727,2731
2727,2737
2731,2737
2737,2740
2737,2741
2740,2741
2741,2742
2742,2749
2742,2753
2742,2755
2742,2765
2749,2753
2753,2755
2755,2765
2755,2766
2765,2766
2765,2768
2766,2768
2766,2770
2766,2778
2768,2770
2770,2778
2778,2780
2780,2785
2780,2791
2780,2792
2785,2791
2785,2792
2785,2819
2785,2820
2791,2792
2791,2819
2792,2819
2819,2820
2819,2824
2819,2825
2819,2826
2819,2838
2819,2844
2820,2824
2824,2825
2825,2826
2826,2838
2838,2844
2838,2847
2838,2849
2844,2847
2847,2849
2849,2850
2849,2880
2850,2880
2850,2885
2880,2885
2885,2904
2904,2906
2906,2913
2906,2916
2906,2917
2906,2920
2913,2916
2916,2917
2916,2920
2916,2921
2917,2920
2920,2921
2921,2923
2923,2929
2923,2932
2929,2932
2932,2944
2932,2945
2932,2951
2944,2945
2944,2951
2945,2951
2951,2952
2951,2971
2952,2971
2971,2980
2980,2983
2980,2986
2980,2994
2983,2986
2986,2994
2986,3001
2986,3002
2994,3001
3001,3002
3002,3007
3007,3015
3007,3023
3015,3023
3015,3034
3015,3037
3015,3039
3023,3034
3023,3037
3023,3039
3034,3037
3037,3039
3037,3044
3039,3044
3039,3046
3039,3048
3039,3049
3039,3051
3039,3055
3039,3068
3039,3070
3044,3046
3046,3048
3046,3049
3046,3051
3046,3055
3048,3049
3049,3051
3051,3055
3051,3068
3051,3070
3055,3068
3055,3070
3055,3073
3055,3074
3068,3070
3068,3073
3068,3074
3068,3076
3070,3073
3073,3074
3073,3076
3073,3081
3074,3076
3076,3081
3081,3085
3085,3109
3109,3112
3109,3113
3109,3124
3109,3131
3109,3134
3112,3113
3113,3124
3124,3131
3131,3134
3131,3135
3131,3149
3134,3135
3135,3149
3135,3151
3135,3152
3149,3151
3151,3152
3152,3159
3152,3175
3159,3175
3175,3178
3175,3185
3175,3193
3175,3194
3178,3185
3178,3193
3178,3194
3185,3193
3193,3194
3193,3201
3193,3202
3193,3204
3194,3201
3194,3202
3194,3204
3201,3202
3202,3204
3204,3205
3205,3209
3205,3214
3205,3216
3205,3217
3205,3220
3209,3214
3214,3216
3214,3217
3214,3220
3216,3217
3217,3220
3217,3222
3217,3225
3220,3222
3220,3225
3220,3228
3220,3232
3220,3234
3222,3225
3222,3228
3225,3228
3228,3232
3232,3234
3232,3235
3234,3235
3234,3241
3234,3244
3235,3241
3241,3244
3244,3251
3251,3252
3252,3255
3255,3262
3262,3268
3262,3271
3262,3274
3268,3271
3271,3274
3271,3276
3274,3276
3276,3285
3276,3286
3276,3302
3276,3315
3285,3286
3285,3302
3286,3302
3286,3315
3302,3315
3302,3324
3315,3324
3324,3339
3339,3341
3339,3350
3339,3356
3341,3350
3341,3356
3341,3368
3341,3374
3341,3375
3341,3405
3350,3356
3356,3368
3356,3374
3356,3375
3356,3405
3368,3374
3368,3375
3368,3405
3374,3375
3374,3405
3374,3416
3375,3405
3405,3416
3405,3418
3416,3418
3416,3419
3416,3420
3418,3419
3418,3420
3418,3423
3418,3426
3418,3427
3419,3420
3419,3423
3420,3423
3423,3426
3423,3427
3423,3430
3423,3440
3426,3427
3426,3430
3426,3440
3427,3430
3427,3440
3430,3440
3430,3448
3430,3449
3440,3448
3440,3449
3440,3450
3440,3464
3440,3478
3440,3482
3448,3449
3448,3450
3448,3464
3448,3478
3449,3450
3449,3464
3449,3478
3450,3464
3464,3478
3478,3482
3482,3484
3482,3488
3482,3490
3484,3488
3488,3490
3490,3491
3491,3495
3495,3496
3496,3505
3496,3508
3496,3509
3505,3508
3508,3509
3509,3510
3509,3520
3509,3521
3509,3524
3510,3520
3510,3521
3520,3521
3521,3524
3521,3526
3524,3526
3524,3527
3524,3528
3526,3527
3527,3528
3528,3540
3540,3542
3542,3546
3546,3549
3546,3554
3546,3556
3549,3554
3554,3556
3554,3567
3554,3573
3554,3574
3554,3577
3554,3578
3556,3567
3567,3573
3567,3574
3573,3574
3574,3577
3577,3578
3578,3592
3578,3597
3578,3601
3592,3597
3597,3601
3601,3604
3601,3610
3604,3610
3604,3612
3610,3612
3612,3614
3612,3618
3614,3618
3614,3619
3614,3621
3618,3619
3619,3621
3619,3625
3619,3630
3621,3625
3621,3630
3621,3642
3625,3630
3625,3642
3625,3646
3630,3642
3630,3646
3630,3647
3642,3646
3642,3647
3642,3651
3646,3647
3647,3651
3647,3655
3651,3655
3655,3656
3656,3665
3665,3666
3665,3673
3665,3677
3666,3673
3673,3677
3673,3678
3673,3682
3673,3686
3673,3689
3677,3678
3677,3682
3678,3682
3678,3686
3678,3689
3678,3692
3682,3686
3682,3689
3686,3689
3689,3692
3692,3693
3693,3695
3695,3698
3695,3703
3698,3703
3703,3704
3704,3705
3704,3711
3704,3714
3704,3718
3705,3711
3705,3714
3705,3718
3711,3714
3714,3718
3714,3719
3714,3723
3718,3719
3719,3723
3719,3729
3719,3731
3723,3729
3723,3731
3723,3732
3723,3733
3723,3734
3723,3735
3723,3739
3723,3744
3723,3745
3729,3731
3729,3732
3729,3733
3731,3732
3732,3733
3733,3734
3733,3735
3734,3735
3735,3739
3735,3744
3735,3745
3735,3751
3735,3756
3735,3760
3739,3744
3739,3745
3739,3751
3744,3745
3745,3751
3751,3756
3751,3760
3751,3763
3751,3770
3756,3760
3760,3763
3760,3770
3760,3781
3763,3770
3763,3781
3770,3781
3770,3784
3781,3784
3781,3785
3781,3787
3781,3790
3781,3793
3784,3785
3784,3787
3785,3787
3787,3790
3787,3793
3790,3793
3790,3801
3790,3808
3790,3813
3793,3801
3793,3808
3793,3813
3801,3808
3808,3813
3808,3818
3808,3820
3808,3825
3813,3818
3818,3820
3818,3825
3820,3825
3820,3832
3820,3836
3825,3832
3832,3836
3832,3837
3832,3839
3836,3837
3836,3839
3836,3840
3836,3847
3836,3850
3837,3839
3839,3840
3840,3847
3840,3850
3840,3861
3840,3871
3840,3874
3847,3850
3847,3861
3847,3871
3850,3861
3861,3871
3861,3874
3861,3878
3871,3874
3871,3878
3871,3880
3874,3878
3874,3880
3874,3881
3878,3880
3880,3881
3881,3887
3887,3888
3887,3896
3887,3898
3888,3896
3896,3898
3898,3904
3898,3908
3904,3908
3908,3911
3908,3913
3908,3914
3911,3913
3911,3914
3911,3922
3911,3929
3913,3914
3914,3922
3922,3929
3929,3932
3929,3933
3929,3947
3932,3933
3933,3947
3933,3951
3933,3955
3947,3951
3951,3955
3951,3964
3951,3965
3951,3967
3951,3969
3955,3964
3955,3965
3955,3967
3955,3969
3964,3965
3964,3967
3965,3967
3965,3969
3967,3969
3967,3982
3969,3982
3969,3989
3969,3991
3982,3989
3989,3991
3991,3998
3998,4000
4000,4004
4004,4008
4008,4013
4013,4018
4018,4022
4018,4035
4018,4037
4022,4035
4022,4037
4035,4037
4035,4042
4035,4045
4035,4046
4035,4048
4035,4052
4037,4042
4037,4045
4037,4046
4042,4045
4042,4046
4045,4046
4046,4048
4046,4052
4046,4057
4046,4072
4048,4052
4052,4057
4057,4072
4057,4073
4072,4073
4072,4076
4073,4076
4076,4078
4078,4081
4078,4089
4081,4089
4089,4091
4091,4094
4091,4096
4091,4101
4091,4106
4094,4096
4096,4101
4096,4106
4096,4107
4096,4111
4096,4118
4101,4106
4106,4107
4107,4111
4111,4118
4111,4119
4118,4119
4118,4125
4119,4125
4119,4131
4125,4131
4125,4133
4125,4142
4125,4148
4125,4149
4125,4155
4131,4133
4131,4142
4131,4148
4133,4142
4133,4148
4133,4149
4142,4148
4148,4149
4148,4155
4148,4158
4148,4168
4148,4169
4148,4173
4149,4155
4155,4158
4155,4168
4155,4169
4158,4168
4168,4169
4169,4173
4169,4180
4169,4185
4169,4188
4173,4180
4180,4185
4185,4188
4185,4191
4185,4192
4185,4193
4188,4191
4188,4192
4188,4193
4188,4196
4191,4192
4191,4193
4192,4193
4192,4196
4192,4197
4192,4199
4192,4210
4192,4213
4193,4196
4193,4197
4196,4197
4196,4199
4196,4210
4197,4199
4199,4210
4199,4213
4199,4217
4210,4213
4210,4217
4213,4217
4213,4224
4217,4224
4224,4225
4225,4229
4229,4231
4229,4238
4229,4240
4231,4238
4238,4240
4238,4245
4238,4251
4240,4245
4240,4251
4245,4251
4251,4253
4251,4260
4251,4262
4251,4281
4251,4283
4253,4260
4253,4262
4260,4262
4260,4281
4260,4283
4260,4284
4262,4281
4262,4283
4281,4283
4281,4284
4283,4284
4283,4285
4283,4287
4283,4290
4283,4291
4284,4285
4284,4287
4284,4290
4284,4291
4285,4287
4285,4290
4287,4290
4287,4291
4290,4291
4291,4297
4297,4312
4312,4316
4316,4318
4318,4325
4318,4328
4318,4329
4318,4333
4325,4328
4328,4329
4329,4333
4333,4347
4333,4349
4333,4357
4333,4362
4333,4384
4347,4349
4347,4357
4349,4357
4357,4362
4357,4384
4362,4384
4384,4389
4384,4392
4384,4398
4389,4392
4392,4398
4392,4399
4392,4410
4392,4411
4398,4399
4398,4410
4398,4411
4398,4412
4399,4410
4410,4411
4410,4412
4411,4412
4412,4430
4412,4440
4412,4444
4412,4445
4430,4440
4430,4444
4440,4444
4440,4445
4440,4450
4444,4445
4444,4450
4444,4451
4444,4457
4445,4450
4450,4451
4450,4457
4451,4457
4451,4460
4451,4461
4451,4462
4451,4464
4457,4460
4460,4461
4461,4462
4462,4464
4462,4478
4462,4482
4462,4485
4462,4491
4464,4478
4478,4482
4482,4485
4485,4491
4491,4492
4492,4494
4492,4495
4494,4495
4495,4501
4501,4509
4501,4511
4509,4511
4509,4513
4511,4513
4513,4515
4515,4523
4515,4531
4515,4533
4523,4531
4531,4533
4533,4545
4533,4550
4533,4551
4545,4550
4545,4551
4550,4551
4551,4552
4552,4555
4552,4556
4552,4562
4552,4573
4555,4556
4555,4562
4555,4573
4555,4578
4556,4562
4562,4573
4573,4578
4578,4582
4582,4584
4584,4592
4592,4599
4599,4600
4599,4627
4600,4627
4627,4631
4627,4642
4631,4642
4642,4652
4652,4661
4652,4669
4661,4669
4661,4676
4661,4679
4661,4702
4661,4706
4669,4676
4676,4679
4679,4702
4702,4706
4702,4708
4706,4708
4706,4717
4708,4717
4717,4722
4722,4723
4722,4732
4723,4732
4723,4736
4732,4736
4736,4744
4736,4757
4744,4757
4757,4764
4764,4766
4764,4768
4764,4769
4766,4768
4766,4769
4766,4772
4768,4769
4768,4772
4768,4774
4769,4772
4769,4774
4769,4781
4769,4784
4769,4791
4769,4796
4772,4774
4774,4781
4774,4784
4781,4784
4781,4791
4781,4796
4781,4797
4781,4801
4784,4791
4784,4796
4791,4796
4791,4797
4796,4797
4797,4801
4797,4813
4801,4813
4813,4816
4816,4817
4816,4818
4816,4828
4817,4818
4818,4828
4828,4829
4828,4831
4829,4831
4829,4833
4831,4833
4833,4837
4833,4838
4833,4849
4833,4850
4833,4854
4837,4838
4838,4849
4849,4850
4850,4854
4850,4855
4850,4857
4850,4859
4850,4883
4850,4884
4854,4855
4854,4857
4855,4857
4855,4859
4855,4883
4857,4859
4857,4883
4857,4884
4857,4892
4859,4883
4883,4884
4883,4892
4884,4892
4884,4894
4884,4900
4884,4901
4884,4907
4892,4894
4892,4900
4894,4900
4894,4901
4894,4907
4900,4901
4900,4907
4901,4907
4901,4915
4901,4919
4901,4923
4901,4924
4907,4915
4915,4919
4919,4923
4923,4924
4924,4929
4924,4933
4924,4940
4924,4944
4924,4965
4929,4933
4929,4940
4929,4944
4933,4940
4933,4944
4940,4944
4944,4965
4965,4967
4967,4970
4970,4974
4970,4990
4970,4993
4974,4990
4974,4993
4974,4995
4974,5000
4990,4993
4990,4995
4990,5000
4990,5005
4990,5006
4993,4995
4993,5000
4993,5005
4993,5006
4995,5000
5000,5005
5005,5006
5005,5009
5006,5009
5006,5014
5006,5024
5009,5014
5014,5024
5014,5027
5014,5029
5024,5027
5027,5029
5027,5035
5027,5038
5029,5035
5035,5038
5038,5040
5038,5041
5038,5044
5040,5041
5040,5044
5040,5048
5041,5044
5044,5048
5048,5050
5050,5052
5050,5060
5050,5062
5052,5060
5060,5062
5060,5065
5060,5067
5062,5065
5065,5067
5065,5070
5065,5077
5067,5070
5070,5077
5077,5079
5079,5081
5079,5086
5081,5086
5081,5088
5086,5088
5088,5097
5097,5098
5098,5110
5098,5114
5110,5114
5110,5117
5110,5122
5114,5117
5117,5122
5117,5124
5117,5132
5122,5124
5124,5132
5124,5135
5132,5135
5132,5136
5132,5146
5132,5148
5135,5136
5135,5146
5135,5148
5135,5159
5136,5146
5146,5148
5146,5159
5146,5173
5146,5174
5148,5159
5159,5173
5173,5174
5173,5180
5174,5180
5180,5181
5180,5182
5181,5182
5181,5191
5181,5195
5181,5197
5181,5203
5182,5191
5182,5195
5191,5195
5191,5197
5191,5203
5191,5212
5191,5214
5191,5218
5195,5197
5195,5203
5197,5203
5197,5212
5203,5212
5203,5214
5212,5214
5214,5218
5214,5221
5214,5234
5218,5221
5221,5234
5221,5235
5221,5239
5221,5240
5234,5235
5235,5239
5235,5240
5239,5240
5240,5244
5244,5258
5244,5261
5244,5269
5244,5272
5244,5280
5258,5261
5258,5269
5258,5272
5261,5269
5269,5272
5272,5280
5272,5287
5272,5289
5272,5290
5280,5287
5287,5289
5289,5290
5290,5292
5292,5303
5292,5306
5292,5310
5292,5315
5303,5306
5306,5310
5310,5315
5310,5316
5310,5322
5315,5316
5315,5322
5315,5325
5316,5322
5316,5325
5316,5342
5316,5350
5322,5325
5322,5342
5322,5350
5325,5342
5325,5350
5342,5350
5342,5351
5342,5356
5350,5351
5351,5356
5356,5364
5356,5365
5356,5368
5364,5365
5365,5368
5365,5371
5365,5378
5368,5371
5371,5378
5371,5381
5378,5381
5378,5382
5381,5382
5381,5388
5381,5389
5382,5388
5382,5389
5382,5392
5382,5394
5388,5389
5388,5392
5388,5394
5388,5402
5389,5392
5389,5394
5392,5394
5394,5402
5402,5404
5402,5417
5402,5420
5404,5417
5417,5420
5420,5422
5420,5425
5422,5425
5422,5428
5422,5430
5425,5428
5428,5430
5430,5434
5430,5444
5430,5445
5430,5446
5430,5449
5430,5454
5434,5444
5444,5445
5444,5446
5444,5449
5445,5446
5446,5449
5446,5454
5449,5454
5454,5468
5468,5473
5468,5488
5468,5489
5468,5490
5473,5488
5473,5489
5488,5489
5489,5490
5489,5493
5489,5497
5490,5493
5493,5497
5497,5499
5499,5500
5499,5501
5499,5502
5500,5501
5500,5502
5500,5509
5501,5502
5501,5509
5501,5514
5502,5509
5502,5514
5509,5514
5509,5517
5509,5520
5509,5531
5514,5517
5514,5520
5514,5531
5517,5520
5520,5531
5531,5534
5534,5535
5534,5540
5534,5546
5534,5547
5535,5540
5540,5546
5546,5547
5546,5548
5546,5550
5546,5553
5547,5548
5548,5550
5548,5553
5548,5562
5550,5553
5550,5562
5553,5562
5562,5565
5562,5568
5562,5579
5565,5568
5568,5579
5579,5588
5588,5593
5588,5596
5588,5598
5593,5596
5596,5598
5598,5604
5604,5611
5604,5612
5604,5623
5604,5627
5611,5612
5612,5623
5623,5627
5623,5647
5623,5654
5623,5655
5623,5658
5623,5662
5627,5647
5647,5654
5647,5655
5647,5658
5647,5662
5654,5655
5655,5658
5655,5662
5658,5662
5662,5666
5662,5669
5662,5677
5666,5669
5666,5677
5666,5680
5666,5681
5669,5677
5669,5680
5677,5680
5677,5681
5677,5686
5677,5687
5677,5689
5680,5681
5680,5686
5680,5687
5681,5686
5681,5687
5681,5689
5686,5687
5686,5689
5687,5689
5687,5691
5689,5691
5691,5699
5699,5703
5703,5708
5703,5714
5703,5720
5708,5714
5714,5720
5720,5721
5721,5735
5721,5739
5721,5742
5721,5755
5721,5762
5721,5765
5735,5739
5735,5742
5735,5755
5739,5742
5742,5755
5755,5762
5755,5765
5755,5768
5755,5775
5762,5765
5762,5768
5765,5768
5768,5775
5768,5776
5768,5784
5768,5788
5768,5790
5775,5776
5775,5784
5776,5784
5784,5788
5784,5790
5784,5791
5788,5790
5788,5791
5790,5791
5791,5797
5791,5804
5797,5804
5797,5825
5804,5825
5825,5829
5829,5835
5829,5851
5829,5855
5835,5851
5835,5855
5851,5855
5855,5862
5862,5872
5862,5875
5862,5877
5872,5875
5875,5877
5875,5879
5877,5879
5877,5880
5879,5880
5879,5882
5879,5888
5879,5890
5880,5882
5882,5888
5882,5890
5888,5890
5890,5893
5893,5894
5893,5900
5893,5907
5893,5912
5894,5900
5900,5907
5900,5912
5900,5913
5900,5919
5907,5912
5907,5913
5907,5919
5907,5930
5912,5913
5912,5919
5912,5930
5912,5935
5913,5919
5913,5930
5913,5935
5913,5946
5913,5947
5919,5930
5930,5935
5935,5946
5946,5947
5946,5954
5946,5956
5947,5954
5954,5956
5956,5957
5956,5972
5956,5975
5956,5979
5957,5972
5972,5975
5975,5979
5979,5999
5999,6007
6007,6013
6007,6015
6007,6023
6013,6015
6015,6023
6023,6025
6025,6026
6025,6028
6025,6029
6026,6028
6028,6029
6029,6032
6029,6038
6029,6040
6029,6043
6029,6044
6032,6038
6032,6040
6032,6043
6032,6044
6032,6048
6038,6040
6040,6043
6040,6044
6043,6044
6043,6048
6043,6050
6044,6048
6048,6050
6050,6055
6050,6057
6050,6060
6050,6065
6055,6057
6055,6060
6055,6065
6055,6066
6055,6074
6057,6060
6060,6065
6060,6066
6060,6074
6060,6082
6065,6066
6065,6074
6066,6074
6066,6082
6066,6116
6074,6082
6082,6116
6082,6130
6082,6132
6116,6130
6130,6132
6130,6133
6130,6142
6132,6133
6133,6142
6133,6143
6142,6143
6143,6144
6144,6147
6147,6151
6147,6152
6147,6153
6151,6152
6151,6153
6152,6153
6152,6155
6152,6156
6152,6158
6153,6155
6155,6156
6155,6158
6155,6163
6155,6164
6156,6158
6156,6163
6158,6163
6158,6164
6163,6164
6163,6165
6163,6166
6163,6167
6163,6169
6163,6171
6164,6165
6165,6166
6165,6167
6165,6169
6165,6171
6165,6174
6166,6167
6167,6169
6167,6171
6169,6171
6169,6174
6169,6176
6169,6177
6171,6174
6174,6176
6176,6177
6176,6179
6176,6186
6177,6179
6177,6186
6177,6187
6177,6204
6177,6218
6179,6186
6186,6187
6187,6204
6204,6218
6218,6223
6223,6224
6223,6228
6223,6230
6223,6238
6223,6239
6223,6244
6223,6246
6224,6228
6224,6230
6228,6230
6230,6238
6230,6239
6230,6244
6238,6239
6239,6244
6239,6246
6244,6246
6244,6249
6246,6249
6249,6251
6251,6254
6251,6257
6251,6262
6251,6287
6254,6257
6257,6262
6257,6287
6257,6288
6262,6287
6287,6288
6287,6290
6287,6292
6288,6290
6290,6292
6292,6307
6292,6310
6292,6315
6292,6320
6307,6310
6307,6315
6307,6320
6310,6315
6315,6320
6315,6332
6315,6341
6315,6348
6315,6349
6320,6332
6320,6341
6320,6348
6320,6349
6332,6341
6341,6348
6348,6349
6348,6352
6349,6352
6352,6353
6352,6363
6352,6367
6352,6369
6353,6363
6363,6367
6363,6369
6363,6370
6367,6369
6369,6370
6369,6382
6370,6382
6382,6385
6385,6391
6391,6392
6392,6396
6396,6398
6396,6399
6396,6405
6396,6407
6396,6411
6398,6399
6399,6405
6405,6407
6407,6411
6407,6415
6411,6415
6415,6418
6415,6422
6415,6423
6418,6422
6418,6423
6418,6432
6422,6423
6423,6432
6432,6435
6435,6438
6435,6440
6438,6440
6438,6441
6440,6441
6441,6446
6446,6448
6446,6452
6448,6452
6448,6456
6448,6457
6448,6460
6452,6456
6456,6457
6457,6460
6460,6471
6471,6473
6473,6475
6473,6476
6473,6477
6475,6476
6475,6477
6476,6477
6477,6479
6479,6485
6479,6490
6479,6493
6485,6490
6485,6493
6485,6495
6485,6497
6490,6493
6493,6495
6493,6497
6493,6498
6493,6500
6495,6497
6495,6498
6495,6500
6497,6498
6497,6500
6497,6505
6498,6500
6500,6505
6505,6509
6509,6515
6509,6516
6515,6516
6515,6526
6516,6526
6526,6536
6526,6538
6526,6543
6526,6547
6536,6538
6536,6543
6536,6547
6538,6543
6543,6547
6547,6548
6547,6567
6547,6570
6548,6567
6567,6570
6570,6589
6589,6596
6589,6599
6589,6600
6596,6599
6596,6600
6596,6615
6596,6617
6599,6600
6600,6615
6615,6617
6617,6627
6627,6640
6640,6643
6640,6655
6643,6655
6643,6662
6655,6662
6662,6670
6662,6672
6670,6672
6672,6673
6673,6676
6673,6677
6673,6682
6676,6677
6676,6682
6676,6683
6677,6682
6677,6683
6682,6683
6683,6685
6685,6688
6685,6689
6685,6690
6685,6697
6688,6689
6688,6690
6689,6690
6689,6697
6689,6700
6689,6701
6690,6697
6690,6700
6690,6701
6690,6703
6697,6700
6697,6701
6697,6703
6697,6706
6700,6701
6700,6703
6701,6703
6703,6706
6706,6708
6708,6709
6709,6729
6729,6736
6729,6737
6729,6738
6729,6745
6736,6737
6736,6738
6737,6738
6738,6745
6745,6752
6752,6755
6752,6760
6752,6761
6755,6760
6760,6761
6761,6781
6761,6782
6761,6783
6761,6786
6761,6788
6781,6782
6782,6783
6783,6786
6783,6788
6783,6792
6783,6794
6783,6795
6783,6796
6786,6788
6788,6792
6792,6794
6792,6795
6792,6796
6792,6798
6794,6795
6795,6796
6795,6798
6796,6798
6796,6799
6796,6809
6798,6799
6798,6809
6798,6812
6798,6823
6799,6809
6809,6812
6812,6823
6812,6827
6812,6841
6823,6827
6827,6841
6827,6842
6841,6842
6842,6843
6842,6844
6842,6846
6842,6847
6843,6844
6843,6846
6843,6847
6843,6851
6844,6846
6844,6847
6846,6847
6847,6851
6847,6852
6851,6852
6852,6856
6852,6857
6856,6857
6856,6858
6856,6862
6856,6871
6856,6875
6856,6887
6857,6858
6857,6862
6857,6871
6858,6862
6862,6871
6862,6875
6862,6887
6862,6889
6871,6875
6875,6887
6887,6889
6887,6890
6887,6892
6889,6890
6890,6892
6892,6906
6892,6912
6892,6915
6892,6924
6906,6912
6912,6915
6915,6924
6915,6929
6915,6934
6915,6937
6924,6929
6924,6934
6929,6934
6934,6937
6937,6943
6943,6946
6946,6954
6954,6955
6954,6960
6955,6960
6960,6962
6960,6966
6960,6971
6960,6980
6962,6966
6962,6971
6962,6980
6962,6982
6966,6971
6966,6980
6966,6982
6971,6980
6971,6982
6980,6982
6980,6987
6980,6989
6980,6994
6982,6987
6987,6989
6987,6994
6987,6996
6989,6994
6989,6996
6994,6996
6996,7005
7005,7016
7016,7033
7016,7040
7033,7040
7040,7042
7042,7043
7042,7046
7043,7046
7043,7055
7043,7062
7046,7055
7046,7062
7046,7063
7055,7062
7055,7063
7055,7082
7062,7063
7062,7082
7062,7083
7062,7084
7062,7085
7063,7082
7063,7083
7063,7084
7063,7085
7082,7083
7082,7084
7082,7085
7083,7084
7084,7085
7084,7090
7085,7090
7090,7093
7090,7096
7093,7096
7093,7104
7093,7107
7093,7108
7093,7109
7093,7111
7096,7104
7104,7107
7104,7108
7104,7109
7107,7108
7107,7109
7107,7111
7107,7115
7108,7109
7108,7111
7109,7111
7111,7115
7115,7125
7115,7127
7115,7131
7115,7141
7125,7127
7125,7131
7125,7141
7125,7148
7127,7131
7127,7141
7131,7141
7131,7148
7131,7149
7141,7148
7141,7149
7141,7153
7141,7160
7148,7149
7148,7153
7149,7153
7153,7160
7160,7171
7171,7172
7171,7190
7172,7190
7190,7194
7190,7199
7190,7200
7190,7224
7194,7199
7194,7200
7194,7224
7199,7200
7200,7224
7224,7230
7230,7240
7240,7241
7240,7243
7241,7243
7241,7244
7241,7245
7241,7249
7243,7244
7243,7245
7243,7249
7243,7250
7244,7245
7245,7249
7249,7250
7250,7251
7250,7255
7251,7255
7255,7256
7255,7260
7255,7271
7256,7260
7256,7271
7256,7272
7260,7271
7260,7272
7260,7278
7271,7272
7272,7278
7272,7280
7278,7280
7278,7288
7280,7288
7280,7304
7288,7304
7288,7311
7288,7315
7288,7317
7304,7311
7311,7315
7311,7317
7315,7317
7317,7321
7321,7322
7322,7323
7323,7327
7327,7329
7329,7338
7338,7340
7340,7347
7340,7348
7340,7349
7347,7348
7347,7349
7347,7359
7347,7370
7348,7349
7348,7359
7349,7359
7359,7370
7359,7371
7359,7380
7359,7385
7370,7371
7370,7380
7370,7385
7371,7380
7380,7385
7385,7392
7385,7396
7392,7396
7396,7402
7402,7404
7404,7408
7408,7414
7414,7421
7421,7425
7425,7430
7425,7432
7425,7433
7425,7436
7425,7437
7430,7432
7430,7433
7430,7436
7430,7437
7432,7433
7433,7436
7433,7437
7433,7438
7436,7437
7437,7438
7437,7439
7438,7439
7439,7443
7443,7451
7443,7453
7443,7463
7451,7453
7453,7463
7453,7464
7453,7466
7463,7464
7463,7466
7464,7466
7466,7468
7466,7471
7466,7474
7466,7480
7468,7471
7468,7474
7468,7480
7471,7474
7471,7480
7474,7480
7480,7481
7481,7483
7483,7486
7483,7487
7483,7489
7483,7491
7486,7487
7487,7489
7489,7491
7491,7494
7494,7496
7494,7497
7496,7497
7496,7498
7497,7498
7497,7500
7498,7500
7500,7505
7505,7518
7505,7519
7505,7520
7505,7525
7505,7534
7518,7519
7519,7520
7519,7525
7520,7525
7525,7534
7525,7537
7525,7538
7525,7540
7525,7543
7534,7537
7537,7538
7538,7540
7538,7543
7538,7546
7540,7543
7543,7546
7546,7552
7546,7554
7552,7554
7552,7555
7552,7557
7554,7555
7554,7557
7554,7566
7554,7567
7555,7557
7557,7566
7557,7567
7557,7586
7557,7591
7557,7593
7566,7567
7567,7586
7567,7591
7567,7593
7586,7591
7591,7593
7593,7598
7598,7604
7604,7608
7608,7609
7609,7620
7609,7629
7609,7634
7609,7637
7609,7638
7620,7629
7620,7634
7629,7634
7629,7637
7629,7638
7634,7637
7634,7638
7634,7641
7634,7644
7634,7650
7634,7651
7637,7638
7637,7641
7638,7641
7638,7644
7638,7650
7641,7644
7644,7650
7644,7651
7650,7651
7650,7653
7651,7653
7653,7654
7653,7659
7654,7659
7659,7662
7662,7667
7667,7671
7671,7674
7671,7677
7671,7681
7671,7686
7674,7677
7677,7681
7677,7686
7681,7686
7681,7702
7681,7704
7686,7702
7702,7704
7702,7710
7702,7711
7704,7710
7704,7711
7710,7711
7710,7715
7710,7722
7710,7728
7711,7715
7715,7722
7715,7728
7722,7728
7728,7739
7739,7741
7741,7748
7748,7749
7748,7751
7749,7751
7749,7754
7749,7756
7751,7754
7754,7756
7756,7762
7756,7763
7762,7763
7763,7769
7763,7773
7769,7773
7773,7775
7775,7776
7776,7779
7779,7792
7779,7799
7779,7804
7792,7799
7792,7804
7792,7806
7799,7804
7804,7806
7804,7812
7804,7819
7806,7812
7812,7819
7812,7821
7812,7825
7819,7821
7819,7825
7821,7825
7825,7830
7830,7832
7830,7839
7832,7839
7832,7843
7832,7855
7839,7843
7843,7855
7843,7856
7843,7860
7855,7856
7855,7860
7855,7867
7855,7882
7856,7860
7860,7867
7867,7882
7882,7883
7882,7892
7883,7892
7892,7896
7896,7898
7898,7899
7899,7905
7905,7906
7905,7910
7905,7913
7906,7910
7910,7913
7910,7915
7910,7923
7913,7915
7913,7923
7913,7926
7913,7934
7915,7923
7915,7926
7923,7926
7923,7934
7923,7938
7926,7934
7926,7938
7926,7944
7934,7938
7938,7944
7944,7945
7945,7946
7945,7947
7946,7947
7947,7951
7951,7953
7951,7962
7953,7962
7962,7964
7964,7965
7964,7978
7964,7991
7965,7978
7978,7991
7978,7992
7991,7992
7991,7997
7991,8001
7992,7997
7997,8001
7997,8014
8001,8014
8014,8015
8014,8018
8014,8023
8014,8025
8015,8018
8015,8023
8018,8023
8018,8025
8018,8029
8018,8037
8023,8025
8025,8029
8025,8037
8025,8038
8029,8037
8037,8038
8037,8042
8037,8047
8038,8042
8038,8047
8038,8048
8042,8047
8042,8048
8042,8050
8047,8048
8048,8050
8048,8053
8048,8060
8048,8062
8050,8053
8050,8060
8050,8062
8053,8060
8053,8062
8053,8064
8053,8066
8060,8062
8062,8064
8062,8066
8062,8067
8062,8073
8064,8066
8066,8067
8066,8073
8066,8074
8066,8083
8067,8073
8073,8074
8073,8083
8074,8083
8074,8088
8083,8088
8088,8096
8088,8101
8096,8101
8096,8105
8101,8105
8101,8109
8105,8109
8109,8111
8111,8117
8117,8118
8117,8120
8118,8120
8120,8124
8120,8126
8120,8128
8120,8130
8120,8133
8120,8135
8124,8126
8124,8128
8124,8130
8124,8133
8126,8128
8128,8130
8128,8133
8128,8135
8128,8139
8128,8144
8128,8147
8130,8133
8133,8135
8135,8139
8139,8144
8139,8147
8144,8147
8144,8149
8144,8162
8144,8167
8144,8170
8147,8149
8147,8162
8147,8167
8149,8162
8149,8167
8149,8170
8162,8167
8167,8170
8167,8175
8167,8199
8170,8175
8175,8199
8175,8201
8175,8203
8175,8207
8199,8201
8199,8203
8201,8203
8201,8207
8201,8211
8203,8207
8203,8211
8203,8213
8207,8211
8207,8213
8207,8221
8207,8226
8207,8229
8211,8213
8213,8221
8213,8226
8221,8226
8226,8229
8226,8231
8229,8231
8231,8233
8231,8235
8231,8238
8231,8239
8233,8235
8235,8238
8238,8239
8238,8243
8238,8249
8238,8251
8239,8243
8243,8249
8249,8251
8249,8255
8249,8270
8251,8255
8255,8270
8255,8282
8270,8282
8270,8284
8282,8284
8282,8285
8282,8289
8284,8285
8285,8289
8285,8300
8285,8305
8285,8306
8289,8300
8289,8305
8300,8305
8300,8306
8305,8306
8306,8308
8306,8310
8306,8315
8306,8317
8308,8310
8310,8315
8310,8317
8310,8319
8315,8317
8315,8319
8315,8325
8315,8329
8317,8319
8319,8325
8319,8329
8319,8337
8325,8329
8329,8337
8329,8339
8329,8343
8337,8339
8339,8343
8339,8349
8343,8349
8349,8351
8351,8353
8351,8354
8353,8354
8354,8360
8354,8363
8360,8363
8363,8364
8364,8366
8366,8370
8366,8379
8366,8385
8366,8390
8370,8379
8370,8385
8370,8390
8370,8396
8370,8397
8379,8385
8385,8390
8385,8396
8385,8397
8385,8399
8390,8396
8390,8397
8390,8399
8396,8397
8396,8399
8396,8406
8397,8399
8399,8406
8399,8409
8406,8409
8406,8412
8406,8420
8409,8412
8409,8420
8409,8425
8409,8429
8412,8420
8420,8425
8425,8429
8425,8431
8429,8431
8431,8436
8431,8438
8431,8439
8436,8438
8436,8439
8436,8440
8438,8439
8439,8440
8439,8444
8440,8444
8444,8448
8444,8458
8448,8458
8448,8468
8448,8472
8448,8475
8458,8468
8468,8472
8468,8475
8472,8475
8472,8488
8475,8488
8488,8493
8488,8500
8488,8514
8493,8500
8500,8514
8514,8516
8516,8522
8516,8526
8516,8530
8516,8546
8516,8561
8522,8526
8522,8530
8522,8546
8522,8561
8522,8562
8526,8530
8530,8546
8546,8561
8561,8562
8561,8564
8561,8568
8561,8573
8562,8564
8562,8568
8562,8573
8562,8578
8562,8582
8562,8591
8564,8568
8568,8573
8573,8578
8573,8582
8578,8582
8582,8591
8591,8592
8591,8597
8591,8605
8591,8615
8591,8616
8592,8597
8592,8605
8592,8615
8592,8616
8592,8617
8597,8605
8597,8615
8597,8616
8605,8615
8605,8616
8605,8617
8615,8616
8616,8617
8616,8620
8616,8628
8616,8629
8616,8633
8616,8636
8616,8643
8616,8644
8617,8620
8620,8628
8628,8629
8629,8633
8633,8636
8636,8643
8643,8644
8643,8645
8643,8646
8644,8645
8644,8646
8644,8648
8644,8652
8645,8646
8646,8648
8648,8652
8648,8660
8648,8664
8652,8660
8652,8664
8652,8667
8652,8668
8652,8681
8652,8686
8660,8664
8664,8667
8667,8668
8667,8681
8668,8681
8681,8686
8686,8688
8688,8691
8688,8694
8688,8700
8691,8694
8694,8700
8694,8701
8694,8704
8700,8701
8701,8704
8701,8706
8704,8706
8704,8708
8704,8719
8706,8708
8708,8719
8719,8721
8721,8723
8723,8725
8725,8727
8727,8730
8727,8733
8727,8736
8730,8733
8730,8736
8730,8738
8733,8736
8736,8738
8738,8754
8754,8755
8754,8758
8755,8758
8758,8759
8758,8764
8758,8768
8758,8777
8758,8783
8759,8764
8764,8768
8764,8777
8764,8783
8764,8787
8768,8777
8777,8783
8783,8787
8783,8791
8783,8793
8787,8791
8791,8793
8793,8794
8793,8796
8794,8796
8794,8799
8794,8800
8796,8799
8799,8800
8799,8818
8799,8834
8799,8845
8799,8849
8800,8818
8818,8834
8834,8845
8845,8849
8845,8860
8845,8864
8849,8860
8849,8864
8849,8868
8860,8864
8864,8868
8868,8869
8869,8874
8874,8881
8874,8886
8881,8886
8881,8893
8881,8896
8886,8893
8886,8896
8893,8896
8896,8897
8896,8898
8896,8899
8897,8898
8897,8899
8898,8899
8898,8900
8899,8900
8900,8913
8913,8915
8915,8921
8915,8922
8915,8925
8921,8922
8922,8925
8922,8927
8922,8929
8922,8939
8925,8927
8925,8929
8925,8939
8925,8940
8927,8929
8929,8939
8939,8940
8939,8943
8939,8945
8940,8943
8940,8945
8940,8948
8943,8945
8945,8948
8945,8957
8945,8958
8945,8962
8948,8957
8948,8958
8948,8962
8948,8969
8957,8958
8957,8962
8957,8969
8958,8962
8958,8969
8958,8972
8958,8980
8962,8969
8962,8972
8969,8972
8969,8980
8969,8985
8969,8998
8972,8980
8972,8985
8972,8998
8972,9007
8972,9010
8972,9019
8972,9023
8972,9025
8980,8985
8980,8998
8980,9007
8985,8998
8985,9007
8998,9007
8998,9010
8998,9019
9007,9010
9007,9019
9010,9019
9019,9023
9023,9025
9023,9028
9023,9037
9023,9043
9023,9047
9025,9028
9025,9037
9025,9043
9028,9037
9028,9043
9037,9043
9043,9047
9047,9049
9047,9053
9049,9053
9049,9054
9049,9055
9049,9056
9049,9060
9049,9072
9049,9076
9053,9054
9054,9055
9055,9056
9056,9060
9056,9072
9056,9076
9056,9080
9056,9096
9056,9112
9060,9072
9072,9076
9072,9080
9076,9080
9076,9096
9080,9096
9080,9112
9080,9116
9080,9118
9096,9112
9096,9116
9112,9116
9112,9118
9116,9118
9116,9120
9116,9124
9116,9125
9116,9127
9118,9120
9118,9124
9118,9125
9120,9124
9120,9125
9124,9125
9124,9127
9125,9127
9125,9129
9127,9129
9129,9134
9134,9145
9145,9147
9147,9149
9149,9151
9149,9152
9149,9154
9151,9152
9151,9154
9151,9158
9152,9154
9154,9158
9154,9163
9158,9163
9158,9164
9158,9166
9163,9164
9164,9166
9164,9167
9164,9177
9164,9179
9164,9181
9166,9167
9167,9177
9167,9179
9177,9179
9177,9181
9179,9181
9179,9182
9179,9189
9179,9190
9181,9182
9181,9189
9181,9190
9181,9196
9182,9189
9189,9190
9189,9196
9190,9196
9190,9200
9190,9213
9196,9200
9200,9213
9213,9215
9213,9222
9213,9225
9213,9237
9213,9238
9215,9222
9215,9225
9215,9237
9215,9238
9222,9225
9225,9237
9225,9238
9225,9240
9237,9238
9238,9240
9240,9242
9240,9246
9242,9246
9246,9257
9257,9260
9257,9264
9257,9275
9257,9281
9260,9264
9264,9275
9264,9281
9264,9286
9275,9281
9281,9286
9286,9290
9286,9295
9286,9307
9290,9295
9290,9307
9290,9314
9295,9307
9295,9314
9295,9319
9295,9325
9307,9314
9307,9319
9314,9319
9314,9325
9319,9325
9319,9326
9319,9327
9325,9326
9325,9327
9326,9327
9326,9335
9327,9335
9327,9338
9327,9339
9327,9341
9327,9359
9335,9338
9335,9339
9338,9339
9339,9341
9341,9359
9359,9361
9359,9365
9359,9368
9361,9365
9361,9368
9365,9368
9368,9378
9378,9383
9383,9385
9383,9388
9385,9388
9388,9392
9392,9400
9400,9402
9400,9403
9400,9407
9402,9403
9402,9407
9403,9407
9407,9408
9407,9413
9407,9415
9407,9417
9408,9413
9413,9415
9415,9417
9417,9419
9417,9429
9419,9429
9419,9431
9419,9433
9419,9448
9419,9459
9429,9431
9429,9433
9429,9448
9431,9433
9433,9448
9433,9459
9433,9471
9433,9472
9448,9459
9448,9471
9448,9472
9459,9471
9471,9472
9472,9490
9490,9493
9490,9494
9493,9494
9494,9504
9504,9510
9510,9511
9510,9522
9511,9522
9511,9523
9522,9523
9522,9526
9522,9538
9523,9526
9526,9538
9538,9541
9538,9544
9538,9557
9541,9544
9541,9557
9541,9558
9544,9557
9544,9558
9544,9563
9557,9558
9558,9563
9558,9573
9563,9573
9573,9579
9579,9584
9579,9587
9584,9587
9587,9604
9604,9610
9610,9614
9610,9615
9614,9615
9614,9617
9614,9620
9614,9626
9614,9631
9614,9639
9615,9617
9615,9620
9615,9626
9615,9631
9617,9620
9620,9626
9620,9631
9620,9639
9626,9631
9626,9639
9626,9642
9631,9639
9639,9642
9642,9646
9642,9656
9642,9657
9646,9656
9656,9657
9657,9666
9657,9668
9666,9668
9668,9677
9677,9679
9679,9687
9679,9695
9687,9695
9695,9696
9695,9697
9695,9701
9696,9697
9696,9701
9697,9701
9701,9704
9704,9707
9704,9708
9704,9720
9704,9733
9707,9708
9707,9720
9707,9733
9707,9740
9708,9720
9708,9733
9720,9733
9733,9740
9740,9760
9740,9771
9740,9773
9760,9771
9771,9773
9773,9774
9773,9775
9773,9777
9774,9775
9775,9777
9777,9780
9777,9781
9777,9783
9780,9781
9781,9783
9781,9786
9783,9786
9783,9787
9783,9790
9786,9787
9786,9790
9787,9790
9790,9793
9793,9805
9805,9807
9805,9810
9805,9811
9807,9810
9807,9811
9810,9811
9810,9821
9811,9821
9811,9825
9811,9826
9821,9825
9821,9826
9821,9827
9825,9826
9825,9827
9826,9827
9826,9837
9826,9838
9826,9839
9826,9840
9827,9837
9837,9838
9837,9839
9837,9840
9838,9839
9838,9840
9838,9842
9838,9850
9838,9853
9839,9840
9839,9842
9839,9850
9840,9842
9842,9850
9842,9853
9850,9853
9850,9855
9853,9855
9853,9858
9853,9861
9855,9858
9858,9861
9861,9877
9877,9878
9877,9884
9877,9885
9877,9887
9878,9884
9878,9885
9878,9887
9878,9892
9878,9897
9884,9885
9885,9887
9887,9892
9892,9897
9892,9904
9897,9904
9904,9907
9907,9920
9920,9922
9920,9924
9920,9927
9922,9924
9922,9927
9924,9927
9927,9930
9927,9937
9927,9938
9930,9937
9937,9938
9937,9945
9937,9951
9938,9945
9938,9951
9938,9964
9945,9951
9951,9964
9964,9968
9964,9976
9964,9978
9964,9982
9968,9976
9968,9978
9968,9982
9976,9978
9978,9982
9978,9991
9978,10002
9982,9991
9991,10002
9991,10005
10002,10005
10002,10007
10002,10011
10005,10007
10005,10011
10005,10014
10007,10011
10007,10014
10007,10016
10007,10036
10011,10014
10014,10016
10016,10036
10036,10039
10036,10040
10039,10040
10040,10056
10056,10058
10056,10063
10056,10067
10058,10063
10063,10067
10067,10070
10070,10072
10072,10082
10082,10084
10082,10103
10084,10103
10084,10104
10103,10104
10103,10108
10103,10110
10103,10111
10103,10112
10104,10108
10108,10110
10110,10111
10111,10112
10112,10113
10113,10117
10117,10122
10122,10128
10122,10131
10128,10131
10128,10135
10128,10138
10131,10135
10135,10138
10138,10139
10138,10148
10138,10151
10139,10148
10139,10151
10139,10152
10139,10153
10139,10156
10148,10151
10148,10152
10151,10152
10151,10153
10151,10156
10152,10153
10152,10156
10152,10162
10152,10168
10153,10156
10156,10162
10162,10168
10162,10169
10162,10170
10162,10182
10168,10169
10169,10170
10170,10182
10182,10186
10186,10188
10186,10189
10188,10189
10188,10193
10188,10194
10189,10193
10189,10194
10189,10204
10193,10194
10193,10204
10194,10204
10194,10205
10194,10210
10194,10223
10204,10205
10204,10210
10204,10223
10204,10233
10204,10246
10205,10210
10205,10223
10205,10233
10210,10223
10223,10233
10233,10246
10233,10247
10233,10259
10246,10247
10247,10259
10259,10261
10259,10273
10259,10274
10259,10293
10261,10273
10261,10274
10273,10274
10273,10293
10273,10300
10274,10293
10274,10300
10293,10300
10300,10304
10300,10307
10300,10311
10304,10307
10307,10311
10307,10315
10307,10316
10307,10320
10311,10315
10315,10316
10316,10320
10320,10331
10331,10333
10331,10351
10331,10352
10331,10354
10333,10351
10351,10352
10351,10354
10351,10365
10351,10380
10351,10386
10352,10354
10352,10365
10352,10380
10354,10365
10354,10380
10365,10380
10365,10386
10365,10388
10380,10386
10386,10388
10388,10392
10388,10394
10388,10397
10388,10398
10388,10416
10388,10417
10392,10394
10392,10397
10394,10397
10397,10398
10398,10416
10416,10417
10417,10422
10422,10426
10422,10428
10426,10428
10426,10432
10426,10439
10426,10441
10428,10432
10432,10439
10439,10441
10439,10443
10441,10443
10443,10444
10444,10448
10448,10451
10448,10453
10451,10453
10451,10454
10451,10459
10453,10454
10454,10459
10459,10461
10459,10462
10459,10467
10459,10469
10461,10462
10462,10467
10462,10469
10467,10469
10467,10470
10469,10470
10469,10471
10470,10471
10471,10478
10478,10480
10480,10483
10480,10496
10483,10496
10483,10497
10496,10497
10496,10505
10496,10509
10497,10505
10497,10509
10497,10513
10497,10516
10497,10519
10505,10509
10509,10513
10509,10516
10513,10516
10513,10519
10513,10527
10516,10519
10516,10527
10516,10532
10516,10537
10516,10539
10516,10542
10519,10527
10527,10532
10532,10537
10537,10539
10537,10542
10539,10542
10542,10543
10542,10553
10542,10554
10543,10553
10543,10554
10543,10557
10553,10554
10554,10557
10557,10565
10557,10570
10557,10573
10557,10575
10557,10586
10565,10570
10570,10573
10570,10575
10570,10586
10573,10575
10573,10586
10573,10591
10573,10593
10575,10586
10575,10591
10586,10591
10591,10593
10593,10608
10593,10609
10593,10611
10608,10609
10609,10611
10611,10616
10611,10619
10616,10619
10619,10625
10625,10634
10625,10637
10625,10639
10625,10650
10625,10657
10634,10637
10637,10639
10639,10650
10639,10657
10650,10657
10657,10661
10657,10666
10661,10666
10666,10676
10676,10678
10678,10681
10681,10684
10681,10691
10681,10694
10681,10699
10681,10703
10681,10707
10684,10691
10684,10694
10691,10694
10691,10699
10691,10703
10691,10707
10691,10708
10694,10699
10694,10703
10699,10703
10699,10707
10699,10708
10699,10710
10703,10707
10707,10708
10707,10710
10707,10712
10708,10710
10708,10712
10708,10716
10708,10720
10708,10725
10708,10730
10710,10712
10710,10716
10710,10720
10710,10725
10710,10730
10712,10716
10712,10720
10712,10725
10712,10730
10716,10720
10720,10725
10725,10730
10730,10731
10731,10733
10733,10736
10736,10746
10736,10751
10736,10757
10746,10751
10751,10757
10751,10762
10751,10770
10757,10762
10757,10770
10757,10772
10757,10777
10762,10770
10770,10772
10770,10777
10772,10777
10777,10785
10785,10788
10788,10793
10788,10794
10788,10799
10788,10803
10793,10794
10794,10799
10794,10803
10794,10805
10799,10803
10799,10805
10803,10805
10805,10812
10805,10813
10805,10816
10805,10818
10812,10813
10813,10816
10816,10818
10818,10820
10818,10832
10818,10835
10820,10832
10820,10835
10832,10835
10832,10848
10832,10854
10835,10848
10848,10854
10848,10860
10848,10863
10848,10865
10854,10860
10854,10863
10854,10865
10860,10863
10863,10865
10863,10867
10865,10867
10865,10873
10865,10877
10867,10873
10867,10877
10873,10877
10873,10878
10873,10899
10873,10905
10877,10878
10877,10899
10878,10899
10878,10905
10899,10905
10899,10906
10899,10926
10905,10906
10905,10926
10905,10942
10905,10953
10906,10926
10906,10942
10906,10953
10926,10942
10942,10953
10953,10956
10956,10961
10956,10963
10956,10981
10961,10963
10963,10981
10981,10985
10985,10998
10998,10999
10998,11000
10998,11023
10999,11000
11000,11023
11000,11025
11023,11025
11023,11029
11025,11029
11025,11032
11025,11049
11025,11054
11029,11032
11032,11049
11049,11054
11049,11059
11049,11063
11049,11067
11054,11059
11054,11063
11054,11067
11054,11069
11054,11072
11054,11075
11059,11063
11059,11067
11059,11069
11063,11067
11067,11069
11067,11072
11067,11075
11067,11078
11067,11079
11069,11072
11072,11075
11075,11078
11075,11079
11078,11079
11079,11084
11084,11085
11085,11087
11085,11100
11087,11100
11100,11102
11100,11117
11102,11117
11102,11118
11117,11118
11118,11119
11118,11121
11118,11122
11119,11121
11119,11122
11119,11137
11121,11122
11122,11137
11122,11140
11137,11140
11137,11147
11137,11162
11140,11147
11140,11162
11140,11166
11140,11168
11147,11162
11147,11166
11147,11168
11162,11166
11166,11168
11168,11180
11180,11181
11181,11187
11187,11188
11187,11194
11187,11204
11187,11209
11188,11194
11188,11204
11194,11204
11204,11209
11204,11212
11204,11215
11209,11212
11209,11215
11212,11215
11212,11217
11215,11217
11215,11220
11217,11220
11220,11221
11220,11223
11220,11224
11221,11223
11223,11224
11223,11231
11224,11231
11224,11234
11224,11235
11224,11238
11231,11234
11231,11235
11231,11238
11234,11235
11234,11238
11234,11243
11234,11244
11235,11238
11238,11243
11243,11244
11243,11249
11244,11249
11249,11250
11250,11261
11250,11263
11250,11265
11261,11263
11263,11265
11265,11271
11271,11278
11271,11279
11271,11291
11271,11292
11278,11279
11278,11291
11279,11291
11291,11292
11291,11293
11292,11293
11293,11294
11293,11297
11293,11298
11293,11303
11293,11309
11294,11297
11294,11298
11294,11303
11297,11298
11297,11303
11297,11309
11298,11303
11303,11309
11309,11313
11313,11315
11315,11317
11315,11319
11317,11319
11317,11326
11319,11326
11326,11327
11327,11328
11328,11329
11329,11331
11329,11333
11331,11333
11331,11339
11333,11339
11339,11342
11342,11344
11344,11353
11344,11356
11353,11356
11353,11363
11356,11363
11356,11370
11363,11370
11363,11372
11363,11373
11370,11372
11372,11373
11373,11374
11373,11377
11373,11378
11374,11377
11377,11378
11378,11381
11378,11383
11378,11384
11381,11383
11383,11384
11384,11388
11384,11397
11388,11397
11397,11403
11403,11405
11403,11409
11403,11410
11403,11413
11403,11415
11405,11409
11405,11410
11405,11413
11409,11410
11409,11413
11409,11415
11410,11413
11413,11415
11415,11418
11415,11422
11418,11422
11418,11427
11418,11428
11422,11427
11422,11428
11427,11428
11428,11430
11430,11432
11432,11439
11432,11444
11432,11452
11439,11444
11439,11452
11439,11461
11444,11452
11444,11461
11444,11462
11452,11461
11452,11462
11452,11464
11461,11462
11461,11464
11461,11468
11461,11473
11462,11464
11464,11468
11464,11473
11464,11479
11468,11473
11468,11479
11468,11484
11473,11479
11473,11484
11479,11484
11479,11488
11484,11488
11484,11490
11484,11493
11484,11507
11484,11517
11488,11490
11490,11493
11493,11507
11493,11517
11507,11517
11507,11519
11517,11519
11519,11523
11519,11535
11523,11535
11535,11541
11535,11543
11535,11548
11541,11543
11541,11548
11541,11559
11541,11573
11541,11579
11541,11581
11543,11548
11548,11559
11548,11573
11548,11579
11548,11581
11559,11573
11573,11579
11573,11581
11573,11591
11579,11581
11581,11591
11591,11599
11591,11603
11591,11604
11591,11606
11591,11607
11599,11603
11603,11604
11603,11606
11604,11606
11606,11607
11607,11612
11607,11616
11607,11619
11607,11623
11612,11616
11616,11619
11619,11623
11619,11624
11623,11624
11624,11626
11624,11629
11626,11629
11626,11630
11629,11630
11630,11633
11630,11634
11630,11635
11633,11634
11634,11635
11634,11640
11634,11647
11635,11640
11635,11647
11635,11651
11635,11657
11635,11658
11640,11647
11640,11651
11647,11651
11651,11657
11657,11658
11658,11660
11660,11662
11660,11672
11660,11677
11662,11672
11662,11677
11662,11680
11662,11686
11662,11698
11662,11700
11662,11704
11672,11677
11672,11680
11672,11686
11677,11680
11677,11686
11677,11698
11680,11686
11680,11698
11680,11700
11686,11698
11686,11700
11698,11700
11700,11704
11700,11705
11704,11705
11704,11706
11704,11707
11705,11706
11706,11707
11706,11712
11707,11712
11707,11715
11712,11715
11715,11732
11732,11736
11732,11753
11736,11753
11753,11755
11755,11757
11757,11761
11757,11762
11761,11762
11762,11763
11763,11769
11763,11770
11763,11776
11763,11778
11769,11770
11770,11776
11776,11778
11776,11784
11776,11789
11776,11790
11776,11791
11778,11784
11784,11789
11784,11790
11789,11790
11789,11791
11790,11791
11791,11794
11791,11799
11791,11807
11791,11811
11794,11799
11794,11807
11794,11811
11794,11813
11794,11814
11794,11816
11799,11807
11799,11811
11807,11811
11807,11813
11807,11814
11811,11813
11811,11814
11813,11814
11813,11816
11813,11817
11813,11821
11814,11816
11816,11817
11816,11821
11817,11821
11821,11822
11821,11824
11821,11826
11822,11824
11822,11826
11822,11828
11822,11833
11824,11826
11824,11828
11824,11833
11824,11835
11824,11837
11824,11840
11824,11861
11826,11828
11826,11833
11826,11835
11828,11833
11828,11835
11828,11837
11828,11840
11828,11861
11828,11868
11833,11835
11833,11837
11833,11840
11833,11861
11833,11868
11833,11876
11835,11837
11837,11840
11840,11861
11840,11868
11840,11876
11861,11868
11868,11876
11876,11885
11876,11889
11876,11895
11885,11889
11889,11895
11895,11900
11900,11902
11900,11908
11900,11912
11900,11915
11900,11916
11900,11920
11902,11908
11902,11912
11908,11912
11908,11915
11912,11915
11912,11916
11915,11916
11915,11920
11916,11920
11920,11924
11920,11926
11924,11926
11924,11930
11924,11943
11926,11930
11930,11943
11943,11945
11943,11948
11943,11949
11945,11948
11948,11949
11948,11951
11948,11954
11948,11955
11949,11951
11949,11954
11949,11955
11951,11954
11954,11955
11954,11965
11954,11968
11955,11965
11955,11968
11955,11970
11955,11973
11955,11992
11965,11968
11968,11970
11968,11973
11968,11992
11970,11973
11973,11992
11992,12001
11992,12005
11992,12009
11992,12010
12001,12005
12001,12009
12001,12010
12005,12009
12005,12010
12009,12010
12010,12013
12013,12019
12019,12034
12034,12037
12034,12043
12037,12043
12037,12044
12043,12044
12043,12052
12044,12052
12044,12057
12044,12072
12044,12077
12044,12078
12044,12079
12044,12088
12052,12057
12052,12072
12052,12077
12052,12078
12057,12072
12072,12077
12077,12078
12077,12079
12078,12079
12078,12088
12078,12089
12078,12090
12078,12091
12079,12088
12088,12089
12088,12090
12088,12091
12089,12090
12090,12091
12090,12092
12090,12096
12091,12092
12092,12096
12092,12100
12096,12100
12100,12102
12102,12105
12105,12113
12113,12116
12113,12117
12113,12128
12113,12132
12113,12133
12116,12117
12117,12128
12117,12132
12117,12133
12117,12140
12128,12132
12132,12133
12133,12140
12140,12141
12141,12142
12141,12145
12141,12147
12141,12148
12141,12149
12142,12145
12142,12147
12145,12147
12147,12148
12147,12149
12147,12151
12147,12154
12148,12149
12148,12151
12148,12154
12149,12151
12151,12154
12151,12155
12151,12160
12154,12155
12154,12160
12154,12173
12154,12174
12154,12178
12155,12160
12160,12173
12173,12174
12173,12178
12173,12189
12174,12178
12178,12189
12189,12192
12192,12194
12192,12197
12192,12198
12194,12197
12197,12198
12197,12200
12197,12202
12198,12200
12198,12202
12198,12206
12198,12210
12200,12202
12200,12206
12200,12210
12200,12216
12202,12206
12206,12210
12206,12216
12206,12219
12210,12216
12210,12219
12210,12222
12210,12225
12210,12226
12216,12219
12219,12222
12222,12225
12222,12226
12225,12226
12225,12255
12225,12256
12226,12255
12226,12256
12226,12261
12226,12269
12255,12256
12256,12261
12256,12269
12261,12269
12261,12279
12269,12279
12269,12280
12279,12280
12279,12285
12280,12285
12285,12288
12288,12302
12302,12311
12311,12313
12313,12314
12314,12316
12316,12319
12319,12324
12324,12333
12324,12339
12324,12341
12333,12339
12333,12341
12333,12342
12339,12341
12339,12342
12341,12342
12342,12348
12342,12350
12348,12350
12350,12352
12350,12353
12352,12353
12352,12355
12352,12366
12352,12369
12353,12355
12355,12366
12366,12369
12366,12374
12366,12377
12369,12374
12374,12377
12377,12378
12377,12380
12378,12380
12380,12381
12381,12389
12389,12398
12389,12410
12389,12412
12398,12410
12410,12412
12412,12417
12412,12420
12412,12427
12412,12430
12417,12420
12417,12427
12417,12430
12417,12432
12417,12433
12420,12427
12427,12430
12430,12432
12430,12433
12430,12437
12432,12433
12432,12437
12432,12451
12432,12452
12432,12465
12433,12437
12437,12451
12451,12452
12452,12465
12452,12468
12465,12468
12465,12471
12465,12480
12465,12483
12468,12471
12468,12480
12471,12480
12471,12483
12480,12483
12480,12488
12480,12489
12483,12488
12488,12489
12488,12490
12488,12491
12489,12490
12489,12491
12490,12491
12490,12493
12490,12503
12491,12493
12491,12503
12493,12503
12503,12513
12513,12514
12513,12515
12513,12532
12513,12535
12514,12515
12514,12532
12514,12535
12514,12549
12515,12532
12532,12535
12532,12549
12535,12549
12549,12555
12549,12558
12555,12558
12558,12559
12558,12563
12558,12573
12559,12563
12559,12573
12559,12575
12559,12581
12559,12589
12563,12573
12573,12575
12573,12581
12573,12589
12575,12581
12575,12589
12581,12589
12581,12592
12581,12598
12589,12592
12592,12598
12592,12615
12592,12616
12592,12617
12598,12615
12598,12616
12598,12617
12615,12616
12616,12617
12616,12626
12616,12631
12617,12626
12626,12631
12626,12639
12631,12639
12631,12641
12631,12646
12639,12641
12641,12646
12641,12649
12641,12654
12641,12664
12641,12666
12646,12649
12649,12654
12649,12664
12654,12664
12664,12666
12664,12671
12664,12672
12666,12671
12666,12672
12666,12680
12671,12672
12671,12680
12671,12687
12672,12680
12680,12687
12680,12688
12687,12688
12687,12690
12688,12690
12690,12693
12690,12694
12693,12694
12693,12695
12693,12696
12694,12695
12694,12696
12694,12699
12694,12710
12695,12696
12696,12699
12696,12710
12696,12711
12696,12717
12699,12710
12710,12711
12711,12717
12711,12718
12711,12721
12711,12726
12711,12727
12717,12718
12718,12721
12718,12726
12721,12726
12721,12727
12721,12734
12721,12736
12726,12727
12727,12734
12734,12736
12734,12737
12736,12737
12736,12742
12737,12742
12737,12761
12737,12766
12742,12761
12761,12766
12766,12775
12766,12778
12775,12778
12775,12780
12775,12787
12775,12790
12778,12780
12780,12787
12787,12790
12790,12795
12790,12797
12790,12805
12790,12807
12795,12797
12797,12805
12805,12807
12807,12808
12808,12809
12808,12811
12808,12832
12809,12811
12809,12832
12809,12835
12811,12832
12832,12835
12832,12837
12832,12840
12832,12848
12832,12867
12835,12837
12835,12840
12837,12840
12840,12848
12840,12867
12840,12870
12848,12867
12867,12870
12870,12872
12872,12873
12873,12876
12876,12877
12876,12878
12876,12880
12877,12878
12877,12880
12877,12882
12878,12880
12880,12882
12882,12885
12882,12886
12882,12892
12885,12886
12885,12892
12885,12893
12885,12915
12886,12892
12892,12893
12892,12915
12893,12915
12893,12916
12893,12917
12915,12916
12915,12917
12915,12923
12915,12925
12916,12917
12917,12923
12917,12925
12923,12925
12923,12930
12923,12933
12925,12930
12930,12933
12930,12935
12930,12943
12930,12955
12933,12935
12935,12943
12943,12955
12955,12961
12961,12967
12961,12973
12961,12974
12961,12975
12961,12981
12961,12983
12967,12973
12967,12974
12973,12974
12973,12975
12973,12981
12974,12975
12974,12981
12975,12981
12975,12983
12975,12986
12975,12988
12981,12983
12983,12986
12983,12988
12986,12988
12986,12994
12988,12994
12994,13001
13001,13008
13001,13013
13001,13014
13001,13016
13001,13017
13008,13013
13008,13014
13008,13016
13008,13017
13013,13014
13014,13016
13014,13017
13014,13018
13016,13017
13016,13018
13016,13022
13017,13018
13017,13022
13017,13027
13017,13030
13017,13033
13017,13034
13018,13022
13022,13027
13027,13030
13027,13033
13030,13033
13030,13034
13030,13038
13030,13039
13030,13040
13033,13034
13034,13038
13034,13039
13034,13040
13038,13039
13039,13040
13040,13041
13040,13044
13041,13044
13041,13051
13041,13056
13044,13051
13044,13056
13044,13061
13051,13056
13056,13061
13061,13063
13061,13064
13061,13079
13063,13064
13064,13079
13079,13092
13092,13112
13112,13124
13112,13137
13112,13144
13112,13151
13112,13155
13124,13137
13137,13144
13137,13151
13137,13155
13144,13151
13144,13155
13151,13155
13151,13156
13151,13160
13155,13156
13156,13160
13160,13166
13160,13167
13160,13168
13160,13169
13160,13176
13166,13167
13167,13168
13167,13169
13168,13169
13168,13176
13168,13184
13169,13176
13176,13184
13176,13186
13176,13187
13184,13186
13186,13187
13186,13190
13187,13190
13187,13194
13187,13197
13187,13200
13187,13204
13190,13194
13194,13197
13194,13200
13194,13204
13194,13208
13197,13200
13197,13204
13197,13208
13197,13211
13197,13216
13200,13204
13204,13208
13204,13211
13208,13211
13208,13216
13211,13216
13216,13220
13216,13227
13216,13235
13220,13227
13227,13235
13227,13266
13235,13266
13266,13270
13270,13273
13270,13280
13270,13282
13273,13280
13273,13282
13273,13287
13273,13290
13273,13297
13280,13282
13280,13287
13280,13290
13282,13287
13282,13290
13282,13297
13287,13290
13287,13297
13290,13297
13290,13301
13290,13310
13297,13301
13301,13310
13310,13313
13313,13315
13315,13320
13315,13323
13320,13323
13320,13325
13320,13328
13323,13325
13325,13328
13325,13333
13325,13338
13328,13333
13328,13338
13328,13346
13328,13347
13333,13338
13338,13346
13338,13347
13346,13347
13347,13348
13347,13358
13347,13361
13347,13362
13347,13365
13347,13371
13347,13377
13348,13358
13358,13361
13358,13362
13361,13362
13362,13365
13362,13371
13362,13377
13365,13371
13365,13377
13371,13377
13371,13378
13371,13381
13377,13378
13378,13381
13381,13382
13381,13383
13382,13383
13383,13385
13385,13388
13385,13396
13388,13396
13388,13399
13388,13402
13396,13399
13396,13402
13399,13402
13402,13412
13402,13426
13412,13426
13426,13434
13426,13439
13426,13441
13426,13443
13434,13439
13439,13441
13439,13443
13439,13445
13441,13443
13441,13445
13443,13445
13443,13448
13443,13459
13443,13460
13445,13448
13448,13459
13448,13460
13459,13460
13460,13465
13465,13467
13465,13476
13465,13479
13465,13482
13467,13476
13476,13479
13476,13482
13476,13484
13479,13482
13479,13484
13479,13486
13479,13496
13482,13484
13484,13486
13486,13496
13486,13523
13496,13523
13523,13529
13529,13530
13529,13531
13529,13533
13530,13531
13530,13533
13531,13533
13531,13535
13533,13535
13535,13536
13535,13537
13535,13540
13536,13537
13536,13540
13537,13540
13537,13543
13537,13544
13540,13543
13540,13544
13543,13544
13543,13548
13543,13553
13543,13556
13544,13548
13548,13553
13553,13556
13553,13557
13556,13557
13556,13561
13556,13570
13556,13571
13557,13561
13557,13570
13557,13571
13557,13576
13557,13581
13561,13570
13570,13571
13570,13576
13570,13581
13571,13576
13576,13581
13581,13583
13583,13598
13583,13599
13583,13603
13583,13605
13598,13599
13599,13603
13599,13605
13603,13605
13603,13609
13603,13613
13603,13615
13603,13617
13605,13609
13605,13613
13605,13615
13609,13613
13613,13615
13613,13617
13613,13621
13615,13617
13615,13621
13615,13626
13615,13630
13617,13621
13617,13626
13617,13630
13617,13636
13617,13655
13617,13656
13617,13658
13617,13681
13621,13626
13621,13630
13621,13636
13621,13655
13626,13630
13630,13636
13630,13655
13636,13655
13655,13656
13655,13658
13656,13658
13658,13681
13658,13683
13658,13686
13681,13683
13683,13686
13683,13689
13683,13691
13683,13695
13686,13689
13689,13691
13689,13695
13689,13696
13689,13700
13689,13703
13689,13704
13691,13695
13695,13696
13696,13700
13696,13703
13696,13704
13700,13703
13703,13704
13703,13708
13703,13709
13703,13714
13704,13708
13708,13709
13709,13714
13714,13734
13714,13737
13734,13737
13734,13742
13737,13742
13737,13749
13737,13759
13737,13760
13742,13749
13749,13759
13759,13760
13759,13771
13759,13776
13759,13789
13760,13771
13771,13776
13771,13789
13771,13794
13776,13789
13776,13794
13776,13795
13776,13797
13776,13799
13776,13801
13789,13794
13789,13795
13794,13795
13794,13797
13794,13799
13794,13801
13795,13797
13795,13799
13795,13801
13795,13802
13795,13804
13795,13805
13795,13806
13797,13799
13799,13801
13801,13802
13801,13804
13801,13805
13801,13806
13801,13807
13801,13813
13801,13815
13802,13804
13804,13805
13804,13806
13804,13807
13804,13813
13805,13806
13805,13807
13806,13807
13806,13813
13807,13813
13813,13815
13815,13821
13815,13825
13815,13826
13821,13825
13825,13826
13826,13831
13831,13836
13831,13848
13831,13850
13836,13848
13848,13850
13850,13859
13850,13863
13859,13863
13863,13871
13871,13877
13877,13884
13877,13887
13877,13888
13877,13893
13884,13887
13884,13888
13884,13893
13884,13894
13887,13888
13887,13893
13887,13894
13888,13893
13893,13894
13893,13896
13893,13898
13894,13896
13894,13898
13896,13898
13896,13903
13898,13903
13898,13907
13898,13910
13898,13913
13898,13914
13903,13907
13907,13910
13907,13913
13910,13913
13910,13914
13913,13914
13913,13916
13914,13916
13914,13928
13914,13929
13914,13933
13914,13942
13916,13928
13916,13929
13928,13929
13929,13933
13929,13942
13929,13944
13933,13942
13942,13944
13942,13949
13942,13958
13942,13964
13942,13974
13944,13949
13949,13958
13949,13964
13949,13974
13958,13964
13964,13974
13964,13982
13974,13982
13982,13986
13986,13991
13986,13994
13991,13994
13994,13995
13995,14007
14007,14008
14007,14010
14007,14011
14008,14010
14010,14011
14010,14015
14010,14019
14011,14015
14015,14019
14019,14023
14023,14028
14023,14035
14023,14036
14028,14035
14035,14036
14036,14048
14036,14051
14048,14051
14051,14059
14051,14060
14059,14060
14059,14061
14060,14061
14061,14070
14061,14074
14061,14077
14061,14079
14061,14088
14070,14074
14074,14077
14074,14079
14074,14088
14077,14079
14077,14088
14077,14089
14079,14088
14079,14089
14088,14089
14089,14094
14089,14098
14089,14099
14094,14098
14098,14099
14099,14105
14105,14108
14105,14117
14105,14125
14105,14138
14108,14117
14117,14125
14125,14138
14138,14142
14142,14145
14142,14147
14142,14154
14145,14147
14145,14154
14145,14159
14147,14154
14147,14159
14147,14161
14147,14163
14147,14166
14154,14159
14159,14161
14159,14163
14159,14166
14159,14169
14161,14163
14161,14166
14163,14166
14163,14169
14163,14170
14163,14181
14166,14169
14166,14170
14166,14181
14166,14182
14166,14190
14169,14170
14170,14181
14181,14182
14182,14190
14182,14192
14190,14192
14192,14195
14192,14198
14192,14202
14195,14198
14195,14202
14195,14206
14195,14216
14198,14202
14202,14206
14206,14216
14206,14220
14216,14220
14216,14221
14216,14229
14220,14221
14220,14229
14220,14233
14221,14229
14221,14233
14221,14241
14221,14245
14229,14233
14229,14241
14233,14241
14233,14245
14233,14246
14233,14247
14241,14245
14241,14246
14241,14247
14245,14246
14246,14247
14247,14259
14247,14263
14259,14263
14259,14264
14259,14266
14263,14264
14264,14266
14266,14267
14266,14269
14267,14269
14267,14270
14269,14270
14270,14278
14278,14279
14278,14280
14278,14283
14278,14287
14279,14280
14280,14283
14283,14287
14287,14289
14287,14290
14287,14291
14289,14290
14289,14291
14289,14292
14290,14291
14290,14292
14290,14295
14290,14296
14291,14292
14292,14295
14295,14296
14295,14297
14296,14297
14296,14306
14297,14306
14297,14310
14297,14311
14297,14314
14306,14310
14310,14311
14311,14314
14311,14319
14311,14328
14311,14333
14311,14338
14314,14319
14319,14328
14328,14333
14328,14338
14328,14343
14333,14338
14338,14343
14338,14350
14343,14350
14343,14351
14343,14352
14343,14359
14350,14351
14351,14352
14351,14359
14352,14359
14359,14367
14367,14370
14367,14373
14367,14376
14367,14377
14367,14383
14370,14373
14370,14376
14370,14377
14370,14383
14370,14392
14373,14376
14376,14377
14377,14383
14383,14392
14392,14396
14392,14411
14392,14416
14392,14417
14392,14422
14392,14428
14396,14411
14411,14416
14416,14417
14417,14422
14417,14428
14417,14436
14417,14437
14422,14428
14422,14436
14428,14436
14436,14437
14437,14440
14440,14441
14441,14445
14441,14456
14441,14465
14441,14470
14445,14456
14456,14465
14465,14470
14470,14476
14476,14480
14480,14482
14482,14492
14492,14500
14500,14510
14500,14512
14500,14514
14500,14518
14500,14523
14500,14524
14510,14512
14512,14514
14514,14518
14514,14523
14514,14524
14518,14523
14518,14524
14523,14524
14523,14529
14523,14533
14524,14529
14524,14533
14524,14539
14524,14540
14529,14533
14533,14539
14539,14540
14540,14544
14544,14550
14544,14553
14544,14554
14550,14553
14553,14554
14554,14555
14554,14557
14554,14572
14554,14577
14555,14557
14555,14572
14557,14572
14572,14577
14577,14582
14577,14588
14577,14589
14582,14588
14582,14589
14582,14590
14582,14592
14588,14589
14589,14590
14589,14592
14589,14599
14589,14603
14589,14604
14590,14592
14590,14599
14590,14603
14592,14599
14599,14603
14599,14604
14599,14605
14603,14604
14604,14605
14605,14607
14605,14618
14607,14618
14607,14619
14607,14623
14618,14619
14618,14623
14619,14623
14623,14629
14623,14632
14629,14632
14632,14638
14638,14639
14638,14642
14638,14651
14639,14642
14639,14651
14639,14654
14639,14659
14642,14651
14651,14654
14654,14659
14654,14661
14659,14661
14659,14662
14659,14665
14661,14662
14662,14665
14662,14672
14662,14673
14662,14677
14665,14672
14665,14673
14665,14677
14665,14678
14672,14673
14673,14677
14677,14678
14678,14686
14686,14689
14686,14695
14686,14699
14686,14702
14689,14695
14695,14699
14699,14702
14702,14705
14702,14708
14702,14712
14705,14708
14708,14712
14708,14717
14708,14719
14712,14717
14712,14719
14712,14722
14717,14719
14719,14722
14719,14725
14719,14726
14722,14725
14725,14726
14725,14727
14726,14727
14727,14730
14730,14739
14730,14741
14730,14742
14730,14745
14730,14752
14739,14741
14739,14742
14741,14742
14741,14745
14742,14745
14742,14752
14745,14752
14752,14756
14756,14771
14771,14772
14772,14777
14772,14779
14777,14779
14779,14780
14779,14785
14780,14785
14780,14789
14785,14789
14785,14790
14785,14793
14789,14790
14790,14793
14793,14812
14793,14816
14793,14821
14812,14816
14812,14821
14812,14823
14816,14821
14821,14823
14821,14830
14821,14833
14821,14835
14823,14830
14830,14833
14833,14835
14835,14836
14835,14837
14836,14837
14836,14840
14837,14840
14837,14843
14837,14844
14837,14847
14840,14843
14843,14844
14844,14847
14844,14852
14847,14852
14847,14865
14852,14865
14865,14866
14866,14867
14866,14871
14867,14871
14871,14891
14891,14897
14891,14898
14891,14900
14891,14902
14891,14904
14897,14898
14898,14900
14900,14902
14902,14904
14904,14906
14904,14908
14904,14920
14906,14908
14906,14920
14906,14921
14908,14920
14920,14921
14921,14926
14921,14936
14926,14936
14936,14939
14936,14951
14936,14961
14939,14951
14939,14961
14951,14961
14961,14967
14961,14969
14961,14970
14967,14969
14969,14970
14969,14980
14969,14984
14970,14980
14970,14984
14970,14991
14980,14984
14984,14991
14991,14993
14993,14996
14993,15000
14996,15000
14996,15011
14996,15016
15000,15011
15011,15016
15011,15019
15011,15020
15016,15019
15016,15020
15016,15025
15019,15020
15020,15025
15025,15028
15028,15048
15048,15059
15059,15061
15061,15062
15062,15064
15062,15071
15062,15079
15064,15071
15071,15079
15079,15083
15079,15087
15079,15089
15079,15104
15079,15108
15083,15087
15083,15089
15083,15104
15087,15089
15087,15104
15087,15108
15087,15115
15089,15104
15104,15108
15108,15115
15115,15116
15115,15117
15115,15121
15115,15122
15115,15127
15115,15134
15116,15117
15117,15121
15121,15122
15121,15127
15121,15134
15122,15127
15127,15134
15134,15135
15134,15136
15134,15137
15134,15140
15135,15136
15136,15137
15136,15140
15137,15140
15137,15142
15137,15158
15137,15160
15140,15142
15142,15158
15142,15160
15142,15171
15158,15160
15158,15171
15160,15171
15171,15173
15171,15174
15173,15174
15174,15180
15174,15182
15174,15184
15174,15185
15174,15223
15180,15182
15180,15184
15180,15185
15182,15184
15184,15185
15185,15223
15185,15227
15185,15236
15185,15238
15223,15227
15223,15236
15223,15238
15223,15243
15223,15248
15227,15236
15227,15238
15236,15238
15236,15243
15238,15243
15238,15248
15238,15263
15243,15248
15248,15263
15248,15267
15248,15270
15263,15267
15267,15270
15270,15278
15278,15279
15278,15283
15279,15283
15279,15296
15279,15306
15279,15311
15279,15313
15283,15296
15283,15306
15283,15311
15296,15306
15306,15311
15306,15313
15306,15316
15311,15313
15313,15316
15316,15338
15316,15340
15316,15347
15316,15352
15338,15340
15340,15347
15347,15352
15352,15355
15355,15356
15355,15357
15356,15357
15357,15369
15357,15381
15369,15381
15381,15388
15381,15395
15381,15419
15388,15395
15388,15419
15388,15420
15395,15419
15419,15420
15419,15423
15420,15423
15423,15429
15429,15435
15435,15437
15435,15440
15435,15441
15437,15440
15437,15441
15437,15444
15437,15452
15440,15441
15440,15444
15440,15452
15440,15456
15440,15471
15441,15444
15444,15452
15444,15456
15444,15471
15452,15456
15456,15471
15471,15472
15471,15481
15472,15481
15481,15485
15481,15486
15485,15486
15486,15498
15498,15502
15498,15505
15502,15505
15505,15507
15507,15515
15515,15546
15546,15547
15547,15552
15547,15561
15552,15561
15552,15565
15561,15565
15565,15567
15567,15569
15569,15571
15571,15580
15571,15585
15571,15586
15580,15585
15585,15586
15586,15587
15586,15595
15586,15599
15587,15595
15595,15599
15599,15602
15599,15605
15599,15619
15599,15621
15599,15624
15602,15605
15605,15619
15619,15621
15619,15624
15621,15624
15624,15625
15624,15631
15624,15635
15624,15640
15625,15631
15631,15635
15631,15640
15635,15640
15640,15649
15649,15656
15656,15660
15656,15663
15660,15663
15660,15669
15663,15669
15669,15705
15705,15706
15706,15715
15706,15723
15715,15723
15715,15727
15723,15727
15727,15732
15727,15734
15727,15741
15732,15734
15732,15741
15732,15744
15732,15751
15732,15757
15734,15741
15741,15744
15741,15751
15741,15757
15744,15751
15744,15757
15744,15763
15744,15766
15744,15767
15751,15757
15757,15763
15763,15766
15763,15767
15766,15767
15767,15774
15774,15775
15774,15776
15775,15776
15775,15793
15776,15793
15776,15798
15793,15798
15798,15819
15798,15820
15819,15820
15820,15821
15820,15823
15821,15823
15823,15825
15825,15837
15837,15839
15839,15844
15844,15851
15844,15874
15844,15876
15851,15874
15851,15876
15851,15883
15874,15876
15876,15883
15883,15884
15883,15887
15884,15887
15887,15888
15888,15892
15888,15895
15888,15901
15888,15903
15888,15905
15888,15910
15888,15916
15892,15895
15892,15901
15895,15901
15895,15903
15895,15905
15901,15903
15901,15905
15903,15905
15905,15910
15905,15916
15910,15916
15910,15922
15910,15923
15910,15925
15910,15945
15910,15949
15916,15922
15916,15923
15916,15925
15922,15923
15922,15925
15922,15945
15922,15949
15922,15956
15922,15962
15923,15925
15923,15945
15923,15949
15923,15956
15925,15945
15945,15949
15945,15956
15949,15956
15949,15962
15949,15964
15949,15967
15956,15962
15962,15964
15962,15967
15964,15967
15967,15968
15968,15971
15971,15974
15974,15975
15974,15980
15975,15980
15975,15982
15975,15986
15975,15988
15980,15982
15980,15986
15982,15986
15986,15988
15988,15989
15988,15993
15988,15995
15988,16002
15989,15993
15989,15995
15993,15995
15993,16002
15993,16003
15993,16011
15993,16019
15995,16002
16002,16003
16003,16011
16003,16019
16003,16028
16003,16029
16011,16019
16019,16028
16028,16029
16028,16030
16028,16032
16028,16035
16028,16039
16028,16043
16029,16030
16029,16032
16029,16035
16030,16032
16032,16035
16032,16039
16035,16039
16039,16043
16039,16055
16039,16056
16043,16055
16055,16056
16055,16057
16055,16065
16056,16057
16056,16065
16056,16067
16056,16071
16057,16065
16065,16067
16065,16071
16065,16072
16067,16071
16071,16072
16071,16074
16071,16084
16071,16091
16071,16095
16072,16074
16074,16084
16084,16091
16084,16095
16084,16096
16091,16095
16095,16096
16095,16097
16095,16098
16095,16105
16095,16106
16096,16097
16096,16098
16097,16098
16098,16105
16105,16106
16105,16110
16105,16115
16105,16121
16105,16123
16105,16129
16106,16110
16110,16115
16110,16121
16110,16123
16110,16129
16115,16121
16115,16123
16115,16129
16121,16123
16123,16129
16129,16130
16129,16141
16129,16145
16130,16141
16130,16145
16130,16159
16130,16160
16141,16145
16141,16159
16141,16160
16145,16159
16159,16160
16160,16164
16164,16174
16174,16176
16176,16187
16176,16188
16176,16194
16187,16188
16187,16194
16188,16194
16194,16201
16201,16209
16209,16212
16212,16215
16212,16231
16215,16231
16231,16234
16234,16236
16236,16237
16237,16241
16241,16245
16245,16247
16245,16248
16247,16248
16248,16251
16248,16253
16248,16254
16248,16263
16251,16253
16251,16254
16253,16254
16253,16263
16253,16265
16254,16263
16263,16265
16265,16267
16267,16269
16269,16270
16269,16273
16269,16279
16269,16290
16269,16293
16269,16296
16270,16273
16273,16279
16279,16290
16279,16293
16279,16296
16290,16293
16290,16296
16290,16299
16290,16303
16293,16296
16296,16299
16299,16303
16299,16308
16299,16315
16299,16321
16303,16308
16308,16315
16315,16321
16315,16322
16315,16323
16321,16322
16322,16323
16322,16328
16322,16332
16322,16351
16323,16328
16328,16332
16332,16351
16332,16361
16351,16361
16361,16363
16363,16364
16364,16365
16365,16375
16375,16378
16378,16380
16378,16386
16378,16388
16380,16386
16386,16388
16388,16403
16388,16406
16388,16411
16403,16406
16403,16411
16403,16413
16403,16414
16406,16411
16406,16413
16411,16413
16411,16414
16411,16416
16411,16421
16413,16414
16414,16416
16416,16421
16421,16427
16421,16428
16421,16438
16427,16428
16427,16438
16427,16453
16428,16438
16428,16453
16428,16459
16438,16453
16438,16459
16453,16459
16453,16476
16459,16476
16476,16479
16476,16483
16476,16497
16476,16501
16476,16505
16479,16483
16483,16497
16497,16501
16497,16505
16497,16509
16497,16513
16497,16515
16501,16505
16501,16509
16501,16513
16501,16515
16501,16516
16505,16509
16509,16513
16513,16515
16513,16516
16513,16521
16515,16516
16515,16521
16515,16532
16516,16521
16516,16532
16516,16533
16516,16538
16521,16532
16532,16533
16533,16538
16533,16543
16533,16547
16533,16552
16533,16556
16538,16543
16543,16547
16547,16552
16547,16556
16552,16556
16552,16557
16552,16567
16556,16557
16557,16567
16567,16578
16567,16583
16567,16585
16567,16594
16578,16583
16578,16585
16578,16594
16583,16585
16583,16594
16585,16594
16594,16603
16594,16607
16603,16607
16607,16610
16610,16611
16611,16618
16611,16619
16611,16624
16611,16626
16618,16619
16619,16624
16624,16626
16624,16629
16624,16630
16624,16631
16626,16629
16626,16630
16626,16631
16629,16630
16630,16631
16631,16632
16632,16643
16632,16647
16632,16649
16632,16650
16643,16647
16643,16649
16643,16650
16643,16661
16647,16649
16649,16650
16650,16661
16661,16673
16661,16681
16661,16684
16673,16681
16673,16684
16673,16691
16673,16696
16673,16697
16681,16684
16681,16691
16684,16691
16691,16696
16696,16697
16697,16716
16716,16717
16717,16720
16720,16721
16720,16725
16721,16725
16725,16729
16725,16735
16729,16735
16735,16740
16735,16741
16735,16744
16735,16745
16735,16750
16740,16741
16740,16744
16740,16745
16741,16744
16741,16745
16741,16750
16744,16745
16744,16750
16744,16754
16745,16750
16750,16754
16754,16761
16761,16764
16764,16765
16764,16767
16765,16767
16767,16768
16768,16775
16775,16776
16775,16778
16775,16783
16776,16778
16776,16783
16776,16787
16778,16783
16783,16787
16783,16788
16783,16794
16783,16801
16783,16813
16787,16788
16788,16794
16788,16801
16788,16813
16788,16828
16788,16829
16794,16801
16801,16813
16801,16828
16801,16829
16813,16828
16828,16829
16828,16835
16828,16836
16828,16844
16829,16835
16835,16836
16836,16844
16844,16846
16844,16847
16844,16857
16844,16858
16846,16847
16846,16857
16847,16857
16857,16858
16857,16859
16857,16866
16857,16870
16858,16859
16859,16866
16859,16870
16859,16873
16859,16878
16866,16870
16866,16873
16866,16878
16866,16885
16866,16896
16870,16873
16873,16878
16878,16885
16885,16896
16896,16903
16903,16905
16905,16907
16905,16909
16905,16911
16907,16909
16909,16911
16909,16913
16911,16913
16911,16923
16913,16923
16913,16934
16913,16935
16923,16934
16923,16935
16923,16936
16923,16945
16923,16948
16934,16935
16935,16936
16936,16945
16945,16948
16948,16950
16948,16957
16948,16959
16950,16957
16957,16959
16959,16966
16966,16969
16969,16983
16969,16986
16969,17008
16983,16986
16986,17008
17008,17015
17015,17023
17015,17028
17015,17032
17015,17034
17023,17028
17023,17032
17028,17032
17032,17034
17034,17037
17037,17041
17037,17044
17037,17046
17041,17044
17044,17046
17044,17047
17046,17047
17046,17057
17047,17057
17057,17060
17057,17073
17060,17073
17060,17078
17060,17080
17073,17078
17078,17080
17078,17089
17078,17104
17080,17089
17089,17104
17089,17111
17104,17111
17104,17112
17111,17112
17112,17113
17113,17114
17113,17117
17113,17122
17114,17117
17114,17122
17114,17151
17117,17122
17122,17151
17122,17154
17122,17160
17151,17154
17154,17160
17160,17163
17163,17176
17176,17180
17180,17187
17180,17191
17180,17192
17180,17199
17180,17206
17187,17191
17191,17192
17191,17199
17192,17199
17192,17206
17199,17206
17206,17214
17214,17216
17214,17220
17216,17220
17216,17225
17216,17226
17220,17225
17220,17226
17220,17228
17220,17234
17225,17226
17225,17228
17225,17234
17225,17237
17226,17228
17226,17234
17226,17237
17228,17234
17234,17237
17237,17243
17237,17254
17237,17256
17243,17254
17243,17256
17243,17264
17243,17266
17254,17256
17256,17264
17256,17266
17256,17269
17256,17275
17264,17266
17266,17269
17266,17275
17266,17281
17269,17275
17275,17281
17281,17293
17281,17298
17293,17298
17293,17303
17298,17303
17303,17313
17303,17318
17313,17318
17318,17325
17318,17326
17318,17330
17318,17332
17325,17326
17326,17330
17330,17332
17330,17336
17332,17336
17332,17348
17332,17358
17332,17364
17336,17348
17348,17358
17358,17364
17364,17373
17373,17376
17376,17377
17376,17383
17376,17385
17376,17399
17376,17401
17377,17383
17377,17385
17377,17399
17383,17385
17383,17399
17383,17401
17385,17399
17385,17401
17385,17402
17385,17403
17399,17401
17401,17402
17401,17403
17401,17410
17402,17403
17403,17410
17403,17413
17403,17418
17403,17423
17410,17413
17410,17418
17410,17423
17413,17418
17418,17423
17423,17430
17423,17432
17423,17433
17430,17432
17432,17433
17433,17438
17433,17444
17438,17444
17444,17451
17444,17452
17451,17452
17452,17454
17452,17460
17452,17476
17452,17477
17452,17480
17454,17460
17454,17476
17454,17477
17454,17480
17460,17476
17476,17477
17477,17480
17477,17484
17480,17484
17484,17495
17484,17505
17495,17505
17495,17510
17495,17514
17505,17510
17510,17514
17514,17516
17514,17519
17514,17533
17514,17542
17516,17519
17516,17533
17519,17533
17533,17542
17542,17543
17542,17551
17543,17551
17543,17553
17551,17553
17551,17554
17553,17554
17553,17556
17554,17556
17556,17580
17556,17582
17580,17582
17582,17589
17589,17595
17589,17598
17589,17601
17589,17603
17589,17606
17595,17598
17598,17601
17598,17603
17598,17606
17601,17603
17603,17606
17603,17607
17603,17612
17606,17607
17606,17612
17606,17621
17606,17623
17607,17612
17612,17621
17612,17623
17612,17627
17621,17623
17621,17627
17621,17632
17621,17637
17621,17646
17623,17627
17627,17632
17632,17637
17632,17646
17637,17646
17646,17651
17646,17652
17651,17652
17651,17653
17651,17661
17651,17664
17651,17670
17651,17675
17651,17678
17652,17653
17652,17661
17653,17661
17661,17664
17664,17670
17670,17675
17670,17678
17675,17678
17678,17684
17678,17685
17684,17685
17685,17686
17686,17688
17688,17708
17708,17714
17714,17727
17714,17731
17714,17737
17727,17731
17731,17737
17731,17747
17731,17761
17731,17763
17731,17769
17737,17747
17747,17761
17761,17763
17763,17769
17769,17773
17773,17775
17773,17778
17773,17779
17773,17782
17775,17778
17778,17779
17778,17782
17779,17782
17779,17786
17782,17786
17786,17789
17789,17790
17790,17792
17790,17796
17792,17796
17796,17798
17798,17799
17799,17801
17801,17803
17803,17804
17804,17818
17818,17832
17832,17848
17848,17850
17848,17851
17848,17866
17848,17870
17850,17851
17851,17866
17866,17870
17870,17875
17870,17882
17875,17882
17875,17885
17882,17885
17882,17887
17882,17889
17882,17892
17882,17905
17885,17887
17887,17889
17889,17892
17892,17905
17892,17906
17905,17906
17906,17925
17925,17929
17925,17932
17925,17933
17929,17932
17932,17933
17933,17937
17933,17939
17933,17943
17933,17944
17937,17939
17939,17943
17939,17944
17939,17949
17943,17944
17944,17949
17944,17955
17944,17957
17949,17955
17949,17957
17949,17961
17949,17965
17955,17957
17957,17961
17961,17965
17965,17968
17968,17971
17968,17972
17968,17974
17968,17976
17971,17972
17972,17974
17972,17976
17972,17977
17972,17980
17974,17976
17976,17977
17976,17980
17976,17982
17977,17980
17977,17982
17977,17990
17980,17982
17982,17990
17982,17993
17982,17996
17990,17993
17993,17996
17993,17999
17993,18002
17993,18013
17993,18026
17996,17999
17996,18002
17999,18002
17999,18013
17999,18026
17999,18029
18002,18013
18013,18026
18026,18029
18029,18030
18029,18031
18030,18031
18031,18040
18031,18041
18031,18042
18031,18046
18040,18041
18041,18042
18042,18046
18046,18047
18046,18051
18047,18051
18047,18058
18047,18059
18047,18063
18051,18058
18051,18059
18051,18063
18051,18065
18058,18059
18058,18063
18059,18063
18063,18065
18065,18076
18065,18082
18065,18086
18065,18098
18065,18100
18076,18082
18076,18086
18082,18086
18086,18098
18086,18100
18086,18106
18098,18100
18100,18106
18106,18108
18108,18112
18108,18118
18112,18118
18112,18121
18112,18122
18118,18121
18121,18122
18121,18129
18121,18134
18122,18129
18122,18134
18122,18139
18129,18134
18134,18139
18134,18148
18134,18152
18134,18153
18139,18148
18139,18152
18148,18152
18152,18153
18153,18155
18155,18159
18155,18165
18155,18171
18159,18165
18165,18171
18171,18172
18171,18177
18171,18178
18172,18177
18177,18178
18177,18180
18177,18187
18178,18180
18178,18187
18178,18188
18178,18193
18180,18187
18180,18188
18180,18193
18187,18188
18188,18193
18188,18199
18193,18199
18193,18213
18193,18214
18193,18216
18193,18218
18199,18213
18213,18214
18213,18216
18213,18218
18213,18224
18214,18216
18216,18218
18218,18224
18218,18226
18218,18228
18218,18229
18224,18226
18224,18228
18224,18229
18226,18228
18226,18229
18228,18229
18229,18231
18231,18248
18231,18249
18231,18252
18231,18260
18231,18263
18248,18249
18249,18252
18249,18260
18249,18263
18252,18260
18252,18263
18252,18265
18260,18263
18260,18265
18263,18265
18263,18275
18265,18275
18275,18307
18275,18312
18275,18323
18275,18328
18275,18329
18275,18331
18275,18334
18307,18312
18312,18323
18312,18328
18312,18329
18323,18328
18323,18329
18323,18331
18328,18329
18328,18331
18329,18331
18329,18334
18329,18338
18329,18341
18329,18343
18329,18345
18331,18334
18331,18338
18334,18338
18338,18341
18338,18343
18338,18345
18341,18343
18343,18345
18345,18360
18345,18364
18345,18366
18345,18383
18360,18364
18360,18366
18360,18383
18364,18366
18366,18383
18366,18386
18366,18388
18366,18395
18366,18397
18383,18386
18386,18388
18386,18395
18386,18397
18388,18395
18388,18397
18388,18401
18388,18404
18395,18397
18395,18401
18395,18404
18397,18401
18401,18404
18401,18420
18401,18423
18404,18420
18420,18423
18423,18424
18423,18430
18424,18430
18424,18435
18424,18436
18430,18435
18435,18436
18435,18439
18436,18439
18436,18447
18436,18452
18439,18447
18439,18452
18447,18452
18447,18462
18447,18465
18452,18462
18462,18465
18465,18482
18482,18484
18482,18488
18482,18492
18482,18493
18484,18488
18488,18492
18488,18493
18488,18497
18488,18502
18488,18503
18488,18506
18492,18493
18492,18497
18493,18497
18493,18502
18497,18502
18502,18503
18502,18506
18502,18507
18503,18506
18506,18507
18507,18508
18507,18513
18508,18513
18508,18516
18508,18518
18508,18525
18513,18516
18516,18518
18516,18525
18516,18533
18516,18537
18518,18525
18518,18533
18518,18537
18525,18533
18525,18537
18525,18543
18525,18546
18525,18550
18525,18559
18533,18537
18537,18543
18537,18546
18543,18546
18546,18550
18550,18559
18559,18560
18559,18570
18559,18571
18559,18577
18559,18588
18560,18570
18560,18571
18560,18577
18560,18588
18560,18595
18560,18605
18570,18571
18570,18577
18570,18588
18571,18577
18571,18588
18577,18588
18588,18595
18588,18605
18588,18607
18588,18608
18588,18609
18588,18610
18595,18605
18595,18607
18595,18608
18595,18609
18595,18610
18605,18607
18605,18608
18607,18608
18607,18609
18608,18609
18609,18610
18610,18612
18612,18618
18612,18621
18612,18623
18612,18624
18618,18621
18618,18623
18618,18624
18618,18629
18621,18623
18623,18624
18624,18629
18629,18631
18631,18637
18637,18641
18641,18646
18641,18653
18646,18653
18653,18660
18653,18665
18653,18675
18660,18665
18660,18675
18660,18680
18665,18675
18675,18680
18680,18681
18680,18696
18680,18697
18681,18696
18681,18697
18696,18697
18697,18703
18697,18710
18697,18716
18697,18723
18703,18710
18703,18716
18703,18723
18710,18716
18716,18723
18723,18725
18725,18727
18725,18730
18727,18730
18727,18734
18730,18734
18734,18742
18742,18743
18742,18746
18742,18754
18743,18746
18746,18754
18754,18759
18754,18766
18754,18777
18759,18766
18759,18777
18766,18777
18777,18799
18799,18802
18799,18805
18799,18807
18799,18810
18799,18815
18802,18805
18805,18807
18807,18810
18810,18815
18810,18817
18815,18817
18817,18818
18818,18829
18818,18830
18829,18830
18830,18839
18830,18842
18830,18843
18830,18848
18839,18842
18839,18843
18839,18848
18842,18843
18843,18848
18848,18852
18848,18861
18852,18861
18861,18869
18861,18883
18861,18885
18869,18883
18869,18885
18869,18889
18883,18885
18883,18889
18883,18894
18885,18889
18885,18894
18885,18896
18889,18894
18894,18896
18896,18899
18899,18903
18899,18904
18903,18904
18903,18906
18903,18914
18903,18915
18904,18906
18906,18914
18906,18915
18906,18918
18906,18923
18906,18925
18914,18915
18914,18918
18914,18923
18914,18925
18915,18918
18918,18923
18923,18925
18925,18939
18939,18940
18939,18942
18940,18942
18940,18943
18942,18943
18942,18945
18942,18946
18942,18950
18943,18945
18945,18946
18945,18950
18945,18951
18945,18978
18945,18980
18946,18950
18950,18951
18950,18978
18950,18980
18950,18983
18951,18978
18978,18980
18978,18983
18978,18986
18978,18994
18978,18998
18978,19007
18980,18983
18983,18986
18983,18994
18986,18994
18994,18998
18994,19007
18998,19007
18998,19015
18998,19020
19007,19015
19015,19020
19020,19024
19024,19030
19024,19037
19024,19041
19030,19037
19030,19041
19030,19043
19037,19041
19041,19043
19043,19047
19047,19051
19051,19052
19051,19053
19052,19053
19052,19060
19053,19060
19060,19066
19066,19067
19067,19075
19075,19085
19075,19087
19075,19088
19085,19087
19087,19088
19087,19091
19088,19091
19091,19093
19093,19094
19094,19099
19094,19100
19094,19104
19099,19100
19100,19104
19104,19109
19104,19116
19104,19121
19109,19116
19109,19121
19109,19133
19116,19121
19116,19133
19116,19135
19121,19133
19121,19135
19133,19135
19135,19136
19135,19140
19135,19147
19135,19150
19135,19152
19136,19140
19136,19147
19140,19147
19147,19150
19147,19152
19150,19152
19150,19159
19150,19164
19150,19176
19152,19159
19152,19164
19152,19176
19159,19164
19159,19176
19164,19176
19164,19178
19164,19187
19164,19189
19176,19178
19178,19187
19178,19189
19178,19191
19178,19194
19178,19196
19187,19189
19187,19191
19187,19194
19187,19196
19189,19191
19189,19194
19189,19196
19191,19194
19191,19196
19194,19196
19196,19204
19204,19209
19209,19216
19216,19234
19234,19235
19234,19243
19234,19248
19234,19252
19235,19243
19243,19248
19248,19252
19248,19253
19248,19254
19248,19260
19252,19253
19252,19254
19252,19260
19252,19265
19253,19254
19254,19260
19254,19265
19254,19273
19260,19265
19260,19273
19260,19279
19260,19282
19265,19273
19273,19279
19273,19282
19279,19282
19282,19288
19282,19294
19282,19298
19282,19312
19282,19321
19288,19294
19288,19298
19288,19312
19288,19321
19294,19298
19294,19312
19298,19312
19312,19321
19321,19336
19336,19340
19336,19344
19336,19348
19340,19344
19344,19348
19344,19355
19344,19362
19344,19370
19348,19355
19355,19362
19362,19370
19370,19372
19370,19376
19370,19377
19372,19376
19376,19377
19377,19378
19377,19382
19377,19383
19377,19385
19378,19382
19382,19383
19382,19385
19383,19385
19385,19390
19385,19392
19385,19408
19385,19420
19385,19423
19390,19392
19392,19408
19392,19420
19392,19423
19408,19420
19408,19423
19420,19423
19420,19430
19420,19431
19420,19434
19420,19436
19423,19430
19430,19431
19430,19434
19430,19436
19430,19440
19431,19434
19434,19436
19436,19440
19440,19441
19440,19445
19440,19448
19440,19450
19440,19451
19440,19453
19441,19445
19445,19448
19448,19450
19450,19451
19451,19453
19453,19455
19453,19467
19453,19468
19453,19470
19453,19472
19453,19476
19455,19467
19455,19468
19467,19468
19468,19470
19468,19472
19470,19472
19470,19476
19472,19476
19472,19478
19476,19478
19476,19484
19476,19487
19476,19493
19478,19484
19478,19487
19484,19487
19484,19493
19484,19496
19484,19499
19487,19493
19487,19496
19487,19499
19493,19496
19493,19499
19493,19502
19496,19499
19499,19502
19499,19504
19502,19504
19502,19516
19502,19518
19504,19516
19516,19518
19516,19520
19516,19521
19516,19526
19516,19545
19516,19548
19518,19520
19518,19521
19518,19526
19518,19545
19520,19521
19520,19526
19521,19526
19521,19545
19521,19548
19526,19545
19526,19548
19526,19551
19545,19548
19548,19551
19551,19553
19551,19559
19551,19560
19553,19559
19553,19560
19559,19560
19560,19565
19565,19575
19575,19579
19575,19581
19579,19581
19579,19584
19579,19588
19579,19591
19581,19584
19581,19588
19581,19591
19584,19588
19588,19591
19588,19592
19591,19592
19591,19603
19591,19606
19591,19613
19591,19616
19592,19603
19603,19606
19606,19613
19606,19616
19613,19616
19613,19629
19613,19632
19613,19638
19613,19641
19616,19629
19629,19632
19632,19638
19638,19641
19641,19645
19645,19647
19647,19648
19648,19650
19650,19661
19650,19663
19661,19663
19661,19665
19661,19666
19661,19677
19661,19683
19661,19688
19663,19665
19663,19666
19663,19677
19663,19683
19663,19688
19665,19666
19665,19677
19665,19683
19665,19688
19665,19690
19665,19697
19666,19677
19666,19683
19666,19688
19666,19690
19666,19697
19677,19683
19683,19688
19683,19690
19688,19690
19690,19697
19697,19701
19701,19702
19702,19703
19703,19704
19704,19706
19704,19707
19704,19709
19704,19711
19706,19707
19706,19709
19707,19709
19709,19711
19709,19722
19709,19724
19711,19722
19722,19724
19722,19733
19724,19733
19724,19734
19724,19740
19733,19734
19733,19740
19733,19741
19734,19740
19740,19741
19740,19748
19740,19750
19741,19748
19748,19750
19748,19752
19750,19752
19750,19758
19752,19758
19752,19764
19752,19769
19752,19771
19752,19778
19758,19764
19764,19769
19764,19771
19764,19778
19764,19790
19764,19795
19769,19771
19769,19778
19769,19790
19771,19778
19778,19790
19778,19795
19790,19795
19790,19797
19790,19798
19795,19797
19795,19798
19797,19798
19797,19803
19797,19804
19797,19806
19797,19808
19798,19803
19803,19804
19803,19806
19804,19806
19804,19808
19804,19811
19804,19813
19806,19808
19806,19811
19808,19811
19808,19813
19811,19813
19811,19818
19811,19823
19813,19818
19818,19823
19818,19830
19818,19837
19823,19830
19823,19837
19830,19837
19830,19838
19830,19840
19830,19849
19830,19850
19830,19851
19837,19838
19838,19840
19838,19849
19840,19849
19849,19850
19850,19851
19850,19854
19850,19855
19851,19854
19854,19855
19854,19858
19854,19861
19855,19858
19855,19861
19855,19873
19858,19861
19861,19873
19873,19888
19873,19894
19888,19894
19888,19895
19894,19895
19895,19899
19899,19903
19903,19904
19904,19907
19907,19908
19907,19912
19907,19936
19907,19949
19907,19953
19908,19912
19908,19936
19908,19949
19912,19936
19936,19949
19936,19953
19936,19956
19936,19965
19949,19953
19953,19956
19953,19965
19956,19965
19956,19982
19956,19989
19956,19997
19965,19982
19982,19989
19989,19997
19997,19998
19997,20002
19997,20009
19997,20017
19998,20002
20002,20009
20002,20017
20002,20021
20009,20017
20017,20021
20017,20034
20017,20035
20017,20036
20021,20034
20034,20035
20035,20036
20035,20059
20035,20062
20036,20059
20036,20062
20036,20063
20059,20062
20062,20063
20063,20068
20063,20077
20063,20078
20068,20077
20068,20078
20068,20079
20077,20078
20078,20079
20078,20084
20078,20085
20079,20084
20084,20085
20085,20087
20085,20091
20087,20091
20091,20092
20092,20095
20092,20104
20092,20106
20092,20110
20095,20104
20095,20106
20095,20110
20095,20115
20095,20131
20095,20140
20104,20106
20104,20110
20104,20115
20104,20131
20106,20110
20110,20115
20115,20131
20131,20140
20131,20142
20140,20142
20140,20144
20140,20156
20142,20144
20142,20156
20142,20157
20144,20156
20156,20157
20157,20160
20157,20161
20157,20172
20160,20161
20160,20172
20161,20172
20172,20173
20173,20176
20176,20179
20176,20192
20176,20194
20176,20196
20179,20192
20192,20194
20192,20196
20192,20210
20192,20217
20194,20196
20196,20210
20210,20217
20210,20218
20210,20225
20217,20218
20218,20225
20218,20228
20225,20228
20225,20232
20225,20233
20228,20232
20228,20233
20228,20238
20228,20240
20228,20242
20232,20233
20232,20238
20233,20238
20233,20240
20233,20242
20233,20250
20238,20240
20240,20242
20240,20250
20240,20251
20240,20256
20242,20250
20250,20251
20251,20256
20256,20260
20260,20263
20263,20264
20264,20267
20264,20272
20264,20281
20264,20288
20267,20272
20272,20281
20272,20288
20272,20290
20272,20292
20281,20288
20288,20290
20290,20292
20292,20293
20292,20299
20292,20302
20292,20308
20292,20309
20292,20310
20293,20299
20299,20302
20302,20308
20302,20309
20302,20310
20308,20309
20309,20310
20310,20314
20314,20328
20314,20331
20314,20332
20314,20334
20328,20331
20328,20332
20328,20334
20328,20337
20331,20332
20332,20334
20334,20337
20337,20338
20337,20349
20338,20349
20349,20354
20354,20356
20354,20367
20356,20367
20356,20368
20356,20378
20367,20368
20368,20378
20378,20380
20378,20386
20378,20387
20378,20388
20380,20386
20380,20387
20386,20387
20387,20388
20388,20395
20388,20404
20395,20404
20395,20408
20395,20417
20404,20408
20404,20417
20404,20420
20404,20437
20408,20417
20417,20420
20417,20437
20417,20450
20420,20437
20420,20450
20437,20450
20450,20458
20450,20465
20458,20465
20465,20478
20478,20481
20481,20482
20482,20488
20482,20496
20488,20496
20496,20500
20500,20515
20500,20519
20500,20524
20515,20519
20515,20524
20515,20530
20519,20524
20519,20530
20519,20531
20524,20530
20530,20531
20530,20534
20530,20541
20530,20543
20531,20534
20531,20541
20534,20541
20541,20543
20541,20545
20543,20545
20543,20547
20543,20562
20543,20563
20543,20567
20545,20547
20547,20562
20547,20563
20547,20567
20562,20563
20562,20567
20563,20567
20567,20573
20567,20575
20567,20579
20573,20575
20575,20579
20579,20580
20579,20582
20580,20582
20582,20584
20582,20588
20584,20588
20584,20591
20584,20600
20584,20605
20588,20591
20591,20600
20591,20605
20591,20606
20600,20605
20600,20606
20600,20609
20600,20610
20605,20606
20606,20609
20606,20610
20606,20617
20609,20610
20610,20617
20617,20625
20625,20630
20630,20631
20631,20632
20632,20639
20632,20641
20632,20652
20632,20653
20632,20675
20632,20677
20639,20641
20639,20652
20639,20653
20641,20652
20641,20653
20641,20675
20641,20677
20641,20680
20652,20653
20652,20675
20652,20677
20653,20675
20653,20677
20653,20680
20653,20686
20675,20677
20675,20680
20677,20680
20680,20686
20680,20687
20680,20691
20686,20687
20686,20691
20687,20691
20687,20693
20691,20693
20691,20698
20691,20711
20691,20722
20691,20723
20693,20698
20698,20711
20698,20722
20698,20723
20711,20722
20711,20723
20711,20728
20711,20730
20722,20723
20722,20728
20723,20728
20723,20730
20723,20731
20728,20730
20730,20731
20731,20747
20747,20753
20753,20768
20753,20772
20753,20773
20768,20772
20768,20773
20768,20775
20772,20773
20772,20775
20772,20780
20772,20783
20773,20775
20775,20780
20775,20783
20780,20783
20783,20789
20783,20793
20789,20793
20789,20796
20789,20801
20789,20805
20789,20814
20793,20796
20796,20801
20796,20805
20796,20814
20801,20805
20805,20814
20814,20816
20814,20817
20816,20817
20816,20824
20816,20827
20817,20824
20817,20827
20817,20836
20824,20827
20824,20836
20827,20836
20827,20848
20827,20853
20836,20848
20848,20853
20853,20857
20857,20873
20857,20881
20857,20883
20873,20881
20881,20883
20883,20888
20883,20890
20883,20891
20888,20890
20890,20891
20891,20894
20891,20898
20894,20898
20894,20902
20894,20912
20898,20902
20898,20912
20902,20912
20902,20917
20912,20917
20917,20925
20917,20929
20917,20935
20917,20936
20917,20942
20925,20929
20925,20935
20925,20936
20929,20935
20929,20936
20929,20942
20929,20944
20935,20936
20935,20942
20935,20944
20935,20947
20935,20951
20936,20942
20942,20944
20942,20947
20942,20951
20942,20955
20942,20959
20944,20947
20944,20951
20947,20951
20947,20955
20951,20955
20951,20959
20955,20959
20955,20966
20959,20966
20959,20970
20959,20971
20966,20970
20970,20971
20970,20973
20970,20975
20971,20973
20973,20975
20973,20984
20975,20984
20975,20986
20984,20986
20986,20989
20986,20991
20989,20991
20991,20993
20991,20995
20991,21000
20993,20995
20993,21000
20993,21001
20993,21006
20995,21000
20995,21001
20995,21006
20995,21010
20995,21021
21000,21001
21000,21006
21001,21006
21001,21010
21006,21010
21006,21021
21010,21021
21010,21027
21010,21039
21021,21027
21021,21039
21021,21040
21027,21039
21039,21040
21040,21056
21040,21066
21040,21067
21040,21083
21040,21085
21056,21066
21066,21067
21067,21083
21083,21085
21083,21086
21083,21095
21085,21086
21086,21095
21086,21096
21095,21096
21096,21100
21100,21112
21112,21113
21112,21119
21113,21119
21113,21125
21113,21131
21119,21125
21125,21131
21125,21134
21125,21135
21131,21134
21131,21135
21131,21137
21134,21135
21135,21137
21137,21153
21137,21157
21137,21163
21137,21165
21153,21157
21157,21163
21157,21165
21157,21168
21157,21179
21163,21165
21163,21168
21163,21179
21163,21188
21163,21193
21165,21168
21168,21179
21179,21188
21188,21193
21188,21196
21188,21208
21193,21196
21196,21208
21208,21210
21210,21211
21211,21213
21213,21221
21221,21222
21222,21223
21222,21228
21222,21232
21222,21245
21222,21254
21223,21228
21223,21232
21223,21245
21223,21254
21223,21257
21223,21258
21228,21232
21232,21245
21245,21254
21254,21257
21257,21258
21257,21268
21258,21268
21258,21274
21258,21277
21268,21274
21274,21277
21277,21282
21282,21291
21291,21299
21291,21302
21291,21315
21291,21319
21299,21302
21302,21315
21302,21319
21302,21322
21315,21319
21315,21322
21315,21324
21319,21322
21322,21324
21322,21327
21322,21329
21322,21336
21322,21343
21324,21327
21324,21329
21324,21336
21327,21329
21329,21336
21336,21343
21336,21346
21343,21346
21343,21354
21343,21358
21346,21354
21354,21358
21354,21365
21358,21365
21358,21372
21358,21377
21365,21372
21372,21377
21372,21380
21372,21385
21372,21390
21372,21392
21377,21380
21377,21385
21377,21390
21377,21392
21377,21406
21380,21385
21385,21390
21385,21392
21385,21406
21390,21392
21392,21406
21392,21415
21392,21421
21392,21423
21392,21426
21406,21415
21406,21421
21406,21423
21406,21426
21415,21421
21421,21423
21423,21426
21423,21438
21423,21440
21426,21438
21438,21440
21440,21450
21440,21451
21450,21451
21450,21457
21450,21458
21451,21457
21451,21458
21451,21462
21457,21458
21458,21462
21462,21463
21462,21464
21462,21467
21462,21478
21463,21464
21463,21467
21463,21478
21463,21490
21463,21492
21464,21467
21467,21478
21478,21490
21478,21492
21490,21492
21492,21496
21492,21499
21496,21499
21499,21506
21506,21507
21507,21515
21507,21519
21507,21521
21507,21531
21515,21519
21519,21521
21521,21531
21521,21534
21531,21534
21531,21536
21534,21536
21536,21540
21536,21546
21536,21549
21536,21551
21536,21552
21536,21554
21540,21546
21546,21549
21549,21551
21549,21552
21549,21554
21551,21552
21551,21554
21551,21556
21551,21557
21551,21569
21552,21554
21554,21556
21554,21557
21556,21557
21556,21569
21556,21583
21556,21591
21557,21569
21557,21583
21569,21583
21583,21591
21583,21592
21583,21601
21583,21603
21591,21592
21591,21601
21591,21603
21591,21608
21592,21601
21601,21603
21601,21608
21601,21613
21601,21618
21603,21608
21603,21613
21603,21618
21608,21613
21613,21618
21618,21622
21622,21636
21636,21642
21636,21652
21642,21652
21642,21656
21642,21662
21642,21666
21652,21656
21652,21662
21652,21666
21652,21669
21656,21662
21662,21666
21666,21669
21669,21672
21669,21677
21669,21679
21669,21693
21672,21677
21672,21679
21672,21693
21677,21679
21677,21693
21679,21693
21693,21697
21693,21701
21693,21704
21693,21711
21693,21716
21693,21727
21697,21701
21701,21704
21701,21711
21701,21716
21704,21711
21704,21716
21704,21727
21711,21716
21716,21727
21727,21739
21727,21742
21727,21743
21727,21748
21739,21742
21742,21743
21742,21748
21742,21755
21742,21758
21743,21748
21743,21755
21743,21758
21748,21755
21755,21758
21758,21763
21763,21769
21763,21773
21763,21775
21769,21773
21769,21775
21773,21775
21775,21779
21775,21780
21779,21780
21779,21783
21779,21788
21780,21783
21780,21788
21783,21788
21783,21792
21788,21792
21792,21793
21793,21796
21796,21797
21796,21801
21796,21804
21796,21813
21796,21817
21796,21819
21797,21801
21801,21804
21801,21813
21801,21817
21804,21813
21813,21817
21813,21819
21813,21822
21813,21824
21817,21819
21819,21822
21819,21824
21819,21833
21822,21824
21824,21833
21833,21835
21835,21840
21840,21841
21841,21852
21841,21856
21852,21856
21856,21860
21860,21866
21860,21867
21866,21867
21867,21868
21867,21871
21867,21874
21868,21871
21871,21874
21874,21875
21874,21886
21875,21886
21886,21887
21887,21889
21889,21892
21892,21894
21892,21900
21894,21900
21900,21906
21900,21911
21906,21911
21911,21913
21911,21921
21913,21921
21921,21931
21931,21932
21931,21937
21931,21945
21931,21946
21932,21937
21932,21945
21932,21946
21937,21945
21937,21946
21937,21956
21945,21946
21946,21956
21946,21958
21956,21958
21958,21959
21959,21962
21959,21971
21959,21975
21959,21976
21962,21971
21962,21975
21971,21975
21975,21976
21975,21977
21975,21981
21976,21977
21977,21981
21977,21989
21977,21991
21977,22001
21981,21989
21981,21991
21981,22001
21989,21991
21989,22001
21991,22001
22001,22008
22008,22017
22017,22018
22018,22019
22018,22021
22019,22021
22019,22027
22021,22027
22027,22028
22028,22035
22028,22037
22035,22037
22035,22043
22035,22046
22035,22048
22037,22043
22043,22046
22046,22048
22048,22051
22051,22053
22053,22059
22053,22061
22053,22064
22053,22078
22053,22079
22059,22061
22059,22064
22061,22064
22061,22078
22061,22079
22061,22087
22064,22078
22064,22079
22078,22079
22079,22087
22087,22093
22093,22099
22093,22106
22099,22106
22099,22107
22099,22112
22106,22107
22106,22112
22106,22114
22107,22112
22107,22114
22112,22114
22112,22117
22114,22117
22114,22119
22114,22120
22117,22119
22117,22120
22119,22120
22119,22126
22120,22126
22126,22132
22132,22135
22132,22138
22135,22138
22135,22143
22138,22143
22143,22148
22148,22153
22153,22157
22153,22159
22153,22162
22153,22167
22157,22159
22157,22162
22157,22167
22157,22169
22157,22177
22159,22162
22162,22167
22162,22169
22167,22169
22169,22177
22177,22183
22183,22185
22185,22194
22194,22197
22197,22198
22198,22201
22201,22202
22201,22206
22202,22206
22202,22207
22202,22209
22202,22213
22206,22207
22206,22209
22206,22213
22206,22221
22206,22226
22207,22209
22207,22213
22209,22213
22213,22221
22221,22226
22221,22235
22221,22238
22226,22235
22235,22238
22238,22239
22238,22243
22238,22244
22238,22247
22239,22243
22239,22244
22239,22247
22239,22253
22239,22269
22243,22244
22244,22247
22244,22253
22244,22269
22244,22273
22244,22281
22247,22253
22247,22269
22253,22269
22253,22273
22253,22281
22269,22273
22269,22281
22269,22282
22273,22281
22273,22282
22273,22284
22281,22282
22282,22284
22282,22286
22284,22286
22284,22289
22284,22291
22284,22295
22284,22304
22286,22289
22286,22291
22286,22295
22286,22304
22289,22291
22291,22295
22295,22304
22295,22308
22304,22308
22308,22312
22308,22328
22308,22330
22312,22328
22312,22330
22312,22332
22328,22330
22328,22332
22328,22336
22328,22337
22328,22341
22330,22332
22330,22336
22332,22336
22332,22337
22336,22337
22336,22341
22337,22341
22341,22350
22341,22366
22350,22366
22366,22377
22377,22379
22379,22381
22379,22383
22379,22394
22381,22383
22381,22394
22383,22394
22383,22402
22383,22403
22394,22402
22394,22403
22394,22409
22402,22403
22402,22409
22402,22410
22403,22409
22403,22410
22403,22421
22403,22426
22403,22430
22409,22410
22409,22421
22409,22426
22409,22430
22410,22421
22421,22426
22421,22430
22426,22430
22426,22431
22426,22441
22430,22431
22431,22441
22441,22443
22443,22447
22443,22451
22443,22453
22447,22451
22451,22453
22453,22456
22456,22458
22456,22464
22458,22464
22458,22468
22464,22468
22464,22475
22468,22475
22468,22482
22468,22483
22468,22500
22468,22501
22475,22482
22475,22483
22482,22483
22483,22500
22483,22501
22483,22502
22500,22501
22501,22502
22501,22510
22501,22519
22501,22531
22501,22532
22502,22510
22510,22519
22519,22531
22519,22532
22531,22532
22532,22534
22534,22541
22534,22546
22534,22550
22541,22546
22541,22550
22541,22559
22546,22550
22550,22559
22550,22570
22559,22570
22570,22586
22586,22596
22586,22599
22586,22606
22596,22599
22596,22606
22599,22606
22606,22607
22606,22609
22606,22614
22606,22617
22607,22609
22607,22614
22607,22617
22609,22614
22609,22617
22614,22617
22614,22619
22614,22622
22614,22623
22617,22619
22619,22622
22619,22623
22619,22625
22619,22631
22619,22633
22622,22623
22622,22625
22622,22631
22622,22633
22623,22625
22623,22631
22623,22633
22623,22634
22625,22631
22631,22633
22631,22634
22631,22645
22631,22647
22631,22649
22631,22651
22633,22634
22634,22645
22634,22647
22634,22649
22645,22647
22645,22649
22645,22651
22645,22655
22645,22657
22647,22649
22649,22651
22649,22655
22649,22657
22651,22655
22651,22657
22651,22665
22651,22669
22655,22657
22657,22665
22657,22669
22665,22669
22665,22673
22665,22676
22669,22673
22673,22676
22673,22677
22673,22679
22673,22685
22676,22677
22677,22679
22677,22685
22677,22688
22677,22693
22677,22703
22679,22685
22679,22688
22685,22688
22688,22693
22688,22703
22688,22708
22693,22703
22693,22708
22693,22713
22703,22708
22708,22713
22713,22714
22714,22721
22714,22722
22721,22722
22722,22723
22723,22725
22725,22731
22731,22735
22735,22738
22738,22740
22740,22743
22743,22747
22747,22749
22749,22751
22751,22752
22751,22753
22751,22755
22752,22753
22753,22755
22755,22760
22760,22761
22760,22763
22760,22765
22760,22768
22761,22763
22763,22765
22763,22768
22765,22768
22765,22770
22765,22775
22768,22770
22770,22775
22770,22795
22775,22795
22775,22804
22795,22804
22795,22814
22804,22814
22814,22822
22814,22827
22814,22831
22814,22840
22822,22827
22822,22831
22822,22840
22827,22831
22831,22840
22840,22848
22848,22852
22852,22854
22854,22858
22858,22861
22861,22876
22876,22877
22877,22879
22877,22880
22877,22884
22877,22886
22877,22892
22879,22880
22880,22884
22884,22886
22884,22892
22884,22902
22886,22892
22892,22902
22892,22907
22892,22914
22902,22907
22902,22914
22907,22914
22914,22916
22916,22924
22924,22934
22924,22938
22924,22947
22934,22938
22934,22947
22934,22950
22938,22947
22938,22950
22938,22956
22947,22950
22950,22956
22956,22959
22959,22961
22961,22966
22961,22969
22966,22969
22969,22970
22970,22973
22973,22977
22973,22981
22973,22983
22973,22996
22973,22997
22973,23002
22977,22981
22977,22983
22977,22996
22981,22983
22983,22996
22983,22997
22983,23002
22996,22997
22997,23002
23002,23011
23011,23013
23011,23017
23011,23019
23011,23024
23011,23035
23013,23017
23017,23019
23019,23024
23019,23035
23019,23038
23024,23035
23035,23038
23038,23040
23040,23042
23042,23048
23042,23051
23048,23051
23048,23060
23048,23065
23051,23060
23060,23065
23065,23077
23077,23080
23080,23083
23083,23088
23083,23092
23088,23092
23088,23094
23088,23096
23092,23094
23094,23096
23096,23097
23097,23100
23100,23111
23111,23112
23111,23114
23111,23139
23112,23114
23114,23139
23139,23140
23139,23152
23139,23166
23139,23168
23139,23169
23139,23172
23140,23152
23152,23166
23166,23168
23166,23169
23168,23169
23169,23172
23172,23176
23176,23177
23176,23178
23177,23178
23177,23184
23177,23187
23178,23184
23184,23187
23184,23200
23187,23200
23200,23204
23200,23209
23200,23210
23200,23213
23200,23215
23200,23220
23200,23223
23204,23209
23209,23210
23210,23213
23210,23215
23210,23220
23213,23215
23215,23220
23215,23223
23215,23224
23220,23223
23223,23224
23224,23226
23224,23229
23224,23231
23224,23233
23224,23239
23226,23229
23226,23231
23229,23231
23229,23233
23231,23233
23233,23239
23233,23240
23239,23240
23240,23243
23240,23252
23243,23252
23243,23256
23243,23257
23252,23256
23252,23257
23256,23257
23257,23266
23266,23267
23267,23269
23269,23271
23269,23274
23269,23280
23269,23302
23269,23309
23269,23312
23271,23274
23271,23280
23274,23280
23274,23302
23274,23309
23280,23302
23280,23309
23302,23309
23302,23312
23302,23317
23309,23312
23312,23317
23317,23318
23317,23319
23317,23333
23317,23339
23318,23319
23318,23333
23319,23333
23333,23339
23339,23352
23339,23356
23339,23367
23352,23356
23356,23367
23356,23372
23356,23373
23367,23372
23367,23373
23367,23382
23367,23385
23372,23373
23373,23382
23382,23385
23385,23388
23388,23390
23388,23396
23390,23396
23390,23397
23390,23400
23390,23410
23396,23397
23396,23400
23396,23410
23397,23400
23400,23410
23410,23412
23412,23414
23412,23428
23412,23429
23412,23443
23414,23428
23428,23429
23429,23443
23443,23447
23443,23451
23443,23459
23443,23468
23443,23471
23443,23472
23447,23451
23451,23459
23451,23468
23459,23468
23468,23471
23471,23472
23472,23477
23477,23482
23477,23484
23477,23485
23482,23484
23484,23485
23484,23493
23484,23495
23485,23493
23493,23495
23493,23498
23495,23498
23495,23499
23495,23504
23495,23506
23498,23499
23498,23504
23499,23504
23504,23506
23506,23507
23507,23510
23510,23513
23513,23520
23520,23523
23520,23536
23523,23536
23536,23547
23547,23551
23547,23558
23551,23558
23558,23567
23558,23571
23558,23577
23558,23578
23558,23580
23567,23571
23567,23577
23567,23578
23567,23580
23571,23577
23571,23578
23571,23580
23577,23578
23578,23580
23578,23581
23578,23588
23580,23581
23581,23588
23581,23594
23581,23604
23581,23607
23588,23594
23594,23604
23604,23607
23604,23613
23604,23614
23604,23617
23604,23625
23607,23613
23607,23614
23607,23617
23607,23625
23613,23614
23614,23617
23614,23625
23614,23626
23614,23634
23617,23625
23617,23626
23625,23626
23626,23634
23626,23653
23626,23663
23626,23667
23634,23653
23634,23663
23634,23667
23653,23663
23653,23667
23653,23670
23663,23667
23667,23670
23670,23673
23670,23676
23670,23684
23670,23687
23673,23676
23676,23684
23684,23687
23687,23694
23694,23699
23694,23700
23699,23700
23699,23703
23700,23703
23700,23720
23700,23727
23700,23731
23700,23733
23703,23720
23720,23727
23727,23731
23727,23733
23731,23733
23733,23736
23733,23738
23733,23741
23733,23744
23736,23738
23736,23741
23738,23741
23738,23744
23738,23746
23741,23744
23744,23746
23746,23751
23751,23764
23764,23765
23764,23766
23764,23772
23764,23773
23765,23766
23766,23772
23772,23773
23773,23775
23775,23780
23780,23781
23780,23783
23780,23784
23780,23788
23781,23783
23783,23784
23784,23788
23784,23792
23784,23794
23788,23792
23788,23794
23792,23794
23792,23795
23792,23796
23792,23809
23792,23810
23794,23795
23794,23796
23795,23796
23796,23809
23809,23810
23810,23821
23810,23822
23810,23824
23810,23827
23810,23829
23810,23839
23821,23822
23821,23824
23821,23827
23822,23824
23822,23827
23822,23829
23824,23827
23827,23829
23829,23839
23829,23840
23829,23841
23829,23846
23839,23840
23839,23841
23840,23841
23840,23846
23840,23849
23840,23851
23841,23846
23841,23849
23846,23849
23849,23851
23851,23854
23851,23855
23851,23865
23851,23866
23854,23855
23854,23865
23854,23866
23854,23871
23855,23865
23855,23866
23865,23866
23866,23871
23871,23872
23871,23873
23872,23873
23873,23876
23873,23886
23876,23886
23886,23892
23886,23893
23892,23893
23892,23894
23892,23896
23892,23897
23892,23898
23892,23914
23893,23894
23894,23896
23894,23897
23894,23898
23894,23914
23894,23928
23896,23897
23897,23898
23898,23914
23914,23928
23914,23964
23914,23966
23914,23974
23914,23977
23928,23964
23928,23966
23964,23966
23964,23974
23964,23977
23964,23981
23966,23974
23966,23977
23966,23981
23974,23977
23977,23981
23981,23988
23988,23992
23988,24001
23992,24001
24001,24002
24002,24013
24002,24023
24002,24025
24002,24027
24002,24030
24013,24023
24013,24025
24013,24027
24013,24030
24023,24025
24023,24027
24025,24027
24027,24030
24030,24031
24030,24035
24031,24035
24031,24036
24031,24037
24031,24042
24031,24044
24035,24036
24035,24037
24036,24037
24036,24042
24037,24042
24042,24044
24042,24045
24042,24050
24042,24054
24044,24045
24045,24050
24045,24054
24045,24057
24050,24054
24054,24057
24054,24059
24054,24060
24054,24068
24057,24059
24057,24060
24057,24068
24059,24060
24060,24068
24068,24070
24070,24072
24070,24076
24070,24079
24072,24076
24072,24079
24072,24087
24072,24101
24076,24079
24076,24087
24079,24087
24079,24101
24079,24103
24087,24101
24087,24103
24101,24103
24101,24111
24101,24113
24103,24111
24111,24113
24113,24114
24114,24115
24114,24116
24114,24122
24114,24123
24115,24116
24116,24122
24116,24123
24122,24123
24123,24138
24138,24141
24138,24145
24141,24145
24141,24146
24141,24147
24141,24149
24145,24146
24145,24147
24145,24149
24145,24150
24145,24151
24145,24156
24146,24147
24147,24149
24149,24150
24149,24151
24150,24151
24150,24156
24151,24156
24156,24161
24156,24165
24161,24165
24161,24170
24161,24177
24165,24170
24165,24177
24165,24188
24170,24177
24177,24188
24177,24189
24177,24190
24188,24189
24188,24190
24188,24203
24189,24190
24189,24203
24189,24204
24189,24207
24190,24203
24190,24204
24203,24204
24204,24207
24207,24208
24208,24212
24208,24215
24212,24215
24215,24218
24215,24220
24215,24229
24215,24232
24218,24220
24218,24229
24218,24232
24218,24237
24220,24229
24229,24232
24229,24237
24232,24237
24232,24242
24232,24249
24237,24242
24242,24249
24249,24259
24259,24260
24259,24263
24260,24263
24260,24266
24263,24266
24266,24267
24267,24272
24267,24280
24272,24280
24272,24281
24272,24287
24280,24281
24280,24287
24281,24287
24281,24305
24281,24308
24281,24313
24287,24305
24305,24308
24308,24313
24313,24315
24313,24316
24313,24317
24315,24316
24315,24317
24315,24329
24315,24339
24316,24317
24316,24329
24316,24339
24317,24329
24317,24339
24317,24340
24329,24339
24339,24340
24340,24342
24342,24360
24360,24364
24360,24374
24360,24379
24360,24381
24360,24384
24364,24374
24364,24379
24374,24379
24374,24381
24379,24381
24379,24384
24379,24392
24379,24394
24379,24396
24381,24384
24384,24392
24384,24394
24384,24396
24392,24394
24392,24396
24392,24399
24394,24396
24396,24399
24399,24403
24403,24405
24405,24407
24405,24408
24405,24411
24407,24408
24408,24411
24411,24417
24417,24422
24422,24427
24427,24432
24432,24438
24432,24441
24432,24442
24438,24441
24438,24442
24441,24442
24442,24447
24442,24452
24442,24468
24442,24469
24447,24452
24452,24468
24452,24469
24468,24469
24468,24474
24468,24486
24468,24490
24469,24474
24474,24486
24486,24490
24490,24501
24501,24507
24507,24516
24507,24528
24516,24528
24516,24531
24516,24546
24516,24552
24516,24556
24516,24578
24528,24531
24528,24546
24528,24552
24531,24546
24531,24552
24531,24556
24531,24578
24531,24587
24531,24590
24546,24552
24552,24556
24552,24578
24552,24587
24556,24578
24556,24587
24556,24590
24578,24587
24578,24590
24587,24590
24587,24596
24590,24596
24596,24602
24602,24605
24602,24610
24602,24618
24605,24610
24605,24618
24605,24626
24605,24629
24610,24618
24618,24626
24626,24629
24626,24642
24629,24642
24642,24645
24642,24649
24645,24649
24645,24650
24645,24656
24649,24650
24650,24656
24650,24657
24656,24657
24657,24660
24660,24664
24660,24666
24660,24670
24660,24672
24660,24674
24660,24675
24664,24666
24666,24670
24666,24672
24666,24674
24670,24672
24670,24674
24672,24674
24672,24675
24672,24679
24674,24675
24675,24679
24679,24686
24679,24689
24686,24689
24689,24690
24689,24691
24689,24697
24689,24702
24690,24691
24691,24697
24697,24702
24697,24713
24697,24718
24697,24719
24697,24720
24702,24713
24702,24718
24702,24719
24713,24718
24718,24719
24718,24720
24719,24720
24719,24722
24720,24722
24720,24731
24720,24734
24722,24731
24722,24734
24722,24737
24731,24734
24734,24737
24737,24748
24737,24749
24748,24749
24749,24759
24749,24765
24749,24767
24759,24765
24765,24767
24767,24782
24782,24787
24787,24796
24787,24799
24787,24805
24796,24799
24799,24805
24805,24808
24805,24821
24805,24830
24805,24833
24808,24821
24821,24830
24821,24833
24821,24844
24830,24833
24830,24844
24830,24845
24830,24855
24833,24844
24833,24845
24833,24855
24844,24845
24844,24855
24844,24862
24845,24855
24855,24862
24855,24872
24855,24885
24862,24872
24862,24885
24862,24895
24862,24900
24872,24885
24872,24895
24872,24900
24872,24903
24872,24906
24885,24895
24895,24900
24895,24903
24900,24903
24903,24906
24903,24911
24906,24911
24911,24913
24911,24920
24913,24920
24920,24922
24920,24928
24922,24928
24928,24938
24938,24942
24938,24951
24938,24953
24938,24967
24938,24973
24942,24951
24951,24953
24951,24967
24951,24973
24953,24967
24953,24973
24953,24974
24967,24973
24973,24974
24974,24976
24976,24980
24980,24982
24980,24987
24980,24994
24982,24987
24987,24994
24987,24997
24994,24997
24994,25005
24997,25005
25005,25008
25005,25010
25008,25010
25008,25011
25008,25014
25010,25011
25010,25014
25011,25014
25014,25025
25025,25028
25025,25032
25025,25039
25028,25032
25032,25039
25039,25042
25039,25046
25042,25046
25042,25048
25042,25052
25046,25048
25048,25052
25048,25059
25052,25059
25052,25061
25052,25062
25059,25061
25059,25062
25059,25066
25059,25068
25061,25062
25062,25066
25066,25068
25066,25074
25066,25075
25068,25074
25068,25075
25068,25086
25068,25087
25074,25075
25074,25086
25075,25086
25075,25087
25086,25087
25086,25090
25086,25093
25086,25105
25086,25108
25087,25090
25090,25093
25090,25105
25090,25108
25090,25109
25093,25105
25093,25108
25093,25109
25105,25108
25105,25109
25105,25111
25105,25113
25105,25122
25108,25109
25108,25111
25108,25113
25109,25111
25109,25113
25109,25122
25111,25113
25113,25122
25122,25125
25122,25126
25122,25127
25125,25126
25126,25127
25126,25128
25126,25131
25126,25144
25127,25128
25127,25131
25128,25131
25131,25144
25144,25150
25150,25151
25151,25153
25153,25155
25155,25158
25155,25159
25155,25171
25158,25159
25158,25171
25159,25171
25159,25172
25171,25172
25171,25177
25171,25179
25171,25200
25171,25201
25171,25203
25172,25177
25177,25179
25179,25200
25200,25201
25200,25203
25200,25212
25201,25203
25203,25212
25203,25213
25203,25223
25212,25213
25213,25223
25213,25237
25223,25237
25237,25241
25241,25244
25241,25247
25241,25258
25244,25247
25247,25258
25247,25261
25258,25261
25261,25262
25262,25264
25264,25266
25264,25268
25264,25275
25266,25268
25266,25275
25268,25275
25268,25277
25268,25278
25268,25280
25268,25283
25275,25277
25275,25278
25275,25280
25277,25278
25277,25280
25277,25283
25278,25280
25278,25283
25278,25286
25280,25283
25283,25286
25283,25288
25283,25290
25283,25291
25286,25288
25286,25290
25288,25290
25288,25291
25288,25297
25288,25299
25288,25305
25290,25291
25291,25297
25297,25299
25299,25305
25299,25306
25305,25306
25306,25308
25306,25314
25306,25317
25306,25319
25308,25314
25314,25317
25314,25319
25317,25319
25319,25320
25320,25326
25326,25327
25326,25342
25326,25353
25327,25342
25327,25353
25327,25357
25342,25353
25342,25357
25342,25358
25353,25357
25357,25358
25358,25363
25358,25364
25358,25366
25358,25369
25358,25374
25363,25364
25363,25366
25364,25366
25364,25369
25364,25374
25364,25375
25364,25381
25364,25384
25366,25369
25366,25374
25369,25374
25369,25375
25369,25381
25374,25375
25374,25381
25375,25381
25381,25384
25384,25389
25384,25392
25384,25394
25389,25392
25392,25394
25394,25396
25396,25400
25400,25402
25402,25403
25402,25404
25403,25404
25404,25407
25404,25408
25404,25409
25407,25408
25407,25409
25408,25409
25408,25410
25408,25415
25408,25418
25408,25426
25408,25430
25409,25410
25410,25415
25415,25418
25415,25426
25418,25426
25418,25430
25418,25439
25418,25440
25418,25441
25426,25430
25426,25439
25430,25439
25439,25440
25440,25441
25440,25450
25441,25450
25450,25466
25466,25469
25469,25473
25469,25475
25469,25476
25473,25475
25475,25476
25475,25484
25475,25486
25475,25505
25475,25506
25476,25484
25484,25486
25486,25505
25505,25506
25505,25507
25505,25511
25506,25507
25506,25511
25506,25513
25506,25521
25506,25528
25506,25529
25506,25530
25507,25511
25507,25513
25507,25521
25507,25528
25511,25513
25513,25521
25513,25528
25521,25528
25521,25529
25521,25530
25528,25529
25528,25530
25528,25534
25528,25536
25529,25530
25529,25534
25529,25536
25529,25539
25530,25534
25530,25536
25530,25539
25534,25536
25536,25539
25536,25542
25539,25542
25542,25543
25542,25547
25542,25553
25543,25547
25543,25553
25547,25553
25553,25562
25553,25567
25562,25567
25562,25572
25562,25584
25567,25572
25567,25584
25572,25584
25572,25586
25572,25595
25572,25598
25584,25586
25584,25595
25584,25598
25584,25604
25584,25609
25586,25595
25595,25598
25595,25604
25595,25609
25598,25604
25598,25609
25598,25614
25598,25616
25598,25625
25598,25632
25598,25633
25604,25609
25604,25614
25609,25614
25614,25616
25614,25625
25616,25625
25625,25632
25632,25633
25633,25636
25636,25638
25638,25639
25639,25648
25639,25649
25639,25652
25648,25649
25649,25652
25649,25670
25649,25674
25649,25676
25649,25687
25652,25670
25652,25674
25652,25676
25652,25687
25652,25689
25670,25674
25670,25676
25670,25687
25670,25689
25670,25706
25674,25676
25676,25687
25687,25689
25689,25706
25706,25707
25707,25716
25707,25719
25707,25724
25716,25719
25719,25724
25719,25725
25724,25725
25725,25731
25731,25733
25731,25734
25733,25734
25734,25740
25740,25743
25740,25746
25743,25746
25743,25750
25743,25753
25743,25754
25743,25756
25743,25765
25746,25750
25746,25753
25750,25753
25750,25754
25753,25754
25753,25756
25754,25756
25756,25765
25756,25767
25756,25769
25756,25781
25765,25767
25767,25769
25769,25781
25781,25793
25793,25802
25802,25804
25804,25805
25804,25808
25804,25812
25805,25808
25805,25812
25808,25812
25808,25815
25812,25815
25812,25816
25812,25821
25812,25826
25812,25831
25815,25816
25816,25821
25821,25826
25826,25831
25831,25834
25834,25846
25846,25850
25850,25857
25850,25864
25850,25874
25850,25903
25850,25906
25850,25910
25857,25864
25864,25874
25864,25903
25864,25906
25874,25903
25874,25906
25874,25910
25903,25906
25906,25910
25910,25912
25910,25914
25912,25914
25912,25922
25912,25934
25914,25922
25922,25934
25922,25935
25922,25949
25934,25935
25935,25949
25949,25955
25955,25957
25957,25958
25958,25965
25958,25984
25958,25985
25965,25984
25965,25985
25965,25987
25984,25985
25985,25987
25987,25991
25987,25995
25991,25995
25995,25998
25998,26002
26002,26003
26002,26014
26002,26017
26003,26014
26003,26017
26003,26019
26003,26023
26014,26017
26017,26019
26017,26023
26019,26023
26023,26024
26023,26025
26024,26025
26025,26027
26025,26030
26025,26042
26025,26043
26027,26030
26030,26042
26030,26043
26042,26043
26042,26046
26042,26056
26042,26063
26043,26046
26046,26056
26056,26063
26056,26065
26056,26068
26063,26065
26065,26068
26068,26072
26068,26075
26072,26075
26075,26076
26075,26080
26076,26080
26080,26081
26080,26089
26080,26101
26080,26105
26081,26089
26081,26101
26081,26105
26081,26119
26081,26121
26089,26101
26101,26105
26101,26119
26101,26121
26105,26119
26105,26121
26105,26124
26119,26121
26119,26124
26121,26124
26121,26125
26121,26128
26124,26125
26125,26128
26125,26133
26128,26133
26128,26139
26128,26146
26128,26147
26133,26139
26133,26146
26133,26147
26139,26146
26146,26147
26147,26161
26161,26167
26161,26175
26167,26175
26175,26181
26181,26182
26182,26186
26186,26189
26186,26191
26189,26191
26189,26192
26189,26215
26189,26217
26189,26226
26191,26192
26191,26215
26191,26217
26192,26215
26192,26217
26192,26226
26192,26229
26215,26217
26217,26226
26217,26229
26217,26234
26226,26229
26226,26234
26226,26237
26226,26240
26226,26250
26226,26251
26229,26234
26229,26237
26234,26237
26234,26240
26234,26250
26234,26251
26234,26254
26234,26257
26234,26263
26237,26240
26240,26250
26250,26251
26251,26254
26254,26257
26257,26263
26263,26274
26274,26276
26274,26280
26274,26282
26274,26285
26274,26291
26276,26280
26280,26282
26280,26285
26280,26291
26282,26285
26282,26291
26285,26291
26285,26293
26291,26293
26293,26294
26294,26299
26294,26306
26299,26306
26306,26310
26306,26317
26310,26317
26310,26324
26310,26334
26310,26335
26317,26324
26324,26334
26334,26335
26335,26343
26343,26344
26344,26347
26347,26348
26348,26350
26348,26352
26348,26361
26350,26352
26350,26361
26352,26361
26361,26362
26361,26363
26361,26372
26362,26363
26362,26372
26362,26376
26362,26379
26363,26372
26363,26376
26363,26379
26372,26376
26372,26379
26372,26389
26376,26379
26379,26389
26379,26398
26379,26400
26389,26398
26389,26400
26389,26402
26398,26400
26400,26402
26402,26404
26402,26408
26404,26408
26404,26412
26408,26412
26412,26416
26412,26422
26416,26422
26422,26425
26422,26437
26425,26437
26425,26439
26425,26453
26425,26455
26437,26439
26437,26453
26437,26455
26437,26461
26439,26453
26439,26455
26453,26455
26455,26461
26455,26465
26461,26465
26461,26469
26461,26471
26465,26469
26469,26471
26469,26475
26469,26490
26471,26475
26475,26490
26475,26491
26475,26500
26475,26514
26490,26491
26491,26500
26500,26514
26514,26517
26514,26522
26514,26524
26517,26522
26522,26524
26522,26525
26522,26527
26524,26525
26525,26527
26527,26530
26527,26532
26530,26532
26532,26533
26532,26535
26533,26535
26533,26538
26535,26538
26535,26539
26535,26549
26535,26550
26538,26539
26538,26549
26538,26550
26539,26549
26539,26550
26539,26551
26549,26550
26550,26551
26550,26554
26551,26554
26551,26562
26551,26568
26551,26571
26554,26562
26562,26568
26568,26571
26568,26572
26568,26573
26568,26580
26571,26572
26572,26573
26572,26580
26572,26593
26573,26580
26573,26593
26573,26599
26580,26593
26580,26599
26593,26599
26599,26605
26599,26607
26605,26607
26607,26608
26608,26611
26608,26623
26611,26623
26611,26624
26623,26624
26623,26629
26624,26629
26629,26630
26630,26635
26635,26640
26635,26643
26640,26643
26643,26644
26644,26659
26659,26665
26659,26672
26665,26672
26665,26674
26672,26674
26672,26677
26672,26683
26674,26677
26674,26683
26677,26683
26683,26687
26687,26697
26697,26699
26699,26700
26700,26702
26702,26703
26702,26706
26702,26708
26702,26712
26703,26706
26703,26708
26703,26712
26703,26714
26703,26715
26706,26708
26706,26712
26706,26714
26708,26712
26712,26714
26714,26715
26714,26718
26714,26721
26715,26718
26718,26721
26721,26724
26721,26725
26721,26738
26721,26741
26724,26725
26725,26738
26725,26741
26725,26744
26725,26746
26738,26741
26741,26744
26741,26746
26741,26753
26744,26746
26746,26753
26746,26756
26746,26759
26746,26762
26753,26756
26756,26759
26759,26762
26762,26766
26762,26771
26766,26771
26771,26773
26771,26777
26773,26777
26773,26780
26773,26787
26773,26794
26773,26800
26773,26806
26777,26780
26780,26787
26780,26794
26780,26800
26780,26806
26780,26809
26787,26794
26787,26800
26787,26806
26794,26800
26794,26806
26800,26806
26800,26809
26800,26813
26800,26836
26806,26809
26809,26813
26809,26836
26813,26836
26813,26841
26836,26841
26841,26844
26841,26858
26841,26859
26844,26858
26844,26859
26844,26874
26858,26859
26858,26874
26858,26880
26858,26881
26858,26884
26859,26874
26874,26880
26880,26881
26881,26884
26884,26890
26890,26899
26899,26911
26911,26913
26911,26918
26913,26918
26918,26919
26918,26927
26919,26927
26919,26931
26919,26932
26927,26931
26927,26932
26927,26939
26927,26943
26927,26948
26931,26932
26932,26939
26932,26943
26932,26948
26939,26943
26939,26948
26939,26950
26943,26948
26948,26950
26950,26954
26950,26956
26950,26964
26954,26956
26956,26964
26964,26977
26977,26989
26977,26994
26989,26994
26994,26996
26994,26999
26994,27005
26994,27013
26996,26999
26996,27005
26996,27013
26999,27005
27005,27013
27013,27019
27019,27021
27019,27023
27021,27023
27023,27026
27026,27038
27038,27040
27040,27043
27040,27044
27040,27045
27043,27044
27044,27045
27044,27046
27044,27049
27045,27046
27046,27049
27046,27056
27049,27056
27056,27070
27070,27073
27073,27081
27081,27087
27087,27088
27087,27105
27087,27108
27087,27109
27088,27105
27105,27108
27108,27109
27109,27111
27111,27117
27111,27121
27117,27121
27121,27122
27122,27127
27127,27131
27127,27135
27127,27136
27131,27135
27135,27136
27135,27137
27135,27143
27136,27137
27137,27143
27143,27144
27143,27150
27144,27150
27144,27154
27144,27165
27144,27167
27150,27154
27150,27165
27154,27165
27165,27167
27165,27170
27167,27170
27167,27174
27170,27174
27174,27184
27184,27186
27184,27192
27184,27201
27186,27192
27186,27201
27186,27206
27186,27216
27192,27201
27201,27206
27201,27216
27201,27218
27201,27221
27201,27222
27206,27216
27216,27218
27216,27221
27218,27221
27221,27222
27222,27227
27227,27232
27232,27246
27232,27247
27246,27247
27246,27256
27246,27260
27247,27256
27247,27260
27247,27261
27256,27260
27260,27261
27260,27264
27260,27266
27261,27264
27261,27266
27261,27270
27264,27266
27264,27270
27264,27271
27264,27276
27264,27277
27264,27281
27264,27293
27266,27270
27270,27271
27271,27276
27271,27277
27276,27277
27277,27281
27277,27293
27281,27293
27281,27295
27293,27295
27295,27296
27296,27298
27298,27312
27298,27324
27298,27326
27298,27328
27312,27324
27312,27326
27324,27326
27326,27328
27328,27329
27328,27337
27329,27337
27329,27340
27329,27341
27329,27343
27329,27346
27337,27340
27340,27341
27341,27343
27343,27346
27346,27348
27346,27358
27346,27367
27348,27358
27348,27367
27348,27378
27348,27384
27348,27385
27358,27367
27358,27378
27367,27378
27378,27384
27384,27385
27385,27399
27399,27401
27399,27403
27401,27403
27403,27404
27403,27411
27404,27411
27411,27421
27421,27429
27429,27431
27431,27434
27434,27439
27434,27447
27434,27448
27434,27457
27439,27447
27439,27448
27447,27448
27447,27457
27447,27458
27448,27457
27457,27458
