3,11
3,27447
3,27458
11,25
11,28
11,36
25,28
28,36
28,44
36,44
36,45
36,56
36,57
44,45
45,56
45,57
56,57
56,58
57,58
57,62
58,62
58,63
62,63
63,66
66,69
69,72
72,79
72,87
72,93
79,87
79,93
79,95
87,93
87,95
93,95
93,97
95,97
97,102
102,107
102,117
107,117
107,121
117,121
117,127
117,129
117,133
121,127
121,129
121,133
121,135
121,148
121,150
127,129
127,133
127,135
127,148
127,150
129,133
129,135
129,148
133,135
133,148
135,148
135,150
135,151
135,154
135,155
148,150
150,151
151,154
154,155
154,163
154,165
154,168
155,163
163,165
163,168
165,168
165,175
168,175
175,176
176,184
176,191
184,191
191,196
191,197
196,197
196,203
196,208
196,211
197,203
197,208
203,208
203,211
208,211
208,215
211,215
215,216
215,218
216,218
216,219
218,219
218,227
218,229
219,227
227,229
227,230
227,234
227,235
229,230
230,234
234,235
235,239
235,244
235,247
235,249
239,244
239,247
244,247
247,249
249,255
255,257
257,278
257,279
257,282
278,279
278,282
278,299
278,302
278,304
279,282
279,299
279,302
282,299
282,302
299,302
302,304
302,309
304,309
309,311
309,312
309,316
309,322
309,326
311,312
312,316
316,322
322,326
326,331
331,334
331,337
334,337
334,341
337,341
341,351
341,353
351,353
353,355
353,356
353,357
353,363
355,356
355,357
356,357
356,363
356,364
356,367
356,371
357,363
363,364
363,367
363,371
364,367
367,371
367,378
367,379
371,378
371,379
371,396
371,397
378,379
378,396
378,397
379,396
379,397
396,397
396,398
397,398
398,403
398,412
398,414
403,412
412,414
412,416
412,418
412,420
412,422
414,416
416,418
418,420
418,422
420,422
420,425
420,427
422,425
425,427
427,430
430,434
434,439
434,445
434,460
434,462
439,445
439,460
439,462
445,460
445,462
445,464
460,462
460,464
462,464
462,472
462,483
464,472
472,483
472,488
472,492
472,494
472,501
472,503
483,488
483,492
488,492
492,494
492,501
494,501
494,503
501,503
501,509
503,509
509,512
509,516
512,516
512,519
516,519
519,522
519,533
519,534
522,533
533,534
534,547
534,551
534,553
547,551
547,553
547,559
547,562
551,553
551,559
551,562
553,559
559,562
559,565
559,567
559,575
559,577
562,565
562,567
562,575
565,567
565,575
567,575
567,577
567,591
567,599
575,577
575,591
577,591
577,599
577,607
591,599
591,607
599,607
599,614
599,621
599,627
599,635
607,614
607,621
607,627
614,621
614,627
614,635
621,627
627,635
635,638
638,640
638,643
638,646
638,647
640,643
643,646
646,647
646,648
646,651
646,656
646,659
647,648
648,651
648,656
648,659
651,656
656,659
656,664
659,664
664,665
665,666
665,667
665,668
666,667
666,668
666,669
666,678
667,668
668,669
669,678
669,680
678,680
680,690
680,691
680,693
690,691
691,693
691,697
693,697
693,701
697,701
701,718
718,721
718,724
718,734
718,735
721,724
724,734
724,735
734,735
735,737
735,739
737,739
739,745
745,749
749,752
749,756
752,756
756,761
756,763
756,768
761,763
763,768
763,779
768,779
779,786
786,796
786,806
796,806
796,811
796,823
796,828
796,829
796,830
806,811
806,823
806,828
806,829
811,823
811,828
823,828
823,829
823,830
828,829
829,830
830,848
830,849
830,853
848,849
849,853
849,855
853,855
853,857
853,862
855,857
857,862
862,867
867,873
873,874
873,875
873,877
873,882
874,875
874,877
874,882
875,877
875,882
875,887
877,882
877,887
877,891
877,896
877,897
882,887
887,891
887,896
887,897
887,909
891,896
891,897
896,897
896,909
896,910
897,909
897,910
909,910
909,923
909,925
910,923
923,925
925,926
925,938
926,938
938,940
938,945
940,945
945,947
947,948
948,954
954,956
954,958
956,958
956,959
956,966
956,968
956,977
956,980
956,986
958,959
958,966
958,968
959,966
959,968
959,977
966,968
966,977
966,980
966,986
966,989
968,977
968,980
968,986
977,980
980,986
986,989
986,993
989,993
993,999
999,1003
999,1007
1003,1007
1007,1008
1007,1010
1008,1010
1008,1014
1008,1021
1008,1025
1010,1014
1010,1021
1010,1025
1014,1021
1021,1025
1021,1027
1021,1031
1021,1036
1025,1027
1025,1031
1025,1036
1025,1045
1025,1054
1027,1031
1031,1036
1036,1045
1045,1054
1054,1060
1054,1065
1054,1070
1054,1077
1060,1065
1060,1070
1060,1077
1065,1070
1065,1077
1065,1078
1065,1091
1070,1077
1070,1078
1070,1091
1070,1095
1077,1078
1078,1091
1078,1095
1091,1095
1095,1096
1095,1098
1095,1102
1096,1098
1096,1102
1096,1104
1098,1102
1098,1104
1098,1115
1098,1116
1102,1104
1102,1115
1102,1116
1104,1115
1104,1116
1115,1116
1116,1118
1116,1119
1116,1122
1118,1119
1119,1122
1119,1123
1119,1130
1122,1123
1123,1130
1123,1142
1130,1142
1142,1143
1142,1145
1143,1145
1143,1147
1145,1147
1147,1148
1147,1150
1148,1150
1148,1156
1148,1158
1148,1160
1148,1161
1148,1166
1150,1156
1156,1158
1158,1160
1160,1161
1161,1166
1166,1167
1167,1170
1170,1171
1171,1181
1171,1182
1181,1182
1181,1186
1182,1186
1186,1188
1188,1194
1188,1195
1188,1197
1188,1202
1188,1204
1188,1226
1194,1195
1194,1197
1194,1202
1194,1204
1194,1226
1195,1197
1197,1202
1202,1204
1202,1226
1202,1227
1202,1230
1204,1226
1204,1227
1204,1230
1226,1227
1226,1230
1226,1233
1227,1230
1230,1233
1230,1239
1233,1239
1239,1250
1239,1253
1239,1262
1250,1253
1250,1262
1250,1266
1250,1273
1250,1276
1253,1262
1262,1266
1266,1273
1273,1276
1273,1285
1276,1285
1285,1291
1285,1293
1291,1293
1291,1297
1291,1299
1291,1305
1291,1306
1293,1297
1293,1299
1293,1305
1293,1306
1297,1299
1299,1305
1299,1306
1305,1306
1306,1316
1306,1324
1306,1326
1306,1333
1316,1324
1324,1326
1324,1333
1324,1335
1324,1338
1324,1348
1324,1358
1326,1333
1326,1335
1333,1335
1335,1338
1335,1348
1335,1358
1338,1348
1338,1358
1338,1361
1338,1369
1338,1384
1338,1385
1338,1391
1338,1394
1348,1358
1358,1361
1358,1369
1361,1369
1369,1384
1384,1385
1385,1391
1391,1394
1394,1411
1411,1417
1411,1420
1411,1426
1411,1429
1417,1420
1417,1426
1417,1429
1417,1434
1420,1426
1420,1429
1420,1434
1420,1445
1426,1429
1426,1434
1429,1434
1429,1445
1434,1445
1434,1446
1434,1452
1445,1446
1446,1452
1446,1454
1452,1454
1452,1457
1452,1458
1454,1457
1457,1458
1458,1462
1462,1469
1462,1473
1469,1473
1469,1475
1473,1475
1475,1478
1475,1489
1478,1489
1489,1495
1495,1497
1497,1500
1497,1506
1497,1516
1500,1506
1500,1516
1500,1529
1500,1537
1500,1539
1506,1516
1506,1529
1506,1537
1516,1529
1529,1537
1537,1539
1537,1541
1537,1545
1539,1541
1541,1545
1541,1548
1541,1549
1541,1551
1545,1548
1548,1549
1548,1551
1548,1552
1549,1551
1549,1552
1549,1553
1551,1552
1551,1553
1551,1554
1551,1558
1552,1553
1553,1554
1554,1558
1554,1564
1558,1564
1558,1565
1558,1567
1564,1565
1564,1567
1564,1578
1565,1567
1565,1578
1565,1582
1567,1578
1578,1582
1578,1588
1578,1590
1578,1604
1578,1605
1582,1588
1582,1590
1582,1604
1582,1605
1588,1590
1588,1604
1588,1605
1588,1612
1590,1604
1590,1605
1590,1612
1604,1605
1604,1612
1604,1615
1605,1612
1612,1615
1615,1624
1615,1626
1615,1629
1624,1626
1626,1629
1626,1647
1626,1648
1626,1650
1626,1653
1626,1659
1629,1647
1629,1648
1629,1650
1647,1648
1648,1650
1648,1653
1650,1653
1653,1659
1659,1664
1659,1665
1659,1666
1659,1668
1664,1665
1664,1666
1665,1666
1666,1668
1668,1677
1677,1681
1681,1684
1681,1686
1684,1686
1684,1688
1684,1690
1686,1688
1688,1690
1688,1700
1690,1700
1700,1709
1709,1711
1711,1713
1713,1720
1720,1721
1721,1725
1721,1744
1725,1744
1744,1772
1772,1780
1772,1781
1780,1781
1781,1782
1781,1785
1782,1785
1782,1787
1782,1791
1785,1787
1785,1791
1787,1791
1787,1796
1791,1796
1796,1798
1796,1799
1796,1807
1796,1810
1796,1811
1796,1815
1798,1799
1798,1807
1798,1810
1798,1811
1799,1807
1799,1810
1807,1810
1807,1811
1810,1811
1811,1815
1815,1821
1821,1823
1821,1829
1821,1831
1823,1829
1829,1831
1829,1838
1829,1854
1831,1838
1838,1854
1854,1860
1854,1867
1854,1870
1854,1873
1860,1867
1860,1870
1867,1870
1870,1873
1873,1877
1877,1878
1877,1881
1877,1882
1878,1881
1878,1882
1878,1888
1881,1882
1882,1888
1888,1892
1892,1893
1892,1894
1893,1894
1894,1896
1894,1903
1896,1903
1903,1908
1908,1910
1908,1916
1910,1916
1910,1917
1910,1921
1910,1922
1916,1917
1916,1921
1917,1921
1921,1922
1921,1941
1922,1941
1941,1942
1942,1947
1947,1954
1947,1962
1947,1971
1947,1972
1954,1962
1954,1971
1962,1971
1971,1972
1972,1977
1977,1990
1977,1995
1977,1998
1977,1999
1990,1995
1990,1998
1995,1998
1998,1999
1999,2002
1999,2004
2002,2004
2004,2009
2009,2014
2009,2015
2009,2018
2009,2020
2009,2024
2014,2015
2015,2018
2015,2020
2015,2024
2018,2020
2020,2024
2024,2028
2024,2033
2028,2033
2028,2035
2028,2041
2033,2035
2033,2041
2035,2041
2035,2044
2035,2058
2041,2044
2041,2058
2044,2058
2058,2065
2065,2067
2065,2071
2067,2071
2067,2078
2071,2078
2078,2079
2078,2081
2079,2081
2079,2087
2081,2087
2087,2091
2091,2106
2091,2111
2106,2111
2106,2119
2106,2127
2106,2130
2111,2119
2119,2127
2127,2130
2127,2134
2127,2135
2127,2137
2130,2134
2130,2135
2134,2135
2135,2137
2135,2146
2135,2154
2137,2146
2146,2154
2146,2160
2154,2160
2160,2168
2168,2173
2173,2175
2173,2192
2173,2200
2175,2192
2175,2200
2175,2201
2175,2207
2175,2211
2192,2200
2192,2201
2192,2207
2192,2211
2200,2201
2201,2207
2207,2211
2207,2212
2211,2212
2212,2214
2214,2226
2226,2228
2226,2229
2228,2229
2228,2230
2228,2243
2228,2244
2229,2230
2230,2243
2230,2244
2230,2256
2230,2261
2243,2244
2244,2256
2256,2261
2261,2266
2261,2270
2261,2271
2261,2275
2266,2270
2270,2271
2270,2275
2270,2291
2270,2298
2271,2275
2275,2291
2291,2298
2298,2300
2298,2302
2298,2307
2298,2318
2298,2322
2298,2326
2298,2331
2300,2302
2300,2307
2300,2318
2300,2322
2300,2326
2302,2307
2302,2318
2307,2318
2318,2322
2318,2326
2318,2331
2318,2332
2322,2326
2326,2331
2326,2332
2326,2342
2331,2332
2331,2342
2332,2342
2342,2349
2349,2353
2353,2354
2353,2365
2354,2365
2365,2366
2365,2370
2365,2384
2366,2370
2370,2384
2384,2403
2384,2404
2403,2404
2403,2410
2404,2410
2410,2419
2419,2428
2428,2436
2436,2437
2437,2440
2437,2441
2437,2445
2440,2441
2441,2445
2445,2447
2445,2449
2445,2450
2445,2459
2447,2449
2449,2450
2449,2459
2449,2462
2449,2463
2449,2467
2449,2478
2450,2459
2459,2462
2459,2463
2459,2467
2459,2478
2459,2482
2459,2487
2459,2491
2462,2463
2463,2467
2463,2478
2467,2478
2467,2482
2478,2482
2482,2487
2482,2491
2487,2491
2491,2494
2491,2503
2491,2517
2494,2503
2503,2517
2503,2518
2503,2524
2517,2518
2518,2524
2524,2527
2527,2529
2529,2533
2529,2536
2529,2546
2529,2548
2529,2550
2533,2536
2533,2546
2536,2546
2546,2548
2548,2550
2550,2554
2554,2560
2560,2564
2564,2566
2564,2576
2566,2576
2566,2578
2566,2580
2566,2586
2576,2578
2578,2580
2580,2586
2586,2592
2592,2595
2592,2606
2595,2606
2595,2608
2595,2613
2595,2618
2606,2608
2606,2613
2606,2618
2606,2621
2606,2626
2608,2613
2608,2618
2608,2621
2613,2618
2613,2621
2613,2626
2613,2631
2613,2636
2613,2643
2618,2621
2618,2626
2618,2631
2618,2636
2621,2626
2626,2631
2626,2636
2631,2636
2631,2643
2631,2649
2636,2643
2643,2649
2643,2651
2643,2655
2649,2651
2649,2655
2649,2656
2651,2655
2655,2656
2655,2661
2655,2671
2655,2675
2655,2680
2656,2661
2656,2671
2656,2675
2656,2680
2661,2671
2661,2675
2671,2675
2671,2680
2671,2685
2675,2680
2680,2685
2680,2692
2685,2692
2692,2696
2692,2700
2692,2708
2696,2700
2700,2708
2700,2712
2700,2714
2700,2717
2700,2721
2708,2712
2712,2714
2714,2717
2714,2721
2714,2724
2717,2721
2721,2724
2724,2725
2724,2727
2725,2727
2727,2731
2727,2737
2727,2740
2731,2737
2737,2740
2737,2741
2737,2742
2737,2749
2740,2741
2740,2742
2740,2749
2740,2753
2741,2742
2742,2749
2749,2753
2749,2755
2753,2755
2753,2765
2753,2766
2755,2765
2755,2766
2755,2768
2765,2766
2766,2768
2766,2770
2766,2778
2768,2770
2770,2778
2778,2780
2778,2785
2778,2791
2780,2785
2785,2791
2791,2792
2792,2819
2819,2820
2820,2824
2820,2825
2824,2825
2824,2826
2824,2838
2824,2844
2825,2826
2825,2838
2825,2844
2825,2847
2826,2838
2838,2844
2838,2847
2844,2847
2844,2849
2847,2849
2847,2850
2849,2850
2850,2880
2850,2885
2880,2885
2885,2904
2885,2906
2904,2906
2904,2913
2904,2916
2906,2913
2906,2916
2906,2917
2913,2916
2913,2917
2913,2920
2916,2917
2916,2920
2916,2921
2917,2920
2917,2921
2917,2923
2917,2929
2920,2921
2921,2923
2923,2929
2929,2932
2929,2944
2932,2944
2944,2945
2945,2951
2951,2952
2951,2971
2951,2980
2951,2983
2952,2971
2952,2980
2971,2980
2980,2983
2980,2986
2980,2994
2980,3001
2983,2986
2983,2994
2986,2994
2986,3001
2994,3001
2994,3002
3001,3002
3002,3007
3007,3015
3015,3023
3023,3034
3034,3037
3034,3039
3034,3044
3034,3046
3037,3039
3039,3044
3044,3046
3044,3048
3044,3049
3044,3051
3044,3055
3046,3048
3048,3049
3048,3051
3049,3051
3051,3055
3051,3068
3051,3070
3051,3073
3055,3068
3055,3070
3055,3073
3055,3074
3068,3070
3070,3073
3070,3074
3070,3076
3070,3081
3070,3085
3073,3074
3074,3076
3074,3081
3074,3085
3076,3081
3076,3085
3076,3109
3081,3085
3085,3109
3085,3112
3109,3112
3112,3113
3113,3124
3124,3131
3124,3134
3131,3134
3134,3135
3135,3149
3149,3151
3149,3152
3149,3159
3151,3152
3151,3159
3151,3175
3151,3178
3152,3159
3159,3175
3175,3178
3178,3185
3185,3193
3185,3194
3185,3201
3193,3194
3194,3201
3201,3202
3202,3204
3204,3205
3205,3209
3209,3214
3209,3216
3209,3217
3209,3220
3209,3222
3214,3216
3216,3217
3216,3220
3216,3222
3217,3220
3217,3222
3220,3222
3222,3225
3225,3228
3228,3232
3232,3234
3234,3235
3234,3241
3234,3244
3234,3251
3234,3252
3235,3241
3235,3244
3235,3251
3241,3244
3241,3251
3241,3252
3244,3251
3244,3252
3244,3255
3244,3262
3251,3252
3252,3255
3252,3262
3255,3262
3255,3268
3255,3271
3262,3268
3268,3271
3268,3274
3271,3274
3271,3276
3274,3276
3276,3285
3276,3286
3276,3302
3276,3315
3276,3324
3285,3286
3285,3302
3285,3315
3286,3302
3302,3315
3315,3324
3315,3339
3324,3339
3324,3341
3324,3350
3339,3341
3339,3350
3339,3356
3341,3350
3350,3356
3356,3368
3356,3374
3368,3374
3368,3375
3374,3375
3374,3405
3375,3405
3405,3416
3405,3418
3405,3419
3416,3418
3418,3419
3418,3420
3418,3423
3418,3426
3418,3427
3418,3430
3418,3440
3419,3420
3419,3423
3419,3426
3419,3427
3420,3423
3423,3426
3426,3427
3427,3430
3430,3440
3440,3448
3440,3449
3448,3449
3448,3450
3449,3450
3450,3464
3450,3478
3464,3478
3464,3482
3464,3484
3478,3482
3478,3484
3482,3484
3484,3488
3484,3490
3488,3490
3490,3491
3491,3495
3495,3496
3495,3505
3495,3508
3495,3509
3495,3510
3496,3505
3496,3508
3496,3509
3505,3508
3505,3509
3505,3510
3508,3509
3508,3510
3508,3520
3509,3510
3510,3520
3510,3521
3510,3524
3510,3526
3520,3521
3521,3524
3524,3526
3526,3527
3526,3528
3526,3540
3527,3528
3527,3540
3527,3542
3528,3540
3540,3542
3542,3546
3546,3549
3549,3554
3554,3556
3554,3567
3554,3573
3556,3567
3567,3573
3567,3574
3573,3574
3574,3577
3574,3578
3577,3578
3577,3592
3578,3592
3578,3597
3592,3597
3597,3601
3601,3604
3601,3610
3601,3612
3604,3610
3604,3612
3610,3612
3612,3614
3612,3618
3612,3619
3614,3618
3618,3619
3618,3621
3618,3625
3618,3630
3618,3642
3619,3621
3619,3625
3619,3630
3619,3642
3621,3625
3621,3630
3621,3642
3625,3630
3625,3642
3630,3642
3630,3646
3642,3646
3642,3647
3646,3647
3647,3651
3647,3655
3651,3655
3651,3656
3655,3656
3655,3665
3656,3665
3665,3666
3666,3673
3666,3677
3666,3678
3666,3682
3673,3677
3673,3678
3673,3682
3677,3678
3678,3682
3682,3686
3682,3689
3682,3692
3682,3693
3686,3689
3686,3692
3686,3693
3686,3695
3686,3698
3689,3692
3689,3693
3689,3695
3692,3693
3693,3695
3693,3698
3693,3703
3693,3704
3695,3698
3695,3703
3695,3704
3695,3705
3698,3703
3698,3704
3703,3704
3703,3705
3703,3711
3704,3705
3704,3711
3704,3714
3704,3718
3705,3711
3711,3714
3711,3718
3711,3719
3711,3723
3714,3718
3718,3719
3718,3723
3718,3729
3719,3723
3719,3729
3719,3731
3719,3732
3719,3733
3719,3734
3723,3729
3729,3731
3731,3732
3732,3733
3732,3734
3733,3734
3734,3735
3734,3739
3735,3739
3739,3744
3739,3745
3739,3751
3739,3756
3739,3760
3739,3763
3739,3770
3744,3745
3745,3751
3745,3756
3751,3756
3756,3760
3756,3763
3760,3763
3763,3770
3770,3781
3781,3784
3781,3785
3784,3785
3785,3787
3787,3790
3790,3793
3790,3801
3790,3808
3790,3813
3793,3801
3801,3808
3808,3813
3813,3818
3813,3820
3818,3820
3818,3825
3818,3832
3818,3836
3820,3825
3825,3832
3825,3836
3825,3837
3832,3836
3836,3837
3836,3839
3837,3839
3839,3840
3839,3847
3840,3847
3847,3850
3850,3861
3861,3871
3861,3874
3861,3878
3861,3880
3871,3874
3874,3878
3878,3880
3880,3881
3880,3887
3880,3888
3880,3896
3881,3887
3887,3888
3888,3896
3896,3898
3898,3904
3904,3908
3908,3911
3908,3913
3908,3914
3911,3913
3913,3914
3914,3922
3922,3929
3929,3932
3932,3933
3932,3947
3932,3951
3932,3955
3932,3964
3932,3965
3933,3947
3947,3951
3951,3955
3951,3964
3951,3965
3951,3967
3955,3964
3955,3965
3964,3965
3965,3967
3965,3969
3965,3982
3967,3969
3969,3982
3982,3989
3982,3991
3982,3998
3989,3991
3991,3998
3998,4000
4000,4004
4004,4008
4008,4013
4013,4018
4018,4022
4018,4035
4022,4035
4035,4037
4037,4042
4037,4045
4037,4046
4042,4045
4045,4046
4045,4048
4045,4052
4045,4057
4046,4048
4046,4052
4048,4052
4052,4057
4052,4072
4057,4072
4072,4073
4073,4076
4076,4078
4076,4081
4076,4089
4076,4091
4076,4094
4076,4096
4076,4101
4078,4081
4078,4089
4078,4091
4081,4089
4081,4091
4081,4094
4089,4091
4091,4094
4094,4096
4094,4101
4096,4101
4096,4106
4096,4107
4096,4111
4096,4118
4101,4106
4101,4107
4106,4107
4106,4111
4107,4111
4111,4118
4111,4119
4111,4125
4118,4119
4118,4125
4118,4131
4119,4125
4125,4131
4131,4133
4133,4142
4133,4148
4142,4148
4142,4149
4142,4155
4148,4149
4148,4155
4148,4158
4148,4168
4149,4155
4149,4158
4155,4158
4155,4168
4155,4169
4158,4168
4158,4169
4158,4173
4158,4180
4158,4185
4168,4169
4168,4173
4169,4173
4169,4180
4169,4185
4173,4180
4180,4185
4180,4188
4180,4191
4180,4192
4185,4188
4185,4191
4185,4192
4188,4191
4188,4192
4188,4193
4188,4196
4188,4197
4191,4192
4192,4193
4192,4196
4193,4196
4193,4197
4193,4199
4196,4197
4197,4199
4197,4210
4197,4213
4199,4210
4199,4213
4210,4213
4213,4217
4213,4224
4213,4225
4213,4229
4217,4224
4224,4225
4224,4229
4224,4231
4225,4229
4229,4231
4231,4238
4238,4240
4238,4245
4240,4245
4245,4251
4245,4253
4245,4260
4251,4253
4253,4260
4260,4262
4260,4281
4260,4283
4262,4281
4262,4283
4262,4284
4281,4283
4281,4284
4281,4285
4281,4287
4283,4284
4284,4285
4285,4287
4287,4290
4287,4291
4287,4297
4290,4291
4290,4297
4290,4312
4291,4297
4291,4312
4297,4312
4297,4316
4297,4318
4297,4325
4297,4328
4312,4316
4316,4318
4318,4325
4318,4328
4318,4329
4318,4333
4318,4347
4325,4328
4328,4329
4329,4333
4333,4347
4347,4349
4349,4357
4349,4362
4349,4384
4357,4362
4362,4384
4362,4389
4384,4389
4389,4392
4389,4398
4392,4398
4398,4399
4398,4410
4399,4410
4399,4411
4399,4412
4410,4411
4411,4412
4412,4430
4430,4440
4430,4444
4440,4444
4440,4445
4440,4450
4440,4451
4444,4445
4444,4450
4444,4451
4444,4457
4445,4450
4450,4451
4451,4457
4451,4460
4451,4461
4451,4462
4451,4464
4451,4478
4457,4460
4457,4461
4457,4462
4457,4464
4457,4478
4457,4482
4460,4461
4460,4462
4460,4464
4460,4478
4460,4482
4461,4462
4462,4464
4464,4478
4464,4482
4464,4485
4464,4491
4478,4482
4478,4485
4482,4485
4482,4491
4485,4491
4485,4492
4485,4494
4491,4492
4491,4494
4491,4495
4492,4494
4494,4495
4495,4501
4495,4509
4501,4509
4509,4511
4511,4513
4513,4515
4513,4523
4513,4531
4515,4523
4515,4531
4515,4533
4515,4545
4515,4550
4515,4551
4523,4531
4531,4533
4533,4545
4545,4550
4550,4551
4550,4552
4550,4555
4551,4552
4552,4555
4552,4556
4555,4556
4556,4562
4556,4573
4556,4578
4562,4573
4562,4578
4562,4582
4573,4578
4578,4582
4582,4584
4582,4592
4584,4592
4584,4599
4584,4600
4592,4599
4599,4600
4600,4627
4600,4631
4600,4642
4627,4631
4627,4642
4627,4652
4627,4661
4627,4669
4627,4676
4627,4679
4631,4642
4642,4652
4652,4661
4661,4669
4661,4676
4669,4676
4669,4679
4676,4679
4679,4702
4702,4706
4706,4708
4708,4717
4717,4722
4722,4723
4722,4732
4722,4736
4722,4744
4722,4757
4722,4764
4723,4732
4732,4736
4732,4744
4732,4757
4732,4764
4732,4766
4736,4744
4744,4757
4744,4764
4744,4766
4744,4768
4744,4769
4757,4764
4757,4766
4757,4768
4764,4766
4766,4768
4768,4769
4768,4772
4769,4772
4769,4774
4772,4774
4774,4781
4774,4784
4781,4784
4781,4791
4781,4796
4781,4797
4781,4801
4781,4813
4784,4791
4791,4796
4791,4797
4791,4801
4796,4797
4796,4801
4796,4813
4797,4801
4797,4813
4797,4816
4797,4817
4797,4818
4797,4828
4797,4829
4801,4813
4813,4816
4816,4817
4817,4818
4818,4828
4818,4829
4818,4831
4828,4829
4828,4831
4829,4831
4829,4833
4831,4833
4831,4837
4833,4837
4837,4838
4837,4849
4838,4849
4849,4850
4849,4854
4850,4854
4854,4855
4854,4857
4854,4859
4855,4857
4855,4859
4855,4883
4857,4859
4859,4883
4859,4884
4859,4892
4883,4884
4883,4892
4883,4894
4884,4892
4884,4894
4884,4900
4892,4894
4894,4900
4894,4901
4894,4907
4900,4901
4901,4907
4901,4915
4907,4915
4915,4919
4915,4923
4915,4924
4919,4923
4919,4924
4923,4924
4924,4929
4924,4933
4924,4940
4929,4933
4929,4940
4929,4944
4929,4965
4933,4940
4933,4944
4933,4965
4933,4967
4933,4970
4940,4944
4940,4965
4940,4967
4940,4970
4940,4974
4940,4990
4944,4965
4965,4967
4965,4970
4967,4970
4967,4974
4967,4990
4967,4993
4970,4974
4970,4990
4970,4993
4974,4990
4990,4993
4993,4995
4993,5000
4995,5000
5000,5005
5000,5006
5000,5009
5005,5006
5006,5009
5006,5014
5006,5024
5006,5027
5009,5014
5009,5024
5009,5027
5009,5029
5009,5035
5009,5038
5014,5024
5014,5027
5024,5027
5027,5029
5029,5035
5029,5038
5035,5038
5035,5040
5038,5040
5040,5041
5040,5044
5040,5048
5041,5044
5041,5048
5041,5050
5044,5048
5044,5050
5048,5050
5050,5052
5050,5060
5052,5060
5060,5062
5062,5065
5065,5067
5067,5070
5067,5077
5067,5079
5067,5081
5070,5077
5077,5079
5079,5081
5079,5086
5079,5088
5081,5086
5081,5088
5081,5097
5086,5088
5086,5097
5088,5097
5088,5098
5097,5098
5097,5110
5097,5114
5097,5117
5097,5122
5098,5110
5110,5114
5114,5117
5117,5122
5117,5124
5117,5132
5117,5135
5122,5124
5122,5132
5122,5135
5122,5136
5122,5146
5124,5132
5124,5135
5132,5135
5132,5136
5132,5146
5135,5136
5136,5146
5136,5148
5146,5148
5148,5159
5148,5173
5148,5174
5148,5180
5148,5181
5148,5182
5148,5191
5159,5173
5173,5174
5174,5180
5174,5181
5174,5182
5180,5181
5180,5182
5180,5191
5181,5182
5181,5191
5181,5195
5182,5191
5182,5195
5191,5195
5191,5197
5191,5203
5195,5197
5197,5203
5203,5212
5203,5214
5203,5218
5203,5221
5203,5234
5203,5235
5212,5214
5212,5218
5212,5221
5212,5234
5214,5218
5218,5221
5221,5234
5221,5235
5234,5235
5235,5239
5235,5240
5235,5244
5239,5240
5240,5244
5240,5258
5240,5261
5244,5258
5258,5261
5258,5269
5258,5272
5261,5269
5269,5272
5269,5280
5269,5287
5269,5289
5269,5290
5269,5292
5272,5280
5280,5287
5280,5289
5280,5290
5280,5292
5287,5289
5287,5290
5287,5292
5287,5303
5287,5306
5289,5290
5289,5292
5289,5303
5290,5292
5290,5303
5292,5303
5303,5306
5303,5310
5306,5310
5306,5315
5306,5316
5310,5315
5310,5316
5310,5322
5310,5325
5315,5316
5316,5322
5322,5325
5325,5342
5342,5350
5350,5351
5351,5356
5356,5364
5364,5365
5364,5368
5364,5371
5365,5368
5365,5371
5365,5378
5368,5371
5371,5378
5371,5381
5378,5381
5378,5382
5381,5382
5382,5388
5382,5389
5382,5392
5382,5394
5388,5389
5389,5392
5392,5394
5394,5402
5394,5404
5394,5417
5402,5404
5404,5417
5404,5420
5417,5420
5420,5422
5422,5425
5425,5428
5425,5430
5428,5430
5428,5434
5428,5444
5428,5445
5430,5434
5430,5444
5430,5445
5430,5446
5434,5444
5444,5445
5445,5446
5446,5449
5446,5454
5446,5468
5446,5473
5449,5454
5449,5468
5454,5468
5468,5473
5473,5488
5488,5489
5489,5490
5489,5493
5489,5497
5489,5499
5490,5493
5490,5497
5493,5497
5493,5499
5493,5500
5493,5501
5497,5499
5499,5500
5500,5501
5500,5502
5501,5502
5501,5509
5501,5514
5502,5509
5509,5514
5514,5517
5517,5520
5517,5531
5517,5534
5520,5531
5520,5534
5520,5535
5520,5540
5531,5534
5531,5535
5531,5540
5534,5535
5534,5540
5534,5546
5535,5540
5540,5546
5546,5547
5547,5548
5547,5550
5547,5553
5547,5562
5548,5550
5550,5553
5553,5562
5562,5565
5562,5568
5562,5579
5562,5588
5565,5568
5568,5579
5568,5588
5568,5593
5568,5596
5579,5588
5579,5593
5588,5593
5588,5596
5588,5598
5588,5604
5593,5596
5593,5598
5596,5598
5596,5604
5596,5611
5598,5604
5604,5611
5611,5612
5612,5623
5623,5627
5623,5647
5627,5647
5627,5654
5627,5655
5647,5654
5647,5655
5647,5658
5647,5662
5654,5655
5655,5658
5658,5662
5658,5666
5662,5666
5666,5669
5669,5677
5669,5680
5677,5680
5677,5681
5677,5686
5680,5681
5681,5686
5686,5687
5686,5689
5686,5691
5687,5689
5687,5691
5687,5699
5687,5703
5687,5708
5687,5714
5689,5691
5689,5699
5691,5699
5691,5703
5691,5708
5699,5703
5699,5708
5699,5714
5703,5708
5703,5714
5708,5714
5708,5720
5708,5721
5708,5735
5714,5720
5720,5721
5721,5735
5735,5739
5735,5742
5735,5755
5735,5762
5735,5765
5739,5742
5739,5755
5742,5755
5755,5762
5762,5765
5765,5768
5768,5775
5768,5776
5768,5784
5775,5776
5775,5784
5775,5788
5775,5790
5775,5791
5776,5784
5784,5788
5784,5790
5784,5791
5784,5797
5788,5790
5788,5791
5788,5797
5790,5791
5790,5797
5790,5804
5790,5825
5791,5797
5797,5804
5804,5825
5825,5829
5825,5835
5825,5851
5825,5855
5829,5835
5835,5851
5851,5855
5851,5862
5855,5862
5855,5872
5855,5875
5862,5872
5862,5875
5862,5877
5862,5879
5862,5880
5872,5875
5872,5877
5875,5877
5877,5879
5877,5880
5877,5882
5877,5888
5877,5890
5877,5893
5879,5880
5879,5882
5880,5882
5882,5888
5882,5890
5888,5890
5890,5893
5890,5894
5893,5894
5894,5900
5894,5907
5894,5912
5894,5913
5900,5907
5900,5912
5907,5912
5912,5913
5912,5919
5912,5930
5912,5935
5912,5946
5913,5919
5919,5930
5919,5935
5930,5935
5930,5946
5935,5946
5946,5947
5947,5954
5954,5956
5954,5957
5956,5957
5956,5972
5956,5975
5957,5972
5957,5975
5957,5979
5972,5975
5972,5979
5975,5979
5975,5999
5979,5999
5979,6007
5999,6007
6007,6013
6013,6015
6013,6023
6013,6025
6015,6023
6015,6025
6015,6026
6023,6025
6023,6026
6023,6028
6023,6029
6025,6026
6026,6028
6026,6029
6028,6029
6029,6032
6029,6038
6032,6038
6032,6040
6032,6043
6038,6040
6040,6043
6040,6044
6043,6044
6043,6048
6043,6050
6043,6055
6044,6048
6048,6050
6050,6055
6055,6057
6057,6060
6060,6065
6060,6066
6060,6074
6060,6082
6065,6066
6065,6074
6065,6082
6065,6116
6066,6074
6074,6082
6082,6116
6082,6130
6116,6130
6116,6132
6116,6133
6116,6142
6116,6143
6116,6144
6130,6132
6132,6133
6132,6142
6132,6143
6133,6142
6142,6143
6142,6144
6142,6147
6142,6151
6143,6144
6143,6147
6144,6147
6144,6151
6144,6152
6147,6151
6147,6152
6151,6152
6152,6153
6152,6155
6152,6156
6152,6158
6152,6163
6153,6155
6155,6156
6155,6158
6155,6163
6155,6164
6155,6165
6155,6166
6155,6167
6156,6158
6156,6163
6156,6164
6158,6163
6163,6164
6164,6165
6165,6166
6165,6167
6165,6169
6166,6167
6167,6169
6169,6171
6169,6174
6169,6176
6169,6177
6169,6179
6171,6174
6174,6176
6174,6177
6176,6177
6177,6179
6179,6186
6179,6187
6186,6187
6186,6204
6186,6218
6186,6223
6186,6224
6187,6204
6204,6218
6204,6223
6204,6224
6218,6223
6223,6224
6224,6228
6228,6230
6228,6238
6228,6239
6228,6244
6230,6238
6238,6239
6239,6244
6244,6246
6246,6249
6246,6251
6249,6251
6251,6254
6254,6257
6257,6262
6257,6287
6262,6287
6262,6288
6287,6288
6287,6290
6287,6292
6288,6290
6288,6292
6288,6307
6288,6310
6290,6292
6292,6307
6292,6310
6292,6315
6292,6320
6307,6310
6307,6315
6307,6320
6310,6315
6315,6320
6315,6332
6320,6332
6320,6341
6320,6348
6320,6349
6332,6341
6332,6348
6332,6349
6332,6352
6341,6348
6341,6349
6341,6352
6341,6353
6348,6349
6348,6352
6348,6353
6349,6352
6349,6353
6349,6363
6349,6367
6352,6353
6352,6363
6352,6367
6353,6363
6353,6367
6353,6369
6363,6367
6367,6369
6369,6370
6369,6382
6370,6382
6370,6385
6370,6391
6370,6392
6370,6396
6370,6398
6382,6385
6382,6391
6385,6391
6385,6392
6385,6396
6391,6392
6391,6396
6391,6398
6391,6399
6392,6396
6396,6398
6396,6399
6396,6405
6396,6407
6398,6399
6398,6405
6398,6407
6399,6405
6405,6407
6407,6411
6411,6415
6415,6418
6415,6422
6415,6423
6415,6432
6415,6435
6418,6422
6418,6423
6422,6423
6422,6432
6422,6435
6423,6432
6423,6435
6423,6438
6423,6440
6432,6435
6432,6438
6435,6438
6438,6440
6438,6441
6438,6446
6440,6441
6441,6446
6446,6448
6448,6452
6448,6456
6448,6457
6448,6460
6452,6456
6456,6457
6457,6460
6460,6471
6471,6473
6471,6475
6471,6476
6473,6475
6473,6476
6473,6477
6475,6476
6475,6477
6476,6477
6477,6479
6479,6485
6485,6490
6485,6493
6485,6495
6485,6497
6490,6493
6493,6495
6493,6497
6493,6498
6493,6500
6495,6497
6495,6498
6495,6500
6497,6498
6497,6500
6498,6500
6500,6505
6500,6509
6505,6509
6505,6515
6505,6516
6505,6526
6505,6536
6509,6515
6509,6516
6509,6526
6515,6516
6515,6526
6515,6536
6515,6538
6516,6526
6516,6536
6516,6538
6526,6536
6526,6538
6536,6538
6536,6543
6538,6543
6538,6547
6538,6548
6543,6547
6547,6548
6548,6567
6548,6570
6548,6589
6567,6570
6567,6589
6570,6589
6570,6596
6570,6599
6570,6600
6589,6596
6596,6599
6596,6600
6596,6615
6599,6600
6600,6615
6615,6617
6617,6627
6627,6640
6627,6643
6627,6655
6627,6662
6640,6643
6640,6655
6643,6655
6655,6662
6662,6670
6670,6672
6672,6673
6673,6676
6673,6677
6673,6682
6673,6683
6676,6677
6676,6682
6677,6682
6677,6683
6677,6685
6677,6688
6677,6689
6677,6690
6682,6683
6682,6685
6682,6688
6683,6685
6683,6688
6685,6688
6688,6689
6688,6690
6688,6697
6688,6700
6688,6701
6688,6703
6689,6690
6689,6697
6689,6700
6689,6701
6690,6697
6690,6700
6697,6700
6697,6701
6697,6703
6697,6706
6700,6701
6701,6703
6701,6706
6701,6708
6703,6706
6703,6708
6703,6709
6706,6708
6706,6709
6706,6729
6708,6709
6709,6729
6709,6736
6709,6737
6709,6738
6729,6736
6736,6737
6736,6738
6737,6738
6737,6745
6737,6752
6737,6755
6738,6745
6738,6752
6738,6755
6745,6752
6752,6755
6755,6760
6760,6761
6760,6781
6760,6782
6761,6781
6761,6782
6781,6782
6781,6783
6781,6786
6782,6783
6782,6786
6782,6788
6783,6786
6786,6788
6788,6792
6788,6794
6788,6795
6792,6794
6792,6795
6794,6795
6794,6796
6794,6798
6795,6796
6796,6798
6798,6799
6798,6809
6798,6812
6798,6823
6799,6809
6799,6812
6809,6812
6812,6823
6823,6827
6823,6841
6823,6842
6827,6841
6841,6842
6841,6843
6841,6844
6841,6846
6842,6843
6842,6844
6842,6846
6843,6844
6844,6846
6846,6847
6847,6851
6851,6852
6851,6856
6851,6857
6852,6856
6856,6857
6856,6858
6857,6858
6858,6862
6858,6871
6862,6871
6871,6875
6875,6887
6875,6889
6887,6889
6889,6890
6889,6892
6889,6906
6889,6912
6889,6915
6890,6892
6890,6906
6892,6906
6906,6912
6912,6915
6915,6924
6915,6929
6915,6934
6915,6937
6915,6943
6915,6946
6915,6954
6924,6929
6929,6934
6934,6937
6934,6943
6934,6946
6937,6943
6943,6946
6943,6954
6943,6955
6943,6960
6946,6954
6946,6955
6946,6960
6954,6955
6954,6960
6954,6962
6955,6960
6960,6962
6962,6966
6966,6971
6971,6980
6971,6982
6971,6987
6971,6989
6980,6982
6980,6987
6980,6989
6980,6994
6980,6996
6982,6987
6987,6989
6987,6994
6989,6994
6994,6996
6994,7005
6996,7005
7005,7016
7005,7033
7016,7033
7016,7040
7016,7042
7016,7043
7033,7040
7033,7042
7033,7043
7033,7046
7040,7042
7040,7043
7040,7046
7042,7043
7043,7046
7043,7055
7046,7055
7055,7062
7062,7063
7063,7082
7063,7083
7082,7083
7082,7084
7082,7085
7082,7090
7082,7093
7083,7084
7083,7085
7083,7090
7084,7085
7084,7090
7084,7093
7084,7096
7085,7090
7090,7093
7093,7096
7093,7104
7093,7107
7096,7104
7104,7107
7107,7108
7108,7109
7109,7111
7109,7115
7111,7115
7111,7125
7115,7125
7125,7127
7127,7131
7127,7141
7127,7148
7131,7141
7141,7148
7141,7149
7141,7153
7148,7149
7148,7153
7148,7160
7149,7153
7149,7160
7149,7171
7153,7160
7160,7171
7160,7172
7160,7190
7171,7172
7172,7190
7190,7194
7190,7199
7194,7199
7194,7200
7199,7200
7200,7224
7224,7230
7224,7240
7224,7241
7224,7243
7224,7244
7230,7240
7230,7241
7230,7243
7240,7241
7240,7243
7241,7243
7243,7244
7243,7245
7244,7245
7245,7249
7245,7250
7249,7250
7250,7251
7250,7255
7251,7255
7255,7256
7255,7260
7255,7271
7256,7260
7256,7271
7256,7272
7260,7271
7271,7272
7271,7278
7271,7280
7271,7288
7272,7278
7272,7280
7278,7280
7278,7288
7278,7304
7280,7288
7280,7304
7288,7304
7304,7311
7311,7315
7315,7317
7315,7321
7317,7321
7317,7322
7321,7322
7321,7323
7321,7327
7322,7323
7323,7327
7323,7329
7323,7338
7327,7329
7329,7338
7338,7340
7338,7347
7340,7347
7347,7348
7347,7349
7348,7349
7349,7359
7349,7370
7359,7370
7370,7371
7371,7380
7380,7385
7380,7392
7380,7396
7380,7402
7385,7392
7392,7396
7392,7402
7392,7404
7396,7402
7396,7404
7402,7404
7404,7408
7408,7414
7408,7421
7414,7421
7421,7425
7421,7430
7421,7432
7421,7433
7425,7430
7430,7432
7432,7433
7432,7436
7432,7437
7432,7438
7433,7436
7436,7437
7436,7438
7436,7439
7436,7443
7436,7451
7437,7438
7438,7439
7439,7443
7439,7451
7439,7453
7443,7451
7451,7453
7453,7463
7463,7464
7463,7466
7463,7468
7464,7466
7464,7468
7466,7468
7468,7471
7468,7474
7468,7480
7468,7481
7471,7474
7474,7480
7480,7481
7481,7483
7483,7486
7486,7487
7486,7489
7486,7491
7487,7489
7487,7491
7489,7491
7491,7494
7494,7496
7494,7497
7494,7498
7496,7497
7497,7498
7497,7500
7497,7505
7498,7500
7498,7505
7500,7505
7500,7518
7505,7518
7505,7519
7518,7519
7518,7520
7518,7525
7519,7520
7519,7525
7520,7525
7520,7534
7520,7537
7520,7538
7520,7540
7520,7543
7525,7534
7525,7537
7534,7537
7534,7538
7534,7540
7534,7543
7537,7538
7537,7540
7537,7543
7538,7540
7540,7543
7540,7546
7543,7546
7546,7552
7546,7554
7546,7555
7546,7557
7552,7554
7554,7555
7554,7557
7554,7566
7554,7567
7555,7557
7557,7566
7566,7567
7567,7586
7567,7591
7567,7593
7586,7591
7591,7593
7593,7598
7598,7604
7604,7608
7604,7609
7604,7620
7608,7609
7609,7620
7620,7629
7629,7634
7629,7637
7629,7638
7634,7637
7637,7638
7638,7641
7641,7644
7641,7650
7644,7650
7650,7651
7650,7653
7651,7653
7653,7654
7653,7659
7654,7659
7654,7662
7654,7667
7654,7671
7654,7674
7659,7662
7662,7667
7662,7671
7662,7674
7667,7671
7667,7674
7667,7677
7671,7674
7674,7677
7674,7681
7674,7686
7674,7702
7677,7681
7681,7686
7686,7702
7686,7704
7686,7710
7702,7704
7704,7710
7710,7711
7711,7715
7711,7722
7711,7728
7715,7722
7722,7728
7728,7739
7728,7741
7739,7741
7739,7748
7741,7748
7741,7749
7748,7749
7748,7751
7748,7754
7748,7756
7749,7751
7749,7754
7749,7756
7751,7754
7751,7756
7751,7762
7751,7763
7751,7769
7751,7773
7754,7756
7754,7762
7756,7762
7762,7763
7763,7769
7769,7773
7773,7775
7775,7776
7775,7779
7776,7779
7779,7792
7779,7799
7792,7799
7792,7804
7792,7806
7799,7804
7799,7806
7804,7806
7804,7812
7804,7819
7804,7821
7804,7825
7806,7812
7812,7819
7812,7821
7819,7821
7819,7825
7821,7825
7825,7830
7825,7832
7825,7839
7830,7832
7832,7839
7832,7843
7832,7855
7832,7856
7839,7843
7839,7855
7839,7856
7843,7855
7843,7856
7843,7860
7855,7856
7856,7860
7856,7867
7860,7867
7867,7882
7867,7883
7867,7892
7882,7883
7883,7892
7883,7896
7883,7898
7883,7899
7892,7896
7896,7898
7896,7899
7898,7899
7898,7905
7899,7905
7899,7906
7899,7910
7905,7906
7905,7910
7905,7913
7906,7910
7906,7913
7906,7915
7906,7923
7906,7926
7910,7913
7913,7915
7913,7923
7913,7926
7913,7934
7915,7923
7915,7926
7915,7934
7915,7938
7923,7926
7926,7934
7926,7938
7926,7944
7934,7938
7938,7944
7938,7945
7938,7946
7944,7945
7945,7946
7945,7947
7946,7947
7947,7951
7947,7953
7951,7953
7951,7962
7953,7962
7962,7964
7964,7965
7964,7978
7965,7978
7978,7991
7978,7992
7978,7997
7991,7992
7992,7997
7992,8001
7992,8014
7997,8001
8001,8014
8001,8015
8001,8018
8001,8023
8001,8025
8014,8015
8014,8018
8014,8023
8014,8025
8014,8029
8014,8037
8015,8018
8015,8023
8018,8023
8023,8025
8023,8029
8025,8029
8029,8037
8037,8038
8037,8042
8037,8047
8038,8042
8042,8047
8047,8048
8048,8050
8050,8053
8050,8060
8053,8060
8060,8062
8062,8064
8062,8066
8064,8066
8064,8067
8064,8073
8066,8067
8067,8073
8073,8074
8074,8083
8083,8088
8088,8096
8096,8101
8101,8105
8101,8109
8101,8111
8105,8109
8109,8111
8109,8117
8109,8118
8111,8117
8117,8118
8118,8120
8118,8124
8120,8124
8120,8126
8120,8128
8120,8130
8120,8133
8120,8135
8124,8126
8126,8128
8128,8130
8128,8133
8128,8135
8130,8133
8130,8135
8133,8135
8135,8139
8135,8144
8135,8147
8135,8149
8139,8144
8144,8147
8144,8149
8144,8162
8147,8149
8149,8162
8149,8167
8149,8170
8149,8175
8149,8199
8149,8201
8162,8167
8167,8170
8170,8175
8170,8199
8170,8201
8170,8203
8170,8207
8170,8211
8175,8199
8199,8201
8199,8203
8199,8207
8199,8211
8201,8203
8201,8207
8201,8211
8201,8213
8203,8207
8207,8211
8211,8213
8213,8221
8221,8226
8226,8229
8226,8231
8229,8231
8229,8233
8231,8233
8231,8235
8231,8238
8233,8235
8235,8238
8235,8239
8238,8239
8239,8243
8243,8249
8249,8251
8249,8255
8249,8270
8249,8282
8251,8255
8251,8270
8255,8270
8255,8282
8255,8284
8255,8285
8270,8282
8270,8284
8270,8285
8270,8289
8282,8284
8284,8285
8284,8289
8285,8289
8285,8300
8285,8305
8285,8306
8289,8300
8289,8305
8300,8305
8300,8306
8305,8306
8306,8308
8308,8310
8308,8315
8308,8317
8310,8315
8310,8317
8310,8319
8315,8317
8317,8319
8317,8325
8317,8329
8319,8325
8319,8329
8325,8329
8329,8337
8329,8339
8337,8339
8339,8343
8339,8349
8343,8349
8343,8351
8343,8353
8349,8351
8349,8353
8349,8354
8349,8360
8351,8353
8351,8354
8351,8360
8351,8363
8351,8364
8353,8354
8353,8360
8353,8363
8354,8360
8354,8363
8354,8364
8354,8366
8360,8363
8360,8364
8363,8364
8363,8366
8364,8366
8364,8370
8366,8370
8370,8379
8379,8385
8385,8390
8385,8396
8385,8397
8385,8399
8385,8406
8390,8396
8396,8397
8397,8399
8397,8406
8397,8409
8399,8406
8406,8409
8406,8412
8406,8420
8409,8412
8409,8420
8409,8425
8409,8429
8412,8420
8412,8425
8412,8429
8412,8431
8412,8436
8420,8425
8425,8429
8429,8431
8429,8436
8429,8438
8429,8439
8431,8436
8431,8438
8436,8438
8438,8439
8439,8440
8440,8444
8444,8448
8444,8458
8448,8458
8458,8468
8468,8472
8472,8475
8472,8488
8475,8488
8488,8493
8488,8500
8488,8514
8493,8500
8493,8514
8493,8516
8493,8522
8500,8514
8500,8516
8514,8516
8514,8522
8516,8522
8522,8526
8522,8530
8522,8546
8522,8561
8522,8562
8522,8564
8522,8568
8526,8530
8526,8546
8530,8546
8546,8561
8561,8562
8561,8564
8561,8568
8562,8564
8564,8568
8568,8573
8573,8578
8578,8582
8578,8591
8582,8591
8591,8592
8591,8597
8591,8605
8591,8615
8591,8616
8592,8597
8592,8605
8592,8615
8597,8605
8597,8615
8605,8615
8605,8616
8605,8617
8615,8616
8615,8617
8616,8617
8616,8620
8617,8620
8617,8628
8617,8629
8617,8633
8617,8636
8617,8643
8620,8628
8620,8629
8628,8629
8628,8633
8628,8636
8629,8633
8633,8636
8633,8643
8633,8644
8633,8645
8633,8646
8636,8643
8643,8644
8644,8645
8645,8646
8646,8648
8648,8652
8648,8660
8648,8664
8652,8660
8660,8664
8664,8667
8664,8668
8664,8681
8667,8668
8668,8681
8668,8686
8668,8688
8681,8686
8686,8688
8686,8691
8686,8694
8688,8691
8688,8694
8688,8700
8691,8694
8694,8700
8700,8701
8701,8704
8704,8706
8706,8708
8708,8719
8708,8721
8708,8723
8708,8725
8719,8721
8719,8723
8721,8723
8721,8725
8723,8725
8723,8727
8723,8730
8725,8727
8727,8730
8730,8733
8733,8736
8733,8738
8733,8754
8736,8738
8736,8754
8736,8755
8738,8754
8754,8755
8754,8758
8754,8759
8755,8758
8758,8759
8759,8764
8764,8768
8764,8777
8764,8783
8764,8787
8768,8777
8777,8783
8777,8787
8777,8791
8777,8793
8777,8794
8783,8787
8783,8791
8787,8791
8787,8793
8787,8794
8791,8793
8793,8794
8794,8796
8796,8799
8796,8800
8799,8800
8799,8818
8800,8818
8800,8834
8800,8845
8800,8849
8818,8834
8818,8845
8818,8849
8834,8845
8845,8849
8845,8860
8849,8860
8860,8864
8864,8868
8868,8869
8868,8874
8869,8874
8874,8881
8874,8886
8874,8893
8881,8886
8881,8893
8881,8896
8886,8893
8893,8896
8896,8897
8897,8898
8898,8899
8898,8900
8898,8913
8899,8900
8900,8913
8913,8915
8913,8921
8913,8922
8915,8921
8921,8922
8922,8925
8922,8927
8922,8929
8925,8927
8925,8929
8925,8939
8925,8940
8927,8929
8929,8939
8929,8940
8939,8940
8940,8943
8940,8945
8940,8948
8940,8957
8943,8945
8945,8948
8948,8957
8957,8958
8958,8962
8962,8969
8962,8972
8962,8980
8969,8972
8969,8980
8969,8985
8969,8998
8972,8980
8972,8985
8972,8998
8980,8985
8985,8998
8998,9007
9007,9010
9007,9019
9007,9023
9007,9025
9007,9028
9010,9019
9019,9023
9019,9025
9019,9028
9023,9025
9025,9028
9025,9037
9028,9037
9028,9043
9028,9047
9037,9043
9043,9047
9047,9049
9049,9053
9049,9054
9049,9055
9049,9056
9053,9054
9053,9055
9053,9056
9053,9060
9053,9072
9054,9055
9055,9056
9056,9060
9056,9072
9056,9076
9056,9080
9056,9096
9060,9072
9060,9076
9072,9076
9076,9080
9080,9096
9080,9112
9080,9116
9080,9118
9096,9112
9096,9116
9096,9118
9112,9116
9112,9118
9116,9118
9118,9120
9120,9124
9124,9125
9124,9127
9125,9127
9125,9129
9125,9134
9125,9145
9127,9129
9129,9134
9134,9145
9134,9147
9134,9149
9145,9147
9147,9149
9147,9151
9149,9151
9149,9152
9149,9154
9151,9152
9151,9154
9151,9158
9152,9154
9154,9158
9154,9163
9154,9164
9154,9166
9154,9167
9158,9163
9158,9164
9158,9166
9158,9167
9158,9177
9163,9164
9163,9166
9163,9167
9163,9177
9163,9179
9164,9166
9166,9167
9167,9177
9177,9179
9179,9181
9179,9182
9181,9182
9182,9189
9189,9190
9190,9196
9196,9200
9196,9213
9196,9215
9196,9222
9196,9225
9200,9213
9200,9215
9213,9215
9215,9222
9222,9225
9222,9237
9222,9238
9225,9237
9237,9238
9238,9240
9238,9242
9238,9246
9240,9242
9240,9246
9240,9257
9240,9260
9242,9246
9246,9257
9257,9260
9257,9264
9260,9264
9260,9275
9260,9281
9264,9275
9275,9281
9281,9286
9286,9290
9290,9295
9290,9307
9290,9314
9290,9319
9295,9307
9295,9314
9295,9319
9295,9325
9307,9314
9307,9319
9307,9325
9307,9326
9314,9319
9319,9325
9325,9326
9325,9327
9326,9327
9326,9335
9326,9338
9327,9335
9327,9338
9327,9339
9327,9341
9335,9338
9335,9339
9335,9341
9335,9359
9338,9339
9338,9341
9338,9359
9338,9361
9338,9365
9339,9341
9341,9359
9359,9361
9361,9365
9365,9368
9365,9378
9365,9383
9365,9385
9365,9388
9368,9378
9368,9383
9368,9385
9368,9388
9368,9392
9378,9383
9383,9385
9385,9388
9385,9392
9388,9392
9388,9400
9392,9400
9400,9402
9400,9403
9402,9403
9402,9407
9402,9408
9402,9413
9403,9407
9407,9408
9407,9413
9408,9413
9408,9415
9408,9417
9413,9415
9415,9417
9417,9419
9419,9429
9429,9431
9429,9433
9429,9448
9429,9459
9431,9433
9431,9448
9431,9459
9431,9471
9431,9472
9433,9448
9433,9459
9433,9471
9433,9472
9433,9490
9448,9459
9459,9471
9459,9472
9459,9490
9459,9493
9471,9472
9471,9490
9471,9493
9471,9494
9471,9504
9472,9490
9490,9493
9490,9494
9493,9494
9493,9504
9494,9504
9494,9510
9504,9510
9510,9511
9511,9522
9511,9523
9511,9526
9522,9523
9522,9526
9523,9526
9523,9538
9526,9538
9526,9541
9526,9544
9526,9557
9526,9558
9526,9563
9538,9541
9538,9544
9538,9557
9541,9544
9541,9557
9541,9558
9541,9563
9544,9557
9544,9558
9557,9558
9557,9563
9557,9573
9558,9563
9558,9573
9563,9573
9573,9579
9573,9584
9573,9587
9579,9584
9584,9587
9587,9604
9587,9610
9587,9614
9587,9615
9587,9617
9604,9610
9604,9614
9610,9614
9614,9615
9614,9617
9614,9620
9615,9617
9617,9620
9620,9626
9620,9631
9626,9631
9626,9639
9626,9642
9631,9639
9631,9642
9639,9642
9642,9646
9642,9656
9642,9657
9642,9666
9646,9656
9656,9657
9657,9666
9666,9668
9668,9677
9677,9679
9679,9687
9687,9695
9687,9696
9687,9697
9687,9701
9695,9696
9696,9697
9696,9701
9697,9701
9701,9704
9704,9707
9707,9708
9708,9720
9708,9733
9720,9733
9733,9740
9733,9760
9740,9760
9740,9771
9760,9771
9760,9773
9760,9774
9760,9775
9760,9777
9760,9780
9771,9773
9773,9774
9774,9775
9774,9777
9774,9780
9775,9777
9775,9780
9775,9781
9777,9780
9777,9781
9780,9781
9781,9783
9781,9786
9781,9787
9781,9790
9781,9793
9781,9805
9783,9786
9786,9787
9787,9790
9790,9793
9790,9805
9790,9807
9790,9810
9793,9805
9793,9807
9805,9807
9805,9810
9807,9810
9810,9811
9810,9821
9811,9821
9811,9825
9811,9826
9811,9827
9811,9837
9821,9825
9821,9826
9821,9827
9825,9826
9826,9827
9827,9837
9827,9838
9837,9838
9837,9839
9838,9839
9839,9840
9840,9842
9842,9850
9850,9853
9850,9855
9850,9858
9850,9861
9853,9855
9855,9858
9858,9861
9858,9877
9858,9878
9861,9877
9877,9878
9877,9884
9877,9885
9878,9884
9884,9885
9885,9887
9887,9892
9887,9897
9887,9904
9887,9907
9887,9920
9892,9897
9897,9904
9897,9907
9897,9920
9904,9907
9904,9920
9904,9922
9904,9924
9904,9927
9907,9920
9920,9922
9920,9924
9922,9924
9924,9927
9924,9930
9927,9930
9930,9937
9930,9938
9930,9945
9930,9951
9937,9938
9937,9945
9937,9951
9937,9964
9937,9968
9937,9976
9938,9945
9945,9951
9945,9964
9945,9968
9945,9976
9951,9964
9964,9968
9968,9976
9968,9978
9968,9982
9976,9978
9978,9982
9978,9991
9978,10002
9982,9991
9982,10002
9982,10005
9982,10007
9991,10002
9991,10005
10002,10005
10005,10007
10007,10011
10011,10014
10011,10016
10011,10036
10011,10039
10014,10016
10014,10036
10014,10039
10014,10040
10014,10056
10016,10036
10036,10039
10039,10040
10039,10056
10039,10058
10040,10056
10040,10058
10040,10063
10040,10067
10040,10070
10040,10072
10040,10082
10040,10084
10040,10103
10056,10058
10058,10063
10058,10067
10058,10070
10058,10072
10058,10082
10063,10067
10063,10070
10063,10072
10063,10082
10067,10070
10067,10072
10067,10082
10067,10084
10070,10072
10072,10082
10082,10084
10082,10103
10082,10104
10084,10103
10084,10104
10103,10104
10103,10108
10103,10110
10103,10111
10104,10108
10108,10110
10108,10111
10108,10112
10110,10111
10110,10112
10110,10113
10111,10112
10111,10113
10112,10113
10113,10117
10117,10122
10122,10128
10122,10131
10122,10135
10122,10138
10122,10139
10128,10131
10131,10135
10135,10138
10135,10139
10135,10148
10138,10139
10138,10148
10138,10151
10138,10152
10138,10153
10139,10148
10148,10151
10151,10152
10151,10153
10151,10156
10151,10162
10151,10168
10151,10169
10152,10153
10153,10156
10153,10162
10153,10168
10153,10169
10156,10162
10162,10168
10162,10169
10162,10170
10168,10169
10168,10170
10169,10170
10170,10182
10182,10186
10186,10188
10188,10189
10188,10193
10189,10193
10189,10194
10189,10204
10193,10194
10193,10204
10193,10205
10194,10204
10204,10205
10205,10210
10210,10223
10223,10233
10233,10246
10233,10247
10233,10259
10233,10261
10233,10273
10246,10247
10247,10259
10247,10261
10259,10261
10261,10273
10261,10274
10261,10293
10273,10274
10274,10293
10274,10300
10274,10304
10274,10307
10274,10311
10274,10315
10274,10316
10293,10300
10300,10304
10300,10307
10304,10307
10307,10311
10311,10315
10311,10316
10311,10320
10311,10331
10311,10333
10311,10351
10315,10316
10315,10320
10316,10320
10320,10331
10331,10333
10333,10351
10351,10352
10351,10354
10352,10354
10352,10365
10354,10365
10354,10380
10365,10380
10365,10386
10365,10388
10380,10386
10380,10388
10380,10392
10386,10388
10388,10392
10388,10394
10392,10394
10394,10397
10394,10398
10397,10398
10398,10416
10416,10417
10416,10422
10417,10422
10417,10426
10417,10428
10417,10432
10422,10426
10422,10428
10426,10428
10426,10432
10428,10432
10428,10439
10428,10441
10428,10443
10432,10439
10439,10441
10441,10443
10443,10444
10444,10448
10444,10451
10448,10451
10448,10453
10451,10453
10453,10454
10453,10459
10453,10461
10453,10462
10454,10459
10459,10461
10461,10462
10461,10467
10461,10469
10462,10467
10462,10469
10462,10470
10462,10471
10467,10469
10469,10470
10469,10471
10470,10471
10471,10478
10478,10480
10480,10483
10480,10496
10480,10497
10480,10505
10480,10509
10483,10496
10496,10497
10497,10505
10505,10509
10509,10513
10509,10516
10513,10516
10516,10519
10516,10527
10516,10532
10519,10527
10527,10532
10527,10537
10532,10537
10532,10539
10532,10542
10532,10543
10537,10539
10539,10542
10542,10543
10543,10553
10543,10554
10543,10557
10553,10554
10554,10557
10557,10565
10557,10570
10557,10573
10565,10570
10565,10573
10565,10575
10565,10586
10570,10573
10570,10575
10570,10586
10573,10575
10575,10586
10586,10591
10591,10593
10591,10608
10591,10609
10593,10608
10608,10609
10608,10611
10609,10611
10609,10616
10609,10619
10609,10625
10609,10634
10611,10616
10616,10619
10619,10625
10619,10634
10625,10634
10634,10637
10637,10639
10639,10650
10650,10657
10650,10661
10650,10666
10657,10661
10661,10666
10661,10676
10661,10678
10661,10681
10661,10684
10666,10676
10676,10678
10678,10681
10678,10684
10678,10691
10681,10684
10681,10691
10684,10691
10684,10694
10684,10699
10691,10694
10691,10699
10694,10699
10699,10703
10699,10707
10703,10707
10703,10708
10703,10710
10703,10712
10707,10708
10708,10710
10710,10712
10710,10716
10710,10720
10710,10725
10712,10716
10712,10720
10716,10720
10720,10725
10725,10730
10725,10731
10725,10733
10730,10731
10730,10733
10730,10736
10730,10746
10730,10751
10731,10733
10733,10736
10733,10746
10736,10746
10746,10751
10751,10757
10757,10762
10762,10770
10762,10772
10770,10772
10770,10777
10772,10777
10772,10785
10772,10788
10772,10793
10772,10794
10772,10799
10777,10785
10777,10788
10785,10788
10788,10793
10788,10794
10793,10794
10793,10799
10793,10803
10794,10799
10799,10803
10799,10805
10799,10812
10799,10813
10799,10816
10799,10818
10799,10820
10803,10805
10803,10812
10805,10812
10812,10813
10813,10816
10816,10818
10816,10820
10816,10832
10816,10835
10816,10848
10816,10854
10816,10860
10818,10820
10818,10832
10818,10835
10820,10832
10820,10835
10820,10848
10820,10854
10820,10860
10820,10863
10820,10865
10832,10835
10832,10848
10832,10854
10832,10860
10835,10848
10835,10854
10848,10854
10848,10860
10848,10863
10854,10860
10854,10863
10854,10865
10860,10863
10863,10865
10865,10867
10865,10873
10865,10877
10865,10878
10867,10873
10867,10877
10867,10878
10873,10877
10877,10878
10878,10899
10878,10905
10878,10906
10899,10905
10905,10906
10906,10926
10926,10942
10926,10953
10926,10956
10926,10961
10926,10963
10942,10953
10953,10956
10953,10961
10953,10963
10953,10981
10953,10985
10956,10961
10961,10963
10961,10981
10963,10981
10963,10985
10963,10998
10981,10985
10981,10998
10985,10998
10998,10999
10998,11000
10998,11023
10999,11000
10999,11023
11000,11023
11023,11025
11023,11029
11023,11032
11023,11049
11023,11054
11023,11059
11023,11063
11025,11029
11029,11032
11032,11049
11032,11054
11049,11054
11054,11059
11054,11063
11059,11063
11063,11067
11063,11069
11067,11069
11069,11072
11069,11075
11072,11075
11075,11078
11078,11079
11079,11084
11084,11085
11084,11087
11084,11100
11085,11087
11087,11100
11087,11102
11087,11117
11100,11102
11102,11117
11117,11118
11117,11119
11117,11121
11117,11122
11117,11137
11118,11119
11119,11121
11121,11122
11121,11137
11122,11137
11137,11140
11137,11147
11140,11147
11140,11162
11147,11162
11162,11166
11166,11168
11168,11180
11180,11181
11181,11187
11181,11188
11181,11194
11181,11204
11187,11188
11188,11194
11188,11204
11188,11209
11188,11212
11188,11215
11194,11204
11204,11209
11204,11212
11209,11212
11212,11215
11212,11217
11212,11220
11215,11217
11217,11220
11220,11221
11221,11223
11223,11224
11224,11231
11224,11234
11231,11234
11231,11235
11234,11235
11234,11238
11235,11238
11238,11243
11238,11244
11238,11249
11243,11244
11243,11249
11244,11249
11244,11250
11249,11250
11249,11261
11250,11261
11261,11263
11261,11265
11261,11271
11263,11265
11265,11271
11271,11278
11271,11279
11278,11279
11278,11291
11278,11292
11279,11291
11279,11292
11279,11293
11291,11292
11292,11293
11293,11294
11293,11297
11294,11297
11297,11298
11298,11303
11298,11309
11298,11313
11303,11309
11309,11313
11309,11315
11309,11317
11309,11319
11313,11315
11315,11317
11317,11319
11319,11326
11326,11327
11326,11328
11327,11328
11327,11329
11328,11329
11328,11331
11328,11333
11329,11331
11331,11333
11333,11339
11333,11342
11333,11344
11339,11342
11339,11344
11339,11353
11342,11344
11342,11353
11344,11353
11344,11356
11344,11363
11353,11356
11353,11363
11356,11363
11363,11370
11363,11372
11370,11372
11370,11373
11370,11374
11372,11373
11372,11374
11372,11377
11373,11374
11373,11377
11373,11378
11373,11381
11373,11383
11374,11377
11374,11378
11377,11378
11378,11381
11381,11383
11381,11384
11383,11384
11383,11388
11383,11397
11383,11403
11383,11405
11384,11388
11384,11397
11388,11397
11397,11403
11403,11405
11405,11409
11405,11410
11409,11410
11409,11413
11409,11415
11410,11413
11413,11415
11415,11418
11415,11422
11415,11427
11415,11428
11418,11422
11422,11427
11427,11428
11428,11430
11430,11432
11432,11439
11432,11444
11439,11444
11444,11452
11444,11461
11444,11462
11444,11464
11444,11468
11452,11461
11452,11462
11461,11462
11461,11464
11461,11468
11462,11464
11464,11468
11464,11473
11464,11479
11464,11484
11464,11488
11464,11490
11464,11493
11468,11473
11468,11479
11473,11479
11479,11484
11484,11488
11488,11490
11488,11493
11490,11493
11490,11507
11490,11517
11490,11519
11490,11523
11493,11507
11493,11517
11493,11519
11507,11517
11507,11519
11517,11519
11517,11523
11519,11523
11519,11535
11519,11541
11523,11535
11535,11541
11535,11543
11535,11548
11535,11559
11535,11573
11541,11543
11543,11548
11548,11559
11559,11573
11573,11579
11579,11581
11579,11591
11581,11591
11581,11599
11591,11599
11599,11603
11603,11604
11604,11606
11606,11607
11606,11612
11607,11612
11607,11616
11607,11619
11612,11616
11612,11619
11616,11619
11616,11623
11616,11624
11619,11623
11623,11624
11623,11626
11623,11629
11623,11630
11624,11626
11624,11629
11626,11629
11629,11630
11629,11633
11629,11634
11629,11635
11630,11633
11633,11634
11634,11635
11635,11640
11635,11647
11640,11647
11640,11651
11640,11657
11647,11651
11647,11657
11647,11658
11647,11660
11651,11657
11657,11658
11657,11660
11658,11660
11658,11662
11658,11672
11660,11662
11660,11672
11662,11672
11662,11677
11662,11680
11662,11686
11662,11698
11672,11677
11672,11680
11677,11680
11680,11686
11680,11698
11686,11698
11698,11700
11700,11704
11700,11705
11704,11705
11704,11706
11705,11706
11706,11707
11707,11712
11712,11715
11715,11732
11732,11736
11736,11753
11753,11755
11755,11757
11755,11761
11757,11761
11757,11762
11757,11763
11761,11762
11761,11763
11761,11769
11761,11770
11761,11776
11761,11778
11762,11763
11762,11769
11763,11769
11769,11770
11769,11776
11769,11778
11769,11784
11770,11776
11776,11778
11778,11784
11784,11789
11789,11790
11790,11791
11791,11794
11794,11799
11799,11807
11799,11811
11799,11813
11807,11811
11811,11813
11813,11814
11814,11816
11814,11817
11814,11821
11814,11822
11814,11824
11816,11817
11816,11821
11816,11822
11816,11824
11816,11826
11816,11828
11817,11821
11817,11822
11821,11822
11822,11824
11824,11826
11824,11828
11826,11828
11828,11833
11833,11835
11833,11837
11835,11837
11835,11840
11837,11840
11840,11861
11861,11868
11868,11876
11868,11885
11868,11889
11868,11895
11868,11900
11876,11885
11885,11889
11885,11895
11889,11895
11889,11900
11889,11902
11895,11900
11895,11902
11900,11902
11902,11908
11908,11912
11908,11915
11908,11916
11912,11915
11912,11916
11912,11920
11912,11924
11915,11916
11915,11920
11915,11924
11915,11926
11915,11930
11916,11920
11920,11924
11920,11926
11924,11926
11926,11930
11930,11943
11930,11945
11930,11948
11930,11949
11943,11945
11945,11948
11948,11949
11948,11951
11949,11951
11951,11954
11954,11955
11954,11965
11954,11968
11954,11970
11955,11965
11955,11968
11965,11968
11968,11970
11968,11973
11968,11992
11970,11973
11973,11992
11992,12001
11992,12005
11992,12009
12001,12005
12001,12009
12005,12009
12009,12010
12010,12013
12013,12019
12013,12034
12019,12034
12019,12037
12034,12037
12037,12043
12043,12044
12044,12052
12052,12057
12052,12072
12052,12077
12052,12078
12057,12072
12072,12077
12072,12078
12072,12079
12077,12078
12077,12079
12077,12088
12078,12079
12079,12088
12079,12089
12088,12089
12088,12090
12088,12091
12088,12092
12089,12090
12089,12091
12090,12091
12091,12092
12091,12096
12091,12100
12092,12096
12092,12100
12096,12100
12100,12102
12102,12105
12105,12113
12105,12116
12113,12116
12113,12117
12113,12128
12116,12117
12117,12128
12128,12132
12132,12133
12133,12140
12133,12141
12140,12141
12141,12142
12142,12145
12145,12147
12147,12148
12147,12149
12148,12149
12148,12151
12148,12154
12148,12155
12149,12151
12151,12154
12151,12155
12151,12160
12154,12155
12154,12160
12155,12160
12155,12173
12160,12173
12160,12174
12173,12174
12173,12178
12173,12189
12174,12178
12178,12189
12178,12192
12178,12194
12178,12197
12189,12192
12192,12194
12192,12197
12192,12198
12194,12197
12194,12198
12197,12198
12198,12200
12198,12202
12200,12202
12202,12206
12206,12210
12206,12216
12210,12216
12210,12219
12216,12219
12216,12222
12219,12222
12219,12225
12219,12226
12222,12225
12225,12226
12225,12255
12225,12256
12225,12261
12226,12255
12226,12256
12226,12261
12255,12256
12255,12261
12255,12269
12256,12261
12261,12269
12269,12279
12279,12280
12279,12285
12280,12285
12280,12288
12280,12302
12285,12288
12285,12302
12285,12311
12285,12313
12285,12314
12288,12302
12288,12311
12288,12313
12288,12314
12302,12311
12302,12313
12311,12313
12313,12314
12313,12316
12314,12316
12314,12319
12314,12324
12316,12319
12319,12324
12324,12333
12333,12339
12333,12341
12333,12342
12339,12341
12339,12342
12341,12342
12341,12348
12341,12350
12341,12352
12342,12348
12348,12350
12350,12352
12352,12353
12353,12355
12353,12366
12353,12369
12353,12374
12353,12377
12353,12378
12355,12366
12355,12369
12355,12374
12355,12377
12355,12378
12366,12369
12366,12374
12366,12377
12369,12374
12369,12377
12374,12377
12374,12378
12374,12380
12374,12381
12377,12378
12377,12380
12377,12381
12377,12389
12378,12380
12378,12381
12378,12389
12378,12398
12378,12410
12380,12381
12380,12389
12380,12398
12381,12389
12381,12398
12389,12398
12398,12410
12398,12412
12398,12417
12410,12412
12410,12417
12410,12420
12412,12417
12412,12420
12417,12420
12417,12427
12417,12430
12420,12427
12427,12430
12430,12432
12430,12433
12432,12433
12432,12437
12432,12451
12433,12437
12437,12451
12451,12452
12451,12465
12451,12468
12452,12465
12452,12468
12465,12468
12465,12471
12465,12480
12468,12471
12471,12480
12480,12483
12483,12488
12488,12489
12489,12490
12490,12491
12490,12493
12490,12503
12491,12493
12493,12503
12503,12513
12513,12514
12513,12515
12513,12532
12513,12535
12514,12515
12515,12532
12515,12535
12515,12549
12532,12535
12532,12549
12535,12549
12549,12555
12555,12558
12558,12559
12559,12563
12563,12573
12563,12575
12563,12581
12563,12589
12573,12575
12573,12581
12575,12581
12575,12589
12575,12592
12581,12589
12589,12592
12592,12598
12592,12615
12598,12615
12615,12616
12615,12617
12615,12626
12615,12631
12616,12617
12617,12626
12617,12631
12617,12639
12626,12631
12626,12639
12626,12641
12626,12646
12631,12639
12639,12641
12639,12646
12639,12649
12639,12654
12641,12646
12641,12649
12641,12654
12646,12649
12646,12654
12646,12664
12649,12654
12654,12664
12654,12666
12654,12671
12654,12672
12664,12666
12666,12671
12666,12672
12671,12672
12672,12680
12680,12687
12687,12688
12687,12690
12687,12693
12687,12694
12687,12695
12688,12690
12688,12693
12690,12693
12690,12694
12693,12694
12694,12695
12694,12696
12694,12699
12695,12696
12696,12699
12699,12710
12710,12711
12711,12717
12711,12718
12711,12721
12717,12718
12718,12721
12721,12726
12721,12727
12721,12734
12721,12736
12726,12727
12727,12734
12734,12736
12734,12737
12734,12742
12736,12737
12736,12742
12736,12761
12736,12766
12737,12742
12737,12761
12742,12761
12742,12766
12742,12775
12742,12778
12761,12766
12766,12775
12766,12778
12766,12780
12775,12778
12778,12780
12780,12787
12780,12790
12780,12795
12780,12797
12787,12790
12787,12795
12790,12795
12795,12797
12797,12805
12805,12807
12805,12808
12805,12809
12805,12811
12807,12808
12808,12809
12809,12811
12809,12832
12809,12835
12809,12837
12811,12832
12832,12835
12835,12837
12835,12840
12837,12840
12840,12848
12840,12867
12840,12870
12848,12867
12867,12870
12867,12872
12867,12873
12867,12876
12870,12872
12872,12873
12872,12876
12872,12877
12872,12878
12873,12876
12876,12877
12876,12878
12876,12880
12876,12882
12877,12878
12877,12880
12877,12882
12877,12885
12878,12880
12880,12882
12880,12885
12880,12886
12882,12885
12885,12886
12886,12892
12892,12893
12893,12915
12915,12916
12915,12917
12915,12923
12916,12917
12916,12923
12917,12923
12917,12925
12923,12925
12925,12930
12930,12933
12930,12935
12933,12935
12933,12943
12933,12955
12933,12961
12933,12967
12935,12943
12943,12955
12943,12961
12943,12967
12955,12961
12961,12967
12961,12973
12961,12974
12967,12973
12973,12974
12973,12975
12973,12981
12973,12983
12974,12975
12975,12981
12975,12983
12981,12983
12981,12986
12981,12988
12983,12986
12986,12988
12988,12994
12988,13001
12988,13008
12994,13001
13001,13008
13001,13013
13001,13014
13001,13016
13001,13017
13008,13013
13008,13014
13008,13016
13008,13017
13013,13014
13014,13016
13016,13017
13016,13018
13016,13022
13017,13018
13017,13022
13017,13027
13018,13022
13022,13027
13022,13030
13027,13030
13030,13033
13030,13034
13030,13038
13030,13039
13033,13034
13034,13038
13034,13039
13034,13040
13034,13041
13038,13039
13038,13040
13038,13041
13038,13044
13039,13040
13040,13041
13041,13044
13041,13051
13044,13051
13051,13056
13056,13061
13061,13063
13063,13064
13064,13079
13079,13092
13079,13112
13079,13124
13079,13137
13092,13112
13092,13124
13092,13137
13112,13124
13124,13137
13137,13144
13137,13151
13144,13151
13151,13155
13155,13156
13155,13160
13156,13160
13160,13166
13166,13167
13167,13168
13167,13169
13167,13176
13167,13184
13168,13169
13169,13176
13169,13184
13169,13186
13169,13187
13176,13184
13176,13186
13176,13187
13176,13190
13176,13194
13184,13186
13186,13187
13186,13190
13187,13190
13187,13194
13187,13197
13187,13200
13187,13204
13190,13194
13190,13197
13190,13200
13194,13197
13194,13200
13197,13200
13200,13204
13204,13208
13208,13211
13211,13216
13211,13220
13211,13227
13216,13220
13220,13227
13220,13235
13227,13235
13235,13266
13266,13270
13270,13273
13270,13280
13270,13282
13270,13287
13270,13290
13273,13280
13280,13282
13282,13287
13282,13290
13282,13297
13287,13290
13287,13297
13290,13297
13297,13301
13301,13310
13310,13313
13313,13315
13313,13320
13313,13323
13313,13325
13313,13328
13315,13320
13320,13323
13320,13325
13323,13325
13325,13328
13328,13333
13333,13338
13333,13346
13338,13346
13338,13347
13338,13348
13346,13347
13346,13348
13346,13358
13346,13361
13347,13348
13348,13358
13358,13361
13361,13362
13362,13365
13365,13371
13371,13377
13377,13378
13378,13381
13381,13382
13382,13383
13383,13385
13385,13388
13385,13396
13385,13399
13385,13402
13385,13412
13388,13396
13388,13399
13396,13399
13399,13402
13402,13412
13412,13426
13426,13434
13434,13439
13434,13441
13434,13443
13434,13445
13434,13448
13434,13459
13439,13441
13441,13443
13441,13445
13443,13445
13445,13448
13448,13459
13448,13460
13448,13465
13459,13460
13460,13465
13460,13467
13460,13476
13460,13479
13460,13482
13460,13484
13460,13486
13465,13467
13467,13476
13467,13479
13467,13482
13476,13479
13476,13482
13476,13484
13479,13482
13479,13484
13479,13486
13482,13484
13482,13486
13484,13486
13486,13496
13496,13523
13496,13529
13496,13530
13496,13531
13523,13529
13523,13530
13523,13531
13529,13530
13529,13531
13529,13533
13529,13535
13530,13531
13530,13533
13530,13535
13530,13536
13531,13533
13533,13535
13535,13536
13536,13537
13537,13540
13540,13543
13543,13544
13543,13548
13543,13553
13543,13556
13544,13548
13548,13553
13548,13556
13553,13556
13556,13557
13556,13561
13556,13570
13557,13561
13557,13570
13557,13571
13561,13570
13561,13571
13561,13576
13561,13581
13570,13571
13570,13576
13570,13581
13571,13576
13571,13581
13571,13583
13576,13581
13581,13583
13581,13598
13581,13599
13583,13598
13598,13599
13598,13603
13599,13603
13599,13605
13599,13609
13603,13605
13605,13609
13605,13613
13605,13615
13609,13613
13613,13615
13615,13617
13615,13621
13615,13626
13617,13621
13621,13626
13621,13630
13626,13630
13626,13636
13626,13655
13630,13636
13630,13655
13630,13656
13636,13655
13636,13656
13636,13658
13655,13656
13656,13658
13656,13681
13658,13681
13658,13683
13681,13683
13681,13686
13681,13689
13681,13691
13681,13695
13683,13686
13683,13689
13683,13691
13686,13689
13686,13691
13689,13691
13691,13695
13691,13696
13691,13700
13691,13703
13695,13696
13695,13700
13695,13703
13695,13704
13696,13700
13700,13703
13703,13704
13704,13708
13704,13709
13704,13714
13704,13734
13704,13737
13704,13742
13708,13709
13709,13714
13709,13734
13709,13737
13714,13734
13714,13737
13734,13737
13737,13742
13742,13749
13742,13759
13742,13760
13742,13771
13749,13759
13759,13760
13760,13771
13771,13776
13776,13789
13776,13794
13776,13795
13789,13794
13794,13795
13794,13797
13795,13797
13797,13799
13799,13801
13801,13802
13802,13804
13802,13805
13802,13806
13804,13805
13805,13806
13806,13807
13807,13813
13813,13815
13815,13821
13821,13825
13821,13826
13825,13826
13825,13831
13826,13831
13826,13836
13831,13836
13836,13848
13836,13850
13836,13859
13836,13863
13848,13850
13850,13859
13859,13863
13863,13871
13863,13877
13871,13877
13871,13884
13871,13887
13871,13888
13877,13884
13877,13887
13877,13888
13884,13887
13887,13888
13887,13893
13888,13893
13893,13894
13894,13896
13896,13898
13896,13903
13898,13903
13898,13907
13898,13910
13898,13913
13903,13907
13907,13910
13907,13913
13907,13914
13910,13913
13910,13914
13913,13914
13914,13916
13916,13928
13916,13929
13928,13929
13928,13933
13929,13933
13933,13942
13933,13944
13933,13949
13942,13944
13942,13949
13944,13949
13949,13958
13958,13964
13958,13974
13964,13974
13964,13982
13974,13982
13982,13986
13982,13991
13982,13994
13982,13995
13986,13991
13986,13994
13991,13994
13991,13995
13991,14007
13994,13995
13994,14007
13995,14007
14007,14008
14007,14010
14007,14011
14008,14010
14010,14011
14011,14015
14015,14019
14015,14023
14015,14028
14019,14023
14019,14028
14023,14028
14028,14035
14035,14036
14036,14048
14048,14051
14048,14059
14048,14060
14051,14059
14059,14060
14060,14061
14061,14070
14061,14074
14070,14074
14070,14077
14074,14077
14074,14079
14074,14088
14074,14089
14074,14094
14077,14079
14079,14088
14079,14089
14079,14094
14079,14098
14088,14089
14089,14094
14094,14098
14094,14099
14098,14099
14098,14105
14098,14108
14098,14117
14099,14105
14099,14108
14105,14108
14105,14117
14105,14125
14108,14117
14117,14125
14117,14138
14117,14142
14117,14145
14125,14138
14138,14142
14138,14145
14138,14147
14138,14154
14138,14159
14142,14145
14142,14147
14142,14154
14145,14147
14147,14154
14147,14159
14147,14161
14147,14163
14147,14166
14154,14159
14154,14161
14159,14161
14161,14163
14161,14166
14161,14169
14161,14170
14163,14166
14163,14169
14163,14170
14166,14169
14169,14170
14170,14181
14170,14182
14170,14190
14170,14192
14181,14182
14182,14190
14190,14192
14192,14195
14195,14198
14195,14202
14198,14202
14202,14206
14206,14216
14216,14220
14216,14221
14220,14221
14220,14229
14221,14229
14229,14233
14229,14241
14233,14241
14233,14245
14233,14246
14233,14247
14241,14245
14245,14246
14245,14247
14246,14247
14247,14259
14247,14263
14259,14263
14263,14264
14264,14266
14266,14267
14266,14269
14266,14270
14267,14269
14269,14270
14269,14278
14269,14279
14269,14280
14270,14278
14270,14279
14270,14280
14278,14279
14278,14280
14278,14283
14278,14287
14279,14280
14279,14283
14279,14287
14280,14283
14283,14287
14287,14289
14289,14290
14290,14291
14291,14292
14291,14295
14291,14296
14291,14297
14291,14306
14292,14295
14295,14296
14295,14297
14295,14306
14295,14310
14295,14311
14295,14314
14295,14319
14296,14297
14296,14306
14296,14310
14297,14306
14297,14310
14297,14311
14297,14314
14306,14310
14306,14311
14306,14314
14306,14319
14310,14311
14310,14314
14310,14319
14311,14314
14314,14319
14314,14328
14314,14333
14314,14338
14314,14343
14314,14350
14319,14328
14319,14333
14319,14338
14328,14333
14333,14338
14338,14343
14343,14350
14343,14351
14343,14352
14350,14351
14351,14352
14352,14359
14352,14367
14352,14370
14359,14367
14367,14370
14370,14373
14370,14376
14373,14376
14373,14377
14373,14383
14376,14377
14377,14383
14383,14392
14392,14396
14392,14411
14392,14416
14392,14417
14396,14411
14396,14416
14396,14417
14411,14416
14416,14417
14417,14422
14417,14428
14422,14428
14428,14436
14436,14437
14437,14440
14437,14441
14437,14445
14440,14441
14440,14445
14440,14456
14441,14445
14445,14456
14456,14465
14456,14470
14456,14476
14465,14470
14465,14476
14465,14480
14465,14482
14470,14476
14470,14480
14470,14482
14470,14492
14476,14480
14480,14482
14482,14492
14492,14500
14500,14510
14500,14512
14510,14512
14512,14514
14514,14518
14518,14523
14518,14524
14523,14524
14524,14529
14529,14533
14533,14539
14539,14540
14539,14544
14540,14544
14540,14550
14544,14550
14550,14553
14550,14554
14550,14555
14553,14554
14553,14555
14554,14555
14554,14557
14555,14557
14555,14572
14557,14572
14557,14577
14557,14582
14572,14577
14572,14582
14577,14582
14582,14588
14582,14589
14588,14589
14589,14590
14590,14592
14592,14599
14599,14603
14603,14604
14604,14605
14604,14607
14604,14618
14605,14607
14607,14618
14618,14619
14618,14623
14619,14623
14623,14629
14623,14632
14629,14632
14632,14638
14632,14639
14632,14642
14638,14639
14638,14642
14638,14651
14638,14654
14639,14642
14642,14651
14651,14654
14651,14659
14651,14661
14651,14662
14651,14665
14651,14672
14654,14659
14654,14661
14659,14661
14661,14662
14662,14665
14665,14672
14672,14673
14672,14677
14673,14677
14673,14678
14673,14686
14673,14689
14673,14695
14673,14699
14677,14678
14677,14686
14677,14689
14677,14695
14677,14699
14678,14686
14678,14689
14678,14695
14686,14689
14686,14695
14686,14699
14686,14702
14686,14705
14686,14708
14689,14695
14695,14699
14695,14702
14695,14705
14699,14702
14702,14705
14702,14708
14705,14708
14708,14712
14712,14717
14712,14719
14712,14722
14717,14719
14719,14722
14722,14725
14722,14726
14722,14727
14725,14726
14725,14727
14726,14727
14726,14730
14726,14739
14726,14741
14727,14730
14727,14739
14727,14741
14727,14742
14730,14739
14739,14741
14739,14742
14741,14742
14742,14745
14745,14752
14752,14756
14756,14771
14756,14772
14756,14777
14771,14772
14771,14777
14771,14779
14771,14780
14772,14777
14772,14779
14777,14779
14779,14780
14780,14785
14785,14789
14785,14790
14789,14790
14790,14793
14793,14812
14793,14816
14793,14821
14793,14823
14793,14830
14793,14833
14812,14816
14812,14821
14816,14821
14816,14823
14821,14823
14823,14830
14830,14833
14830,14835
14830,14836
14830,14837
14830,14840
14830,14843
14833,14835
14835,14836
14835,14837
14835,14840
14836,14837
14837,14840
14840,14843
14843,14844
14844,14847
14847,14852
14852,14865
14852,14866
14852,14867
14852,14871
14852,14891
14852,14897
14852,14898
14865,14866
14866,14867
14866,14871
14866,14891
14866,14897
14866,14898
14866,14900
14867,14871
14867,14891
14871,14891
14891,14897
14897,14898
14898,14900
14898,14902
14898,14904
14898,14906
14898,14908
14900,14902
14902,14904
14902,14906
14902,14908
14902,14920
14904,14906
14904,14908
14904,14920
14904,14921
14904,14926
14906,14908
14906,14920
14908,14920
14920,14921
14921,14926
14926,14936
14926,14939
14926,14951
14926,14961
14936,14939
14939,14951
14939,14961
14951,14961
14961,14967
14961,14969
14961,14970
14961,14980
14967,14969
14967,14970
14969,14970
14970,14980
14980,14984
14984,14991
14991,14993
14991,14996
14991,15000
14991,15011
14993,14996
14993,15000
14993,15011
14993,15016
14996,15000
14996,15011
15000,15011
15011,15016
15011,15019
15011,15020
15016,15019
15016,15020
15019,15020
15020,15025
15025,15028
15028,15048
15048,15059
15059,15061
15061,15062
15062,15064
15062,15071
15064,15071
15064,15079
15064,15083
15071,15079
15079,15083
15083,15087
15083,15089
15087,15089
15089,15104
15104,15108
15104,15115
15104,15116
15104,15117
15108,15115
15108,15116
15115,15116
15116,15117
15116,15121
15117,15121
15117,15122
15121,15122
15121,15127
15121,15134
15122,15127
15127,15134
15134,15135
15135,15136
15135,15137
15136,15137
15136,15140
15136,15142
15137,15140
15137,15142
15137,15158
15137,15160
15140,15142
15140,15158
15142,15158
15158,15160
15158,15171
15158,15173
15158,15174
15160,15171
15171,15173
15171,15174
15171,15180
15171,15182
15173,15174
15173,15180
15174,15180
15174,15182
15174,15184
15174,15185
15174,15223
15180,15182
15180,15184
15180,15185
15180,15223
15182,15184
15184,15185
15184,15223
15184,15227
15184,15236
15184,15238
15184,15243
15185,15223
15185,15227
15223,15227
15227,15236
15236,15238
15238,15243
15243,15248
15243,15263
15248,15263
15263,15267
15263,15270
15267,15270
15267,15278
15270,15278
15270,15279
15270,15283
15278,15279
15279,15283
15283,15296
15283,15306
15296,15306
15306,15311
15306,15313
15306,15316
15306,15338
15306,15340
15311,15313
15311,15316
15311,15338
15311,15340
15311,15347
15313,15316
15313,15338
15316,15338
15338,15340
15338,15347
15340,15347
15340,15352
15347,15352
15347,15355
15347,15356
15347,15357
15347,15369
15347,15381
15347,15388
15352,15355
15352,15356
15355,15356
15355,15357
15356,15357
15357,15369
15357,15381
15369,15381
15381,15388
15381,15395
15388,15395
15395,15419
15395,15420
15419,15420
15419,15423
15419,15429
15419,15435
15420,15423
15423,15429
15429,15435
15435,15437
15435,15440
15435,15441
15437,15440
15440,15441
15440,15444
15441,15444
15444,15452
15444,15456
15444,15471
15444,15472
15444,15481
15452,15456
15452,15471
15456,15471
15456,15472
15456,15481
15456,15485
15471,15472
15471,15481
15472,15481
15481,15485
15481,15486
15481,15498
15485,15486
15486,15498
15486,15502
15486,15505
15498,15502
15502,15505
15502,15507
15502,15515
15502,15546
15505,15507
15505,15515
15505,15546
15507,15515
15515,15546
15546,15547
15547,15552
15547,15561
15552,15561
15552,15565
15561,15565
15565,15567
15565,15569
15567,15569
15567,15571
15567,15580
15567,15585
15569,15571
15569,15580
15569,15585
15569,15586
15571,15580
15571,15585
15580,15585
15580,15586
15580,15587
15580,15595
15580,15599
15585,15586
15585,15587
15585,15595
15585,15599
15585,15602
15585,15605
15585,15619
15586,15587
15587,15595
15595,15599
15595,15602
15595,15605
15599,15602
15599,15605
15599,15619
15602,15605
15605,15619
15605,15621
15605,15624
15605,15625
15619,15621
15621,15624
15624,15625
15624,15631
15625,15631
15625,15635
15625,15640
15625,15649
15625,15656
15631,15635
15631,15640
15631,15649
15631,15656
15635,15640
15640,15649
15649,15656
15649,15660
15649,15663
15649,15669
15649,15705
15656,15660
15656,15663
15660,15663
15663,15669
15669,15705
15705,15706
15706,15715
15706,15723
15706,15727
15715,15723
15715,15727
15723,15727
15723,15732
15727,15732
15727,15734
15727,15741
15727,15744
15732,15734
15732,15741
15732,15744
15734,15741
15741,15744
15741,15751
15744,15751
15751,15757
15751,15763
15751,15766
15757,15763
15757,15766
15757,15767
15763,15766
15763,15767
15763,15774
15766,15767
15766,15774
15766,15775
15766,15776
15767,15774
15767,15775
15767,15776
15774,15775
15774,15776
15774,15793
15775,15776
15776,15793
15793,15798
15798,15819
15798,15820
15798,15821
15819,15820
15819,15821
15820,15821
15820,15823
15820,15825
15820,15837
15821,15823
15821,15825
15821,15837
15821,15839
15823,15825
15825,15837
15825,15839
15825,15844
15837,15839
15837,15844
15839,15844
15844,15851
15844,15874
15844,15876
15844,15883
15844,15884
15844,15887
15844,15888
15844,15892
15844,15895
15851,15874
15851,15876
15851,15883
15851,15884
15851,15887
15874,15876
15874,15883
15876,15883
15876,15884
15883,15884
15884,15887
15887,15888
15887,15892
15887,15895
15887,15901
15888,15892
15888,15895
15892,15895
15892,15901
15892,15903
15892,15905
15892,15910
15895,15901
15895,15903
15895,15905
15901,15903
15903,15905
15905,15910
15905,15916
15905,15922
15905,15923
15910,15916
15910,15922
15910,15923
15916,15922
15916,15923
15922,15923
15922,15925
15923,15925
15923,15945
15925,15945
15945,15949
15949,15956
15956,15962
15956,15964
15962,15964
15964,15967
15967,15968
15967,15971
15968,15971
15971,15974
15974,15975
15974,15980
15975,15980
15980,15982
15982,15986
15982,15988
15982,15989
15986,15988
15986,15989
15986,15993
15986,15995
15986,16002
15988,15989
15988,15993
15988,15995
15989,15993
15993,15995
15993,16002
15993,16003
15993,16011
15993,16019
15995,16002
16002,16003
16003,16011
16011,16019
16011,16028
16019,16028
16019,16029
16028,16029
16029,16030
16029,16032
16029,16035
16030,16032
16030,16035
16032,16035
16035,16039
16035,16043
16039,16043
16039,16055
16043,16055
16043,16056
16043,16057
16055,16056
16055,16057
16055,16065
16055,16067
16056,16057
16056,16065
16057,16065
16065,16067
16065,16071
16067,16071
16071,16072
16072,16074
16072,16084
16072,16091
16072,16095
16074,16084
16084,16091
16091,16095
16095,16096
16095,16097
16095,16098
16095,16105
16095,16106
16096,16097
16096,16098
16097,16098
16097,16105
16097,16106
16098,16105
16105,16106
16105,16110
16105,16115
16105,16121
16106,16110
16110,16115
16110,16121
16115,16121
16121,16123
16121,16129
16121,16130
16123,16129
16123,16130
16123,16141
16123,16145
16123,16159
16129,16130
16129,16141
16129,16145
16129,16159
16129,16160
16129,16164
16130,16141
16130,16145
16130,16159
16130,16160
16130,16164
16130,16174
16141,16145
16141,16159
16141,16160
16141,16164
16145,16159
16145,16160
16159,16160
16160,16164
16164,16174
16164,16176
16164,16187
16164,16188
16174,16176
16176,16187
16187,16188
16188,16194
16194,16201
16201,16209
16209,16212
16212,16215
16215,16231
16231,16234
16231,16236
16231,16237
16234,16236
16236,16237
16236,16241
16236,16245
16236,16247
16237,16241
16237,16245
16241,16245
16241,16247
16241,16248
16241,16251
16245,16247
16247,16248
16248,16251
16248,16253
16248,16254
16251,16253
16253,16254
16254,16263
16254,16265
16263,16265
16263,16267
16263,16269
16263,16270
16263,16273
16265,16267
16265,16269
16265,16270
16267,16269
16269,16270
16269,16273
16270,16273
16270,16279
16273,16279
16279,16290
16279,16293
16279,16296
16279,16299
16279,16303
16290,16293
16290,16296
16290,16299
16290,16303
16290,16308
16293,16296
16293,16299
16293,16303
16293,16308
16293,16315
16296,16299
16299,16303
16299,16308
16299,16315
16303,16308
16303,16315
16303,16321
16303,16322
16308,16315
16308,16321
16315,16321
16321,16322
16322,16323
16323,16328
16328,16332
16332,16351
16332,16361
16332,16363
16351,16361
16351,16363
16351,16364
16361,16363
16361,16364
16363,16364
16364,16365
16365,16375
16365,16378
16365,16380
16365,16386
16375,16378
16378,16380
16378,16386
16380,16386
16380,16388
16380,16403
16380,16406
16380,16411
16386,16388
16386,16403
16386,16406
16388,16403
16388,16406
16403,16406
16403,16411
16403,16413
16403,16414
16406,16411
16406,16413
16406,16414
16406,16416
16411,16413
16411,16414
16411,16416
16411,16421
16413,16414
16413,16416
16413,16421
16414,16416
16414,16421
16416,16421
16421,16427
16421,16428
16421,16438
16421,16453
16427,16428
16428,16438
16428,16453
16438,16453
16438,16459
16438,16476
16453,16459
16459,16476
16459,16479
16459,16483
16459,16497
16459,16501
16476,16479
16476,16483
16479,16483
16483,16497
16483,16501
16483,16505
16483,16509
16483,16513
16497,16501
16497,16505
16497,16509
16497,16513
16497,16515
16497,16516
16501,16505
16501,16509
16501,16513
16505,16509
16505,16513
16505,16515
16505,16516
16509,16513
16509,16515
16509,16516
16509,16521
16509,16532
16509,16533
16513,16515
16515,16516
16515,16521
16515,16532
16516,16521
16516,16532
16521,16532
16532,16533
16533,16538
16538,16543
16543,16547
16543,16552
16543,16556
16547,16552
16552,16556
16552,16557
16556,16557
16557,16567
16557,16578
16567,16578
16567,16583
16567,16585
16567,16594
16567,16603
16578,16583
16578,16585
16578,16594
16578,16603
16583,16585
16583,16594
16583,16603
16585,16594
16594,16603
16603,16607
16603,16610
16607,16610
16607,16611
16607,16618
16610,16611
16610,16618
16611,16618
16618,16619
16618,16624
16618,16626
16619,16624
16624,16626
16626,16629
16626,16630
16629,16630
16629,16631
16629,16632
16630,16631
16630,16632
16630,16643
16631,16632
16632,16643
16643,16647
16643,16649
16647,16649
16649,16650
16649,16661
16649,16673
16649,16681
16650,16661
16661,16673
16661,16681
16661,16684
16673,16681
16673,16684
16673,16691
16673,16696
16681,16684
16684,16691
16691,16696
16691,16697
16691,16716
16691,16717
16696,16697
16697,16716
16697,16717
16697,16720
16697,16721
16716,16717
16717,16720
16717,16721
16717,16725
16717,16729
16717,16735
16720,16721
16721,16725
16725,16729
16725,16735
16725,16740
16725,16741
16729,16735
16729,16740
16735,16740
16735,16741
16735,16744
16735,16745
16740,16741
16740,16744
16741,16744
16741,16745
16741,16750
16744,16745
16745,16750
16750,16754
16754,16761
16761,16764
16764,16765
16764,16767
16765,16767
16765,16768
16767,16768
16767,16775
16767,16776
16767,16778
16767,16783
16767,16787
16768,16775
16775,16776
16776,16778
16778,16783
16783,16787
16783,16788
16783,16794
16783,16801
16783,16813
16787,16788
16787,16794
16788,16794
16794,16801
16801,16813
16801,16828
16801,16829
16801,16835
16801,16836
16813,16828
16813,16829
16828,16829
16829,16835
16835,16836
16835,16844
16836,16844
16836,16846
16836,16847
16836,16857
16844,16846
16846,16847
16846,16857
16846,16858
16846,16859
16847,16857
16847,16858
16847,16859
16847,16866
16847,16870
16847,16873
16857,16858
16857,16859
16857,16866
16857,16870
16857,16873
16857,16878
16857,16885
16858,16859
16859,16866
16866,16870
16866,16873
16866,16878
16870,16873
16873,16878
16873,16885
16873,16896
16873,16903
16873,16905
16878,16885
16885,16896
16885,16903
16896,16903
16903,16905
16905,16907
16905,16909
16905,16911
16907,16909
16909,16911
16911,16913
16911,16923
16911,16934
16913,16923
16913,16934
16923,16934
16923,16935
16923,16936
16923,16945
16934,16935
16935,16936
16936,16945
16945,16948
16948,16950
16948,16957
16950,16957
16950,16959
16950,16966
16950,16969
16950,16983
16957,16959
16959,16966
16966,16969
16966,16983
16966,16986
16966,17008
16969,16983
16983,16986
16983,17008
16983,17015
16986,17008
17008,17015
17008,17023
17015,17023
17023,17028
17028,17032
17032,17034
17034,17037
17037,17041
17037,17044
17041,17044
17044,17046
17046,17047
17047,17057
17047,17060
17047,17073
17047,17078
17057,17060
17057,17073
17057,17078
17060,17073
17073,17078
17073,17080
17073,17089
17073,17104
17073,17111
17078,17080
17078,17089
17080,17089
17080,17104
17089,17104
17104,17111
17111,17112
17112,17113
17112,17114
17112,17117
17113,17114
17114,17117
17117,17122
17122,17151
17122,17154
17151,17154
17154,17160
17154,17163
17154,17176
17154,17180
17154,17187
17160,17163
17163,17176
17163,17180
17163,17187
17176,17180
17180,17187
17187,17191
17187,17192
17187,17199
17187,17206
17191,17192
17191,17199
17191,17206
17192,17199
17199,17206
17206,17214
17206,17216
17206,17220
17214,17216
17214,17220
17214,17225
17214,17226
17214,17228
17216,17220
17216,17225
17216,17226
17216,17228
17220,17225
17220,17226
17220,17228
17220,17234
17225,17226
17226,17228
17226,17234
17228,17234
17228,17237
17228,17243
17234,17237
17237,17243
17237,17254
17237,17256
17243,17254
17254,17256
17256,17264
17256,17266
17256,17269
17264,17266
17266,17269
17269,17275
17269,17281
17269,17293
17269,17298
17275,17281
17275,17293
17281,17293
17293,17298
17293,17303
17293,17313
17293,17318
17293,17325
17298,17303
17303,17313
17303,17318
17313,17318
17313,17325
17313,17326
17318,17325
17318,17326
17325,17326
17326,17330
17326,17332
17326,17336
17330,17332
17332,17336
17332,17348
17332,17358
17332,17364
17336,17348
17348,17358
17348,17364
17358,17364
17358,17373
17358,17376
17358,17377
17364,17373
17373,17376
17373,17377
17376,17377
17377,17383
17383,17385
17385,17399
17385,17401
17385,17402
17399,17401
17399,17402
17399,17403
17399,17410
17399,17413
17401,17402
17401,17403
17402,17403
17403,17410
17403,17413
17410,17413
17413,17418
17413,17423
17413,17430
17418,17423
17423,17430
17423,17432
17423,17433
17423,17438
17430,17432
17430,17433
17430,17438
17430,17444
17430,17451
17430,17452
17430,17454
17432,17433
17433,17438
17438,17444
17438,17451
17444,17451
17451,17452
17452,17454
17452,17460
17452,17476
17452,17477
17452,17480
17454,17460
17454,17476
17454,17477
17454,17480
17460,17476
17460,17477
17476,17477
17477,17480
17477,17484
17477,17495
17480,17484
17480,17495
17484,17495
17495,17505
17495,17510
17505,17510
17510,17514
17510,17516
17510,17519
17510,17533
17514,17516
17514,17519
17514,17533
17514,17542
17514,17543
17514,17551
17516,17519
17516,17533
17516,17542
17516,17543
17516,17551
17519,17533
17519,17542
17519,17543
17519,17551
17519,17553
17519,17554
17533,17542
17533,17543
17542,17543
17543,17551
17543,17553
17543,17554
17543,17556
17543,17580
17551,17553
17553,17554
17553,17556
17553,17580
17553,17582
17553,17589
17553,17595
17554,17556
17556,17580
17556,17582
17580,17582
17580,17589
17582,17589
17589,17595
17595,17598
17598,17601
17601,17603
17603,17606
17606,17607
17607,17612
17612,17621
17612,17623
17621,17623
17623,17627
17627,17632
17627,17637
17632,17637
17632,17646
17632,17651
17632,17652
17637,17646
17637,17651
17646,17651
17646,17652
17646,17653
17646,17661
17646,17664
17651,17652
17652,17653
17653,17661
17661,17664
17664,17670
17670,17675
17675,17678
17678,17684
17684,17685
17685,17686
17686,17688
17688,17708
17708,17714
17714,17727
17714,17731
17727,17731
17727,17737
17731,17737
17737,17747
17747,17761
17761,17763
17761,17769
17763,17769
17763,17773
17763,17775
17763,17778
17763,17779
17769,17773
17773,17775
17773,17778
17773,17779
17775,17778
17775,17779
17775,17782
17775,17786
17775,17789
17775,17790
17778,17779
17779,17782
17779,17786
17782,17786
17782,17789
17782,17790
17782,17792
17782,17796
17786,17789
17786,17790
17786,17792
17786,17796
17786,17798
17786,17799
17789,17790
17789,17792
17789,17796
17789,17798
17789,17799
17789,17801
17790,17792
17792,17796
17792,17798
17792,17799
17792,17801
17792,17803
17796,17798
17796,17799
17796,17801
17796,17803
17798,17799
17799,17801
17799,17803
17801,17803
17803,17804
17804,17818
17818,17832
17818,17848
17832,17848
17832,17850
17848,17850
17850,17851
17850,17866
17850,17870
17850,17875
17850,17882
17850,17885
17851,17866
17851,17870
17851,17875
17866,17870
17870,17875
17870,17882
17870,17885
17875,17882
17882,17885
17885,17887
17887,17889
17889,17892
17892,17905
17892,17906
17905,17906
17906,17925
17906,17929
17906,17932
17906,17933
17925,17929
17925,17932
17925,17933
17929,17932
17929,17933
17929,17937
17929,17939
17929,17943
17932,17933
17932,17937
17933,17937
17933,17939
17937,17939
17939,17943
17939,17944
17939,17949
17939,17955
17939,17957
17943,17944
17944,17949
17944,17955
17944,17957
17944,17961
17944,17965
17949,17955
17949,17957
17949,17961
17949,17965
17949,17968
17955,17957
17957,17961
17961,17965
17961,17968
17965,17968
17965,17971
17968,17971
17968,17972
17971,17972
17971,17974
17972,17974
17974,17976
17974,17977
17976,17977
17977,17980
17977,17982
17980,17982
17982,17990
17990,17993
17993,17996
17996,17999
17996,18002
17999,18002
17999,18013
17999,18026
17999,18029
18002,18013
18002,18026
18002,18029
18002,18030
18013,18026
18013,18029
18026,18029
18026,18030
18026,18031
18029,18030
18030,18031
18030,18040
18030,18041
18030,18042
18031,18040
18040,18041
18040,18042
18040,18046
18041,18042
18041,18046
18041,18047
18042,18046
18046,18047
18046,18051
18046,18058
18046,18059
18047,18051
18051,18058
18051,18059
18058,18059
18059,18063
18059,18065
18059,18076
18059,18082
18059,18086
18059,18098
18063,18065
18063,18076
18063,18082
18063,18086
18065,18076
18065,18082
18065,18086
18065,18098
18076,18082
18082,18086
18082,18098
18086,18098
18086,18100
18098,18100
18098,18106
18098,18108
18098,18112
18098,18118
18100,18106
18106,18108
18106,18112
18108,18112
18108,18118
18108,18121
18108,18122
18108,18129
18112,18118
18112,18121
18112,18122
18112,18129
18118,18121
18121,18122
18122,18129
18129,18134
18134,18139
18134,18148
18134,18152
18139,18148
18139,18152
18139,18153
18148,18152
18148,18153
18152,18153
18152,18155
18152,18159
18152,18165
18153,18155
18155,18159
18155,18165
18159,18165
18159,18171
18159,18172
18165,18171
18165,18172
18165,18177
18165,18178
18165,18180
18165,18187
18165,18188
18171,18172
18172,18177
18172,18178
18177,18178
18177,18180
18177,18187
18178,18180
18178,18187
18178,18188
18180,18187
18180,18188
18180,18193
18180,18199
18187,18188
18187,18193
18187,18199
18187,18213
18187,18214
18187,18216
18188,18193
18193,18199
18199,18213
18213,18214
18213,18216
18214,18216
18216,18218
18216,18224
18216,18226
18216,18228
18216,18229
18216,18231
18216,18248
18216,18249
18218,18224
18224,18226
18226,18228
18228,18229
18229,18231
18229,18248
18231,18248
18248,18249
18248,18252
18248,18260
18249,18252
18252,18260
18260,18263
18260,18265
18260,18275
18260,18307
18260,18312
18263,18265
18263,18275
18265,18275
18275,18307
18307,18312
18307,18323
18307,18328
18312,18323
18312,18328
18312,18329
18312,18331
18312,18334
18323,18328
18328,18329
18329,18331
18331,18334
18331,18338
18331,18341
18334,18338
18338,18341
18338,18343
18338,18345
18341,18343
18343,18345
18345,18360
18360,18364
18360,18366
18360,18383
18364,18366
18364,18383
18366,18383
18383,18386
18383,18388
18383,18395
18383,18397
18383,18401
18383,18404
18386,18388
18386,18395
18386,18397
18386,18401
18388,18395
18388,18397
18395,18397
18397,18401
18401,18404
18404,18420
18404,18423
18420,18423
18420,18424
18423,18424
18423,18430
18423,18435
18424,18430
18430,18435
18435,18436
18436,18439
18439,18447
18439,18452
18447,18452
18452,18462
18452,18465
18462,18465
18462,18482
18465,18482
18482,18484
18482,18488
18482,18492
18484,18488
18484,18492
18488,18492
18488,18493
18488,18497
18492,18493
18492,18497
18492,18502
18492,18503
18493,18497
18497,18502
18497,18503
18497,18506
18497,18507
18502,18503
18502,18506
18502,18507
18502,18508
18503,18506
18503,18507
18506,18507
18506,18508
18506,18513
18507,18508
18507,18513
18507,18516
18507,18518
18507,18525
18507,18533
18508,18513
18508,18516
18508,18518
18508,18525
18508,18533
18513,18516
18513,18518
18513,18525
18516,18518
18518,18525
18525,18533
18525,18537
18525,18543
18533,18537
18537,18543
18543,18546
18543,18550
18543,18559
18543,18560
18546,18550
18550,18559
18550,18560
18559,18560
18559,18570
18560,18570
18560,18571
18570,18571
18571,18577
18577,18588
18588,18595
18595,18605
18605,18607
18607,18608
18608,18609
18609,18610
18610,18612
18610,18618
18612,18618
18612,18621
18618,18621
18621,18623
18621,18624
18623,18624
18624,18629
18629,18631
18631,18637
18631,18641
18631,18646
18631,18653
18637,18641
18641,18646
18646,18653
18653,18660
18660,18665
18660,18675
18660,18680
18660,18681
18660,18696
18665,18675
18665,18680
18675,18680
18675,18681
18680,18681
18681,18696
18696,18697
18696,18703
18696,18710
18696,18716
18696,18723
18696,18725
18697,18703
18697,18710
18697,18716
18703,18710
18710,18716
18710,18723
18710,18725
18716,18723
18723,18725
18725,18727
18727,18730
18730,18734
18730,18742
18730,18743
18734,18742
18734,18743
18742,18743
18743,18746
18743,18754
18743,18759
18746,18754
18746,18759
18754,18759
18759,18766
18759,18777
18766,18777
18766,18799
18777,18799
18777,18802
18799,18802
18799,18805
18802,18805
18805,18807
18805,18810
18807,18810
18810,18815
18815,18817
18817,18818
18817,18829
18817,18830
18817,18839
18817,18842
18818,18829
18829,18830
18830,18839
18839,18842
18839,18843
18842,18843
18843,18848
18848,18852
18852,18861
18852,18869
18861,18869
18869,18883
18883,18885
18885,18889
18885,18894
18889,18894
18889,18896
18894,18896
18896,18899
18896,18903
18899,18903
18899,18904
18903,18904
18903,18906
18903,18914
18903,18915
18904,18906
18904,18914
18904,18915
18906,18914
18906,18915
18906,18918
18914,18915
18914,18918
18915,18918
18918,18923
18918,18925
18923,18925
18925,18939
18939,18940
18940,18942
18942,18943
18943,18945
18945,18946
18946,18950
18946,18951
18946,18978
18946,18980
18950,18951
18950,18978
18950,18980
18951,18978
18951,18980
18951,18983
18951,18986
18978,18980
18978,18983
18978,18986
18980,18983
18980,18986
18980,18994
18983,18986
18983,18994
18983,18998
18986,18994
18986,18998
18986,19007
18986,19015
18994,18998
18998,19007
19007,19015
19015,19020
19020,19024
19020,19030
19020,19037
19020,19041
19024,19030
19024,19037
19024,19041
19030,19037
19030,19041
19030,19043
19030,19047
19030,19051
19037,19041
19041,19043
19043,19047
19047,19051
19051,19052
19051,19053
19052,19053
19052,19060
19052,19066
19053,19060
19060,19066
19060,19067
19060,19075
19060,19085
19060,19087
19060,19088
19066,19067
19067,19075
19075,19085
19075,19087
19085,19087
19087,19088
19087,19091
19088,19091
19091,19093
19091,19094
19091,19099
19093,19094
19093,19099
19093,19100
19093,19104
19094,19099
19094,19100
19099,19100
19099,19104
19100,19104
19104,19109
19104,19116
19104,19121
19109,19116
19109,19121
19109,19133
19109,19135
19109,19136
19116,19121
19121,19133
19121,19135
19121,19136
19121,19140
19121,19147
19133,19135
19135,19136
19135,19140
19135,19147
19135,19150
19135,19152
19136,19140
19136,19147
19140,19147
19147,19150
19147,19152
19150,19152
19152,19159
19159,19164
19159,19176
19164,19176
19176,19178
19178,19187
19187,19189
19189,19191
19189,19194
19189,19196
19191,19194
19194,19196
19194,19204
19194,19209
19194,19216
19196,19204
19204,19209
19204,19216
19209,19216
19209,19234
19209,19235
19209,19243
19216,19234
19234,19235
19235,19243
19243,19248
19248,19252
19248,19253
19252,19253
19252,19254
19253,19254
19253,19260
19254,19260
19260,19265
19265,19273
19265,19279
19265,19282
19273,19279
19273,19282
19273,19288
19279,19282
19279,19288
19279,19294
19282,19288
19288,19294
19294,19298
19294,19312
19294,19321
19294,19336
19294,19340
19298,19312
19312,19321
19312,19336
19321,19336
19336,19340
19340,19344
19340,19348
19344,19348
19344,19355
19344,19362
19344,19370
19344,19372
19348,19355
19348,19362
19348,19370
19348,19372
19355,19362
19362,19370
19370,19372
19370,19376
19372,19376
19376,19377
19377,19378
19377,19382
19377,19383
19377,19385
19377,19390
19377,19392
19378,19382
19382,19383
19383,19385
19385,19390
19385,19392
19385,19408
19385,19420
19385,19423
19390,19392
19392,19408
19392,19420
19392,19423
19392,19430
19408,19420
19408,19423
19408,19430
19408,19431
19408,19434
19420,19423
19423,19430
19430,19431
19430,19434
19430,19436
19431,19434
19434,19436
19434,19440
19434,19441
19434,19445
19436,19440
19440,19441
19441,19445
19445,19448
19448,19450
19448,19451
19448,19453
19448,19455
19448,19467
19450,19451
19451,19453
19453,19455
19455,19467
19455,19468
19467,19468
19467,19470
19468,19470
19468,19472
19470,19472
19472,19476
19476,19478
19478,19484
19484,19487
19484,19493
19484,19496
19487,19493
19493,19496
19493,19499
19496,19499
19496,19502
19496,19504
19496,19516
19496,19518
19499,19502
19502,19504
19504,19516
19516,19518
19516,19520
19516,19521
19516,19526
19518,19520
19520,19521
19521,19526
19526,19545
19526,19548
19526,19551
19545,19548
19548,19551
19548,19553
19548,19559
19551,19553
19551,19559
19553,19559
19559,19560
19560,19565
19560,19575
19565,19575
19565,19579
19575,19579
19575,19581
19575,19584
19579,19581
19581,19584
19584,19588
19584,19591
19588,19591
19588,19592
19588,19603
19588,19606
19591,19592
19592,19603
19603,19606
19606,19613
19606,19616
19606,19629
19606,19632
19613,19616
19613,19629
19613,19632
19616,19629
19616,19632
19616,19638
19629,19632
19629,19638
19629,19641
19629,19645
19629,19647
19629,19648
19632,19638
19638,19641
19638,19645
19638,19647
19638,19648
19641,19645
19645,19647
19645,19648
19645,19650
19647,19648
19648,19650
19648,19661
19650,19661
19650,19663
19661,19663
19661,19665
19661,19666
19663,19665
19665,19666
19665,19677
19666,19677
19677,19683
19683,19688
19683,19690
19683,19697
19688,19690
19690,19697
19697,19701
19701,19702
19702,19703
19702,19704
19702,19706
19702,19707
19703,19704
19703,19706
19704,19706
19706,19707
19706,19709
19706,19711
19707,19709
19709,19711
19711,19722
19711,19724
19711,19733
19722,19724
19722,19733
19724,19733
19733,19734
19733,19740
19733,19741
19733,19748
19734,19740
19740,19741
19741,19748
19741,19750
19741,19752
19741,19758
19748,19750
19750,19752
19752,19758
19752,19764
19752,19769
19752,19771
19752,19778
19758,19764
19764,19769
19764,19771
19764,19778
19769,19771
19769,19778
19771,19778
19771,19790
19778,19790
19790,19795
19795,19797
19795,19798
19795,19803
19795,19804
19795,19806
19797,19798
19798,19803
19803,19804
19804,19806
19804,19808
19806,19808
19806,19811
19808,19811
19811,19813
19813,19818
19813,19823
19818,19823
19818,19830
19818,19837
19823,19830
19823,19837
19830,19837
19837,19838
19838,19840
19840,19849
19849,19850
19850,19851
19851,19854
19851,19855
19854,19855
19854,19858
19854,19861
19854,19873
19855,19858
19855,19861
19855,19873
19858,19861
19861,19873
19873,19888
19873,19894
19888,19894
19894,19895
19895,19899
19899,19903
19899,19904
19899,19907
19903,19904
19904,19907
19907,19908
19908,19912
19908,19936
19908,19949
19912,19936
19912,19949
19912,19953
19912,19956
19936,19949
19936,19953
19936,19956
19949,19953
19953,19956
19953,19965
19953,19982
19956,19965
19965,19982
19982,19989
19989,19997
19997,19998
19998,20002
19998,20009
19998,20017
19998,20021
20002,20009
20009,20017
20009,20021
20009,20034
20009,20035
20009,20036
20009,20059
20017,20021
20021,20034
20034,20035
20035,20036
20036,20059
20059,20062
20062,20063
20062,20068
20062,20077
20063,20068
20068,20077
20077,20078
20078,20079
20078,20084
20078,20085
20078,20087
20078,20091
20078,20092
20078,20095
20079,20084
20079,20085
20079,20087
20079,20091
20084,20085
20085,20087
20087,20091
20087,20092
20087,20095
20091,20092
20091,20095
20091,20104
20091,20106
20092,20095
20092,20104
20095,20104
20095,20106
20104,20106
20104,20110
20104,20115
20106,20110
20110,20115
20110,20131
20110,20140
20115,20131
20115,20140
20131,20140
20131,20142
20131,20144
20131,20156
20140,20142
20142,20144
20144,20156
20144,20157
20144,20160
20156,20157
20156,20160
20157,20160
20160,20161
20160,20172
20160,20173
20160,20176
20161,20172
20161,20173
20161,20176
20172,20173
20172,20176
20172,20179
20172,20192
20172,20194
20173,20176
20173,20179
20176,20179
20176,20192
20176,20194
20176,20196
20176,20210
20179,20192
20179,20194
20179,20196
20192,20194
20192,20196
20192,20210
20192,20217
20192,20218
20192,20225
20194,20196
20194,20210
20196,20210
20196,20217
20210,20217
20210,20218
20210,20225
20217,20218
20217,20225
20217,20228
20217,20232
20218,20225
20225,20228
20225,20232
20225,20233
20228,20232
20228,20233
20228,20238
20228,20240
20228,20242
20232,20233
20232,20238
20233,20238
20233,20240
20238,20240
20238,20242
20238,20250
20238,20251
20238,20256
20240,20242
20240,20250
20242,20250
20250,20251
20250,20256
20250,20260
20250,20263
20251,20256
20256,20260
20256,20263
20256,20264
20260,20263
20263,20264
20263,20267
20264,20267
20267,20272
20267,20281
20267,20288
20267,20290
20272,20281
20281,20288
20288,20290
20288,20292
20288,20293
20290,20292
20290,20293
20290,20299
20290,20302
20292,20293
20293,20299
20293,20302
20299,20302
20299,20308
20299,20309
20299,20310
20299,20314
20299,20328
20299,20331
20299,20332
20302,20308
20308,20309
20308,20310
20308,20314
20308,20328
20308,20331
20309,20310
20309,20314
20309,20328
20309,20331
20310,20314
20314,20328
20328,20331
20328,20332
20328,20334
20331,20332
20331,20334
20331,20337
20332,20334
20334,20337
20337,20338
20337,20349
20337,20354
20338,20349
20338,20354
20338,20356
20338,20367
20349,20354
20349,20356
20349,20367
20354,20356
20356,20367
20367,20368
20368,20378
20368,20380
20368,20386
20368,20387
20378,20380
20380,20386
20386,20387
20386,20388
20386,20395
20387,20388
20387,20395
20387,20404
20387,20408
20387,20417
20388,20395
20395,20404
20404,20408
20404,20417
20404,20420
20408,20417
20417,20420
20417,20437
20417,20450
20420,20437
20437,20450
20437,20458
20437,20465
20437,20478
20450,20458
20458,20465
20465,20478
20465,20481
20465,20482
20478,20481
20481,20482
20481,20488
20482,20488
20482,20496
20488,20496
20496,20500
20496,20515
20496,20519
20500,20515
20500,20519
20500,20524
20500,20530
20515,20519
20515,20524
20515,20530
20519,20524
20524,20530
20524,20531
20530,20531
20531,20534
20534,20541
20534,20543
20534,20545
20541,20543
20541,20545
20541,20547
20543,20545
20545,20547
20547,20562
20562,20563
20562,20567
20562,20573
20563,20567
20567,20573
20567,20575
20567,20579
20573,20575
20575,20579
20579,20580
20579,20582
20579,20584
20580,20582
20582,20584
20582,20588
20582,20591
20584,20588
20584,20591
20584,20600
20588,20591
20591,20600
20600,20605
20600,20606
20600,20609
20600,20610
20605,20606
20605,20609
20605,20610
20605,20617
20605,20625
20606,20609
20606,20610
20606,20617
20609,20610
20609,20617
20609,20625
20610,20617
20610,20625
20610,20630
20610,20631
20617,20625
20625,20630
20625,20631
20625,20632
20630,20631
20630,20632
20630,20639
20630,20641
20630,20652
20631,20632
20632,20639
20639,20641
20641,20652
20641,20653
20652,20653
20652,20675
20653,20675
20653,20677
20653,20680
20675,20677
20677,20680
20677,20686
20677,20687
20680,20686
20680,20687
20680,20691
20680,20693
20686,20687
20686,20691
20686,20693
20687,20691
20687,20693
20691,20693
20693,20698
20698,20711
20711,20722
20711,20723
20711,20728
20722,20723
20722,20728
20722,20730
20723,20728
20723,20730
20728,20730
20730,20731
20730,20747
20730,20753
20730,20768
20730,20772
20731,20747
20747,20753
20753,20768
20753,20772
20753,20773
20768,20772
20768,20773
20768,20775
20768,20780
20772,20773
20772,20775
20772,20780
20772,20783
20772,20789
20773,20775
20773,20780
20773,20783
20773,20789
20773,20793
20775,20780
20780,20783
20780,20789
20783,20789
20789,20793
20793,20796
20793,20801
20793,20805
20796,20801
20796,20805
20796,20814
20796,20816
20796,20817
20801,20805
20801,20814
20801,20816
20801,20817
20805,20814
20805,20816
20805,20817
20805,20824
20805,20827
20814,20816
20816,20817
20816,20824
20816,20827
20816,20836
20817,20824
20824,20827
20824,20836
20824,20848
20824,20853
20827,20836
20836,20848
20848,20853
20848,20857
20853,20857
20857,20873
20873,20881
20873,20883
20873,20888
20881,20883
20881,20888
20883,20888
20883,20890
20883,20891
20883,20894
20888,20890
20890,20891
20890,20894
20891,20894
20891,20898
20891,20902
20894,20898
20898,20902
20902,20912
20902,20917
20912,20917
20917,20925
20917,20929
20917,20935
20925,20929
20929,20935
20935,20936
20935,20942
20936,20942
20936,20944
20936,20947
20936,20951
20942,20944
20942,20947
20942,20951
20942,20955
20944,20947
20944,20951
20944,20955
20944,20959
20947,20951
20947,20955
20951,20955
20955,20959
20959,20966
20959,20970
20959,20971
20966,20970
20966,20971
20966,20973
20970,20971
20971,20973
20973,20975
20975,20984
20975,20986
20975,20989
20975,20991
20984,20986
20986,20989
20989,20991
20991,20993
20991,20995
20993,20995
20995,21000
21000,21001
21000,21006
21000,21010
21000,21021
21000,21027
21001,21006
21006,21010
21006,21021
21010,21021
21010,21027
21010,21039
21021,21027
21021,21039
21021,21040
21021,21056
21027,21039
21027,21040
21027,21056
21027,21066
21039,21040
21040,21056
21056,21066
21066,21067
21067,21083
21083,21085
21083,21086
21083,21095
21085,21086
21086,21095
21095,21096
21095,21100
21095,21112
21096,21100
21096,21112
21100,21112
21112,21113
21112,21119
21112,21125
21112,21131
21112,21134
21112,21135
21113,21119
21119,21125
21119,21131
21119,21134
21125,21131
21131,21134
21134,21135
21134,21137
21134,21153
21134,21157
21135,21137
21135,21153
21135,21157
21135,21163
21137,21153
21153,21157
21153,21163
21157,21163
21157,21165
21157,21168
21163,21165
21165,21168
21165,21179
21165,21188
21168,21179
21168,21188
21168,21193
21179,21188
21179,21193
21188,21193
21188,21196
21188,21208
21188,21210
21188,21211
21193,21196
21193,21208
21193,21210
21196,21208
21196,21210
21196,21211
21208,21210
21208,21211
21208,21213
21210,21211
21210,21213
21210,21221
21211,21213
21211,21221
21211,21222
21213,21221
21213,21222
21213,21223
21213,21228
21221,21222
21222,21223
21223,21228
21223,21232
21228,21232
21232,21245
21245,21254
21245,21257
21254,21257
21254,21258
21257,21258
21257,21268
21257,21274
21257,21277
21258,21268
21258,21274
21258,21277
21268,21274
21274,21277
21277,21282
21277,21291
21282,21291
21291,21299
21291,21302
21299,21302
21302,21315
21302,21319
21302,21322
21302,21324
21302,21327
21315,21319
21319,21322
21322,21324
21324,21327
21324,21329
21324,21336
21324,21343
21324,21346
21324,21354
21324,21358
21327,21329
21329,21336
21336,21343
21343,21346
21346,21354
21346,21358
21354,21358
21354,21365
21354,21372
21354,21377
21358,21365
21365,21372
21372,21377
21377,21380
21380,21385
21380,21390
21380,21392
21380,21406
21380,21415
21385,21390
21390,21392
21390,21406
21390,21415
21390,21421
21392,21406
21392,21415
21406,21415
21406,21421
21415,21421
21421,21423
21423,21426
21426,21438
21426,21440
21426,21450
21438,21440
21438,21450
21440,21450
21450,21451
21451,21457
21451,21458
21457,21458
21457,21462
21457,21463
21458,21462
21462,21463
21462,21464
21462,21467
21462,21478
21462,21490
21462,21492
21463,21464
21463,21467
21463,21478
21464,21467
21464,21478
21467,21478
21478,21490
21490,21492
21490,21496
21492,21496
21496,21499
21499,21506
21506,21507
21506,21515
21506,21519
21506,21521
21507,21515
21507,21519
21507,21521
21507,21531
21515,21519
21515,21521
21515,21531
21519,21521
21521,21531
21521,21534
21521,21536
21521,21540
21521,21546
21531,21534
21534,21536
21536,21540
21536,21546
21540,21546
21540,21549
21540,21551
21540,21552
21546,21549
21546,21551
21549,21551
21549,21552
21549,21554
21549,21556
21551,21552
21551,21554
21551,21556
21551,21557
21552,21554
21552,21556
21554,21556
21554,21557
21556,21557
21556,21569
21556,21583
21556,21591
21556,21592
21556,21601
21557,21569
21569,21583
21569,21591
21569,21592
21569,21601
21569,21603
21583,21591
21591,21592
21591,21601
21592,21601
21601,21603
21603,21608
21608,21613
21608,21618
21608,21622
21608,21636
21608,21642
21613,21618
21613,21622
21618,21622
21618,21636
21622,21636
21622,21642
21622,21652
21622,21656
21636,21642
21642,21652
21642,21656
21642,21662
21642,21666
21642,21669
21652,21656
21656,21662
21662,21666
21666,21669
21669,21672
21672,21677
21677,21679
21679,21693
21693,21697
21693,21701
21697,21701
21701,21704
21704,21711
21704,21716
21704,21727
21711,21716
21716,21727
21727,21739
21727,21742
21727,21743
21727,21748
21727,21755
21739,21742
21739,21743
21739,21748
21739,21755
21742,21743
21742,21748
21742,21755
21742,21758
21743,21748
21748,21755
21748,21758
21748,21763
21755,21758
21755,21763
21758,21763
21763,21769
21769,21773
21769,21775
21769,21779
21773,21775
21775,21779
21775,21780
21775,21783
21779,21780
21779,21783
21779,21788
21780,21783
21783,21788
21788,21792
21788,21793
21788,21796
21792,21793
21792,21796
21793,21796
21796,21797
21797,21801
21801,21804
21804,21813
21804,21817
21813,21817
21813,21819
21813,21822
21817,21819
21817,21822
21817,21824
21817,21833
21819,21822
21819,21824
21822,21824
21822,21833
21822,21835
21822,21840
21824,21833
21824,21835
21824,21840
21824,21841
21833,21835
21835,21840
21835,21841
21835,21852
21840,21841
21840,21852
21840,21856
21841,21852
21841,21856
21852,21856
21856,21860
21856,21866
21856,21867
21856,21868
21860,21866
21860,21867
21866,21867
21866,21868
21867,21868
21868,21871
21868,21874
21871,21874
21871,21875
21874,21875
21874,21886
21874,21887
21874,21889
21874,21892
21874,21894
21875,21886
21886,21887
21887,21889
21889,21892
21889,21894
21889,21900
21889,21906
21889,21911
21889,21913
21892,21894
21894,21900
21900,21906
21906,21911
21911,21913
21911,21921
21913,21921
21921,21931
21931,21932
21931,21937
21932,21937
21937,21945
21945,21946
21945,21956
21945,21958
21946,21956
21946,21958
21946,21959
21946,21962
21946,21971
21956,21958
21956,21959
21956,21962
21956,21971
21956,21975
21958,21959
21959,21962
21962,21971
21971,21975
21975,21976
21976,21977
21977,21981
21981,21989
21981,21991
21989,21991
21989,22001
21989,22008
21989,22017
21989,22018
21991,22001
21991,22008
22001,22008
22001,22017
22008,22017
22008,22018
22017,22018
22017,22019
22017,22021
22018,22019
22018,22021
22018,22027
22019,22021
22019,22027
22019,22028
22019,22035
22021,22027
22021,22028
22027,22028
22028,22035
22035,22037
22035,22043
22035,22046
22035,22048
22035,22051
22037,22043
22043,22046
22043,22048
22046,22048
22048,22051
22048,22053
22048,22059
22051,22053
22053,22059
22053,22061
22053,22064
22053,22078
22059,22061
22061,22064
22061,22078
22061,22079
22064,22078
22064,22079
22078,22079
22079,22087
22079,22093
22079,22099
22087,22093
22093,22099
22099,22106
22099,22107
22099,22112
22106,22107
22107,22112
22107,22114
22107,22117
22112,22114
22112,22117
22112,22119
22112,22120
22114,22117
22117,22119
22117,22120
22117,22126
22119,22120
22120,22126
22120,22132
22126,22132
22126,22135
22132,22135
22132,22138
22135,22138
22135,22143
22135,22148
22138,22143
22143,22148
22143,22153
22148,22153
22153,22157
22153,22159
22153,22162
22153,22167
22157,22159
22157,22162
22159,22162
22162,22167
22167,22169
22169,22177
22177,22183
22177,22185
22177,22194
22177,22197
22183,22185
22183,22194
22183,22197
22183,22198
22183,22201
22183,22202
22185,22194
22185,22197
22185,22198
22185,22201
22194,22197
22194,22198
22194,22201
22194,22202
22197,22198
22197,22201
22197,22202
22198,22201
22198,22202
22201,22202
22201,22206
22201,22207
22202,22206
22206,22207
22207,22209
22207,22213
22209,22213
22213,22221
22213,22226
22221,22226
22226,22235
22235,22238
22235,22239
22238,22239
22238,22243
22238,22244
22238,22247
22239,22243
22243,22244
22244,22247
22244,22253
22244,22269
22247,22253
22247,22269
22247,22273
22247,22281
22253,22269
22269,22273
22273,22281
22273,22282
22273,22284
22281,22282
22281,22284
22281,22286
22281,22289
22281,22291
22281,22295
22282,22284
22284,22286
22286,22289
22286,22291
22289,22291
22291,22295
22295,22304
22295,22308
22295,22312
22304,22308
22304,22312
22308,22312
22308,22328
22312,22328
22328,22330
22328,22332
22328,22336
22328,22337
22328,22341
22328,22350
22330,22332
22332,22336
22332,22337
22332,22341
22332,22350
22336,22337
22336,22341
22336,22350
22336,22366
22337,22341
22337,22350
22337,22366
22337,22377
22341,22350
22341,22366
22341,22377
22341,22379
22350,22366
22350,22377
22350,22379
22366,22377
22366,22379
22366,22381
22377,22379
22377,22381
22379,22381
22379,22383
22379,22394
22379,22402
22379,22403
22381,22383
22381,22394
22381,22402
22381,22403
22383,22394
22394,22402
22402,22403
22402,22409
22402,22410
22402,22421
22402,22426
22403,22409
22403,22410
22403,22421
22403,22426
22403,22430
22403,22431
22409,22410
22409,22421
22409,22426
22409,22430
22410,22421
22421,22426
22426,22430
22426,22431
22426,22441
22430,22431
22431,22441
22441,22443
22441,22447
22441,22451
22441,22453
22443,22447
22443,22451
22443,22453
22447,22451
22451,22453
22451,22456
22451,22458
22453,22456
22453,22458
22453,22464
22453,22468
22453,22475
22456,22458
22458,22464
22458,22468
22458,22475
22464,22468
22468,22475
22468,22482
22468,22483
22475,22482
22482,22483
22482,22500
22482,22501
22482,22502
22483,22500
22483,22501
22483,22502
22500,22501
22501,22502
22501,22510
22501,22519
22502,22510
22510,22519
22510,22531
22510,22532
22510,22534
22519,22531
22519,22532
22531,22532
22532,22534
22534,22541
22534,22546
22534,22550
22541,22546
22541,22550
22541,22559
22541,22570
22541,22586
22541,22596
22546,22550
22550,22559
22559,22570
22570,22586
22570,22596
22570,22599
22570,22606
22570,22607
22586,22596
22596,22599
22599,22606
22606,22607
22607,22609
22607,22614
22607,22617
22607,22619
22607,22622
22609,22614
22614,22617
22614,22619
22617,22619
22617,22622
22619,22622
22619,22623
22619,22625
22619,22631
22619,22633
22622,22623
22623,22625
22623,22631
22623,22633
22623,22634
22625,22631
22625,22633
22625,22634
22625,22645
22631,22633
22633,22634
22634,22645
22645,22647
22647,22649
22647,22651
22647,22655
22649,22651
22649,22655
22649,22657
22651,22655
22655,22657
22655,22665
22655,22669
22655,22673
22657,22665
22657,22669
22657,22673
22657,22676
22665,22669
22665,22673
22665,22676
22669,22673
22673,22676
22676,22677
22676,22679
22676,22685
22677,22679
22677,22685
22677,22688
22677,22693
22679,22685
22679,22688
22679,22693
22679,22703
22679,22708
22685,22688
22685,22693
22688,22693
22693,22703
22703,22708
22703,22713
22708,22713
22708,22714
22713,22714
22714,22721
22714,22722
22714,22723
22721,22722
22721,22723
22722,22723
22723,22725
22723,22731
22723,22735
22723,22738
22723,22740
22725,22731
22731,22735
22735,22738
22735,22740
22735,22743
22738,22740
22738,22743
22738,22747
22740,22743
22740,22747
22740,22749
22740,22751
22743,22747
22743,22749
22747,22749
22749,22751
22751,22752
22751,22753
22751,22755
22751,22760
22751,22761
22751,22763
22752,22753
22753,22755
22755,22760
22755,22761
22760,22761
22760,22763
22760,22765
22760,22768
22761,22763
22763,22765
22763,22768
22765,22768
22765,22770
22768,22770
22770,22775
22775,22795
22775,22804
22795,22804
22804,22814
22814,22822
22814,22827
22814,22831
22814,22840
22814,22848
22822,22827
22822,22831
22822,22840
22822,22848
22822,22852
22827,22831
22831,22840
22840,22848
22840,22852
22848,22852
22852,22854
22854,22858
22854,22861
22858,22861
22858,22876
22858,22877
22861,22876
22876,22877
22876,22879
22876,22880
22877,22879
22879,22880
22880,22884
22880,22886
22884,22886
22886,22892
22886,22902
22892,22902
22892,22907
22892,22914
22892,22916
22892,22924
22892,22934
22892,22938
22902,22907
22907,22914
22907,22916
22914,22916
22916,22924
22916,22934
22924,22934
22924,22938
22924,22947
22934,22938
22938,22947
22938,22950
22947,22950
22947,22956
22950,22956
22956,22959
22959,22961
22959,22966
22961,22966
22966,22969
22966,22970
22969,22970
22969,22973
22969,22977
22970,22973
22973,22977
22973,22981
22973,22983
22977,22981
22977,22983
22981,22983
22981,22996
22981,22997
22981,23002
22983,22996
22983,22997
22983,23002
22983,23011
22996,22997
22997,23002
22997,23011
23002,23011
23002,23013
23011,23013
23013,23017
23017,23019
23017,23024
23017,23035
23019,23024
23019,23035
23019,23038
23019,23040
23019,23042
23024,23035
23024,23038
23024,23040
23035,23038
23038,23040
23038,23042
23038,23048
23038,23051
23040,23042
23040,23048
23040,23051
23040,23060
23042,23048
23048,23051
23048,23060
23051,23060
23060,23065
23060,23077
23060,23080
23060,23083
23065,23077
23065,23080
23077,23080
23080,23083
23083,23088
23088,23092
23088,23094
23088,23096
23088,23097
23092,23094
23094,23096
23094,23097
23094,23100
23094,23111
23096,23097
23097,23100
23100,23111
23100,23112
23100,23114
23100,23139
23111,23112
23112,23114
23112,23139
23112,23140
23112,23152
23114,23139
23114,23140
23114,23152
23139,23140
23139,23152
23140,23152
23152,23166
23166,23168
23166,23169
23168,23169
23169,23172
23172,23176
23176,23177
23177,23178
23177,23184
23178,23184
23184,23187
23187,23200
23200,23204
23200,23209
23200,23210
23200,23213
23200,23215
23204,23209
23204,23210
23209,23210
23210,23213
23213,23215
23215,23220
23215,23223
23220,23223
23223,23224
23223,23226
23223,23229
23224,23226
23224,23229
23226,23229
23226,23231
23226,23233
23226,23239
23229,23231
23231,23233
23233,23239
23239,23240
23240,23243
23243,23252
23252,23256
23252,23257
23256,23257
23257,23266
23257,23267
23257,23269
23257,23271
23266,23267
23266,23269
23267,23269
23267,23271
23267,23274
23269,23271
23271,23274
23274,23280
23280,23302
23302,23309
23302,23312
23302,23317
23302,23318
23309,23312
23312,23317
23317,23318
23318,23319
23319,23333
23333,23339
23339,23352
23352,23356
23352,23367
23356,23367
23367,23372
23372,23373
23373,23382
23382,23385
23385,23388
23388,23390
23388,23396
23390,23396
23396,23397
23397,23400
23400,23410
23400,23412
23410,23412
23410,23414
23410,23428
23412,23414
23412,23428
23412,23429
23414,23428
23414,23429
23414,23443
23428,23429
23428,23443
23429,23443
23429,23447
23429,23451
23443,23447
23443,23451
23447,23451
23451,23459
23459,23468
23468,23471
23468,23472
23471,23472
23472,23477
23477,23482
23482,23484
23484,23485
23484,23493
23485,23493
23485,23495
23485,23498
23485,23499
23493,23495
23495,23498
23495,23499
23495,23504
23498,23499
23498,23504
23498,23506
23499,23504
23504,23506
23504,23507
23506,23507
23507,23510
23507,23513
23507,23520
23507,23523
23510,23513
23513,23520
23520,23523
23520,23536
23520,23547
23523,23536
23523,23547
23536,23547
23536,23551
23536,23558
23536,23567
23547,23551
23547,23558
23551,23558
23551,23567
23558,23567
23558,23571
23567,23571
23567,23577
23567,23578
23567,23580
23567,23581
23571,23577
23571,23578
23571,23580
23577,23578
23577,23580
23578,23580
23580,23581
23580,23588
23581,23588
23581,23594
23581,23604
23581,23607
23581,23613
23588,23594
23588,23604
23594,23604
23594,23607
23594,23613
23594,23614
23604,23607
23604,23613
23607,23613
23607,23614
23607,23617
23607,23625
23613,23614
23613,23617
23613,23625
23614,23617
23617,23625
23617,23626
23617,23634
23625,23626
23626,23634
23626,23653
23626,23663
23626,23667
23634,23653
23634,23663
23634,23667
23634,23670
23653,23663
23663,23667
23667,23670
23670,23673
23673,23676
23673,23684
23673,23687
23676,23684
23676,23687
23684,23687
23684,23694
23687,23694
23687,23699
23687,23700
23687,23703
23687,23720
23694,23699
23694,23700
23699,23700
23700,23703
23700,23720
23700,23727
23703,23720
23720,23727
23720,23731
23720,23733
23720,23736
23727,23731
23727,23733
23731,23733
23731,23736
23731,23738
23731,23741
23733,23736
23733,23738
23733,23741
23733,23744
23733,23746
23736,23738
23738,23741
23741,23744
23744,23746
23746,23751
23746,23764
23746,23765
23746,23766
23751,23764
23751,23765
23764,23765
23764,23766
23764,23772
23764,23773
23765,23766
23766,23772
23772,23773
23773,23775
23775,23780
23775,23781
23775,23783
23780,23781
23780,23783
23781,23783
23783,23784
23783,23788
23783,23792
23783,23794
23784,23788
23784,23792
23788,23792
23792,23794
23794,23795
23794,23796
23795,23796
23795,23809
23796,23809
23809,23810
23809,23821
23810,23821
23810,23822
23810,23824
23821,23822
23821,23824
23821,23827
23821,23829
23822,23824
23822,23827
23824,23827
23824,23829
23827,23829
23827,23839
23829,23839
23839,23840
23840,23841
23841,23846
23846,23849
23849,23851
23849,23854
23849,23855
23851,23854
23851,23855
23851,23865
23854,23855
23855,23865
23865,23866
23866,23871
23866,23872
23866,23873
23871,23872
23872,23873
23872,23876
23872,23886
23873,23876
23876,23886
23886,23892
23886,23893
23886,23894
23892,23893
23893,23894
23894,23896
23896,23897
23896,23898
23896,23914
23897,23898
23897,23914
23897,23928
23898,23914
23914,23928
23928,23964
23928,23966
23964,23966
23964,23974
23966,23974
23974,23977
23974,23981
23977,23981
23981,23988
23981,23992
23981,24001
23988,23992
23992,24001
23992,24002
23992,24013
23992,24023
24001,24002
24002,24013
24002,24023
24002,24025
24002,24027
24013,24023
24013,24025
24013,24027
24013,24030
24023,24025
24023,24027
24023,24030
24023,24031
24023,24035
24025,24027
24027,24030
24027,24031
24027,24035
24027,24036
24027,24037
24027,24042
24030,24031
24030,24035
24030,24036
24031,24035
24031,24036
24031,24037
24031,24042
24031,24044
24035,24036
24035,24037
24035,24042
24035,24044
24036,24037
24036,24042
24036,24044
24036,24045
24036,24050
24037,24042
24042,24044
24044,24045
24044,24050
24045,24050
24050,24054
24050,24057
24050,24059
24054,24057
24057,24059
24057,24060
24057,24068
24057,24070
24059,24060
24059,24068
24059,24070
24059,24072
24059,24076
24060,24068
24068,24070
24070,24072
24072,24076
24072,24079
24072,24087
24072,24101
24076,24079
24079,24087
24079,24101
24087,24101
24087,24103
24101,24103
24101,24111
24101,24113
24101,24114
24103,24111
24103,24113
24111,24113
24111,24114
24113,24114
24114,24115
24114,24116
24115,24116
24115,24122
24115,24123
24115,24138
24116,24122
24116,24123
24122,24123
24122,24138
24122,24141
24123,24138
24123,24141
24138,24141
24138,24145
24138,24146
24141,24145
24141,24146
24145,24146
24146,24147
24146,24149
24146,24150
24147,24149
24149,24150
24150,24151
24150,24156
24150,24161
24151,24156
24151,24161
24156,24161
24156,24165
24161,24165
24165,24170
24165,24177
24165,24188
24165,24189
24170,24177
24177,24188
24177,24189
24177,24190
24177,24203
24177,24204
24188,24189
24188,24190
24189,24190
24190,24203
24190,24204
24190,24207
24190,24208
24203,24204
24204,24207
24207,24208
24207,24212
24207,24215
24207,24218
24207,24220
24207,24229
24207,24232
24208,24212
24212,24215
24212,24218
24212,24220
24215,24218
24218,24220
24218,24229
24220,24229
24229,24232
24229,24237
24229,24242
24232,24237
24237,24242
24237,24249
24237,24259
24237,24260
24237,24263
24242,24249
24249,24259
24259,24260
24259,24263
24260,24263
24263,24266
24266,24267
24266,24272
24266,24280
24266,24281
24267,24272
24267,24280
24267,24281
24272,24280
24280,24281
24281,24287
24287,24305
24287,24308
24305,24308
24308,24313
24308,24315
24313,24315
24315,24316
24315,24317
24315,24329
24315,24339
24316,24317
24317,24329
24329,24339
24339,24340
24339,24342
24339,24360
24339,24364
24339,24374
24340,24342
24340,24360
24342,24360
24360,24364
24360,24374
24360,24379
24360,24381
24364,24374
24364,24379
24364,24381
24364,24384
24364,24392
24374,24379
24379,24381
24381,24384
24381,24392
24381,24394
24384,24392
24392,24394
24392,24396
24392,24399
24394,24396
24394,24399
24394,24403
24394,24405
24396,24399
24399,24403
24399,24405
24403,24405
24405,24407
24405,24408
24407,24408
24407,24411
24407,24417
24408,24411
24408,24417
24408,24422
24411,24417
24411,24422
24417,24422
24417,24427
24417,24432
24417,24438
24417,24441
24417,24442
24422,24427
24427,24432
24432,24438
24432,24441
24438,24441
24441,24442
24442,24447
24442,24452
24447,24452
24452,24468
24468,24469
24468,24474
24469,24474
24474,24486
24474,24490
24486,24490
24490,24501
24501,24507
24501,24516
24507,24516
24507,24528
24516,24528
24528,24531
24531,24546
24531,24552
24531,24556
24531,24578
24531,24587
24531,24590
24531,24596
24546,24552
24552,24556
24552,24578
24556,24578
24556,24587
24556,24590
24578,24587
24587,24590
24590,24596
24596,24602
24596,24605
24596,24610
24596,24618
24602,24605
24605,24610
24605,24618
24605,24626
24610,24618
24610,24626
24618,24626
24626,24629
24626,24642
24629,24642
24642,24645
24645,24649
24645,24650
24645,24656
24645,24657
24645,24660
24649,24650
24650,24656
24650,24657
24656,24657
24656,24660
24656,24664
24657,24660
24660,24664
24660,24666
24664,24666
24664,24670
24664,24672
24664,24674
24666,24670
24670,24672
24672,24674
24672,24675
24672,24679
24674,24675
24674,24679
24675,24679
24675,24686
24675,24689
24679,24686
24686,24689
24686,24690
24689,24690
24689,24691
24690,24691
24690,24697
24690,24702
24690,24713
24690,24718
24691,24697
24691,24702
24691,24713
24697,24702
24697,24713
24702,24713
24713,24718
24713,24719
24718,24719
24718,24720
24718,24722
24719,24720
24720,24722
24722,24731
24731,24734
24734,24737
24737,24748
24748,24749
24748,24759
24748,24765
24748,24767
24749,24759
24749,24765
24759,24765
24759,24767
24765,24767
24765,24782
24765,24787
24767,24782
24767,24787
24767,24796
24782,24787
24782,24796
24782,24799
24787,24796
24796,24799
24799,24805
24799,24808
24805,24808
24805,24821
24805,24830
24805,24833
24808,24821
24821,24830
24830,24833
24833,24844
24833,24845
24844,24845
24845,24855
24845,24862
24845,24872
24855,24862
24862,24872
24862,24885
24862,24895
24862,24900
24872,24885
24885,24895
24885,24900
24885,24903
24895,24900
24900,24903
24900,24906
24900,24911
24900,24913
24900,24920
24900,24922
24903,24906
24906,24911
24906,24913
24911,24913
24913,24920
24913,24922
24920,24922
24922,24928
24922,24938
24928,24938
24938,24942
24942,24951
24951,24953
24953,24967
24953,24973
24953,24974
24953,24976
24967,24973
24973,24974
24973,24976
24973,24980
24974,24976
24974,24980
24976,24980
24976,24982
24980,24982
24980,24987
24982,24987
24982,24994
24987,24994
24994,24997
24994,25005
24994,25008
24994,25010
24994,25011
24997,25005
25005,25008
25008,25010
25010,25011
25011,25014
25011,25025
25011,25028
25011,25032
25014,25025
25025,25028
25025,25032
25028,25032
25032,25039
25032,25042
25032,25046
25032,25048
25039,25042
25039,25046
25042,25046
25046,25048
25048,25052
25052,25059
25052,25061
25059,25061
25059,25062
25061,25062
25062,25066
25066,25068
25066,25074
25066,25075
25066,25086
25068,25074
25074,25075
25074,25086
25074,25087
25074,25090
25075,25086
25086,25087
25086,25090
25086,25093
25086,25105
25086,25108
25087,25090
25090,25093
25090,25105
25093,25105
25093,25108
25105,25108
25105,25109
25105,25111
25108,25109
25108,25111
25108,25113
25108,25122
25108,25125
25109,25111
25111,25113
25113,25122
25122,25125
25125,25126
25126,25127
25127,25128
25127,25131
25127,25144
25127,25150
25128,25131
25128,25144
25128,25150
25128,25151
25131,25144
25131,25150
25131,25151
25144,25150
25144,25151
25150,25151
25150,25153
25150,25155
25151,25153
25153,25155
25155,25158
25155,25159
25158,25159
25158,25171
25159,25171
25171,25172
25172,25177
25172,25179
25172,25200
25177,25179
25177,25200
25177,25201
25177,25203
25179,25200
25200,25201
25201,25203
25203,25212
25212,25213
25213,25223
25223,25237
25237,25241
25241,25244
25241,25247
25244,25247
25244,25258
25244,25261
25247,25258
25258,25261
25261,25262
25261,25264
25262,25264
25264,25266
25264,25268
25266,25268
25268,25275
25275,25277
25275,25278
25275,25280
25277,25278
25278,25280
25278,25283
25278,25286
25278,25288
25278,25290
25280,25283
25280,25286
25283,25286
25283,25288
25283,25290
25286,25288
25286,25290
25286,25291
25288,25290
25290,25291
25290,25297
25291,25297
25297,25299
25297,25305
25299,25305
25305,25306
25305,25308
25305,25314
25305,25317
25306,25308
25306,25314
25306,25317
25308,25314
25314,25317
25314,25319
25317,25319
25319,25320
25320,25326
25326,25327
25327,25342
25342,25353
25353,25357
25353,25358
25357,25358
25357,25363
25357,25364
25358,25363
25363,25364
25364,25366
25364,25369
25364,25374
25364,25375
25366,25369
25366,25374
25366,25375
25369,25374
25369,25375
25374,25375
25374,25381
25375,25381
25375,25384
25375,25389
25381,25384
25384,25389
25384,25392
25384,25394
25384,25396
25384,25400
25389,25392
25392,25394
25392,25396
25392,25400
25392,25402
25394,25396
25394,25400
25394,25402
25396,25400
25396,25402
25400,25402
25402,25403
25402,25404
25402,25407
25403,25404
25404,25407
25407,25408
25407,25409
25408,25409
25409,25410
25409,25415
25409,25418
25409,25426
25409,25430
25410,25415
25415,25418
25415,25426
25418,25426
25426,25430
25430,25439
25439,25440
25439,25441
25440,25441
25441,25450
25450,25466
25466,25469
25466,25473
25466,25475
25466,25476
25469,25473
25469,25475
25473,25475
25473,25476
25473,25484
25475,25476
25475,25484
25475,25486
25475,25505
25476,25484
25484,25486
25484,25505
25486,25505
25486,25506
25486,25507
25505,25506
25505,25507
25506,25507
25506,25511
25506,25513
25506,25521
25507,25511
25507,25513
25507,25521
25507,25528
25507,25529
25511,25513
25513,25521
25521,25528
25521,25529
25521,25530
25528,25529
25528,25530
25528,25534
25529,25530
25529,25534
25529,25536
25530,25534
25530,25536
25534,25536
25536,25539
25536,25542
25536,25543
25539,25542
25539,25543
25539,25547
25542,25543
25542,25547
25543,25547
25547,25553
25553,25562
25553,25567
25553,25572
25562,25567
25567,25572
25567,25584
25572,25584
25584,25586
25584,25595
25586,25595
25595,25598
25595,25604
25598,25604
25604,25609
25604,25614
25604,25616
25609,25614
25609,25616
25609,25625
25609,25632
25609,25633
25614,25616
25616,25625
25616,25632
25616,25633
25616,25636
25616,25638
25625,25632
25632,25633
25633,25636
25633,25638
25633,25639
25633,25648
25636,25638
25636,25639
25638,25639
25639,25648
25639,25649
25639,25652
25648,25649
25649,25652
25649,25670
25649,25674
25649,25676
25649,25687
25652,25670
25670,25674
25670,25676
25670,25687
25670,25689
25674,25676
25674,25687
25674,25689
25676,25687
25687,25689
25687,25706
25687,25707
25687,25716
25689,25706
25706,25707
25706,25716
25707,25716
25716,25719
25719,25724
25724,25725
25725,25731
25725,25733
25725,25734
25731,25733
25731,25734
25731,25740
25731,25743
25731,25746
25733,25734
25734,25740
25734,25743
25734,25746
25740,25743
25740,25746
25743,25746
25743,25750
25743,25753
25746,25750
25750,25753
25753,25754
25753,25756
25753,25765
25754,25756
25754,25765
25754,25767
25756,25765
25765,25767
25767,25769
25767,25781
25769,25781
25769,25793
25781,25793
25793,25802
25793,25804
25793,25805
25802,25804
25802,25805
25802,25808
25802,25812
25804,25805
25805,25808
25805,25812
25805,25815
25805,25816
25808,25812
25808,25815
25808,25816
25812,25815
25815,25816
25816,25821
25816,25826
25821,25826
25821,25831
25826,25831
25826,25834
25826,25846
25826,25850
25826,25857
25831,25834
25831,25846
25831,25850
25834,25846
25834,25850
25834,25857
25846,25850
25846,25857
25846,25864
25846,25874
25850,25857
25857,25864
25864,25874
25864,25903
25874,25903
25903,25906
25906,25910
25906,25912
25906,25914
25906,25922
25906,25934
25910,25912
25910,25914
25910,25922
25910,25934
25910,25935
25910,25949
25912,25914
25912,25922
25912,25934
25914,25922
25922,25934
25934,25935
25934,25949
25934,25955
25934,25957
25935,25949
25949,25955
25949,25957
25955,25957
25955,25958
25955,25965
25955,25984
25957,25958
25957,25965
25957,25984
25958,25965
25958,25984
25958,25985
25958,25987
25965,25984
25965,25985
25965,25987
25965,25991
25984,25985
25985,25987
25987,25991
25991,25995
25995,25998
25995,26002
25995,26003
25995,26014
25995,26017
25998,26002
25998,26003
25998,26014
26002,26003
26002,26014
26002,26017
26002,26019
26002,26023
26003,26014
26014,26017
26017,26019
26019,26023
26019,26024
26019,26025
26023,26024
26024,26025
26025,26027
26027,26030
26030,26042
26042,26043
26043,26046
26046,26056
26056,26063
26056,26065
26056,26068
26063,26065
26063,26068
26063,26072
26065,26068
26068,26072
26068,26075
26068,26076
26068,26080
26072,26075
26075,26076
26076,26080
26080,26081
26080,26089
26080,26101
26081,26089
26081,26101
26081,26105
26089,26101
26089,26105
26101,26105
26105,26119
26105,26121
26119,26121
26119,26124
26119,26125
26121,26124
26124,26125
26125,26128
26128,26133
26128,26139
26128,26146
26133,26139
26133,26146
26133,26147
26139,26146
26139,26147
26139,26161
26139,26167
26146,26147
26147,26161
26161,26167
26167,26175
26175,26181
26175,26182
26175,26186
26181,26182
26181,26186
26181,26189
26182,26186
26182,26189
26186,26189
26186,26191
26186,26192
26186,26215
26189,26191
26191,26192
26191,26215
26191,26217
26191,26226
26191,26229
26191,26234
26191,26237
26192,26215
26192,26217
26215,26217
26215,26226
26215,26229
26217,26226
26217,26229
26226,26229
26229,26234
26234,26237
26237,26240
26237,26250
26240,26250
26240,26251
26250,26251
26251,26254
26254,26257
26254,26263
26254,26274
26254,26276
26254,26280
26254,26282
26257,26263
26257,26274
26257,26276
26263,26274
26274,26276
26274,26280
26274,26282
26276,26280
26276,26282
26280,26282
26280,26285
26280,26291
26280,26293
26282,26285
26285,26291
26285,26293
26285,26294
26285,26299
26291,26293
26293,26294
26293,26299
26294,26299
26299,26306
26306,26310
26306,26317
26310,26317
26317,26324
26317,26334
26317,26335
26317,26343
26317,26344
26317,26347
26317,26348
26324,26334
26324,26335
26334,26335
26334,26343
26334,26344
26334,26347
26334,26348
26335,26343
26335,26344
26335,26347
26343,26344
26344,26347
26344,26348
26344,26350
26344,26352
26347,26348
26347,26350
26347,26352
26347,26361
26347,26362
26347,26363
26348,26350
26348,26352
26348,26361
26348,26362
26350,26352
26352,26361
26361,26362
26361,26363
26361,26372
26362,26363
26363,26372
26363,26376
26372,26376
26376,26379
26376,26389
26379,26389
26379,26398
26389,26398
26398,26400
26400,26402
26400,26404
26400,26408
26402,26404
26402,26408
26404,26408
26404,26412
26404,26416
26408,26412
26412,26416
26416,26422
26416,26425
26416,26437
26416,26439
26422,26425
26425,26437
26425,26439
26425,26453
26425,26455
26425,26461
26437,26439
26437,26453
26439,26453
26439,26455
26453,26455
26455,26461
26455,26465
26455,26469
26455,26471
26455,26475
26461,26465
26465,26469
26469,26471
26471,26475
26475,26490
26475,26491
26475,26500
26490,26491
26490,26500
26490,26514
26490,26517
26490,26522
26491,26500
26500,26514
26500,26517
26514,26517
26514,26522
26514,26524
26514,26525
26514,26527
26517,26522
26522,26524
26524,26525
26524,26527
26524,26530
26524,26532
26525,26527
26527,26530
26527,26532
26527,26533
26527,26535
26527,26538
26527,26539
26530,26532
26532,26533
26532,26535
26532,26538
26533,26535
26533,26538
26535,26538
26535,26539
26535,26549
26535,26550
26535,26551
26535,26554
26538,26539
26539,26549
26539,26550
26549,26550
26549,26551
26549,26554
26549,26562
26549,26568
26549,26571
26550,26551
26550,26554
26551,26554
26551,26562
26551,26568
26554,26562
26562,26568
26568,26571
26568,26572
26568,26573
26571,26572
26572,26573
26573,26580
26580,26593
26580,26599
26580,26605
26580,26607
26593,26599
26593,26605
26599,26605
26605,26607
26607,26608
26608,26611
26608,26623
26611,26623
26611,26624
26611,26629
26623,26624
26624,26629
26624,26630
26624,26635
26624,26640
26629,26630
26629,26635
26630,26635
26635,26640
26640,26643
26640,26644
26643,26644
26644,26659
26644,26665
26644,26672
26659,26665
26659,26672
26659,26674
26665,26672
26672,26674
26672,26677
26672,26683
26674,26677
26674,26683
26677,26683
26677,26687
26683,26687
26683,26697
26683,26699
26687,26697
26687,26699
26687,26700
26697,26699
26697,26700
26699,26700
26699,26702
26700,26702
26700,26703
26702,26703
26703,26706
26703,26708
26703,26712
26706,26708
26706,26712
26706,26714
26706,26715
26708,26712
26708,26714
26708,26715
26712,26714
26714,26715
26715,26718
26718,26721
26721,26724
26721,26725
26721,26738
26721,26741
26724,26725
26725,26738
26738,26741
26738,26744
26741,26744
26741,26746
26744,26746
26744,26753
26746,26753
26753,26756
26756,26759
26756,26762
26759,26762
26759,26766
26759,26771
26762,26766
26766,26771
26771,26773
26773,26777
26777,26780
26777,26787
26780,26787
26780,26794
26787,26794
26794,26800
26800,26806
26806,26809
26809,26813
26809,26836
26809,26841
26809,26844
26813,26836
26836,26841
26836,26844
26841,26844
26844,26858
26858,26859
26858,26874
26859,26874
26859,26880
26859,26881
26874,26880
26880,26881
26881,26884
26881,26890
26881,26899
26881,26911
26881,26913
26884,26890
26890,26899
26899,26911
26899,26913
26899,26918
26911,26913
26913,26918
26918,26919
26919,26927
26927,26931
26931,26932
26932,26939
26939,26943
26939,26948
26939,26950
26943,26948
26943,26950
26948,26950
26948,26954
26948,26956
26948,26964
26950,26954
26954,26956
26954,26964
26956,26964
26964,26977
26964,26989
26977,26989
26989,26994
26994,26996
26994,26999
26996,26999
26999,27005
26999,27013
27005,27013
27013,27019
27013,27021
27013,27023
27013,27026
27013,27038
27013,27040
27019,27021
27021,27023
27023,27026
27026,27038
27038,27040
27040,27043
27043,27044
27044,27045
27044,27046
27045,27046
27046,27049
27046,27056
27049,27056
27056,27070
27070,27073
27070,27081
27070,27087
27073,27081
27073,27087
27081,27087
27087,27088
27088,27105
27105,27108
27105,27109
27105,27111
27105,27117
27105,27121
27105,27122
27108,27109
27109,27111
27109,27117
27111,27117
27117,27121
27121,27122
27122,27127
27127,27131
27131,27135
27135,27136
27135,27137
27135,27143
27135,27144
27136,27137
27137,27143
27143,27144
27143,27150
27143,27154
27143,27165
27143,27167
27143,27170
27144,27150
27144,27154
27144,27165
27144,27167
27150,27154
27150,27165
27154,27165
27165,27167
27165,27170
27165,27174
27167,27170
27167,27174
27167,27184
27167,27186
27167,27192
27167,27201
27170,27174
27174,27184
27174,27186
27174,27192
27174,27201
27184,27186
27184,27192
27186,27192
27186,27201
27186,27206
27192,27201
27192,27206
27192,27216
27201,27206
27206,27216
27206,27218
27216,27218
27216,27221
27216,27222
27218,27221
27221,27222
27221,27227
27221,27232
27221,27246
27221,27247
27222,27227
27222,27232
27227,27232
27227,27246
27232,27246
27246,27247
27247,27256
27247,27260
27256,27260
27260,27261
27260,27264
27260,27266
27260,27270
27260,27271
27260,27276
27261,27264
27261,27266
27264,27266
27264,27270
27266,27270
27270,27271
27271,27276
27271,27277
27271,27281
27271,27293
27271,27295
27276,27277
27277,27281
27277,27293
27281,27293
27281,27295
27281,27296
27281,27298
27293,27295
27295,27296
27295,27298
27296,27298
27298,27312
27298,27324
27298,27326
27298,27328
27298,27329
27312,27324
27312,27326
27312,27328
27324,27326
27324,27328
27324,27329
27326,27328
27328,27329
27329,27337
27337,27340
27337,27341
27337,27343
27340,27341
27340,27343
27340,27346
27341,27343
27341,27346
27343,27346
27343,27348
27343,27358
27343,27367
27346,27348
27346,27358
27348,27358
27358,27367
27358,27378
27358,27384
27367,27378
27378,27384
27384,27385
27384,27399
27384,27401
27385,27399
27399,27401
27401,27403
27401,27404
27403,27404
27403,27411
27403,27421
27403,27429
27403,27431
27404,27411
27411,27421
27421,27429
27421,27431
27421,27434
27429,27431
27431,27434
27431,27439
27434,27439
27434,27447
27434,27448
27439,27447
27447,27448
27447,27457
27447,27458
27448,27457
27457,27458
