3,11
3,27448
3,27457
3,27458
11,25
11,27448
11,27457
25,28
25,36
28,36
28,44
28,45
36,44
44,45
45,56
56,57
56,58
56,62
56,63
56,66
57,58
57,62
57,63
57,66
58,62
58,63
58,66
58,69
62,63
63,66
66,69
66,72
66,79
66,87
69,72
72,79
79,87
87,93
87,95
93,95
95,97
95,102
97,102
102,107
107,117
107,121
107,127
117,121
117,127
117,129
121,127
127,129
129,133
133,135
133,148
133,150
135,148
135,150
135,151
148,150
148,151
150,151
151,154
151,155
151,163
151,165
154,155
155,163
155,165
163,165
163,168
165,168
168,175
175,176
176,184
176,191
176,196
184,191
191,196
191,197
196,197
197,203
203,208
203,211
203,215
203,216
208,211
208,215
211,215
211,216
215,216
215,218
215,219
215,227
215,229
216,218
216,219
218,219
218,227
218,229
219,227
219,229
219,230
219,234
219,235
227,229
229,230
229,234
229,235
230,234
230,235
230,239
230,244
234,235
234,239
234,244
234,247
234,249
235,239
235,244
239,244
244,247
244,249
247,249
249,255
255,257
257,278
257,279
278,279
279,282
279,299
282,299
299,302
302,304
304,309
304,311
304,312
309,311
309,312
309,316
309,322
309,326
309,331
311,312
311,316
312,316
312,322
312,326
316,322
322,326
322,331
322,334
322,337
326,331
331,334
331,337
334,337
334,341
334,351
334,353
337,341
337,351
337,353
337,355
337,356
341,351
351,353
351,355
351,356
353,355
353,356
353,357
355,356
355,357
356,357
357,363
363,364
363,367
364,367
367,371
367,378
367,379
371,378
371,379
378,379
379,396
379,397
379,398
396,397
396,398
397,398
397,403
398,403
403,412
403,414
403,416
403,418
403,420
412,414
414,416
416,418
416,420
416,422
416,425
418,420
418,422
418,425
418,427
420,422
420,425
420,427
422,425
422,427
425,427
425,430
427,430
427,434
427,439
430,434
430,439
430,445
434,439
434,445
434,460
434,462
439,445
445,460
460,462
462,464
464,472
472,483
483,488
483,492
483,494
483,501
483,503
488,492
488,494
488,501
488,503
488,509
492,494
492,501
492,503
492,509
494,501
494,503
501,503
503,509
503,512
503,516
503,519
509,512
512,516
512,519
512,522
516,519
519,522
519,533
519,534
522,533
522,534
522,547
533,534
534,547
547,551
551,553
553,559
559,562
562,565
562,567
565,567
565,575
565,577
565,591
567,575
575,577
575,591
577,591
577,599
591,599
591,607
599,607
607,614
607,621
607,627
607,635
614,621
621,627
621,635
621,638
627,635
635,638
635,640
635,643
638,640
640,643
643,646
643,647
646,647
647,648
647,651
647,656
647,659
647,664
647,665
648,651
648,656
651,656
651,659
651,664
651,665
656,659
659,664
659,665
659,666
664,665
664,666
665,666
666,667
666,668
666,669
667,668
667,669
667,678
667,680
668,669
669,678
669,680
678,680
678,690
678,691
680,690
680,691
680,693
690,691
690,693
690,697
690,701
690,718
690,721
690,724
691,693
693,697
697,701
701,718
718,721
718,724
721,724
724,734
724,735
724,737
724,739
734,735
735,737
735,739
735,745
737,739
739,745
745,749
749,752
752,756
756,761
756,763
756,768
756,779
761,763
761,768
763,768
763,779
768,779
768,786
768,796
779,786
779,796
786,796
786,806
786,811
796,806
796,811
796,823
806,811
806,823
806,828
806,829
806,830
806,848
811,823
823,828
823,829
828,829
828,830
828,848
829,830
830,848
848,849
848,853
848,855
849,853
849,855
853,855
853,857
855,857
855,862
855,867
857,862
862,867
867,873
867,874
867,875
867,877
873,874
874,875
875,877
875,882
875,887
875,891
877,882
877,887
882,887
882,891
887,891
887,896
887,897
887,909
887,910
887,923
891,896
891,897
891,909
891,910
891,923
896,897
897,909
897,910
897,923
909,910
910,923
923,925
923,926
925,926
925,938
926,938
938,940
940,945
940,947
940,948
940,954
940,956
940,958
940,959
945,947
947,948
948,954
954,956
956,958
958,959
959,966
959,968
959,977
959,980
966,968
966,977
968,977
968,980
977,980
977,986
977,989
977,993
977,999
980,986
986,989
986,993
986,999
989,993
993,999
993,1003
993,1007
999,1003
999,1007
999,1008
1003,1007
1003,1008
1007,1008
1007,1010
1008,1010
1008,1014
1010,1014
1010,1021
1010,1025
1014,1021
1021,1025
1021,1027
1025,1027
1027,1031
1027,1036
1031,1036
1031,1045
1031,1054
1031,1060
1036,1045
1036,1054
1036,1060
1036,1065
1036,1070
1045,1054
1045,1060
1054,1060
1060,1065
1065,1070
1070,1077
1077,1078
1078,1091
1091,1095
1095,1096
1095,1098
1095,1102
1096,1098
1098,1102
1102,1104
1102,1115
1102,1116
1104,1115
1115,1116
1115,1118
1115,1119
1115,1122
1116,1118
1116,1119
1116,1122
1116,1123
1116,1130
1116,1142
1116,1143
1116,1145
1116,1147
1118,1119
1118,1122
1118,1123
1118,1130
1119,1122
1122,1123
1122,1130
1123,1130
1123,1142
1123,1143
1130,1142
1142,1143
1142,1145
1143,1145
1145,1147
1145,1148
1145,1150
1147,1148
1148,1150
1150,1156
1150,1158
1156,1158
1156,1160
1158,1160
1158,1161
1158,1166
1160,1161
1161,1166
1166,1167
1167,1170
1167,1171
1170,1171
1171,1181
1171,1182
1181,1182
1182,1186
1182,1188
1182,1194
1186,1188
1186,1194
1186,1195
1188,1194
1194,1195
1195,1197
1197,1202
1202,1204
1202,1226
1202,1227
1202,1230
1202,1233
1204,1226
1226,1227
1227,1230
1230,1233
1233,1239
1233,1250
1233,1253
1233,1262
1239,1250
1250,1253
1253,1262
1253,1266
1262,1266
1262,1273
1262,1276
1266,1273
1266,1276
1266,1285
1266,1291
1273,1276
1273,1285
1273,1291
1276,1285
1276,1291
1285,1291
1285,1293
1291,1293
1293,1297
1293,1299
1297,1299
1297,1305
1299,1305
1305,1306
1305,1316
1305,1324
1306,1316
1306,1324
1316,1324
1324,1326
1324,1333
1324,1335
1324,1338
1326,1333
1326,1335
1326,1338
1333,1335
1333,1338
1333,1348
1335,1338
1335,1348
1338,1348
1338,1358
1338,1361
1348,1358
1348,1361
1358,1361
1358,1369
1358,1384
1358,1385
1358,1391
1358,1394
1361,1369
1369,1384
1384,1385
1385,1391
1385,1394
1385,1411
1385,1417
1385,1420
1391,1394
1394,1411
1394,1417
1394,1420
1394,1426
1394,1429
1411,1417
1411,1420
1417,1420
1417,1426
1420,1426
1420,1429
1426,1429
1429,1434
1429,1445
1429,1446
1429,1452
1434,1445
1434,1446
1445,1446
1446,1452
1452,1454
1454,1457
1454,1458
1457,1458
1457,1462
1458,1462
1462,1469
1462,1473
1462,1475
1462,1478
1469,1473
1469,1475
1469,1478
1469,1489
1473,1475
1475,1478
1478,1489
1489,1495
1489,1497
1489,1500
1495,1497
1495,1500
1495,1506
1497,1500
1500,1506
1500,1516
1500,1529
1506,1516
1506,1529
1516,1529
1529,1537
1529,1539
1537,1539
1539,1541
1539,1545
1539,1548
1539,1549
1541,1545
1545,1548
1545,1549
1548,1549
1548,1551
1548,1552
1548,1553
1548,1554
1549,1551
1549,1552
1551,1552
1552,1553
1552,1554
1552,1558
1552,1564
1552,1565
1552,1567
1553,1554
1553,1558
1553,1564
1553,1565
1554,1558
1554,1564
1554,1565
1558,1564
1564,1565
1565,1567
1565,1578
1565,1582
1565,1588
1567,1578
1578,1582
1582,1588
1588,1590
1590,1604
1604,1605
1605,1612
1612,1615
1612,1624
1612,1626
1612,1629
1615,1624
1615,1626
1624,1626
1624,1629
1624,1647
1626,1629
1629,1647
1647,1648
1648,1650
1650,1653
1653,1659
1653,1664
1659,1664
1664,1665
1664,1666
1664,1668
1664,1677
1665,1666
1666,1668
1666,1677
1668,1677
1668,1681
1668,1684
1668,1686
1677,1681
1681,1684
1681,1686
1684,1686
1684,1688
1684,1690
1684,1700
1686,1688
1688,1690
1688,1700
1688,1709
1688,1711
1688,1713
1690,1700
1700,1709
1700,1711
1700,1713
1700,1720
1700,1721
1709,1711
1709,1713
1709,1720
1711,1713
1713,1720
1720,1721
1721,1725
1721,1744
1725,1744
1744,1772
1772,1780
1780,1781
1781,1782
1781,1785
1781,1787
1781,1791
1782,1785
1782,1787
1782,1791
1782,1796
1785,1787
1787,1791
1791,1796
1791,1798
1791,1799
1796,1798
1796,1799
1796,1807
1796,1810
1798,1799
1799,1807
1799,1810
1799,1811
1799,1815
1799,1821
1799,1823
1807,1810
1807,1811
1810,1811
1810,1815
1811,1815
1815,1821
1821,1823
1821,1829
1821,1831
1823,1829
1823,1831
1829,1831
1831,1838
1831,1854
1831,1860
1831,1867
1838,1854
1838,1860
1838,1867
1838,1870
1854,1860
1860,1867
1860,1870
1860,1873
1867,1870
1867,1873
1867,1877
1870,1873
1870,1877
1873,1877
1873,1878
1877,1878
1877,1881
1877,1882
1877,1888
1878,1881
1881,1882
1882,1888
1888,1892
1888,1893
1888,1894
1888,1896
1892,1893
1893,1894
1894,1896
1894,1903
1896,1903
1896,1908
1903,1908
1903,1910
1903,1916
1908,1910
1908,1916
1908,1917
1910,1916
1910,1917
1910,1921
1916,1917
1916,1921
1916,1922
1917,1921
1917,1922
1917,1941
1921,1922
1921,1941
1922,1941
1922,1942
1941,1942
1941,1947
1941,1954
1942,1947
1947,1954
1954,1962
1954,1971
1962,1971
1962,1972
1962,1977
1971,1972
1971,1977
1971,1990
1972,1977
1977,1990
1990,1995
1990,1998
1990,1999
1990,2002
1995,1998
1998,1999
1998,2002
1999,2002
2002,2004
2002,2009
2002,2014
2002,2015
2004,2009
2004,2014
2004,2015
2004,2018
2009,2014
2009,2015
2014,2015
2014,2018
2014,2020
2015,2018
2018,2020
2020,2024
2020,2028
2024,2028
2024,2033
2024,2035
2028,2033
2033,2035
2035,2041
2041,2044
2041,2058
2041,2065
2044,2058
2044,2065
2044,2067
2058,2065
2065,2067
2065,2071
2065,2078
2067,2071
2071,2078
2071,2079
2071,2081
2078,2079
2078,2081
2078,2087
2078,2091
2079,2081
2079,2087
2081,2087
2087,2091
2087,2106
2091,2106
2091,2111
2106,2111
2106,2119
2106,2127
2111,2119
2119,2127
2127,2130
2130,2134
2130,2135
2130,2137
2130,2146
2134,2135
2134,2137
2135,2137
2137,2146
2146,2154
2154,2160
2160,2168
2168,2173
2173,2175
2173,2192
2175,2192
2192,2200
2200,2201
2200,2207
2200,2211
2200,2212
2200,2214
2200,2226
2201,2207
2207,2211
2211,2212
2211,2214
2212,2214
2214,2226
2214,2228
2226,2228
2226,2229
2226,2230
2226,2243
2226,2244
2228,2229
2228,2230
2229,2230
2230,2243
2230,2244
2230,2256
2230,2261
2230,2266
2243,2244
2244,2256
2244,2261
2244,2266
2244,2270
2244,2271
2256,2261
2256,2266
2261,2266
2266,2270
2270,2271
2271,2275
2271,2291
2275,2291
2291,2298
2291,2300
2291,2302
2291,2307
2298,2300
2298,2302
2298,2307
2298,2318
2298,2322
2300,2302
2302,2307
2302,2318
2302,2322
2302,2326
2307,2318
2307,2322
2307,2326
2318,2322
2318,2326
2322,2326
2322,2331
2326,2331
2331,2332
2332,2342
2342,2349
2349,2353
2353,2354
2354,2365
2354,2366
2365,2366
2365,2370
2365,2384
2365,2403
2366,2370
2366,2384
2366,2403
2366,2404
2370,2384
2370,2403
2384,2403
2403,2404
2404,2410
2404,2419
2404,2428
2410,2419
2410,2428
2419,2428
2428,2436
2436,2437
2436,2440
2436,2441
2437,2440
2440,2441
2441,2445
2445,2447
2445,2449
2445,2450
2447,2449
2449,2450
2450,2459
2459,2462
2462,2463
2463,2467
2463,2478
2467,2478
2478,2482
2482,2487
2487,2491
2487,2494
2487,2503
2491,2494
2494,2503
2494,2517
2494,2518
2494,2524
2503,2517
2503,2518
2503,2524
2503,2527
2517,2518
2517,2524
2517,2527
2518,2524
2518,2527
2518,2529
2524,2527
2527,2529
2529,2533
2533,2536
2536,2546
2546,2548
2546,2550
2546,2554
2546,2560
2548,2550
2548,2554
2548,2560
2548,2564
2548,2566
2548,2576
2550,2554
2554,2560
2560,2564
2564,2566
2564,2576
2566,2576
2566,2578
2576,2578
2578,2580
2578,2586
2580,2586
2580,2592
2580,2595
2586,2592
2586,2595
2586,2606
2592,2595
2592,2606
2592,2608
2595,2606
2606,2608
2606,2613
2606,2618
2606,2621
2608,2613
2613,2618
2613,2621
2613,2626
2618,2621
2621,2626
2626,2631
2626,2636
2631,2636
2636,2643
2643,2649
2649,2651
2651,2655
2655,2656
2656,2661
2661,2671
2671,2675
2671,2680
2671,2685
2671,2692
2675,2680
2675,2685
2675,2692
2680,2685
2680,2692
2680,2696
2685,2692
2685,2696
2685,2700
2685,2708
2685,2712
2692,2696
2692,2700
2692,2708
2696,2700
2700,2708
2700,2712
2700,2714
2700,2717
2708,2712
2712,2714
2714,2717
2717,2721
2717,2724
2717,2725
2721,2724
2724,2725
2725,2727
2725,2731
2727,2731
2727,2737
2727,2740
2727,2741
2731,2737
2731,2740
2731,2741
2737,2740
2740,2741
2740,2742
2741,2742
2741,2749
2741,2753
2741,2755
2741,2765
2742,2749
2742,2753
2749,2753
2753,2755
2753,2765
2753,2766
2755,2765
2755,2766
2755,2768
2765,2766
2766,2768
2766,2770
2768,2770
2770,2778
2770,2780
2770,2785
2778,2780
2778,2785
2778,2791
2780,2785
2780,2791
2780,2792
2780,2819
2780,2820
2785,2791
2785,2792
2785,2819
2785,2820
2791,2792
2791,2819
2792,2819
2792,2820
2792,2824
2792,2825
2819,2820
2819,2824
2819,2825
2820,2824
2824,2825
2824,2826
2825,2826
2825,2838
2826,2838
2826,2844
2838,2844
2838,2847
2838,2849
2844,2847
2844,2849
2847,2849
2849,2850
2849,2880
2849,2885
2849,2904
2849,2906
2850,2880
2880,2885
2880,2904
2880,2906
2880,2913
2885,2904
2885,2906
2885,2913
2885,2916
2904,2906
2904,2913
2906,2913
2913,2916
2916,2917
2916,2920
2916,2921
2916,2923
2917,2920
2920,2921
2920,2923
2920,2929
2920,2932
2921,2923
2921,2929
2921,2932
2921,2944
2923,2929
2923,2932
2929,2932
2932,2944
2944,2945
2944,2951
2945,2951
2951,2952
2951,2971
2951,2980
2951,2983
2952,2971
2971,2980
2980,2983
2983,2986
2983,2994
2983,3001
2986,2994
2986,3001
2994,3001
2994,3002
2994,3007
2994,3015
3001,3002
3002,3007
3007,3015
3007,3023
3015,3023
3015,3034
3023,3034
3023,3037
3023,3039
3034,3037
3034,3039
3034,3044
3034,3046
3037,3039
3037,3044
3037,3046
3039,3044
3039,3046
3039,3048
3044,3046
3046,3048
3048,3049
3048,3051
3049,3051
3049,3055
3049,3068
3049,3070
3051,3055
3051,3068
3055,3068
3055,3070
3068,3070
3068,3073
3068,3074
3068,3076
3070,3073
3073,3074
3073,3076
3073,3081
3073,3085
3074,3076
3074,3081
3076,3081
3076,3085
3076,3109
3081,3085
3085,3109
3085,3112
3109,3112
3112,3113
3113,3124
3113,3131
3113,3134
3124,3131
3131,3134
3131,3135
3134,3135
3135,3149
3149,3151
3149,3152
3149,3159
3149,3175
3149,3178
3151,3152
3152,3159
3152,3175
3159,3175
3159,3178
3159,3185
3175,3178
3178,3185
3185,3193
3193,3194
3194,3201
3201,3202
3202,3204
3204,3205
3205,3209
3209,3214
3214,3216
3216,3217
3216,3220
3216,3222
3217,3220
3217,3222
3220,3222
3220,3225
3222,3225
3225,3228
3228,3232
3228,3234
3232,3234
3234,3235
3234,3241
3234,3244
3235,3241
3235,3244
3235,3251
3235,3252
3241,3244
3241,3251
3241,3252
3244,3251
3244,3252
3244,3255
3251,3252
3251,3255
3251,3262
3251,3268
3252,3255
3255,3262
3262,3268
3262,3271
3262,3274
3268,3271
3268,3274
3268,3276
3268,3285
3271,3274
3274,3276
3276,3285
3285,3286
3286,3302
3286,3315
3286,3324
3302,3315
3315,3324
3315,3339
3315,3341
3315,3350
3324,3339
3324,3341
3339,3341
3339,3350
3339,3356
3341,3350
3341,3356
3341,3368
3350,3356
3356,3368
3368,3374
3374,3375
3374,3405
3375,3405
3375,3416
3375,3418
3375,3419
3375,3420
3375,3423
3375,3426
3375,3427
3405,3416
3416,3418
3418,3419
3418,3420
3418,3423
3419,3420
3419,3423
3419,3426
3419,3427
3419,3430
3420,3423
3420,3426
3420,3427
3423,3426
3423,3427
3423,3430
3423,3440
3426,3427
3427,3430
3427,3440
3427,3448
3427,3449
3427,3450
3427,3464
3430,3440
3440,3448
3440,3449
3448,3449
3448,3450
3448,3464
3448,3478
3449,3450
3449,3464
3450,3464
3450,3478
3450,3482
3464,3478
3464,3482
3464,3484
3478,3482
3478,3484
3482,3484
3484,3488
3484,3490
3488,3490
3490,3491
3490,3495
3490,3496
3490,3505
3490,3508
3491,3495
3495,3496
3496,3505
3505,3508
3505,3509
3508,3509
3509,3510
3509,3520
3509,3521
3509,3524
3510,3520
3510,3521
3510,3524
3520,3521
3521,3524
3524,3526
3526,3527
3526,3528
3527,3528
3528,3540
3528,3542
3528,3546
3528,3549
3540,3542
3542,3546
3542,3549
3546,3549
3549,3554
3554,3556
3556,3567
3567,3573
3567,3574
3573,3574
3574,3577
3577,3578
3577,3592
3577,3597
3577,3601
3577,3604
3578,3592
3578,3597
3578,3601
3592,3597
3592,3601
3592,3604
3597,3601
3597,3604
3601,3604
3604,3610
3610,3612
3610,3614
3612,3614
3614,3618
3618,3619
3619,3621
3619,3625
3619,3630
3621,3625
3625,3630
3630,3642
3642,3646
3646,3647
3647,3651
3647,3655
3647,3656
3647,3665
3647,3666
3651,3655
3651,3656
3651,3665
3651,3666
3655,3656
3655,3665
3655,3666
3655,3673
3656,3665
3665,3666
3665,3673
3665,3677
3666,3673
3673,3677
3677,3678
3677,3682
3677,3686
3677,3689
3677,3692
3678,3682
3682,3686
3682,3689
3682,3692
3682,3693
3682,3695
3682,3698
3686,3689
3686,3692
3686,3693
3689,3692
3692,3693
3693,3695
3695,3698
3695,3703
3695,3704
3695,3705
3695,3711
3695,3714
3698,3703
3703,3704
3703,3705
3703,3711
3704,3705
3705,3711
3711,3714
3714,3718
3714,3719
3718,3719
3718,3723
3719,3723
3719,3729
3719,3731
3719,3732
3719,3733
3719,3734
3719,3735
3723,3729
3723,3731
3723,3732
3723,3733
3729,3731
3729,3732
3731,3732
3732,3733
3733,3734
3733,3735
3733,3739
3734,3735
3735,3739
3735,3744
3735,3745
3739,3744
3744,3745
3745,3751
3751,3756
3751,3760
3751,3763
3751,3770
3751,3781
3756,3760
3760,3763
3763,3770
3770,3781
3770,3784
3770,3785
3781,3784
3784,3785
3785,3787
3787,3790
3790,3793
3793,3801
3793,3808
3793,3813
3801,3808
3801,3813
3808,3813
3808,3818
3808,3820
3808,3825
3808,3832
3808,3836
3813,3818
3818,3820
3818,3825
3818,3832
3820,3825
3825,3832
3832,3836
3832,3837
3832,3839
3836,3837
3837,3839
3839,3840
3840,3847
3840,3850
3840,3861
3840,3871
3847,3850
3850,3861
3861,3871
3871,3874
3874,3878
3878,3880
3878,3881
3880,3881
3881,3887
3881,3888
3887,3888
3888,3896
3896,3898
3896,3904
3896,3908
3898,3904
3898,3908
3898,3911
3904,3908
3908,3911
3908,3913
3911,3913
3913,3914
3914,3922
3922,3929
3922,3932
3929,3932
3932,3933
3932,3947
3932,3951
3932,3955
3932,3964
3933,3947
3933,3951
3933,3955
3947,3951
3951,3955
3955,3964
3964,3965
3965,3967
3967,3969
3969,3982
3969,3989
3982,3989
3982,3991
3989,3991
3989,3998
3991,3998
3998,4000
4000,4004
4000,4008
4000,4013
4004,4008
4004,4013
4004,4018
4008,4013
4013,4018
4018,4022
4018,4035
4022,4035
4022,4037
4022,4042
4035,4037
4035,4042
4035,4045
4035,4046
4037,4042
4042,4045
4042,4046
4042,4048
4042,4052
4045,4046
4045,4048
4045,4052
4046,4048
4046,4052
4048,4052
4048,4057
4048,4072
4052,4057
4052,4072
4052,4073
4052,4076
4052,4078
4057,4072
4057,4073
4072,4073
4072,4076
4072,4078
4072,4081
4073,4076
4073,4078
4073,4081
4073,4089
4073,4091
4076,4078
4078,4081
4078,4089
4081,4089
4089,4091
4089,4094
4091,4094
4091,4096
4091,4101
4094,4096
4096,4101
4101,4106
4106,4107
4107,4111
4111,4118
4111,4119
4118,4119
4118,4125
4118,4131
4118,4133
4118,4142
4119,4125
4119,4131
4125,4131
4125,4133
4131,4133
4131,4142
4131,4148
4133,4142
4133,4148
4142,4148
4148,4149
4149,4155
4155,4158
4158,4168
4158,4169
4158,4173
4168,4169
4169,4173
4169,4180
4173,4180
4180,4185
4185,4188
4185,4191
4185,4192
4185,4193
4185,4196
4188,4191
4188,4192
4188,4193
4188,4196
4188,4197
4191,4192
4191,4193
4191,4196
4191,4197
4192,4193
4193,4196
4193,4197
4193,4199
4193,4210
4193,4213
4193,4217
4196,4197
4197,4199
4197,4210
4197,4213
4199,4210
4210,4213
4210,4217
4210,4224
4210,4225
4210,4229
4213,4217
4213,4224
4213,4225
4213,4229
4217,4224
4217,4225
4224,4225
4224,4229
4225,4229
4229,4231
4231,4238
4231,4240
4238,4240
4238,4245
4238,4251
4240,4245
4240,4251
4240,4253
4240,4260
4245,4251
4245,4253
4251,4253
4251,4260
4253,4260
4260,4262
4262,4281
4262,4283
4281,4283
4281,4284
4281,4285
4281,4287
4281,4290
4281,4291
4281,4297
4283,4284
4283,4285
4284,4285
4285,4287
4287,4290
4287,4291
4290,4291
4291,4297
4291,4312
4291,4316
4297,4312
4312,4316
4316,4318
4316,4325
4316,4328
4316,4329
4316,4333
4318,4325
4325,4328
4328,4329
4328,4333
4328,4347
4328,4349
4328,4357
4329,4333
4333,4347
4333,4349
4333,4357
4333,4362
4347,4349
4347,4357
4347,4362
4347,4384
4347,4389
4347,4392
4349,4357
4357,4362
4362,4384
4384,4389
4384,4392
4384,4398
4389,4392
4389,4398
4389,4399
4392,4398
4392,4399
4392,4410
4398,4399
4398,4410
4398,4411
4398,4412
4399,4410
4410,4411
4411,4412
4412,4430
4412,4440
4412,4444
4412,4445
4412,4450
4430,4440
4430,4444
4430,4445
4430,4450
4440,4444
4440,4445
4440,4450
4440,4451
4440,4457
4444,4445
4444,4450
4444,4451
4445,4450
4450,4451
4450,4457
4450,4460
4451,4457
4451,4460
4457,4460
4457,4461
4457,4462
4457,4464
4457,4478
4457,4482
4460,4461
4460,4462
4460,4464
4460,4478
4461,4462
4462,4464
4464,4478
4464,4482
4478,4482
4482,4485
4485,4491
4491,4492
4491,4494
4491,4495
4492,4494
4494,4495
4494,4501
4494,4509
4494,4511
4495,4501
4495,4509
4495,4511
4501,4509
4501,4511
4501,4513
4509,4511
4509,4513
4509,4515
4511,4513
4513,4515
4513,4523
4513,4531
4513,4533
4515,4523
4523,4531
4523,4533
4523,4545
4523,4550
4523,4551
4531,4533
4531,4545
4531,4550
4531,4551
4533,4545
4545,4550
4545,4551
4550,4551
4551,4552
4551,4555
4551,4556
4552,4555
4552,4556
4552,4562
4552,4573
4555,4556
4556,4562
4556,4573
4562,4573
4573,4578
4578,4582
4582,4584
4582,4592
4582,4599
4582,4600
4582,4627
4584,4592
4592,4599
4599,4600
4599,4627
4600,4627
4600,4631
4627,4631
4631,4642
4631,4652
4642,4652
4642,4661
4652,4661
4652,4669
4661,4669
4661,4676
4669,4676
4669,4679
4676,4679
4679,4702
4679,4706
4679,4708
4702,4706
4702,4708
4702,4717
4706,4708
4708,4717
4708,4722
4717,4722
4722,4723
4722,4732
4722,4736
4723,4732
4732,4736
4732,4744
4736,4744
4736,4757
4736,4764
4736,4766
4736,4768
4736,4769
4736,4772
4744,4757
4744,4764
4744,4766
4757,4764
4757,4766
4764,4766
4766,4768
4768,4769
4769,4772
4769,4774
4769,4781
4772,4774
4772,4781
4772,4784
4772,4791
4772,4796
4772,4797
4772,4801
4774,4781
4774,4784
4781,4784
4781,4791
4781,4796
4781,4797
4781,4801
4781,4813
4784,4791
4791,4796
4791,4797
4791,4801
4791,4813
4796,4797
4796,4801
4797,4801
4801,4813
4813,4816
4816,4817
4816,4818
4816,4828
4817,4818
4817,4828
4818,4828
4828,4829
4829,4831
4829,4833
4829,4837
4829,4838
4829,4849
4831,4833
4833,4837
4837,4838
4838,4849
4838,4850
4849,4850
4850,4854
4850,4855
4854,4855
4855,4857
4855,4859
4855,4883
4857,4859
4857,4883
4859,4883
4883,4884
4883,4892
4884,4892
4884,4894
4892,4894
4894,4900
4894,4901
4900,4901
4901,4907
4901,4915
4901,4919
4907,4915
4907,4919
4907,4923
4915,4919
4915,4923
4919,4923
4919,4924
4923,4924
4924,4929
4929,4933
4929,4940
4929,4944
4929,4965
4933,4940
4940,4944
4940,4965
4940,4967
4940,4970
4940,4974
4944,4965
4944,4967
4965,4967
4965,4970
4967,4970
4970,4974
4974,4990
4974,4993
4974,4995
4974,5000
4974,5005
4974,5006
4990,4993
4990,4995
4990,5000
4993,4995
4995,5000
4995,5005
4995,5006
4995,5009
5000,5005
5005,5006
5005,5009
5005,5014
5005,5024
5006,5009
5006,5014
5006,5024
5006,5027
5009,5014
5009,5024
5014,5024
5024,5027
5024,5029
5024,5035
5027,5029
5029,5035
5035,5038
5035,5040
5038,5040
5038,5041
5038,5044
5040,5041
5041,5044
5044,5048
5044,5050
5044,5052
5044,5060
5048,5050
5048,5052
5050,5052
5050,5060
5050,5062
5050,5065
5050,5067
5052,5060
5060,5062
5062,5065
5065,5067
5067,5070
5070,5077
5077,5079
5079,5081
5079,5086
5081,5086
5081,5088
5081,5097
5086,5088
5086,5097
5086,5098
5088,5097
5088,5098
5097,5098
5097,5110
5097,5114
5098,5110
5098,5114
5110,5114
5110,5117
5110,5122
5110,5124
5114,5117
5114,5122
5117,5122
5122,5124
5124,5132
5132,5135
5135,5136
5136,5146
5146,5148
5148,5159
5159,5173
5173,5174
5173,5180
5173,5181
5174,5180
5174,5181
5180,5181
5180,5182
5180,5191
5180,5195
5181,5182
5182,5191
5191,5195
5191,5197
5191,5203
5195,5197
5197,5203
5197,5212
5203,5212
5212,5214
5214,5218
5214,5221
5218,5221
5221,5234
5234,5235
5235,5239
5235,5240
5235,5244
5235,5258
5239,5240
5239,5244
5240,5244
5240,5258
5240,5261
5240,5269
5244,5258
5244,5261
5244,5269
5258,5261
5258,5269
5258,5272
5258,5280
5261,5269
5261,5272
5261,5280
5269,5272
5272,5280
5280,5287
5287,5289
5287,5290
5287,5292
5287,5303
5287,5306
5289,5290
5290,5292
5290,5303
5292,5303
5292,5306
5303,5306
5303,5310
5303,5315
5306,5310
5306,5315
5306,5316
5306,5322
5306,5325
5310,5315
5310,5316
5315,5316
5315,5322
5315,5325
5316,5322
5316,5325
5322,5325
5322,5342
5322,5350
5322,5351
5325,5342
5342,5350
5350,5351
5351,5356
5356,5364
5356,5365
5356,5368
5356,5371
5364,5365
5365,5368
5368,5371
5371,5378
5371,5381
5371,5382
5378,5381
5381,5382
5381,5388
5381,5389
5381,5392
5381,5394
5382,5388
5382,5389
5382,5392
5388,5389
5389,5392
5392,5394
5392,5402
5392,5404
5394,5402
5394,5404
5394,5417
5402,5404
5404,5417
5417,5420
5420,5422
5422,5425
5422,5428
5422,5430
5425,5428
5425,5430
5428,5430
5428,5434
5428,5444
5428,5445
5428,5446
5430,5434
5434,5444
5434,5445
5434,5446
5444,5445
5444,5446
5444,5449
5445,5446
5446,5449
5446,5454
5446,5468
5449,5454
5449,5468
5454,5468
5468,5473
5468,5488
5473,5488
5473,5489
5488,5489
5489,5490
5489,5493
5489,5497
5490,5493
5490,5497
5493,5497
5493,5499
5497,5499
5499,5500
5499,5501
5500,5501
5500,5502
5501,5502
5502,5509
5502,5514
5509,5514
5509,5517
5509,5520
5509,5531
5509,5534
5509,5535
5514,5517
5517,5520
5517,5531
5520,5531
5520,5534
5520,5535
5531,5534
5531,5535
5534,5535
5535,5540
5540,5546
5546,5547
5547,5548
5547,5550
5547,5553
5548,5550
5550,5553
5553,5562
5562,5565
5562,5568
5565,5568
5565,5579
5565,5588
5565,5593
5568,5579
5568,5588
5579,5588
5588,5593
5593,5596
5596,5598
5596,5604
5596,5611
5596,5612
5598,5604
5604,5611
5604,5612
5604,5623
5604,5627
5611,5612
5611,5623
5612,5623
5612,5627
5612,5647
5623,5627
5627,5647
5647,5654
5654,5655
5654,5658
5655,5658
5658,5662
5658,5666
5662,5666
5662,5669
5662,5677
5662,5680
5666,5669
5666,5677
5669,5677
5677,5680
5680,5681
5681,5686
5681,5687
5686,5687
5687,5689
5689,5691
5691,5699
5691,5703
5691,5708
5691,5714
5699,5703
5699,5708
5699,5714
5703,5708
5703,5714
5708,5714
5708,5720
5714,5720
5720,5721
5721,5735
5735,5739
5735,5742
5735,5755
5735,5762
5735,5765
5739,5742
5742,5755
5742,5762
5742,5765
5742,5768
5742,5775
5742,5776
5755,5762
5762,5765
5762,5768
5762,5775
5765,5768
5768,5775
5768,5776
5768,5784
5775,5776
5775,5784
5775,5788
5775,5790
5775,5791
5776,5784
5776,5788
5784,5788
5788,5790
5788,5791
5788,5797
5790,5791
5791,5797
5791,5804
5791,5825
5791,5829
5791,5835
5797,5804
5804,5825
5804,5829
5804,5835
5804,5851
5804,5855
5825,5829
5829,5835
5829,5851
5835,5851
5851,5855
5855,5862
5862,5872
5862,5875
5862,5877
5862,5879
5872,5875
5875,5877
5875,5879
5877,5879
5877,5880
5879,5880
5879,5882
5879,5888
5880,5882
5880,5888
5880,5890
5880,5893
5882,5888
5882,5890
5882,5893
5888,5890
5888,5893
5888,5894
5890,5893
5890,5894
5893,5894
5894,5900
5900,5907
5900,5912
5900,5913
5900,5919
5907,5912
5907,5913
5912,5913
5912,5919
5913,5919
5919,5930
5930,5935
5935,5946
5935,5947
5935,5954
5946,5947
5946,5954
5946,5956
5947,5954
5947,5956
5947,5957
5954,5956
5956,5957
5957,5972
5972,5975
5972,5979
5972,5999
5972,6007
5972,6013
5972,6015
5975,5979
5979,5999
5979,6007
5999,6007
5999,6013
5999,6015
5999,6023
6007,6013
6007,6015
6013,6015
6013,6023
6013,6025
6015,6023
6015,6025
6023,6025
6023,6026
6025,6026
6025,6028
6026,6028
6028,6029
6029,6032
6032,6038
6038,6040
6038,6043
6038,6044
6040,6043
6040,6044
6040,6048
6043,6044
6044,6048
6048,6050
6048,6055
6048,6057
6050,6055
6055,6057
6057,6060
6060,6065
6060,6066
6065,6066
6065,6074
6066,6074
6066,6082
6074,6082
6074,6116
6074,6130
6074,6132
6074,6133
6082,6116
6082,6130
6082,6132
6116,6130
6116,6132
6130,6132
6130,6133
6132,6133
6133,6142
6133,6143
6133,6144
6133,6147
6142,6143
6143,6144
6144,6147
6147,6151
6151,6152
6152,6153
6152,6155
6152,6156
6153,6155
6153,6156
6153,6158
6155,6156
6155,6158
6156,6158
6156,6163
6156,6164
6158,6163
6158,6164
6158,6165
6163,6164
6163,6165
6164,6165
6165,6166
6165,6167
6166,6167
6166,6169
6166,6171
6167,6169
6169,6171
6171,6174
6174,6176
6176,6177
6176,6179
6176,6186
6176,6187
6176,6204
6177,6179
6179,6186
6186,6187
6187,6204
6187,6218
6204,6218
6204,6223
6218,6223
6223,6224
6224,6228
6228,6230
6230,6238
6238,6239
6238,6244
6238,6246
6239,6244
6239,6246
6244,6246
6246,6249
6249,6251
6249,6254
6249,6257
6249,6262
6249,6287
6251,6254
6251,6257
6254,6257
6257,6262
6257,6287
6262,6287
6287,6288
6288,6290
6288,6292
6288,6307
6288,6310
6290,6292
6292,6307
6307,6310
6310,6315
6310,6320
6310,6332
6315,6320
6320,6332
6332,6341
6332,6348
6332,6349
6332,6352
6341,6348
6348,6349
6348,6352
6348,6353
6348,6363
6349,6352
6352,6353
6352,6363
6352,6367
6353,6363
6363,6367
6367,6369
6367,6370
6367,6382
6367,6385
6369,6370
6369,6382
6370,6382
6370,6385
6370,6391
6382,6385
6382,6391
6385,6391
6391,6392
6391,6396
6392,6396
6396,6398
6396,6399
6396,6405
6396,6407
6398,6399
6398,6405
6399,6405
6405,6407
6407,6411
6407,6415
6411,6415
6411,6418
6415,6418
6418,6422
6422,6423
6422,6432
6423,6432
6432,6435
6435,6438
6435,6440
6438,6440
6438,6441
6440,6441
6440,6446
6441,6446
6446,6448
6446,6452
6446,6456
6446,6457
6448,6452
6448,6456
6448,6457
6452,6456
6456,6457
6456,6460
6456,6471
6457,6460
6460,6471
6471,6473
6471,6475
6471,6476
6473,6475
6475,6476
6476,6477
6477,6479
6477,6485
6477,6490
6477,6493
6479,6485
6479,6490
6479,6493
6479,6495
6485,6490
6485,6493
6485,6495
6485,6497
6490,6493
6493,6495
6495,6497
6495,6498
6495,6500
6497,6498
6498,6500
6500,6505
6500,6509
6500,6515
6505,6509
6509,6515
6509,6516
6515,6516
6516,6526
6526,6536
6536,6538
6536,6543
6538,6543
6538,6547
6538,6548
6543,6547
6547,6548
6547,6567
6547,6570
6548,6567
6548,6570
6548,6589
6567,6570
6570,6589
6570,6596
6589,6596
6589,6599
6596,6599
6599,6600
6600,6615
6600,6617
6615,6617
6615,6627
6617,6627
6627,6640
6640,6643
6640,6655
6643,6655
6655,6662
6655,6670
6655,6672
6655,6673
6662,6670
6662,6672
6662,6673
6662,6676
6670,6672
6672,6673
6673,6676
6676,6677
6677,6682
6677,6683
6682,6683
6683,6685
6683,6688
6683,6689
6683,6690
6683,6697
6685,6688
6685,6689
6688,6689
6688,6690
6688,6697
6688,6700
6688,6701
6688,6703
6689,6690
6689,6697
6689,6700
6690,6697
6697,6700
6700,6701
6700,6703
6701,6703
6703,6706
6706,6708
6708,6709
6709,6729
6729,6736
6736,6737
6737,6738
6737,6745
6737,6752
6738,6745
6738,6752
6745,6752
6752,6755
6752,6760
6755,6760
6755,6761
6760,6761
6760,6781
6760,6782
6760,6783
6760,6786
6760,6788
6761,6781
6761,6782
6761,6783
6761,6786
6761,6788
6781,6782
6781,6783
6782,6783
6782,6786
6782,6788
6782,6792
6783,6786
6786,6788
6786,6792
6786,6794
6788,6792
6788,6794
6792,6794
6794,6795
6794,6796
6795,6796
6796,6798
6798,6799
6798,6809
6798,6812
6798,6823
6799,6809
6799,6812
6799,6823
6799,6827
6809,6812
6812,6823
6823,6827
6827,6841
6827,6842
6827,6843
6827,6844
6841,6842
6841,6843
6841,6844
6842,6843
6842,6844
6843,6844
6844,6846
6846,6847
6846,6851
6846,6852
6847,6851
6851,6852
6851,6856
6851,6857
6852,6856
6852,6857
6856,6857
6857,6858
6857,6862
6858,6862
6862,6871
6862,6875
6871,6875
6875,6887
6887,6889
6889,6890
6890,6892
6892,6906
6892,6912
6892,6915
6892,6924
6892,6929
6906,6912
6912,6915
6912,6924
6912,6929
6915,6924
6915,6929
6924,6929
6924,6934
6924,6937
6929,6934
6934,6937
6937,6943
6937,6946
6937,6954
6937,6955
6937,6960
6943,6946
6943,6954
6943,6955
6946,6954
6946,6955
6954,6955
6954,6960
6954,6962
6954,6966
6955,6960
6955,6962
6955,6966
6955,6971
6955,6980
6955,6982
6960,6962
6962,6966
6966,6971
6966,6980
6966,6982
6971,6980
6971,6982
6971,6987
6980,6982
6980,6987
6980,6989
6982,6987
6987,6989
6989,6994
6994,6996
6994,7005
6996,7005
6996,7016
6996,7033
7005,7016
7005,7033
7005,7040
7005,7042
7016,7033
7033,7040
7040,7042
7040,7043
7042,7043
7043,7046
7043,7055
7046,7055
7055,7062
7062,7063
7062,7082
7062,7083
7063,7082
7063,7083
7063,7084
7082,7083
7082,7084
7082,7085
7082,7090
7082,7093
7082,7096
7083,7084
7083,7085
7083,7090
7083,7093
7084,7085
7085,7090
7090,7093
7090,7096
7090,7104
7090,7107
7090,7108
7093,7096
7093,7104
7093,7107
7096,7104
7096,7107
7096,7108
7096,7109
7104,7107
7104,7108
7107,7108
7108,7109
7109,7111
7111,7115
7115,7125
7115,7127
7125,7127
7125,7131
7125,7141
7125,7148
7127,7131
7131,7141
7131,7148
7131,7149
7131,7153
7131,7160
7141,7148
7141,7149
7141,7153
7148,7149
7148,7153
7148,7160
7148,7171
7149,7153
7153,7160
7153,7171
7153,7172
7153,7190
7160,7171
7171,7172
7172,7190
7190,7194
7190,7199
7194,7199
7194,7200
7194,7224
7194,7230
7194,7240
7199,7200
7200,7224
7200,7230
7200,7240
7200,7241
7224,7230
7224,7240
7224,7241
7224,7243
7230,7240
7240,7241
7240,7243
7240,7244
7240,7245
7241,7243
7243,7244
7244,7245
7244,7249
7244,7250
7244,7251
7244,7255
7245,7249
7249,7250
7250,7251
7250,7255
7251,7255
7255,7256
7256,7260
7256,7271
7256,7272
7260,7271
7271,7272
7272,7278
7272,7280
7272,7288
7272,7304
7278,7280
7280,7288
7288,7304
7304,7311
7304,7315
7311,7315
7311,7317
7311,7321
7315,7317
7317,7321
7321,7322
7322,7323
7323,7327
7327,7329
7329,7338
7329,7340
7338,7340
7340,7347
7347,7348
7347,7349
7347,7359
7347,7370
7347,7371
7348,7349
7348,7359
7349,7359
7349,7370
7349,7371
7359,7370
7359,7371
7359,7380
7359,7385
7370,7371
7371,7380
7380,7385
7385,7392
7392,7396
7396,7402
7396,7404
7396,7408
7402,7404
7402,7408
7402,7414
7402,7421
7402,7425
7404,7408
7408,7414
7414,7421
7414,7425
7421,7425
7421,7430
7421,7432
7425,7430
7430,7432
7432,7433
7432,7436
7432,7437
7432,7438
7433,7436
7436,7437
7437,7438
7438,7439
7439,7443
7443,7451
7451,7453
7453,7463
7453,7464
7453,7466
7453,7468
7463,7464
7464,7466
7466,7468
7466,7471
7468,7471
7471,7474
7474,7480
7480,7481
7481,7483
7483,7486
7486,7487
7486,7489
7486,7491
7487,7489
7487,7491
7487,7494
7489,7491
7491,7494
7491,7496
7494,7496
7494,7497
7496,7497
7497,7498
7498,7500
7498,7505
7500,7505
7505,7518
7505,7519
7518,7519
7518,7520
7518,7525
7518,7534
7519,7520
7520,7525
7525,7534
7534,7537
7537,7538
7537,7540
7538,7540
7538,7543
7540,7543
7543,7546
7546,7552
7552,7554
7554,7555
7554,7557
7554,7566
7555,7557
7557,7566
7557,7567
7557,7586
7566,7567
7567,7586
7567,7591
7586,7591
7591,7593
7593,7598
7598,7604
7598,7608
7598,7609
7598,7620
7598,7629
7598,7634
7604,7608
7604,7609
7604,7620
7608,7609
7608,7620
7609,7620
7620,7629
7620,7634
7620,7637
7629,7634
7634,7637
7634,7638
7634,7641
7637,7638
7637,7641
7638,7641
7638,7644
7638,7650
7641,7644
7641,7650
7644,7650
7650,7651
7650,7653
7651,7653
7651,7654
7651,7659
7653,7654
7654,7659
7654,7662
7659,7662
7662,7667
7667,7671
7671,7674
7671,7677
7671,7681
7671,7686
7674,7677
7677,7681
7681,7686
7681,7702
7686,7702
7686,7704
7686,7710
7686,7711
7702,7704
7704,7710
7704,7711
7704,7715
7710,7711
7711,7715
7715,7722
7715,7728
7715,7739
7715,7741
7715,7748
7715,7749
7715,7751
7722,7728
7728,7739
7728,7741
7728,7748
7728,7749
7728,7751
7739,7741
7741,7748
7748,7749
7749,7751
7751,7754
7751,7756
7754,7756
7756,7762
7762,7763
7763,7769
7763,7773
7769,7773
7773,7775
7775,7776
7775,7779
7775,7792
7775,7799
7775,7804
7776,7779
7779,7792
7792,7799
7792,7804
7799,7804
7799,7806
7799,7812
7804,7806
7804,7812
7806,7812
7806,7819
7806,7821
7812,7819
7812,7821
7812,7825
7819,7821
7821,7825
7821,7830
7825,7830
7830,7832
7832,7839
7839,7843
7843,7855
7855,7856
7855,7860
7855,7867
7856,7860
7860,7867
7860,7882
7860,7883
7860,7892
7867,7882
7882,7883
7883,7892
7883,7896
7883,7898
7892,7896
7896,7898
7896,7899
7896,7905
7898,7899
7899,7905
7905,7906
7906,7910
7906,7913
7906,7915
7906,7923
7906,7926
7910,7913
7913,7915
7915,7923
7915,7926
7915,7934
7915,7938
7923,7926
7926,7934
7926,7938
7926,7944
7934,7938
7938,7944
7944,7945
7945,7946
7946,7947
7947,7951
7947,7953
7947,7962
7947,7964
7951,7953
7953,7962
7962,7964
7962,7965
7962,7978
7964,7965
7964,7978
7964,7991
7965,7978
7978,7991
7991,7992
7991,7997
7991,8001
7991,8014
7991,8015
7991,8018
7992,7997
7992,8001
7992,8014
7992,8015
7997,8001
8001,8014
8014,8015
8014,8018
8015,8018
8018,8023
8023,8025
8023,8029
8023,8037
8025,8029
8029,8037
8029,8038
8037,8038
8037,8042
8038,8042
8038,8047
8042,8047
8042,8048
8042,8050
8047,8048
8047,8050
8047,8053
8047,8060
8048,8050
8048,8053
8048,8060
8048,8062
8048,8064
8050,8053
8053,8060
8053,8062
8053,8064
8060,8062
8062,8064
8062,8066
8062,8067
8062,8073
8062,8074
8064,8066
8064,8067
8066,8067
8066,8073
8066,8074
8067,8073
8067,8074
8067,8083
8073,8074
8073,8083
8073,8088
8074,8083
8074,8088
8074,8096
8074,8101
8083,8088
8088,8096
8088,8101
8096,8101
8101,8105
8101,8109
8101,8111
8101,8117
8101,8118
8105,8109
8109,8111
8111,8117
8111,8118
8111,8120
8117,8118
8117,8120
8117,8124
8118,8120
8120,8124
8124,8126
8126,8128
8128,8130
8130,8133
8133,8135
8133,8139
8133,8144
8133,8147
8133,8149
8135,8139
8139,8144
8144,8147
8147,8149
8147,8162
8147,8167
8147,8170
8149,8162
8162,8167
8167,8170
8170,8175
8170,8199
8170,8201
8175,8199
8199,8201
8201,8203
8203,8207
8207,8211
8211,8213
8213,8221
8221,8226
8221,8229
8226,8229
8226,8231
8226,8233
8229,8231
8229,8233
8229,8235
8229,8238
8229,8239
8231,8233
8233,8235
8233,8238
8235,8238
8238,8239
8238,8243
8238,8249
8238,8251
8238,8255
8238,8270
8239,8243
8243,8249
8249,8251
8249,8255
8249,8270
8249,8282
8249,8284
8249,8285
8251,8255
8251,8270
8255,8270
8270,8282
8270,8284
8270,8285
8282,8284
8282,8285
8282,8289
8282,8300
8284,8285
8285,8289
8285,8300
8289,8300
8300,8305
8305,8306
8305,8308
8305,8310
8305,8315
8305,8317
8306,8308
8306,8310
8308,8310
8308,8315
8308,8317
8310,8315
8315,8317
8317,8319
8319,8325
8319,8329
8319,8337
8325,8329
8329,8337
8337,8339
8339,8343
8343,8349
8349,8351
8349,8353
8351,8353
8353,8354
8354,8360
8360,8363
8360,8364
8363,8364
8364,8366
8366,8370
8370,8379
8379,8385
8379,8390
8385,8390
8390,8396
8390,8397
8390,8399
8390,8406
8396,8397
8396,8399
8396,8406
8397,8399
8399,8406
8406,8409
8406,8412
8409,8412
8409,8420
8409,8425
8412,8420
8412,8425
8412,8429
8420,8425
8425,8429
8425,8431
8425,8436
8425,8438
8429,8431
8429,8436
8431,8436
8431,8438
8436,8438
8436,8439
8438,8439
8439,8440
8439,8444
8440,8444
8440,8448
8444,8448
8448,8458
8448,8468
8458,8468
8468,8472
8468,8475
8468,8488
8468,8493
8472,8475
8472,8488
8472,8493
8472,8500
8472,8514
8475,8488
8488,8493
8488,8500
8488,8514
8488,8516
8493,8500
8500,8514
8514,8516
8514,8522
8514,8526
8516,8522
8516,8526
8516,8530
8516,8546
8516,8561
8516,8562
8522,8526
8526,8530
8530,8546
8546,8561
8546,8562
8561,8562
8561,8564
8562,8564
8564,8568
8568,8573
8573,8578
8578,8582
8578,8591
8582,8591
8591,8592
8591,8597
8592,8597
8597,8605
8597,8615
8605,8615
8615,8616
8615,8617
8616,8617
8616,8620
8616,8628
8617,8620
8617,8628
8620,8628
8620,8629
8620,8633
8628,8629
8629,8633
8633,8636
8633,8643
8633,8644
8633,8645
8636,8643
8636,8644
8636,8645
8643,8644
8644,8645
8644,8646
8644,8648
8645,8646
8645,8648
8646,8648
8648,8652
8652,8660
8652,8664
8652,8667
8652,8668
8652,8681
8652,8686
8660,8664
8664,8667
8667,8668
8668,8681
8681,8686
8681,8688
8681,8691
8681,8694
8686,8688
8686,8691
8686,8694
8686,8700
8688,8691
8688,8694
8691,8694
8691,8700
8691,8701
8694,8700
8694,8701
8694,8704
8694,8706
8700,8701
8701,8704
8704,8706
8706,8708
8708,8719
8708,8721
8719,8721
8721,8723
8723,8725
8725,8727
8725,8730
8727,8730
8730,8733
8730,8736
8730,8738
8730,8754
8733,8736
8733,8738
8733,8754
8736,8738
8736,8754
8738,8754
8754,8755
8754,8758
8754,8759
8755,8758
8755,8759
8755,8764
8755,8768
8758,8759
8759,8764
8764,8768
8764,8777
8764,8783
8764,8787
8768,8777
8768,8783
8777,8783
8777,8787
8783,8787
8783,8791
8787,8791
8791,8793
8793,8794
8793,8796
8794,8796
8794,8799
8796,8799
8799,8800
8800,8818
8800,8834
8818,8834
8818,8845
8834,8845
8845,8849
8849,8860
8849,8864
8849,8868
8849,8869
8849,8874
8860,8864
8860,8868
8860,8869
8860,8874
8860,8881
8864,8868
8868,8869
8869,8874
8874,8881
8874,8886
8881,8886
8881,8893
8886,8893
8893,8896
8896,8897
8896,8898
8896,8899
8897,8898
8898,8899
8899,8900
8899,8913
8899,8915
8899,8921
8899,8922
8900,8913
8913,8915
8915,8921
8915,8922
8915,8925
8915,8927
8915,8929
8921,8922
8922,8925
8925,8927
8925,8929
8927,8929
8927,8939
8929,8939
8939,8940
8939,8943
8939,8945
8940,8943
8943,8945
8943,8948
8943,8957
8943,8958
8945,8948
8948,8957
8957,8958
8958,8962
8962,8969
8969,8972
8969,8980
8969,8985
8972,8980
8972,8985
8980,8985
8985,8998
8985,9007
8985,9010
8998,9007
9007,9010
9010,9019
9010,9023
9010,9025
9010,9028
9010,9037
9010,9043
9019,9023
9023,9025
9025,9028
9028,9037
9028,9043
9028,9047
9028,9049
9037,9043
9043,9047
9047,9049
9047,9053
9049,9053
9053,9054
9053,9055
9053,9056
9054,9055
9054,9056
9054,9060
9054,9072
9055,9056
9055,9060
9055,9072
9056,9060
9056,9072
9056,9076
9060,9072
9072,9076
9072,9080
9076,9080
9080,9096
9096,9112
9096,9116
9096,9118
9096,9120
9112,9116
9112,9118
9116,9118
9118,9120
9118,9124
9120,9124
9124,9125
9124,9127
9125,9127
9127,9129
9127,9134
9129,9134
9134,9145
9145,9147
9147,9149
9149,9151
9149,9152
9149,9154
9151,9152
9152,9154
9154,9158
9154,9163
9158,9163
9163,9164
9163,9166
9164,9166
9166,9167
9167,9177
9177,9179
9179,9181
9181,9182
9181,9189
9182,9189
9182,9190
9189,9190
9190,9196
9190,9200
9190,9213
9196,9200
9200,9213
9213,9215
9213,9222
9213,9225
9213,9237
9213,9238
9213,9240
9215,9222
9215,9225
9215,9237
9215,9238
9222,9225
9222,9237
9222,9238
9222,9240
9225,9237
9225,9238
9237,9238
9238,9240
9240,9242
9240,9246
9240,9257
9240,9260
9242,9246
9242,9257
9246,9257
9257,9260
9260,9264
9264,9275
9275,9281
9281,9286
9281,9290
9286,9290
9286,9295
9286,9307
9290,9295
9290,9307
9290,9314
9295,9307
9295,9314
9295,9319
9295,9325
9295,9326
9307,9314
9314,9319
9319,9325
9319,9326
9325,9326
9325,9327
9325,9335
9325,9338
9325,9339
9326,9327
9326,9335
9327,9335
9335,9338
9338,9339
9338,9341
9339,9341
9341,9359
9359,9361
9359,9365
9361,9365
9365,9368
9365,9378
9365,9383
9365,9385
9368,9378
9368,9383
9368,9385
9368,9388
9368,9392
9368,9400
9378,9383
9383,9385
9385,9388
9388,9392
9392,9400
9392,9402
9400,9402
9402,9403
9402,9407
9403,9407
9407,9408
9408,9413
9408,9415
9413,9415
9415,9417
9415,9419
9415,9429
9415,9431
9415,9433
9417,9419
9417,9429
9419,9429
9419,9431
9429,9431
9429,9433
9431,9433
9431,9448
9431,9459
9433,9448
9433,9459
9448,9459
9459,9471
9471,9472
9471,9490
9471,9493
9471,9494
9471,9504
9472,9490
9472,9493
9472,9494
9472,9504
9472,9510
9490,9493
9490,9494
9490,9504
9490,9510
9493,9494
9494,9504
9494,9510
9504,9510
9510,9511
9510,9522
9510,9523
9511,9522
9511,9523
9522,9523
9523,9526
9526,9538
9526,9541
9538,9541
9538,9544
9538,9557
9541,9544
9541,9557
9544,9557
9544,9558
9557,9558
9558,9563
9558,9573
9558,9579
9563,9573
9573,9579
9573,9584
9579,9584
9584,9587
9587,9604
9587,9610
9587,9614
9587,9615
9604,9610
9610,9614
9610,9615
9614,9615
9614,9617
9615,9617
9615,9620
9617,9620
9617,9626
9617,9631
9620,9626
9620,9631
9626,9631
9631,9639
9639,9642
9639,9646
9639,9656
9642,9646
9646,9656
9656,9657
9657,9666
9657,9668
9657,9677
9657,9679
9666,9668
9668,9677
9668,9679
9668,9687
9668,9695
9677,9679
9677,9687
9677,9695
9679,9687
9679,9695
9679,9696
9687,9695
9687,9696
9687,9697
9687,9701
9695,9696
9695,9697
9695,9701
9695,9704
9696,9697
9696,9701
9696,9704
9696,9707
9696,9708
9697,9701
9701,9704
9704,9707
9707,9708
9707,9720
9707,9733
9707,9740
9708,9720
9708,9733
9708,9740
9720,9733
9720,9740
9720,9760
9720,9771
9720,9773
9733,9740
9733,9760
9733,9771
9740,9760
9760,9771
9771,9773
9771,9774
9773,9774
9774,9775
9774,9777
9775,9777
9775,9780
9777,9780
9777,9781
9777,9783
9780,9781
9780,9783
9780,9786
9781,9783
9783,9786
9783,9787
9783,9790
9786,9787
9786,9790
9787,9790
9787,9793
9787,9805
9787,9807
9787,9810
9790,9793
9793,9805
9793,9807
9805,9807
9805,9810
9807,9810
9810,9811
9810,9821
9811,9821
9821,9825
9825,9826
9825,9827
9825,9837
9826,9827
9826,9837
9827,9837
9827,9838
9837,9838
9838,9839
9839,9840
9839,9842
9839,9850
9840,9842
9842,9850
9842,9853
9850,9853
9850,9855
9853,9855
9855,9858
9858,9861
9858,9877
9858,9878
9858,9884
9861,9877
9861,9878
9861,9884
9877,9878
9877,9884
9877,9885
9878,9884
9884,9885
9885,9887
9887,9892
9887,9897
9892,9897
9897,9904
9897,9907
9897,9920
9904,9907
9907,9920
9907,9922
9907,9924
9907,9927
9920,9922
9922,9924
9924,9927
9924,9930
9927,9930
9930,9937
9937,9938
9937,9945
9937,9951
9938,9945
9945,9951
9951,9964
9951,9968
9964,9968
9964,9976
9968,9976
9968,9978
9976,9978
9978,9982
9978,9991
9982,9991
9982,10002
9991,10002
10002,10005
10005,10007
10007,10011
10011,10014
10011,10016
10011,10036
10014,10016
10016,10036
10016,10039
10036,10039
10039,10040
10040,10056
10040,10058
10040,10063
10040,10067
10056,10058
10056,10063
10056,10067
10058,10063
10058,10067
10058,10070
10063,10067
10063,10070
10063,10072
10067,10070
10070,10072
10072,10082
10082,10084
10084,10103
10084,10104
10103,10104
10104,10108
10104,10110
10108,10110
10108,10111
10108,10112
10110,10111
10110,10112
10110,10113
10111,10112
10112,10113
10112,10117
10112,10122
10113,10117
10117,10122
10122,10128
10122,10131
10122,10135
10122,10138
10128,10131
10128,10135
10128,10138
10131,10135
10131,10138
10131,10139
10131,10148
10131,10151
10131,10152
10135,10138
10138,10139
10138,10148
10139,10148
10139,10151
10148,10151
10151,10152
10152,10153
10152,10156
10152,10162
10153,10156
10156,10162
10156,10168
10162,10168
10162,10169
10162,10170
10162,10182
10162,10186
10168,10169
10168,10170
10168,10182
10169,10170
10170,10182
10170,10186
10170,10188
10182,10186
10182,10188
10186,10188
10186,10189
10188,10189
10189,10193
10193,10194
10193,10204
10193,10205
10193,10210
10194,10204
10194,10205
10204,10205
10204,10210
10205,10210
10210,10223
10210,10233
10223,10233
10233,10246
10233,10247
10246,10247
10246,10259
10246,10261
10246,10273
10247,10259
10247,10261
10259,10261
10261,10273
10261,10274
10261,10293
10273,10274
10274,10293
10293,10300
10293,10304
10293,10307
10293,10311
10300,10304
10304,10307
10307,10311
10311,10315
10311,10316
10315,10316
10315,10320
10316,10320
10320,10331
10320,10333
10320,10351
10331,10333
10333,10351
10333,10352
10333,10354
10351,10352
10351,10354
10351,10365
10352,10354
10354,10365
10365,10380
10365,10386
10380,10386
10380,10388
10380,10392
10386,10388
10388,10392
10392,10394
10394,10397
10397,10398
10397,10416
10398,10416
10398,10417
10416,10417
10417,10422
10417,10426
10422,10426
10426,10428
10426,10432
10426,10439
10426,10441
10428,10432
10432,10439
10432,10441
10432,10443
10439,10441
10441,10443
10443,10444
10444,10448
10444,10451
10448,10451
10448,10453
10451,10453
10453,10454
10453,10459
10453,10461
10453,10462
10454,10459
10459,10461
10459,10462
10459,10467
10459,10469
10461,10462
10461,10467
10461,10469
10462,10467
10467,10469
10467,10470
10467,10471
10469,10470
10470,10471
10471,10478
10471,10480
10478,10480
10480,10483
10483,10496
10496,10497
10496,10505
10496,10509
10496,10513
10497,10505
10497,10509
10505,10509
10505,10513
10505,10516
10505,10519
10505,10527
10509,10513
10513,10516
10516,10519
10519,10527
10519,10532
10527,10532
10527,10537
10527,10539
10532,10537
10537,10539
10537,10542
10537,10543
10539,10542
10542,10543
10542,10553
10543,10553
10543,10554
10543,10557
10543,10565
10543,10570
10553,10554
10554,10557
10557,10565
10557,10570
10557,10573
10557,10575
10565,10570
10570,10573
10570,10575
10570,10586
10570,10591
10573,10575
10575,10586
10575,10591
10575,10593
10586,10591
10586,10593
10586,10608
10586,10609
10586,10611
10591,10593
10591,10608
10593,10608
10593,10609
10608,10609
10608,10611
10609,10611
10609,10616
10609,10619
10609,10625
10611,10616
10611,10619
10616,10619
10616,10625
10616,10634
10616,10637
10616,10639
10619,10625
10625,10634
10625,10637
10634,10637
10637,10639
10639,10650
10639,10657
10639,10661
10639,10666
10650,10657
10657,10661
10657,10666
10657,10676
10661,10666
10661,10676
10661,10678
10666,10676
10676,10678
10676,10681
10676,10684
10676,10691
10676,10694
10678,10681
10678,10684
10678,10691
10678,10694
10681,10684
10684,10691
10691,10694
10694,10699
10699,10703
10699,10707
10699,10708
10703,10707
10703,10708
10703,10710
10707,10708
10708,10710
10710,10712
10710,10716
10710,10720
10712,10716
10712,10720
10716,10720
10716,10725
10720,10725
10720,10730
10720,10731
10725,10730
10725,10731
10725,10733
10725,10736
10725,10746
10725,10751
10725,10757
10730,10731
10731,10733
10731,10736
10731,10746
10731,10751
10733,10736
10733,10746
10733,10751
10736,10746
10736,10751
10736,10757
10736,10762
10746,10751
10751,10757
10757,10762
10762,10770
10762,10772
10762,10777
10762,10785
10770,10772
10772,10777
10777,10785
10777,10788
10777,10793
10785,10788
10785,10793
10785,10794
10788,10793
10793,10794
10793,10799
10794,10799
10799,10803
10803,10805
10805,10812
10812,10813
10812,10816
10813,10816
10813,10818
10813,10820
10813,10832
10813,10835
10816,10818
10818,10820
10820,10832
10832,10835
10832,10848
10832,10854
10832,10860
10835,10848
10835,10854
10848,10854
10848,10860
10854,10860
10854,10863
10860,10863
10860,10865
10863,10865
10863,10867
10865,10867
10867,10873
10873,10877
10873,10878
10877,10878
10877,10899
10877,10905
10878,10899
10878,10905
10899,10905
10905,10906
10906,10926
10926,10942
10926,10953
10926,10956
10942,10953
10942,10956
10953,10956
10953,10961
10953,10963
10956,10961
10956,10963
10956,10981
10956,10985
10956,10998
10961,10963
10961,10981
10963,10981
10981,10985
10985,10998
10985,10999
10998,10999
10998,11000
10998,11023
10999,11000
11000,11023
11000,11025
11023,11025
11023,11029
11025,11029
11029,11032
11029,11049
11029,11054
11032,11049
11032,11054
11049,11054
11049,11059
11049,11063
11049,11067
11049,11069
11049,11072
11049,11075
11054,11059
11054,11063
11054,11067
11059,11063
11063,11067
11063,11069
11063,11072
11067,11069
11069,11072
11072,11075
11075,11078
11075,11079
11075,11084
11078,11079
11078,11084
11078,11085
11079,11084
11084,11085
11085,11087
11085,11100
11085,11102
11085,11117
11085,11118
11087,11100
11087,11102
11100,11102
11102,11117
11102,11118
11117,11118
11118,11119
11119,11121
11121,11122
11122,11137
11122,11140
11122,11147
11122,11162
11137,11140
11140,11147
11147,11162
11147,11166
11162,11166
11162,11168
11166,11168
11168,11180
11168,11181
11168,11187
11168,11188
11168,11194
11168,11204
11180,11181
11181,11187
11187,11188
11188,11194
11188,11204
11188,11209
11194,11204
11204,11209
11204,11212
11204,11215
11204,11217
11204,11220
11204,11221
11209,11212
11209,11215
11209,11217
11209,11220
11212,11215
11212,11217
11215,11217
11215,11220
11217,11220
11220,11221
11221,11223
11223,11224
11224,11231
11224,11234
11224,11235
11224,11238
11224,11243
11231,11234
11231,11235
11234,11235
11234,11238
11235,11238
11238,11243
11243,11244
11243,11249
11243,11250
11244,11249
11244,11250
11244,11261
11244,11263
11244,11265
11249,11250
11249,11261
11249,11263
11250,11261
11261,11263
11261,11265
11263,11265
11265,11271
11265,11278
11271,11278
11278,11279
11279,11291
11291,11292
11292,11293
11293,11294
11293,11297
11294,11297
11294,11298
11297,11298
11298,11303
11298,11309
11298,11313
11303,11309
11303,11313
11303,11315
11303,11317
11309,11313
11313,11315
11313,11317
11315,11317
11315,11319
11317,11319
11319,11326
11326,11327
11327,11328
11328,11329
11329,11331
11331,11333
11333,11339
11339,11342
11342,11344
11344,11353
11353,11356
11356,11363
11356,11370
11356,11372
11356,11373
11363,11370
11363,11372
11370,11372
11372,11373
11372,11374
11372,11377
11372,11378
11372,11381
11373,11374
11374,11377
11377,11378
11377,11381
11378,11381
11381,11383
11383,11384
11383,11388
11383,11397
11383,11403
11383,11405
11384,11388
11388,11397
11397,11403
11397,11405
11397,11409
11397,11410
11397,11413
11403,11405
11403,11409
11403,11410
11403,11413
11403,11415
11405,11409
11405,11410
11409,11410
11409,11413
11410,11413
11410,11415
11410,11418
11413,11415
11413,11418
11413,11422
11415,11418
11418,11422
11422,11427
11427,11428
11427,11430
11428,11430
11430,11432
11432,11439
11432,11444
11439,11444
11439,11452
11439,11461
11444,11452
11452,11461
11452,11462
11452,11464
11461,11462
11461,11464
11461,11468
11462,11464
11462,11468
11462,11473
11464,11468
11464,11473
11464,11479
11468,11473
11468,11479
11473,11479
11479,11484
11484,11488
11484,11490
11484,11493
11484,11507
11488,11490
11490,11493
11493,11507
11507,11517
11507,11519
11517,11519
11519,11523
11523,11535
11535,11541
11535,11543
11535,11548
11535,11559
11541,11543
11543,11548
11543,11559
11543,11573
11543,11579
11548,11559
11559,11573
11559,11579
11573,11579
11573,11581
11579,11581
11579,11591
11579,11599
11579,11603
11581,11591
11591,11599
11591,11603
11591,11604
11591,11606
11599,11603
11599,11604
11603,11604
11604,11606
11604,11607
11606,11607
11607,11612
11612,11616
11612,11619
11616,11619
11616,11623
11616,11624
11616,11626
11619,11623
11623,11624
11623,11626
11624,11626
11626,11629
11626,11630
11626,11633
11626,11634
11626,11635
11626,11640
11629,11630
11629,11633
11630,11633
11630,11634
11633,11634
11634,11635
11634,11640
11634,11647
11634,11651
11634,11657
11634,11658
11635,11640
11635,11647
11635,11651
11635,11657
11635,11658
11640,11647
11647,11651
11651,11657
11651,11658
11651,11660
11657,11658
11658,11660
11658,11662
11658,11672
11658,11677
11658,11680
11660,11662
11660,11672
11662,11672
11662,11677
11662,11680
11662,11686
11662,11698
11672,11677
11672,11680
11672,11686
11672,11698
11672,11700
11672,11704
11677,11680
11677,11686
11677,11698
11677,11700
11680,11686
11686,11698
11698,11700
11700,11704
11700,11705
11704,11705
11704,11706
11705,11706
11705,11707
11706,11707
11707,11712
11712,11715
11712,11732
11712,11736
11712,11753
11715,11732
11715,11736
11715,11753
11732,11736
11732,11753
11732,11755
11736,11753
11753,11755
11755,11757
11755,11761
11755,11762
11757,11761
11761,11762
11761,11763
11762,11763
11763,11769
11763,11770
11769,11770
11769,11776
11770,11776
11776,11778
11776,11784
11776,11789
11776,11790
11778,11784
11784,11789
11789,11790
11790,11791
11790,11794
11790,11799
11790,11807
11791,11794
11794,11799
11799,11807
11799,11811
11799,11813
11799,11814
11807,11811
11811,11813
11813,11814
11814,11816
11816,11817
11817,11821
11817,11822
11817,11824
11817,11826
11821,11822
11822,11824
11824,11826
11826,11828
11826,11833
11828,11833
11833,11835
11833,11837
11835,11837
11837,11840
11840,11861
11861,11868
11868,11876
11876,11885
11876,11889
11876,11895
11885,11889
11885,11895
11885,11900
11885,11902
11889,11895
11889,11900
11895,11900
11895,11902
11895,11908
11900,11902
11900,11908
11900,11912
11902,11908
11908,11912
11912,11915
11915,11916
11916,11920
11920,11924
11920,11926
11924,11926
11924,11930
11924,11943
11926,11930
11930,11943
11943,11945
11945,11948
11945,11949
11945,11951
11948,11949
11948,11951
11949,11951
11949,11954
11951,11954
11954,11955
11955,11965
11965,11968
11965,11970
11968,11970
11970,11973
11970,11992
11973,11992
11973,12001
11973,12005
11973,12009
11992,12001
12001,12005
12005,12009
12005,12010
12009,12010
12010,12013
12013,12019
12019,12034
12019,12037
12034,12037
12034,12043
12034,12044
12037,12043
12037,12044
12043,12044
12044,12052
12052,12057
12052,12072
12052,12077
12057,12072
12057,12077
12057,12078
12072,12077
12072,12078
12077,12078
12078,12079
12079,12088
12088,12089
12088,12090
12088,12091
12088,12092
12089,12090
12089,12091
12089,12092
12090,12091
12090,12092
12090,12096
12091,12092
12091,12096
12092,12096
12096,12100
12096,12102
12096,12105
12100,12102
12100,12105
12102,12105
12105,12113
12105,12116
12105,12117
12113,12116
12113,12117
12113,12128
12116,12117
12116,12128
12116,12132
12117,12128
12128,12132
12132,12133
12133,12140
12133,12141
12133,12142
12133,12145
12140,12141
12140,12142
12140,12145
12141,12142
12142,12145
12142,12147
12142,12148
12142,12149
12142,12151
12142,12154
12145,12147
12147,12148
12148,12149
12148,12151
12149,12151
12149,12154
12151,12154
12154,12155
12155,12160
12155,12173
12155,12174
12155,12178
12155,12189
12160,12173
12160,12174
12173,12174
12173,12178
12174,12178
12178,12189
12189,12192
12192,12194
12192,12197
12192,12198
12194,12197
12194,12198
12194,12200
12197,12198
12198,12200
12198,12202
12198,12206
12198,12210
12200,12202
12202,12206
12202,12210
12206,12210
12210,12216
12216,12219
12219,12222
12222,12225
12222,12226
12222,12255
12222,12256
12225,12226
12225,12255
12225,12256
12226,12255
12226,12256
12255,12256
12256,12261
12256,12269
12261,12269
12261,12279
12269,12279
12269,12280
12279,12280
12280,12285
12280,12288
12280,12302
12285,12288
12285,12302
12288,12302
12288,12311
12302,12311
12311,12313
12313,12314
12313,12316
12314,12316
12316,12319
12316,12324
12316,12333
12316,12339
12319,12324
12324,12333
12324,12339
12333,12339
12339,12341
12339,12342
12339,12348
12341,12342
12342,12348
12348,12350
12348,12352
12348,12353
12350,12352
12352,12353
12353,12355
12353,12366
12355,12366
12366,12369
12366,12374
12366,12377
12366,12378
12366,12380
12369,12374
12369,12377
12369,12378
12369,12380
12369,12381
12374,12377
12374,12378
12377,12378
12378,12380
12378,12381
12378,12389
12380,12381
12381,12389
12381,12398
12381,12410
12381,12412
12389,12398
12389,12410
12398,12410
12398,12412
12410,12412
12412,12417
12412,12420
12417,12420
12417,12427
12420,12427
12420,12430
12420,12432
12427,12430
12427,12432
12430,12432
12432,12433
12433,12437
12433,12451
12433,12452
12433,12465
12437,12451
12437,12452
12437,12465
12451,12452
12451,12465
12452,12465
12452,12468
12452,12471
12465,12468
12468,12471
12468,12480
12471,12480
12471,12483
12480,12483
12480,12488
12480,12489
12483,12488
12488,12489
12488,12490
12489,12490
12489,12491
12489,12493
12490,12491
12490,12493
12490,12503
12490,12513
12490,12514
12491,12493
12491,12503
12491,12513
12491,12514
12491,12515
12493,12503
12503,12513
12513,12514
12514,12515
12515,12532
12515,12535
12515,12549
12532,12535
12535,12549
12535,12555
12535,12558
12535,12559
12535,12563
12549,12555
12555,12558
12558,12559
12558,12563
12558,12573
12558,12575
12559,12563
12563,12573
12563,12575
12573,12575
12573,12581
12573,12589
12573,12592
12573,12598
12575,12581
12575,12589
12581,12589
12581,12592
12581,12598
12581,12615
12581,12616
12581,12617
12589,12592
12589,12598
12592,12598
12592,12615
12598,12615
12615,12616
12615,12617
12616,12617
12616,12626
12616,12631
12617,12626
12626,12631
12626,12639
12626,12641
12631,12639
12639,12641
12639,12646
12639,12649
12639,12654
12639,12664
12639,12666
12641,12646
12641,12649
12646,12649
12646,12654
12646,12664
12649,12654
12649,12664
12649,12666
12649,12671
12654,12664
12654,12666
12664,12666
12664,12671
12666,12671
12666,12672
12671,12672
12671,12680
12671,12687
12671,12688
12671,12690
12672,12680
12672,12687
12672,12688
12680,12687
12687,12688
12688,12690
12688,12693
12690,12693
12690,12694
12690,12695
12693,12694
12694,12695
12694,12696
12694,12699
12694,12710
12695,12696
12695,12699
12696,12699
12699,12710
12699,12711
12699,12717
12710,12711
12711,12717
12711,12718
12711,12721
12717,12718
12718,12721
12721,12726
12726,12727
12727,12734
12734,12736
12734,12737
12734,12742
12736,12737
12736,12742
12736,12761
12736,12766
12737,12742
12742,12761
12761,12766
12766,12775
12766,12778
12766,12780
12775,12778
12775,12780
12775,12787
12778,12780
12778,12787
12780,12787
12787,12790
12790,12795
12795,12797
12797,12805
12805,12807
12805,12808
12807,12808
12808,12809
12808,12811
12808,12832
12808,12835
12808,12837
12808,12840
12809,12811
12811,12832
12811,12835
12811,12837
12832,12835
12835,12837
12837,12840
12837,12848
12837,12867
12837,12870
12837,12872
12840,12848
12840,12867
12840,12870
12840,12872
12848,12867
12848,12870
12848,12872
12848,12873
12867,12870
12867,12872
12870,12872
12870,12873
12870,12876
12872,12873
12872,12876
12872,12877
12873,12876
12873,12877
12876,12877
12877,12878
12878,12880
12880,12882
12880,12885
12880,12886
12880,12892
12880,12893
12882,12885
12882,12886
12885,12886
12886,12892
12892,12893
12892,12915
12893,12915
12893,12916
12893,12917
12915,12916
12916,12917
12916,12923
12917,12923
12923,12925
12923,12930
12923,12933
12925,12930
12930,12933
12933,12935
12935,12943
12943,12955
12943,12961
12943,12967
12955,12961
12961,12967
12967,12973
12967,12974
12967,12975
12973,12974
12973,12975
12974,12975
12974,12981
12974,12983
12974,12986
12975,12981
12981,12983
12983,12986
12986,12988
12986,12994
12986,13001
12986,13008
12988,12994
12988,13001
12988,13008
12988,13013
12994,13001
13001,13008
13001,13013
13001,13014
13008,13013
13013,13014
13013,13016
13014,13016
13014,13017
13014,13018
13016,13017
13017,13018
13018,13022
13022,13027
13027,13030
13027,13033
13027,13034
13027,13038
13030,13033
13033,13034
13034,13038
13034,13039
13034,13040
13038,13039
13038,13040
13039,13040
13039,13041
13039,13044
13039,13051
13039,13056
13039,13061
13040,13041
13040,13044
13040,13051
13041,13044
13041,13051
13041,13056
13044,13051
13051,13056
13056,13061
13061,13063
13063,13064
13063,13079
13064,13079
13079,13092
13079,13112
13092,13112
13092,13124
13092,13137
13112,13124
13112,13137
13112,13144
13124,13137
13137,13144
13137,13151
13137,13155
13144,13151
13144,13155
13151,13155
13151,13156
13151,13160
13151,13166
13155,13156
13156,13160
13156,13166
13156,13167
13156,13168
13160,13166
13166,13167
13166,13168
13166,13169
13166,13176
13167,13168
13167,13169
13167,13176
13167,13184
13167,13186
13168,13169
13169,13176
13169,13184
13169,13186
13176,13184
13176,13186
13176,13187
13184,13186
13184,13187
13186,13187
13187,13190
13187,13194
13187,13197
13190,13194
13194,13197
13194,13200
13194,13204
13194,13208
13194,13211
13197,13200
13200,13204
13204,13208
13208,13211
13211,13216
13216,13220
13220,13227
13220,13235
13227,13235
13227,13266
13227,13270
13235,13266
13266,13270
13270,13273
13270,13280
13270,13282
13273,13280
13273,13282
13280,13282
13282,13287
13287,13290
13287,13297
13290,13297
13297,13301
13301,13310
13310,13313
13310,13315
13313,13315
13315,13320
13320,13323
13323,13325
13323,13328
13325,13328
13325,13333
13325,13338
13328,13333
13328,13338
13333,13338
13333,13346
13333,13347
13333,13348
13338,13346
13346,13347
13347,13348
13348,13358
13358,13361
13358,13362
13358,13365
13358,13371
13361,13362
13361,13365
13361,13371
13361,13377
13362,13365
13365,13371
13371,13377
13377,13378
13378,13381
13378,13382
13378,13383
13378,13385
13381,13382
13382,13383
13382,13385
13382,13388
13382,13396
13383,13385
13383,13388
13383,13396
13385,13388
13388,13396
13396,13399
13396,13402
13396,13412
13396,13426
13396,13434
13399,13402
13399,13412
13399,13426
13399,13434
13399,13439
13399,13441
13402,13412
13412,13426
13426,13434
13434,13439
13434,13441
13434,13443
13439,13441
13439,13443
13441,13443
13443,13445
13443,13448
13445,13448
13448,13459
13459,13460
13460,13465
13460,13467
13460,13476
13460,13479
13465,13467
13467,13476
13467,13479
13467,13482
13467,13484
13467,13486
13476,13479
13479,13482
13482,13484
13484,13486
13486,13496
13486,13523
13496,13523
13496,13529
13496,13530
13496,13531
13496,13533
13523,13529
13529,13530
13529,13531
13529,13533
13529,13535
13529,13536
13530,13531
13531,13533
13533,13535
13533,13536
13533,13537
13535,13536
13536,13537
13537,13540
13537,13543
13537,13544
13537,13548
13537,13553
13537,13556
13537,13557
13540,13543
13543,13544
13543,13548
13544,13548
13544,13553
13544,13556
13548,13553
13553,13556
13556,13557
13556,13561
13556,13570
13557,13561
13561,13570
13570,13571
13570,13576
13571,13576
13571,13581
13576,13581
13576,13583
13576,13598
13581,13583
13581,13598
13581,13599
13581,13603
13583,13598
13583,13599
13583,13603
13583,13605
13598,13599
13599,13603
13603,13605
13603,13609
13605,13609
13609,13613
13613,13615
13615,13617
13617,13621
13617,13626
13617,13630
13617,13636
13621,13626
13621,13630
13621,13636
13626,13630
13626,13636
13630,13636
13636,13655
13655,13656
13655,13658
13655,13681
13655,13683
13656,13658
13658,13681
13681,13683
13681,13686
13683,13686
13686,13689
13686,13691
13686,13695
13689,13691
13689,13695
13689,13696
13691,13695
13691,13696
13691,13700
13691,13703
13695,13696
13695,13700
13695,13703
13695,13704
13695,13708
13696,13700
13696,13703
13696,13704
13696,13708
13700,13703
13703,13704
13704,13708
13708,13709
13708,13714
13708,13734
13709,13714
13714,13734
13714,13737
13714,13742
13714,13749
13734,13737
13737,13742
13737,13749
13737,13759
13737,13760
13742,13749
13742,13759
13749,13759
13749,13760
13749,13771
13759,13760
13759,13771
13760,13771
13771,13776
13776,13789
13789,13794
13789,13795
13794,13795
13795,13797
13795,13799
13797,13799
13797,13801
13799,13801
13799,13802
13799,13804
13799,13805
13799,13806
13801,13802
13801,13804
13801,13805
13802,13804
13802,13805
13804,13805
13805,13806
13806,13807
13806,13813
13807,13813
13813,13815
13815,13821
13821,13825
13825,13826
13825,13831
13825,13836
13825,13848
13825,13850
13826,13831
13831,13836
13831,13848
13836,13848
13836,13850
13848,13850
13848,13859
13850,13859
13850,13863
13859,13863
13859,13871
13859,13877
13863,13871
13871,13877
13877,13884
13877,13887
13884,13887
13884,13888
13884,13893
13884,13894
13887,13888
13888,13893
13888,13894
13893,13894
13893,13896
13893,13898
13893,13903
13893,13907
13894,13896
13896,13898
13898,13903
13898,13907
13903,13907
13903,13910
13903,13913
13907,13910
13907,13913
13910,13913
13910,13914
13910,13916
13913,13914
13913,13916
13913,13928
13913,13929
13914,13916
13914,13928
13916,13928
13916,13929
13916,13933
13928,13929
13929,13933
13933,13942
13933,13944
13942,13944
13944,13949
13949,13958
13949,13964
13949,13974
13958,13964
13958,13974
13958,13982
13964,13974
13964,13982
13964,13986
13974,13982
13982,13986
13986,13991
13991,13994
13991,13995
13994,13995
13994,14007
13994,14008
13994,14010
13995,14007
13995,14008
13995,14010
14007,14008
14007,14010
14007,14011
14008,14010
14008,14011
14010,14011
14011,14015
14015,14019
14019,14023
14023,14028
14028,14035
14028,14036
14035,14036
14035,14048
14035,14051
14036,14048
14048,14051
14051,14059
14051,14060
14059,14060
14059,14061
14059,14070
14059,14074
14060,14061
14060,14070
14060,14074
14060,14077
14060,14079
14061,14070
14070,14074
14074,14077
14077,14079
14077,14088
14079,14088
14079,14089
14088,14089
14088,14094
14088,14098
14089,14094
14094,14098
14098,14099
14099,14105
14099,14108
14105,14108
14108,14117
14108,14125
14108,14138
14108,14142
14117,14125
14117,14138
14125,14138
14125,14142
14125,14145
14125,14147
14138,14142
14138,14145
14138,14147
14142,14145
14145,14147
14145,14154
14145,14159
14147,14154
14147,14159
14154,14159
14159,14161
14161,14163
14161,14166
14161,14169
14161,14170
14161,14181
14161,14182
14163,14166
14166,14169
14169,14170
14169,14181
14170,14181
14170,14182
14181,14182
14181,14190
14182,14190
14182,14192
14190,14192
14190,14195
14190,14198
14192,14195
14192,14198
14195,14198
14195,14202
14195,14206
14195,14216
14195,14220
14198,14202
14198,14206
14198,14216
14202,14206
14206,14216
14216,14220
14220,14221
14220,14229
14220,14233
14221,14229
14229,14233
14233,14241
14241,14245
14245,14246
14245,14247
14245,14259
14245,14263
14245,14264
14246,14247
14247,14259
14259,14263
14259,14264
14263,14264
14263,14266
14263,14267
14263,14269
14263,14270
14264,14266
14266,14267
14266,14269
14267,14269
14269,14270
14270,14278
14270,14279
14278,14279
14278,14280
14278,14283
14278,14287
14278,14289
14279,14280
14279,14283
14279,14287
14279,14289
14280,14283
14283,14287
14283,14289
14283,14290
14283,14291
14287,14289
14287,14290
14289,14290
14289,14291
14290,14291
14290,14292
14290,14295
14290,14296
14291,14292
14291,14295
14292,14295
14292,14296
14295,14296
14296,14297
14297,14306
14306,14310
14310,14311
14310,14314
14310,14319
14310,14328
14311,14314
14314,14319
14314,14328
14314,14333
14314,14338
14319,14328
14328,14333
14328,14338
14328,14343
14333,14338
14333,14343
14333,14350
14338,14343
14338,14350
14338,14351
14338,14352
14338,14359
14338,14367
14343,14350
14343,14351
14343,14352
14350,14351
14350,14352
14350,14359
14350,14367
14350,14370
14351,14352
14352,14359
14359,14367
14367,14370
14367,14373
14367,14376
14367,14377
14370,14373
14373,14376
14373,14377
14376,14377
14376,14383
14377,14383
14383,14392
14383,14396
14392,14396
14396,14411
14396,14416
14396,14417
14411,14416
14411,14417
14411,14422
14416,14417
14416,14422
14416,14428
14417,14422
14417,14428
14417,14436
14417,14437
14422,14428
14422,14436
14422,14437
14428,14436
14436,14437
14436,14440
14436,14441
14437,14440
14440,14441
14441,14445
14441,14456
14441,14465
14445,14456
14445,14465
14456,14465
14465,14470
14470,14476
14470,14480
14470,14482
14476,14480
14480,14482
14482,14492
14482,14500
14482,14510
14492,14500
14500,14510
14500,14512
14500,14514
14500,14518
14510,14512
14512,14514
14514,14518
14518,14523
14518,14524
14523,14524
14524,14529
14524,14533
14524,14539
14529,14533
14533,14539
14539,14540
14540,14544
14544,14550
14544,14553
14544,14554
14544,14555
14550,14553
14553,14554
14554,14555
14555,14557
14555,14572
14555,14577
14557,14572
14557,14577
14572,14577
14572,14582
14572,14588
14577,14582
14582,14588
14588,14589
14588,14590
14588,14592
14588,14599
14588,14603
14589,14590
14589,14592
14589,14599
14589,14603
14590,14592
14590,14599
14590,14603
14590,14604
14592,14599
14599,14603
14603,14604
14604,14605
14604,14607
14605,14607
14607,14618
14618,14619
14618,14623
14618,14629
14619,14623
14619,14629
14623,14629
14629,14632
14629,14638
14629,14639
14629,14642
14632,14638
14632,14639
14632,14642
14632,14651
14632,14654
14638,14639
14639,14642
14639,14651
14639,14654
14642,14651
14642,14654
14642,14659
14642,14661
14642,14662
14651,14654
14651,14659
14651,14661
14654,14659
14654,14661
14654,14662
14654,14665
14659,14661
14659,14662
14659,14665
14661,14662
14662,14665
14662,14672
14662,14673
14665,14672
14665,14673
14665,14677
14672,14673
14672,14677
14673,14677
14677,14678
14677,14686
14678,14686
14686,14689
14689,14695
14689,14699
14695,14699
14699,14702
14699,14705
14699,14708
14702,14705
14702,14708
14702,14712
14702,14717
14705,14708
14708,14712
14712,14717
14712,14719
14717,14719
14719,14722
14719,14725
14719,14726
14722,14725
14725,14726
14726,14727
14727,14730
14730,14739
14730,14741
14730,14742
14730,14745
14730,14752
14739,14741
14739,14742
14739,14745
14741,14742
14741,14745
14741,14752
14742,14745
14742,14752
14745,14752
14752,14756
14756,14771
14771,14772
14771,14777
14771,14779
14772,14777
14772,14779
14772,14780
14772,14785
14772,14789
14772,14790
14777,14779
14779,14780
14780,14785
14780,14789
14780,14790
14780,14793
14785,14789
14785,14790
14785,14793
14785,14812
14789,14790
14789,14793
14790,14793
14790,14812
14793,14812
14812,14816
14816,14821
14816,14823
14816,14830
14816,14833
14816,14835
14816,14836
14821,14823
14821,14830
14823,14830
14823,14833
14823,14835
14823,14836
14830,14833
14830,14835
14830,14836
14830,14837
14833,14835
14835,14836
14836,14837
14836,14840
14836,14843
14836,14844
14836,14847
14836,14852
14836,14865
14836,14866
14837,14840
14837,14843
14837,14844
14837,14847
14837,14852
14840,14843
14843,14844
14844,14847
14847,14852
14852,14865
14865,14866
14865,14867
14865,14871
14865,14891
14865,14897
14865,14898
14866,14867
14867,14871
14871,14891
14891,14897
14891,14898
14891,14900
14891,14902
14897,14898
14897,14900
14898,14900
14900,14902
14900,14904
14902,14904
14902,14906
14904,14906
14906,14908
14906,14920
14906,14921
14906,14926
14906,14936
14908,14920
14920,14921
14920,14926
14920,14936
14921,14926
14921,14936
14921,14939
14921,14951
14921,14961
14921,14967
14921,14969
14921,14970
14926,14936
14926,14939
14926,14951
14926,14961
14936,14939
14939,14951
14939,14961
14939,14967
14951,14961
14961,14967
14961,14969
14967,14969
14967,14970
14967,14980
14967,14984
14969,14970
14970,14980
14980,14984
14984,14991
14984,14993
14984,14996
14984,15000
14991,14993
14991,14996
14991,15000
14991,15011
14993,14996
14996,15000
14996,15011
14996,15016
14996,15019
15000,15011
15000,15016
15011,15016
15011,15019
15011,15020
15011,15025
15011,15028
15016,15019
15016,15020
15019,15020
15020,15025
15020,15028
15025,15028
15025,15048
15025,15059
15028,15048
15048,15059
15048,15061
15059,15061
15059,15062
15061,15062
15062,15064
15062,15071
15062,15079
15062,15083
15064,15071
15064,15079
15071,15079
15079,15083
15083,15087
15087,15089
15087,15104
15087,15108
15089,15104
15104,15108
15108,15115
15115,15116
15116,15117
15117,15121
15121,15122
15122,15127
15122,15134
15122,15135
15122,15136
15122,15137
15122,15140
15127,15134
15134,15135
15134,15136
15134,15137
15134,15140
15135,15136
15136,15137
15136,15140
15137,15140
15140,15142
15142,15158
15142,15160
15158,15160
15158,15171
15158,15173
15160,15171
15160,15173
15171,15173
15171,15174
15171,15180
15173,15174
15174,15180
15174,15182
15180,15182
15182,15184
15184,15185
15184,15223
15184,15227
15185,15223
15223,15227
15223,15236
15223,15238
15227,15236
15236,15238
15238,15243
15238,15248
15243,15248
15248,15263
15263,15267
15267,15270
15267,15278
15267,15279
15267,15283
15270,15278
15278,15279
15279,15283
15279,15296
15279,15306
15283,15296
15283,15306
15296,15306
15296,15311
15306,15311
15306,15313
15306,15316
15306,15338
15306,15340
15311,15313
15311,15316
15311,15338
15311,15340
15311,15347
15311,15352
15313,15316
15313,15338
15316,15338
15316,15340
15338,15340
15340,15347
15340,15352
15340,15355
15340,15356
15347,15352
15352,15355
15355,15356
15356,15357
15356,15369
15357,15369
15369,15381
15381,15388
15381,15395
15388,15395
15388,15419
15395,15419
15419,15420
15419,15423
15419,15429
15420,15423
15423,15429
15429,15435
15429,15437
15435,15437
15435,15440
15437,15440
15440,15441
15440,15444
15441,15444
15444,15452
15452,15456
15456,15471
15456,15472
15456,15481
15471,15472
15472,15481
15481,15485
15481,15486
15481,15498
15481,15502
15485,15486
15485,15498
15486,15498
15498,15502
15502,15505
15505,15507
15507,15515
15507,15546
15515,15546
15515,15547
15546,15547
15547,15552
15547,15561
15552,15561
15552,15565
15552,15567
15552,15569
15552,15571
15561,15565
15561,15567
15561,15569
15561,15571
15561,15580
15565,15567
15567,15569
15567,15571
15569,15571
15569,15580
15569,15585
15569,15586
15569,15587
15571,15580
15571,15585
15571,15586
15571,15587
15580,15585
15585,15586
15586,15587
15586,15595
15586,15599
15587,15595
15587,15599
15587,15602
15587,15605
15595,15599
15599,15602
15602,15605
15605,15619
15619,15621
15621,15624
15621,15625
15621,15631
15621,15635
15624,15625
15625,15631
15625,15635
15625,15640
15631,15635
15635,15640
15640,15649
15640,15656
15640,15660
15640,15663
15649,15656
15656,15660
15660,15663
15660,15669
15663,15669
15663,15705
15663,15706
15669,15705
15705,15706
15706,15715
15706,15723
15715,15723
15723,15727
15723,15732
15727,15732
15732,15734
15732,15741
15734,15741
15741,15744
15741,15751
15741,15757
15744,15751
15744,15757
15751,15757
15757,15763
15763,15766
15763,15767
15763,15774
15763,15775
15763,15776
15763,15793
15766,15767
15766,15774
15766,15775
15767,15774
15767,15775
15767,15776
15774,15775
15775,15776
15775,15793
15776,15793
15776,15798
15776,15819
15776,15820
15776,15821
15793,15798
15798,15819
15819,15820
15819,15821
15819,15823
15819,15825
15819,15837
15819,15839
15820,15821
15820,15823
15820,15825
15820,15837
15821,15823
15823,15825
15823,15837
15823,15839
15825,15837
15825,15839
15825,15844
15825,15851
15837,15839
15839,15844
15839,15851
15839,15874
15839,15876
15839,15883
15844,15851
15851,15874
15851,15876
15874,15876
15874,15883
15876,15883
15876,15884
15883,15884
15884,15887
15884,15888
15884,15892
15884,15895
15887,15888
15888,15892
15892,15895
15895,15901
15895,15903
15895,15905
15895,15910
15895,15916
15901,15903
15901,15905
15901,15910
15903,15905
15903,15910
15905,15910
15905,15916
15910,15916
15910,15922
15916,15922
15916,15923
15916,15925
15916,15945
15922,15923
15923,15925
15923,15945
15925,15945
15945,15949
15945,15956
15945,15962
15949,15956
15949,15962
15956,15962
15962,15964
15962,15967
15962,15968
15964,15967
15964,15968
15964,15971
15964,15974
15967,15968
15967,15971
15967,15974
15967,15975
15967,15980
15968,15971
15971,15974
15971,15975
15974,15975
15975,15980
15980,15982
15982,15986
15982,15988
15982,15989
15982,15993
15986,15988
15988,15989
15989,15993
15993,15995
15993,16002
15995,16002
15995,16003
16002,16003
16003,16011
16011,16019
16019,16028
16019,16029
16019,16030
16019,16032
16019,16035
16028,16029
16029,16030
16029,16032
16030,16032
16030,16035
16030,16039
16030,16043
16032,16035
16035,16039
16035,16043
16035,16055
16039,16043
16043,16055
16055,16056
16056,16057
16057,16065
16057,16067
16065,16067
16065,16071
16067,16071
16067,16072
16071,16072
16072,16074
16072,16084
16072,16091
16072,16095
16074,16084
16084,16091
16091,16095
16095,16096
16096,16097
16096,16098
16096,16105
16097,16098
16097,16105
16097,16106
16097,16110
16098,16105
16105,16106
16105,16110
16105,16115
16105,16121
16105,16123
16106,16110
16110,16115
16110,16121
16110,16123
16115,16121
16115,16123
16115,16129
16115,16130
16115,16141
16121,16123
16121,16129
16121,16130
16121,16141
16123,16129
16129,16130
16129,16141
16129,16145
16130,16141
16130,16145
16130,16159
16130,16160
16141,16145
16145,16159
16159,16160
16160,16164
16164,16174
16164,16176
16174,16176
16174,16187
16176,16187
16187,16188
16188,16194
16188,16201
16188,16209
16194,16201
16201,16209
16201,16212
16201,16215
16201,16231
16201,16234
16209,16212
16209,16215
16209,16231
16209,16234
16209,16236
16209,16237
16212,16215
16215,16231
16231,16234
16231,16236
16234,16236
16236,16237
16237,16241
16241,16245
16241,16247
16241,16248
16245,16247
16247,16248
16247,16251
16247,16253
16248,16251
16251,16253
16253,16254
16253,16263
16253,16265
16254,16263
16254,16265
16263,16265
16263,16267
16263,16269
16265,16267
16267,16269
16267,16270
16267,16273
16267,16279
16267,16290
16267,16293
16267,16296
16269,16270
16269,16273
16269,16279
16270,16273
16273,16279
16279,16290
16279,16293
16290,16293
16290,16296
16293,16296
16293,16299
16296,16299
16299,16303
16303,16308
16303,16315
16308,16315
16315,16321
16321,16322
16321,16323
16321,16328
16322,16323
16322,16328
16322,16332
16323,16328
16323,16332
16323,16351
16328,16332
16328,16351
16328,16361
16328,16363
16332,16351
16351,16361
16351,16363
16361,16363
16361,16364
16363,16364
16364,16365
16364,16375
16365,16375
16365,16378
16365,16380
16365,16386
16365,16388
16375,16378
16378,16380
16380,16386
16380,16388
16386,16388
16388,16403
16403,16406
16403,16411
16406,16411
16406,16413
16406,16414
16406,16416
16406,16421
16411,16413
16413,16414
16413,16416
16413,16421
16414,16416
16414,16421
16416,16421
16416,16427
16421,16427
16427,16428
16427,16438
16427,16453
16427,16459
16427,16476
16428,16438
16438,16453
16453,16459
16459,16476
16476,16479
16479,16483
16479,16497
16479,16501
16483,16497
16497,16501
16497,16505
16501,16505
16501,16509
16501,16513
16501,16515
16501,16516
16505,16509
16509,16513
16513,16515
16515,16516
16515,16521
16516,16521
16521,16532
16521,16533
16532,16533
16532,16538
16532,16543
16532,16547
16533,16538
16533,16543
16533,16547
16538,16543
16538,16547
16538,16552
16543,16547
16547,16552
16547,16556
16547,16557
16547,16567
16547,16578
16547,16583
16552,16556
16556,16557
16556,16567
16556,16578
16557,16567
16567,16578
16578,16583
16578,16585
16578,16594
16583,16585
16583,16594
16585,16594
16594,16603
16594,16607
16603,16607
16607,16610
16610,16611
16611,16618
16611,16619
16611,16624
16611,16626
16618,16619
16619,16624
16619,16626
16619,16629
16624,16626
16624,16629
16624,16630
16626,16629
16629,16630
16630,16631
16631,16632
16632,16643
16643,16647
16647,16649
16647,16650
16647,16661
16647,16673
16647,16681
16649,16650
16649,16661
16649,16673
16650,16661
16650,16673
16650,16681
16650,16684
16650,16691
16661,16673
16661,16681
16661,16684
16673,16681
16681,16684
16681,16691
16681,16696
16684,16691
16691,16696
16696,16697
16696,16716
16696,16717
16696,16720
16697,16716
16697,16717
16697,16720
16716,16717
16717,16720
16717,16721
16717,16725
16720,16721
16721,16725
16721,16729
16721,16735
16725,16729
16729,16735
16735,16740
16740,16741
16741,16744
16741,16745
16741,16750
16741,16754
16741,16761
16741,16764
16741,16765
16744,16745
16744,16750
16745,16750
16745,16754
16750,16754
16750,16761
16750,16764
16750,16765
16754,16761
16761,16764
16761,16765
16761,16767
16761,16768
16761,16775
16764,16765
16765,16767
16767,16768
16768,16775
16775,16776
16775,16778
16775,16783
16776,16778
16776,16783
16778,16783
16783,16787
16787,16788
16787,16794
16788,16794
16788,16801
16794,16801
16801,16813
16813,16828
16828,16829
16829,16835
16835,16836
16835,16844
16836,16844
16836,16846
16836,16847
16844,16846
16846,16847
16846,16857
16846,16858
16846,16859
16846,16866
16847,16857
16857,16858
16857,16859
16857,16866
16857,16870
16857,16873
16857,16878
16858,16859
16859,16866
16866,16870
16870,16873
16870,16878
16870,16885
16873,16878
16873,16885
16878,16885
16885,16896
16885,16903
16885,16905
16885,16907
16885,16909
16896,16903
16896,16905
16896,16907
16903,16905
16903,16907
16903,16909
16905,16907
16905,16909
16905,16911
16905,16913
16907,16909
16907,16911
16909,16911
16909,16913
16909,16923
16911,16913
16911,16923
16911,16934
16913,16923
16923,16934
16923,16935
16934,16935
16934,16936
16934,16945
16935,16936
16935,16945
16935,16948
16936,16945
16945,16948
16945,16950
16945,16957
16948,16950
16950,16957
16950,16959
16950,16966
16957,16959
16959,16966
16959,16969
16959,16983
16959,16986
16966,16969
16969,16983
16969,16986
16983,16986
16986,17008
17008,17015
17008,17023
17015,17023
17023,17028
17023,17032
17023,17034
17028,17032
17028,17034
17028,17037
17032,17034
17034,17037
17034,17041
17034,17044
17034,17046
17034,17047
17037,17041
17037,17044
17041,17044
17041,17046
17041,17047
17041,17057
17044,17046
17046,17047
17046,17057
17046,17060
17046,17073
17047,17057
17047,17060
17047,17073
17047,17078
17057,17060
17057,17073
17057,17078
17057,17080
17060,17073
17073,17078
17073,17080
17078,17080
17078,17089
17078,17104
17078,17111
17080,17089
17080,17104
17089,17104
17089,17111
17104,17111
17111,17112
17112,17113
17113,17114
17113,17117
17114,17117
17117,17122
17122,17151
17122,17154
17122,17160
17151,17154
17151,17160
17151,17163
17151,17176
17154,17160
17160,17163
17160,17176
17160,17180
17163,17176
17176,17180
17180,17187
17180,17191
17180,17192
17187,17191
17187,17192
17187,17199
17187,17206
17187,17214
17191,17192
17191,17199
17191,17206
17192,17199
17199,17206
17206,17214
17214,17216
17216,17220
17220,17225
17225,17226
17226,17228
17226,17234
17228,17234
17234,17237
17234,17243
17234,17254
17237,17243
17237,17254
17237,17256
17237,17264
17237,17266
17237,17269
17237,17275
17243,17254
17243,17256
17243,17264
17243,17266
17243,17269
17243,17275
17254,17256
17254,17264
17256,17264
17256,17266
17256,17269
17256,17275
17264,17266
17264,17269
17264,17275
17264,17281
17264,17293
17266,17269
17269,17275
17269,17281
17275,17281
17281,17293
17281,17298
17281,17303
17293,17298
17293,17303
17293,17313
17293,17318
17293,17325
17293,17326
17298,17303
17298,17313
17298,17318
17303,17313
17303,17318
17303,17325
17313,17318
17313,17325
17318,17325
17325,17326
17326,17330
17326,17332
17330,17332
17330,17336
17332,17336
17336,17348
17336,17358
17336,17364
17348,17358
17358,17364
17364,17373
17364,17376
17373,17376
17373,17377
17376,17377
17376,17383
17376,17385
17376,17399
17376,17401
17377,17383
17383,17385
17383,17399
17383,17401
17383,17402
17385,17399
17385,17401
17399,17401
17401,17402
17401,17403
17401,17410
17402,17403
17402,17410
17402,17413
17402,17418
17402,17423
17402,17430
17403,17410
17410,17413
17410,17418
17413,17418
17418,17423
17423,17430
17430,17432
17430,17433
17430,17438
17430,17444
17432,17433
17432,17438
17433,17438
17433,17444
17433,17451
17433,17452
17438,17444
17444,17451
17451,17452
17452,17454
17452,17460
17454,17460
17454,17476
17454,17477
17460,17476
17460,17477
17476,17477
17476,17480
17477,17480
17480,17484
17480,17495
17480,17505
17484,17495
17495,17505
17495,17510
17495,17514
17495,17516
17505,17510
17510,17514
17510,17516
17514,17516
17516,17519
17516,17533
17519,17533
17533,17542
17533,17543
17533,17551
17533,17553
17533,17554
17542,17543
17543,17551
17551,17553
17553,17554
17554,17556
17554,17580
17554,17582
17554,17589
17556,17580
17580,17582
17582,17589
17589,17595
17589,17598
17589,17601
17589,17603
17595,17598
17598,17601
17601,17603
17601,17606
17601,17607
17601,17612
17601,17621
17601,17623
17601,17627
17603,17606
17603,17607
17606,17607
17607,17612
17612,17621
17621,17623
17623,17627
17623,17632
17623,17637
17623,17646
17627,17632
17632,17637
17632,17646
17632,17651
17632,17652
17632,17653
17632,17661
17637,17646
17637,17651
17646,17651
17646,17652
17646,17653
17646,17661
17646,17664
17646,17670
17651,17652
17652,17653
17653,17661
17661,17664
17664,17670
17664,17675
17664,17678
17670,17675
17670,17678
17670,17684
17675,17678
17678,17684
17684,17685
17684,17686
17684,17688
17684,17708
17684,17714
17684,17727
17685,17686
17686,17688
17686,17708
17686,17714
17686,17727
17688,17708
17708,17714
17714,17727
17727,17731
17731,17737
17737,17747
17737,17761
17737,17763
17737,17769
17747,17761
17761,17763
17763,17769
17763,17773
17769,17773
17769,17775
17769,17778
17769,17779
17769,17782
17769,17786
17773,17775
17775,17778
17778,17779
17778,17782
17778,17786
17779,17782
17779,17786
17779,17789
17779,17790
17782,17786
17782,17789
17782,17790
17782,17792
17782,17796
17786,17789
17786,17790
17789,17790
17789,17792
17789,17796
17789,17798
17790,17792
17792,17796
17796,17798
17796,17799
17798,17799
17799,17801
17801,17803
17801,17804
17801,17818
17803,17804
17803,17818
17804,17818
17804,17832
17804,17848
17804,17850
17818,17832
17832,17848
17848,17850
17848,17851
17848,17866
17850,17851
17850,17866
17850,17870
17850,17875
17850,17882
17850,17885
17851,17866
17866,17870
17866,17875
17866,17882
17870,17875
17875,17882
17882,17885
17882,17887
17885,17887
17885,17889
17885,17892
17887,17889
17887,17892
17887,17905
17889,17892
17892,17905
17892,17906
17892,17925
17905,17906
17906,17925
17925,17929
17925,17932
17929,17932
17932,17933
17933,17937
17933,17939
17933,17943
17937,17939
17939,17943
17939,17944
17939,17949
17943,17944
17943,17949
17943,17955
17943,17957
17943,17961
17943,17965
17943,17968
17944,17949
17949,17955
17955,17957
17955,17961
17955,17965
17957,17961
17957,17965
17961,17965
17965,17968
17965,17971
17965,17972
17965,17974
17965,17976
17968,17971
17968,17972
17971,17972
17972,17974
17972,17976
17974,17976
17976,17977
17976,17980
17976,17982
17976,17990
17977,17980
17977,17982
17980,17982
17980,17990
17982,17990
17982,17993
17982,17996
17982,17999
17990,17993
17993,17996
17996,17999
17999,18002
18002,18013
18013,18026
18013,18029
18013,18030
18026,18029
18026,18030
18029,18030
18029,18031
18030,18031
18031,18040
18040,18041
18041,18042
18042,18046
18046,18047
18046,18051
18046,18058
18046,18059
18046,18063
18047,18051
18051,18058
18051,18059
18058,18059
18059,18063
18063,18065
18065,18076
18065,18082
18065,18086
18076,18082
18082,18086
18086,18098
18086,18100
18086,18106
18098,18100
18100,18106
18100,18108
18106,18108
18108,18112
18112,18118
18112,18121
18118,18121
18118,18122
18118,18129
18121,18122
18122,18129
18122,18134
18129,18134
18129,18139
18134,18139
18139,18148
18139,18152
18148,18152
18152,18153
18153,18155
18155,18159
18155,18165
18155,18171
18159,18165
18159,18171
18159,18172
18165,18171
18165,18172
18171,18172
18171,18177
18171,18178
18171,18180
18172,18177
18177,18178
18178,18180
18180,18187
18187,18188
18188,18193
18193,18199
18199,18213
18199,18214
18199,18216
18213,18214
18214,18216
18214,18218
18214,18224
18214,18226
18214,18228
18214,18229
18216,18218
18216,18224
18218,18224
18218,18226
18224,18226
18224,18228
18224,18229
18224,18231
18224,18248
18226,18228
18226,18229
18226,18231
18226,18248
18228,18229
18229,18231
18229,18248
18231,18248
18231,18249
18248,18249
18248,18252
18249,18252
18252,18260
18260,18263
18263,18265
18263,18275
18263,18307
18265,18275
18275,18307
18275,18312
18275,18323
18275,18328
18307,18312
18312,18323
18312,18328
18312,18329
18323,18328
18328,18329
18328,18331
18329,18331
18331,18334
18331,18338
18331,18341
18331,18343
18331,18345
18334,18338
18338,18341
18338,18343
18341,18343
18343,18345
18343,18360
18343,18364
18345,18360
18345,18364
18345,18366
18345,18383
18345,18386
18360,18364
18364,18366
18364,18383
18364,18386
18364,18388
18366,18383
18366,18386
18366,18388
18366,18395
18366,18397
18383,18386
18386,18388
18386,18395
18386,18397
18388,18395
18395,18397
18395,18401
18395,18404
18397,18401
18401,18404
18404,18420
18420,18423
18423,18424
18424,18430
18424,18435
18430,18435
18430,18436
18430,18439
18435,18436
18436,18439
18436,18447
18439,18447
18439,18452
18439,18462
18447,18452
18452,18462
18462,18465
18465,18482
18482,18484
18482,18488
18482,18492
18484,18488
18488,18492
18492,18493
18492,18497
18492,18502
18492,18503
18493,18497
18493,18502
18493,18503
18497,18502
18502,18503
18502,18506
18502,18507
18503,18506
18506,18507
18507,18508
18507,18513
18508,18513
18508,18516
18513,18516
18516,18518
18518,18525
18525,18533
18533,18537
18537,18543
18537,18546
18537,18550
18537,18559
18537,18560
18543,18546
18546,18550
18546,18559
18546,18560
18546,18570
18550,18559
18559,18560
18560,18570
18570,18571
18570,18577
18570,18588
18570,18595
18571,18577
18577,18588
18577,18595
18577,18605
18577,18607
18577,18608
18577,18609
18588,18595
18595,18605
18595,18607
18595,18608
18605,18607
18605,18608
18605,18609
18607,18608
18607,18609
18607,18610
18608,18609
18608,18610
18608,18612
18609,18610
18610,18612
18610,18618
18610,18621
18612,18618
18618,18621
18618,18623
18621,18623
18621,18624
18621,18629
18621,18631
18623,18624
18624,18629
18624,18631
18624,18637
18624,18641
18624,18646
18629,18631
18629,18637
18631,18637
18637,18641
18637,18646
18641,18646
18646,18653
18646,18660
18653,18660
18653,18665
18653,18675
18660,18665
18665,18675
18665,18680
18665,18681
18675,18680
18675,18681
18680,18681
18680,18696
18680,18697
18680,18703
18681,18696
18696,18697
18696,18703
18696,18710
18697,18703
18703,18710
18710,18716
18710,18723
18716,18723
18716,18725
18716,18727
18723,18725
18723,18727
18723,18730
18725,18727
18725,18730
18725,18734
18725,18742
18725,18743
18727,18730
18730,18734
18734,18742
18734,18743
18734,18746
18734,18754
18734,18759
18742,18743
18743,18746
18746,18754
18754,18759
18754,18766
18759,18766
18759,18777
18766,18777
18766,18799
18777,18799
18799,18802
18802,18805
18802,18807
18805,18807
18805,18810
18807,18810
18810,18815
18810,18817
18815,18817
18817,18818
18817,18829
18818,18829
18829,18830
18829,18839
18829,18842
18829,18843
18829,18848
18830,18839
18830,18842
18839,18842
18839,18843
18839,18848
18839,18852
18842,18843
18843,18848
18843,18852
18848,18852
18848,18861
18852,18861
18852,18869
18861,18869
18869,18883
18883,18885
18885,18889
18885,18894
18885,18896
18889,18894
18894,18896
18894,18899
18896,18899
18896,18903
18896,18904
18899,18903
18899,18904
18899,18906
18903,18904
18904,18906
18906,18914
18906,18915
18906,18918
18906,18923
18914,18915
18915,18918
18915,18923
18918,18923
18923,18925
18923,18939
18923,18940
18925,18939
18939,18940
18940,18942
18940,18943
18940,18945
18942,18943
18943,18945
18943,18946
18943,18950
18943,18951
18945,18946
18946,18950
18950,18951
18951,18978
18951,18980
18978,18980
18978,18983
18980,18983
18983,18986
18983,18994
18983,18998
18983,19007
18983,19015
18986,18994
18994,18998
18998,19007
19007,19015
19015,19020
19020,19024
19020,19030
19020,19037
19020,19041
19020,19043
19024,19030
19024,19037
19024,19041
19024,19043
19024,19047
19030,19037
19030,19041
19030,19043
19037,19041
19037,19043
19037,19047
19037,19051
19041,19043
19041,19047
19041,19051
19043,19047
19047,19051
19051,19052
19051,19053
19051,19060
19051,19066
19052,19053
19052,19060
19053,19060
19053,19066
19060,19066
19066,19067
19066,19075
19067,19075
19067,19085
19067,19087
19067,19088
19067,19091
19075,19085
19085,19087
19085,19088
19085,19091
19085,19093
19087,19088
19087,19091
19087,19093
19087,19094
19088,19091
19088,19093
19091,19093
19093,19094
19093,19099
19093,19100
19093,19104
19094,19099
19094,19100
19094,19104
19094,19109
19099,19100
19099,19104
19100,19104
19104,19109
19104,19116
19104,19121
19104,19133
19104,19135
19109,19116
19109,19121
19109,19133
19116,19121
19116,19133
19121,19133
19133,19135
19133,19136
19133,19140
19135,19136
19136,19140
19140,19147
19140,19150
19140,19152
19140,19159
19147,19150
19147,19152
19147,19159
19147,19164
19150,19152
19150,19159
19152,19159
19152,19164
19159,19164
19159,19176
19159,19178
19164,19176
19164,19178
19164,19187
19176,19178
19178,19187
19178,19189
19187,19189
19187,19191
19187,19194
19189,19191
19189,19194
19191,19194
19194,19196
19194,19204
19194,19209
19194,19216
19194,19234
19194,19235
19196,19204
19196,19209
19196,19216
19196,19234
19196,19235
19204,19209
19209,19216
19209,19234
19209,19235
19216,19234
19234,19235
19235,19243
19235,19248
19243,19248
19248,19252
19252,19253
19252,19254
19252,19260
19253,19254
19254,19260
19254,19265
19254,19273
19260,19265
19265,19273
19273,19279
19279,19282
19282,19288
19288,19294
19294,19298
19294,19312
19294,19321
19298,19312
19298,19321
19298,19336
19298,19340
19298,19344
19298,19348
19312,19321
19312,19336
19312,19340
19321,19336
19336,19340
19340,19344
19340,19348
19340,19355
19340,19362
19344,19348
19344,19355
19344,19362
19344,19370
19348,19355
19355,19362
19355,19370
19355,19372
19362,19370
19362,19372
19370,19372
19372,19376
19372,19377
19372,19378
19376,19377
19377,19378
19377,19382
19377,19383
19377,19385
19378,19382
19382,19383
19383,19385
19383,19390
19385,19390
19385,19392
19385,19408
19390,19392
19390,19408
19390,19420
19392,19408
19392,19420
19392,19423
19392,19430
19408,19420
19408,19423
19408,19430
19408,19431
19420,19423
19423,19430
19430,19431
19431,19434
19434,19436
19436,19440
19436,19441
19440,19441
19441,19445
19445,19448
19445,19450
19445,19451
19448,19450
19448,19451
19450,19451
19451,19453
19453,19455
19453,19467
19455,19467
19467,19468
19468,19470
19468,19472
19470,19472
19472,19476
19472,19478
19476,19478
19478,19484
19478,19487
19478,19493
19478,19496
19478,19499
19484,19487
19484,19493
19487,19493
19487,19496
19487,19499
19493,19496
19496,19499
19499,19502
19499,19504
19499,19516
19499,19518
19499,19520
19499,19521
19502,19504
19502,19516
19504,19516
19516,19518
19516,19520
19518,19520
19518,19521
19520,19521
19520,19526
19521,19526
19521,19545
19526,19545
19545,19548
19545,19551
19545,19553
19545,19559
19548,19551
19551,19553
19551,19559
19553,19559
19553,19560
19553,19565
19559,19560
19560,19565
19565,19575
19565,19579
19565,19581
19565,19584
19575,19579
19575,19581
19575,19584
19575,19588
19575,19591
19575,19592
19575,19603
19575,19606
19579,19581
19581,19584
19581,19588
19581,19591
19581,19592
19584,19588
19584,19591
19584,19592
19588,19591
19588,19592
19588,19603
19588,19606
19591,19592
19591,19603
19591,19606
19591,19613
19592,19603
19592,19606
19603,19606
19606,19613
19613,19616
19613,19629
19616,19629
19629,19632
19632,19638
19632,19641
19638,19641
19641,19645
19641,19647
19641,19648
19641,19650
19641,19661
19641,19663
19645,19647
19647,19648
19648,19650
19648,19661
19650,19661
19661,19663
19663,19665
19663,19666
19665,19666
19665,19677
19665,19683
19666,19677
19677,19683
19683,19688
19683,19690
19683,19697
19688,19690
19688,19697
19690,19697
19690,19701
19690,19702
19697,19701
19697,19702
19697,19703
19701,19702
19701,19703
19702,19703
19703,19704
19704,19706
19704,19707
19704,19709
19706,19707
19707,19709
19707,19711
19707,19722
19709,19711
19709,19722
19711,19722
19722,19724
19724,19733
19724,19734
19724,19740
19733,19734
19733,19740
19733,19741
19733,19748
19734,19740
19734,19741
19740,19741
19740,19748
19741,19748
19741,19750
19741,19752
19741,19758
19748,19750
19750,19752
19750,19758
19750,19764
19750,19769
19750,19771
19750,19778
19752,19758
19752,19764
19752,19769
19752,19771
19758,19764
19764,19769
19769,19771
19771,19778
19771,19790
19778,19790
19778,19795
19778,19797
19778,19798
19790,19795
19790,19797
19790,19798
19795,19797
19795,19798
19797,19798
19798,19803
19798,19804
19798,19806
19803,19804
19804,19806
19806,19808
19806,19811
19806,19813
19808,19811
19811,19813
19811,19818
19811,19823
19811,19830
19811,19837
19813,19818
19818,19823
19818,19830
19823,19830
19823,19837
19823,19838
19823,19840
19823,19849
19830,19837
19830,19838
19837,19838
19838,19840
19840,19849
19840,19850
19840,19851
19849,19850
19849,19851
19850,19851
19851,19854
19854,19855
19854,19858
19854,19861
19854,19873
19854,19888
19855,19858
19858,19861
19858,19873
19858,19888
19861,19873
19873,19888
19888,19894
19894,19895
19894,19899
19894,19903
19894,19904
19894,19907
19895,19899
19895,19903
19899,19903
19899,19904
19899,19907
19903,19904
19904,19907
19907,19908
19907,19912
19907,19936
19907,19949
19907,19953
19907,19956
19908,19912
19908,19936
19912,19936
19936,19949
19936,19953
19936,19956
19936,19965
19949,19953
19949,19956
19953,19956
19956,19965
19965,19982
19982,19989
19989,19997
19989,19998
19989,20002
19989,20009
19989,20017
19997,19998
19997,20002
19998,20002
20002,20009
20002,20017
20002,20021
20002,20034
20002,20035
20002,20036
20009,20017
20009,20021
20017,20021
20017,20034
20017,20035
20021,20034
20034,20035
20035,20036
20036,20059
20059,20062
20062,20063
20062,20068
20063,20068
20068,20077
20077,20078
20078,20079
20079,20084
20084,20085
20084,20087
20084,20091
20084,20092
20084,20095
20085,20087
20087,20091
20087,20092
20091,20092
20091,20095
20091,20104
20091,20106
20092,20095
20095,20104
20095,20106
20104,20106
20106,20110
20106,20115
20106,20131
20110,20115
20115,20131
20115,20140
20131,20140
20140,20142
20142,20144
20142,20156
20142,20157
20142,20160
20144,20156
20144,20157
20144,20160
20144,20161
20144,20172
20156,20157
20156,20160
20156,20161
20157,20160
20157,20161
20160,20161
20161,20172
20161,20173
20172,20173
20172,20176
20172,20179
20173,20176
20176,20179
20176,20192
20176,20194
20179,20192
20192,20194
20194,20196
20194,20210
20196,20210
20196,20217
20210,20217
20210,20218
20210,20225
20217,20218
20217,20225
20218,20225
20218,20228
20218,20232
20225,20228
20225,20232
20225,20233
20225,20238
20225,20240
20228,20232
20232,20233
20233,20238
20233,20240
20233,20242
20233,20250
20238,20240
20238,20242
20238,20250
20240,20242
20242,20250
20242,20251
20242,20256
20250,20251
20250,20256
20251,20256
20256,20260
20260,20263
20263,20264
20263,20267
20263,20272
20264,20267
20267,20272
20267,20281
20267,20288
20267,20290
20267,20292
20272,20281
20272,20288
20272,20290
20281,20288
20281,20290
20281,20292
20288,20290
20288,20292
20288,20293
20290,20292
20292,20293
20292,20299
20292,20302
20292,20308
20292,20309
20293,20299
20299,20302
20302,20308
20308,20309
20309,20310
20310,20314
20310,20328
20310,20331
20314,20328
20328,20331
20331,20332
20332,20334
20332,20337
20334,20337
20334,20338
20334,20349
20337,20338
20337,20349
20337,20354
20338,20349
20338,20354
20349,20354
20354,20356
20356,20367
20367,20368
20368,20378
20368,20380
20368,20386
20368,20387
20368,20388
20378,20380
20378,20386
20378,20387
20380,20386
20380,20387
20386,20387
20386,20388
20386,20395
20387,20388
20387,20395
20387,20404
20387,20408
20388,20395
20388,20404
20395,20404
20395,20408
20395,20417
20395,20420
20395,20437
20404,20408
20408,20417
20408,20420
20408,20437
20408,20450
20417,20420
20417,20437
20417,20450
20420,20437
20420,20450
20420,20458
20420,20465
20437,20450
20437,20458
20437,20465
20450,20458
20458,20465
20465,20478
20478,20481
20481,20482
20482,20488
20482,20496
20482,20500
20482,20515
20482,20519
20488,20496
20496,20500
20500,20515
20500,20519
20500,20524
20500,20530
20515,20519
20519,20524
20519,20530
20519,20531
20524,20530
20524,20531
20530,20531
20531,20534
20534,20541
20534,20543
20534,20545
20534,20547
20541,20543
20541,20545
20541,20547
20543,20545
20545,20547
20547,20562
20562,20563
20562,20567
20562,20573
20563,20567
20563,20573
20567,20573
20567,20575
20573,20575
20575,20579
20579,20580
20580,20582
20582,20584
20584,20588
20588,20591
20591,20600
20591,20605
20600,20605
20605,20606
20606,20609
20609,20610
20610,20617
20617,20625
20617,20630
20625,20630
20625,20631
20625,20632
20625,20639
20625,20641
20625,20652
20630,20631
20631,20632
20632,20639
20639,20641
20641,20652
20641,20653
20652,20653
20652,20675
20653,20675
20653,20677
20653,20680
20675,20677
20675,20680
20675,20686
20675,20687
20677,20680
20677,20686
20677,20687
20677,20691
20677,20693
20680,20686
20680,20687
20680,20691
20686,20687
20687,20691
20691,20693
20691,20698
20693,20698
20693,20711
20693,20722
20698,20711
20698,20722
20698,20723
20711,20722
20711,20723
20711,20728
20722,20723
20723,20728
20728,20730
20730,20731
20731,20747
20731,20753
20731,20768
20747,20753
20753,20768
20753,20772
20753,20773
20768,20772
20772,20773
20773,20775
20775,20780
20780,20783
20783,20789
20789,20793
20789,20796
20793,20796
20796,20801
20796,20805
20796,20814
20801,20805
20801,20814
20801,20816
20805,20814
20814,20816
20814,20817
20816,20817
20817,20824
20817,20827
20817,20836
20824,20827
20824,20836
20824,20848
20827,20836
20827,20848
20827,20853
20827,20857
20836,20848
20836,20853
20836,20857
20848,20853
20853,20857
20857,20873
20857,20881
20873,20881
20873,20883
20881,20883
20881,20888
20883,20888
20888,20890
20888,20891
20890,20891
20890,20894
20890,20898
20890,20902
20890,20912
20891,20894
20894,20898
20894,20902
20894,20912
20894,20917
20898,20902
20902,20912
20902,20917
20902,20925
20902,20929
20912,20917
20912,20925
20912,20929
20912,20935
20912,20936
20917,20925
20925,20929
20929,20935
20935,20936
20935,20942
20935,20944
20936,20942
20936,20944
20942,20944
20942,20947
20942,20951
20944,20947
20944,20951
20944,20955
20944,20959
20944,20966
20947,20951
20951,20955
20951,20959
20951,20966
20955,20959
20955,20966
20955,20970
20955,20971
20955,20973
20959,20966
20966,20970
20966,20971
20970,20971
20971,20973
20973,20975
20975,20984
20984,20986
20984,20989
20984,20991
20984,20993
20986,20989
20989,20991
20991,20993
20991,20995
20991,21000
20993,20995
20993,21000
20993,21001
20993,21006
20995,21000
20995,21001
20995,21006
20995,21010
20995,21021
21000,21001
21001,21006
21006,21010
21006,21021
21010,21021
21010,21027
21010,21039
21010,21040
21021,21027
21027,21039
21027,21040
21039,21040
21039,21056
21039,21066
21040,21056
21040,21066
21040,21067
21040,21083
21040,21085
21040,21086
21040,21095
21056,21066
21066,21067
21067,21083
21083,21085
21085,21086
21085,21095
21085,21096
21086,21095
21095,21096
21096,21100
21096,21112
21096,21113
21100,21112
21100,21113
21100,21119
21100,21125
21112,21113
21113,21119
21113,21125
21119,21125
21119,21131
21119,21134
21119,21135
21125,21131
21125,21134
21125,21135
21125,21137
21125,21153
21125,21157
21131,21134
21131,21135
21131,21137
21134,21135
21135,21137
21137,21153
21153,21157
21157,21163
21163,21165
21165,21168
21165,21179
21165,21188
21165,21193
21165,21196
21165,21208
21165,21210
21168,21179
21179,21188
21188,21193
21188,21196
21193,21196
21196,21208
21196,21210
21196,21211
21196,21213
21208,21210
21210,21211
21210,21213
21210,21221
21210,21222
21211,21213
21211,21221
21213,21221
21221,21222
21222,21223
21223,21228
21228,21232
21228,21245
21232,21245
21245,21254
21245,21257
21245,21258
21245,21268
21254,21257
21257,21258
21257,21268
21257,21274
21258,21268
21268,21274
21268,21277
21268,21282
21274,21277
21277,21282
21277,21291
21282,21291
21291,21299
21291,21302
21299,21302
21299,21315
21302,21315
21315,21319
21319,21322
21319,21324
21322,21324
21324,21327
21324,21329
21324,21336
21324,21343
21327,21329
21327,21336
21327,21343
21327,21346
21329,21336
21336,21343
21336,21346
21343,21346
21343,21354
21346,21354
21346,21358
21346,21365
21354,21358
21354,21365
21358,21365
21365,21372
21365,21377
21372,21377
21377,21380
21380,21385
21380,21390
21385,21390
21385,21392
21390,21392
21392,21406
21406,21415
21415,21421
21415,21423
21421,21423
21423,21426
21423,21438
21426,21438
21438,21440
21440,21450
21450,21451
21450,21457
21451,21457
21451,21458
21451,21462
21451,21463
21451,21464
21457,21458
21458,21462
21462,21463
21463,21464
21463,21467
21463,21478
21463,21490
21464,21467
21467,21478
21467,21490
21478,21490
21490,21492
21490,21496
21490,21499
21492,21496
21496,21499
21496,21506
21496,21507
21499,21506
21506,21507
21507,21515
21515,21519
21515,21521
21519,21521
21519,21531
21521,21531
21521,21534
21521,21536
21521,21540
21531,21534
21534,21536
21536,21540
21536,21546
21536,21549
21540,21546
21546,21549
21549,21551
21549,21552
21551,21552
21551,21554
21552,21554
21554,21556
21556,21557
21556,21569
21557,21569
21557,21583
21569,21583
21583,21591
21583,21592
21591,21592
21592,21601
21601,21603
21601,21608
21601,21613
21601,21618
21601,21622
21603,21608
21603,21613
21608,21613
21613,21618
21618,21622
21622,21636
21636,21642
21642,21652
21652,21656
21652,21662
21656,21662
21656,21666
21656,21669
21662,21666
21662,21669
21666,21669
21669,21672
21672,21677
21677,21679
21679,21693
21679,21697
21693,21697
21693,21701
21693,21704
21693,21711
21697,21701
21701,21704
21704,21711
21704,21716
21711,21716
21711,21727
21711,21739
21711,21742
21716,21727
21727,21739
21739,21742
21739,21743
21739,21748
21742,21743
21743,21748
21748,21755
21755,21758
21758,21763
21763,21769
21769,21773
21769,21775
21769,21779
21773,21775
21773,21779
21773,21780
21773,21783
21773,21788
21775,21779
21775,21780
21775,21783
21775,21788
21779,21780
21779,21783
21780,21783
21783,21788
21783,21792
21783,21793
21788,21792
21788,21793
21788,21796
21792,21793
21793,21796
21796,21797
21797,21801
21797,21804
21801,21804
21801,21813
21801,21817
21801,21819
21804,21813
21813,21817
21813,21819
21813,21822
21813,21824
21817,21819
21817,21822
21819,21822
21822,21824
21824,21833
21833,21835
21835,21840
21840,21841
21840,21852
21840,21856
21840,21860
21840,21866
21841,21852
21852,21856
21852,21860
21856,21860
21856,21866
21856,21867
21856,21868
21860,21866
21860,21867
21866,21867
21866,21868
21867,21868
21868,21871
21871,21874
21871,21875
21871,21886
21871,21887
21874,21875
21874,21886
21874,21887
21875,21886
21886,21887
21887,21889
21887,21892
21889,21892
21889,21894
21889,21900
21889,21906
21889,21911
21892,21894
21892,21900
21894,21900
21900,21906
21906,21911
21906,21913
21906,21921
21906,21931
21906,21932
21911,21913
21913,21921
21913,21931
21913,21932
21921,21931
21921,21932
21931,21932
21932,21937
21932,21945
21937,21945
21945,21946
21945,21956
21945,21958
21945,21959
21945,21962
21945,21971
21945,21975
21946,21956
21956,21958
21958,21959
21958,21962
21959,21962
21959,21971
21959,21975
21959,21976
21962,21971
21962,21975
21962,21976
21962,21977
21962,21981
21971,21975
21975,21976
21976,21977
21977,21981
21981,21989
21981,21991
21981,22001
21989,21991
21991,22001
21991,22008
22001,22008
22008,22017
22008,22018
22008,22019
22008,22021
22017,22018
22017,22019
22017,22021
22018,22019
22019,22021
22021,22027
22021,22028
22021,22035
22021,22037
22027,22028
22027,22035
22028,22035
22028,22037
22035,22037
22037,22043
22043,22046
22043,22048
22043,22051
22043,22053
22046,22048
22048,22051
22048,22053
22048,22059
22051,22053
22053,22059
22059,22061
22059,22064
22061,22064
22064,22078
22078,22079
22079,22087
22087,22093
22087,22099
22093,22099
22093,22106
22099,22106
22106,22107
22107,22112
22107,22114
22107,22117
22112,22114
22114,22117
22117,22119
22117,22120
22117,22126
22117,22132
22117,22135
22119,22120
22120,22126
22126,22132
22126,22135
22126,22138
22126,22143
22132,22135
22132,22138
22132,22143
22132,22148
22135,22138
22135,22143
22135,22148
22138,22143
22138,22148
22138,22153
22143,22148
22148,22153
22148,22157
22148,22159
22153,22157
22153,22159
22153,22162
22153,22167
22157,22159
22159,22162
22162,22167
22167,22169
22169,22177
22177,22183
22177,22185
22177,22194
22183,22185
22185,22194
22194,22197
22194,22198
22194,22201
22197,22198
22197,22201
22198,22201
22198,22202
22201,22202
22202,22206
22206,22207
22206,22209
22207,22209
22209,22213
22209,22221
22209,22226
22209,22235
22213,22221
22213,22226
22213,22235
22221,22226
22221,22235
22226,22235
22226,22238
22235,22238
22238,22239
22239,22243
22239,22244
22243,22244
22243,22247
22243,22253
22243,22269
22243,22273
22243,22281
22244,22247
22247,22253
22253,22269
22269,22273
22269,22281
22273,22281
22281,22282
22282,22284
22284,22286
22284,22289
22286,22289
22289,22291
22291,22295
22295,22304
22304,22308
22304,22312
22308,22312
22312,22328
22328,22330
22328,22332
22328,22336
22328,22337
22328,22341
22328,22350
22330,22332
22332,22336
22332,22337
22332,22341
22332,22350
22332,22366
22336,22337
22336,22341
22336,22350
22336,22366
22337,22341
22337,22350
22337,22366
22341,22350
22341,22366
22350,22366
22366,22377
22377,22379
22377,22381
22377,22383
22379,22381
22379,22383
22381,22383
22383,22394
22383,22402
22394,22402
22394,22403
22402,22403
22403,22409
22409,22410
22409,22421
22409,22426
22409,22430
22409,22431
22410,22421
22410,22426
22421,22426
22426,22430
22430,22431
22430,22441
22431,22441
22431,22443
22431,22447
22441,22443
22441,22447
22441,22451
22443,22447
22443,22451
22443,22453
22447,22451
22447,22453
22447,22456
22451,22453
22453,22456
22453,22458
22453,22464
22456,22458
22458,22464
22458,22468
22458,22475
22458,22482
22464,22468
22468,22475
22468,22482
22475,22482
22475,22483
22482,22483
22482,22500
22483,22500
22500,22501
22500,22502
22500,22510
22500,22519
22500,22531
22501,22502
22502,22510
22502,22519
22502,22531
22502,22532
22502,22534
22510,22519
22519,22531
22531,22532
22532,22534
22534,22541
22534,22546
22534,22550
22534,22559
22541,22546
22546,22550
22550,22559
22550,22570
22550,22586
22559,22570
22559,22586
22559,22596
22570,22586
22586,22596
22586,22599
22596,22599
22599,22606
22599,22607
22599,22609
22606,22607
22606,22609
22607,22609
22607,22614
22609,22614
22609,22617
22609,22619
22609,22622
22614,22617
22614,22619
22617,22619
22619,22622
22622,22623
22622,22625
22622,22631
22622,22633
22623,22625
22625,22631
22625,22633
22631,22633
22633,22634
22634,22645
22634,22647
22645,22647
22647,22649
22649,22651
22649,22655
22649,22657
22651,22655
22651,22657
22651,22665
22651,22669
22655,22657
22655,22665
22655,22669
22657,22665
22657,22669
22657,22673
22657,22676
22665,22669
22669,22673
22669,22676
22669,22677
22669,22679
22673,22676
22676,22677
22677,22679
22677,22685
22679,22685
22685,22688
22688,22693
22688,22703
22693,22703
22693,22708
22693,22713
22703,22708
22703,22713
22703,22714
22708,22713
22708,22714
22713,22714
22713,22721
22713,22722
22714,22721
22721,22722
22722,22723
22723,22725
22725,22731
22731,22735
22731,22738
22731,22740
22735,22738
22735,22740
22738,22740
22740,22743
22740,22747
22740,22749
22740,22751
22743,22747
22743,22749
22747,22749
22747,22751
22747,22752
22747,22753
22747,22755
22747,22760
22747,22761
22749,22751
22751,22752
22751,22753
22752,22753
22753,22755
22755,22760
22760,22761
22761,22763
22761,22765
22763,22765
22763,22768
22763,22770
22763,22775
22765,22768
22765,22770
22768,22770
22770,22775
22770,22795
22770,22804
22775,22795
22775,22804
22775,22814
22775,22822
22775,22827
22775,22831
22795,22804
22795,22814
22795,22822
22795,22827
22795,22831
22804,22814
22814,22822
22822,22827
22822,22831
22827,22831
22831,22840
22831,22848
22831,22852
22831,22854
22831,22858
22831,22861
22831,22876
22831,22877
22840,22848
22840,22852
22848,22852
22848,22854
22848,22858
22848,22861
22852,22854
22852,22858
22854,22858
22854,22861
22854,22876
22858,22861
22861,22876
22861,22877
22861,22879
22861,22880
22876,22877
22877,22879
22879,22880
22880,22884
22880,22886
22884,22886
22886,22892
22886,22902
22886,22907
22886,22914
22892,22902
22902,22907
22902,22914
22902,22916
22907,22914
22907,22916
22907,22924
22907,22934
22914,22916
22916,22924
22924,22934
22934,22938
22934,22947
22934,22950
22938,22947
22938,22950
22947,22950
22950,22956
22950,22959
22950,22961
22956,22959
22956,22961
22956,22966
22959,22961
22959,22966
22959,22969
22961,22966
22961,22969
22961,22970
22966,22969
22966,22970
22969,22970
22969,22973
22970,22973
22973,22977
22977,22981
22981,22983
22981,22996
22981,22997
22983,22996
22983,22997
22996,22997
22997,23002
23002,23011
23011,23013
23013,23017
23017,23019
23019,23024
23019,23035
23019,23038
23019,23040
23024,23035
23024,23038
23024,23040
23024,23042
23035,23038
23038,23040
23040,23042
23042,23048
23048,23051
23051,23060
23051,23065
23060,23065
23060,23077
23060,23080
23060,23083
23065,23077
23065,23080
23077,23080
23077,23083
23077,23088
23080,23083
23083,23088
23088,23092
23088,23094
23088,23096
23092,23094
23094,23096
23096,23097
23096,23100
23097,23100
23097,23111
23097,23112
23100,23111
23100,23112
23100,23114
23100,23139
23111,23112
23111,23114
23111,23139
23112,23114
23114,23139
23114,23140
23139,23140
23139,23152
23139,23166
23139,23168
23140,23152
23152,23166
23166,23168
23168,23169
23168,23172
23169,23172
23172,23176
23176,23177
23177,23178
23178,23184
23178,23187
23184,23187
23184,23200
23184,23204
23187,23200
23187,23204
23200,23204
23200,23209
23204,23209
23204,23210
23209,23210
23210,23213
23210,23215
23213,23215
23213,23220
23213,23223
23215,23220
23220,23223
23220,23224
23220,23226
23220,23229
23220,23231
23223,23224
23223,23226
23224,23226
23226,23229
23229,23231
23231,23233
23231,23239
23233,23239
23233,23240
23233,23243
23233,23252
23233,23256
23239,23240
23239,23243
23240,23243
23243,23252
23243,23256
23243,23257
23252,23256
23252,23257
23256,23257
23256,23266
23257,23266
23266,23267
23267,23269
23269,23271
23271,23274
23271,23280
23271,23302
23271,23309
23274,23280
23280,23302
23280,23309
23302,23309
23309,23312
23312,23317
23317,23318
23317,23319
23317,23333
23317,23339
23318,23319
23318,23333
23318,23339
23318,23352
23319,23333
23333,23339
23333,23352
23333,23356
23333,23367
23333,23372
23333,23373
23339,23352
23339,23356
23352,23356
23356,23367
23367,23372
23372,23373
23373,23382
23382,23385
23385,23388
23385,23390
23385,23396
23385,23397
23385,23400
23388,23390
23390,23396
23396,23397
23396,23400
23397,23400
23400,23410
23410,23412
23412,23414
23414,23428
23414,23429
23414,23443
23428,23429
23429,23443
23429,23447
23429,23451
23443,23447
23447,23451
23447,23459
23451,23459
23459,23468
23459,23471
23468,23471
23468,23472
23468,23477
23471,23472
23471,23477
23471,23482
23471,23484
23471,23485
23472,23477
23472,23482
23472,23484
23472,23485
23472,23493
23477,23482
23482,23484
23484,23485
23484,23493
23485,23493
23493,23495
23495,23498
23498,23499
23498,23504
23499,23504
23499,23506
23499,23507
23504,23506
23504,23507
23504,23510
23506,23507
23507,23510
23507,23513
23507,23520
23507,23523
23510,23513
23510,23520
23510,23523
23513,23520
23520,23523
23523,23536
23536,23547
23547,23551
23551,23558
23551,23567
23551,23571
23551,23577
23558,23567
23567,23571
23571,23577
23571,23578
23577,23578
23578,23580
23578,23581
23580,23581
23581,23588
23581,23594
23588,23594
23594,23604
23604,23607
23604,23613
23607,23613
23613,23614
23613,23617
23613,23625
23613,23626
23614,23617
23614,23625
23617,23625
23617,23626
23625,23626
23626,23634
23626,23653
23626,23663
23626,23667
23634,23653
23653,23663
23663,23667
23663,23670
23667,23670
23667,23673
23667,23676
23670,23673
23673,23676
23673,23684
23673,23687
23673,23694
23676,23684
23684,23687
23687,23694
23694,23699
23699,23700
23700,23703
23703,23720
23720,23727
23727,23731
23731,23733
23731,23736
23733,23736
23733,23738
23736,23738
23736,23741
23736,23744
23736,23746
23738,23741
23738,23744
23741,23744
23741,23746
23741,23751
23744,23746
23744,23751
23744,23764
23744,23765
23744,23766
23746,23751
23746,23764
23751,23764
23751,23765
23764,23765
23764,23766
23764,23772
23765,23766
23766,23772
23772,23773
23772,23775
23772,23780
23773,23775
23775,23780
23780,23781
23781,23783
23781,23784
23781,23788
23781,23792
23781,23794
23781,23795
23781,23796
23783,23784
23784,23788
23784,23792
23784,23794
23788,23792
23792,23794
23792,23795
23792,23796
23792,23809
23794,23795
23795,23796
23796,23809
23809,23810
23810,23821
23810,23822
23810,23824
23810,23827
23821,23822
23822,23824
23822,23827
23822,23829
23824,23827
23827,23829
23827,23839
23829,23839
23829,23840
23829,23841
23829,23846
23829,23849
23829,23851
23839,23840
23840,23841
23840,23846
23841,23846
23846,23849
23846,23851
23846,23854
23849,23851
23851,23854
23854,23855
23854,23865
23855,23865
23865,23866
23866,23871
23866,23872
23871,23872
23871,23873
23872,23873
23873,23876
23876,23886
23876,23892
23886,23892
23886,23893
23886,23894
23892,23893
23892,23894
23892,23896
23892,23897
23893,23894
23893,23896
23894,23896
23894,23897
23896,23897
23897,23898
23898,23914
23914,23928
23928,23964
23964,23966
23964,23974
23966,23974
23974,23977
23977,23981
23977,23988
23981,23988
23988,23992
23992,24001
24001,24002
24001,24013
24002,24013
24002,24023
24013,24023
24023,24025
24025,24027
24025,24030
24027,24030
24030,24031
24030,24035
24031,24035
24035,24036
24036,24037
24037,24042
24042,24044
24044,24045
24044,24050
24044,24054
24044,24057
24045,24050
24045,24054
24050,24054
24054,24057
24057,24059
24059,24060
24060,24068
24068,24070
24070,24072
24070,24076
24070,24079
24070,24087
24070,24101
24072,24076
24076,24079
24079,24087
24087,24101
24101,24103
24101,24111
24101,24113
24103,24111
24111,24113
24113,24114
24114,24115
24114,24116
24114,24122
24114,24123
24115,24116
24115,24122
24115,24123
24116,24122
24122,24123
24123,24138
24138,24141
24141,24145
24145,24146
24146,24147
24147,24149
24149,24150
24150,24151
24150,24156
24150,24161
24151,24156
24151,24161
24156,24161
24161,24165
24165,24170
24170,24177
24170,24188
24177,24188
24177,24189
24188,24189
24189,24190
24189,24203
24189,24204
24189,24207
24189,24208
24189,24212
24190,24203
24203,24204
24203,24207
24203,24208
24204,24207
24207,24208
24208,24212
24212,24215
24212,24218
24212,24220
24212,24229
24215,24218
24218,24220
24220,24229
24229,24232
24229,24237
24232,24237
24237,24242
24237,24249
24237,24259
24242,24249
24242,24259
24249,24259
24259,24260
24259,24263
24259,24266
24259,24267
24259,24272
24260,24263
24263,24266
24263,24267
24263,24272
24263,24280
24263,24281
24263,24287
24266,24267
24266,24272
24267,24272
24267,24280
24267,24281
24272,24280
24272,24281
24280,24281
24280,24287
24281,24287
24281,24305
24281,24308
24287,24305
24305,24308
24305,24313
24305,24315
24308,24313
24308,24315
24313,24315
24313,24316
24315,24316
24316,24317
24317,24329
24329,24339
24339,24340
24339,24342
24339,24360
24339,24364
24340,24342
24342,24360
24342,24364
24342,24374
24360,24364
24360,24374
24364,24374
24374,24379
24379,24381
24379,24384
24379,24392
24381,24384
24384,24392
24392,24394
24392,24396
24394,24396
24396,24399
24399,24403
24399,24405
24399,24407
24403,24405
24405,24407
24405,24408
24407,24408
24408,24411
24408,24417
24408,24422
24408,24427
24411,24417
24411,24422
24417,24422
24417,24427
24417,24432
24417,24438
24417,24441
24422,24427
24422,24432
24427,24432
24432,24438
24438,24441
24438,24442
24438,24447
24438,24452
24441,24442
24441,24447
24441,24452
24441,24468
24442,24447
24442,24452
24442,24468
24442,24469
24447,24452
24447,24468
24452,24468
24452,24469
24468,24469
24468,24474
24468,24486
24469,24474
24474,24486
24474,24490
24474,24501
24486,24490
24486,24501
24486,24507
24486,24516
24490,24501
24490,24507
24490,24516
24501,24507
24507,24516
24516,24528
24516,24531
24528,24531
24531,24546
24531,24552
24531,24556
24531,24578
24546,24552
24552,24556
24556,24578
24556,24587
24556,24590
24578,24587
24587,24590
24587,24596
24587,24602
24587,24605
24587,24610
24590,24596
24590,24602
24596,24602
24602,24605
24605,24610
24610,24618
24610,24626
24610,24629
24618,24626
24618,24629
24626,24629
24629,24642
24629,24645
24629,24649
24629,24650
24629,24656
24642,24645
24645,24649
24649,24650
24649,24656
24650,24656
24650,24657
24650,24660
24650,24664
24650,24666
24650,24670
24650,24672
24656,24657
24656,24660
24656,24664
24656,24666
24656,24670
24657,24660
24657,24664
24660,24664
24660,24666
24664,24666
24664,24670
24664,24672
24666,24670
24666,24672
24666,24674
24670,24672
24670,24674
24670,24675
24670,24679
24670,24686
24672,24674
24674,24675
24674,24679
24675,24679
24675,24686
24675,24689
24675,24690
24679,24686
24686,24689
24686,24690
24689,24690
24689,24691
24690,24691
24691,24697
24697,24702
24697,24713
24702,24713
24702,24718
24702,24719
24713,24718
24713,24719
24713,24720
24718,24719
24719,24720
24720,24722
24720,24731
24720,24734
24722,24731
24731,24734
24731,24737
24731,24748
24731,24749
24734,24737
24737,24748
24737,24749
24737,24759
24748,24749
24748,24759
24748,24765
24749,24759
24759,24765
24765,24767
24765,24782
24765,24787
24767,24782
24782,24787
24782,24796
24787,24796
24796,24799
24796,24805
24796,24808
24796,24821
24796,24830
24799,24805
24799,24808
24805,24808
24805,24821
24805,24830
24805,24833
24805,24844
24805,24845
24808,24821
24808,24830
24821,24830
24821,24833
24821,24844
24830,24833
24833,24844
24844,24845
24845,24855
24845,24862
24855,24862
24862,24872
24872,24885
24872,24895
24885,24895
24895,24900
24895,24903
24900,24903
24903,24906
24903,24911
24903,24913
24906,24911
24911,24913
24911,24920
24913,24920
24913,24922
24920,24922
24920,24928
24922,24928
24922,24938
24922,24942
24928,24938
24938,24942
24938,24951
24938,24953
24938,24967
24942,24951
24942,24953
24951,24953
24953,24967
24967,24973
24967,24974
24967,24976
24967,24980
24973,24974
24974,24976
24976,24980
24976,24982
24980,24982
24980,24987
24980,24994
24980,24997
24980,25005
24982,24987
24982,24994
24987,24994
24987,24997
24987,25005
24987,25008
24987,25010
24994,24997
24997,25005
25005,25008
25008,25010
25010,25011
25010,25014
25011,25014
25014,25025
25014,25028
25025,25028
25025,25032
25028,25032
25032,25039
25039,25042
25042,25046
25046,25048
25048,25052
25052,25059
25059,25061
25061,25062
25062,25066
25066,25068
25066,25074
25066,25075
25068,25074
25074,25075
25075,25086
25075,25087
25075,25090
25075,25093
25075,25105
25075,25108
25086,25087
25087,25090
25090,25093
25093,25105
25105,25108
25105,25109
25105,25111
25105,25113
25105,25122
25105,25125
25105,25126
25108,25109
25108,25111
25109,25111
25109,25113
25109,25122
25109,25125
25111,25113
25113,25122
25113,25125
25122,25125
25125,25126
25125,25127
25126,25127
25126,25128
25126,25131
25126,25144
25126,25150
25127,25128
25128,25131
25128,25144
25128,25150
25128,25151
25128,25153
25131,25144
25131,25150
25131,25151
25144,25150
25144,25151
25144,25153
25150,25151
25151,25153
25153,25155
25153,25158
25153,25159
25153,25171
25153,25172
25155,25158
25155,25159
25158,25159
25159,25171
25171,25172
25172,25177
25177,25179
25179,25200
25179,25201
25200,25201
25201,25203
25201,25212
25203,25212
25203,25213
25203,25223
25212,25213
25213,25223
25213,25237
25223,25237
25237,25241
25237,25244
25237,25247
25237,25258
25237,25261
25241,25244
25244,25247
25247,25258
25247,25261
25247,25262
25247,25264
25247,25266
25247,25268
25258,25261
25258,25262
25258,25264
25261,25262
25262,25264
25262,25266
25264,25266
25266,25268
25268,25275
25275,25277
25275,25278
25275,25280
25275,25283
25277,25278
25277,25280
25278,25280
25278,25283
25280,25283
25283,25286
25283,25288
25286,25288
25286,25290
25288,25290
25290,25291
25290,25297
25291,25297
25291,25299
25291,25305
25291,25306
25291,25308
25291,25314
25291,25317
25297,25299
25299,25305
25305,25306
25305,25308
25306,25308
25308,25314
25314,25317
25314,25319
25314,25320
25317,25319
25317,25320
25317,25326
25319,25320
25319,25326
25320,25326
25326,25327
25326,25342
25326,25353
25327,25342
25327,25353
25342,25353
25353,25357
25353,25358
25357,25358
25358,25363
25363,25364
25364,25366
25366,25369
25366,25374
25366,25375
25366,25381
25369,25374
25369,25375
25369,25381
25374,25375
25375,25381
25381,25384
25381,25389
25381,25392
25381,25394
25384,25389
25389,25392
25389,25394
25389,25396
25392,25394
25392,25396
25392,25400
25394,25396
25396,25400
25400,25402
25400,25403
25402,25403
25402,25404
25403,25404
25403,25407
25403,25408
25403,25409
25404,25407
25407,25408
25407,25409
25408,25409
25408,25410
25408,25415
25408,25418
25408,25426
25409,25410
25409,25415
25409,25418
25409,25426
25409,25430
25410,25415
25410,25418
25410,25426
25415,25418
25418,25426
25418,25430
25418,25439
25426,25430
25426,25439
25426,25440
25426,25441
25426,25450
25426,25466
25430,25439
25430,25440
25430,25441
25439,25440
25439,25441
25439,25450
25439,25466
25439,25469
25440,25441
25441,25450
25450,25466
25466,25469
25466,25473
25469,25473
25469,25475
25469,25476
25469,25484
25469,25486
25469,25505
25473,25475
25475,25476
25475,25484
25476,25484
25484,25486
25484,25505
25484,25506
25486,25505
25486,25506
25505,25506
25506,25507
25507,25511
25511,25513
25511,25521
25511,25528
25511,25529
25513,25521
25521,25528
25528,25529
25529,25530
25530,25534
25530,25536
25534,25536
25536,25539
25536,25542
25539,25542
25539,25543
25539,25547
25542,25543
25543,25547
25547,25553
25553,25562
25553,25567
25553,25572
25562,25567
25567,25572
25567,25584
25567,25586
25567,25595
25567,25598
25572,25584
25572,25586
25584,25586
25584,25595
25584,25598
25586,25595
25595,25598
25595,25604
25598,25604
25598,25609
25598,25614
25604,25609
25609,25614
25609,25616
25614,25616
25616,25625
25625,25632
25632,25633
25633,25636
25636,25638
25638,25639
25638,25648
25638,25649
25639,25648
25639,25649
25648,25649
25649,25652
25652,25670
25670,25674
25670,25676
25670,25687
25670,25689
25674,25676
25676,25687
25676,25689
25676,25706
25687,25689
25689,25706
25706,25707
25707,25716
25707,25719
25716,25719
25716,25724
25719,25724
25719,25725
25719,25731
25724,25725
25724,25731
25724,25733
25724,25734
25724,25740
25725,25731
25725,25733
25731,25733
25733,25734
25734,25740
25734,25743
25734,25746
25734,25750
25740,25743
25743,25746
25746,25750
25750,25753
25753,25754
25754,25756
25754,25765
25754,25767
25756,25765
25756,25767
25765,25767
25765,25769
25767,25769
25767,25781
25767,25793
25767,25802
25769,25781
25781,25793
25781,25802
25793,25802
25802,25804
25804,25805
25805,25808
25808,25812
25808,25815
25808,25816
25812,25815
25812,25816
25812,25821
25815,25816
25816,25821
25816,25826
25816,25831
25816,25834
25821,25826
25826,25831
25831,25834
25831,25846
25831,25850
25834,25846
25846,25850
25846,25857
25850,25857
25857,25864
25857,25874
25864,25874
25864,25903
25864,25906
25874,25903
25903,25906
25903,25910
25906,25910
25910,25912
25912,25914
25914,25922
25922,25934
25922,25935
25922,25949
25934,25935
25934,25949
25935,25949
25935,25955
25949,25955
25955,25957
25957,25958
25958,25965
25965,25984
25984,25985
25985,25987
25985,25991
25987,25991
25987,25995
25991,25995
25991,25998
25995,25998
25998,26002
25998,26003
25998,26014
26002,26003
26002,26014
26002,26017
26003,26014
26014,26017
26014,26019
26014,26023
26017,26019
26017,26023
26019,26023
26019,26024
26023,26024
26023,26025
26023,26027
26024,26025
26024,26027
26024,26030
26025,26027
26025,26030
26027,26030
26027,26042
26027,26043
26027,26046
26027,26056
26030,26042
26042,26043
26043,26046
26046,26056
26046,26063
26046,26065
26046,26068
26046,26072
26046,26075
26056,26063
26063,26065
26063,26068
26065,26068
26065,26072
26065,26075
26065,26076
26065,26080
26065,26081
26068,26072
26068,26075
26068,26076
26068,26080
26072,26075
26075,26076
26075,26080
26075,26081
26076,26080
26076,26081
26076,26089
26076,26101
26080,26081
26080,26089
26081,26089
26089,26101
26101,26105
26105,26119
26105,26121
26105,26124
26105,26125
26119,26121
26121,26124
26124,26125
26124,26128
26125,26128
26128,26133
26128,26139
26133,26139
26133,26146
26133,26147
26139,26146
26139,26147
26139,26161
26139,26167
26139,26175
26146,26147
26146,26161
26147,26161
26161,26167
26161,26175
26161,26181
26167,26175
26175,26181
26181,26182
26182,26186
26182,26189
26186,26189
26189,26191
26189,26192
26189,26215
26189,26217
26191,26192
26191,26215
26192,26215
26215,26217
26217,26226
26226,26229
26226,26234
26226,26237
26229,26234
26229,26237
26229,26240
26229,26250
26234,26237
26234,26240
26234,26250
26234,26251
26237,26240
26237,26250
26240,26250
26250,26251
26250,26254
26250,26257
26251,26254
26254,26257
26254,26263
26254,26274
26254,26276
26257,26263
26263,26274
26263,26276
26263,26280
26263,26282
26263,26285
26274,26276
26274,26280
26274,26282
26276,26280
26280,26282
26282,26285
26282,26291
26282,26293
26282,26294
26282,26299
26282,26306
26285,26291
26291,26293
26291,26294
26293,26294
26293,26299
26293,26306
26293,26310
26294,26299
26299,26306
26306,26310
26310,26317
26317,26324
26324,26334
26324,26335
26324,26343
26324,26344
26324,26347
26334,26335
26335,26343
26343,26344
26344,26347
26344,26348
26347,26348
26348,26350
26348,26352
26350,26352
26350,26361
26350,26362
26352,26361
26361,26362
26362,26363
26362,26372
26362,26376
26362,26379
26363,26372
26363,26376
26372,26376
26376,26379
26379,26389
26389,26398
26389,26400
26389,26402
26398,26400
26400,26402
26402,26404
26404,26408
26408,26412
26412,26416
26412,26422
26412,26425
26416,26422
26422,26425
26422,26437
26425,26437
26425,26439
26437,26439
26439,26453
26439,26455
26439,26461
26439,26465
26439,26469
26453,26455
26453,26461
26455,26461
26461,26465
26461,26469
26461,26471
26461,26475
26461,26490
26461,26491
26465,26469
26469,26471
26469,26475
26471,26475
26471,26490
26475,26490
26490,26491
26491,26500
26491,26514
26491,26517
26500,26514
26514,26517
26514,26522
26514,26524
26517,26522
26522,26524
26524,26525
26525,26527
26525,26530
26527,26530
26527,26532
26527,26533
26527,26535
26527,26538
26530,26532
26532,26533
26533,26535
26533,26538
26533,26539
26535,26538
26538,26539
26538,26549
26538,26550
26538,26551
26538,26554
26539,26549
26549,26550
26550,26551
26550,26554
26551,26554
26551,26562
26554,26562
26562,26568
26562,26571
26562,26572
26562,26573
26568,26571
26568,26572
26568,26573
26571,26572
26572,26573
26573,26580
26580,26593
26580,26599
26580,26605
26580,26607
26593,26599
26593,26605
26593,26607
26593,26608
26599,26605
26599,26607
26599,26608
26599,26611
26599,26623
26599,26624
26599,26629
26605,26607
26605,26608
26605,26611
26605,26623
26607,26608
26608,26611
26611,26623
26623,26624
26624,26629
26624,26630
26624,26635
26624,26640
26629,26630
26629,26635
26629,26640
26630,26635
26635,26640
26640,26643
26640,26644
26640,26659
26643,26644
26644,26659
26659,26665
26659,26672
26659,26674
26665,26672
26665,26674
26665,26677
26672,26674
26674,26677
26674,26683
26674,26687
26677,26683
26683,26687
26687,26697
26697,26699
26697,26700
26697,26702
26699,26700
26700,26702
26702,26703
26702,26706
26703,26706
26703,26708
26706,26708
26706,26712
26706,26714
26706,26715
26708,26712
26708,26714
26712,26714
26714,26715
26715,26718
26715,26721
26715,26724
26718,26721
26718,26724
26718,26725
26721,26724
26724,26725
26725,26738
26725,26741
26725,26744
26725,26746
26738,26741
26738,26744
26738,26746
26738,26753
26741,26744
26744,26746
26744,26753
26744,26756
26746,26753
26746,26756
26746,26759
26753,26756
26753,26759
26753,26762
26753,26766
26756,26759
26759,26762
26759,26766
26759,26771
26762,26766
26766,26771
26771,26773
26773,26777
26777,26780
26780,26787
26780,26794
26787,26794
26794,26800
26800,26806
26806,26809
26809,26813
26813,26836
26836,26841
26836,26844
26841,26844
26841,26858
26841,26859
26844,26858
26844,26859
26858,26859
26859,26874
26859,26880
26859,26881
26874,26880
26874,26881
26874,26884
26874,26890
26880,26881
26880,26884
26880,26890
26881,26884
26881,26890
26881,26899
26884,26890
26884,26899
26884,26911
26890,26899
26890,26911
26890,26913
26890,26918
26899,26911
26911,26913
26911,26918
26911,26919
26913,26918
26913,26919
26918,26919
26918,26927
26919,26927
26927,26931
26927,26932
26927,26939
26927,26943
26931,26932
26931,26939
26931,26943
26931,26948
26932,26939
26932,26943
26932,26948
26939,26943
26939,26948
26939,26950
26943,26948
26943,26950
26943,26954
26943,26956
26948,26950
26950,26954
26954,26956
26956,26964
26964,26977
26977,26989
26977,26994
26977,26996
26977,26999
26989,26994
26994,26996
26996,26999
26999,27005
26999,27013
27005,27013
27013,27019
27019,27021
27019,27023
27021,27023
27023,27026
27023,27038
27026,27038
27026,27040
27038,27040
27040,27043
27043,27044
27043,27045
27044,27045
27044,27046
27044,27049
27045,27046
27045,27049
27045,27056
27046,27049
27046,27056
27049,27056
27056,27070
27070,27073
27070,27081
27070,27087
27070,27088
27073,27081
27073,27087
27081,27087
27087,27088
27088,27105
27088,27108
27088,27109
27088,27111
27105,27108
27105,27109
27105,27111
27108,27109
27109,27111
27109,27117
27109,27121
27111,27117
27117,27121
27121,27122
27121,27127
27121,27131
27121,27135
27122,27127
27127,27131
27127,27135
27127,27136
27131,27135
27131,27136
27135,27136
27135,27137
27135,27143
27136,27137
27136,27143
27137,27143
27137,27144
27143,27144
27144,27150
27144,27154
27144,27165
27144,27167
27150,27154
27154,27165
27154,27167
27154,27170
27165,27167
27167,27170
27170,27174
27174,27184
27174,27186
27174,27192
27184,27186
27186,27192
27192,27201
27192,27206
27201,27206
27206,27216
27206,27218
27206,27221
27216,27218
27216,27221
27216,27222
27216,27227
27216,27232
27216,27246
27216,27247
27218,27221
27218,27222
27218,27227
27218,27232
27221,27222
27221,27227
27221,27232
27222,27227
27227,27232
27227,27246
27227,27247
27232,27246
27246,27247
27247,27256
27256,27260
27256,27261
27260,27261
27260,27264
27261,27264
27264,27266
27266,27270
27266,27271
27266,27276
27266,27277
27270,27271
27271,27276
27271,27277
27271,27281
27271,27293
27276,27277
27277,27281
27277,27293
27277,27295
27281,27293
27293,27295
27293,27296
27293,27298
27293,27312
27295,27296
27295,27298
27295,27312
27296,27298
27298,27312
27298,27324
27298,27326
27312,27324
27324,27326
27326,27328
27326,27329
27326,27337
27326,27340
27326,27341
27328,27329
27328,27337
27328,27340
27328,27341
27329,27337
27329,27340
27337,27340
27340,27341
27341,27343
27343,27346
27343,27348
27346,27348
27348,27358
27348,27367
27348,27378
27358,27367
27358,27378
27358,27384
27358,27385
27358,27399
27358,27401
27358,27403
27367,27378
27378,27384
27378,27385
27378,27399
27384,27385
27384,27399
27384,27401
27384,27403
27384,27404
27385,27399
27385,27401
27385,27403
27385,27404
27399,27401
27399,27403
27399,27404
27401,27403
27401,27404
27403,27404
27403,27411
27404,27411
27404,27421
27404,27429
27404,27431
27411,27421
27421,27429
27421,27431
27429,27431
27431,27434
27434,27439
27439,27447
27439,27448
27439,27457
27447,27448
27448,27457
27448,27458
27457,27458
