3,11
3,25
3,28
3,36
3,27457
3,27458
11,25
11,28
11,36
11,27457
11,27458
25,28
25,27458
28,36
28,44
28,27458
36,44
36,45
36,56
36,27458
44,45
44,56
44,57
45,56
56,57
57,58
57,62
57,63
57,66
57,69
57,72
58,62
58,63
58,66
58,69
58,72
58,79
62,63
63,66
63,69
63,72
63,79
63,87
66,69
69,72
69,79
72,79
79,87
79,93
79,95
87,93
87,95
87,97
93,95
95,97
97,102
97,107
97,117
102,107
102,117
102,121
102,127
107,117
107,121
107,127
117,121
121,127
127,129
129,133
129,135
129,148
129,150
133,135
135,148
148,150
148,151
148,154
148,155
150,151
151,154
151,155
151,163
151,165
151,168
154,155
154,163
154,165
155,163
163,165
163,168
163,175
165,168
165,175
168,175
168,176
175,176
175,184
176,184
184,191
184,196
184,197
184,203
191,196
196,197
196,203
196,208
197,203
197,208
203,208
203,211
208,211
211,215
211,216
215,216
216,218
216,219
216,227
216,229
218,219
219,227
227,229
227,230
229,230
229,234
229,235
229,239
230,234
234,235
234,239
235,239
239,244
239,247
239,249
239,255
239,257
239,278
239,279
239,282
244,247
244,249
244,255
244,257
247,249
249,255
255,257
255,278
255,279
255,282
257,278
278,279
279,282
282,299
299,302
302,304
304,309
304,311
309,311
311,312
311,316
312,316
316,322
316,326
322,326
322,331
326,331
326,334
331,334
331,337
331,341
331,351
331,353
331,355
334,337
334,341
334,351
334,353
337,341
341,351
341,353
341,355
341,356
351,353
351,355
351,356
353,355
353,356
355,356
355,357
356,357
357,363
357,364
357,367
357,371
363,364
363,367
363,371
364,367
367,371
367,378
367,379
371,378
378,379
378,396
378,397
378,398
378,403
379,396
396,397
396,398
396,403
396,412
396,414
397,398
398,403
403,412
412,414
414,416
414,418
414,420
416,418
418,420
420,422
420,425
420,427
420,430
422,425
425,427
427,430
427,434
430,434
430,439
430,445
430,460
434,439
439,445
439,460
439,462
445,460
460,462
460,464
460,472
462,464
462,472
464,472
472,483
483,488
483,492
483,494
488,492
488,494
488,501
488,503
488,509
492,494
494,501
494,503
494,509
494,512
501,503
503,509
509,512
509,516
509,519
512,516
516,519
516,522
519,522
519,533
519,534
519,547
519,551
522,533
522,534
522,547
522,551
533,534
533,547
533,551
534,547
534,551
534,553
534,559
534,562
547,551
547,553
547,559
547,562
547,565
551,553
551,559
553,559
559,562
559,565
562,565
565,567
567,575
567,577
567,591
575,577
577,591
577,599
591,599
599,607
599,614
599,621
599,627
607,614
607,621
607,627
614,621
614,627
621,627
627,635
627,638
627,640
627,643
627,646
635,638
635,640
635,643
638,640
638,643
640,643
643,646
643,647
646,647
647,648
648,651
648,656
651,656
651,659
651,664
656,659
656,664
659,664
664,665
665,666
665,667
665,668
665,669
666,667
667,668
668,669
669,678
669,680
669,690
678,680
680,690
690,691
690,693
691,693
693,697
693,701
693,718
697,701
697,718
697,721
701,718
718,721
718,724
718,734
721,724
721,734
724,734
734,735
735,737
735,739
735,745
735,749
737,739
739,745
745,749
745,752
745,756
745,761
745,763
749,752
749,756
749,761
749,763
749,768
752,756
752,761
756,761
756,763
761,763
761,768
761,779
761,786
763,768
768,779
779,786
786,796
786,806
786,811
786,823
786,828
786,829
796,806
796,811
796,823
806,811
806,823
806,828
811,823
811,828
823,828
828,829
828,830
829,830
829,848
829,849
830,848
830,849
830,853
830,855
848,849
848,853
848,855
849,853
849,855
849,857
849,862
853,855
853,857
855,857
855,862
857,862
862,867
862,873
862,874
867,873
867,874
873,874
874,875
875,877
877,882
882,887
882,891
887,891
891,896
891,897
891,909
891,910
896,897
896,909
896,910
897,909
909,910
909,923
909,925
909,926
910,923
910,925
910,926
923,925
925,926
925,938
925,940
926,938
938,940
940,945
945,947
945,948
945,954
947,948
947,954
948,954
948,956
954,956
954,958
954,959
956,958
958,959
958,966
958,968
958,977
959,966
959,968
959,977
959,980
966,968
966,977
966,980
966,986
968,977
968,980
977,980
980,986
980,989
980,993
980,999
980,1003
980,1007
986,989
989,993
989,999
989,1003
993,999
999,1003
1003,1007
1007,1008
1007,1010
1007,1014
1007,1021
1008,1010
1008,1014
1010,1014
1014,1021
1014,1025
1014,1027
1021,1025
1025,1027
1027,1031
1027,1036
1031,1036
1036,1045
1036,1054
1036,1060
1045,1054
1045,1060
1045,1065
1054,1060
1060,1065
1060,1070
1060,1077
1060,1078
1065,1070
1065,1077
1070,1077
1077,1078
1077,1091
1077,1095
1078,1091
1091,1095
1091,1096
1091,1098
1091,1102
1095,1096
1096,1098
1096,1102
1096,1104
1096,1115
1096,1116
1098,1102
1098,1104
1102,1104
1102,1115
1102,1116
1104,1115
1104,1116
1115,1116
1115,1118
1115,1119
1115,1122
1115,1123
1116,1118
1118,1119
1118,1122
1118,1123
1119,1122
1119,1123
1122,1123
1123,1130
1123,1142
1123,1143
1130,1142
1130,1143
1130,1145
1130,1147
1142,1143
1143,1145
1145,1147
1147,1148
1147,1150
1147,1156
1147,1158
1148,1150
1150,1156
1150,1158
1156,1158
1158,1160
1158,1161
1158,1166
1158,1167
1160,1161
1161,1166
1161,1167
1161,1170
1166,1167
1167,1170
1170,1171
1170,1181
1170,1182
1170,1186
1170,1188
1171,1181
1171,1182
1171,1186
1171,1188
1171,1194
1181,1182
1181,1186
1181,1188
1182,1186
1186,1188
1188,1194
1194,1195
1194,1197
1194,1202
1194,1204
1194,1226
1194,1227
1194,1230
1195,1197
1197,1202
1197,1204
1197,1226
1197,1227
1202,1204
1202,1226
1204,1226
1204,1227
1204,1230
1204,1233
1226,1227
1226,1230
1226,1233
1226,1239
1227,1230
1227,1233
1227,1239
1227,1250
1227,1253
1230,1233
1233,1239
1233,1250
1239,1250
1250,1253
1253,1262
1253,1266
1262,1266
1262,1273
1266,1273
1266,1276
1266,1285
1266,1291
1266,1293
1273,1276
1273,1285
1273,1291
1276,1285
1276,1291
1285,1291
1291,1293
1291,1297
1291,1299
1293,1297
1297,1299
1299,1305
1299,1306
1299,1316
1305,1306
1306,1316
1306,1324
1306,1326
1316,1324
1324,1326
1326,1333
1333,1335
1335,1338
1338,1348
1348,1358
1358,1361
1358,1369
1361,1369
1361,1384
1369,1384
1384,1385
1385,1391
1391,1394
1391,1411
1391,1417
1394,1411
1411,1417
1417,1420
1420,1426
1420,1429
1420,1434
1420,1445
1420,1446
1420,1452
1426,1429
1429,1434
1434,1445
1445,1446
1446,1452
1446,1454
1446,1457
1446,1458
1446,1462
1452,1454
1454,1457
1454,1458
1454,1462
1454,1469
1454,1473
1457,1458
1458,1462
1458,1469
1458,1473
1462,1469
1469,1473
1473,1475
1473,1478
1473,1489
1473,1495
1473,1497
1473,1500
1475,1478
1475,1489
1475,1495
1475,1497
1475,1500
1478,1489
1478,1495
1478,1497
1489,1495
1489,1497
1495,1497
1495,1500
1495,1506
1497,1500
1497,1506
1497,1516
1497,1529
1497,1537
1497,1539
1500,1506
1506,1516
1506,1529
1506,1537
1516,1529
1516,1537
1516,1539
1516,1541
1529,1537
1537,1539
1537,1541
1537,1545
1539,1541
1541,1545
1545,1548
1545,1549
1548,1549
1548,1551
1548,1552
1548,1553
1549,1551
1549,1552
1549,1553
1551,1552
1551,1553
1552,1553
1552,1554
1552,1558
1553,1554
1554,1558
1554,1564
1554,1565
1558,1564
1564,1565
1565,1567
1567,1578
1567,1582
1578,1582
1582,1588
1588,1590
1590,1604
1604,1605
1604,1612
1604,1615
1605,1612
1612,1615
1612,1624
1612,1626
1612,1629
1615,1624
1624,1626
1626,1629
1629,1647
1629,1648
1629,1650
1647,1648
1648,1650
1648,1653
1650,1653
1653,1659
1653,1664
1653,1665
1659,1664
1664,1665
1665,1666
1665,1668
1666,1668
1666,1677
1666,1681
1666,1684
1666,1686
1666,1688
1666,1690
1668,1677
1677,1681
1677,1684
1677,1686
1677,1688
1681,1684
1681,1686
1681,1688
1681,1690
1681,1700
1684,1686
1686,1688
1688,1690
1690,1700
1700,1709
1709,1711
1709,1713
1711,1713
1711,1720
1711,1721
1713,1720
1713,1721
1713,1725
1720,1721
1721,1725
1725,1744
1744,1772
1744,1780
1744,1781
1744,1782
1744,1785
1772,1780
1772,1781
1772,1782
1772,1785
1780,1781
1780,1782
1780,1785
1781,1782
1781,1785
1781,1787
1781,1791
1782,1785
1785,1787
1787,1791
1787,1796
1787,1798
1791,1796
1791,1798
1791,1799
1791,1807
1791,1810
1796,1798
1796,1799
1796,1807
1798,1799
1799,1807
1799,1810
1799,1811
1799,1815
1807,1810
1807,1811
1807,1815
1810,1811
1811,1815
1811,1821
1815,1821
1821,1823
1821,1829
1823,1829
1823,1831
1823,1838
1829,1831
1831,1838
1831,1854
1831,1860
1838,1854
1854,1860
1854,1867
1854,1870
1854,1873
1860,1867
1867,1870
1870,1873
1870,1877
1873,1877
1873,1878
1873,1881
1873,1882
1873,1888
1877,1878
1878,1881
1881,1882
1882,1888
1888,1892
1892,1893
1892,1894
1892,1896
1892,1903
1892,1908
1892,1910
1893,1894
1894,1896
1896,1903
1903,1908
1903,1910
1903,1916
1908,1910
1908,1916
1908,1917
1908,1921
1910,1916
1910,1917
1910,1921
1916,1917
1917,1921
1917,1922
1921,1922
1921,1941
1921,1942
1921,1947
1922,1941
1941,1942
1941,1947
1941,1954
1941,1962
1941,1971
1941,1972
1941,1977
1942,1947
1942,1954
1947,1954
1947,1962
1947,1971
1947,1972
1947,1977
1954,1962
1954,1971
1954,1972
1954,1977
1962,1971
1971,1972
1972,1977
1972,1990
1972,1995
1972,1998
1972,1999
1977,1990
1977,1995
1990,1995
1990,1998
1995,1998
1998,1999
1999,2002
1999,2004
2002,2004
2002,2009
2004,2009
2009,2014
2009,2015
2014,2015
2015,2018
2018,2020
2018,2024
2020,2024
2024,2028
2028,2033
2033,2035
2033,2041
2033,2044
2035,2041
2041,2044
2041,2058
2041,2065
2044,2058
2058,2065
2058,2067
2058,2071
2065,2067
2065,2071
2067,2071
2067,2078
2071,2078
2078,2079
2079,2081
2079,2087
2079,2091
2079,2106
2079,2111
2081,2087
2081,2091
2081,2106
2087,2091
2087,2106
2087,2111
2091,2106
2091,2111
2091,2119
2091,2127
2091,2130
2106,2111
2111,2119
2119,2127
2127,2130
2130,2134
2134,2135
2135,2137
2135,2146
2137,2146
2137,2154
2137,2160
2146,2154
2154,2160
2154,2168
2154,2173
2160,2168
2168,2173
2173,2175
2173,2192
2175,2192
2175,2200
2175,2201
2192,2200
2192,2201
2192,2207
2192,2211
2192,2212
2192,2214
2192,2226
2200,2201
2200,2207
2201,2207
2201,2211
2207,2211
2207,2212
2207,2214
2207,2226
2211,2212
2211,2214
2211,2226
2212,2214
2212,2226
2214,2226
2214,2228
2214,2229
2214,2230
2214,2243
2214,2244
2226,2228
2228,2229
2228,2230
2228,2243
2228,2244
2229,2230
2229,2243
2230,2243
2243,2244
2243,2256
2244,2256
2256,2261
2261,2266
2261,2270
2261,2271
2261,2275
2266,2270
2270,2271
2270,2275
2271,2275
2271,2291
2271,2298
2275,2291
2275,2298
2275,2300
2275,2302
2275,2307
2275,2318
2275,2322
2291,2298
2298,2300
2298,2302
2300,2302
2302,2307
2307,2318
2307,2322
2318,2322
2322,2326
2326,2331
2326,2332
2326,2342
2331,2332
2332,2342
2342,2349
2342,2353
2342,2354
2342,2365
2342,2366
2349,2353
2353,2354
2354,2365
2354,2366
2365,2366
2366,2370
2366,2384
2366,2403
2366,2404
2366,2410
2366,2419
2370,2384
2384,2403
2384,2404
2403,2404
2404,2410
2404,2419
2404,2428
2404,2436
2404,2437
2404,2440
2410,2419
2419,2428
2428,2436
2428,2437
2436,2437
2436,2440
2436,2441
2437,2440
2440,2441
2440,2445
2440,2447
2440,2449
2440,2450
2441,2445
2441,2447
2445,2447
2447,2449
2449,2450
2449,2459
2449,2462
2450,2459
2459,2462
2459,2463
2462,2463
2463,2467
2467,2478
2478,2482
2482,2487
2487,2491
2487,2494
2487,2503
2487,2517
2487,2518
2491,2494
2494,2503
2494,2517
2503,2517
2503,2518
2503,2524
2503,2527
2517,2518
2517,2524
2517,2527
2517,2529
2518,2524
2518,2527
2518,2529
2518,2533
2524,2527
2527,2529
2529,2533
2529,2536
2529,2546
2529,2548
2529,2550
2529,2554
2529,2560
2533,2536
2533,2546
2533,2548
2533,2550
2536,2546
2546,2548
2546,2550
2546,2554
2546,2560
2546,2564
2548,2550
2550,2554
2554,2560
2554,2564
2554,2566
2554,2576
2560,2564
2564,2566
2564,2576
2564,2578
2564,2580
2564,2586
2566,2576
2576,2578
2578,2580
2580,2586
2586,2592
2592,2595
2595,2606
2595,2608
2606,2608
2608,2613
2608,2618
2613,2618
2618,2621
2618,2626
2621,2626
2621,2631
2621,2636
2626,2631
2626,2636
2631,2636
2636,2643
2636,2649
2643,2649
2649,2651
2649,2655
2649,2656
2649,2661
2651,2655
2655,2656
2655,2661
2656,2661
2661,2671
2671,2675
2671,2680
2671,2685
2671,2692
2675,2680
2680,2685
2680,2692
2685,2692
2692,2696
2692,2700
2692,2708
2692,2712
2692,2714
2696,2700
2700,2708
2708,2712
2708,2714
2712,2714
2714,2717
2714,2721
2714,2724
2714,2725
2714,2727
2717,2721
2721,2724
2724,2725
2724,2727
2724,2731
2724,2737
2724,2740
2725,2727
2727,2731
2731,2737
2737,2740
2740,2741
2740,2742
2741,2742
2742,2749
2742,2753
2749,2753
2749,2755
2753,2755
2755,2765
2765,2766
2766,2768
2766,2770
2768,2770
2770,2778
2770,2780
2778,2780
2778,2785
2780,2785
2780,2791
2780,2792
2780,2819
2780,2820
2785,2791
2785,2792
2785,2819
2785,2820
2785,2824
2791,2792
2792,2819
2792,2820
2819,2820
2819,2824
2819,2825
2819,2826
2820,2824
2824,2825
2824,2826
2825,2826
2826,2838
2838,2844
2838,2847
2838,2849
2838,2850
2844,2847
2847,2849
2847,2850
2849,2850
2849,2880
2849,2885
2849,2904
2850,2880
2850,2885
2850,2904
2880,2885
2880,2904
2880,2906
2880,2913
2885,2904
2904,2906
2904,2913
2904,2916
2906,2913
2906,2916
2906,2917
2913,2916
2913,2917
2913,2920
2916,2917
2917,2920
2917,2921
2920,2921
2920,2923
2920,2929
2921,2923
2921,2929
2921,2932
2923,2929
2923,2932
2929,2932
2929,2944
2929,2945
2932,2944
2932,2945
2944,2945
2945,2951
2945,2952
2945,2971
2945,2980
2951,2952
2951,2971
2951,2980
2951,2983
2951,2986
2952,2971
2971,2980
2980,2983
2980,2986
2980,2994
2980,3001
2980,3002
2983,2986
2983,2994
2986,2994
2986,3001
2986,3002
2994,3001
2994,3002
2994,3007
3001,3002
3001,3007
3002,3007
3007,3015
3007,3023
3007,3034
3007,3037
3015,3023
3015,3034
3015,3037
3015,3039
3023,3034
3023,3037
3023,3039
3034,3037
3034,3039
3034,3044
3037,3039
3037,3044
3037,3046
3037,3048
3039,3044
3039,3046
3039,3048
3039,3049
3044,3046
3044,3048
3046,3048
3046,3049
3046,3051
3046,3055
3046,3068
3048,3049
3049,3051
3051,3055
3051,3068
3051,3070
3055,3068
3068,3070
3070,3073
3073,3074
3074,3076
3074,3081
3076,3081
3076,3085
3081,3085
3085,3109
3085,3112
3085,3113
3085,3124
3085,3131
3085,3134
3085,3135
3109,3112
3109,3113
3112,3113
3113,3124
3124,3131
3124,3134
3124,3135
3131,3134
3134,3135
3135,3149
3149,3151
3151,3152
3152,3159
3152,3175
3152,3178
3152,3185
3152,3193
3152,3194
3152,3201
3159,3175
3175,3178
3178,3185
3178,3193
3178,3194
3185,3193
3185,3194
3193,3194
3194,3201
3201,3202
3202,3204
3204,3205
3205,3209
3209,3214
3214,3216
3214,3217
3214,3220
3216,3217
3217,3220
3217,3222
3220,3222
3222,3225
3225,3228
3225,3232
3228,3232
3232,3234
3232,3235
3234,3235
3234,3241
3234,3244
3234,3251
3235,3241
3241,3244
3241,3251
3241,3252
3244,3251
3244,3252
3244,3255
3251,3252
3252,3255
3252,3262
3252,3268
3255,3262
3262,3268
3262,3271
3268,3271
3268,3274
3268,3276
3268,3285
3268,3286
3268,3302
3268,3315
3271,3274
3274,3276
3274,3285
3274,3286
3276,3285
3285,3286
3285,3302
3285,3315
3285,3324
3285,3339
3286,3302
3286,3315
3286,3324
3302,3315
3315,3324
3324,3339
3324,3341
3324,3350
3339,3341
3341,3350
3341,3356
3350,3356
3350,3368
3350,3374
3356,3368
3368,3374
3374,3375
3374,3405
3374,3416
3375,3405
3405,3416
3405,3418
3416,3418
3418,3419
3419,3420
3419,3423
3419,3426
3420,3423
3420,3426
3423,3426
3426,3427
3426,3430
3427,3430
3430,3440
3440,3448
3448,3449
3448,3450
3449,3450
3450,3464
3464,3478
3478,3482
3482,3484
3484,3488
3484,3490
3488,3490
3488,3491
3488,3495
3490,3491
3490,3495
3490,3496
3490,3505
3490,3508
3491,3495
3495,3496
3495,3505
3495,3508
3495,3509
3496,3505
3505,3508
3508,3509
3508,3510
3509,3510
3510,3520
3520,3521
3520,3524
3520,3526
3521,3524
3524,3526
3524,3527
3524,3528
3524,3540
3524,3542
3526,3527
3527,3528
3527,3540
3528,3540
3540,3542
3540,3546
3542,3546
3542,3549
3542,3554
3546,3549
3549,3554
3554,3556
3554,3567
3556,3567
3556,3573
3556,3574
3567,3573
3573,3574
3573,3577
3574,3577
3574,3578
3574,3592
3577,3578
3578,3592
3578,3597
3578,3601
3578,3604
3592,3597
3597,3601
3601,3604
3604,3610
3604,3612
3610,3612
3610,3614
3612,3614
3612,3618
3612,3619
3614,3618
3618,3619
3619,3621
3621,3625
3621,3630
3621,3642
3621,3646
3625,3630
3630,3642
3630,3646
3630,3647
3642,3646
3646,3647
3646,3651
3646,3655
3647,3651
3651,3655
3651,3656
3655,3656
3656,3665
3665,3666
3666,3673
3673,3677
3673,3678
3677,3678
3677,3682
3677,3686
3677,3689
3678,3682
3682,3686
3682,3689
3682,3692
3686,3689
3689,3692
3692,3693
3692,3695
3692,3698
3693,3695
3693,3698
3695,3698
3698,3703
3698,3704
3698,3705
3698,3711
3698,3714
3703,3704
3703,3705
3703,3711
3703,3714
3704,3705
3705,3711
3711,3714
3711,3718
3714,3718
3714,3719
3718,3719
3718,3723
3718,3729
3719,3723
3723,3729
3729,3731
3731,3732
3731,3733
3731,3734
3731,3735
3732,3733
3732,3734
3733,3734
3734,3735
3735,3739
3735,3744
3735,3745
3735,3751
3735,3756
3739,3744
3739,3745
3744,3745
3745,3751
3751,3756
3751,3760
3756,3760
3760,3763
3760,3770
3763,3770
3770,3781
3781,3784
3781,3785
3784,3785
3784,3787
3784,3790
3784,3793
3785,3787
3785,3790
3785,3793
3787,3790
3787,3793
3790,3793
3790,3801
3790,3808
3793,3801
3793,3808
3801,3808
3808,3813
3813,3818
3818,3820
3820,3825
3825,3832
3825,3836
3825,3837
3832,3836
3832,3837
3836,3837
3837,3839
3839,3840
3839,3847
3840,3847
3840,3850
3840,3861
3847,3850
3847,3861
3850,3861
3850,3871
3850,3874
3861,3871
3871,3874
3874,3878
3878,3880
3880,3881
3881,3887
3881,3888
3881,3896
3887,3888
3888,3896
3888,3898
3896,3898
3896,3904
3898,3904
3904,3908
3904,3911
3904,3913
3908,3911
3911,3913
3911,3914
3911,3922
3911,3929
3913,3914
3913,3922
3913,3929
3914,3922
3914,3929
3914,3932
3914,3933
3922,3929
3922,3932
3922,3933
3929,3932
3929,3933
3932,3933
3933,3947
3947,3951
3951,3955
3955,3964
3964,3965
3964,3967
3964,3969
3964,3982
3965,3967
3965,3969
3965,3982
3965,3989
3965,3991
3967,3969
3969,3982
3982,3989
3982,3991
3989,3991
3989,3998
3991,3998
3991,4000
3991,4004
3991,4008
3998,4000
4000,4004
4000,4008
4004,4008
4004,4013
4004,4018
4008,4013
4008,4018
4008,4022
4013,4018
4018,4022
4022,4035
4022,4037
4022,4042
4022,4045
4035,4037
4035,4042
4037,4042
4037,4045
4037,4046
4042,4045
4042,4046
4042,4048
4042,4052
4042,4057
4042,4072
4045,4046
4045,4048
4046,4048
4048,4052
4052,4057
4052,4072
4052,4073
4057,4072
4057,4073
4057,4076
4057,4078
4072,4073
4073,4076
4073,4078
4073,4081
4073,4089
4073,4091
4076,4078
4078,4081
4078,4089
4081,4089
4081,4091
4089,4091
4091,4094
4091,4096
4091,4101
4091,4106
4094,4096
4096,4101
4096,4106
4101,4106
4106,4107
4107,4111
4107,4118
4107,4119
4111,4118
4118,4119
4118,4125
4119,4125
4119,4131
4125,4131
4131,4133
4131,4142
4133,4142
4133,4148
4142,4148
4142,4149
4148,4149
4148,4155
4148,4158
4148,4168
4149,4155
4155,4158
4158,4168
4158,4169
4168,4169
4168,4173
4169,4173
4173,4180
4173,4185
4173,4188
4180,4185
4180,4188
4185,4188
4185,4191
4188,4191
4191,4192
4192,4193
4192,4196
4192,4197
4193,4196
4196,4197
4197,4199
4199,4210
4210,4213
4213,4217
4213,4224
4213,4225
4217,4224
4217,4225
4224,4225
4224,4229
4224,4231
4224,4238
4224,4240
4225,4229
4229,4231
4229,4238
4229,4240
4229,4245
4229,4251
4231,4238
4238,4240
4240,4245
4245,4251
4245,4253
4245,4260
4251,4253
4251,4260
4251,4262
4251,4281
4253,4260
4260,4262
4262,4281
4262,4283
4281,4283
4281,4284
4283,4284
4283,4285
4283,4287
4283,4290
4283,4291
4283,4297
4283,4312
4284,4285
4285,4287
4285,4290
4287,4290
4290,4291
4290,4297
4290,4312
4290,4316
4290,4318
4291,4297
4291,4312
4291,4316
4297,4312
4312,4316
4312,4318
4316,4318
4316,4325
4318,4325
4325,4328
4328,4329
4328,4333
4329,4333
4329,4347
4329,4349
4329,4357
4329,4362
4333,4347
4347,4349
4347,4357
4349,4357
4349,4362
4357,4362
4357,4384
4357,4389
4357,4392
4362,4384
4362,4389
4384,4389
4384,4392
4384,4398
4389,4392
4389,4398
4389,4399
4389,4410
4392,4398
4398,4399
4398,4410
4398,4411
4399,4410
4399,4411
4399,4412
4410,4411
4411,4412
4411,4430
4411,4440
4412,4430
4412,4440
4412,4444
4412,4445
4430,4440
4440,4444
4444,4445
4445,4450
4445,4451
4445,4457
4445,4460
4450,4451
4451,4457
4451,4460
4457,4460
4460,4461
4461,4462
4462,4464
4462,4478
4464,4478
4478,4482
4478,4485
4478,4491
4482,4485
4482,4491
4482,4492
4482,4494
4482,4495
4485,4491
4491,4492
4492,4494
4492,4495
4492,4501
4492,4509
4492,4511
4494,4495
4495,4501
4501,4509
4509,4511
4509,4513
4509,4515
4511,4513
4511,4515
4511,4523
4513,4515
4513,4523
4515,4523
4523,4531
4531,4533
4531,4545
4531,4550
4533,4545
4533,4550
4533,4551
4533,4552
4545,4550
4550,4551
4550,4552
4550,4555
4550,4556
4550,4562
4551,4552
4551,4555
4551,4556
4552,4555
4555,4556
4556,4562
4556,4573
4562,4573
4562,4578
4573,4578
4578,4582
4578,4584
4578,4592
4582,4584
4582,4592
4582,4599
4582,4600
4582,4627
4582,4631
4584,4592
4592,4599
4599,4600
4599,4627
4599,4631
4599,4642
4599,4652
4599,4661
4600,4627
4627,4631
4631,4642
4631,4652
4631,4661
4631,4669
4642,4652
4652,4661
4661,4669
4669,4676
4676,4679
4679,4702
4702,4706
4706,4708
4706,4717
4706,4722
4706,4723
4708,4717
4708,4722
4717,4722
4722,4723
4723,4732
4723,4736
4732,4736
4732,4744
4732,4757
4732,4764
4732,4766
4732,4768
4736,4744
4736,4757
4736,4764
4744,4757
4757,4764
4757,4766
4757,4768
4757,4769
4764,4766
4766,4768
4766,4769
4768,4769
4768,4772
4768,4774
4768,4781
4768,4784
4768,4791
4769,4772
4772,4774
4772,4781
4774,4781
4781,4784
4781,4791
4781,4796
4784,4791
4791,4796
4796,4797
4796,4801
4796,4813
4796,4816
4797,4801
4801,4813
4813,4816
4816,4817
4817,4818
4818,4828
4818,4829
4818,4831
4818,4833
4818,4837
4828,4829
4828,4831
4829,4831
4831,4833
4831,4837
4831,4838
4833,4837
4833,4838
4833,4849
4833,4850
4833,4854
4833,4855
4837,4838
4837,4849
4837,4850
4837,4854
4838,4849
4838,4850
4838,4854
4838,4855
4849,4850
4850,4854
4850,4855
4850,4857
4850,4859
4850,4883
4854,4855
4854,4857
4855,4857
4855,4859
4855,4883
4855,4884
4857,4859
4857,4883
4857,4884
4859,4883
4859,4884
4883,4884
4883,4892
4884,4892
4892,4894
4892,4900
4894,4900
4894,4901
4894,4907
4894,4915
4900,4901
4901,4907
4907,4915
4907,4919
4907,4923
4915,4919
4915,4923
4919,4923
4923,4924
4923,4929
4923,4933
4923,4940
4923,4944
4924,4929
4924,4933
4924,4940
4924,4944
4929,4933
4929,4940
4929,4944
4929,4965
4933,4940
4940,4944
4944,4965
4944,4967
4944,4970
4944,4974
4944,4990
4965,4967
4965,4970
4965,4974
4967,4970
4970,4974
4974,4990
4990,4993
4990,4995
4990,5000
4990,5005
4993,4995
4995,5000
5000,5005
5005,5006
5006,5009
5006,5014
5006,5024
5006,5027
5009,5014
5014,5024
5024,5027
5024,5029
5024,5035
5024,5038
5024,5040
5024,5041
5027,5029
5029,5035
5029,5038
5029,5040
5035,5038
5038,5040
5038,5041
5038,5044
5040,5041
5040,5044
5041,5044
5041,5048
5044,5048
5048,5050
5048,5052
5050,5052
5050,5060
5050,5062
5050,5065
5050,5067
5050,5070
5052,5060
5060,5062
5060,5065
5060,5067
5060,5070
5062,5065
5065,5067
5067,5070
5070,5077
5077,5079
5079,5081
5079,5086
5079,5088
5081,5086
5081,5088
5081,5097
5081,5098
5086,5088
5086,5097
5086,5098
5088,5097
5097,5098
5098,5110
5110,5114
5114,5117
5114,5122
5114,5124
5117,5122
5117,5124
5117,5132
5122,5124
5122,5132
5124,5132
5124,5135
5124,5136
5124,5146
5132,5135
5132,5136
5135,5136
5135,5146
5136,5146
5136,5148
5146,5148
5148,5159
5148,5173
5159,5173
5159,5174
5173,5174
5174,5180
5180,5181
5180,5182
5180,5191
5180,5195
5180,5197
5181,5182
5181,5191
5182,5191
5191,5195
5191,5197
5195,5197
5195,5203
5195,5212
5195,5214
5195,5218
5197,5203
5197,5212
5197,5214
5203,5212
5203,5214
5203,5218
5212,5214
5212,5218
5212,5221
5212,5234
5214,5218
5214,5221
5214,5234
5214,5235
5218,5221
5221,5234
5234,5235
5234,5239
5235,5239
5235,5240
5239,5240
5240,5244
5244,5258
5258,5261
5258,5269
5261,5269
5261,5272
5269,5272
5269,5280
5272,5280
5280,5287
5287,5289
5289,5290
5289,5292
5289,5303
5290,5292
5292,5303
5292,5306
5303,5306
5306,5310
5306,5315
5310,5315
5315,5316
5316,5322
5322,5325
5325,5342
5342,5350
5350,5351
5351,5356
5351,5364
5351,5365
5351,5368
5356,5364
5364,5365
5365,5368
5368,5371
5368,5378
5368,5381
5371,5378
5378,5381
5378,5382
5378,5388
5381,5382
5382,5388
5382,5389
5388,5389
5388,5392
5388,5394
5388,5402
5388,5404
5388,5417
5389,5392
5389,5394
5389,5402
5389,5404
5392,5394
5392,5402
5392,5404
5392,5417
5392,5420
5394,5402
5402,5404
5402,5417
5402,5420
5402,5422
5402,5425
5402,5428
5402,5430
5404,5417
5417,5420
5420,5422
5420,5425
5420,5428
5420,5430
5422,5425
5425,5428
5428,5430
5428,5434
5428,5444
5428,5445
5428,5446
5428,5449
5430,5434
5430,5444
5430,5445
5430,5446
5430,5449
5430,5454
5434,5444
5434,5445
5434,5446
5434,5449
5434,5454
5444,5445
5444,5446
5444,5449
5445,5446
5445,5449
5445,5454
5445,5468
5446,5449
5449,5454
5449,5468
5449,5473
5449,5488
5449,5489
5449,5490
5449,5493
5454,5468
5454,5473
5468,5473
5468,5488
5468,5489
5473,5488
5473,5489
5488,5489
5489,5490
5489,5493
5489,5497
5490,5493
5490,5497
5493,5497
5497,5499
5497,5500
5497,5501
5497,5502
5499,5500
5500,5501
5501,5502
5502,5509
5509,5514
5509,5517
5514,5517
5514,5520
5514,5531
5517,5520
5520,5531
5531,5534
5534,5535
5535,5540
5535,5546
5540,5546
5540,5547
5546,5547
5547,5548
5547,5550
5547,5553
5548,5550
5548,5553
5550,5553
5550,5562
5553,5562
5553,5565
5553,5568
5562,5565
5565,5568
5568,5579
5579,5588
5588,5593
5593,5596
5596,5598
5598,5604
5598,5611
5598,5612
5598,5623
5604,5611
5611,5612
5612,5623
5623,5627
5623,5647
5623,5654
5623,5655
5627,5647
5627,5654
5627,5655
5647,5654
5654,5655
5655,5658
5658,5662
5662,5666
5666,5669
5666,5677
5666,5680
5666,5681
5666,5686
5669,5677
5677,5680
5677,5681
5677,5686
5677,5687
5677,5689
5677,5691
5680,5681
5681,5686
5686,5687
5687,5689
5689,5691
5691,5699
5699,5703
5703,5708
5703,5714
5703,5720
5703,5721
5703,5735
5708,5714
5708,5720
5714,5720
5720,5721
5721,5735
5735,5739
5735,5742
5739,5742
5739,5755
5739,5762
5742,5755
5755,5762
5755,5765
5762,5765
5762,5768
5765,5768
5765,5775
5768,5775
5768,5776
5768,5784
5768,5788
5775,5776
5775,5784
5776,5784
5776,5788
5776,5790
5784,5788
5784,5790
5784,5791
5788,5790
5788,5791
5788,5797
5790,5791
5791,5797
5791,5804
5797,5804
5797,5825
5797,5829
5804,5825
5804,5829
5804,5835
5804,5851
5804,5855
5825,5829
5829,5835
5835,5851
5851,5855
5851,5862
5855,5862
5862,5872
5872,5875
5875,5877
5877,5879
5877,5880
5877,5882
5879,5880
5879,5882
5879,5888
5880,5882
5880,5888
5880,5890
5880,5893
5880,5894
5882,5888
5882,5890
5882,5893
5882,5894
5888,5890
5890,5893
5893,5894
5894,5900
5900,5907
5907,5912
5912,5913
5913,5919
5913,5930
5913,5935
5913,5946
5919,5930
5930,5935
5930,5946
5930,5947
5935,5946
5935,5947
5946,5947
5947,5954
5947,5956
5947,5957
5954,5956
5956,5957
5956,5972
5956,5975
5956,5979
5956,5999
5956,6007
5956,6013
5957,5972
5957,5975
5957,5979
5972,5975
5972,5979
5972,5999
5972,6007
5975,5979
5979,5999
5999,6007
5999,6013
5999,6015
5999,6023
6007,6013
6013,6015
6015,6023
6015,6025
6023,6025
6025,6026
6025,6028
6025,6029
6025,6032
6026,6028
6028,6029
6029,6032
6029,6038
6029,6040
6029,6043
6032,6038
6038,6040
6040,6043
6043,6044
6043,6048
6044,6048
6048,6050
6050,6055
6055,6057
6055,6060
6055,6065
6055,6066
6057,6060
6060,6065
6060,6066
6060,6074
6060,6082
6065,6066
6066,6074
6074,6082
6074,6116
6074,6130
6074,6132
6074,6133
6074,6142
6074,6143
6082,6116
6116,6130
6116,6132
6130,6132
6132,6133
6132,6142
6133,6142
6133,6143
6133,6144
6133,6147
6142,6143
6143,6144
6144,6147
6144,6151
6144,6152
6147,6151
6147,6152
6151,6152
6152,6153
6152,6155
6152,6156
6153,6155
6153,6156
6155,6156
6155,6158
6156,6158
6156,6163
6156,6164
6156,6165
6156,6166
6158,6163
6158,6164
6163,6164
6163,6165
6163,6166
6163,6167
6163,6169
6163,6171
6164,6165
6164,6166
6164,6167
6165,6166
6166,6167
6166,6169
6166,6171
6166,6174
6167,6169
6167,6171
6167,6174
6167,6176
6167,6177
6169,6171
6171,6174
6171,6176
6174,6176
6174,6177
6174,6179
6176,6177
6177,6179
6177,6186
6177,6187
6177,6204
6177,6218
6177,6223
6177,6224
6177,6228
6179,6186
6186,6187
6186,6204
6186,6218
6187,6204
6204,6218
6204,6223
6204,6224
6204,6228
6218,6223
6223,6224
6223,6228
6224,6228
6228,6230
6228,6238
6228,6239
6228,6244
6228,6246
6228,6249
6230,6238
6238,6239
6239,6244
6244,6246
6244,6249
6246,6249
6246,6251
6246,6254
6246,6257
6246,6262
6249,6251
6249,6254
6251,6254
6251,6257
6254,6257
6257,6262
6262,6287
6287,6288
6288,6290
6290,6292
6290,6307
6290,6310
6292,6307
6307,6310
6307,6315
6307,6320
6307,6332
6307,6341
6307,6348
6310,6315
6310,6320
6310,6332
6315,6320
6315,6332
6320,6332
6332,6341
6341,6348
6341,6349
6341,6352
6348,6349
6348,6352
6348,6353
6349,6352
6352,6353
6352,6363
6352,6367
6353,6363
6363,6367
6367,6369
6367,6370
6367,6382
6369,6370
6369,6382
6370,6382
6382,6385
6382,6391
6385,6391
6385,6392
6391,6392
6391,6396
6391,6398
6391,6399
6392,6396
6396,6398
6396,6399
6396,6405
6398,6399
6398,6405
6398,6407
6399,6405
6405,6407
6407,6411
6407,6415
6407,6418
6411,6415
6415,6418
6415,6422
6418,6422
6422,6423
6422,6432
6423,6432
6423,6435
6423,6438
6432,6435
6435,6438
6438,6440
6440,6441
6441,6446
6441,6448
6441,6452
6441,6456
6441,6457
6446,6448
6446,6452
6448,6452
6452,6456
6456,6457
6457,6460
6457,6471
6457,6473
6460,6471
6471,6473
6471,6475
6471,6476
6473,6475
6473,6476
6473,6477
6473,6479
6473,6485
6475,6476
6475,6477
6475,6479
6476,6477
6476,6479
6476,6485
6476,6490
6476,6493
6477,6479
6477,6485
6477,6490
6479,6485
6479,6490
6479,6493
6485,6490
6490,6493
6493,6495
6493,6497
6493,6498
6495,6497
6495,6498
6497,6498
6497,6500
6498,6500
6498,6505
6500,6505
6500,6509
6505,6509
6509,6515
6515,6516
6515,6526
6516,6526
6526,6536
6526,6538
6526,6543
6526,6547
6526,6548
6536,6538
6536,6543
6538,6543
6538,6547
6543,6547
6543,6548
6547,6548
6548,6567
6548,6570
6567,6570
6567,6589
6567,6596
6567,6599
6567,6600
6570,6589
6589,6596
6589,6599
6596,6599
6599,6600
6600,6615
6615,6617
6615,6627
6615,6640
6617,6627
6627,6640
6640,6643
6643,6655
6655,6662
6662,6670
6662,6672
6662,6673
6670,6672
6672,6673
6672,6676
6672,6677
6672,6682
6673,6676
6676,6677
6676,6682
6677,6682
6677,6683
6682,6683
6682,6685
6682,6688
6683,6685
6685,6688
6685,6689
6685,6690
6685,6697
6688,6689
6688,6690
6688,6697
6689,6690
6689,6697
6690,6697
6697,6700
6697,6701
6700,6701
6700,6703
6701,6703
6703,6706
6703,6708
6703,6709
6703,6729
6703,6736
6706,6708
6706,6709
6708,6709
6708,6729
6708,6736
6708,6737
6708,6738
6708,6745
6709,6729
6709,6736
6709,6737
6709,6738
6729,6736
6729,6737
6736,6737
6736,6738
6736,6745
6736,6752
6736,6755
6737,6738
6737,6745
6737,6752
6737,6755
6738,6745
6738,6752
6745,6752
6752,6755
6752,6760
6755,6760
6760,6761
6760,6781
6761,6781
6781,6782
6782,6783
6783,6786
6783,6788
6783,6792
6783,6794
6786,6788
6786,6792
6788,6792
6788,6794
6792,6794
6794,6795
6795,6796
6796,6798
6796,6799
6796,6809
6796,6812
6796,6823
6796,6827
6796,6841
6798,6799
6798,6809
6799,6809
6799,6812
6809,6812
6809,6823
6809,6827
6809,6841
6812,6823
6823,6827
6827,6841
6841,6842
6841,6843
6842,6843
6842,6844
6842,6846
6842,6847
6843,6844
6843,6846
6843,6847
6843,6851
6844,6846
6846,6847
6847,6851
6851,6852
6851,6856
6851,6857
6851,6858
6851,6862
6852,6856
6856,6857
6857,6858
6857,6862
6857,6871
6858,6862
6862,6871
6862,6875
6862,6887
6862,6889
6871,6875
6871,6887
6875,6887
6875,6889
6887,6889
6889,6890
6889,6892
6889,6906
6889,6912
6889,6915
6890,6892
6890,6906
6890,6912
6892,6906
6906,6912
6912,6915
6915,6924
6915,6929
6915,6934
6924,6929
6924,6934
6924,6937
6924,6943
6929,6934
6929,6937
6934,6937
6934,6943
6934,6946
6937,6943
6937,6946
6937,6954
6943,6946
6946,6954
6954,6955
6954,6960
6955,6960
6955,6962
6960,6962
6960,6966
6960,6971
6960,6980
6960,6982
6960,6987
6962,6966
6966,6971
6966,6980
6966,6982
6971,6980
6980,6982
6980,6987
6982,6987
6987,6989
6987,6994
6987,6996
6989,6994
6989,6996
6994,6996
6996,7005
6996,7016
6996,7033
6996,7040
7005,7016
7005,7033
7016,7033
7033,7040
7040,7042
7040,7043
7042,7043
7043,7046
7043,7055
7043,7062
7046,7055
7046,7062
7046,7063
7046,7082
7055,7062
7055,7063
7055,7082
7055,7083
7055,7084
7055,7085
7062,7063
7063,7082
7082,7083
7083,7084
7083,7085
7084,7085
7085,7090
7090,7093
7090,7096
7090,7104
7093,7096
7096,7104
7104,7107
7104,7108
7104,7109
7104,7111
7104,7115
7107,7108
7107,7109
7107,7111
7108,7109
7108,7111
7108,7115
7109,7111
7111,7115
7115,7125
7125,7127
7127,7131
7127,7141
7127,7148
7127,7149
7131,7141
7141,7148
7141,7149
7141,7153
7141,7160
7148,7149
7149,7153
7149,7160
7149,7171
7153,7160
7160,7171
7160,7172
7160,7190
7160,7194
7171,7172
7172,7190
7190,7194
7190,7199
7194,7199
7194,7200
7194,7224
7194,7230
7194,7240
7199,7200
7200,7224
7224,7230
7230,7240
7230,7241
7240,7241
7241,7243
7241,7244
7241,7245
7243,7244
7243,7245
7243,7249
7244,7245
7245,7249
7249,7250
7250,7251
7250,7255
7251,7255
7251,7256
7251,7260
7255,7256
7256,7260
7260,7271
7260,7272
7260,7278
7271,7272
7272,7278
7278,7280
7280,7288
7288,7304
7304,7311
7311,7315
7315,7317
7317,7321
7321,7322
7321,7323
7321,7327
7322,7323
7323,7327
7323,7329
7323,7338
7323,7340
7323,7347
7327,7329
7327,7338
7327,7340
7329,7338
7338,7340
7340,7347
7340,7348
7340,7349
7340,7359
7347,7348
7348,7349
7349,7359
7359,7370
7359,7371
7359,7380
7359,7385
7370,7371
7370,7380
7370,7385
7371,7380
7371,7385
7371,7392
7371,7396
7371,7402
7380,7385
7380,7392
7385,7392
7385,7396
7385,7402
7385,7404
7385,7408
7385,7414
7392,7396
7392,7402
7392,7404
7392,7408
7392,7414
7392,7421
7396,7402
7402,7404
7402,7408
7404,7408
7404,7414
7404,7421
7408,7414
7414,7421
7414,7425
7414,7430
7414,7432
7421,7425
7425,7430
7430,7432
7430,7433
7430,7436
7430,7437
7430,7438
7432,7433
7432,7436
7432,7437
7433,7436
7436,7437
7437,7438
7438,7439
7438,7443
7439,7443
7439,7451
7443,7451
7443,7453
7443,7463
7443,7464
7443,7466
7443,7468
7443,7471
7451,7453
7451,7463
7453,7463
7453,7464
7463,7464
7463,7466
7464,7466
7466,7468
7466,7471
7468,7471
7468,7474
7468,7480
7468,7481
7468,7483
7471,7474
7471,7480
7474,7480
7474,7481
7474,7483
7474,7486
7480,7481
7481,7483
7483,7486
7486,7487
7486,7489
7486,7491
7486,7494
7487,7489
7487,7491
7487,7494
7489,7491
7489,7494
7489,7496
7489,7497
7491,7494
7491,7496
7491,7497
7491,7498
7491,7500
7494,7496
7494,7497
7494,7498
7496,7497
7497,7498
7497,7500
7497,7505
7497,7518
7498,7500
7500,7505
7505,7518
7505,7519
7518,7519
7519,7520
7520,7525
7525,7534
7525,7537
7525,7538
7534,7537
7534,7538
7534,7540
7534,7543
7534,7546
7534,7552
7537,7538
7538,7540
7540,7543
7540,7546
7540,7552
7540,7554
7543,7546
7546,7552
7552,7554
7552,7555
7554,7555
7555,7557
7555,7566
7555,7567
7557,7566
7566,7567
7567,7586
7586,7591
7586,7593
7586,7598
7586,7604
7586,7608
7591,7593
7593,7598
7593,7604
7598,7604
7598,7608
7598,7609
7598,7620
7598,7629
7604,7608
7604,7609
7608,7609
7609,7620
7609,7629
7620,7629
7620,7634
7620,7637
7620,7638
7629,7634
7634,7637
7634,7638
7634,7641
7634,7644
7634,7650
7634,7651
7637,7638
7637,7641
7637,7644
7638,7641
7638,7644
7641,7644
7644,7650
7644,7651
7650,7651
7651,7653
7651,7654
7651,7659
7653,7654
7653,7659
7653,7662
7653,7667
7654,7659
7659,7662
7662,7667
7667,7671
7667,7674
7667,7677
7671,7674
7674,7677
7674,7681
7674,7686
7674,7702
7677,7681
7677,7686
7677,7702
7677,7704
7681,7686
7686,7702
7702,7704
7704,7710
7704,7711
7710,7711
7710,7715
7710,7722
7710,7728
7710,7739
7711,7715
7711,7722
7711,7728
7715,7722
7722,7728
7728,7739
7739,7741
7741,7748
7748,7749
7749,7751
7749,7754
7749,7756
7749,7762
7751,7754
7754,7756
7756,7762
7762,7763
7762,7769
7762,7773
7762,7775
7763,7769
7763,7773
7763,7775
7763,7776
7769,7773
7773,7775
7775,7776
7775,7779
7775,7792
7776,7779
7779,7792
7792,7799
7792,7804
7799,7804
7799,7806
7804,7806
7806,7812
7806,7819
7812,7819
7812,7821
7819,7821
7821,7825
7825,7830
7825,7832
7830,7832
7830,7839
7832,7839
7832,7843
7839,7843
7839,7855
7843,7855
7855,7856
7855,7860
7855,7867
7856,7860
7860,7867
7867,7882
7867,7883
7867,7892
7867,7896
7882,7883
7882,7892
7883,7892
7883,7896
7883,7898
7883,7899
7883,7905
7883,7906
7892,7896
7896,7898
7896,7899
7898,7899
7898,7905
7898,7906
7899,7905
7899,7906
7899,7910
7899,7913
7899,7915
7905,7906
7906,7910
7910,7913
7913,7915
7915,7923
7915,7926
7915,7934
7915,7938
7923,7926
7923,7934
7923,7938
7926,7934
7934,7938
7938,7944
7944,7945
7944,7946
7945,7946
7946,7947
7946,7951
7947,7951
7947,7953
7947,7962
7947,7964
7947,7965
7951,7953
7951,7962
7951,7964
7953,7962
7953,7964
7962,7964
7962,7965
7962,7978
7962,7991
7964,7965
7965,7978
7965,7991
7965,7992
7965,7997
7978,7991
7991,7992
7991,7997
7992,7997
7997,8001
8001,8014
8001,8015
8001,8018
8001,8023
8014,8015
8014,8018
8014,8023
8015,8018
8015,8023
8018,8023
8018,8025
8018,8029
8023,8025
8025,8029
8029,8037
8037,8038
8038,8042
8042,8047
8042,8048
8047,8048
8048,8050
8048,8053
8050,8053
8053,8060
8053,8062
8053,8064
8060,8062
8062,8064
8064,8066
8064,8067
8064,8073
8064,8074
8064,8083
8066,8067
8066,8073
8066,8074
8066,8083
8066,8088
8067,8073
8067,8074
8067,8083
8067,8088
8073,8074
8074,8083
8083,8088
8083,8096
8088,8096
8088,8101
8088,8105
8096,8101
8096,8105
8101,8105
8101,8109
8105,8109
8105,8111
8105,8117
8109,8111
8111,8117
8117,8118
8118,8120
8120,8124
8120,8126
8120,8128
8124,8126
8124,8128
8126,8128
8128,8130
8130,8133
8130,8135
8133,8135
8135,8139
8135,8144
8139,8144
8139,8147
8139,8149
8144,8147
8147,8149
8147,8162
8147,8167
8147,8170
8147,8175
8149,8162
8149,8167
8149,8170
8149,8175
8149,8199
8162,8167
8162,8170
8167,8170
8167,8175
8167,8199
8167,8201
8167,8203
8170,8175
8175,8199
8175,8201
8175,8203
8175,8207
8199,8201
8201,8203
8201,8207
8203,8207
8203,8211
8203,8213
8207,8211
8207,8213
8207,8221
8211,8213
8213,8221
8221,8226
8221,8229
8226,8229
8226,8231
8229,8231
8231,8233
8233,8235
8235,8238
8238,8239
8238,8243
8238,8249
8239,8243
8239,8249
8243,8249
8249,8251
8251,8255
8251,8270
8251,8282
8251,8284
8255,8270
8270,8282
8282,8284
8284,8285
8285,8289
8289,8300
8300,8305
8300,8306
8300,8308
8300,8310
8300,8315
8305,8306
8306,8308
8306,8310
8306,8315
8306,8317
8308,8310
8308,8315
8308,8317
8308,8319
8310,8315
8310,8317
8310,8319
8315,8317
8317,8319
8319,8325
8319,8329
8325,8329
8329,8337
8337,8339
8339,8343
8339,8349
8343,8349
8343,8351
8349,8351
8351,8353
8353,8354
8354,8360
8360,8363
8363,8364
8363,8366
8363,8370
8363,8379
8364,8366
8366,8370
8366,8379
8366,8385
8370,8379
8379,8385
8385,8390
8385,8396
8385,8397
8390,8396
8396,8397
8397,8399
8399,8406
8406,8409
8406,8412
8406,8420
8406,8425
8409,8412
8412,8420
8420,8425
8420,8429
8420,8431
8420,8436
8425,8429
8429,8431
8431,8436
8431,8438
8436,8438
8436,8439
8436,8440
8436,8444
8438,8439
8439,8440
8440,8444
8444,8448
8448,8458
8458,8468
8468,8472
8468,8475
8468,8488
8472,8475
8472,8488
8475,8488
8488,8493
8488,8500
8488,8514
8493,8500
8493,8514
8500,8514
8514,8516
8516,8522
8522,8526
8526,8530
8526,8546
8530,8546
8530,8561
8530,8562
8546,8561
8561,8562
8562,8564
8564,8568
8564,8573
8568,8573
8568,8578
8568,8582
8568,8591
8568,8592
8573,8578
8578,8582
8578,8591
8582,8591
8591,8592
8591,8597
8592,8597
8597,8605
8597,8615
8597,8616
8605,8615
8615,8616
8616,8617
8617,8620
8617,8628
8617,8629
8620,8628
8620,8629
8620,8633
8620,8636
8628,8629
8629,8633
8629,8636
8629,8643
8633,8636
8636,8643
8643,8644
8644,8645
8645,8646
8645,8648
8646,8648
8648,8652
8652,8660
8660,8664
8660,8667
8660,8668
8660,8681
8660,8686
8660,8688
8664,8667
8664,8668
8667,8668
8668,8681
8668,8686
8668,8688
8668,8691
8681,8686
8686,8688
8686,8691
8686,8694
8688,8691
8691,8694
8694,8700
8694,8701
8694,8704
8700,8701
8700,8704
8701,8704
8701,8706
8701,8708
8704,8706
8704,8708
8704,8719
8706,8708
8708,8719
8719,8721
8719,8723
8721,8723
8723,8725
8725,8727
8727,8730
8730,8733
8733,8736
8736,8738
8738,8754
8754,8755
8755,8758
8755,8759
8755,8764
8758,8759
8759,8764
8759,8768
8764,8768
8764,8777
8764,8783
8768,8777
8777,8783
8783,8787
8787,8791
8791,8793
8791,8794
8791,8796
8793,8794
8794,8796
8794,8799
8794,8800
8796,8799
8796,8800
8796,8818
8796,8834
8799,8800
8799,8818
8799,8834
8800,8818
8800,8834
8800,8845
8800,8849
8800,8860
8818,8834
8818,8845
8818,8849
8834,8845
8845,8849
8849,8860
8849,8864
8849,8868
8849,8869
8860,8864
8864,8868
8868,8869
8869,8874
8869,8881
8869,8886
8874,8881
8874,8886
8874,8893
8881,8886
8881,8893
8881,8896
8886,8893
8886,8896
8886,8897
8893,8896
8893,8897
8896,8897
8897,8898
8897,8899
8897,8900
8897,8913
8898,8899
8898,8900
8898,8913
8898,8915
8899,8900
8899,8913
8899,8915
8899,8921
8900,8913
8900,8915
8900,8921
8913,8915
8913,8921
8913,8922
8915,8921
8915,8922
8921,8922
8922,8925
8925,8927
8927,8929
8927,8939
8929,8939
8939,8940
8940,8943
8940,8945
8943,8945
8943,8948
8943,8957
8943,8958
8943,8962
8943,8969
8945,8948
8948,8957
8948,8958
8948,8962
8948,8969
8957,8958
8958,8962
8962,8969
8962,8972
8962,8980
8969,8972
8972,8980
8980,8985
8980,8998
8980,9007
8985,8998
8985,9007
8985,9010
8985,9019
8985,9023
8998,9007
8998,9010
8998,9019
8998,9023
9007,9010
9007,9019
9007,9023
9010,9019
9019,9023
9019,9025
9019,9028
9019,9037
9023,9025
9025,9028
9025,9037
9028,9037
9028,9043
9028,9047
9028,9049
9037,9043
9037,9047
9043,9047
9043,9049
9043,9053
9043,9054
9047,9049
9049,9053
9053,9054
9054,9055
9055,9056
9056,9060
9060,9072
9072,9076
9076,9080
9076,9096
9076,9112
9080,9096
9080,9112
9096,9112
9096,9116
9096,9118
9096,9120
9112,9116
9112,9118
9116,9118
9116,9120
9116,9124
9118,9120
9118,9124
9120,9124
9124,9125
9125,9127
9127,9129
9129,9134
9129,9145
9129,9147
9134,9145
9145,9147
9145,9149
9145,9151
9147,9149
9147,9151
9147,9152
9149,9151
9149,9152
9149,9154
9151,9152
9152,9154
9154,9158
9154,9163
9154,9164
9154,9166
9158,9163
9158,9164
9158,9166
9158,9167
9163,9164
9163,9166
9163,9167
9164,9166
9166,9167
9167,9177
9167,9179
9177,9179
9177,9181
9179,9181
9181,9182
9182,9189
9189,9190
9189,9196
9190,9196
9196,9200
9196,9213
9196,9215
9196,9222
9200,9213
9213,9215
9213,9222
9215,9222
9215,9225
9215,9237
9222,9225
9225,9237
9237,9238
9237,9240
9237,9242
9238,9240
9240,9242
9242,9246
9242,9257
9242,9260
9246,9257
9246,9260
9246,9264
9257,9260
9257,9264
9260,9264
9264,9275
9275,9281
9281,9286
9281,9290
9281,9295
9286,9290
9290,9295
9290,9307
9290,9314
9295,9307
9295,9314
9295,9319
9295,9325
9307,9314
9307,9319
9307,9325
9307,9326
9307,9327
9307,9335
9314,9319
9314,9325
9314,9326
9319,9325
9319,9326
9319,9327
9325,9326
9325,9327
9326,9327
9326,9335
9326,9338
9326,9339
9327,9335
9335,9338
9335,9339
9335,9341
9335,9359
9338,9339
9339,9341
9341,9359
9341,9361
9341,9365
9359,9361
9359,9365
9359,9368
9361,9365
9365,9368
9368,9378
9378,9383
9378,9385
9378,9388
9378,9392
9383,9385
9385,9388
9388,9392
9388,9400
9388,9402
9388,9403
9392,9400
9392,9402
9392,9403
9392,9407
9392,9408
9400,9402
9402,9403
9402,9407
9403,9407
9403,9408
9403,9413
9407,9408
9408,9413
9408,9415
9413,9415
9415,9417
9415,9419
9415,9429
9417,9419
9419,9429
9419,9431
9419,9433
9429,9431
9429,9433
9429,9448
9431,9433
9431,9448
9433,9448
9448,9459
9459,9471
9459,9472
9471,9472
9472,9490
9490,9493
9493,9494
9494,9504
9504,9510
9504,9511
9504,9522
9504,9523
9504,9526
9510,9511
9511,9522
9522,9523
9522,9526
9522,9538
9522,9541
9523,9526
9526,9538
9538,9541
9538,9544
9538,9557
9538,9558
9538,9563
9541,9544
9544,9557
9557,9558
9557,9563
9557,9573
9557,9579
9557,9584
9558,9563
9558,9573
9563,9573
9563,9579
9573,9579
9573,9584
9579,9584
9579,9587
9584,9587
9584,9604
9584,9610
9584,9614
9587,9604
9604,9610
9610,9614
9610,9615
9610,9617
9614,9615
9615,9617
9615,9620
9615,9626
9615,9631
9615,9639
9615,9642
9617,9620
9620,9626
9620,9631
9620,9639
9620,9642
9626,9631
9631,9639
9631,9642
9631,9646
9639,9642
9639,9646
9639,9656
9639,9657
9642,9646
9646,9656
9646,9657
9656,9657
9656,9666
9657,9666
9666,9668
9666,9677
9668,9677
9668,9679
9677,9679
9677,9687
9677,9695
9679,9687
9687,9695
9687,9696
9687,9697
9695,9696
9696,9697
9697,9701
9697,9704
9701,9704
9701,9707
9704,9707
9707,9708
9708,9720
9720,9733
9720,9740
9733,9740
9733,9760
9733,9771
9733,9773
9733,9774
9740,9760
9740,9771
9760,9771
9771,9773
9773,9774
9774,9775
9774,9777
9775,9777
9775,9780
9777,9780
9777,9781
9780,9781
9780,9783
9781,9783
9783,9786
9783,9787
9786,9787
9786,9790
9786,9793
9787,9790
9787,9793
9787,9805
9790,9793
9790,9805
9793,9805
9805,9807
9805,9810
9805,9811
9805,9821
9805,9825
9805,9826
9805,9827
9807,9810
9807,9811
9810,9811
9811,9821
9811,9825
9811,9826
9821,9825
9825,9826
9825,9827
9825,9837
9826,9827
9827,9837
9837,9838
9838,9839
9839,9840
9839,9842
9840,9842
9842,9850
9850,9853
9853,9855
9855,9858
9855,9861
9858,9861
9858,9877
9858,9878
9861,9877
9877,9878
9877,9884
9878,9884
9878,9885
9884,9885
9884,9887
9885,9887
9885,9892
9885,9897
9887,9892
9887,9897
9887,9904
9887,9907
9892,9897
9892,9904
9892,9907
9897,9904
9904,9907
9904,9920
9904,9922
9907,9920
9920,9922
9922,9924
9922,9927
9922,9930
9924,9927
9924,9930
9924,9937
9927,9930
9927,9937
9930,9937
9930,9938
9937,9938
9938,9945
9938,9951
9945,9951
9945,9964
9945,9968
9945,9976
9951,9964
9964,9968
9968,9976
9968,9978
9968,9982
9968,9991
9968,10002
9976,9978
9978,9982
9978,9991
9978,10002
9982,9991
9982,10002
9982,10005
9991,10002
10002,10005
10005,10007
10007,10011
10011,10014
10014,10016
10014,10036
10014,10039
10014,10040
10014,10056
10016,10036
10016,10039
10036,10039
10039,10040
10040,10056
10040,10058
10056,10058
10058,10063
10063,10067
10063,10070
10063,10072
10063,10082
10067,10070
10070,10072
10070,10082
10070,10084
10070,10103
10072,10082
10072,10084
10072,10103
10082,10084
10084,10103
10084,10104
10103,10104
10103,10108
10103,10110
10104,10108
10108,10110
10108,10111
10110,10111
10110,10112
10111,10112
10112,10113
10113,10117
10117,10122
10117,10128
10117,10131
10122,10128
10122,10131
10122,10135
10128,10131
10131,10135
10131,10138
10135,10138
10135,10139
10135,10148
10138,10139
10139,10148
10139,10151
10139,10152
10148,10151
10151,10152
10152,10153
10152,10156
10153,10156
10156,10162
10156,10168
10162,10168
10162,10169
10162,10170
10162,10182
10162,10186
10162,10188
10168,10169
10168,10170
10168,10182
10168,10186
10168,10188
10169,10170
10170,10182
10170,10186
10182,10186
10186,10188
10186,10189
10188,10189
10188,10193
10189,10193
10193,10194
10194,10204
10204,10205
10204,10210
10204,10223
10204,10233
10204,10246
10204,10247
10205,10210
10205,10223
10205,10233
10205,10246
10205,10247
10210,10223
10223,10233
10233,10246
10246,10247
10247,10259
10259,10261
10259,10273
10259,10274
10261,10273
10273,10274
10273,10293
10273,10300
10274,10293
10293,10300
10300,10304
10300,10307
10300,10311
10304,10307
10304,10311
10304,10315
10307,10311
10311,10315
10311,10316
10311,10320
10315,10316
10316,10320
10316,10331
10316,10333
10320,10331
10331,10333
10333,10351
10351,10352
10351,10354
10352,10354
10352,10365
10352,10380
10354,10365
10365,10380
10380,10386
10386,10388
10388,10392
10392,10394
10394,10397
10394,10398
10394,10416
10397,10398
10398,10416
10416,10417
10416,10422
10417,10422
10422,10426
10422,10428
10422,10432
10422,10439
10426,10428
10428,10432
10432,10439
10432,10441
10439,10441
10441,10443
10441,10444
10443,10444
10444,10448
10444,10451
10448,10451
10451,10453
10451,10454
10451,10459
10451,10461
10453,10454
10453,10459
10454,10459
10454,10461
10459,10461
10459,10462
10459,10467
10459,10469
10459,10470
10459,10471
10461,10462
10462,10467
10462,10469
10467,10469
10469,10470
10470,10471
10471,10478
10478,10480
10480,10483
10480,10496
10480,10497
10480,10505
10483,10496
10483,10497
10483,10505
10483,10509
10483,10513
10496,10497
10496,10505
10497,10505
10505,10509
10509,10513
10513,10516
10516,10519
10519,10527
10519,10532
10519,10537
10527,10532
10532,10537
10537,10539
10537,10542
10539,10542
10542,10543
10542,10553
10543,10553
10543,10554
10543,10557
10543,10565
10543,10570
10543,10573
10553,10554
10554,10557
10554,10565
10554,10570
10557,10565
10565,10570
10570,10573
10573,10575
10575,10586
10575,10591
10575,10593
10586,10591
10591,10593
10591,10608
10593,10608
10593,10609
10608,10609
10608,10611
10608,10616
10609,10611
10609,10616
10611,10616
10611,10619
10611,10625
10616,10619
10616,10625
10616,10634
10619,10625
10619,10634
10619,10637
10619,10639
10619,10650
10625,10634
10625,10637
10625,10639
10625,10650
10634,10637
10637,10639
10639,10650
10650,10657
10657,10661
10657,10666
10661,10666
10666,10676
10676,10678
10678,10681
10681,10684
10681,10691
10681,10694
10681,10699
10684,10691
10684,10694
10684,10699
10691,10694
10691,10699
10694,10699
10699,10703
10703,10707
10703,10708
10707,10708
10707,10710
10707,10712
10707,10716
10708,10710
10708,10712
10708,10716
10708,10720
10710,10712
10712,10716
10716,10720
10716,10725
10716,10730
10716,10731
10720,10725
10720,10730
10720,10731
10720,10733
10720,10736
10725,10730
10725,10731
10730,10731
10730,10733
10730,10736
10730,10746
10731,10733
10733,10736
10736,10746
10746,10751
10746,10757
10746,10762
10746,10770
10751,10757
10757,10762
10757,10770
10757,10772
10762,10770
10762,10772
10770,10772
10770,10777
10772,10777
10772,10785
10777,10785
10785,10788
10785,10793
10785,10794
10785,10799
10788,10793
10793,10794
10793,10799
10794,10799
10799,10803
10799,10805
10803,10805
10805,10812
10805,10813
10805,10816
10805,10818
10812,10813
10812,10816
10812,10818
10812,10820
10813,10816
10816,10818
10816,10820
10816,10832
10816,10835
10816,10848
10818,10820
10818,10832
10820,10832
10820,10835
10820,10848
10820,10854
10832,10835
10832,10848
10835,10848
10848,10854
10848,10860
10848,10863
10848,10865
10854,10860
10860,10863
10863,10865
10863,10867
10863,10873
10865,10867
10867,10873
10867,10877
10867,10878
10873,10877
10877,10878
10878,10899
10899,10905
10905,10906
10905,10926
10905,10942
10905,10953
10906,10926
10906,10942
10906,10953
10926,10942
10926,10953
10926,10956
10942,10953
10942,10956
10942,10961
10942,10963
10942,10981
10953,10956
10956,10961
10956,10963
10956,10981
10961,10963
10961,10981
10961,10985
10963,10981
10981,10985
10981,10998
10981,10999
10985,10998
10998,10999
10998,11000
10998,11023
10998,11025
10999,11000
10999,11023
10999,11025
10999,11029
11000,11023
11023,11025
11025,11029
11029,11032
11029,11049
11029,11054
11032,11049
11049,11054
11049,11059
11049,11063
11049,11067
11049,11069
11054,11059
11054,11063
11054,11067
11059,11063
11063,11067
11063,11069
11063,11072
11067,11069
11067,11072
11067,11075
11067,11078
11069,11072
11072,11075
11075,11078
11078,11079
11079,11084
11084,11085
11085,11087
11085,11100
11085,11102
11085,11117
11085,11118
11087,11100
11087,11102
11087,11117
11100,11102
11100,11117
11100,11118
11100,11119
11100,11121
11102,11117
11117,11118
11118,11119
11119,11121
11119,11122
11119,11137
11121,11122
11122,11137
11137,11140
11137,11147
11137,11162
11137,11166
11140,11147
11140,11162
11140,11166
11140,11168
11140,11180
11140,11181
11140,11187
11147,11162
11162,11166
11166,11168
11168,11180
11180,11181
11181,11187
11181,11188
11187,11188
11187,11194
11188,11194
11188,11204
11188,11209
11194,11204
11204,11209
11209,11212
11212,11215
11212,11217
11212,11220
11215,11217
11217,11220
11217,11221
11217,11223
11217,11224
11220,11221
11221,11223
11221,11224
11223,11224
11224,11231
11224,11234
11224,11235
11231,11234
11231,11235
11231,11238
11234,11235
11235,11238
11238,11243
11238,11244
11238,11249
11238,11250
11243,11244
11243,11249
11243,11250
11244,11249
11249,11250
11250,11261
11261,11263
11263,11265
11265,11271
11271,11278
11271,11279
11278,11279
11278,11291
11278,11292
11279,11291
11291,11292
11292,11293
11293,11294
11293,11297
11293,11298
11293,11303
11293,11309
11293,11313
11294,11297
11297,11298
11298,11303
11303,11309
11303,11313
11303,11315
11309,11313
11309,11315
11309,11317
11313,11315
11313,11317
11313,11319
11315,11317
11317,11319
11319,11326
11319,11327
11319,11328
11319,11329
11326,11327
11327,11328
11328,11329
11328,11331
11329,11331
11331,11333
11333,11339
11333,11342
11339,11342
11339,11344
11339,11353
11342,11344
11344,11353
11344,11356
11344,11363
11353,11356
11353,11363
11356,11363
11356,11370
11356,11372
11363,11370
11370,11372
11370,11373
11370,11374
11370,11377
11370,11378
11372,11373
11373,11374
11374,11377
11374,11378
11377,11378
11378,11381
11381,11383
11383,11384
11383,11388
11384,11388
11388,11397
11388,11403
11388,11405
11388,11409
11388,11410
11397,11403
11397,11405
11397,11409
11403,11405
11403,11409
11403,11410
11405,11409
11409,11410
11410,11413
11410,11415
11410,11418
11413,11415
11415,11418
11418,11422
11418,11427
11418,11428
11422,11427
11422,11428
11422,11430
11427,11428
11428,11430
11430,11432
11430,11439
11430,11444
11430,11452
11432,11439
11439,11444
11439,11452
11439,11461
11444,11452
11452,11461
11452,11462
11461,11462
11462,11464
11462,11468
11462,11473
11462,11479
11464,11468
11464,11473
11464,11479
11468,11473
11473,11479
11479,11484
11484,11488
11484,11490
11484,11493
11484,11507
11488,11490
11488,11493
11488,11507
11488,11517
11490,11493
11490,11507
11490,11517
11493,11507
11493,11517
11493,11519
11507,11517
11507,11519
11507,11523
11517,11519
11519,11523
11523,11535
11535,11541
11535,11543
11535,11548
11541,11543
11543,11548
11548,11559
11559,11573
11573,11579
11579,11581
11581,11591
11581,11599
11591,11599
11599,11603
11599,11604
11603,11604
11603,11606
11603,11607
11603,11612
11604,11606
11604,11607
11606,11607
11606,11612
11606,11616
11607,11612
11607,11616
11607,11619
11612,11616
11616,11619
11619,11623
11619,11624
11623,11624
11623,11626
11623,11629
11624,11626
11624,11629
11624,11630
11624,11633
11626,11629
11626,11630
11626,11633
11629,11630
11630,11633
11630,11634
11633,11634
11633,11635
11633,11640
11633,11647
11633,11651
11634,11635
11635,11640
11635,11647
11635,11651
11635,11657
11640,11647
11647,11651
11651,11657
11657,11658
11658,11660
11658,11662
11658,11672
11660,11662
11662,11672
11662,11677
11662,11680
11662,11686
11662,11698
11672,11677
11677,11680
11677,11686
11680,11686
11680,11698
11680,11700
11686,11698
11686,11700
11698,11700
11698,11704
11698,11705
11700,11704
11700,11705
11700,11706
11704,11705
11705,11706
11705,11707
11705,11712
11705,11715
11706,11707
11706,11712
11707,11712
11712,11715
11715,11732
11732,11736
11732,11753
11732,11755
11736,11753
11753,11755
11753,11757
11753,11761
11753,11762
11753,11763
11755,11757
11755,11761
11757,11761
11757,11762
11761,11762
11761,11763
11762,11763
11763,11769
11763,11770
11763,11776
11769,11770
11769,11776
11769,11778
11770,11776
11776,11778
11776,11784
11776,11789
11776,11790
11776,11791
11778,11784
11778,11789
11778,11790
11778,11791
11778,11794
11784,11789
11789,11790
11789,11791
11790,11791
11790,11794
11790,11799
11791,11794
11791,11799
11791,11807
11791,11811
11791,11813
11794,11799
11799,11807
11799,11811
11807,11811
11807,11813
11807,11814
11811,11813
11813,11814
11813,11816
11814,11816
11814,11817
11816,11817
11817,11821
11817,11822
11821,11822
11821,11824
11821,11826
11822,11824
11822,11826
11824,11826
11826,11828
11826,11833
11826,11835
11828,11833
11828,11835
11828,11837
11833,11835
11833,11837
11833,11840
11835,11837
11835,11840
11837,11840
11840,11861
11840,11868
11840,11876
11840,11885
11840,11889
11861,11868
11861,11876
11868,11876
11868,11885
11868,11889
11868,11895
11876,11885
11885,11889
11885,11895
11889,11895
11895,11900
11900,11902
11902,11908
11908,11912
11908,11915
11912,11915
11912,11916
11912,11920
11915,11916
11915,11920
11915,11924
11915,11926
11916,11920
11920,11924
11920,11926
11920,11930
11924,11926
11926,11930
11930,11943
11930,11945
11943,11945
11943,11948
11945,11948
11948,11949
11948,11951
11949,11951
11949,11954
11949,11955
11949,11965
11951,11954
11951,11955
11951,11965
11951,11968
11951,11970
11954,11955
11955,11965
11965,11968
11965,11970
11968,11970
11968,11973
11970,11973
11973,11992
11992,12001
11992,12005
11992,12009
12001,12005
12005,12009
12009,12010
12009,12013
12009,12019
12010,12013
12010,12019
12010,12034
12010,12037
12013,12019
12019,12034
12034,12037
12037,12043
12037,12044
12043,12044
12044,12052
12052,12057
12052,12072
12052,12077
12057,12072
12057,12077
12072,12077
12077,12078
12077,12079
12078,12079
12078,12088
12078,12089
12079,12088
12079,12089
12088,12089
12088,12090
12089,12090
12089,12091
12090,12091
12091,12092
12092,12096
12092,12100
12092,12102
12096,12100
12096,12102
12096,12105
12100,12102
12100,12105
12100,12113
12100,12116
12102,12105
12105,12113
12105,12116
12113,12116
12113,12117
12113,12128
12116,12117
12117,12128
12128,12132
12128,12133
12128,12140
12132,12133
12133,12140
12133,12141
12133,12142
12133,12145
12140,12141
12140,12142
12140,12145
12140,12147
12141,12142
12141,12145
12141,12147
12142,12145
12142,12147
12142,12148
12145,12147
12145,12148
12145,12149
12145,12151
12147,12148
12148,12149
12148,12151
12148,12154
12149,12151
12149,12154
12149,12155
12151,12154
12154,12155
12154,12160
12155,12160
12160,12173
12160,12174
12173,12174
12173,12178
12173,12189
12173,12192
12174,12178
12174,12189
12174,12192
12178,12189
12189,12192
12189,12194
12189,12197
12192,12194
12192,12197
12192,12198
12194,12197
12194,12198
12194,12200
12194,12202
12194,12206
12194,12210
12194,12216
12197,12198
12197,12200
12197,12202
12198,12200
12198,12202
12198,12206
12200,12202
12202,12206
12202,12210
12202,12216
12202,12219
12202,12222
12206,12210
12206,12216
12206,12219
12210,12216
12210,12219
12216,12219
12219,12222
12222,12225
12222,12226
12222,12255
12222,12256
12225,12226
12226,12255
12255,12256
12255,12261
12256,12261
12261,12269
12261,12279
12261,12280
12261,12285
12269,12279
12269,12280
12279,12280
12279,12285
12280,12285
12280,12288
12280,12302
12285,12288
12285,12302
12288,12302
12302,12311
12302,12313
12302,12314
12311,12313
12311,12314
12313,12314
12314,12316
12316,12319
12319,12324
12319,12333
12319,12339
12319,12341
12324,12333
12333,12339
12333,12341
12333,12342
12333,12348
12333,12350
12339,12341
12339,12342
12339,12348
12341,12342
12342,12348
12348,12350
12348,12352
12350,12352
12350,12353
12352,12353
12353,12355
12355,12366
12355,12369
12355,12374
12366,12369
12366,12374
12366,12377
12366,12378
12369,12374
12374,12377
12377,12378
12377,12380
12377,12381
12378,12380
12380,12381
12381,12389
12389,12398
12398,12410
12410,12412
12412,12417
12412,12420
12412,12427
12412,12430
12417,12420
12417,12427
12417,12430
12420,12427
12427,12430
12427,12432
12427,12433
12430,12432
12430,12433
12430,12437
12430,12451
12432,12433
12433,12437
12437,12451
12451,12452
12451,12465
12451,12468
12451,12471
12452,12465
12465,12468
12468,12471
12468,12480
12468,12483
12471,12480
12471,12483
12471,12488
12471,12489
12471,12490
12480,12483
12483,12488
12488,12489
12488,12490
12488,12491
12489,12490
12489,12491
12489,12493
12489,12503
12489,12513
12490,12491
12490,12493
12490,12503
12491,12493
12493,12503
12493,12513
12493,12514
12503,12513
12513,12514
12514,12515
12514,12532
12515,12532
12515,12535
12515,12549
12532,12535
12535,12549
12549,12555
12555,12558
12555,12559
12558,12559
12559,12563
12563,12573
12573,12575
12575,12581
12575,12589
12581,12589
12581,12592
12581,12598
12581,12615
12589,12592
12589,12598
12592,12598
12592,12615
12598,12615
12598,12616
12598,12617
12598,12626
12598,12631
12598,12639
12598,12641
12615,12616
12616,12617
12617,12626
12617,12631
12626,12631
12631,12639
12631,12641
12639,12641
12639,12646
12639,12649
12639,12654
12639,12664
12641,12646
12641,12649
12641,12654
12646,12649
12649,12654
12649,12664
12654,12664
12654,12666
12654,12671
12654,12672
12664,12666
12666,12671
12666,12672
12671,12672
12671,12680
12671,12687
12672,12680
12680,12687
12687,12688
12687,12690
12687,12693
12687,12694
12687,12695
12687,12696
12688,12690
12690,12693
12693,12694
12694,12695
12695,12696
12696,12699
12699,12710
12710,12711
12710,12717
12710,12718
12710,12721
12710,12726
12710,12727
12711,12717
12717,12718
12717,12721
12717,12726
12717,12727
12718,12721
12721,12726
12721,12727
12726,12727
12726,12734
12726,12736
12727,12734
12734,12736
12736,12737
12737,12742
12737,12761
12737,12766
12742,12761
12761,12766
12761,12775
12761,12778
12766,12775
12766,12778
12766,12780
12766,12787
12775,12778
12775,12780
12775,12787
12778,12780
12780,12787
12787,12790
12790,12795
12790,12797
12795,12797
12797,12805
12805,12807
12807,12808
12808,12809
12809,12811
12811,12832
12811,12835
12811,12837
12811,12840
12811,12848
12832,12835
12835,12837
12835,12840
12837,12840
12837,12848
12837,12867
12840,12848
12848,12867
12867,12870
12870,12872
12872,12873
12873,12876
12876,12877
12876,12878
12876,12880
12876,12882
12877,12878
12878,12880
12878,12882
12878,12885
12880,12882
12882,12885
12885,12886
12885,12892
12886,12892
12892,12893
12892,12915
12892,12916
12892,12917
12893,12915
12915,12916
12915,12917
12915,12923
12915,12925
12915,12930
12915,12933
12915,12935
12916,12917
12917,12923
12917,12925
12917,12930
12917,12933
12923,12925
12923,12930
12923,12933
12925,12930
12930,12933
12933,12935
12933,12943
12933,12955
12933,12961
12935,12943
12935,12955
12943,12955
12943,12961
12943,12967
12955,12961
12955,12967
12961,12967
12967,12973
12967,12974
12973,12974
12973,12975
12974,12975
12974,12981
12974,12983
12974,12986
12974,12988
12975,12981
12975,12983
12981,12983
12981,12986
12981,12988
12983,12986
12983,12988
12983,12994
12983,13001
12986,12988
12986,12994
12988,12994
12988,13001
12994,13001
13001,13008
13008,13013
13013,13014
13014,13016
13014,13017
13014,13018
13016,13017
13017,13018
13017,13022
13017,13027
13018,13022
13022,13027
13022,13030
13022,13033
13022,13034
13022,13038
13022,13039
13027,13030
13030,13033
13033,13034
13033,13038
13033,13039
13033,13040
13033,13041
13034,13038
13038,13039
13039,13040
13039,13041
13040,13041
13041,13044
13041,13051
13041,13056
13041,13061
13044,13051
13051,13056
13056,13061
13061,13063
13061,13064
13063,13064
13063,13079
13064,13079
13064,13092
13079,13092
13092,13112
13092,13124
13092,13137
13092,13144
13112,13124
13112,13137
13124,13137
13137,13144
13144,13151
13151,13155
13151,13156
13151,13160
13151,13166
13155,13156
13156,13160
13156,13166
13160,13166
13160,13167
13160,13168
13160,13169
13166,13167
13166,13168
13167,13168
13168,13169
13168,13176
13168,13184
13169,13176
13176,13184
13176,13186
13184,13186
13184,13187
13186,13187
13187,13190
13187,13194
13187,13197
13190,13194
13194,13197
13197,13200
13197,13204
13200,13204
13204,13208
13208,13211
13211,13216
13216,13220
13220,13227
13220,13235
13220,13266
13220,13270
13227,13235
13235,13266
13235,13270
13266,13270
13270,13273
13273,13280
13280,13282
13280,13287
13280,13290
13282,13287
13282,13290
13282,13297
13282,13301
13282,13310
13282,13313
13287,13290
13287,13297
13290,13297
13297,13301
13301,13310
13301,13313
13301,13315
13310,13313
13310,13315
13310,13320
13310,13323
13310,13325
13310,13328
13313,13315
13313,13320
13315,13320
13320,13323
13323,13325
13323,13328
13325,13328
13328,13333
13333,13338
13338,13346
13346,13347
13346,13348
13347,13348
13347,13358
13347,13361
13347,13362
13348,13358
13348,13361
13358,13361
13358,13362
13361,13362
13362,13365
13362,13371
13365,13371
13365,13377
13371,13377
13377,13378
13377,13381
13377,13382
13378,13381
13381,13382
13381,13383
13381,13385
13381,13388
13382,13383
13383,13385
13383,13388
13385,13388
13385,13396
13388,13396
13388,13399
13396,13399
13399,13402
13399,13412
13399,13426
13402,13412
13402,13426
13402,13434
13402,13439
13412,13426
13426,13434
13426,13439
13426,13441
13426,13443
13434,13439
13434,13441
13434,13443
13439,13441
13439,13443
13441,13443
13443,13445
13443,13448
13445,13448
13448,13459
13448,13460
13459,13460
13459,13465
13460,13465
13465,13467
13467,13476
13476,13479
13479,13482
13482,13484
13484,13486
13484,13496
13484,13523
13484,13529
13484,13530
13484,13531
13486,13496
13496,13523
13496,13529
13496,13530
13496,13531
13523,13529
13523,13530
13529,13530
13530,13531
13531,13533
13533,13535
13535,13536
13535,13537
13535,13540
13535,13543
13536,13537
13537,13540
13537,13543
13540,13543
13543,13544
13543,13548
13543,13553
13543,13556
13544,13548
13544,13553
13548,13553
13553,13556
13556,13557
13557,13561
13557,13570
13561,13570
13561,13571
13570,13571
13571,13576
13571,13581
13576,13581
13581,13583
13581,13598
13581,13599
13581,13603
13583,13598
13583,13599
13583,13603
13598,13599
13598,13603
13598,13605
13598,13609
13598,13613
13599,13603
13599,13605
13599,13609
13603,13605
13603,13609
13603,13613
13605,13609
13605,13613
13605,13615
13609,13613
13613,13615
13613,13617
13615,13617
13615,13621
13615,13626
13615,13630
13617,13621
13621,13626
13621,13630
13621,13636
13621,13655
13621,13656
13626,13630
13626,13636
13626,13655
13630,13636
13636,13655
13636,13656
13636,13658
13636,13681
13655,13656
13655,13658
13656,13658
13656,13681
13658,13681
13681,13683
13681,13686
13681,13689
13683,13686
13683,13689
13683,13691
13683,13695
13686,13689
13686,13691
13686,13695
13686,13696
13689,13691
13689,13695
13691,13695
13695,13696
13696,13700
13700,13703
13703,13704
13703,13708
13703,13709
13703,13714
13704,13708
13708,13709
13708,13714
13708,13734
13709,13714
13714,13734
13734,13737
13737,13742
13737,13749
13742,13749
13742,13759
13742,13760
13742,13771
13742,13776
13749,13759
13759,13760
13759,13771
13759,13776
13760,13771
13771,13776
13771,13789
13776,13789
13789,13794
13794,13795
13795,13797
13797,13799
13799,13801
13801,13802
13801,13804
13801,13805
13801,13806
13801,13807
13801,13813
13802,13804
13802,13805
13802,13806
13802,13807
13804,13805
13804,13806
13804,13807
13804,13813
13805,13806
13805,13807
13805,13813
13805,13815
13806,13807
13806,13813
13806,13815
13806,13821
13806,13825
13807,13813
13813,13815
13815,13821
13821,13825
13825,13826
13826,13831
13826,13836
13826,13848
13826,13850
13831,13836
13831,13848
13831,13850
13831,13859
13836,13848
13848,13850
13850,13859
13850,13863
13850,13871
13850,13877
13850,13884
13859,13863
13863,13871
13871,13877
13871,13884
13871,13887
13871,13888
13877,13884
13877,13887
13884,13887
13884,13888
13884,13893
13884,13894
13884,13896
13887,13888
13887,13893
13888,13893
13888,13894
13893,13894
13894,13896
13896,13898
13896,13903
13896,13907
13898,13903
13903,13907
13907,13910
13910,13913
13913,13914
13914,13916
13914,13928
13914,13929
13914,13933
13916,13928
13916,13929
13916,13933
13916,13942
13916,13944
13928,13929
13928,13933
13928,13942
13929,13933
13929,13942
13933,13942
13933,13944
13942,13944
13944,13949
13944,13958
13949,13958
13958,13964
13964,13974
13974,13982
13974,13986
13974,13991
13982,13986
13986,13991
13986,13994
13991,13994
13994,13995
13994,14007
13994,14008
13994,14010
13995,14007
13995,14008
13995,14010
13995,14011
13995,14015
14007,14008
14007,14010
14008,14010
14008,14011
14008,14015
14010,14011
14010,14015
14010,14019
14011,14015
14011,14019
14011,14023
14015,14019
14015,14023
14019,14023
14019,14028
14019,14035
14019,14036
14023,14028
14028,14035
14035,14036
14036,14048
14036,14051
14036,14059
14036,14060
14048,14051
14048,14059
14048,14060
14048,14061
14048,14070
14051,14059
14059,14060
14060,14061
14060,14070
14060,14074
14060,14077
14060,14079
14061,14070
14061,14074
14070,14074
14074,14077
14077,14079
14079,14088
14088,14089
14089,14094
14089,14098
14094,14098
14098,14099
14098,14105
14098,14108
14099,14105
14099,14108
14099,14117
14105,14108
14108,14117
14108,14125
14108,14138
14108,14142
14117,14125
14117,14138
14125,14138
14138,14142
14138,14145
14142,14145
14142,14147
14142,14154
14145,14147
14147,14154
14154,14159
14159,14161
14161,14163
14163,14166
14163,14169
14163,14170
14163,14181
14166,14169
14169,14170
14170,14181
14170,14182
14170,14190
14181,14182
14181,14190
14181,14192
14182,14190
14182,14192
14182,14195
14190,14192
14190,14195
14192,14195
14195,14198
14195,14202
14195,14206
14195,14216
14198,14202
14198,14206
14198,14216
14198,14220
14202,14206
14206,14216
14206,14220
14206,14221
14206,14229
14206,14233
14216,14220
14216,14221
14220,14221
14221,14229
14229,14233
14233,14241
14233,14245
14233,14246
14241,14245
14245,14246
14245,14247
14246,14247
14246,14259
14247,14259
14247,14263
14247,14264
14247,14266
14247,14267
14259,14263
14259,14264
14263,14264
14264,14266
14266,14267
14267,14269
14267,14270
14267,14278
14269,14270
14269,14278
14269,14279
14269,14280
14269,14283
14269,14287
14270,14278
14278,14279
14278,14280
14278,14283
14279,14280
14280,14283
14283,14287
14287,14289
14287,14290
14287,14291
14287,14292
14289,14290
14290,14291
14290,14292
14291,14292
14292,14295
14292,14296
14295,14296
14296,14297
14296,14306
14297,14306
14306,14310
14310,14311
14310,14314
14310,14319
14311,14314
14314,14319
14319,14328
14319,14333
14328,14333
14333,14338
14338,14343
14338,14350
14343,14350
14343,14351
14343,14352
14343,14359
14343,14367
14343,14370
14350,14351
14351,14352
14351,14359
14351,14367
14351,14370
14351,14373
14351,14376
14351,14377
14352,14359
14359,14367
14367,14370
14367,14373
14370,14373
14373,14376
14376,14377
14377,14383
14383,14392
14392,14396
14392,14411
14392,14416
14392,14417
14392,14422
14396,14411
14411,14416
14416,14417
14417,14422
14417,14428
14422,14428
14428,14436
14436,14437
14437,14440
14437,14441
14440,14441
14441,14445
14445,14456
14456,14465
14465,14470
14465,14476
14465,14480
14470,14476
14476,14480
14476,14482
14476,14492
14480,14482
14480,14492
14480,14500
14482,14492
14492,14500
14500,14510
14510,14512
14510,14514
14510,14518
14512,14514
14512,14518
14512,14523
14512,14524
14514,14518
14518,14523
14518,14524
14523,14524
14524,14529
14529,14533
14533,14539
14539,14540
14539,14544
14539,14550
14539,14553
14539,14554
14540,14544
14544,14550
14544,14553
14550,14553
14550,14554
14553,14554
14554,14555
14555,14557
14557,14572
14557,14577
14572,14577
14577,14582
14582,14588
14582,14589
14588,14589
14589,14590
14589,14592
14589,14599
14590,14592
14592,14599
14599,14603
14603,14604
14603,14605
14604,14605
14604,14607
14604,14618
14605,14607
14607,14618
14607,14619
14607,14623
14607,14629
14618,14619
14618,14623
14618,14629
14619,14623
14623,14629
14623,14632
14623,14638
14623,14639
14629,14632
14632,14638
14638,14639
14638,14642
14638,14651
14638,14654
14639,14642
14642,14651
14642,14654
14651,14654
14651,14659
14651,14661
14654,14659
14654,14661
14659,14661
14661,14662
14662,14665
14665,14672
14672,14673
14673,14677
14673,14678
14677,14678
14677,14686
14678,14686
14686,14689
14686,14695
14686,14699
14689,14695
14695,14699
14695,14702
14695,14705
14699,14702
14702,14705
14705,14708
14708,14712
14712,14717
14717,14719
14719,14722
14719,14725
14719,14726
14719,14727
14719,14730
14722,14725
14725,14726
14726,14727
14726,14730
14726,14739
14727,14730
14727,14739
14730,14739
14730,14741
14739,14741
14739,14742
14739,14745
14739,14752
14741,14742
14742,14745
14745,14752
14745,14756
14745,14771
14745,14772
14752,14756
14756,14771
14771,14772
14772,14777
14777,14779
14777,14780
14779,14780
14779,14785
14780,14785
14785,14789
14785,14790
14789,14790
14789,14793
14790,14793
14793,14812
14812,14816
14816,14821
14816,14823
14821,14823
14821,14830
14821,14833
14823,14830
14823,14833
14823,14835
14830,14833
14830,14835
14830,14836
14833,14835
14835,14836
14836,14837
14836,14840
14836,14843
14837,14840
14837,14843
14837,14844
14837,14847
14837,14852
14837,14865
14840,14843
14843,14844
14843,14847
14843,14852
14843,14865
14844,14847
14847,14852
14847,14865
14852,14865
14852,14866
14865,14866
14865,14867
14865,14871
14866,14867
14866,14871
14866,14891
14866,14897
14867,14871
14867,14891
14871,14891
14891,14897
14891,14898
14897,14898
14898,14900
14898,14902
14900,14902
14902,14904
14902,14906
14904,14906
14904,14908
14904,14920
14906,14908
14908,14920
14908,14921
14920,14921
14920,14926
14920,14936
14921,14926
14926,14936
14936,14939
14939,14951
14939,14961
14951,14961
14961,14967
14961,14969
14967,14969
14969,14970
14969,14980
14970,14980
14980,14984
14980,14991
14984,14991
14991,14993
14993,14996
14993,15000
14993,15011
14993,15016
14993,15019
14996,15000
14996,15011
14996,15016
14996,15019
15000,15011
15000,15016
15000,15019
15000,15020
15011,15016
15016,15019
15019,15020
15019,15025
15019,15028
15020,15025
15025,15028
15028,15048
15028,15059
15028,15061
15028,15062
15048,15059
15059,15061
15059,15062
15059,15064
15059,15071
15059,15079
15059,15083
15059,15087
15061,15062
15061,15064
15061,15071
15061,15079
15061,15083
15062,15064
15062,15071
15064,15071
15064,15079
15071,15079
15079,15083
15083,15087
15083,15089
15087,15089
15087,15104
15087,15108
15089,15104
15089,15108
15104,15108
15104,15115
15108,15115
15115,15116
15116,15117
15116,15121
15116,15122
15116,15127
15117,15121
15117,15122
15117,15127
15121,15122
15121,15127
15121,15134
15122,15127
15127,15134
15127,15135
15127,15136
15134,15135
15135,15136
15135,15137
15135,15140
15135,15142
15135,15158
15136,15137
15136,15140
15136,15142
15137,15140
15137,15142
15140,15142
15140,15158
15140,15160
15140,15171
15140,15173
15142,15158
15158,15160
15158,15171
15160,15171
15171,15173
15173,15174
15174,15180
15174,15182
15180,15182
15180,15184
15180,15185
15180,15223
15180,15227
15180,15236
15182,15184
15184,15185
15185,15223
15223,15227
15223,15236
15223,15238
15223,15243
15227,15236
15236,15238
15238,15243
15243,15248
15243,15263
15243,15267
15248,15263
15248,15267
15248,15270
15248,15278
15263,15267
15263,15270
15263,15278
15267,15270
15270,15278
15270,15279
15270,15283
15278,15279
15278,15283
15279,15283
15279,15296
15283,15296
15283,15306
15296,15306
15306,15311
15306,15313
15311,15313
15313,15316
15316,15338
15316,15340
15316,15347
15316,15352
15338,15340
15338,15347
15340,15347
15340,15352
15340,15355
15340,15356
15340,15357
15347,15352
15347,15355
15347,15356
15347,15357
15347,15369
15347,15381
15347,15388
15352,15355
15352,15356
15355,15356
15356,15357
15356,15369
15357,15369
15369,15381
15381,15388
15388,15395
15395,15419
15395,15420
15395,15423
15395,15429
15395,15435
15395,15437
15419,15420
15420,15423
15423,15429
15423,15435
15423,15437
15429,15435
15429,15437
15429,15440
15429,15441
15435,15437
15435,15440
15435,15441
15437,15440
15437,15441
15440,15441
15440,15444
15440,15452
15440,15456
15440,15471
15440,15472
15441,15444
15441,15452
15441,15456
15441,15471
15444,15452
15444,15456
15452,15456
15452,15471
15452,15472
15456,15471
15456,15472
15456,15481
15471,15472
15472,15481
15472,15485
15481,15485
15481,15486
15481,15498
15485,15486
15486,15498
15486,15502
15486,15505
15486,15507
15498,15502
15498,15505
15502,15505
15502,15507
15502,15515
15502,15546
15505,15507
15507,15515
15507,15546
15515,15546
15515,15547
15515,15552
15515,15561
15515,15565
15546,15547
15546,15552
15546,15561
15547,15552
15552,15561
15561,15565
15565,15567
15565,15569
15567,15569
15569,15571
15571,15580
15571,15585
15571,15586
15580,15585
15580,15586
15585,15586
15585,15587
15585,15595
15586,15587
15586,15595
15586,15599
15586,15602
15586,15605
15587,15595
15587,15599
15587,15602
15595,15599
15595,15602
15595,15605
15599,15602
15599,15605
15602,15605
15602,15619
15602,15621
15602,15624
15602,15625
15605,15619
15619,15621
15621,15624
15624,15625
15625,15631
15631,15635
15631,15640
15631,15649
15631,15656
15631,15660
15631,15663
15635,15640
15640,15649
15640,15656
15640,15660
15640,15663
15649,15656
15649,15660
15649,15663
15656,15660
15660,15663
15660,15669
15660,15705
15660,15706
15660,15715
15660,15723
15660,15727
15663,15669
15663,15705
15663,15706
15663,15715
15669,15705
15705,15706
15705,15715
15706,15715
15706,15723
15706,15727
15706,15732
15706,15734
15715,15723
15723,15727
15727,15732
15732,15734
15734,15741
15741,15744
15744,15751
15744,15757
15751,15757
15751,15763
15751,15766
15751,15767
15757,15763
15763,15766
15763,15767
15766,15767
15767,15774
15767,15775
15767,15776
15774,15775
15775,15776
15775,15793
15776,15793
15793,15798
15793,15819
15798,15819
15819,15820
15820,15821
15820,15823
15820,15825
15820,15837
15821,15823
15823,15825
15825,15837
15825,15839
15825,15844
15837,15839
15839,15844
15839,15851
15839,15874
15839,15876
15839,15883
15844,15851
15844,15874
15851,15874
15874,15876
15874,15883
15874,15884
15876,15883
15876,15884
15883,15884
15883,15887
15884,15887
15887,15888
15887,15892
15887,15895
15888,15892
15892,15895
15895,15901
15895,15903
15895,15905
15895,15910
15895,15916
15901,15903
15901,15905
15901,15910
15901,15916
15903,15905
15903,15910
15903,15916
15905,15910
15905,15916
15910,15916
15910,15922
15916,15922
15922,15923
15922,15925
15923,15925
15923,15945
15923,15949
15923,15956
15925,15945
15925,15949
15925,15956
15945,15949
15945,15956
15949,15956
15956,15962
15962,15964
15962,15967
15962,15968
15962,15971
15964,15967
15964,15968
15967,15968
15968,15971
15971,15974
15974,15975
15974,15980
15974,15982
15975,15980
15980,15982
15980,15986
15980,15988
15982,15986
15982,15988
15982,15989
15982,15993
15986,15988
15988,15989
15988,15993
15989,15993
15989,15995
15989,16002
15993,15995
15995,16002
15995,16003
16002,16003
16003,16011
16003,16019
16003,16028
16011,16019
16011,16028
16011,16029
16011,16030
16011,16032
16019,16028
16028,16029
16029,16030
16030,16032
16032,16035
16035,16039
16035,16043
16039,16043
16039,16055
16043,16055
16043,16056
16043,16057
16055,16056
16055,16057
16055,16065
16056,16057
16056,16065
16057,16065
16065,16067
16067,16071
16067,16072
16067,16074
16067,16084
16071,16072
16072,16074
16072,16084
16074,16084
16074,16091
16074,16095
16084,16091
16091,16095
16091,16096
16095,16096
16096,16097
16096,16098
16096,16105
16097,16098
16098,16105
16098,16106
16098,16110
16105,16106
16106,16110
16110,16115
16115,16121
16121,16123
16123,16129
16123,16130
16123,16141
16129,16130
16129,16141
16129,16145
16129,16159
16130,16141
16130,16145
16130,16159
16130,16160
16141,16145
16141,16159
16141,16160
16141,16164
16145,16159
16159,16160
16160,16164
16160,16174
16164,16174
16164,16176
16164,16187
16174,16176
16176,16187
16187,16188
16187,16194
16188,16194
16188,16201
16194,16201
16201,16209
16209,16212
16212,16215
16215,16231
16215,16234
16231,16234
16234,16236
16236,16237
16237,16241
16241,16245
16245,16247
16245,16248
16247,16248
16247,16251
16247,16253
16248,16251
16251,16253
16253,16254
16253,16263
16253,16265
16254,16263
16263,16265
16265,16267
16267,16269
16269,16270
16269,16273
16270,16273
16273,16279
16273,16290
16273,16293
16279,16290
16279,16293
16279,16296
16279,16299
16279,16303
16290,16293
16290,16296
16293,16296
16296,16299
16296,16303
16296,16308
16299,16303
16303,16308
16308,16315
16315,16321
16321,16322
16321,16323
16321,16328
16321,16332
16322,16323
16322,16328
16322,16332
16323,16328
16323,16332
16323,16351
16328,16332
16332,16351
16332,16361
16351,16361
16351,16363
16351,16364
16351,16365
16361,16363
16361,16364
16361,16365
16363,16364
16364,16365
16365,16375
16365,16378
16365,16380
16375,16378
16378,16380
16380,16386
16386,16388
16386,16403
16388,16403
16403,16406
16403,16411
16403,16413
16406,16411
16411,16413
16413,16414
16414,16416
16416,16421
16416,16427
16416,16428
16421,16427
16427,16428
16427,16438
16428,16438
16428,16453
16428,16459
16438,16453
16453,16459
16453,16476
16459,16476
16459,16479
16459,16483
16459,16497
16459,16501
16476,16479
16479,16483
16479,16497
16479,16501
16483,16497
16483,16501
16497,16501
16497,16505
16497,16509
16501,16505
16505,16509
16509,16513
16513,16515
16515,16516
16515,16521
16515,16532
16516,16521
16516,16532
16521,16532
16521,16533
16521,16538
16521,16543
16532,16533
16533,16538
16538,16543
16543,16547
16543,16552
16547,16552
16552,16556
16552,16557
16552,16567
16556,16557
16557,16567
16567,16578
16567,16583
16567,16585
16578,16583
16578,16585
16578,16594
16583,16585
16585,16594
16594,16603
16603,16607
16603,16610
16607,16610
16607,16611
16607,16618
16607,16619
16607,16624
16610,16611
16611,16618
16611,16619
16611,16624
16611,16626
16611,16629
16618,16619
16619,16624
16619,16626
16619,16629
16619,16630
16619,16631
16624,16626
16624,16629
16624,16630
16626,16629
16629,16630
16629,16631
16630,16631
16630,16632
16631,16632
16632,16643
16643,16647
16647,16649
16647,16650
16647,16661
16647,16673
16647,16681
16649,16650
16649,16661
16650,16661
16661,16673
16673,16681
16673,16684
16681,16684
16681,16691
16684,16691
16684,16696
16691,16696
16696,16697
16696,16716
16696,16717
16696,16720
16697,16716
16697,16717
16697,16720
16716,16717
16717,16720
16717,16721
16717,16725
16717,16729
16720,16721
16720,16725
16721,16725
16721,16729
16721,16735
16721,16740
16721,16741
16725,16729
16729,16735
16735,16740
16740,16741
16740,16744
16740,16745
16741,16744
16741,16745
16741,16750
16741,16754
16744,16745
16744,16750
16745,16750
16745,16754
16745,16761
16750,16754
16754,16761
16761,16764
16761,16765
16761,16767
16764,16765
16765,16767
16767,16768
16768,16775
16775,16776
16776,16778
16776,16783
16776,16787
16778,16783
16778,16787
16783,16787
16783,16788
16783,16794
16787,16788
16787,16794
16787,16801
16787,16813
16787,16828
16788,16794
16788,16801
16788,16813
16788,16828
16788,16829
16788,16835
16794,16801
16801,16813
16801,16828
16813,16828
16813,16829
16813,16835
16813,16836
16813,16844
16828,16829
16828,16835
16828,16836
16828,16844
16828,16846
16829,16835
16835,16836
16836,16844
16836,16846
16844,16846
16846,16847
16846,16857
16846,16858
16847,16857
16847,16858
16847,16859
16847,16866
16857,16858
16857,16859
16858,16859
16858,16866
16859,16866
16866,16870
16866,16873
16866,16878
16870,16873
16873,16878
16878,16885
16878,16896
16878,16903
16878,16905
16885,16896
16885,16903
16896,16903
16903,16905
16905,16907
16905,16909
16907,16909
16907,16911
16907,16913
16909,16911
16911,16913
16911,16923
16911,16934
16911,16935
16913,16923
16923,16934
16934,16935
16935,16936
16936,16945
16936,16948
16936,16950
16936,16957
16936,16959
16945,16948
16945,16950
16945,16957
16948,16950
16950,16957
16950,16959
16957,16959
16959,16966
16959,16969
16959,16983
16966,16969
16966,16983
16966,16986
16969,16983
16983,16986
16986,17008
17008,17015
17015,17023
17023,17028
17028,17032
17028,17034
17028,17037
17032,17034
17034,17037
17037,17041
17037,17044
17041,17044
17044,17046
17046,17047
17046,17057
17046,17060
17046,17073
17047,17057
17057,17060
17060,17073
17060,17078
17060,17080
17060,17089
17060,17104
17073,17078
17073,17080
17073,17089
17073,17104
17078,17080
17078,17089
17078,17104
17078,17111
17080,17089
17080,17104
17080,17111
17080,17112
17089,17104
17089,17111
17089,17112
17089,17113
17104,17111
17111,17112
17111,17113
17112,17113
17113,17114
17113,17117
17114,17117
17117,17122
17122,17151
17122,17154
17122,17160
17151,17154
17154,17160
17160,17163
17163,17176
17176,17180
17176,17187
17180,17187
17187,17191
17191,17192
17191,17199
17192,17199
17192,17206
17192,17214
17199,17206
17199,17214
17199,17216
17199,17220
17199,17225
17199,17226
17206,17214
17206,17216
17214,17216
17214,17220
17214,17225
17216,17220
17216,17225
17216,17226
17220,17225
17225,17226
17226,17228
17228,17234
17228,17237
17234,17237
17237,17243
17237,17254
17237,17256
17243,17254
17254,17256
17254,17264
17256,17264
17264,17266
17266,17269
17269,17275
17269,17281
17269,17293
17275,17281
17281,17293
17281,17298
17281,17303
17293,17298
17293,17303
17293,17313
17298,17303
17303,17313
17303,17318
17303,17325
17313,17318
17318,17325
17318,17326
17318,17330
17325,17326
17326,17330
17330,17332
17332,17336
17336,17348
17336,17358
17348,17358
17358,17364
17364,17373
17373,17376
17373,17377
17376,17377
17376,17383
17376,17385
17377,17383
17377,17385
17383,17385
17383,17399
17383,17401
17385,17399
17385,17401
17399,17401
17399,17402
17401,17402
17401,17403
17402,17403
17403,17410
17403,17413
17403,17418
17410,17413
17413,17418
17413,17423
17413,17430
17413,17432
17418,17423
17423,17430
17423,17432
17423,17433
17430,17432
17432,17433
17433,17438
17438,17444
17444,17451
17451,17452
17451,17454
17451,17460
17452,17454
17454,17460
17460,17476
17476,17477
17476,17480
17477,17480
17480,17484
17480,17495
17480,17505
17484,17495
17484,17505
17484,17510
17484,17514
17495,17505
17505,17510
17505,17514
17510,17514
17514,17516
17514,17519
17516,17519
17519,17533
17533,17542
17542,17543
17543,17551
17543,17553
17543,17554
17551,17553
17553,17554
17554,17556
17556,17580
17580,17582
17580,17589
17582,17589
17589,17595
17595,17598
17595,17601
17598,17601
17601,17603
17603,17606
17603,17607
17603,17612
17606,17607
17606,17612
17606,17621
17607,17612
17607,17621
17612,17621
17612,17623
17612,17627
17621,17623
17621,17627
17623,17627
17627,17632
17627,17637
17632,17637
17637,17646
17637,17651
17637,17652
17637,17653
17637,17661
17646,17651
17651,17652
17652,17653
17652,17661
17653,17661
17661,17664
17661,17670
17661,17675
17661,17678
17664,17670
17670,17675
17670,17678
17670,17684
17670,17685
17675,17678
17675,17684
17678,17684
17684,17685
17685,17686
17685,17688
17685,17708
17686,17688
17686,17708
17688,17708
17688,17714
17688,17727
17688,17731
17688,17737
17708,17714
17708,17727
17714,17727
17714,17731
17714,17737
17714,17747
17714,17761
17727,17731
17727,17737
17727,17747
17727,17761
17727,17763
17727,17769
17731,17737
17731,17747
17731,17761
17737,17747
17737,17761
17737,17763
17737,17769
17737,17773
17747,17761
17761,17763
17763,17769
17769,17773
17773,17775
17773,17778
17775,17778
17778,17779
17779,17782
17782,17786
17786,17789
17786,17790
17789,17790
17789,17792
17790,17792
17790,17796
17790,17798
17792,17796
17792,17798
17792,17799
17792,17801
17796,17798
17798,17799
17799,17801
17799,17803
17799,17804
17799,17818
17801,17803
17803,17804
17804,17818
17818,17832
17818,17848
17818,17850
17818,17851
17818,17866
17832,17848
17848,17850
17850,17851
17850,17866
17850,17870
17850,17875
17851,17866
17866,17870
17870,17875
17870,17882
17875,17882
17882,17885
17882,17887
17882,17889
17882,17892
17885,17887
17887,17889
17889,17892
17889,17905
17889,17906
17892,17905
17905,17906
17905,17925
17906,17925
17906,17929
17906,17932
17906,17933
17925,17929
17929,17932
17932,17933
17933,17937
17937,17939
17937,17943
17939,17943
17939,17944
17939,17949
17943,17944
17943,17949
17944,17949
17944,17955
17949,17955
17955,17957
17957,17961
17957,17965
17961,17965
17961,17968
17965,17968
17968,17971
17968,17972
17968,17974
17968,17976
17971,17972
17972,17974
17972,17976
17974,17976
17974,17977
17976,17977
17977,17980
17980,17982
17980,17990
17982,17990
17990,17993
17993,17996
17993,17999
17993,18002
17996,17999
17999,18002
17999,18013
18002,18013
18013,18026
18026,18029
18029,18030
18029,18031
18029,18040
18030,18031
18030,18040
18030,18041
18030,18042
18031,18040
18031,18041
18031,18042
18040,18041
18041,18042
18042,18046
18042,18047
18042,18051
18042,18058
18042,18059
18046,18047
18046,18051
18046,18058
18047,18051
18047,18058
18047,18059
18051,18058
18051,18059
18058,18059
18059,18063
18063,18065
18065,18076
18076,18082
18076,18086
18082,18086
18086,18098
18098,18100
18100,18106
18106,18108
18106,18112
18106,18118
18106,18121
18108,18112
18112,18118
18112,18121
18112,18122
18112,18129
18118,18121
18121,18122
18121,18129
18121,18134
18122,18129
18122,18134
18129,18134
18134,18139
18139,18148
18139,18152
18139,18153
18139,18155
18139,18159
18148,18152
18148,18153
18148,18155
18152,18153
18152,18155
18153,18155
18155,18159
18155,18165
18155,18171
18155,18172
18159,18165
18165,18171
18171,18172
18171,18177
18171,18178
18171,18180
18172,18177
18177,18178
18178,18180
18180,18187
18180,18188
18180,18193
18180,18199
18180,18213
18187,18188
18187,18193
18188,18193
18193,18199
18199,18213
18213,18214
18214,18216
18214,18218
18214,18224
18216,18218
18218,18224
18224,18226
18226,18228
18226,18229
18226,18231
18228,18229
18229,18231
18229,18248
18229,18249
18229,18252
18231,18248
18248,18249
18248,18252
18248,18260
18249,18252
18252,18260
18260,18263
18263,18265
18265,18275
18265,18307
18265,18312
18275,18307
18307,18312
18307,18323
18307,18328
18312,18323
18312,18328
18312,18329
18323,18328
18323,18329
18323,18331
18323,18334
18328,18329
18328,18331
18328,18334
18328,18338
18329,18331
18329,18334
18331,18334
18331,18338
18331,18341
18334,18338
18334,18341
18334,18343
18338,18341
18341,18343
18343,18345
18343,18360
18343,18364
18345,18360
18345,18364
18345,18366
18345,18383
18360,18364
18360,18366
18360,18383
18364,18366
18364,18383
18364,18386
18364,18388
18364,18395
18364,18397
18366,18383
18383,18386
18383,18388
18383,18395
18383,18397
18386,18388
18388,18395
18395,18397
18395,18401
18397,18401
18397,18404
18397,18420
18401,18404
18401,18420
18401,18423
18401,18424
18404,18420
18404,18423
18404,18424
18420,18423
18423,18424
18423,18430
18423,18435
18424,18430
18430,18435
18430,18436
18430,18439
18435,18436
18436,18439
18436,18447
18439,18447
18447,18452
18447,18462
18447,18465
18447,18482
18452,18462
18462,18465
18462,18482
18462,18484
18465,18482
18465,18484
18482,18484
18484,18488
18488,18492
18492,18493
18493,18497
18497,18502
18497,18503
18497,18506
18497,18507
18497,18508
18497,18513
18497,18516
18502,18503
18502,18506
18503,18506
18506,18507
18506,18508
18507,18508
18507,18513
18507,18516
18507,18518
18507,18525
18508,18513
18508,18516
18508,18518
18508,18525
18508,18533
18508,18537
18508,18543
18513,18516
18513,18518
18516,18518
18516,18525
18516,18533
18518,18525
18525,18533
18533,18537
18537,18543
18543,18546
18546,18550
18550,18559
18550,18560
18559,18560
18559,18570
18560,18570
18560,18571
18560,18577
18560,18588
18560,18595
18560,18605
18560,18607
18570,18571
18571,18577
18571,18588
18571,18595
18577,18588
18577,18595
18577,18605
18588,18595
18588,18605
18588,18607
18588,18608
18588,18609
18595,18605
18605,18607
18607,18608
18608,18609
18609,18610
18609,18612
18609,18618
18610,18612
18612,18618
18618,18621
18621,18623
18621,18624
18621,18629
18621,18631
18621,18637
18623,18624
18623,18629
18623,18631
18624,18629
18624,18631
18629,18631
18631,18637
18631,18641
18631,18646
18631,18653
18637,18641
18637,18646
18641,18646
18646,18653
18646,18660
18653,18660
18660,18665
18665,18675
18675,18680
18675,18681
18675,18696
18680,18681
18681,18696
18696,18697
18697,18703
18703,18710
18710,18716
18710,18723
18710,18725
18710,18727
18710,18730
18716,18723
18723,18725
18723,18727
18725,18727
18725,18730
18725,18734
18727,18730
18730,18734
18734,18742
18742,18743
18742,18746
18743,18746
18743,18754
18743,18759
18746,18754
18746,18759
18746,18766
18754,18759
18754,18766
18754,18777
18754,18799
18754,18802
18759,18766
18759,18777
18766,18777
18777,18799
18799,18802
18802,18805
18802,18807
18802,18810
18805,18807
18807,18810
18810,18815
18810,18817
18810,18818
18815,18817
18815,18818
18815,18829
18817,18818
18818,18829
18818,18830
18818,18839
18818,18842
18818,18843
18829,18830
18829,18839
18829,18842
18830,18839
18830,18842
18839,18842
18842,18843
18842,18848
18843,18848
18848,18852
18852,18861
18861,18869
18869,18883
18869,18885
18883,18885
18883,18889
18885,18889
18885,18894
18889,18894
18894,18896
18894,18899
18896,18899
18896,18903
18896,18904
18899,18903
18903,18904
18903,18906
18904,18906
18906,18914
18914,18915
18914,18918
18915,18918
18915,18923
18918,18923
18923,18925
18923,18939
18923,18940
18923,18942
18925,18939
18939,18940
18940,18942
18942,18943
18942,18945
18942,18946
18943,18945
18945,18946
18946,18950
18946,18951
18946,18978
18950,18951
18951,18978
18978,18980
18978,18983
18980,18983
18983,18986
18986,18994
18994,18998
18994,19007
18998,19007
19007,19015
19015,19020
19015,19024
19015,19030
19015,19037
19020,19024
19024,19030
19024,19037
19030,19037
19037,19041
19041,19043
19043,19047
19047,19051
19051,19052
19051,19053
19052,19053
19053,19060
19053,19066
19053,19067
19053,19075
19053,19085
19053,19087
19060,19066
19066,19067
19067,19075
19067,19085
19067,19087
19067,19088
19075,19085
19075,19087
19075,19088
19075,19091
19075,19093
19085,19087
19087,19088
19088,19091
19091,19093
19091,19094
19091,19099
19091,19100
19091,19104
19091,19109
19093,19094
19093,19099
19093,19100
19094,19099
19099,19100
19100,19104
19104,19109
19109,19116
19109,19121
19116,19121
19116,19133
19121,19133
19133,19135
19135,19136
19136,19140
19136,19147
19140,19147
19140,19150
19140,19152
19147,19150
19147,19152
19147,19159
19150,19152
19150,19159
19152,19159
19152,19164
19159,19164
19159,19176
19159,19178
19164,19176
19176,19178
19176,19187
19178,19187
19187,19189
19187,19191
19187,19194
19187,19196
19187,19204
19187,19209
19189,19191
19189,19194
19191,19194
19191,19196
19194,19196
19196,19204
19196,19209
19196,19216
19196,19234
19204,19209
19209,19216
19209,19234
19209,19235
19216,19234
19216,19235
19234,19235
19235,19243
19243,19248
19248,19252
19252,19253
19253,19254
19254,19260
19260,19265
19260,19273
19260,19279
19260,19282
19260,19288
19260,19294
19260,19298
19265,19273
19265,19279
19265,19282
19265,19288
19265,19294
19265,19298
19273,19279
19279,19282
19282,19288
19282,19294
19282,19298
19282,19312
19282,19321
19288,19294
19294,19298
19294,19312
19294,19321
19294,19336
19298,19312
19312,19321
19312,19336
19321,19336
19336,19340
19340,19344
19344,19348
19344,19355
19344,19362
19348,19355
19355,19362
19355,19370
19362,19370
19370,19372
19370,19376
19370,19377
19372,19376
19376,19377
19376,19378
19377,19378
19378,19382
19382,19383
19383,19385
19383,19390
19383,19392
19383,19408
19383,19420
19385,19390
19390,19392
19390,19408
19390,19420
19390,19423
19390,19430
19390,19431
19390,19434
19392,19408
19408,19420
19408,19423
19408,19430
19420,19423
19423,19430
19430,19431
19431,19434
19434,19436
19434,19440
19436,19440
19440,19441
19441,19445
19445,19448
19448,19450
19450,19451
19450,19453
19450,19455
19450,19467
19450,19468
19451,19453
19453,19455
19453,19467
19455,19467
19455,19468
19467,19468
19467,19470
19468,19470
19470,19472
19470,19476
19472,19476
19472,19478
19476,19478
19476,19484
19478,19484
19478,19487
19484,19487
19487,19493
19493,19496
19493,19499
19493,19502
19496,19499
19496,19502
19499,19502
19499,19504
19499,19516
19502,19504
19502,19516
19502,19518
19502,19520
19504,19516
19516,19518
19518,19520
19520,19521
19521,19526
19521,19545
19521,19548
19521,19551
19521,19553
19526,19545
19545,19548
19548,19551
19551,19553
19551,19559
19551,19560
19551,19565
19551,19575
19553,19559
19559,19560
19559,19565
19559,19575
19559,19579
19559,19581
19560,19565
19565,19575
19575,19579
19579,19581
19579,19584
19579,19588
19579,19591
19581,19584
19584,19588
19584,19591
19584,19592
19584,19603
19588,19591
19591,19592
19592,19603
19603,19606
19603,19613
19603,19616
19606,19613
19613,19616
19613,19629
19616,19629
19616,19632
19616,19638
19629,19632
19632,19638
19638,19641
19641,19645
19645,19647
19647,19648
19648,19650
19650,19661
19661,19663
19661,19665
19663,19665
19665,19666
19665,19677
19665,19683
19665,19688
19666,19677
19677,19683
19683,19688
19688,19690
19688,19697
19688,19701
19690,19697
19690,19701
19690,19702
19690,19703
19690,19704
19697,19701
19701,19702
19702,19703
19703,19704
19704,19706
19706,19707
19706,19709
19706,19711
19706,19722
19706,19724
19706,19733
19706,19734
19707,19709
19709,19711
19709,19722
19711,19722
19722,19724
19722,19733
19724,19733
19724,19734
19733,19734
19734,19740
19734,19741
19740,19741
19741,19748
19748,19750
19748,19752
19748,19758
19748,19764
19748,19769
19750,19752
19752,19758
19758,19764
19764,19769
19769,19771
19771,19778
19778,19790
19790,19795
19795,19797
19797,19798
19797,19803
19797,19804
19798,19803
19803,19804
19803,19806
19804,19806
19806,19808
19808,19811
19811,19813
19811,19818
19811,19823
19813,19818
19818,19823
19818,19830
19823,19830
19823,19837
19830,19837
19837,19838
19837,19840
19837,19849
19837,19850
19837,19851
19838,19840
19838,19849
19840,19849
19849,19850
19849,19851
19849,19854
19850,19851
19850,19854
19850,19855
19851,19854
19854,19855
19855,19858
19858,19861
19861,19873
19861,19888
19861,19894
19873,19888
19888,19894
19888,19895
19888,19899
19894,19895
19894,19899
19894,19903
19895,19899
19895,19903
19895,19904
19895,19907
19895,19908
19895,19912
19899,19903
19903,19904
19903,19907
19904,19907
19907,19908
19908,19912
19912,19936
19936,19949
19949,19953
19953,19956
19956,19965
19956,19982
19956,19989
19965,19982
19965,19989
19965,19997
19982,19989
19989,19997
19997,19998
19997,20002
19998,20002
20002,20009
20002,20017
20009,20017
20017,20021
20017,20034
20021,20034
20021,20035
20021,20036
20034,20035
20034,20036
20035,20036
20035,20059
20035,20062
20035,20063
20036,20059
20036,20062
20059,20062
20059,20063
20062,20063
20063,20068
20068,20077
20077,20078
20077,20079
20077,20084
20077,20085
20078,20079
20079,20084
20079,20085
20079,20087
20084,20085
20084,20087
20085,20087
20087,20091
20091,20092
20092,20095
20095,20104
20104,20106
20104,20110
20106,20110
20106,20115
20106,20131
20106,20140
20110,20115
20110,20131
20115,20131
20131,20140
20140,20142
20142,20144
20144,20156
20156,20157
20157,20160
20157,20161
20157,20172
20160,20161
20160,20172
20161,20172
20172,20173
20172,20176
20173,20176
20176,20179
20179,20192
20179,20194
20192,20194
20194,20196
20196,20210
20210,20217
20217,20218
20217,20225
20217,20228
20217,20232
20218,20225
20218,20228
20218,20232
20225,20228
20228,20232
20232,20233
20233,20238
20238,20240
20240,20242
20240,20250
20240,20251
20242,20250
20250,20251
20251,20256
20251,20260
20251,20263
20251,20264
20251,20267
20256,20260
20256,20263
20256,20264
20256,20267
20256,20272
20260,20263
20263,20264
20263,20267
20263,20272
20264,20267
20264,20272
20267,20272
20272,20281
20272,20288
20281,20288
20288,20290
20288,20292
20290,20292
20292,20293
20293,20299
20299,20302
20302,20308
20302,20309
20302,20310
20308,20309
20309,20310
20309,20314
20309,20328
20310,20314
20310,20328
20314,20328
20328,20331
20328,20332
20328,20334
20328,20337
20328,20338
20331,20332
20331,20334
20331,20337
20332,20334
20334,20337
20337,20338
20337,20349
20337,20354
20337,20356
20338,20349
20338,20354
20338,20356
20338,20367
20349,20354
20349,20356
20349,20367
20349,20368
20349,20378
20354,20356
20356,20367
20356,20368
20356,20378
20356,20380
20356,20386
20356,20387
20356,20388
20356,20395
20367,20368
20367,20378
20367,20380
20368,20378
20368,20380
20368,20386
20378,20380
20380,20386
20386,20387
20386,20388
20386,20395
20386,20404
20387,20388
20388,20395
20388,20404
20395,20404
20395,20408
20395,20417
20404,20408
20408,20417
20408,20420
20417,20420
20417,20437
20417,20450
20417,20458
20420,20437
20420,20450
20437,20450
20450,20458
20450,20465
20450,20478
20458,20465
20465,20478
20478,20481
20481,20482
20482,20488
20488,20496
20488,20500
20488,20515
20496,20500
20496,20515
20496,20519
20500,20515
20515,20519
20519,20524
20519,20530
20524,20530
20524,20531
20530,20531
20531,20534
20531,20541
20531,20543
20531,20545
20531,20547
20534,20541
20534,20543
20541,20543
20543,20545
20545,20547
20547,20562
20562,20563
20563,20567
20563,20573
20563,20575
20567,20573
20567,20575
20567,20579
20567,20580
20573,20575
20573,20579
20573,20580
20575,20579
20575,20580
20579,20580
20579,20582
20579,20584
20579,20588
20580,20582
20580,20584
20580,20588
20582,20584
20584,20588
20584,20591
20588,20591
20588,20600
20588,20605
20591,20600
20600,20605
20605,20606
20605,20609
20605,20610
20606,20609
20609,20610
20609,20617
20609,20625
20609,20630
20610,20617
20610,20625
20610,20630
20610,20631
20610,20632
20617,20625
20625,20630
20630,20631
20630,20632
20631,20632
20632,20639
20632,20641
20639,20641
20641,20652
20652,20653
20652,20675
20652,20677
20653,20675
20675,20677
20677,20680
20680,20686
20686,20687
20686,20691
20686,20693
20686,20698
20687,20691
20687,20693
20687,20698
20687,20711
20687,20722
20687,20723
20691,20693
20691,20698
20691,20711
20693,20698
20693,20711
20693,20722
20698,20711
20698,20722
20698,20723
20711,20722
20722,20723
20723,20728
20723,20730
20723,20731
20723,20747
20728,20730
20730,20731
20730,20747
20731,20747
20731,20753
20731,20768
20731,20772
20747,20753
20753,20768
20768,20772
20768,20773
20768,20775
20772,20773
20773,20775
20775,20780
20780,20783
20780,20789
20780,20793
20780,20796
20780,20801
20783,20789
20789,20793
20789,20796
20789,20801
20793,20796
20793,20801
20793,20805
20796,20801
20801,20805
20801,20814
20805,20814
20805,20816
20805,20817
20814,20816
20814,20817
20814,20824
20816,20817
20817,20824
20817,20827
20824,20827
20824,20836
20824,20848
20827,20836
20836,20848
20836,20853
20848,20853
20853,20857
20853,20873
20853,20881
20857,20873
20857,20881
20857,20883
20857,20888
20873,20881
20873,20883
20881,20883
20883,20888
20883,20890
20883,20891
20883,20894
20883,20898
20888,20890
20888,20891
20888,20894
20888,20898
20888,20902
20890,20891
20890,20894
20891,20894
20891,20898
20894,20898
20898,20902
20898,20912
20902,20912
20912,20917
20917,20925
20925,20929
20925,20935
20925,20936
20925,20942
20925,20944
20929,20935
20935,20936
20936,20942
20936,20944
20936,20947
20936,20951
20942,20944
20942,20947
20944,20947
20947,20951
20947,20955
20947,20959
20947,20966
20951,20955
20951,20959
20951,20966
20951,20970
20955,20959
20955,20966
20955,20970
20955,20971
20955,20973
20955,20975
20959,20966
20959,20970
20966,20970
20966,20971
20970,20971
20971,20973
20971,20975
20971,20984
20973,20975
20973,20984
20973,20986
20973,20989
20975,20984
20975,20986
20975,20989
20975,20991
20975,20993
20975,20995
20984,20986
20986,20989
20986,20991
20986,20993
20986,20995
20989,20991
20991,20993
20991,20995
20991,21000
20991,21001
20991,21006
20993,20995
20993,21000
20995,21000
21000,21001
21000,21006
21000,21010
21001,21006
21006,21010
21006,21021
21010,21021
21010,21027
21010,21039
21010,21040
21010,21056
21021,21027
21027,21039
21039,21040
21040,21056
21040,21066
21040,21067
21040,21083
21056,21066
21056,21067
21066,21067
21066,21083
21066,21085
21067,21083
21067,21085
21083,21085
21083,21086
21083,21095
21083,21096
21083,21100
21085,21086
21085,21095
21086,21095
21086,21096
21095,21096
21095,21100
21096,21100
21100,21112
21100,21113
21100,21119
21112,21113
21113,21119
21113,21125
21113,21131
21113,21134
21119,21125
21119,21131
21125,21131
21125,21134
21131,21134
21131,21135
21131,21137
21131,21153
21131,21157
21131,21163
21134,21135
21135,21137
21135,21153
21137,21153
21137,21157
21137,21163
21153,21157
21153,21163
21157,21163
21157,21165
21157,21168
21157,21179
21163,21165
21163,21168
21163,21179
21163,21188
21165,21168
21165,21179
21168,21179
21179,21188
21188,21193
21193,21196
21193,21208
21193,21210
21193,21211
21196,21208
21208,21210
21210,21211
21210,21213
21210,21221
21210,21222
21211,21213
21213,21221
21213,21222
21213,21223
21213,21228
21221,21222
21222,21223
21223,21228
21228,21232
21228,21245
21228,21254
21228,21257
21232,21245
21245,21254
21254,21257
21257,21258
21258,21268
21258,21274
21258,21277
21258,21282
21268,21274
21274,21277
21277,21282
21277,21291
21277,21299
21277,21302
21277,21315
21282,21291
21291,21299
21291,21302
21291,21315
21299,21302
21299,21315
21299,21319
21299,21322
21302,21315
21315,21319
21319,21322
21322,21324
21322,21327
21322,21329
21324,21327
21324,21329
21327,21329
21329,21336
21336,21343
21336,21346
21336,21354
21336,21358
21336,21365
21343,21346
21343,21354
21346,21354
21354,21358
21354,21365
21354,21372
21358,21365
21358,21372
21358,21377
21365,21372
21372,21377
21377,21380
21380,21385
21385,21390
21390,21392
21390,21406
21390,21415
21392,21406
21392,21415
21392,21421
21406,21415
21406,21421
21406,21423
21406,21426
21406,21438
21415,21421
21415,21423
21415,21426
21415,21438
21415,21440
21415,21450
21421,21423
21421,21426
21423,21426
21426,21438
21426,21440
21426,21450
21426,21451
21438,21440
21438,21450
21438,21451
21440,21450
21450,21451
21450,21457
21451,21457
21457,21458
21457,21462
21457,21463
21458,21462
21462,21463
21463,21464
21463,21467
21464,21467
21464,21478
21464,21490
21464,21492
21464,21496
21467,21478
21478,21490
21490,21492
21492,21496
21492,21499
21492,21506
21496,21499
21496,21506
21496,21507
21496,21515
21499,21506
21506,21507
21507,21515
21515,21519
21519,21521
21519,21531
21519,21534
21519,21536
21521,21531
21521,21534
21531,21534
21531,21536
21531,21540
21531,21546
21534,21536
21534,21540
21536,21540
21536,21546
21536,21549
21540,21546
21540,21549
21546,21549
21546,21551
21546,21552
21546,21554
21549,21551
21551,21552
21551,21554
21551,21556
21551,21557
21552,21554
21554,21556
21554,21557
21554,21569
21556,21557
21557,21569
21557,21583
21557,21591
21569,21583
21583,21591
21591,21592
21591,21601
21592,21601
21601,21603
21601,21608
21601,21613
21601,21618
21603,21608
21603,21613
21603,21618
21608,21613
21613,21618
21613,21622
21618,21622
21618,21636
21622,21636
21636,21642
21642,21652
21652,21656
21652,21662
21652,21666
21652,21669
21652,21672
21656,21662
21656,21666
21656,21669
21656,21672
21662,21666
21662,21669
21662,21672
21662,21677
21666,21669
21669,21672
21672,21677
21677,21679
21679,21693
21679,21697
21693,21697
21693,21701
21697,21701
21701,21704
21704,21711
21711,21716
21716,21727
21727,21739
21727,21742
21727,21743
21727,21748
21739,21742
21739,21743
21739,21748
21739,21755
21742,21743
21743,21748
21743,21755
21743,21758
21743,21763
21748,21755
21755,21758
21758,21763
21758,21769
21763,21769
21763,21773
21769,21773
21769,21775
21769,21779
21769,21780
21769,21783
21773,21775
21773,21779
21773,21780
21773,21783
21775,21779
21779,21780
21780,21783
21783,21788
21788,21792
21788,21793
21792,21793
21793,21796
21793,21797
21793,21801
21793,21804
21796,21797
21796,21801
21796,21804
21797,21801
21797,21804
21797,21813
21797,21817
21801,21804
21804,21813
21813,21817
21817,21819
21819,21822
21819,21824
21819,21833
21822,21824
21824,21833
21824,21835
21824,21840
21833,21835
21833,21840
21835,21840
21835,21841
21835,21852
21835,21856
21835,21860
21840,21841
21840,21852
21840,21856
21841,21852
21841,21856
21841,21860
21852,21856
21856,21860
21860,21866
21866,21867
21866,21868
21867,21868
21867,21871
21868,21871
21868,21874
21871,21874
21871,21875
21871,21886
21871,21887
21874,21875
21875,21886
21875,21887
21875,21889
21886,21887
21887,21889
21887,21892
21887,21894
21889,21892
21889,21894
21892,21894
21892,21900
21894,21900
21900,21906
21900,21911
21906,21911
21911,21913
21913,21921
21913,21931
21921,21931
21931,21932
21932,21937
21937,21945
21937,21946
21937,21956
21945,21946
21945,21956
21946,21956
21946,21958
21946,21959
21946,21962
21956,21958
21956,21959
21956,21962
21956,21971
21958,21959
21958,21962
21958,21971
21958,21975
21958,21976
21959,21962
21962,21971
21962,21975
21962,21976
21971,21975
21971,21976
21975,21976
21976,21977
21977,21981
21981,21989
21981,21991
21989,21991
21991,22001
21991,22008
21991,22017
21991,22018
21991,22019
21991,22021
21991,22027
22001,22008
22001,22017
22008,22017
22008,22018
22017,22018
22018,22019
22018,22021
22018,22027
22018,22028
22018,22035
22018,22037
22019,22021
22021,22027
22021,22028
22021,22035
22027,22028
22027,22035
22028,22035
22035,22037
22035,22043
22035,22046
22035,22048
22037,22043
22043,22046
22043,22048
22043,22051
22043,22053
22046,22048
22048,22051
22051,22053
22051,22059
22051,22061
22051,22064
22051,22078
22051,22079
22051,22087
22053,22059
22059,22061
22061,22064
22064,22078
22064,22079
22064,22087
22064,22093
22064,22099
22078,22079
22079,22087
22087,22093
22093,22099
22099,22106
22106,22107
22107,22112
22107,22114
22107,22117
22107,22119
22107,22120
22112,22114
22114,22117
22114,22119
22114,22120
22114,22126
22114,22132
22117,22119
22117,22120
22117,22126
22119,22120
22119,22126
22120,22126
22126,22132
22132,22135
22135,22138
22135,22143
22135,22148
22135,22153
22135,22157
22135,22159
22138,22143
22143,22148
22148,22153
22153,22157
22153,22159
22153,22162
22157,22159
22159,22162
22162,22167
22162,22169
22162,22177
22162,22183
22167,22169
22167,22177
22167,22183
22167,22185
22169,22177
22177,22183
22183,22185
22183,22194
22185,22194
22194,22197
22194,22198
22194,22201
22197,22198
22197,22201
22197,22202
22197,22206
22198,22201
22201,22202
22202,22206
22206,22207
22207,22209
22207,22213
22207,22221
22207,22226
22207,22235
22207,22238
22209,22213
22209,22221
22213,22221
22221,22226
22221,22235
22226,22235
22235,22238
22235,22239
22238,22239
22239,22243
22239,22244
22239,22247
22239,22253
22239,22269
22243,22244
22244,22247
22247,22253
22247,22269
22247,22273
22253,22269
22269,22273
22269,22281
22273,22281
22281,22282
22282,22284
22284,22286
22286,22289
22289,22291
22291,22295
22295,22304
22304,22308
22304,22312
22308,22312
22312,22328
22312,22330
22312,22332
22328,22330
22328,22332
22328,22336
22330,22332
22330,22336
22332,22336
22332,22337
22332,22341
22336,22337
22336,22341
22337,22341
22341,22350
22350,22366
22366,22377
22377,22379
22379,22381
22381,22383
22383,22394
22383,22402
22383,22403
22383,22409
22394,22402
22394,22403
22402,22403
22403,22409
22409,22410
22410,22421
22421,22426
22421,22430
22421,22431
22421,22441
22421,22443
22421,22447
22426,22430
22430,22431
22430,22441
22430,22443
22430,22447
22430,22451
22431,22441
22431,22443
22441,22443
22441,22447
22441,22451
22443,22447
22443,22451
22443,22453
22443,22456
22443,22458
22443,22464
22447,22451
22451,22453
22451,22456
22451,22458
22453,22456
22453,22458
22456,22458
22456,22464
22456,22468
22456,22475
22458,22464
22458,22468
22458,22475
22464,22468
22468,22475
22475,22482
22482,22483
22482,22500
22483,22500
22483,22501
22500,22501
22500,22502
22500,22510
22500,22519
22501,22502
22502,22510
22510,22519
22519,22531
22519,22532
22519,22534
22519,22541
22531,22532
22532,22534
22534,22541
22541,22546
22541,22550
22541,22559
22541,22570
22541,22586
22541,22596
22546,22550
22546,22559
22550,22559
22559,22570
22570,22586
22570,22596
22570,22599
22586,22596
22586,22599
22586,22606
22596,22599
22599,22606
22606,22607
22607,22609
22607,22614
22607,22617
22609,22614
22614,22617
22617,22619
22619,22622
22619,22623
22622,22623
22622,22625
22623,22625
22625,22631
22625,22633
22625,22634
22631,22633
22633,22634
22633,22645
22634,22645
22645,22647
22645,22649
22647,22649
22647,22651
22649,22651
22649,22655
22649,22657
22649,22665
22649,22669
22651,22655
22651,22657
22651,22665
22651,22669
22655,22657
22655,22665
22657,22665
22657,22669
22665,22669
22665,22673
22669,22673
22673,22676
22673,22677
22673,22679
22676,22677
22676,22679
22676,22685
22676,22688
22677,22679
22677,22685
22677,22688
22677,22693
22677,22703
22677,22708
22679,22685
22685,22688
22688,22693
22693,22703
22693,22708
22703,22708
22703,22713
22703,22714
22703,22721
22708,22713
22708,22714
22708,22721
22713,22714
22714,22721
22714,22722
22721,22722
22722,22723
22722,22725
22722,22731
22723,22725
22723,22731
22723,22735
22725,22731
22731,22735
22731,22738
22735,22738
22738,22740
22738,22743
22738,22747
22738,22749
22740,22743
22743,22747
22747,22749
22747,22751
22747,22752
22747,22753
22747,22755
22749,22751
22751,22752
22752,22753
22753,22755
22753,22760
22753,22761
22753,22763
22753,22765
22755,22760
22760,22761
22761,22763
22763,22765
22763,22768
22765,22768
22768,22770
22770,22775
22770,22795
22775,22795
22775,22804
22795,22804
22804,22814
22814,22822
22814,22827
22822,22827
22827,22831
22831,22840
22831,22848
22831,22852
22840,22848
22848,22852
22852,22854
22854,22858
22858,22861
22861,22876
22876,22877
22877,22879
22879,22880
22880,22884
22880,22886
22884,22886
22886,22892
22892,22902
22892,22907
22902,22907
22902,22914
22902,22916
22902,22924
22907,22914
22907,22916
22914,22916
22914,22924
22916,22924
22916,22934
22924,22934
22924,22938
22924,22947
22934,22938
22934,22947
22934,22950
22938,22947
22947,22950
22950,22956
22956,22959
22959,22961
22959,22966
22961,22966
22966,22969
22966,22970
22966,22973
22969,22970
22970,22973
22970,22977
22970,22981
22970,22983
22973,22977
22977,22981
22977,22983
22977,22996
22977,22997
22981,22983
22981,22996
22981,22997
22983,22996
22983,22997
22996,22997
22996,23002
22997,23002
22997,23011
23002,23011
23011,23013
23011,23017
23011,23019
23013,23017
23013,23019
23013,23024
23017,23019
23019,23024
23019,23035
23019,23038
23024,23035
23024,23038
23035,23038
23035,23040
23038,23040
23038,23042
23038,23048
23038,23051
23040,23042
23040,23048
23042,23048
23048,23051
23048,23060
23051,23060
23051,23065
23060,23065
23065,23077
23065,23080
23077,23080
23080,23083
23080,23088
23080,23092
23083,23088
23088,23092
23088,23094
23092,23094
23094,23096
23096,23097
23096,23100
23097,23100
23100,23111
23100,23112
23111,23112
23111,23114
23112,23114
23114,23139
23114,23140
23139,23140
23140,23152
23152,23166
23166,23168
23166,23169
23166,23172
23168,23169
23169,23172
23169,23176
23172,23176
23176,23177
23176,23178
23176,23184
23176,23187
23177,23178
23178,23184
23184,23187
23187,23200
23200,23204
23200,23209
23200,23210
23200,23213
23204,23209
23209,23210
23209,23213
23210,23213
23213,23215
23215,23220
23220,23223
23220,23224
23220,23226
23223,23224
23223,23226
23223,23229
23223,23231
23224,23226
23226,23229
23229,23231
23229,23233
23229,23239
23229,23240
23231,23233
23233,23239
23239,23240
23239,23243
23239,23252
23240,23243
23243,23252
23252,23256
23256,23257
23256,23266
23257,23266
23257,23267
23266,23267
23267,23269
23269,23271
23269,23274
23269,23280
23269,23302
23269,23309
23271,23274
23271,23280
23274,23280
23274,23302
23274,23309
23274,23312
23274,23317
23280,23302
23302,23309
23309,23312
23309,23317
23309,23318
23309,23319
23312,23317
23317,23318
23317,23319
23317,23333
23317,23339
23318,23319
23318,23333
23319,23333
23319,23339
23333,23339
23339,23352
23352,23356
23356,23367
23356,23372
23356,23373
23356,23382
23367,23372
23372,23373
23372,23382
23373,23382
23382,23385
23382,23388
23382,23390
23385,23388
23388,23390
23390,23396
23390,23397
23390,23400
23396,23397
23397,23400
23400,23410
23410,23412
23412,23414
23414,23428
23428,23429
23429,23443
23443,23447
23447,23451
23451,23459
23451,23468
23451,23471
23451,23472
23451,23477
23459,23468
23468,23471
23468,23472
23471,23472
23472,23477
23472,23482
23472,23484
23472,23485
23477,23482
23477,23484
23477,23485
23477,23493
23477,23495
23482,23484
23482,23485
23482,23493
23482,23495
23482,23498
23484,23485
23485,23493
23493,23495
23493,23498
23493,23499
23495,23498
23498,23499
23499,23504
23499,23506
23504,23506
23506,23507
23507,23510
23510,23513
23513,23520
23513,23523
23513,23536
23520,23523
23520,23536
23520,23547
23523,23536
23523,23547
23523,23551
23523,23558
23523,23567
23536,23547
23547,23551
23551,23558
23558,23567
23567,23571
23571,23577
23577,23578
23577,23580
23578,23580
23580,23581
23581,23588
23581,23594
23581,23604
23581,23607
23581,23613
23588,23594
23594,23604
23594,23607
23594,23613
23604,23607
23607,23613
23613,23614
23614,23617
23617,23625
23617,23626
23625,23626
23625,23634
23626,23634
23634,23653
23634,23663
23653,23663
23653,23667
23663,23667
23663,23670
23663,23673
23663,23676
23667,23670
23667,23673
23667,23676
23667,23684
23670,23673
23673,23676
23676,23684
23684,23687
23687,23694
23694,23699
23699,23700
23699,23703
23699,23720
23700,23703
23703,23720
23720,23727
23727,23731
23727,23733
23731,23733
23731,23736
23731,23738
23731,23741
23733,23736
23736,23738
23738,23741
23738,23744
23738,23746
23741,23744
23741,23746
23744,23746
23746,23751
23746,23764
23751,23764
23764,23765
23764,23766
23765,23766
23765,23772
23765,23773
23766,23772
23772,23773
23772,23775
23772,23780
23773,23775
23773,23780
23773,23781
23773,23783
23775,23780
23780,23781
23780,23783
23780,23784
23780,23788
23780,23792
23781,23783
23781,23784
23781,23788
23783,23784
23784,23788
23784,23792
23784,23794
23788,23792
23792,23794
23792,23795
23792,23796
23792,23809
23792,23810
23792,23821
23794,23795
23795,23796
23796,23809
23796,23810
23796,23821
23796,23822
23796,23824
23809,23810
23809,23821
23809,23822
23810,23821
23810,23822
23810,23824
23821,23822
23822,23824
23822,23827
23822,23829
23822,23839
23824,23827
23827,23829
23827,23839
23827,23840
23829,23839
23829,23840
23839,23840
23839,23841
23839,23846
23840,23841
23840,23846
23841,23846
23841,23849
23841,23851
23846,23849
23846,23851
23846,23854
23849,23851
23849,23854
23849,23855
23851,23854
23851,23855
23851,23865
23854,23855
23855,23865
23855,23866
23855,23871
23855,23872
23865,23866
23866,23871
23871,23872
23872,23873
23873,23876
23873,23886
23873,23892
23876,23886
23886,23892
23886,23893
23886,23894
23892,23893
23892,23894
23893,23894
23894,23896
23896,23897
23896,23898
23897,23898
23898,23914
23914,23928
23914,23964
23928,23964
23928,23966
23928,23974
23964,23966
23964,23974
23964,23977
23964,23981
23964,23988
23966,23974
23974,23977
23974,23981
23974,23988
23974,23992
23977,23981
23977,23988
23977,23992
23981,23988
23981,23992
23981,24001
23981,24002
23981,24013
23981,24023
23988,23992
23988,24001
23988,24002
23992,24001
23992,24002
23992,24013
24001,24002
24001,24013
24001,24023
24001,24025
24002,24013
24002,24023
24002,24025
24002,24027
24013,24023
24023,24025
24023,24027
24025,24027
24027,24030
24030,24031
24031,24035
24031,24036
24035,24036
24035,24037
24035,24042
24035,24044
24036,24037
24036,24042
24036,24044
24036,24045
24036,24050
24036,24054
24037,24042
24037,24044
24042,24044
24042,24045
24044,24045
24045,24050
24045,24054
24050,24054
24050,24057
24050,24059
24050,24060
24054,24057
24057,24059
24059,24060
24060,24068
24060,24070
24060,24072
24068,24070
24070,24072
24070,24076
24070,24079
24072,24076
24072,24079
24072,24087
24072,24101
24072,24103
24072,24111
24072,24113
24072,24114
24076,24079
24079,24087
24079,24101
24087,24101
24087,24103
24101,24103
24101,24111
24101,24113
24101,24114
24101,24115
24103,24111
24111,24113
24111,24114
24111,24115
24113,24114
24114,24115
24115,24116
24115,24122
24116,24122
24116,24123
24116,24138
24122,24123
24122,24138
24123,24138
24123,24141
24123,24145
24138,24141
24141,24145
24141,24146
24145,24146
24146,24147
24147,24149
24149,24150
24150,24151
24150,24156
24151,24156
24151,24161
24156,24161
24161,24165
24161,24170
24165,24170
24170,24177
24177,24188
24177,24189
24177,24190
24177,24203
24188,24189
24189,24190
24189,24203
24190,24203
24190,24204
24190,24207
24203,24204
24204,24207
24204,24208
24204,24212
24204,24215
24204,24218
24204,24220
24207,24208
24208,24212
24208,24215
24208,24218
24208,24220
24212,24215
24212,24218
24212,24220
24215,24218
24218,24220
24218,24229
24218,24232
24218,24237
24220,24229
24220,24232
24220,24237
24229,24232
24232,24237
24237,24242
24242,24249
24249,24259
24259,24260
24259,24263
24259,24266
24259,24267
24259,24272
24259,24280
24260,24263
24260,24266
24260,24267
24263,24266
24266,24267
24266,24272
24266,24280
24266,24281
24266,24287
24267,24272
24272,24280
24280,24281
24281,24287
24287,24305
24305,24308
24305,24313
24305,24315
24308,24313
24313,24315
24313,24316
24313,24317
24313,24329
24313,24339
24315,24316
24315,24317
24315,24329
24316,24317
24316,24329
24316,24339
24317,24329
24329,24339
24339,24340
24339,24342
24340,24342
24342,24360
24360,24364
24364,24374
24374,24379
24374,24381
24374,24384
24379,24381
24379,24384
24381,24384
24384,24392
24384,24394
24384,24396
24392,24394
24394,24396
24396,24399
24396,24403
24396,24405
24399,24403
24403,24405
24405,24407
24405,24408
24405,24411
24407,24408
24408,24411
24411,24417
24411,24422
24411,24427
24411,24432
24411,24438
24411,24441
24417,24422
24417,24427
24417,24432
24422,24427
24422,24432
24427,24432
24432,24438
24432,24441
24438,24441
24438,24442
24438,24447
24438,24452
24441,24442
24442,24447
24442,24452
24442,24468
24442,24469
24447,24452
24452,24468
24468,24469
24469,24474
24469,24486
24469,24490
24469,24501
24474,24486
24474,24490
24486,24490
24490,24501
24501,24507
24501,24516
24501,24528
24501,24531
24501,24546
24501,24552
24507,24516
24516,24528
24528,24531
24531,24546
24531,24552
24531,24556
24531,24578
24546,24552
24552,24556
24552,24578
24552,24587
24552,24590
24552,24596
24556,24578
24578,24587
24587,24590
24587,24596
24590,24596
24590,24602
24590,24605
24590,24610
24596,24602
24602,24605
24602,24610
24602,24618
24605,24610
24610,24618
24618,24626
24618,24629
24618,24642
24626,24629
24626,24642
24626,24645
24629,24642
24629,24645
24629,24649
24642,24645
24642,24649
24642,24650
24642,24656
24645,24649
24649,24650
24649,24656
24649,24657
24649,24660
24649,24664
24649,24666
24650,24656
24650,24657
24650,24660
24650,24664
24650,24666
24656,24657
24656,24660
24656,24664
24656,24666
24657,24660
24657,24664
24657,24666
24660,24664
24664,24666
24664,24670
24666,24670
24666,24672
24666,24674
24670,24672
24670,24674
24670,24675
24672,24674
24672,24675
24674,24675
24675,24679
24679,24686
24679,24689
24679,24690
24686,24689
24686,24690
24686,24691
24689,24690
24689,24691
24690,24691
24690,24697
24691,24697
24697,24702
24697,24713
24702,24713
24702,24718
24702,24719
24702,24720
24713,24718
24713,24719
24713,24720
24713,24722
24718,24719
24718,24720
24718,24722
24718,24731
24718,24734
24719,24720
24719,24722
24720,24722
24720,24731
24722,24731
24731,24734
24731,24737
24731,24748
24731,24749
24734,24737
24737,24748
24737,24749
24748,24749
24749,24759
24749,24765
24759,24765
24765,24767
24767,24782
24767,24787
24767,24796
24782,24787
24787,24796
24787,24799
24796,24799
24799,24805
24805,24808
24808,24821
24808,24830
24821,24830
24830,24833
24830,24844
24830,24845
24833,24844
24833,24845
24844,24845
24844,24855
24844,24862
24844,24872
24845,24855
24845,24862
24845,24872
24845,24885
24845,24895
24855,24862
24855,24872
24862,24872
24862,24885
24872,24885
24872,24895
24872,24900
24872,24903
24872,24906
24872,24911
24885,24895
24885,24900
24895,24900
24895,24903
24895,24906
24900,24903
24903,24906
24903,24911
24906,24911
24906,24913
24911,24913
24911,24920
24913,24920
24920,24922
24922,24928
24928,24938
24928,24942
24928,24951
24928,24953
24928,24967
24928,24973
24938,24942
24942,24951
24942,24953
24951,24953
24953,24967
24967,24973
24967,24974
24973,24974
24974,24976
24974,24980
24976,24980
24980,24982
24980,24987
24980,24994
24982,24987
24982,24994
24982,24997
24987,24994
24994,24997
24997,25005
25005,25008
25008,25010
25008,25011
25008,25014
25008,25025
25010,25011
25011,25014
25014,25025
25014,25028
25014,25032
25025,25028
25025,25032
25025,25039
25028,25032
25028,25039
25032,25039
25032,25042
25032,25046
25039,25042
25042,25046
25042,25048
25042,25052
25046,25048
25048,25052
25052,25059
25059,25061
25059,25062
25059,25066
25061,25062
25062,25066
25066,25068
25068,25074
25068,25075
25068,25086
25068,25087
25074,25075
25074,25086
25075,25086
25075,25087
25086,25087
25087,25090
25087,25093
25087,25105
25087,25108
25090,25093
25093,25105
25105,25108
25108,25109
25108,25111
25108,25113
25108,25122
25108,25125
25108,25126
25108,25127
25109,25111
25111,25113
25111,25122
25111,25125
25111,25126
25111,25127
25113,25122
25113,25125
25113,25126
25122,25125
25125,25126
25125,25127
25126,25127
25127,25128
25127,25131
25128,25131
25131,25144
25131,25150
25131,25151
25131,25153
25131,25155
25144,25150
25144,25151
25144,25153
25144,25155
25144,25158
25144,25159
25150,25151
25150,25153
25151,25153
25153,25155
25155,25158
25158,25159
25159,25171
25159,25172
25171,25172
25172,25177
25177,25179
25179,25200
25179,25201
25179,25203
25179,25212
25179,25213
25179,25223
25179,25237
25200,25201
25200,25203
25201,25203
25203,25212
25203,25213
25212,25213
25213,25223
25223,25237
25223,25241
25237,25241
25241,25244
25244,25247
25247,25258
25258,25261
25258,25262
25258,25264
25261,25262
25262,25264
25264,25266
25266,25268
25268,25275
25275,25277
25275,25278
25275,25280
25277,25278
25278,25280
25280,25283
25283,25286
25283,25288
25283,25290
25286,25288
25288,25290
25290,25291
25291,25297
25291,25299
25297,25299
25299,25305
25299,25306
25299,25308
25299,25314
25305,25306
25305,25308
25306,25308
25308,25314
25308,25317
25308,25319
25308,25320
25314,25317
25317,25319
25317,25320
25317,25326
25319,25320
25320,25326
25320,25327
25320,25342
25326,25327
25326,25342
25327,25342
25342,25353
25353,25357
25353,25358
25357,25358
25357,25363
25358,25363
25363,25364
25363,25366
25363,25369
25364,25366
25364,25369
25366,25369
25369,25374
25374,25375
25375,25381
25381,25384
25384,25389
25389,25392
25389,25394
25392,25394
25392,25396
25392,25400
25394,25396
25396,25400
25396,25402
25400,25402
25400,25403
25400,25404
25402,25403
25403,25404
25403,25407
25403,25408
25404,25407
25407,25408
25408,25409
25408,25410
25408,25415
25409,25410
25410,25415
25415,25418
25415,25426
25415,25430
25418,25426
25418,25430
25418,25439
25418,25440
25426,25430
25430,25439
25439,25440
25440,25441
25441,25450
25450,25466
25450,25469
25466,25469
25469,25473
25473,25475
25475,25476
25475,25484
25475,25486
25475,25505
25475,25506
25476,25484
25476,25486
25484,25486
25484,25505
25486,25505
25486,25506
25505,25506
25506,25507
25507,25511
25507,25513
25507,25521
25511,25513
25513,25521
25513,25528
25521,25528
25521,25529
25528,25529
25528,25530
25528,25534
25528,25536
25529,25530
25530,25534
25534,25536
25534,25539
25536,25539
25539,25542
25542,25543
25542,25547
25542,25553
25543,25547
25543,25553
25547,25553
25553,25562
25562,25567
25567,25572
25567,25584
25572,25584
25584,25586
25584,25595
25584,25598
25584,25604
25586,25595
25595,25598
25595,25604
25598,25604
25604,25609
25604,25614
25604,25616
25609,25614
25609,25616
25609,25625
25614,25616
25614,25625
25614,25632
25616,25625
25625,25632
25625,25633
25625,25636
25632,25633
25632,25636
25633,25636
25636,25638
25636,25639
25636,25648
25636,25649
25636,25652
25638,25639
25639,25648
25648,25649
25649,25652
25652,25670
25652,25674
25670,25674
25674,25676
25674,25687
25674,25689
25674,25706
25674,25707
25674,25716
25676,25687
25687,25689
25689,25706
25706,25707
25706,25716
25706,25719
25706,25724
25707,25716
25716,25719
25716,25724
25719,25724
25724,25725
25724,25731
25725,25731
25731,25733
25733,25734
25734,25740
25734,25743
25740,25743
25740,25746
25740,25750
25740,25753
25740,25754
25740,25756
25743,25746
25746,25750
25746,25753
25746,25754
25750,25753
25750,25754
25750,25756
25750,25765
25750,25767
25753,25754
25754,25756
25756,25765
25756,25767
25765,25767
25765,25769
25767,25769
25769,25781
25769,25793
25769,25802
25769,25804
25769,25805
25769,25808
25781,25793
25793,25802
25802,25804
25804,25805
25804,25808
25805,25808
25808,25812
25812,25815
25815,25816
25816,25821
25816,25826
25821,25826
25826,25831
25826,25834
25826,25846
25826,25850
25831,25834
25831,25846
25831,25850
25834,25846
25834,25850
25834,25857
25834,25864
25846,25850
25850,25857
25857,25864
25857,25874
25857,25903
25864,25874
25864,25903
25864,25906
25864,25910
25864,25912
25864,25914
25874,25903
25874,25906
25903,25906
25906,25910
25906,25912
25906,25914
25906,25922
25906,25934
25910,25912
25912,25914
25912,25922
25914,25922
25914,25934
25922,25934
25934,25935
25934,25949
25934,25955
25935,25949
25949,25955
25949,25957
25949,25958
25949,25965
25955,25957
25957,25958
25958,25965
25958,25984
25958,25985
25958,25987
25958,25991
25965,25984
25965,25985
25965,25987
25965,25991
25965,25995
25984,25985
25984,25987
25985,25987
25985,25991
25985,25995
25985,25998
25985,26002
25987,25991
25991,25995
25995,25998
25998,26002
25998,26003
25998,26014
26002,26003
26002,26014
26002,26017
26003,26014
26014,26017
26017,26019
26019,26023
26019,26024
26019,26025
26019,26027
26019,26030
26023,26024
26023,26025
26023,26027
26023,26030
26024,26025
26024,26027
26025,26027
26025,26030
26025,26042
26027,26030
26030,26042
26042,26043
26043,26046
26046,26056
26046,26063
26046,26065
26046,26068
26046,26072
26046,26075
26056,26063
26056,26065
26056,26068
26056,26072
26056,26075
26063,26065
26063,26068
26065,26068
26065,26072
26068,26072
26068,26075
26068,26076
26068,26080
26072,26075
26075,26076
26076,26080
26080,26081
26081,26089
26081,26101
26089,26101
26089,26105
26089,26119
26089,26121
26101,26105
26105,26119
26105,26121
26105,26124
26119,26121
26119,26124
26121,26124
26121,26125
26124,26125
26124,26128
26124,26133
26124,26139
26125,26128
26125,26133
26128,26133
26133,26139
26139,26146
26139,26147
26139,26161
26146,26147
26146,26161
26147,26161
26161,26167
26161,26175
26161,26181
26167,26175
26175,26181
26181,26182
26182,26186
26186,26189
26189,26191
26191,26192
26192,26215
26215,26217
26215,26226
26215,26229
26215,26234
26215,26237
26215,26240
26217,26226
26217,26229
26226,26229
26226,26234
26226,26237
26229,26234
26234,26237
26237,26240
26240,26250
26240,26251
26250,26251
26251,26254
26251,26257
26254,26257
26254,26263
26254,26274
26254,26276
26254,26280
26254,26282
26257,26263
26257,26274
26257,26276
26257,26280
26263,26274
26263,26276
26274,26276
26276,26280
26280,26282
26280,26285
26282,26285
26282,26291
26282,26293
26282,26294
26285,26291
26291,26293
26291,26294
26291,26299
26291,26306
26291,26310
26291,26317
26291,26324
26293,26294
26294,26299
26299,26306
26306,26310
26306,26317
26306,26324
26306,26334
26310,26317
26317,26324
26324,26334
26334,26335
26335,26343
26343,26344
26343,26347
26343,26348
26344,26347
26347,26348
26348,26350
26348,26352
26350,26352
26352,26361
26361,26362
26362,26363
26363,26372
26372,26376
26376,26379
26379,26389
26389,26398
26389,26400
26389,26402
26398,26400
26398,26402
26398,26404
26398,26408
26400,26402
26400,26404
26400,26408
26400,26412
26402,26404
26404,26408
26408,26412
26408,26416
26408,26422
26412,26416
26412,26422
26416,26422
26416,26425
26422,26425
26425,26437
26425,26439
26425,26453
26437,26439
26439,26453
26439,26455
26453,26455
26453,26461
26453,26465
26455,26461
26455,26465
26461,26465
26461,26469
26461,26471
26465,26469
26469,26471
26471,26475
26475,26490
26490,26491
26490,26500
26490,26514
26490,26517
26491,26500
26500,26514
26500,26517
26500,26522
26500,26524
26514,26517
26517,26522
26522,26524
26524,26525
26525,26527
26525,26530
26525,26532
26527,26530
26530,26532
26530,26533
26530,26535
26530,26538
26532,26533
26532,26535
26533,26535
26533,26538
26533,26539
26535,26538
26535,26539
26535,26549
26538,26539
26539,26549
26549,26550
26549,26551
26550,26551
26550,26554
26551,26554
26554,26562
26554,26568
26554,26571
26554,26572
26562,26568
26568,26571
26571,26572
26571,26573
26571,26580
26571,26593
26571,26599
26572,26573
26572,26580
26573,26580
26573,26593
26580,26593
26580,26599
26593,26599
26599,26605
26605,26607
26605,26608
26605,26611
26605,26623
26607,26608
26607,26611
26607,26623
26607,26624
26607,26629
26607,26630
26608,26611
26608,26623
26611,26623
26623,26624
26624,26629
26624,26630
26624,26635
26624,26640
26624,26643
26624,26644
26629,26630
26629,26635
26629,26640
26629,26643
26630,26635
26630,26640
26630,26643
26630,26644
26635,26640
26640,26643
26643,26644
26643,26659
26643,26665
26644,26659
26659,26665
26659,26672
26665,26672
26672,26674
26674,26677
26677,26683
26683,26687
26683,26697
26683,26699
26683,26700
26683,26702
26687,26697
26697,26699
26697,26700
26699,26700
26699,26702
26699,26703
26700,26702
26700,26703
26702,26703
26702,26706
26703,26706
26703,26708
26706,26708
26708,26712
26712,26714
26714,26715
26714,26718
26714,26721
26714,26724
26715,26718
26715,26721
26715,26724
26718,26721
26718,26724
26718,26725
26721,26724
26721,26725
26724,26725
26724,26738
26724,26741
26725,26738
26738,26741
26738,26744
26741,26744
26744,26746
26746,26753
26753,26756
26756,26759
26759,26762
26759,26766
26762,26766
26762,26771
26762,26773
26762,26777
26766,26771
26771,26773
26773,26777
26777,26780
26777,26787
26777,26794
26777,26800
26780,26787
26780,26794
26787,26794
26787,26800
26787,26806
26787,26809
26794,26800
26800,26806
26806,26809
26809,26813
26813,26836
26836,26841
26841,26844
26844,26858
26858,26859
26859,26874
26859,26880
26874,26880
26880,26881
26881,26884
26881,26890
26881,26899
26881,26911
26884,26890
26890,26899
26899,26911
26899,26913
26911,26913
26913,26918
26918,26919
26919,26927
26927,26931
26927,26932
26931,26932
26931,26939
26932,26939
26939,26943
26943,26948
26948,26950
26948,26954
26948,26956
26950,26954
26950,26956
26950,26964
26954,26956
26956,26964
26956,26977
26956,26989
26956,26994
26964,26977
26977,26989
26977,26994
26989,26994
26989,26996
26989,26999
26989,27005
26989,27013
26989,27019
26989,27021
26994,26996
26996,26999
26999,27005
26999,27013
27005,27013
27013,27019
27019,27021
27019,27023
27019,27026
27021,27023
27023,27026
27026,27038
27026,27040
27026,27043
27038,27040
27038,27043
27040,27043
27040,27044
27043,27044
27044,27045
27045,27046
27045,27049
27046,27049
27049,27056
27056,27070
27056,27073
27056,27081
27070,27073
27070,27081
27073,27081
27081,27087
27087,27088
27088,27105
27088,27108
27105,27108
27108,27109
27109,27111
27109,27117
27109,27121
27109,27122
27111,27117
27117,27121
27117,27122
27121,27122
27122,27127
27127,27131
27127,27135
27127,27136
27127,27137
27127,27143
27131,27135
27135,27136
27135,27137
27135,27143
27135,27144
27136,27137
27136,27143
27136,27144
27137,27143
27137,27144
27137,27150
27143,27144
27143,27150
27143,27154
27144,27150
27144,27154
27144,27165
27150,27154
27154,27165
27154,27167
27154,27170
27154,27174
27165,27167
27167,27170
27167,27174
27167,27184
27167,27186
27170,27174
27170,27184
27170,27186
27174,27184
27184,27186
27186,27192
27192,27201
27192,27206
27192,27216
27201,27206
27201,27216
27206,27216
27206,27218
27216,27218
27216,27221
27218,27221
27218,27222
27218,27227
27221,27222
27222,27227
27227,27232
27232,27246
27232,27247
27232,27256
27246,27247
27247,27256
27247,27260
27247,27261
27256,27260
27256,27261
27256,27264
27260,27261
27261,27264
27261,27266
27261,27270
27261,27271
27261,27276
27264,27266
27266,27270
27270,27271
27271,27276
27276,27277
27276,27281
27276,27293
27276,27295
27277,27281
27281,27293
27281,27295
27293,27295
27293,27296
27295,27296
27296,27298
27296,27312
27296,27324
27298,27312
27312,27324
27324,27326
27324,27328
27326,27328
27328,27329
27329,27337
27337,27340
27337,27341
27337,27343
27337,27346
27340,27341
27341,27343
27343,27346
27343,27348
27343,27358
27343,27367
27343,27378
27346,27348
27346,27358
27348,27358
27348,27367
27348,27378
27348,27384
27358,27367
27367,27378
27378,27384
27378,27385
27384,27385
27385,27399
27385,27401
27399,27401
27401,27403
27401,27404
27401,27411
27403,27404
27404,27411
27411,27421
27411,27429
27411,27431
27421,27429
27421,27431
27421,27434
27429,27431
27431,27434
27434,27439
27439,27447
27439,27448
27447,27448
27448,27457
27457,27458
