ID,Age,Household Size,Occupations,Household ID
1,29,2,FOOD,1057
2,99,5,,3062
3,65,2,FOOD,1057
4,54,4,FOOD,2878
5,96,2,,1058
6,58,3,HEALTHCARE,2573
7,26,2,FINANCEINSURANCE,1058
8,68,2,,1059
9,31,4,HEALTHCARE,2878
10,55,3,HEALTHCARE,2573
11,54,3,HEALTHCARE,2573
12,73,2,,1059
13,18,4,HEALTHCARE,2878
14,23,4,SCIENTIFICTECHNICAL,2878
15,27,2,FINANCEINSURANCE,1060
16,55,1,HEALTHCARE,1
17,4,2,,1060
18,37,2,FINANCEINSURANCE,1061
19,51,2,HEALTHCARE,1061
20,58,2,FOOD,1062
21,46,2,HEALTHCARE,1062
22,49,1,FOOD,2
23,52,2,WASTEMANAGEMENT,1063
24,66,3,,2574
25,61,5,FOOD,3062
26,70,2,,1063
27,79,2,,1064
28,42,2,HEALTHCARE,1064
29,21,2,HEALTHCARE,1065
30,95,2,,1065
31,79,3,,2574
32,65,2,HEALTHCARE,1066
33,12,2,,1066
34,21,2,HEALTHCARE,1067
35,41,2,HEALTHCARE,1067
36,32,2,FOOD,1068
37,54,2,HEALTHCARE,1068
38,6,2,,1069
39,89,2,,1069
40,59,4,FOOD,2879
41,60,4,FOOD,2879
42,0,3,,2574
43,69,2,,1070
44,27,2,FOOD,1070
45,34,2,FOOD,1071
46,20,4,OTHER,2879
47,45,2,SCIENTIFICTECHNICAL,1071
48,8,2,,1072
49,0,2,,1072
50,8,2,,1073
51,59,1,FOOD,3
52,62,1,FOOD,4
53,55,6,HEALTHCARE,3200
54,63,2,HEALTHCARE,1073
55,68,1,,5
56,59,2,HEALTHCARE,1074
57,46,4,FOOD,2879
58,68,2,,1074
59,53,3,FOOD,2575
60,71,2,,1075
61,21,2,FOOD,1075
62,2,2,,1076
63,53,2,HEALTHCARE,1076
64,52,3,HEALTHCARE,2575
65,38,2,FOOD,1077
66,66,2,,1077
67,15,5,,3062
68,65,5,FOOD,3062
69,64,2,HEALTHCARE,1078
70,69,3,,2575
71,56,3,WASTEMANAGEMENT,2576
72,72,4,,2880
73,55,5,WASTEMANAGEMENT,3062
74,46,2,FOOD,1078
75,41,2,OTHER,1079
76,75,3,,2576
77,40,2,HEALTHCARE,1079
78,70,2,,1080
79,53,4,SCIENTIFICTECHNICAL,2880
80,40,1,FOOD,6
81,39,5,FINANCEINSURANCE,3063
82,39,4,FOOD,2880
83,42,3,FINANCEINSURANCE,2576
84,60,2,HEALTHCARE,1080
85,51,1,FOOD,7
86,56,2,FOOD,1081
87,15,2,,1081
88,31,1,SCIENTIFICTECHNICAL,8
89,40,2,OTHER,1082
90,22,2,FOOD,1082
91,54,2,FINANCEINSURANCE,1083
92,57,2,OTHER,1083
93,59,2,HEALTHCARE,1084
94,68,2,,1084
95,14,4,,2880
96,65,5,Unemployed,3063
97,61,3,OTHER,2577
98,65,4,FOOD,2881
99,71,2,,1085
100,32,5,FOOD,3063
101,13,6,,3200
102,29,2,FOOD,1085
103,69,2,,1086
104,34,5,FINANCEINSURANCE,3063
105,41,4,FOOD,2881
106,75,6,,3200
107,83,3,,2577
108,67,5,,3063
109,59,6,FOOD,3200
110,65,2,HEALTHCARE,1086
111,61,2,FOOD,1087
112,72,1,,9
113,64,2,FOOD,1087
114,28,2,HEALTHCARE,1088
115,1,2,,1088
116,31,1,HEALTHCARE,10
117,60,2,HEALTHCARE,1089
118,81,3,,2577
119,34,1,HEALTHCARE,11
120,31,2,FOOD,1089
121,60,2,FINANCEINSURANCE,1090
122,72,6,,3200
123,36,2,HEALTHCARE,1090
124,57,2,FOOD,1091
125,62,2,FOOD,1091
126,72,6,,3200
127,31,1,Unemployed,12
128,33,5,SCIENTIFICTECHNICAL,3064
129,13,3,,2578
130,87,4,,2881
131,7,2,,1092
132,31,2,FOOD,1092
133,77,1,,13
134,38,2,FOOD,1093
135,3,3,,2578
136,92,5,,3064
137,72,4,,2881
138,7,4,,2882
139,62,3,HEALTHCARE,2578
140,44,2,HEALTHCARE,1093
141,33,2,Unemployed,1094
142,82,2,,1094
143,69,1,,14
144,86,1,,15
145,7,2,,1095
146,52,1,FOOD,16
147,76,6,,3201
148,18,2,Unemployed,1095
149,66,2,,1096
150,68,1,,17
151,23,4,FOOD,2882
152,52,6,HEALTHCARE,3201
153,47,2,HEALTHCARE,1096
154,78,2,,1097
155,67,1,,18
156,81,5,,3064
157,51,2,FOOD,1097
158,77,2,,1098
159,59,1,FINANCEINSURANCE,19
160,64,2,HEALTHCARE,1098
161,59,1,HEALTHCARE,20
162,67,1,,21
163,14,2,,1099
164,4,4,,2882
165,56,5,FOOD,3064
166,18,2,HEALTHCARE,1099
167,62,5,FOOD,3064
168,38,2,HEALTHCARE,1100
169,80,1,,22
170,74,3,,2579
171,70,2,,1100
172,73,4,,2882
173,42,1,FINANCEINSURANCE,23
174,19,2,OTHER,1101
175,56,5,FOOD,3065
176,64,2,FINANCEINSURANCE,1101
177,79,6,,3201
178,9,2,,1102
179,30,4,FINANCEINSURANCE,2883
180,29,5,FINANCEINSURANCE,3065
181,40,2,HEALTHCARE,1102
182,24,3,FOOD,2579
183,22,2,FOOD,1103
184,64,2,HEALTHCARE,1103
185,31,2,Unemployed,1104
186,73,5,,3065
187,55,2,FOOD,1104
188,75,3,,2579
189,74,3,,2580
190,17,2,,1105
191,60,1,FOOD,24
192,63,2,FOOD,1105
193,67,1,,25
194,49,2,WASTEMANAGEMENT,1106
195,50,3,Unemployed,2580
196,63,1,HEALTHCARE,26
197,59,2,FOOD,1106
198,48,2,HEALTHCARE,1107
199,87,4,,2883
200,61,6,FOOD,3201
201,63,1,FINANCEINSURANCE,27
202,89,2,,1107
203,55,5,FINANCEINSURANCE,3065
204,61,2,HEALTHCARE,1108
205,61,1,Unemployed,28
206,41,5,FOOD,3065
207,24,3,FINANCEINSURANCE,2580
208,59,3,FINANCEINSURANCE,2581
209,14,5,,3066
210,16,3,,2581
211,28,6,HEALTHCARE,3201
212,94,2,,1108
213,69,2,,1109
214,43,1,HEALTHCARE,29
215,70,1,,30
216,13,1,,31
217,68,3,,2581
218,68,4,,2883
219,35,3,FOOD,2582
220,58,1,FOOD,32
221,11,3,,2582
222,29,2,OTHER,1109
223,53,1,FOOD,33
224,92,3,,2582
225,0,2,,1110
226,69,1,,34
227,17,2,,1110
228,6,2,,1111
229,53,1,HEALTHCARE,35
230,60,3,HEALTHCARE,2583
231,2,2,,1111
232,86,2,,1112
233,32,2,OTHER,1112
234,55,1,HEALTHCARE,36
235,11,2,,1113
236,69,2,,1113
237,79,3,,2583
238,55,2,FOOD,1114
239,99,1,,37
240,47,1,HEALTHCARE,38
241,8,6,,3201
242,91,1,,39
243,52,5,FOOD,3066
244,46,4,FOOD,2883
245,59,5,HEALTHCARE,3066
246,76,4,,2884
247,79,5,,3066
248,68,2,,1114
249,25,3,FOOD,2583
250,53,2,HEALTHCARE,1115
251,20,2,FINANCEINSURANCE,1115
252,37,3,FOOD,2584
253,55,2,FOOD,1116
254,47,2,FOOD,1116
255,65,3,FOOD,2584
256,67,2,,1117
257,63,4,FOOD,2884
258,39,3,FOOD,2584
259,33,3,HEALTHCARE,2585
260,43,6,FINANCEINSURANCE,3202
261,65,5,FOOD,3066
262,43,1,FOOD,40
263,53,2,FOOD,1117
264,14,3,,2585
265,36,1,FOOD,41
266,81,6,,3202
267,31,2,HEALTHCARE,1118
268,64,5,FINANCEINSURANCE,3067
269,27,1,Unemployed,42
270,6,3,,2585
271,76,4,,2884
272,24,6,WASTEMANAGEMENT,3202
273,47,4,HEALTHCARE,2884
274,11,1,,43
275,33,1,HEALTHCARE,44
276,38,5,HEALTHCARE,3067
277,71,2,,1118
278,6,1,,45
279,57,4,HEALTHCARE,2885
280,74,5,,3067
281,9,2,,1119
282,62,2,Unemployed,1119
283,42,6,SCIENTIFICTECHNICAL,3202
284,51,6,Unemployed,3202
285,26,4,HEALTHCARE,2885
286,74,2,,1120
287,62,2,HEALTHCARE,1120
288,37,2,FOOD,1121
289,43,2,OTHER,1121
290,16,3,,2586
291,42,2,HEALTHCARE,1122
292,70,5,,3067
293,68,4,,2885
294,59,2,HEALTHCARE,1122
295,44,2,FOOD,1123
296,1,5,,3067
297,54,3,HEALTHCARE,2586
298,59,2,FINANCEINSURANCE,1123
299,46,2,WASTEMANAGEMENT,1124
300,44,5,FINANCEINSURANCE,3068
301,63,1,HEALTHCARE,46
302,100,2,,1124
303,28,1,HEALTHCARE,47
304,56,2,WASTEMANAGEMENT,1125
305,50,4,HEALTHCARE,2885
306,13,2,,1125
307,14,4,,2886
308,36,1,FOOD,48
309,55,5,FOOD,3068
310,61,5,HEALTHCARE,3068
311,51,2,FOOD,1126
312,58,5,HEALTHCARE,3068
313,44,4,HEALTHCARE,2886
314,46,2,FOOD,1126
315,10,2,,1127
316,29,1,FOOD,49
317,87,3,,2586
318,72,3,,2587
319,58,3,HEALTHCARE,2587
320,12,4,,2886
321,46,1,FOOD,50
322,8,2,,1127
323,19,3,Unemployed,2587
324,75,5,,3068
325,22,2,HEALTHCARE,1128
326,23,2,FOOD,1128
327,14,1,,51
328,39,2,HEALTHCARE,1129
329,95,2,,1129
330,100,3,,2588
331,19,3,FOOD,2588
332,77,4,,2886
333,63,6,HEALTHCARE,3202
334,69,6,,3203
335,62,1,FOOD,52
336,47,6,FOOD,3203
337,90,2,,1130
338,12,4,,2887
339,62,2,WASTEMANAGEMENT,1130
340,31,2,FOOD,1131
341,69,2,,1131
342,8,3,,2588
343,53,2,FOOD,1132
344,69,3,,2589
345,52,4,HEALTHCARE,2887
346,40,3,FINANCEINSURANCE,2589
347,31,3,FOOD,2589
348,53,2,FOOD,1132
349,7,1,,53
350,62,3,FOOD,2590
351,34,2,HEALTHCARE,1133
352,77,2,,1133
353,59,6,HEALTHCARE,3203
354,51,5,FINANCEINSURANCE,3069
355,68,2,,1134
356,5,1,,54
357,42,3,HEALTHCARE,2590
358,42,4,HEALTHCARE,2887
359,7,5,,3069
360,5,4,,2887
361,15,2,,1134
362,4,1,,55
363,22,3,FOOD,2590
364,22,3,FOOD,2591
365,30,2,OTHER,1135
366,56,4,HEALTHCARE,2888
367,79,3,,2591
368,13,2,,1135
369,63,2,HEALTHCARE,1136
370,27,2,HEALTHCARE,1136
371,62,2,FOOD,1137
372,60,2,HEALTHCARE,1137
373,60,4,Unemployed,2888
374,37,1,WASTEMANAGEMENT,56
375,23,4,HEALTHCARE,2888
376,72,3,,2591
377,39,2,FOOD,1138
378,55,1,FOOD,57
379,75,1,,58
380,59,2,FOOD,1138
381,80,2,,1139
382,64,4,FINANCEINSURANCE,2888
383,67,1,,59
384,67,5,,3069
385,59,2,Unemployed,1139
386,49,2,FOOD,1140
387,57,2,FINANCEINSURANCE,1140
388,1,2,,1141
389,77,2,,1141
390,15,3,,2592
391,71,3,,2592
392,66,2,,1142
393,2,1,,60
394,13,2,,1142
395,31,6,FOOD,3203
396,66,6,,3203
397,57,2,FOOD,1143
398,60,2,HEALTHCARE,1143
399,62,2,HEALTHCARE,1144
400,81,3,,2592
401,76,2,,1144
402,96,2,,1145
403,68,2,,1145
404,54,2,HEALTHCARE,1146
405,85,2,,1146
406,46,2,HEALTHCARE,1147
407,22,1,FOOD,61
408,43,3,FOOD,2593
409,56,2,FOOD,1147
410,34,4,HEALTHCARE,2889
411,53,4,FOOD,2889
412,55,3,FOOD,2593
413,32,6,FOOD,3203
414,10,2,,1148
415,37,2,FOOD,1148
416,2,4,,2889
417,42,4,FOOD,2889
418,15,4,,2890
419,2,1,,62
420,37,5,HEALTHCARE,3069
421,56,2,FOOD,1149
422,55,2,HEALTHCARE,1149
423,30,2,HEALTHCARE,1150
424,69,2,,1150
425,47,5,FOOD,3069
426,15,3,,2593
427,23,6,FOOD,3204
428,48,6,FOOD,3204
429,15,2,,1151
430,12,4,,2890
431,41,2,FOOD,1151
432,67,3,,2594
433,74,3,,2594
434,67,5,,3070
435,47,5,HEALTHCARE,3070
436,63,1,FINANCEINSURANCE,63
437,51,1,HEALTHCARE,64
438,33,2,HEALTHCARE,1152
439,64,6,FOOD,3204
440,45,2,FOOD,1152
441,45,2,Unemployed,1153
442,83,1,,65
443,56,2,HEALTHCARE,1153
444,87,4,,2890
445,66,3,,2594
446,16,3,,2595
447,58,2,FOOD,1154
448,32,1,WASTEMANAGEMENT,66
449,56,2,Unemployed,1154
450,79,5,,3070
451,0,1,,67
452,65,2,Unemployed,1155
453,22,2,FOOD,1155
454,22,6,FINANCEINSURANCE,3204
455,6,2,,1156
456,59,2,FOOD,1156
457,1,3,,2595
458,66,2,,1157
459,32,6,FOOD,3204
460,6,4,,2890
461,59,2,FOOD,1157
462,62,2,OTHER,1158
463,21,3,FOOD,2595
464,26,3,FOOD,2596
465,68,6,,3204
466,48,2,HEALTHCARE,1158
467,60,5,FOOD,3070
468,25,4,FINANCEINSURANCE,2891
469,12,2,,1159
470,17,2,,1159
471,78,3,,2596
472,13,2,,1160
473,25,1,Unemployed,68
474,42,1,Unemployed,69
475,35,2,SCIENTIFICTECHNICAL,1160
476,69,2,,1161
477,83,2,,1161
478,23,1,FOOD,70
479,46,2,FINANCEINSURANCE,1162
480,68,2,,1162
481,92,4,,2891
482,28,2,WASTEMANAGEMENT,1163
483,28,5,HEALTHCARE,3070
484,26,2,FOOD,1163
485,6,4,,2891
486,31,2,FOOD,1164
487,24,1,FINANCEINSURANCE,71
488,55,2,FOOD,1164
489,2,1,,72
490,17,5,,3071
491,69,5,,3071
492,23,5,FOOD,3071
493,70,1,,73
494,20,2,Unemployed,1165
495,3,4,,2891
496,22,2,FOOD,1165
497,56,4,FOOD,2892
498,47,2,FOOD,1166
499,52,2,FOOD,1166
500,6,2,,1167
501,38,2,FOOD,1167
502,54,1,HEALTHCARE,74
503,14,4,,2892
504,13,2,,1168
505,54,1,OTHER,75
506,59,1,FOOD,76
507,57,2,FOOD,1168
508,25,2,FOOD,1169
509,22,4,FOOD,2892
510,18,2,FOOD,1169
511,35,1,HEALTHCARE,77
512,77,4,,2892
513,46,1,HEALTHCARE,78
514,32,2,FOOD,1170
515,55,2,FINANCEINSURANCE,1170
516,44,2,HEALTHCARE,1171
517,69,3,,2596
518,35,2,HEALTHCARE,1171
519,28,6,HEALTHCARE,3205
520,8,6,,3205
521,79,3,,2597
522,56,2,OTHER,1172
523,23,5,FOOD,3071
524,58,2,Unemployed,1172
525,70,3,,2597
526,41,4,FOOD,2893
527,49,2,FOOD,1173
528,45,2,HEALTHCARE,1173
529,31,2,HEALTHCARE,1174
530,4,2,,1174
531,32,4,HEALTHCARE,2893
532,19,2,HEALTHCARE,1175
533,59,3,OTHER,2597
534,50,2,HEALTHCARE,1175
535,69,6,,3205
536,11,2,,1176
537,63,2,HEALTHCARE,1176
538,55,1,FOOD,79
539,19,3,FINANCEINSURANCE,2598
540,38,4,FINANCEINSURANCE,2893
541,64,2,FOOD,1177
542,50,2,FOOD,1177
543,2,2,,1178
544,60,2,Unemployed,1178
545,32,1,FOOD,80
546,88,2,,1179
547,47,2,HEALTHCARE,1179
548,48,3,HEALTHCARE,2598
549,31,2,SCIENTIFICTECHNICAL,1180
550,67,2,,1180
551,59,2,FOOD,1181
552,17,3,,2598
553,72,3,,2599
554,25,3,HEALTHCARE,2599
555,96,4,,2893
556,83,5,,3071
557,18,1,HEALTHCARE,81
558,5,4,,2894
559,1,2,,1181
560,39,2,Unemployed,1182
561,46,2,HEALTHCARE,1182
562,7,1,,82
563,43,1,WASTEMANAGEMENT,83
564,34,1,FOOD,84
565,27,2,FOOD,1183
566,61,2,FOOD,1183
567,60,6,FOOD,3205
568,84,2,,1184
569,42,2,FOOD,1184
570,34,2,HEALTHCARE,1185
571,27,4,OTHER,2894
572,69,4,,2894
573,58,3,FINANCEINSURANCE,2599
574,21,1,HEALTHCARE,85
575,22,2,HEALTHCARE,1185
576,16,5,,3072
577,68,2,,1186
578,97,2,,1186
579,6,2,,1187
580,57,2,HEALTHCARE,1187
581,91,1,,86
582,27,2,HEALTHCARE,1188
583,45,4,HEALTHCARE,2894
584,73,1,,87
585,56,2,FOOD,1188
586,70,2,,1189
587,40,5,HEALTHCARE,3072
588,79,2,,1189
589,23,1,FOOD,88
590,46,5,FOOD,3072
591,71,2,,1190
592,41,3,Unemployed,2600
593,26,1,HEALTHCARE,89
594,66,3,,2600
595,41,2,HEALTHCARE,1190
596,51,1,FOOD,90
597,28,2,HEALTHCARE,1191
598,60,2,FOOD,1191
599,34,5,FOOD,3072
600,21,4,HEALTHCARE,2895
601,94,2,,1192
602,44,2,FOOD,1192
603,100,6,,3205
604,26,3,FINANCEINSURANCE,2600
605,19,2,FOOD,1193
606,33,4,FOOD,2895
607,66,2,,1193
608,58,3,FOOD,2601
609,10,1,,91
610,4,2,,1194
611,60,3,FOOD,2601
612,74,2,,1194
613,52,3,HEALTHCARE,2601
614,19,2,FOOD,1195
615,60,4,FOOD,2895
616,4,6,,3205
617,54,3,FOOD,2602
618,8,2,,1195
619,56,1,OTHER,92
620,74,6,,3206
621,52,4,HEALTHCARE,2895
622,39,5,FOOD,3072
623,36,5,HEALTHCARE,3073
624,14,3,,2602
625,26,2,FOOD,1196
626,25,3,Unemployed,2602
627,43,3,HEALTHCARE,2603
628,25,5,FOOD,3073
629,0,5,,3073
630,18,1,FOOD,93
631,10,4,,2896
632,35,5,FOOD,3073
633,19,2,HEALTHCARE,1196
634,54,2,HEALTHCARE,1197
635,7,5,,3073
636,36,2,Unemployed,1197
637,35,5,FINANCEINSURANCE,3074
638,43,2,HEALTHCARE,1198
639,21,2,FINANCEINSURANCE,1198
640,55,6,HEALTHCARE,3206
641,10,5,,3074
642,41,5,SCIENTIFICTECHNICAL,3074
643,41,2,FOOD,1199
644,41,4,FOOD,2896
645,13,3,,2603
646,26,1,FOOD,94
647,71,2,,1199
648,22,4,FOOD,2896
649,31,1,FINANCEINSURANCE,95
650,17,4,,2896
651,52,2,WASTEMANAGEMENT,1200
652,9,1,,96
653,48,2,FOOD,1200
654,1,2,,1201
655,15,3,,2603
656,37,2,FINANCEINSURANCE,1201
657,68,2,,1202
658,72,2,,1202
659,2,2,,1203
660,39,6,HEALTHCARE,3206
661,50,5,SCIENTIFICTECHNICAL,3074
662,93,5,,3074
663,44,4,HEALTHCARE,2897
664,24,2,FOOD,1203
665,15,1,,97
666,40,2,FOOD,1204
667,58,3,FINANCEINSURANCE,2604
668,7,2,,1204
669,22,2,Unemployed,1205
670,64,6,FOOD,3206
671,46,2,FINANCEINSURANCE,1205
672,65,3,FOOD,2604
673,40,2,HEALTHCARE,1206
674,24,2,HEALTHCARE,1206
675,43,2,HEALTHCARE,1207
676,77,2,,1207
677,69,2,,1208
678,21,2,HEALTHCARE,1208
679,16,2,,1209
680,67,4,,2897
681,51,2,HEALTHCARE,1209
682,33,5,HEALTHCARE,3075
683,44,2,WASTEMANAGEMENT,1210
684,15,2,,1210
685,11,4,,2897
686,25,1,Unemployed,98
687,1,2,,1211
688,93,3,,2604
689,55,3,FOOD,2605
690,25,2,FOOD,1211
691,44,2,SCIENTIFICTECHNICAL,1212
692,45,1,FOOD,99
693,99,2,,1212
694,25,4,FOOD,2897
695,75,1,,100
696,68,3,,2605
697,69,5,,3075
698,78,2,,1213
699,83,2,,1213
700,81,3,,2605
701,61,2,Unemployed,1214
702,54,6,FOOD,3206
703,53,4,FOOD,2898
704,51,2,FINANCEINSURANCE,1214
705,40,3,FOOD,2606
706,94,1,,101
707,71,2,,1215
708,40,4,FINANCEINSURANCE,2898
709,63,2,HEALTHCARE,1215
710,3,2,,1216
711,34,6,HEALTHCARE,3206
712,43,1,HEALTHCARE,102
713,31,1,HEALTHCARE,103
714,47,2,FOOD,1216
715,8,4,,2898
716,34,1,HEALTHCARE,104
717,29,4,FOOD,2898
718,6,1,,105
719,66,3,,2606
720,72,2,,1217
721,20,1,OTHER,106
722,31,2,FOOD,1217
723,38,4,FOOD,2899
724,37,3,OTHER,2606
725,63,5,FINANCEINSURANCE,3075
726,45,2,FOOD,1218
727,74,5,,3075
728,84,2,,1218
729,3,2,,1219
730,63,2,HEALTHCARE,1219
731,7,2,,1220
732,6,2,,1220
733,62,3,FOOD,2607
734,75,3,,2607
735,73,2,,1221
736,64,2,OTHER,1221
737,10,2,,1222
738,57,2,Unemployed,1222
739,6,5,,3075
740,44,4,OTHER,2899
741,59,3,HEALTHCARE,2607
742,55,2,FOOD,1223
743,69,3,,2608
744,99,2,,1223
745,12,4,,2899
746,41,1,WASTEMANAGEMENT,107
747,73,2,,1224
748,43,5,FOOD,3076
749,70,2,,1224
750,92,3,,2608
751,15,2,,1225
752,53,3,FOOD,2608
753,48,2,Unemployed,1225
754,18,3,HEALTHCARE,2609
755,36,2,HEALTHCARE,1226
756,55,2,FOOD,1226
757,63,2,HEALTHCARE,1227
758,89,2,,1227
759,38,1,FOOD,108
760,4,5,,3076
761,51,6,HEALTHCARE,3207
762,94,2,,1228
763,34,5,HEALTHCARE,3076
764,79,4,,2899
765,69,2,,1228
766,85,2,,1229
767,7,2,,1229
768,63,2,FINANCEINSURANCE,1230
769,6,2,,1230
770,52,6,FOOD,3207
771,15,2,,1231
772,13,3,,2609
773,0,1,,109
774,48,4,FOOD,2900
775,41,2,HEALTHCARE,1231
776,29,6,Unemployed,3207
777,66,2,,1232
778,65,1,FINANCEINSURANCE,110
779,24,2,FOOD,1232
780,30,2,FINANCEINSURANCE,1233
781,17,1,,111
782,18,2,FOOD,1233
783,19,1,OTHER,112
784,77,4,,2900
785,30,2,FOOD,1234
786,58,2,HEALTHCARE,1234
787,63,4,FOOD,2900
788,10,6,,3207
789,32,2,FOOD,1235
790,1,6,,3207
791,75,4,,2900
792,40,3,HEALTHCARE,2609
793,55,1,Unemployed,113
794,3,1,,114
795,21,4,FOOD,2901
796,46,1,FINANCEINSURANCE,115
797,37,2,OTHER,1235
798,67,4,,2901
799,37,1,HEALTHCARE,116
800,34,5,OTHER,3076
801,21,5,FOOD,3076
802,59,2,FOOD,1236
803,67,2,,1236
804,39,3,FINANCEINSURANCE,2610
805,70,2,,1237
806,52,2,HEALTHCARE,1237
807,9,2,,1238
808,22,1,FOOD,117
809,69,3,,2610
810,36,2,FINANCEINSURANCE,1238
811,76,2,,1239
812,64,2,Unemployed,1239
813,72,2,,1240
814,60,2,FOOD,1240
815,46,1,FOOD,118
816,69,2,,1241
817,53,1,SCIENTIFICTECHNICAL,119
818,19,3,HEALTHCARE,2610
819,35,3,SCIENTIFICTECHNICAL,2611
820,34,5,Unemployed,3077
821,46,5,HEALTHCARE,3077
822,19,5,HEALTHCARE,3077
823,61,2,SCIENTIFICTECHNICAL,1241
824,44,2,HEALTHCARE,1242
825,16,2,,1242
826,45,2,FOOD,1243
827,53,4,FOOD,2901
828,76,2,,1243
829,57,4,FINANCEINSURANCE,2901
830,87,4,,2902
831,66,2,,1244
832,22,2,FOOD,1244
833,53,2,WASTEMANAGEMENT,1245
834,60,2,FOOD,1245
835,0,2,,1246
836,25,1,HEALTHCARE,120
837,54,4,SCIENTIFICTECHNICAL,2902
838,40,1,FOOD,121
839,40,5,FOOD,3077
840,7,3,,2611
841,0,1,,122
842,78,1,,123
843,7,3,,2611
844,76,1,,124
845,74,3,,2612
846,56,2,FOOD,1246
847,31,4,HEALTHCARE,2902
848,61,2,WASTEMANAGEMENT,1247
849,12,2,,1247
850,71,2,,1248
851,60,4,HEALTHCARE,2902
852,8,2,,1248
853,61,2,HEALTHCARE,1249
854,29,2,FOOD,1249
855,70,4,,2903
856,61,4,HEALTHCARE,2903
857,30,4,HEALTHCARE,2903
858,26,1,OTHER,125
859,50,2,Unemployed,1250
860,68,5,,3077
861,46,4,FOOD,2903
862,74,3,,2612
863,64,4,Unemployed,2904
864,97,3,,2612
865,65,4,Unemployed,2904
866,27,2,FOOD,1250
867,93,2,,1251
868,69,2,,1251
869,32,2,SCIENTIFICTECHNICAL,1252
870,31,4,HEALTHCARE,2904
871,7,1,,126
872,10,3,,2613
873,17,2,,1252
874,64,2,FOOD,1253
875,61,2,FOOD,1253
876,53,2,FOOD,1254
877,28,2,FINANCEINSURANCE,1254
878,7,2,,1255
879,35,2,FOOD,1255
880,55,2,FINANCEINSURANCE,1256
881,59,2,SCIENTIFICTECHNICAL,1256
882,67,2,,1257
883,70,3,,2613
884,33,2,FINANCEINSURANCE,1257
885,47,2,HEALTHCARE,1258
886,47,2,FOOD,1258
887,74,2,,1259
888,66,5,,3078
889,24,5,FINANCEINSURANCE,3078
890,59,1,FINANCEINSURANCE,127
891,73,3,,2613
892,22,3,FINANCEINSURANCE,2614
893,80,1,,128
894,74,2,,1259
895,68,4,,2904
896,51,2,HEALTHCARE,1260
897,33,4,HEALTHCARE,2905
898,2,5,,3078
899,7,1,,129
900,15,1,,130
901,64,1,WASTEMANAGEMENT,131
902,50,2,FOOD,1260
903,52,1,FOOD,132
904,50,3,OTHER,2614
905,45,3,FINANCEINSURANCE,2614
906,59,5,HEALTHCARE,3078
907,30,1,HEALTHCARE,133
908,65,2,HEALTHCARE,1261
909,59,5,FOOD,3078
910,60,1,HEALTHCARE,134
911,35,1,Unemployed,135
912,30,2,FOOD,1261
913,10,4,,2905
914,65,1,FINANCEINSURANCE,136
915,18,3,HEALTHCARE,2615
916,66,3,,2615
917,76,2,,1262
918,37,2,FOOD,1262
919,60,3,HEALTHCARE,2615
920,75,5,,3079
921,64,5,HEALTHCARE,3079
922,0,3,,2616
923,53,2,HEALTHCARE,1263
924,62,2,FOOD,1263
925,76,5,,3079
926,37,1,HEALTHCARE,137
927,26,6,WASTEMANAGEMENT,3207
928,69,2,,1264
929,42,4,FOOD,2905
930,61,3,SCIENTIFICTECHNICAL,2616
931,78,2,,1264
932,65,2,HEALTHCARE,1265
933,9,3,,2616
934,59,3,FOOD,2617
935,51,1,HEALTHCARE,138
936,34,5,HEALTHCARE,3079
937,20,2,FOOD,1265
938,18,2,FINANCEINSURANCE,1266
939,64,2,FOOD,1266
940,20,6,FOOD,3208
941,52,1,OTHER,139
942,62,3,FOOD,2617
943,11,4,,2905
944,62,1,WASTEMANAGEMENT,140
945,98,4,,2906
946,39,5,FOOD,3079
947,75,5,,3080
948,6,2,,1267
949,30,2,Unemployed,1267
950,65,2,HEALTHCARE,1268
951,12,2,,1268
952,61,2,HEALTHCARE,1269
953,53,5,OTHER,3080
954,6,2,,1269
955,47,5,HEALTHCARE,3080
956,72,4,,2906
957,56,1,FOOD,141
958,19,2,FOOD,1270
959,32,2,FINANCEINSURANCE,1270
960,42,4,HEALTHCARE,2906
961,64,4,FINANCEINSURANCE,2906
962,74,1,,142
963,45,2,SCIENTIFICTECHNICAL,1271
964,59,3,HEALTHCARE,2617
965,69,1,,143
966,57,2,FOOD,1271
967,61,2,FOOD,1272
968,21,2,FINANCEINSURANCE,1272
969,27,2,FINANCEINSURANCE,1273
970,80,4,,2907
971,50,1,HEALTHCARE,144
972,18,2,OTHER,1273
973,42,2,Unemployed,1274
974,36,1,SCIENTIFICTECHNICAL,145
975,42,5,FOOD,3080
976,25,1,HEALTHCARE,146
977,58,3,FOOD,2618
978,29,2,Unemployed,1274
979,44,3,FINANCEINSURANCE,2618
980,46,2,HEALTHCARE,1275
981,24,5,HEALTHCARE,3080
982,22,2,FINANCEINSURANCE,1275
983,22,2,HEALTHCARE,1276
984,88,5,,3081
985,62,4,FOOD,2907
986,34,5,FINANCEINSURANCE,3081
987,66,5,,3081
988,61,2,FOOD,1276
989,18,2,FOOD,1277
990,55,2,Unemployed,1277
991,64,5,HEALTHCARE,3081
992,43,4,FOOD,2907
993,45,6,HEALTHCARE,3208
994,26,2,SCIENTIFICTECHNICAL,1278
995,52,2,FOOD,1278
996,3,2,,1279
997,44,5,FINANCEINSURANCE,3081
998,28,2,OTHER,1279
999,50,2,SCIENTIFICTECHNICAL,1280
1000,26,2,FINANCEINSURANCE,1280
1001,44,3,FOOD,2618
1002,55,3,Unemployed,2619
1003,19,3,FOOD,2619
1004,28,2,HEALTHCARE,1281
1005,69,1,,147
1006,1,4,,2907
1007,98,2,,1281
1008,11,2,,1282
1009,17,1,,148
1010,76,6,,3208
1011,50,2,FINANCEINSURANCE,1282
1012,45,2,HEALTHCARE,1283
1013,61,2,FOOD,1283
1014,53,2,HEALTHCARE,1284
1015,59,3,FOOD,2619
1016,46,3,SCIENTIFICTECHNICAL,2620
1017,1,2,,1284
1018,24,1,FOOD,149
1019,65,3,FINANCEINSURANCE,2620
1020,52,2,FOOD,1285
1021,17,4,,2908
1022,71,3,,2620
1023,30,1,HEALTHCARE,150
1024,4,1,,151
1025,49,2,FOOD,1285
1026,80,3,,2621
1027,28,2,FOOD,1286
1028,49,3,FOOD,2621
1029,49,2,FOOD,1286
1030,92,2,,1287
1031,69,4,,2908
1032,52,1,FOOD,152
1033,11,5,,3082
1034,28,2,FOOD,1287
1035,26,6,FOOD,3208
1036,68,2,,1288
1037,71,2,,1288
1038,99,1,,153
1039,9,2,,1289
1040,65,2,FINANCEINSURANCE,1289
1041,41,1,SCIENTIFICTECHNICAL,154
1042,75,3,,2621
1043,71,2,,1290
1044,52,1,OTHER,155
1045,24,4,FOOD,2908
1046,38,2,OTHER,1290
1047,20,2,FOOD,1291
1048,35,2,HEALTHCARE,1291
1049,44,3,Unemployed,2622
1050,49,2,HEALTHCARE,1292
1051,66,2,,1292
1052,39,3,HEALTHCARE,2622
1053,66,2,,1293
1054,78,4,,2908
1055,75,2,,1293
1056,22,4,FOOD,2909
1057,32,2,FOOD,1294
1058,60,5,SCIENTIFICTECHNICAL,3082
1059,10,1,,156
1060,7,2,,1294
1061,77,2,,1295
1062,26,1,HEALTHCARE,157
1063,69,2,,1295
1064,88,4,,2909
1065,52,5,FOOD,3082
1066,55,2,FOOD,1296
1067,76,1,,158
1068,59,2,FOOD,1296
1069,39,2,FOOD,1297
1070,48,5,FOOD,3082
1071,75,1,,159
1072,23,5,Unemployed,3082
1073,37,4,HEALTHCARE,2909
1074,73,2,,1297
1075,84,1,,160
1076,24,5,HEALTHCARE,3083
1077,17,1,,161
1078,78,1,,162
1079,68,1,,163
1080,50,2,HEALTHCARE,1298
1081,66,1,,164
1082,44,2,Unemployed,1298
1083,63,3,HEALTHCARE,2622
1084,20,3,Unemployed,2623
1085,75,2,,1299
1086,25,1,HEALTHCARE,165
1087,21,3,SCIENTIFICTECHNICAL,2623
1088,40,2,OTHER,1299
1089,59,4,HEALTHCARE,2909
1090,33,2,HEALTHCARE,1300
1091,27,3,WASTEMANAGEMENT,2623
1092,29,1,FINANCEINSURANCE,166
1093,34,2,FOOD,1300
1094,50,4,FOOD,2910
1095,16,3,,2624
1096,11,5,,3083
1097,67,2,,1301
1098,42,4,FOOD,2910
1099,63,1,FOOD,167
1100,13,4,,2910
1101,44,2,HEALTHCARE,1301
1102,2,1,,168
1103,68,2,,1302
1104,40,2,FOOD,1302
1105,61,4,Unemployed,2910
1106,79,2,,1303
1107,60,2,FOOD,1303
1108,11,3,,2624
1109,68,2,,1304
1110,64,2,FOOD,1304
1111,55,2,Unemployed,1305
1112,14,5,,3083
1113,19,1,FINANCEINSURANCE,169
1114,77,1,,170
1115,27,2,FINANCEINSURANCE,1305
1116,42,2,FOOD,1306
1117,33,2,FOOD,1306
1118,8,2,,1307
1119,77,3,,2624
1120,39,1,FINANCEINSURANCE,171
1121,49,2,FOOD,1307
1122,71,3,,2625
1123,28,1,FOOD,172
1124,45,5,HEALTHCARE,3083
1125,68,4,,2911
1126,22,4,FOOD,2911
1127,59,2,HEALTHCARE,1308
1128,94,1,,173
1129,96,6,,3208
1130,54,2,FOOD,1308
1131,76,5,,3083
1132,32,5,HEALTHCARE,3084
1133,13,2,,1309
1134,95,2,,1309
1135,20,3,FOOD,2625
1136,56,2,HEALTHCARE,1310
1137,16,6,,3208
1138,11,3,,2625
1139,52,2,FOOD,1310
1140,40,2,HEALTHCARE,1311
1141,27,2,FOOD,1311
1142,36,2,HEALTHCARE,1312
1143,54,2,FINANCEINSURANCE,1312
1144,54,2,HEALTHCARE,1313
1145,20,5,HEALTHCARE,3084
1146,75,2,,1313
1147,6,2,,1314
1148,19,2,FOOD,1314
1149,59,4,HEALTHCARE,2911
1150,62,2,HEALTHCARE,1315
1151,67,2,,1315
1152,56,2,FOOD,1316
1153,18,2,HEALTHCARE,1316
1154,10,1,,174
1155,84,2,,1317
1156,72,1,,175
1157,80,3,,2626
1158,35,2,FOOD,1317
1159,49,2,OTHER,1318
1160,18,2,HEALTHCARE,1318
1161,27,4,FINANCEINSURANCE,2911
1162,30,2,FOOD,1319
1163,59,6,WASTEMANAGEMENT,3209
1164,76,2,,1319
1165,24,2,HEALTHCARE,1320
1166,49,4,HEALTHCARE,2912
1167,2,2,,1320
1168,25,4,OTHER,2912
1169,63,3,FINANCEINSURANCE,2626
1170,29,5,SCIENTIFICTECHNICAL,3084
1171,39,2,HEALTHCARE,1321
1172,29,2,FOOD,1321
1173,5,1,,176
1174,69,2,,1322
1175,39,2,HEALTHCARE,1322
1176,25,2,FOOD,1323
1177,47,3,HEALTHCARE,2626
1178,13,2,,1323
1179,74,2,,1324
1180,20,4,FINANCEINSURANCE,2912
1181,68,1,,177
1182,33,2,FOOD,1324
1183,57,1,FINANCEINSURANCE,178
1184,71,2,,1325
1185,55,1,FINANCEINSURANCE,179
1186,20,2,FINANCEINSURANCE,1325
1187,64,2,HEALTHCARE,1326
1188,21,3,HEALTHCARE,2627
1189,92,2,,1326
1190,51,3,FINANCEINSURANCE,2627
1191,3,2,,1327
1192,30,2,SCIENTIFICTECHNICAL,1327
1193,68,2,,1328
1194,66,1,,180
1195,31,2,Unemployed,1328
1196,41,4,FINANCEINSURANCE,2912
1197,19,6,SCIENTIFICTECHNICAL,3209
1198,20,2,Unemployed,1329
1199,17,1,,181
1200,60,3,FOOD,2627
1201,58,3,HEALTHCARE,2628
1202,62,4,FOOD,2913
1203,77,2,,1329
1204,73,1,,182
1205,64,2,HEALTHCARE,1330
1206,46,5,OTHER,3084
1207,41,5,FINANCEINSURANCE,3084
1208,63,1,FINANCEINSURANCE,183
1209,29,2,OTHER,1330
1210,74,2,,1331
1211,47,1,Unemployed,184
1212,29,2,SCIENTIFICTECHNICAL,1331
1213,91,2,,1332
1214,22,2,FOOD,1332
1215,55,2,HEALTHCARE,1333
1216,59,2,FOOD,1333
1217,45,1,FINANCEINSURANCE,185
1218,6,2,,1334
1219,25,4,HEALTHCARE,2913
1220,98,5,,3085
1221,25,2,HEALTHCARE,1334
1222,41,2,FOOD,1335
1223,55,4,HEALTHCARE,2913
1224,32,2,HEALTHCARE,1335
1225,100,4,,2913
1226,66,4,,2914
1227,49,3,HEALTHCARE,2628
1228,26,2,FOOD,1336
1229,27,2,SCIENTIFICTECHNICAL,1336
1230,13,2,,1337
1231,64,2,FINANCEINSURANCE,1337
1232,1,2,,1338
1233,24,4,Unemployed,2914
1234,20,3,HEALTHCARE,2628
1235,67,3,,2629
1236,15,2,,1338
1237,79,3,,2629
1238,78,2,,1339
1239,59,2,OTHER,1339
1240,67,2,,1340
1241,57,2,HEALTHCARE,1340
1242,70,6,,3209
1243,67,5,,3085
1244,74,2,,1341
1245,54,1,FOOD,186
1246,92,2,,1341
1247,44,3,FOOD,2629
1248,62,1,Unemployed,187
1249,57,2,OTHER,1342
1250,60,2,HEALTHCARE,1342
1251,69,2,,1343
1252,26,3,FOOD,2630
1253,28,5,HEALTHCARE,3085
1254,41,2,FOOD,1343
1255,47,3,WASTEMANAGEMENT,2630
1256,60,3,FOOD,2630
1257,74,2,,1344
1258,62,2,FOOD,1344
1259,60,4,HEALTHCARE,2914
1260,57,1,FOOD,188
1261,67,5,,3085
1262,65,2,HEALTHCARE,1345
1263,34,2,FOOD,1345
1264,32,2,Unemployed,1346
1265,38,2,FOOD,1346
1266,3,2,,1347
1267,12,2,,1347
1268,78,4,,2914
1269,19,2,HEALTHCARE,1348
1270,29,1,FINANCEINSURANCE,189
1271,65,3,HEALTHCARE,2631
1272,95,2,,1348
1273,94,3,,2631
1274,64,1,FOOD,190
1275,18,2,HEALTHCARE,1349
1276,46,1,FOOD,191
1277,69,2,,1349
1278,10,2,,1350
1279,68,3,,2631
1280,73,2,,1350
1281,28,5,FOOD,3085
1282,77,3,,2632
1283,38,2,HEALTHCARE,1351
1284,67,5,,3086
1285,56,3,SCIENTIFICTECHNICAL,2632
1286,76,2,,1351
1287,94,2,,1352
1288,74,5,,3086
1289,35,2,FOOD,1352
1290,43,5,FOOD,3086
1291,27,2,HEALTHCARE,1353
1292,19,1,FOOD,192
1293,59,3,HEALTHCARE,2632
1294,67,3,,2633
1295,69,2,,1353
1296,80,2,,1354
1297,52,4,HEALTHCARE,2915
1298,14,2,,1354
1299,36,3,HEALTHCARE,2633
1300,54,2,HEALTHCARE,1355
1301,46,2,FOOD,1355
1302,78,2,,1356
1303,42,4,WASTEMANAGEMENT,2915
1304,57,1,Unemployed,193
1305,9,4,,2915
1306,76,2,,1356
1307,52,3,WASTEMANAGEMENT,2633
1308,40,3,FINANCEINSURANCE,2634
1309,73,2,,1357
1310,74,2,,1357
1311,54,2,FOOD,1358
1312,38,2,Unemployed,1358
1313,5,5,,3086
1314,67,1,,194
1315,62,2,FOOD,1359
1316,24,1,HEALTHCARE,195
1317,9,2,,1359
1318,62,4,FOOD,2915
1319,12,2,,1360
1320,66,2,,1360
1321,0,6,,3209
1322,13,6,,3209
1323,56,4,FOOD,2916
1324,68,2,,1361
1325,36,3,HEALTHCARE,2634
1326,17,2,,1361
1327,13,2,,1362
1328,68,2,,1362
1329,60,6,FOOD,3209
1330,29,5,Unemployed,3086
1331,63,1,FOOD,196
1332,22,2,FOOD,1363
1333,61,2,FOOD,1363
1334,40,2,HEALTHCARE,1364
1335,59,2,FOOD,1364
1336,18,5,HEALTHCARE,3087
1337,63,2,HEALTHCARE,1365
1338,70,3,,2634
1339,45,2,FOOD,1365
1340,65,2,Unemployed,1366
1341,72,1,,197
1342,15,3,,2635
1343,56,1,OTHER,198
1344,44,2,HEALTHCARE,1366
1345,71,2,,1367
1346,48,1,Unemployed,199
1347,65,1,HEALTHCARE,200
1348,60,2,FOOD,1367
1349,5,3,,2635
1350,24,2,FOOD,1368
1351,76,1,,201
1352,11,6,,3210
1353,38,2,OTHER,1368
1354,68,1,,202
1355,50,1,FOOD,203
1356,62,4,HEALTHCARE,2916
1357,64,5,FOOD,3087
1358,32,1,FOOD,204
1359,12,2,,1369
1360,63,1,FINANCEINSURANCE,205
1361,69,2,,1369
1362,29,4,HEALTHCARE,2916
1363,65,3,HEALTHCARE,2635
1364,24,2,FOOD,1370
1365,73,6,,3210
1366,62,4,FOOD,2916
1367,68,2,,1370
1368,41,2,FOOD,1371
1369,73,1,,206
1370,2,1,,207
1371,91,5,,3087
1372,28,3,FINANCEINSURANCE,2636
1373,54,1,Unemployed,208
1374,63,5,HEALTHCARE,3087
1375,70,2,,1371
1376,68,2,,1372
1377,63,1,FINANCEINSURANCE,209
1378,67,1,,210
1379,45,2,FOOD,1372
1380,65,2,HEALTHCARE,1373
1381,10,4,,2917
1382,49,6,HEALTHCARE,3210
1383,18,1,HEALTHCARE,211
1384,90,1,,212
1385,27,1,HEALTHCARE,213
1386,35,2,FINANCEINSURANCE,1373
1387,63,3,Unemployed,2636
1388,5,1,,214
1389,59,1,HEALTHCARE,215
1390,17,1,,216
1391,88,3,,2636
1392,68,2,,1374
1393,39,1,FOOD,217
1394,23,3,HEALTHCARE,2637
1395,61,2,FOOD,1374
1396,7,1,,218
1397,25,2,SCIENTIFICTECHNICAL,1375
1398,35,2,FINANCEINSURANCE,1375
1399,14,2,,1376
1400,53,2,FOOD,1376
1401,44,5,HEALTHCARE,3087
1402,27,6,FOOD,3210
1403,20,2,HEALTHCARE,1377
1404,97,6,,3210
1405,24,4,FOOD,2917
1406,41,2,FOOD,1377
1407,12,2,,1378
1408,26,5,FOOD,3088
1409,14,5,,3088
1410,32,2,FOOD,1378
1411,2,1,,219
1412,46,1,FOOD,220
1413,74,4,,2917
1414,12,5,,3088
1415,45,2,WASTEMANAGEMENT,1379
1416,2,2,,1379
1417,61,2,FOOD,1380
1418,15,1,,221
1419,42,2,HEALTHCARE,1380
1420,9,1,,222
1421,26,3,HEALTHCARE,2637
1422,95,1,,223
1423,44,1,HEALTHCARE,224
1424,4,2,,1381
1425,2,5,,3088
1426,62,5,FINANCEINSURANCE,3088
1427,47,2,Unemployed,1381
1428,56,3,HEALTHCARE,2637
1429,16,2,,1382
1430,54,5,Unemployed,3089
1431,18,2,HEALTHCARE,1382
1432,38,4,HEALTHCARE,2917
1433,2,6,,3210
1434,55,5,HEALTHCARE,3089
1435,73,2,,1383
1436,56,2,HEALTHCARE,1383
1437,54,4,FINANCEINSURANCE,2918
1438,75,3,,2638
1439,53,3,FOOD,2638
1440,4,1,,225
1441,65,2,FOOD,1384
1442,20,3,SCIENTIFICTECHNICAL,2638
1443,68,5,,3089
1444,62,1,FOOD,226
1445,62,2,HEALTHCARE,1384
1446,55,2,FOOD,1385
1447,14,2,,1385
1448,31,1,HEALTHCARE,227
1449,23,5,FINANCEINSURANCE,3089
1450,31,4,HEALTHCARE,2918
1451,56,2,HEALTHCARE,1386
1452,44,2,HEALTHCARE,1386
1453,67,2,,1387
1454,53,1,FOOD,228
1455,41,6,Unemployed,3211
1456,34,1,Unemployed,229
1457,19,3,FOOD,2639
1458,16,2,,1387
1459,53,3,HEALTHCARE,2639
1460,19,2,FOOD,1388
1461,54,2,HEALTHCARE,1388
1462,95,2,,1389
1463,64,2,FOOD,1389
1464,69,5,,3089
1465,78,5,,3090
1466,81,6,,3211
1467,33,2,FOOD,1390
1468,14,1,,230
1469,74,2,,1390
1470,55,2,FOOD,1391
1471,6,1,,231
1472,67,2,,1391
1473,26,2,HEALTHCARE,1392
1474,59,6,FOOD,3211
1475,54,5,FOOD,3090
1476,20,3,HEALTHCARE,2639
1477,22,3,HEALTHCARE,2640
1478,52,6,Unemployed,3211
1479,79,3,,2640
1480,51,6,WASTEMANAGEMENT,3211
1481,76,2,,1392
1482,52,3,FOOD,2640
1483,66,2,,1393
1484,39,2,FOOD,1393
1485,48,4,HEALTHCARE,2918
1486,33,6,FOOD,3211
1487,13,3,,2641
1488,24,3,HEALTHCARE,2641
1489,60,2,FINANCEINSURANCE,1394
1490,31,2,WASTEMANAGEMENT,1394
1491,20,1,HEALTHCARE,232
1492,29,6,FOOD,3212
1493,28,3,FINANCEINSURANCE,2641
1494,24,2,HEALTHCARE,1395
1495,99,2,,1395
1496,65,1,HEALTHCARE,233
1497,37,6,WASTEMANAGEMENT,3212
1498,37,3,HEALTHCARE,2642
1499,38,1,FINANCEINSURANCE,234
1500,55,1,HEALTHCARE,235
1501,21,3,HEALTHCARE,2642
1502,17,3,,2642
1503,76,4,,2918
1504,96,4,,2919
1505,61,1,HEALTHCARE,236
1506,16,2,,1396
1507,30,6,HEALTHCARE,3212
1508,37,4,FOOD,2919
1509,53,1,FOOD,237
1510,74,5,,3090
1511,56,4,HEALTHCARE,2919
1512,49,4,SCIENTIFICTECHNICAL,2919
1513,17,4,,2920
1514,96,2,,1396
1515,55,2,FINANCEINSURANCE,1397
1516,28,2,FOOD,1397
1517,38,3,HEALTHCARE,2643
1518,58,4,HEALTHCARE,2920
1519,30,2,HEALTHCARE,1398
1520,67,3,,2643
1521,33,6,FOOD,3212
1522,4,2,,1398
1523,13,2,,1399
1524,53,1,Unemployed,238
1525,61,1,HEALTHCARE,239
1526,8,3,,2643
1527,17,1,,240
1528,67,2,,1399
1529,33,3,SCIENTIFICTECHNICAL,2644
1530,39,2,FOOD,1400
1531,48,6,FOOD,3212
1532,21,2,Unemployed,1400
1533,32,4,FOOD,2920
1534,75,2,,1401
1535,85,1,,241
1536,35,1,FOOD,242
1537,22,6,FINANCEINSURANCE,3212
1538,77,1,,243
1539,20,2,FOOD,1401
1540,37,2,FOOD,1402
1541,36,2,HEALTHCARE,1402
1542,19,2,HEALTHCARE,1403
1543,2,2,,1403
1544,53,2,FINANCEINSURANCE,1404
1545,24,6,FOOD,3213
1546,13,4,,2920
1547,78,2,,1404
1548,82,5,,3090
1549,11,2,,1405
1550,25,2,FOOD,1405
1551,11,2,,1406
1552,75,5,,3090
1553,72,2,,1406
1554,55,2,FINANCEINSURANCE,1407
1555,6,2,,1407
1556,2,2,,1408
1557,59,2,FOOD,1408
1558,17,2,,1409
1559,32,2,HEALTHCARE,1409
1560,54,4,HEALTHCARE,2921
1561,25,5,FINANCEINSURANCE,3091
1562,30,4,FINANCEINSURANCE,2921
1563,10,2,,1410
1564,56,2,FINANCEINSURANCE,1410
1565,53,2,FOOD,1411
1566,66,1,,244
1567,65,2,HEALTHCARE,1411
1568,78,3,,2644
1569,67,1,,245
1570,55,1,OTHER,246
1571,68,2,,1412
1572,52,2,Unemployed,1412
1573,70,2,,1413
1574,3,1,,247
1575,10,3,,2644
1576,84,2,,1413
1577,41,3,FOOD,2645
1578,31,5,HEALTHCARE,3091
1579,39,2,HEALTHCARE,1414
1580,36,2,Unemployed,1414
1581,35,2,FINANCEINSURANCE,1415
1582,51,2,FOOD,1415
1583,40,6,FOOD,3213
1584,46,2,FOOD,1416
1585,40,4,HEALTHCARE,2921
1586,57,4,HEALTHCARE,2921
1587,20,2,FOOD,1416
1588,54,3,HEALTHCARE,2645
1589,69,2,,1417
1590,20,2,FOOD,1417
1591,55,2,FOOD,1418
1592,19,2,FINANCEINSURANCE,1418
1593,72,3,,2645
1594,56,2,OTHER,1419
1595,61,2,FOOD,1419
1596,9,5,,3091
1597,2,1,,248
1598,53,2,FOOD,1420
1599,41,2,HEALTHCARE,1420
1600,78,2,,1421
1601,1,6,,3213
1602,69,2,,1421
1603,8,2,,1422
1604,77,4,,2922
1605,51,6,FINANCEINSURANCE,3213
1606,46,5,HEALTHCARE,3091
1607,25,2,FOOD,1422
1608,69,2,,1423
1609,73,2,,1423
1610,69,6,,3213
1611,68,2,,1424
1612,48,6,FOOD,3213
1613,39,4,HEALTHCARE,2922
1614,21,1,Unemployed,249
1615,78,2,,1424
1616,50,2,FOOD,1425
1617,13,4,,2922
1618,21,1,FOOD,250
1619,9,4,,2922
1620,15,4,,2923
1621,61,2,FOOD,1425
1622,39,5,FOOD,3091
1623,42,3,FINANCEINSURANCE,2646
1624,2,1,,251
1625,55,1,SCIENTIFICTECHNICAL,252
1626,18,3,FOOD,2646
1627,38,6,HEALTHCARE,3214
1628,77,1,,253
1629,36,5,FOOD,3092
1630,13,2,,1426
1631,26,6,FOOD,3214
1632,27,2,HEALTHCARE,1426
1633,5,2,,1427
1634,61,2,HEALTHCARE,1427
1635,76,3,,2646
1636,27,5,FOOD,3092
1637,61,2,HEALTHCARE,1428
1638,63,2,FINANCEINSURANCE,1428
1639,12,3,,2647
1640,46,1,HEALTHCARE,254
1641,18,2,HEALTHCARE,1429
1642,51,2,FOOD,1429
1643,70,1,,255
1644,42,4,FOOD,2923
1645,21,1,FOOD,256
1646,44,2,FOOD,1430
1647,58,2,HEALTHCARE,1430
1648,97,1,,257
1649,47,4,HEALTHCARE,2923
1650,70,4,,2923
1651,14,4,,2924
1652,30,4,HEALTHCARE,2924
1653,16,5,,3092
1654,67,2,,1431
1655,27,4,HEALTHCARE,2924
1656,67,2,,1431
1657,10,3,,2647
1658,38,4,FOOD,2924
1659,21,1,OTHER,258
1660,29,5,FOOD,3092
1661,13,6,,3214
1662,47,2,FOOD,1432
1663,70,1,,259
1664,93,2,,1432
1665,16,2,,1433
1666,56,2,FOOD,1433
1667,2,6,,3214
1668,17,5,,3092
1669,4,2,,1434
1670,23,3,HEALTHCARE,2647
1671,35,2,Unemployed,1434
1672,15,3,,2648
1673,74,3,,2648
1674,87,2,,1435
1675,32,4,FOOD,2925
1676,94,4,,2925
1677,53,2,WASTEMANAGEMENT,1435
1678,40,4,FINANCEINSURANCE,2925
1679,40,2,FOOD,1436
1680,52,2,HEALTHCARE,1436
1681,61,3,FOOD,2648
1682,54,2,HEALTHCARE,1437
1683,67,2,,1437
1684,60,3,Unemployed,2649
1685,58,2,FOOD,1438
1686,21,1,HEALTHCARE,260
1687,51,2,FOOD,1438
1688,18,2,WASTEMANAGEMENT,1439
1689,52,2,FOOD,1439
1690,69,1,,261
1691,60,3,HEALTHCARE,2649
1692,69,3,,2649
1693,35,5,HEALTHCARE,3093
1694,51,2,FINANCEINSURANCE,1440
1695,59,2,FOOD,1440
1696,11,1,,262
1697,13,4,,2925
1698,72,2,,1441
1699,62,4,HEALTHCARE,2926
1700,33,4,HEALTHCARE,2926
1701,59,2,FOOD,1441
1702,50,3,FOOD,2650
1703,63,4,HEALTHCARE,2926
1704,70,2,,1442
1705,18,4,FOOD,2926
1706,16,2,,1442
1707,28,6,FINANCEINSURANCE,3214
1708,70,4,,2927
1709,11,1,,263
1710,67,2,,1443
1711,53,1,FOOD,264
1712,12,2,,1443
1713,24,3,FOOD,2650
1714,40,4,HEALTHCARE,2927
1715,40,4,HEALTHCARE,2927
1716,65,2,FOOD,1444
1717,58,2,HEALTHCARE,1444
1718,16,2,,1445
1719,26,1,HEALTHCARE,265
1720,34,3,FOOD,2650
1721,59,3,FOOD,2651
1722,60,2,FOOD,1445
1723,34,3,FINANCEINSURANCE,2651
1724,38,2,HEALTHCARE,1446
1725,36,3,FOOD,2651
1726,43,5,FINANCEINSURANCE,3093
1727,56,4,FINANCEINSURANCE,2927
1728,40,2,HEALTHCARE,1446
1729,27,2,FOOD,1447
1730,49,2,FINANCEINSURANCE,1447
1731,25,4,SCIENTIFICTECHNICAL,2928
1732,24,4,FOOD,2928
1733,42,2,FOOD,1448
1734,60,1,Unemployed,266
1735,77,2,,1448
1736,20,1,FOOD,267
1737,54,4,OTHER,2928
1738,8,2,,1449
1739,60,2,FOOD,1449
1740,11,4,,2928
1741,34,5,HEALTHCARE,3093
1742,53,2,Unemployed,1450
1743,20,2,FOOD,1450
1744,40,4,HEALTHCARE,2929
1745,13,2,,1451
1746,68,2,,1451
1747,6,3,,2652
1748,13,2,,1452
1749,0,2,,1452
1750,55,2,FOOD,1453
1751,42,3,FOOD,2652
1752,28,3,FOOD,2652
1753,60,2,FOOD,1453
1754,54,2,FOOD,1454
1755,3,5,,3093
1756,91,2,,1454
1757,69,1,,268
1758,54,2,FINANCEINSURANCE,1455
1759,20,2,SCIENTIFICTECHNICAL,1455
1760,34,5,HEALTHCARE,3093
1761,34,5,HEALTHCARE,3094
1762,94,5,,3094
1763,10,2,,1456
1764,5,4,,2929
1765,8,1,,269
1766,12,1,,270
1767,32,2,FOOD,1456
1768,71,2,,1457
1769,55,3,FOOD,2653
1770,47,5,FOOD,3094
1771,14,5,,3094
1772,65,2,FINANCEINSURANCE,1457
1773,44,3,HEALTHCARE,2653
1774,78,2,,1458
1775,62,3,FOOD,2653
1776,51,4,HEALTHCARE,2929
1777,57,3,FOOD,2654
1778,57,2,HEALTHCARE,1458
1779,56,5,FINANCEINSURANCE,3094
1780,75,2,,1459
1781,73,3,,2654
1782,23,2,HEALTHCARE,1459
1783,77,2,,1460
1784,60,3,HEALTHCARE,2654
1785,95,2,,1460
1786,25,5,HEALTHCARE,3095
1787,42,1,FOOD,271
1788,35,3,HEALTHCARE,2655
1789,56,3,FINANCEINSURANCE,2655
1790,63,3,HEALTHCARE,2655
1791,78,1,,272
1792,92,1,,273
1793,28,2,Unemployed,1461
1794,36,2,FOOD,1461
1795,27,2,FOOD,1462
1796,69,2,,1462
1797,49,3,FOOD,2656
1798,58,2,FOOD,1463
1799,82,2,,1463
1800,37,2,HEALTHCARE,1464
1801,38,4,FOOD,2929
1802,61,1,FINANCEINSURANCE,274
1803,64,2,FOOD,1464
1804,28,2,FOOD,1465
1805,6,5,,3095
1806,67,2,,1465
1807,36,4,FINANCEINSURANCE,2930
1808,82,2,,1466
1809,26,4,OTHER,2930
1810,25,2,FOOD,1466
1811,66,2,,1467
1812,72,4,,2930
1813,52,1,HEALTHCARE,275
1814,70,2,,1467
1815,47,2,HEALTHCARE,1468
1816,2,2,,1468
1817,43,1,FOOD,276
1818,47,1,HEALTHCARE,277
1819,70,5,,3095
1820,61,2,FINANCEINSURANCE,1469
1821,25,2,HEALTHCARE,1469
1822,54,5,FINANCEINSURANCE,3095
1823,58,3,FOOD,2656
1824,51,2,FOOD,1470
1825,64,2,FOOD,1470
1826,48,3,FOOD,2656
1827,30,2,FINANCEINSURANCE,1471
1828,65,1,FOOD,278
1829,73,1,,279
1830,10,2,,1471
1831,54,2,FOOD,1472
1832,79,2,,1472
1833,52,5,FOOD,3095
1834,68,2,,1473
1835,66,1,,280
1836,63,2,Unemployed,1473
1837,37,2,HEALTHCARE,1474
1838,48,3,FINANCEINSURANCE,2657
1839,6,4,,2930
1840,57,2,HEALTHCARE,1474
1841,72,4,,2931
1842,79,6,,3214
1843,56,4,FINANCEINSURANCE,2931
1844,65,2,FOOD,1475
1845,63,2,FINANCEINSURANCE,1475
1846,67,2,,1476
1847,59,2,FOOD,1476
1848,29,1,FOOD,281
1849,97,4,,2931
1850,42,4,FOOD,2931
1851,5,5,,3096
1852,43,1,HEALTHCARE,282
1853,38,2,FOOD,1477
1854,59,4,HEALTHCARE,2932
1855,59,3,FOOD,2657
1856,73,2,,1477
1857,29,2,FINANCEINSURANCE,1478
1858,42,3,FINANCEINSURANCE,2657
1859,46,5,FOOD,3096
1860,49,2,FOOD,1478
1861,76,3,,2658
1862,51,3,FOOD,2658
1863,37,3,FINANCEINSURANCE,2658
1864,26,2,HEALTHCARE,1479
1865,20,1,WASTEMANAGEMENT,283
1866,11,1,,284
1867,52,2,Unemployed,1479
1868,28,1,FOOD,285
1869,73,2,,1480
1870,64,2,FOOD,1480
1871,29,3,SCIENTIFICTECHNICAL,2659
1872,29,2,FOOD,1481
1873,18,2,HEALTHCARE,1481
1874,69,1,,286
1875,15,4,,2932
1876,24,2,HEALTHCARE,1482
1877,52,5,HEALTHCARE,3096
1878,49,4,HEALTHCARE,2932
1879,56,2,FOOD,1482
1880,46,6,HEALTHCARE,3215
1881,11,2,,1483
1882,34,2,SCIENTIFICTECHNICAL,1483
1883,21,2,HEALTHCARE,1484
1884,85,3,,2659
1885,26,5,HEALTHCARE,3096
1886,71,4,,2932
1887,9,2,,1484
1888,65,1,FOOD,287
1889,56,3,HEALTHCARE,2659
1890,70,1,,288
1891,74,2,,1485
1892,59,2,FOOD,1485
1893,69,2,,1486
1894,46,2,FOOD,1486
1895,57,1,FOOD,289
1896,10,5,,3096
1897,76,1,,290
1898,5,2,,1487
1899,54,2,FOOD,1487
1900,8,1,,291
1901,75,3,,2660
1902,10,6,,3215
1903,5,3,,2660
1904,64,2,HEALTHCARE,1488
1905,76,2,,1488
1906,30,1,FOOD,292
1907,11,2,,1489
1908,65,2,HEALTHCARE,1489
1909,83,2,,1490
1910,44,2,FOOD,1490
1911,16,4,,2933
1912,14,2,,1491
1913,66,3,,2660
1914,10,2,,1491
1915,59,3,WASTEMANAGEMENT,2661
1916,46,2,FOOD,1492
1917,30,1,Unemployed,293
1918,74,3,,2661
1919,58,2,FOOD,1492
1920,35,3,Unemployed,2661
1921,70,1,,294
1922,40,2,Unemployed,1493
1923,44,2,HEALTHCARE,1493
1924,9,2,,1494
1925,60,2,HEALTHCARE,1494
1926,23,1,FOOD,295
1927,59,2,FOOD,1495
1928,33,2,FOOD,1495
1929,65,1,HEALTHCARE,296
1930,51,2,HEALTHCARE,1496
1931,75,2,,1496
1932,71,4,,2933
1933,67,3,,2662
1934,23,1,FINANCEINSURANCE,297
1935,45,1,FOOD,298
1936,44,1,WASTEMANAGEMENT,299
1937,44,6,FOOD,3215
1938,42,2,HEALTHCARE,1497
1939,20,2,SCIENTIFICTECHNICAL,1497
1940,70,3,,2662
1941,51,3,Unemployed,2662
1942,18,2,FOOD,1498
1943,10,3,,2663
1944,37,3,SCIENTIFICTECHNICAL,2663
1945,29,2,OTHER,1498
1946,61,2,FOOD,1499
1947,5,2,,1499
1948,60,5,HEALTHCARE,3097
1949,29,4,FOOD,2933
1950,35,4,FOOD,2933
1951,7,2,,1500
1952,72,2,,1500
1953,57,6,HEALTHCARE,3215
1954,51,2,FOOD,1501
1955,72,3,,2663
1956,12,2,,1501
1957,63,3,Unemployed,2664
1958,48,2,FOOD,1502
1959,1,2,,1502
1960,69,6,,3215
1961,20,2,FOOD,1503
1962,4,3,,2664
1963,61,1,HEALTHCARE,300
1964,56,4,HEALTHCARE,2934
1965,34,2,HEALTHCARE,1503
1966,41,2,HEALTHCARE,1504
1967,36,2,FOOD,1504
1968,70,1,,301
1969,47,2,HEALTHCARE,1505
1970,46,4,HEALTHCARE,2934
1971,44,2,OTHER,1505
1972,30,2,FINANCEINSURANCE,1506
1973,76,2,,1506
1974,55,2,WASTEMANAGEMENT,1507
1975,78,2,,1507
1976,55,2,HEALTHCARE,1508
1977,1,3,,2664
1978,28,3,Unemployed,2665
1979,70,1,,302
1980,57,2,FOOD,1508
1981,74,1,,303
1982,30,1,FOOD,304
1983,53,2,FOOD,1509
1984,23,1,OTHER,305
1985,5,2,,1509
1986,34,1,FOOD,306
1987,9,1,,307
1988,98,2,,1510
1989,49,4,FOOD,2934
1990,7,3,,2665
1991,56,2,FINANCEINSURANCE,1510
1992,2,3,,2665
1993,60,3,FOOD,2666
1994,41,2,FOOD,1511
1995,49,3,FINANCEINSURANCE,2666
1996,65,3,FOOD,2666
1997,15,6,,3215
1998,3,5,,3097
1999,42,2,FOOD,1511
2000,57,2,HEALTHCARE,1512
2001,30,5,FINANCEINSURANCE,3097
2002,48,2,HEALTHCARE,1512
2003,39,2,FOOD,1513
2004,9,2,,1513
2005,1,4,,2934
2006,50,1,FOOD,308
2007,39,5,FOOD,3097
2008,20,2,HEALTHCARE,1514
2009,65,2,FINANCEINSURANCE,1514
2010,0,5,,3097
2011,53,2,HEALTHCARE,1515
2012,58,2,FOOD,1515
2013,43,6,HEALTHCARE,3216
2014,37,3,HEALTHCARE,2667
2015,66,2,,1516
2016,74,5,,3098
2017,28,2,HEALTHCARE,1516
2018,55,2,FOOD,1517
2019,38,5,HEALTHCARE,3098
2020,89,3,,2667
2021,9,2,,1517
2022,85,5,,3098
2023,70,5,,3098
2024,53,2,FOOD,1518
2025,63,1,FOOD,309
2026,53,5,HEALTHCARE,3098
2027,78,2,,1518
2028,57,2,FOOD,1519
2029,30,3,FOOD,2667
2030,5,2,,1519
2031,70,2,,1520
2032,76,1,,310
2033,78,3,,2668
2034,43,2,FOOD,1520
2035,80,5,,3099
2036,59,2,HEALTHCARE,1521
2037,54,1,FOOD,311
2038,66,3,,2668
2039,61,3,HEALTHCARE,2668
2040,76,4,,2935
2041,61,5,FINANCEINSURANCE,3099
2042,14,2,,1521
2043,69,2,,1522
2044,79,2,,1522
2045,21,2,FOOD,1523
2046,42,3,Unemployed,2669
2047,96,5,,3099
2048,38,4,FOOD,2935
2049,17,5,,3099
2050,37,5,FOOD,3099
2051,29,1,FOOD,312
2052,61,6,FOOD,3216
2053,15,4,,2935
2054,51,1,FOOD,313
2055,47,2,FOOD,1523
2056,66,2,,1524
2057,51,4,FOOD,2935
2058,61,2,HEALTHCARE,1524
2059,29,2,HEALTHCARE,1525
2060,71,2,,1525
2061,60,4,FINANCEINSURANCE,2936
2062,51,1,HEALTHCARE,314
2063,71,5,,3100
2064,67,2,,1526
2065,46,1,FOOD,315
2066,18,5,FINANCEINSURANCE,3100
2067,28,3,HEALTHCARE,2669
2068,33,6,FOOD,3216
2069,78,2,,1526
2070,8,2,,1527
2071,37,2,FINANCEINSURANCE,1527
2072,59,1,WASTEMANAGEMENT,316
2073,71,2,,1528
2074,88,2,,1528
2075,77,4,,2936
2076,77,2,,1529
2077,67,3,,2669
2078,51,3,HEALTHCARE,2670
2079,51,2,HEALTHCARE,1529
2080,23,2,FOOD,1530
2081,20,2,FINANCEINSURANCE,1530
2082,54,5,HEALTHCARE,3100
2083,91,5,,3100
2084,26,6,FOOD,3216
2085,62,3,FOOD,2670
2086,42,5,HEALTHCARE,3100
2087,33,2,HEALTHCARE,1531
2088,36,2,FOOD,1531
2089,17,2,,1532
2090,51,2,FOOD,1532
2091,64,2,FOOD,1533
2092,47,1,HEALTHCARE,317
2093,70,2,,1533
2094,10,2,,1534
2095,64,2,HEALTHCARE,1534
2096,37,6,HEALTHCARE,3216
2097,31,2,FINANCEINSURANCE,1535
2098,23,1,FOOD,318
2099,87,2,,1535
2100,65,4,HEALTHCARE,2936
2101,59,1,FOOD,319
2102,20,2,HEALTHCARE,1536
2103,59,3,FOOD,2670
2104,26,2,FINANCEINSURANCE,1536
2105,65,4,FOOD,2936
2106,77,4,,2937
2107,46,2,FOOD,1537
2108,4,1,,320
2109,52,1,FOOD,321
2110,72,6,,3216
2111,5,1,,322
2112,10,6,,3217
2113,49,2,FOOD,1537
2114,10,5,,3101
2115,61,2,FOOD,1538
2116,62,5,FOOD,3101
2117,58,1,HEALTHCARE,323
2118,22,6,FOOD,3217
2119,59,1,OTHER,324
2120,6,2,,1538
2121,6,4,,2937
2122,37,5,FINANCEINSURANCE,3101
2123,73,1,,325
2124,23,1,FOOD,326
2125,25,3,HEALTHCARE,2671
2126,60,3,FINANCEINSURANCE,2671
2127,31,3,FOOD,2671
2128,61,1,FOOD,327
2129,13,3,,2672
2130,10,2,,1539
2131,58,6,FOOD,3217
2132,54,5,HEALTHCARE,3101
2133,52,3,FINANCEINSURANCE,2672
2134,33,4,FOOD,2937
2135,51,2,FOOD,1539
2136,59,1,HEALTHCARE,328
2137,2,2,,1540
2138,81,2,,1540
2139,71,4,,2937
2140,71,2,,1541
2141,65,2,FINANCEINSURANCE,1541
2142,15,1,,329
2143,31,3,WASTEMANAGEMENT,2672
2144,53,5,FOOD,3101
2145,61,2,FINANCEINSURANCE,1542
2146,45,2,FOOD,1542
2147,45,3,HEALTHCARE,2673
2148,70,2,,1543
2149,42,2,FOOD,1543
2150,78,4,,2938
2151,27,2,Unemployed,1544
2152,50,5,FOOD,3102
2153,61,5,FOOD,3102
2154,45,2,FINANCEINSURANCE,1544
2155,78,2,,1545
2156,21,3,FOOD,2673
2157,65,2,HEALTHCARE,1545
2158,23,3,HEALTHCARE,2673
2159,41,2,HEALTHCARE,1546
2160,56,2,FINANCEINSURANCE,1546
2161,76,2,,1547
2162,19,4,FOOD,2938
2163,61,4,OTHER,2938
2164,45,1,FOOD,330
2165,19,3,FINANCEINSURANCE,2674
2166,37,4,FINANCEINSURANCE,2938
2167,53,1,HEALTHCARE,331
2168,37,5,FOOD,3102
2169,68,2,,1547
2170,34,3,FINANCEINSURANCE,2674
2171,13,1,,332
2172,60,6,FINANCEINSURANCE,3217
2173,46,4,OTHER,2939
2174,56,2,WASTEMANAGEMENT,1548
2175,7,1,,333
2176,23,4,FOOD,2939
2177,23,2,FOOD,1548
2178,62,1,HEALTHCARE,334
2179,40,3,FINANCEINSURANCE,2674
2180,36,4,HEALTHCARE,2939
2181,40,6,SCIENTIFICTECHNICAL,3217
2182,20,4,FINANCEINSURANCE,2939
2183,56,4,FOOD,2940
2184,4,6,,3217
2185,58,2,OTHER,1549
2186,59,3,HEALTHCARE,2675
2187,51,5,FOOD,3102
2188,43,2,FOOD,1549
2189,64,5,HEALTHCARE,3102
2190,56,3,OTHER,2675
2191,66,5,,3103
2192,57,6,HEALTHCARE,3218
2193,45,2,HEALTHCARE,1550
2194,27,2,FOOD,1550
2195,70,6,,3218
2196,72,2,,1551
2197,7,1,,335
2198,74,6,,3218
2199,62,1,FOOD,336
2200,74,2,,1551
2201,46,4,FOOD,2940
2202,57,1,FINANCEINSURANCE,337
2203,19,4,FINANCEINSURANCE,2940
2204,39,1,FOOD,338
2205,64,2,FOOD,1552
2206,8,2,,1552
2207,66,3,,2675
2208,3,5,,3103
2209,32,4,FOOD,2940
2210,29,2,Unemployed,1553
2211,64,1,FOOD,339
2212,36,1,FOOD,340
2213,35,2,OTHER,1553
2214,70,1,,341
2215,43,3,FOOD,2676
2216,63,3,FOOD,2676
2217,27,5,HEALTHCARE,3103
2218,88,2,,1554
2219,61,1,FOOD,342
2220,77,1,,343
2221,71,5,,3103
2222,34,3,Unemployed,2676
2223,55,2,WASTEMANAGEMENT,1554
2224,78,6,,3218
2225,44,2,Unemployed,1555
2226,35,3,FOOD,2677
2227,8,2,,1555
2228,98,4,,2941
2229,69,4,,2941
2230,61,2,FINANCEINSURANCE,1556
2231,36,2,FOOD,1556
2232,69,1,,344
2233,59,5,HEALTHCARE,3103
2234,25,4,FINANCEINSURANCE,2941
2235,28,2,HEALTHCARE,1557
2236,28,1,FOOD,345
2237,63,4,FOOD,2941
2238,57,2,HEALTHCARE,1557
2239,58,2,HEALTHCARE,1558
2240,4,2,,1558
2241,6,4,,2942
2242,20,6,HEALTHCARE,3218
2243,14,2,,1559
2244,69,2,,1559
2245,48,1,FINANCEINSURANCE,346
2246,31,1,SCIENTIFICTECHNICAL,347
2247,75,5,,3104
2248,60,2,SCIENTIFICTECHNICAL,1560
2249,91,2,,1560
2250,45,2,Unemployed,1561
2251,37,5,FOOD,3104
2252,11,3,,2677
2253,56,2,FOOD,1561
2254,13,2,,1562
2255,22,1,HEALTHCARE,348
2256,2,3,,2677
2257,44,6,HEALTHCARE,3218
2258,86,2,,1562
2259,25,2,FINANCEINSURANCE,1563
2260,95,6,,3219
2261,55,5,HEALTHCARE,3104
2262,72,2,,1563
2263,57,4,FOOD,2942
2264,50,1,SCIENTIFICTECHNICAL,349
2265,56,3,HEALTHCARE,2678
2266,65,4,HEALTHCARE,2942
2267,36,2,HEALTHCARE,1564
2268,68,1,,350
2269,41,4,Unemployed,2942
2270,28,2,HEALTHCARE,1564
2271,64,5,FOOD,3104
2272,79,1,,351
2273,63,3,FOOD,2678
2274,58,4,OTHER,2943
2275,63,1,FOOD,352
2276,64,4,HEALTHCARE,2943
2277,50,3,FOOD,2678
2278,25,3,FINANCEINSURANCE,2679
2279,64,1,FINANCEINSURANCE,353
2280,12,4,,2943
2281,68,2,,1565
2282,58,1,FOOD,354
2283,43,3,FOOD,2679
2284,68,3,,2679
2285,40,6,HEALTHCARE,3219
2286,68,1,,355
2287,87,1,,356
2288,79,2,,1565
2289,79,2,,1566
2290,54,5,FOOD,3104
2291,53,1,FINANCEINSURANCE,357
2292,70,5,,3105
2293,0,2,,1566
2294,66,6,,3219
2295,65,2,FINANCEINSURANCE,1567
2296,47,2,OTHER,1567
2297,19,3,HEALTHCARE,2680
2298,57,2,FOOD,1568
2299,78,4,,2943
2300,51,2,HEALTHCARE,1568
2301,32,5,FOOD,3105
2302,57,2,FOOD,1569
2303,67,2,,1569
2304,68,2,,1570
2305,63,2,WASTEMANAGEMENT,1570
2306,19,2,FOOD,1571
2307,30,3,HEALTHCARE,2680
2308,42,4,FOOD,2944
2309,0,2,,1571
2310,27,2,HEALTHCARE,1572
2311,96,2,,1572
2312,42,2,FOOD,1573
2313,38,2,FOOD,1573
2314,79,2,,1574
2315,65,3,FOOD,2680
2316,73,3,,2681
2317,50,6,OTHER,3219
2318,41,2,HEALTHCARE,1574
2319,31,1,OTHER,358
2320,77,3,,2681
2321,30,3,FOOD,2681
2322,27,1,HEALTHCARE,359
2323,34,4,FOOD,2944
2324,78,2,,1575
2325,11,6,,3219
2326,25,1,FOOD,360
2327,1,5,,3105
2328,15,5,,3105
2329,33,3,OTHER,2682
2330,11,2,,1575
2331,17,4,,2944
2332,26,5,HEALTHCARE,3105
2333,79,2,,1576
2334,18,3,FOOD,2682
2335,96,2,,1576
2336,53,1,FINANCEINSURANCE,361
2337,24,2,FOOD,1577
2338,45,3,FINANCEINSURANCE,2682
2339,46,5,FOOD,3106
2340,41,1,HEALTHCARE,362
2341,60,3,OTHER,2683
2342,12,2,,1577
2343,12,3,,2683
2344,17,3,,2683
2345,54,4,FOOD,2944
2346,14,1,,363
2347,33,1,HEALTHCARE,364
2348,52,5,HEALTHCARE,3106
2349,67,1,,365
2350,70,1,,366
2351,71,2,,1578
2352,66,5,,3106
2353,75,4,,2945
2354,20,3,FOOD,2684
2355,47,5,FOOD,3106
2356,86,6,,3219
2357,96,2,,1578
2358,86,3,,2684
2359,57,1,FINANCEINSURANCE,367
2360,32,2,FINANCEINSURANCE,1579
2361,43,1,HEALTHCARE,368
2362,68,2,,1579
2363,58,5,HEALTHCARE,3106
2364,79,3,,2684
2365,87,2,,1580
2366,37,4,FOOD,2945
2367,34,2,HEALTHCARE,1580
2368,34,5,FOOD,3107
2369,95,2,,1581
2370,79,1,,369
2371,32,2,HEALTHCARE,1581
2372,62,2,OTHER,1582
2373,69,3,,2685
2374,5,3,,2685
2375,34,3,OTHER,2685
2376,44,2,FOOD,1582
2377,54,2,HEALTHCARE,1583
2378,78,6,,3220
2379,55,3,FOOD,2686
2380,22,3,HEALTHCARE,2686
2381,53,2,FOOD,1583
2382,54,5,HEALTHCARE,3107
2383,50,4,FOOD,2945
2384,21,5,FOOD,3107
2385,75,3,,2686
2386,16,2,,1584
2387,50,2,HEALTHCARE,1584
2388,75,2,,1585
2389,99,6,,3220
2390,32,2,OTHER,1585
2391,3,1,,370
2392,66,2,,1586
2393,23,1,FOOD,371
2394,18,2,OTHER,1586
2395,50,2,FINANCEINSURANCE,1587
2396,57,4,HEALTHCARE,2945
2397,1,6,,3220
2398,23,2,Unemployed,1587
2399,37,3,FOOD,2687
2400,81,5,,3107
2401,78,3,,2687
2402,33,2,FOOD,1588
2403,39,2,HEALTHCARE,1588
2404,66,2,,1589
2405,54,2,FINANCEINSURANCE,1589
2406,28,5,WASTEMANAGEMENT,3107
2407,37,2,FINANCEINSURANCE,1590
2408,16,2,,1590
2409,65,4,Unemployed,2946
2410,75,2,,1591
2411,67,1,,372
2412,58,2,FINANCEINSURANCE,1591
2413,10,1,,373
2414,69,1,,374
2415,56,2,HEALTHCARE,1592
2416,72,1,,375
2417,94,3,,2687
2418,46,2,HEALTHCARE,1592
2419,29,5,FINANCEINSURANCE,3108
2420,46,2,HEALTHCARE,1593
2421,50,2,HEALTHCARE,1593
2422,15,2,,1594
2423,96,2,,1594
2424,49,2,HEALTHCARE,1595
2425,49,4,FINANCEINSURANCE,2946
2426,59,2,FOOD,1595
2427,62,2,FOOD,1596
2428,15,2,,1596
2429,15,3,,2688
2430,61,2,HEALTHCARE,1597
2431,4,5,,3108
2432,21,4,HEALTHCARE,2946
2433,50,3,FOOD,2688
2434,29,3,FOOD,2688
2435,57,2,WASTEMANAGEMENT,1597
2436,66,5,,3108
2437,17,5,,3108
2438,57,2,HEALTHCARE,1598
2439,71,4,,2946
2440,5,3,,2689
2441,39,2,FINANCEINSURANCE,1598
2442,23,5,Unemployed,3108
2443,66,2,,1599
2444,63,4,SCIENTIFICTECHNICAL,2947
2445,70,2,,1599
2446,63,2,HEALTHCARE,1600
2447,95,2,,1600
2448,74,2,,1601
2449,76,2,,1601
2450,38,2,HEALTHCARE,1602
2451,53,2,FOOD,1602
2452,56,4,WASTEMANAGEMENT,2947
2453,33,1,FINANCEINSURANCE,376
2454,96,4,,2947
2455,13,1,,377
2456,73,1,,378
2457,13,2,,1603
2458,71,5,,3109
2459,100,6,,3220
2460,55,1,FOOD,379
2461,22,1,HEALTHCARE,380
2462,71,2,,1603
2463,67,3,,2689
2464,71,3,,2689
2465,18,4,HEALTHCARE,2947
2466,80,2,,1604
2467,32,3,HEALTHCARE,2690
2468,21,3,FOOD,2690
2469,7,6,,3220
2470,51,2,HEALTHCARE,1604
2471,31,2,HEALTHCARE,1605
2472,36,2,HEALTHCARE,1605
2473,39,1,FOOD,381
2474,48,5,FOOD,3109
2475,40,2,HEALTHCARE,1606
2476,93,2,,1606
2477,56,4,HEALTHCARE,2948
2478,54,4,FOOD,2948
2479,68,2,,1607
2480,65,3,FINANCEINSURANCE,2690
2481,16,2,,1607
2482,5,2,,1608
2483,75,5,,3109
2484,13,2,,1608
2485,41,3,HEALTHCARE,2691
2486,57,2,FOOD,1609
2487,75,5,,3109
2488,27,6,Unemployed,3220
2489,38,6,OTHER,3221
2490,61,2,FOOD,1609
2491,71,3,,2691
2492,64,2,HEALTHCARE,1610
2493,51,1,FOOD,382
2494,15,3,,2691
2495,43,1,FOOD,383
2496,40,2,HEALTHCARE,1610
2497,4,5,,3109
2498,74,2,,1611
2499,9,2,,1611
2500,51,1,FINANCEINSURANCE,384
2501,65,2,HEALTHCARE,1612
2502,68,2,,1612
2503,19,4,SCIENTIFICTECHNICAL,2948
2504,75,3,,2692
2505,58,2,HEALTHCARE,1613
2506,74,5,,3110
2507,77,2,,1613
2508,69,5,,3110
2509,7,2,,1614
2510,6,6,,3221
2511,72,3,,2692
2512,40,4,HEALTHCARE,2948
2513,19,1,FOOD,385
2514,76,2,,1614
2515,68,1,,386
2516,61,1,HEALTHCARE,387
2517,55,3,FOOD,2692
2518,67,6,,3221
2519,61,5,FOOD,3110
2520,25,1,FOOD,388
2521,1,1,,389
2522,45,2,FOOD,1615
2523,71,2,,1615
2524,74,2,,1616
2525,52,3,FOOD,2693
2526,72,1,,390
2527,68,1,,391
2528,19,5,Unemployed,3110
2529,52,5,FINANCEINSURANCE,3110
2530,19,2,HEALTHCARE,1616
2531,59,1,HEALTHCARE,392
2532,42,3,FOOD,2693
2533,84,1,,393
2534,1,5,,3111
2535,35,2,OTHER,1617
2536,51,1,FOOD,394
2537,2,2,,1617
2538,75,6,,3221
2539,77,2,,1618
2540,68,3,,2693
2541,8,4,,2949
2542,68,2,,1618
2543,40,5,FINANCEINSURANCE,3111
2544,59,2,HEALTHCARE,1619
2545,47,3,FOOD,2694
2546,68,2,,1619
2547,34,2,FOOD,1620
2548,40,2,FOOD,1620
2549,46,2,FOOD,1621
2550,56,2,FOOD,1621
2551,38,2,FOOD,1622
2552,16,6,,3221
2553,24,2,FOOD,1622
2554,68,3,,2694
2555,12,2,,1623
2556,47,2,HEALTHCARE,1623
2557,17,1,,395
2558,52,3,FOOD,2694
2559,62,2,FOOD,1624
2560,39,2,SCIENTIFICTECHNICAL,1624
2561,44,3,OTHER,2695
2562,5,4,,2949
2563,8,2,,1625
2564,8,2,,1625
2565,77,6,,3221
2566,45,4,FOOD,2949
2567,31,2,HEALTHCARE,1626
2568,45,2,HEALTHCARE,1626
2569,74,1,,396
2570,6,4,,2949
2571,87,1,,397
2572,17,2,,1627
2573,36,2,FOOD,1627
2574,50,2,HEALTHCARE,1628
2575,69,4,,2950
2576,68,3,,2695
2577,75,2,,1628
2578,23,2,HEALTHCARE,1629
2579,69,4,,2950
2580,56,6,FOOD,3222
2581,52,2,FOOD,1629
2582,18,1,HEALTHCARE,398
2583,27,2,SCIENTIFICTECHNICAL,1630
2584,48,5,HEALTHCARE,3111
2585,74,2,,1630
2586,74,2,,1631
2587,51,5,HEALTHCARE,3111
2588,66,2,,1631
2589,45,3,HEALTHCARE,2695
2590,87,2,,1632
2591,4,2,,1632
2592,71,2,,1633
2593,38,2,FOOD,1633
2594,75,2,,1634
2595,78,2,,1634
2596,66,4,,2950
2597,5,2,,1635
2598,7,4,,2950
2599,34,4,FOOD,2951
2600,24,2,FOOD,1635
2601,27,2,Unemployed,1636
2602,20,2,FOOD,1636
2603,13,4,,2951
2604,49,2,FOOD,1637
2605,75,5,,3111
2606,68,6,,3222
2607,85,3,,2696
2608,60,4,FOOD,2951
2609,58,2,FOOD,1637
2610,19,2,FOOD,1638
2611,60,2,HEALTHCARE,1638
2612,2,4,,2951
2613,44,3,HEALTHCARE,2696
2614,47,2,HEALTHCARE,1639
2615,44,5,FOOD,3112
2616,82,2,,1639
2617,8,2,,1640
2618,40,2,HEALTHCARE,1640
2619,49,5,HEALTHCARE,3112
2620,79,2,,1641
2621,32,5,HEALTHCARE,3112
2622,21,4,HEALTHCARE,2952
2623,50,2,FINANCEINSURANCE,1641
2624,18,4,FOOD,2952
2625,25,3,FINANCEINSURANCE,2696
2626,61,2,FOOD,1642
2627,36,2,FOOD,1642
2628,44,3,HEALTHCARE,2697
2629,19,2,FOOD,1643
2630,38,2,FOOD,1643
2631,8,2,,1644
2632,39,3,FOOD,2697
2633,8,2,,1644
2634,49,5,FOOD,3112
2635,31,3,SCIENTIFICTECHNICAL,2697
2636,38,2,FINANCEINSURANCE,1645
2637,44,2,FOOD,1645
2638,50,5,FOOD,3112
2639,51,2,FOOD,1646
2640,69,2,,1646
2641,28,1,Unemployed,399
2642,17,2,,1647
2643,6,5,,3113
2644,25,2,FOOD,1647
2645,29,1,Unemployed,400
2646,98,2,,1648
2647,74,2,,1648
2648,79,5,,3113
2649,90,2,,1649
2650,15,6,,3222
2651,50,2,FOOD,1649
2652,57,2,HEALTHCARE,1650
2653,5,2,,1650
2654,15,2,,1651
2655,29,1,OTHER,401
2656,85,2,,1651
2657,21,1,FOOD,402
2658,85,6,,3222
2659,20,2,FINANCEINSURANCE,1652
2660,44,1,FOOD,403
2661,29,5,FOOD,3113
2662,13,5,,3113
2663,22,2,FINANCEINSURANCE,1652
2664,12,2,,1653
2665,16,5,,3113
2666,64,6,HEALTHCARE,3222
2667,36,1,FOOD,404
2668,62,2,FOOD,1653
2669,84,2,,1654
2670,74,2,,1654
2671,52,5,HEALTHCARE,3114
2672,18,2,FOOD,1655
2673,27,2,FOOD,1655
2674,42,4,HEALTHCARE,2952
2675,58,1,FOOD,405
2676,60,6,Unemployed,3222
2677,12,3,,2698
2678,72,3,,2698
2679,44,3,FOOD,2698
2680,0,2,,1656
2681,11,1,,406
2682,45,2,HEALTHCARE,1656
2683,15,1,,407
2684,70,3,,2699
2685,73,6,,3223
2686,42,3,HEALTHCARE,2699
2687,67,4,,2952
2688,42,1,OTHER,408
2689,21,4,HEALTHCARE,2953
2690,42,1,HEALTHCARE,409
2691,67,2,,1657
2692,86,1,,410
2693,68,1,,411
2694,35,4,FINANCEINSURANCE,2953
2695,83,2,,1657
2696,69,2,,1658
2697,5,3,,2699
2698,57,4,FOOD,2953
2699,39,1,HEALTHCARE,412
2700,59,1,WASTEMANAGEMENT,413
2701,59,6,HEALTHCARE,3223
2702,68,2,,1658
2703,59,1,FINANCEINSURANCE,414
2704,38,5,Unemployed,3114
2705,54,3,FOOD,2700
2706,24,3,HEALTHCARE,2700
2707,15,1,,415
2708,36,2,FOOD,1659
2709,40,1,WASTEMANAGEMENT,416
2710,68,1,,417
2711,16,2,,1659
2712,42,4,SCIENTIFICTECHNICAL,2953
2713,40,1,FOOD,418
2714,37,2,HEALTHCARE,1660
2715,61,2,HEALTHCARE,1660
2716,3,6,,3223
2717,22,3,HEALTHCARE,2700
2718,92,2,,1661
2719,47,2,HEALTHCARE,1661
2720,63,2,OTHER,1662
2721,81,2,,1662
2722,33,1,HEALTHCARE,419
2723,18,2,OTHER,1663
2724,62,3,HEALTHCARE,2701
2725,7,2,,1663
2726,34,2,FOOD,1664
2727,23,2,FOOD,1664
2728,76,2,,1665
2729,27,3,Unemployed,2701
2730,27,2,HEALTHCARE,1665
2731,70,2,,1666
2732,20,3,FOOD,2701
2733,75,2,,1666
2734,48,2,FINANCEINSURANCE,1667
2735,81,2,,1667
2736,76,4,,2954
2737,12,2,,1668
2738,68,2,,1668
2739,62,5,FOOD,3114
2740,91,2,,1669
2741,36,2,FOOD,1669
2742,25,1,FOOD,420
2743,72,3,,2702
2744,62,2,HEALTHCARE,1670
2745,44,2,FOOD,1670
2746,54,2,FOOD,1671
2747,65,2,HEALTHCARE,1671
2748,23,2,FOOD,1672
2749,40,2,FOOD,1672
2750,21,4,FOOD,2954
2751,25,3,SCIENTIFICTECHNICAL,2702
2752,5,5,,3114
2753,29,3,FOOD,2702
2754,97,3,,2703
2755,46,2,SCIENTIFICTECHNICAL,1673
2756,34,5,HEALTHCARE,3114
2757,54,2,HEALTHCARE,1673
2758,68,1,,421
2759,57,2,Unemployed,1674
2760,60,2,HEALTHCARE,1674
2761,9,2,,1675
2762,41,2,HEALTHCARE,1675
2763,57,2,FINANCEINSURANCE,1676
2764,20,1,HEALTHCARE,422
2765,35,1,HEALTHCARE,423
2766,77,6,,3223
2767,62,1,HEALTHCARE,424
2768,46,3,WASTEMANAGEMENT,2703
2769,26,3,HEALTHCARE,2703
2770,64,2,HEALTHCARE,1676
2771,14,2,,1677
2772,40,4,FOOD,2954
2773,58,3,FOOD,2704
2774,43,6,HEALTHCARE,3223
2775,37,2,SCIENTIFICTECHNICAL,1677
2776,13,1,,425
2777,75,1,,426
2778,26,1,HEALTHCARE,427
2779,38,2,HEALTHCARE,1678
2780,73,2,,1678
2781,33,6,FINANCEINSURANCE,3223
2782,66,1,,428
2783,39,4,Unemployed,2954
2784,91,3,,2704
2785,56,1,FOOD,429
2786,48,5,FINANCEINSURANCE,3115
2787,77,2,,1679
2788,61,1,FINANCEINSURANCE,430
2789,52,2,FINANCEINSURANCE,1679
2790,20,5,OTHER,3115
2791,6,3,,2704
2792,57,1,FOOD,431
2793,61,2,FOOD,1680
2794,27,4,HEALTHCARE,2955
2795,33,3,HEALTHCARE,2705
2796,69,5,,3115
2797,37,4,FOOD,2955
2798,15,3,,2705
2799,72,2,,1680
2800,67,2,,1681
2801,59,2,HEALTHCARE,1681
2802,73,2,,1682
2803,41,2,HEALTHCARE,1682
2804,17,2,,1683
2805,85,6,,3224
2806,46,2,FOOD,1683
2807,23,3,FINANCEINSURANCE,2705
2808,66,1,,432
2809,2,3,,2706
2810,63,2,HEALTHCARE,1684
2811,32,3,FINANCEINSURANCE,2706
2812,76,2,,1684
2813,59,2,HEALTHCARE,1685
2814,29,2,FOOD,1685
2815,43,5,WASTEMANAGEMENT,3115
2816,14,5,,3115
2817,60,3,HEALTHCARE,2706
2818,41,2,FOOD,1686
2819,14,1,,433
2820,54,2,FOOD,1686
2821,42,5,FOOD,3116
2822,32,2,HEALTHCARE,1687
2823,57,2,FOOD,1687
2824,25,2,FINANCEINSURANCE,1688
2825,96,5,,3116
2826,74,4,,2955
2827,54,4,HEALTHCARE,2955
2828,1,2,,1688
2829,64,2,SCIENTIFICTECHNICAL,1689
2830,22,1,FOOD,434
2831,60,2,FOOD,1689
2832,59,2,FINANCEINSURANCE,1690
2833,54,5,HEALTHCARE,3116
2834,67,1,,435
2835,52,2,FINANCEINSURANCE,1690
2836,32,2,HEALTHCARE,1691
2837,27,1,FOOD,436
2838,31,1,FOOD,437
2839,95,5,,3116
2840,13,2,,1691
2841,69,1,,438
2842,88,1,,439
2843,64,5,HEALTHCARE,3116
2844,51,2,FINANCEINSURANCE,1692
2845,44,1,FOOD,440
2846,13,2,,1692
2847,54,1,HEALTHCARE,441
2848,81,2,,1693
2849,66,3,,2707
2850,4,1,,442
2851,48,3,HEALTHCARE,2707
2852,36,6,FOOD,3224
2853,21,2,Unemployed,1693
2854,61,2,HEALTHCARE,1694
2855,39,3,FOOD,2707
2856,12,5,,3117
2857,15,6,,3224
2858,13,2,,1694
2859,26,4,FOOD,2956
2860,38,2,Unemployed,1695
2861,75,4,,2956
2862,62,1,Unemployed,443
2863,69,2,,1695
2864,60,2,HEALTHCARE,1696
2865,1,2,,1696
2866,72,2,,1697
2867,54,2,FOOD,1697
2868,65,5,FOOD,3117
2869,67,5,,3117
2870,14,4,,2956
2871,84,3,,2708
2872,14,3,,2708
2873,28,5,FOOD,3117
2874,35,5,FOOD,3117
2875,49,2,HEALTHCARE,1698
2876,37,2,FOOD,1698
2877,48,1,FOOD,444
2878,28,2,HEALTHCARE,1699
2879,13,6,,3224
2880,32,4,FOOD,2956
2881,54,2,Unemployed,1699
2882,53,6,HEALTHCARE,3224
2883,72,2,,1700
2884,42,2,HEALTHCARE,1700
2885,38,2,FOOD,1701
2886,63,2,HEALTHCARE,1701
2887,31,4,HEALTHCARE,2957
2888,15,3,,2708
2889,48,4,HEALTHCARE,2957
2890,39,3,FOOD,2709
2891,11,3,,2709
2892,23,5,HEALTHCARE,3118
2893,40,3,FOOD,2709
2894,72,2,,1702
2895,60,5,HEALTHCARE,3118
2896,1,1,,445
2897,79,3,,2710
2898,4,2,,1702
2899,65,4,FOOD,2957
2900,57,4,HEALTHCARE,2957
2901,59,2,HEALTHCARE,1703
2902,17,2,,1703
2903,79,1,,446
2904,61,2,HEALTHCARE,1704
2905,41,3,FOOD,2710
2906,64,2,FOOD,1704
2907,90,3,,2710
2908,28,2,HEALTHCARE,1705
2909,26,2,Unemployed,1705
2910,61,2,HEALTHCARE,1706
2911,24,4,FINANCEINSURANCE,2958
2912,36,1,FINANCEINSURANCE,447
2913,42,2,Unemployed,1706
2914,65,6,HEALTHCARE,3224
2915,68,2,,1707
2916,36,2,WASTEMANAGEMENT,1707
2917,6,2,,1708
2918,20,2,FOOD,1708
2919,43,1,FOOD,448
2920,100,2,,1709
2921,67,4,,2958
2922,77,2,,1709
2923,55,5,HEALTHCARE,3118
2924,58,2,FOOD,1710
2925,40,1,HEALTHCARE,449
2926,55,4,HEALTHCARE,2958
2927,74,2,,1710
2928,54,3,FINANCEINSURANCE,2711
2929,10,2,,1711
2930,77,5,,3118
2931,8,6,,3225
2932,52,2,FINANCEINSURANCE,1711
2933,60,6,HEALTHCARE,3225
2934,72,3,,2711
2935,64,2,HEALTHCARE,1712
2936,51,3,HEALTHCARE,2711
2937,5,2,,1712
2938,79,1,,450
2939,58,6,FOOD,3225
2940,41,2,FOOD,1713
2941,35,3,FOOD,2712
2942,33,2,FOOD,1713
2943,18,4,HEALTHCARE,2958
2944,5,6,,3225
2945,60,2,FOOD,1714
2946,17,2,,1714
2947,63,3,FOOD,2712
2948,28,2,FOOD,1715
2949,32,3,FOOD,2712
2950,44,4,FOOD,2959
2951,69,1,,451
2952,55,2,FOOD,1715
2953,64,1,WASTEMANAGEMENT,452
2954,5,6,,3225
2955,61,3,HEALTHCARE,2713
2956,9,1,,453
2957,57,2,HEALTHCARE,1716
2958,64,6,FOOD,3225
2959,77,2,,1716
2960,65,5,HEALTHCARE,3118
2961,38,2,OTHER,1717
2962,11,2,,1717
2963,16,3,,2713
2964,71,4,,2959
2965,32,5,HEALTHCARE,3119
2966,62,4,Unemployed,2959
2967,80,3,,2713
2968,22,5,HEALTHCARE,3119
2969,42,3,WASTEMANAGEMENT,2714
2970,70,5,,3119
2971,67,6,,3226
2972,39,1,FOOD,454
2973,66,2,,1718
2974,0,4,,2959
2975,25,2,Unemployed,1718
2976,64,2,FOOD,1719
2977,32,2,WASTEMANAGEMENT,1719
2978,22,2,HEALTHCARE,1720
2979,61,5,Unemployed,3119
2980,52,2,HEALTHCARE,1720
2981,63,3,Unemployed,2714
2982,55,3,FOOD,2714
2983,63,6,FOOD,3226
2984,30,2,HEALTHCARE,1721
2985,71,1,,455
2986,28,2,FINANCEINSURANCE,1721
2987,74,5,,3119
2988,93,2,,1722
2989,50,2,FOOD,1722
2990,61,3,FOOD,2715
2991,0,2,,1723
2992,17,2,,1723
2993,19,2,HEALTHCARE,1724
2994,3,1,,456
2995,95,5,,3120
2996,66,5,,3120
2997,63,2,FOOD,1724
2998,53,3,FOOD,2715
2999,65,3,FOOD,2715
3000,46,2,HEALTHCARE,1725
3001,78,4,,2960
3002,79,3,,2716
3003,59,2,SCIENTIFICTECHNICAL,1725
3004,61,3,FOOD,2716
3005,13,4,,2960
3006,42,3,FOOD,2716
3007,53,4,FOOD,2960
3008,42,2,FOOD,1726
3009,60,2,HEALTHCARE,1726
3010,56,4,FOOD,2960
3011,59,5,Unemployed,3120
3012,70,3,,2717
3013,75,2,,1727
3014,74,2,,1727
3015,37,6,OTHER,3226
3016,64,2,FOOD,1728
3017,83,2,,1728
3018,64,5,FOOD,3120
3019,48,2,FOOD,1729
3020,24,4,HEALTHCARE,2961
3021,66,2,,1729
3022,48,5,FINANCEINSURANCE,3120
3023,41,2,Unemployed,1730
3024,61,3,FOOD,2717
3025,78,2,,1730
3026,7,1,,457
3027,7,1,,458
3028,20,2,FOOD,1731
3029,78,4,,2961
3030,34,4,HEALTHCARE,2961
3031,70,2,,1731
3032,3,1,,459
3033,71,2,,1732
3034,70,2,,1732
3035,11,1,,460
3036,94,3,,2717
3037,36,1,HEALTHCARE,461
3038,67,5,,3121
3039,98,2,,1733
3040,49,2,FOOD,1733
3041,6,5,,3121
3042,16,2,,1734
3043,7,3,,2718
3044,97,1,,462
3045,64,5,FOOD,3121
3046,71,1,,463
3047,40,2,FOOD,1734
3048,59,1,FOOD,464
3049,36,5,HEALTHCARE,3121
3050,49,4,HEALTHCARE,2961
3051,48,2,FOOD,1735
3052,47,1,HEALTHCARE,465
3053,38,2,FOOD,1735
3054,12,2,,1736
3055,43,6,HEALTHCARE,3226
3056,50,3,OTHER,2718
3057,55,2,FOOD,1736
3058,66,4,,2962
3059,9,3,,2718
3060,18,1,FOOD,466
3061,62,2,HEALTHCARE,1737
3062,27,5,FOOD,3121
3063,13,4,,2962
3064,40,5,HEALTHCARE,3122
3065,69,1,,467
3066,40,3,HEALTHCARE,2719
3067,22,5,FOOD,3122
3068,33,1,FINANCEINSURANCE,468
3069,72,1,,469
3070,47,2,HEALTHCARE,1737
3071,43,3,Unemployed,2719
3072,73,3,,2719
3073,46,2,FOOD,1738
3074,1,1,,470
3075,45,4,FOOD,2962
3076,51,2,HEALTHCARE,1738
3077,77,3,,2720
3078,47,2,Unemployed,1739
3079,9,2,,1739
3080,57,2,OTHER,1740
3081,7,1,,471
3082,51,3,FOOD,2720
3083,8,2,,1740
3084,38,2,FINANCEINSURANCE,1741
3085,64,1,FOOD,472
3086,30,2,SCIENTIFICTECHNICAL,1741
3087,19,1,HEALTHCARE,473
3088,53,3,HEALTHCARE,2720
3089,55,4,Unemployed,2962
3090,97,2,,1742
3091,58,2,HEALTHCARE,1742
3092,74,2,,1743
3093,42,4,FOOD,2963
3094,65,2,FOOD,1743
3095,72,2,,1744
3096,47,3,FOOD,2721
3097,36,5,FOOD,3122
3098,54,2,HEALTHCARE,1744
3099,19,2,HEALTHCARE,1745
3100,62,2,FOOD,1745
3101,60,2,HEALTHCARE,1746
3102,69,4,,2963
3103,64,3,FOOD,2721
3104,0,3,,2721
3105,34,3,FOOD,2722
3106,41,2,FOOD,1746
3107,64,6,HEALTHCARE,3226
3108,79,3,,2722
3109,24,2,HEALTHCARE,1747
3110,88,2,,1747
3111,32,1,FINANCEINSURANCE,474
3112,52,1,FOOD,475
3113,53,2,Unemployed,1748
3114,51,4,OTHER,2963
3115,19,1,FOOD,476
3116,37,2,FOOD,1748
3117,32,2,OTHER,1749
3118,8,5,,3122
3119,62,5,HEALTHCARE,3122
3120,28,2,FOOD,1749
3121,45,4,FOOD,2963
3122,81,5,,3123
3123,88,6,,3226
3124,74,1,,477
3125,89,1,,478
3126,41,1,FOOD,479
3127,92,2,,1750
3128,21,5,HEALTHCARE,3123
3129,50,2,FOOD,1750
3130,48,2,HEALTHCARE,1751
3131,5,2,,1751
3132,44,1,HEALTHCARE,480
3133,67,4,,2964
3134,63,5,FOOD,3123
3135,40,2,HEALTHCARE,1752
3136,77,2,,1752
3137,38,2,FOOD,1753
3138,59,2,WASTEMANAGEMENT,1753
3139,58,1,HEALTHCARE,481
3140,12,2,,1754
3141,51,2,HEALTHCARE,1754
3142,39,2,OTHER,1755
3143,55,1,FOOD,482
3144,23,5,HEALTHCARE,3123
3145,70,4,,2964
3146,16,1,,483
3147,10,1,,484
3148,22,2,FOOD,1755
3149,78,2,,1756
3150,50,1,HEALTHCARE,485
3151,9,5,,3123
3152,5,2,,1756
3153,64,2,SCIENTIFICTECHNICAL,1757
3154,76,2,,1757
3155,71,3,,2722
3156,4,2,,1758
3157,39,2,HEALTHCARE,1758
3158,30,4,FOOD,2964
3159,50,2,OTHER,1759
3160,14,4,,2964
3161,43,5,FOOD,3124
3162,56,2,FOOD,1759
3163,33,3,Unemployed,2723
3164,21,2,SCIENTIFICTECHNICAL,1760
3165,5,3,,2723
3166,96,4,,2965
3167,9,3,,2723
3168,56,2,Unemployed,1760
3169,49,4,HEALTHCARE,2965
3170,66,3,,2724
3171,97,2,,1761
3172,13,3,,2724
3173,42,5,HEALTHCARE,3124
3174,63,2,FOOD,1761
3175,33,1,HEALTHCARE,486
3176,38,2,HEALTHCARE,1762
3177,37,1,FINANCEINSURANCE,487
3178,72,3,,2724
3179,68,1,,488
3180,63,2,FINANCEINSURANCE,1762
3181,38,2,FOOD,1763
3182,66,4,,2965
3183,77,2,,1763
3184,19,5,FOOD,3124
3185,39,2,FINANCEINSURANCE,1764
3186,74,3,,2725
3187,45,1,FINANCEINSURANCE,489
3188,3,2,,1764
3189,50,2,FOOD,1765
3190,49,2,HEALTHCARE,1765
3191,13,2,,1766
3192,60,2,FINANCEINSURANCE,1766
3193,12,3,,2725
3194,60,3,FINANCEINSURANCE,2725
3195,69,3,,2726
3196,42,2,HEALTHCARE,1767
3197,66,3,,2726
3198,3,5,,3124
3199,84,2,,1767
3200,65,2,HEALTHCARE,1768
3201,46,2,FOOD,1768
3202,55,2,FOOD,1769
3203,19,2,FINANCEINSURANCE,1769
3204,17,2,,1770
3205,51,2,FOOD,1770
3206,58,4,FOOD,2965
3207,19,2,HEALTHCARE,1771
3208,46,4,HEALTHCARE,2966
3209,39,3,SCIENTIFICTECHNICAL,2726
3210,9,2,,1771
3211,85,3,,2727
3212,44,2,HEALTHCARE,1772
3213,68,5,,3124
3214,58,4,HEALTHCARE,2966
3215,38,1,FOOD,490
3216,6,1,,491
3217,57,2,HEALTHCARE,1772
3218,81,4,,2966
3219,53,3,HEALTHCARE,2727
3220,47,3,HEALTHCARE,2727
3221,65,1,HEALTHCARE,492
3222,63,2,HEALTHCARE,1773
3223,50,2,FOOD,1773
3224,18,1,HEALTHCARE,493
3225,81,4,,2966
3226,51,3,FINANCEINSURANCE,2728
3227,6,2,,1774
3228,5,1,,494
3229,77,2,,1774
3230,82,3,,2728
3231,77,2,,1775
3232,33,3,HEALTHCARE,2728
3233,18,3,FOOD,2729
3234,73,2,,1775
3235,2,6,,3227
3236,56,1,Unemployed,495
3237,54,4,FOOD,2967
3238,36,2,SCIENTIFICTECHNICAL,1776
3239,61,4,Unemployed,2967
3240,36,4,FOOD,2967
3241,68,1,,496
3242,66,2,,1776
3243,57,1,FINANCEINSURANCE,497
3244,96,2,,1777
3245,44,3,FINANCEINSURANCE,2729
3246,94,3,,2729
3247,64,2,HEALTHCARE,1777
3248,68,4,,2967
3249,44,4,FOOD,2968
3250,59,2,FOOD,1778
3251,14,2,,1778
3252,53,2,OTHER,1779
3253,65,2,OTHER,1779
3254,21,3,FINANCEINSURANCE,2730
3255,11,2,,1780
3256,37,6,Unemployed,3227
3257,64,1,HEALTHCARE,498
3258,61,6,FOOD,3227
3259,74,2,,1780
3260,4,3,,2730
3261,30,2,HEALTHCARE,1781
3262,11,3,,2730
3263,50,2,HEALTHCARE,1781
3264,41,2,FOOD,1782
3265,40,6,HEALTHCARE,3227
3266,60,4,FOOD,2968
3267,62,3,SCIENTIFICTECHNICAL,2731
3268,55,5,FOOD,3125
3269,49,1,OTHER,499
3270,22,2,FOOD,1782
3271,4,4,,2968
3272,38,5,FOOD,3125
3273,30,5,FOOD,3125
3274,4,1,,500
3275,65,2,FOOD,1783
3276,52,1,SCIENTIFICTECHNICAL,501
3277,39,3,HEALTHCARE,2731
3278,50,3,FINANCEINSURANCE,2731
3279,79,2,,1783
3280,34,2,HEALTHCARE,1784
3281,45,5,FOOD,3125
3282,66,5,,3125
3283,13,2,,1784
3284,27,3,WASTEMANAGEMENT,2732
3285,16,2,,1785
3286,50,1,HEALTHCARE,502
3287,13,6,,3227
3288,28,3,HEALTHCARE,2732
3289,68,5,,3126
3290,18,1,FOOD,503
3291,16,2,,1785
3292,55,2,FOOD,1786
3293,21,1,FOOD,504
3294,81,5,,3126
3295,64,5,HEALTHCARE,3126
3296,54,4,FOOD,2968
3297,78,2,,1786
3298,67,2,,1787
3299,40,2,FOOD,1787
3300,73,2,,1788
3301,53,2,FOOD,1788
3302,63,2,HEALTHCARE,1789
3303,61,2,FOOD,1789
3304,37,5,FOOD,3126
3305,52,2,HEALTHCARE,1790
3306,60,2,Unemployed,1790
3307,53,2,FOOD,1791
3308,33,2,HEALTHCARE,1791
3309,70,5,,3126
3310,67,2,,1792
3311,49,5,HEALTHCARE,3127
3312,4,2,,1792
3313,73,3,,2732
3314,37,4,FOOD,2969
3315,72,2,,1793
3316,1,2,,1793
3317,78,6,,3227
3318,73,1,,505
3319,51,2,HEALTHCARE,1794
3320,51,4,OTHER,2969
3321,43,4,HEALTHCARE,2969
3322,76,5,,3127
3323,47,2,SCIENTIFICTECHNICAL,1794
3324,38,2,FOOD,1795
3325,27,5,HEALTHCARE,3127
3326,88,5,,3127
3327,0,4,,2969
3328,30,5,HEALTHCARE,3127
3329,71,2,,1795
3330,0,2,,1796
3331,61,2,FOOD,1796
3332,23,2,HEALTHCARE,1797
3333,50,3,FINANCEINSURANCE,2733
3334,59,2,HEALTHCARE,1797
3335,72,6,,3228
3336,69,1,,506
3337,50,3,FOOD,2733
3338,30,6,HEALTHCARE,3228
3339,71,6,,3228
3340,48,6,FOOD,3228
3341,33,5,SCIENTIFICTECHNICAL,3128
3342,58,1,FOOD,507
3343,78,3,,2733
3344,57,2,FOOD,1798
3345,55,2,FINANCEINSURANCE,1798
3346,55,4,Unemployed,2970
3347,76,2,,1799
3348,70,4,,2970
3349,32,2,HEALTHCARE,1799
3350,40,2,HEALTHCARE,1800
3351,37,2,OTHER,1800
3352,20,1,Unemployed,508
3353,45,1,FOOD,509
3354,54,4,HEALTHCARE,2970
3355,49,2,FOOD,1801
3356,94,2,,1801
3357,55,2,FOOD,1802
3358,55,3,FINANCEINSURANCE,2734
3359,48,2,HEALTHCARE,1802
3360,76,5,,3128
3361,28,5,HEALTHCARE,3128
3362,36,2,FOOD,1803
3363,72,1,,510
3364,77,4,,2970
3365,69,2,,1803
3366,15,1,,511
3367,67,3,,2734
3368,25,2,HEALTHCARE,1804
3369,49,2,FOOD,1804
3370,77,1,,512
3371,3,3,,2734
3372,6,3,,2735
3373,63,2,Unemployed,1805
3374,55,3,HEALTHCARE,2735
3375,20,4,HEALTHCARE,2971
3376,95,3,,2735
3377,41,1,HEALTHCARE,513
3378,89,5,,3128
3379,7,2,,1805
3380,48,1,FOOD,514
3381,79,5,,3128
3382,67,2,,1806
3383,68,1,,515
3384,82,2,,1806
3385,62,2,HEALTHCARE,1807
3386,66,2,,1807
3387,46,2,Unemployed,1808
3388,77,2,,1808
3389,72,2,,1809
3390,100,5,,3129
3391,10,3,,2736
3392,35,2,HEALTHCARE,1809
3393,70,3,,2736
3394,37,3,FOOD,2736
3395,11,2,,1810
3396,66,2,,1810
3397,44,2,WASTEMANAGEMENT,1811
3398,67,2,,1811
3399,75,2,,1812
3400,1,1,,516
3401,28,1,HEALTHCARE,517
3402,67,3,,2737
3403,62,2,FOOD,1812
3404,54,4,HEALTHCARE,2971
3405,42,5,HEALTHCARE,3129
3406,6,2,,1813
3407,69,2,,1813
3408,80,2,,1814
3409,12,5,,3129
3410,30,2,HEALTHCARE,1814
3411,47,5,FOOD,3129
3412,65,2,FOOD,1815
3413,69,4,,2971
3414,33,4,FOOD,2971
3415,41,1,HEALTHCARE,518
3416,69,4,,2972
3417,0,1,,519
3418,20,1,HEALTHCARE,520
3419,86,4,,2972
3420,56,3,HEALTHCARE,2737
3421,54,4,FOOD,2972
3422,55,6,WASTEMANAGEMENT,3228
3423,44,2,HEALTHCARE,1815
3424,49,3,SCIENTIFICTECHNICAL,2737
3425,24,2,FOOD,1816
3426,10,5,,3129
3427,10,1,,521
3428,18,1,FOOD,522
3429,26,5,Unemployed,3130
3430,11,2,,1816
3431,18,1,Unemployed,523
3432,67,2,,1817
3433,13,5,,3130
3434,24,1,FOOD,524
3435,52,2,HEALTHCARE,1817
3436,84,1,,525
3437,15,4,,2972
3438,66,2,,1818
3439,10,2,,1818
3440,49,5,HEALTHCARE,3130
3441,75,2,,1819
3442,53,1,Unemployed,526
3443,54,2,HEALTHCARE,1819
3444,18,2,FOOD,1820
3445,27,2,FINANCEINSURANCE,1820
3446,71,5,,3130
3447,47,1,FINANCEINSURANCE,527
3448,6,3,,2738
3449,66,2,,1821
3450,5,2,,1821
3451,56,2,SCIENTIFICTECHNICAL,1822
3452,18,2,OTHER,1822
3453,26,2,SCIENTIFICTECHNICAL,1823
3454,12,3,,2738
3455,22,3,HEALTHCARE,2738
3456,2,5,,3130
3457,92,2,,1823
3458,32,2,FOOD,1824
3459,47,5,FOOD,3131
3460,81,4,,2973
3461,79,4,,2973
3462,21,2,FINANCEINSURANCE,1824
3463,71,3,,2739
3464,33,5,FOOD,3131
3465,72,3,,2739
3466,20,2,HEALTHCARE,1825
3467,25,2,FINANCEINSURANCE,1825
3468,14,2,,1826
3469,66,1,,528
3470,3,2,,1826
3471,81,2,,1827
3472,30,2,HEALTHCARE,1827
3473,67,1,,529
3474,57,2,HEALTHCARE,1828
3475,24,3,HEALTHCARE,2739
3476,38,6,FOOD,3228
3477,61,2,HEALTHCARE,1828
3478,20,4,FINANCEINSURANCE,2973
3479,37,5,HEALTHCARE,3131
3480,66,1,,530
3481,73,2,,1829
3482,52,1,FOOD,531
3483,7,2,,1829
3484,8,4,,2973
3485,24,2,HEALTHCARE,1830
3486,12,1,,532
3487,50,4,FOOD,2974
3488,72,6,,3229
3489,45,1,Unemployed,533
3490,25,2,FOOD,1830
3491,12,2,,1831
3492,61,5,HEALTHCARE,3131
3493,13,3,,2740
3494,1,2,,1831
3495,4,2,,1832
3496,69,5,,3131
3497,6,6,,3229
3498,82,1,,534
3499,0,5,,3132
3500,18,2,FINANCEINSURANCE,1832
3501,22,5,FOOD,3132
3502,13,2,,1833
3503,72,5,,3132
3504,14,2,,1833
3505,62,5,FOOD,3132
3506,75,5,,3132
3507,70,3,,2740
3508,38,2,FINANCEINSURANCE,1834
3509,7,6,,3229
3510,61,1,Unemployed,535
3511,92,2,,1834
3512,81,2,,1835
3513,7,5,,3133
3514,87,1,,536
3515,45,2,FOOD,1835
3516,74,1,,537
3517,50,2,FOOD,1836
3518,53,5,SCIENTIFICTECHNICAL,3133
3519,20,3,FOOD,2740
3520,63,4,FINANCEINSURANCE,2974
3521,74,2,,1836
3522,23,2,HEALTHCARE,1837
3523,52,4,HEALTHCARE,2974
3524,58,2,HEALTHCARE,1837
3525,61,3,FOOD,2741
3526,54,3,Unemployed,2741
3527,66,2,,1838
3528,89,3,,2741
3529,19,3,FOOD,2742
3530,61,4,FOOD,2974
3531,58,2,WASTEMANAGEMENT,1838
3532,19,5,FINANCEINSURANCE,3133
3533,69,2,,1839
3534,75,5,,3133
3535,29,2,FOOD,1839
3536,99,2,,1840
3537,18,4,FOOD,2975
3538,69,2,,1840
3539,68,4,,2975
3540,61,2,Unemployed,1841
3541,67,2,,1841
3542,47,4,FOOD,2975
3543,26,4,FINANCEINSURANCE,2975
3544,63,2,HEALTHCARE,1842
3545,33,1,HEALTHCARE,538
3546,32,1,FINANCEINSURANCE,539
3547,22,1,OTHER,540
3548,68,6,,3229
3549,75,3,,2742
3550,26,2,SCIENTIFICTECHNICAL,1842
3551,35,2,FOOD,1843
3552,90,5,,3133
3553,35,1,FOOD,541
3554,18,1,HEALTHCARE,542
3555,66,5,,3134
3556,70,3,,2742
3557,16,2,,1843
3558,63,2,FOOD,1844
3559,50,2,FINANCEINSURANCE,1844
3560,23,1,FINANCEINSURANCE,543
3561,25,1,Unemployed,544
3562,43,5,HEALTHCARE,3134
3563,82,4,,2976
3564,60,5,FOOD,3134
3565,46,5,Unemployed,3134
3566,45,1,FOOD,545
3567,33,1,FOOD,546
3568,25,2,FOOD,1845
3569,67,2,,1845
3570,59,3,HEALTHCARE,2743
3571,61,1,FOOD,547
3572,23,2,HEALTHCARE,1846
3573,47,2,FOOD,1846
3574,95,4,,2976
3575,56,3,OTHER,2743
3576,70,4,,2976
3577,29,2,FINANCEINSURANCE,1847
3578,19,5,FOOD,3134
3579,23,2,HEALTHCARE,1847
3580,34,1,FOOD,548
3581,20,2,FINANCEINSURANCE,1848
3582,31,1,HEALTHCARE,549
3583,29,4,OTHER,2976
3584,79,2,,1848
3585,78,2,,1849
3586,54,2,Unemployed,1849
3587,62,3,FOOD,2743
3588,12,2,,1850
3589,20,2,WASTEMANAGEMENT,1850
3590,63,5,FINANCEINSURANCE,3135
3591,68,2,,1851
3592,36,5,FOOD,3135
3593,67,2,,1851
3594,64,1,HEALTHCARE,550
3595,14,3,,2744
3596,26,3,HEALTHCARE,2744
3597,54,2,FOOD,1852
3598,42,5,HEALTHCARE,3135
3599,88,6,,3229
3600,56,2,FOOD,1852
3601,58,2,HEALTHCARE,1853
3602,67,1,,551
3603,69,1,,552
3604,40,4,FOOD,2977
3605,60,2,SCIENTIFICTECHNICAL,1853
3606,63,2,HEALTHCARE,1854
3607,53,2,FOOD,1854
3608,86,1,,553
3609,73,1,,554
3610,11,2,,1855
3611,67,3,,2744
3612,4,1,,555
3613,62,2,FINANCEINSURANCE,1855
3614,97,4,,2977
3615,23,2,OTHER,1856
3616,59,1,FOOD,556
3617,28,3,HEALTHCARE,2745
3618,37,1,FOOD,557
3619,58,2,HEALTHCARE,1856
3620,64,2,HEALTHCARE,1857
3621,42,2,FOOD,1857
3622,85,1,,558
3623,64,2,FOOD,1858
3624,72,1,,559
3625,65,2,FINANCEINSURANCE,1858
3626,54,2,OTHER,1859
3627,45,2,HEALTHCARE,1859
3628,48,2,HEALTHCARE,1860
3629,61,1,FOOD,560
3630,56,2,HEALTHCARE,1860
3631,58,3,FOOD,2745
3632,36,1,FOOD,561
3633,59,4,Unemployed,2977
3634,96,1,,562
3635,58,5,HEALTHCARE,3135
3636,85,2,,1861
3637,38,2,FOOD,1861
3638,62,6,FINANCEINSURANCE,3229
3639,63,2,HEALTHCARE,1862
3640,15,1,,563
3641,45,2,Unemployed,1862
3642,54,5,Unemployed,3135
3643,23,2,FINANCEINSURANCE,1863
3644,100,2,,1863
3645,64,3,FOOD,2745
3646,76,5,,3136
3647,14,2,,1864
3648,52,3,SCIENTIFICTECHNICAL,2746
3649,54,1,HEALTHCARE,564
3650,59,1,FOOD,565
3651,55,2,FINANCEINSURANCE,1864
3652,38,1,FOOD,566
3653,43,5,SCIENTIFICTECHNICAL,3136
3654,25,5,SCIENTIFICTECHNICAL,3136
3655,21,2,FINANCEINSURANCE,1865
3656,49,2,OTHER,1865
3657,46,4,Unemployed,2977
3658,23,2,FOOD,1866
3659,75,1,,567
3660,64,5,HEALTHCARE,3136
3661,70,6,,3230
3662,3,3,,2746
3663,69,6,,3230
3664,64,4,HEALTHCARE,2978
3665,13,2,,1866
3666,69,3,,2746
3667,33,4,FINANCEINSURANCE,2978
3668,29,3,FOOD,2747
3669,9,1,,568
3670,41,4,FOOD,2978
3671,23,2,FOOD,1867
3672,55,4,HEALTHCARE,2978
3673,41,2,FOOD,1867
3674,43,4,FINANCEINSURANCE,2979
3675,29,1,HEALTHCARE,569
3676,56,2,FOOD,1868
3677,59,2,HEALTHCARE,1868
3678,4,2,,1869
3679,19,2,Unemployed,1869
3680,50,2,HEALTHCARE,1870
3681,56,1,FINANCEINSURANCE,570
3682,52,2,HEALTHCARE,1870
3683,74,2,,1871
3684,63,1,FOOD,571
3685,33,5,FOOD,3136
3686,27,2,HEALTHCARE,1871
3687,75,2,,1872
3688,67,1,,572
3689,12,2,,1872
3690,39,2,FOOD,1873
3691,42,2,WASTEMANAGEMENT,1873
3692,63,2,FOOD,1874
3693,54,3,OTHER,2747
3694,25,2,HEALTHCARE,1874
3695,42,2,Unemployed,1875
3696,67,1,,573
3697,65,6,HEALTHCARE,3230
3698,65,2,Unemployed,1875
3699,59,4,FINANCEINSURANCE,2979
3700,41,4,FOOD,2979
3701,11,6,,3230
3702,70,2,,1876
3703,28,2,FOOD,1876
3704,86,2,,1877
3705,65,3,HEALTHCARE,2747
3706,62,2,HEALTHCARE,1877
3707,31,2,FOOD,1878
3708,62,2,FINANCEINSURANCE,1878
3709,63,2,HEALTHCARE,1879
3710,37,4,HEALTHCARE,2979
3711,54,3,HEALTHCARE,2748
3712,77,4,,2980
3713,41,4,HEALTHCARE,2980
3714,66,2,,1879
3715,58,3,FINANCEINSURANCE,2748
3716,66,6,,3230
3717,38,2,FOOD,1880
3718,11,3,,2748
3719,83,4,,2980
3720,22,2,FOOD,1880
3721,26,2,FOOD,1881
3722,26,2,FOOD,1881
3723,10,2,,1882
3724,67,2,,1882
3725,17,4,,2980
3726,29,2,OTHER,1883
3727,98,4,,2981
3728,30,3,FOOD,2749
3729,38,2,FOOD,1883
3730,66,1,,574
3731,76,1,,575
3732,63,2,FOOD,1884
3733,52,1,FOOD,576
3734,72,2,,1884
3735,10,5,,3137
3736,36,2,HEALTHCARE,1885
3737,12,3,,2749
3738,22,1,FINANCEINSURANCE,577
3739,68,2,,1885
3740,15,1,,578
3741,60,1,FOOD,579
3742,19,2,HEALTHCARE,1886
3743,60,2,FOOD,1886
3744,6,3,,2749
3745,44,4,HEALTHCARE,2981
3746,69,2,,1887
3747,43,3,HEALTHCARE,2750
3748,21,5,FOOD,3137
3749,27,2,HEALTHCARE,1887
3750,46,1,HEALTHCARE,580
3751,71,2,,1888
3752,80,3,,2750
3753,78,2,,1888
3754,55,4,FOOD,2981
3755,39,3,HEALTHCARE,2750
3756,7,2,,1889
3757,34,1,FOOD,581
3758,65,1,HEALTHCARE,582
3759,62,2,FOOD,1889
3760,59,5,HEALTHCARE,3137
3761,68,3,,2751
3762,63,4,Unemployed,2981
3763,20,1,FOOD,583
3764,8,2,,1890
3765,51,3,HEALTHCARE,2751
3766,30,1,HEALTHCARE,584
3767,3,6,,3230
3768,39,1,FINANCEINSURANCE,585
3769,78,1,,586
3770,69,4,,2982
3771,61,3,FOOD,2751
3772,22,2,FOOD,1890
3773,49,3,OTHER,2752
3774,100,1,,587
3775,15,2,,1891
3776,65,2,HEALTHCARE,1891
3777,60,3,FOOD,2752
3778,2,5,,3137
3779,78,2,,1892
3780,65,2,SCIENTIFICTECHNICAL,1892
3781,37,2,OTHER,1893
3782,28,2,FOOD,1893
3783,59,2,FINANCEINSURANCE,1894
3784,69,2,,1894
3785,45,2,HEALTHCARE,1895
3786,87,2,,1895
3787,35,5,FOOD,3137
3788,26,3,WASTEMANAGEMENT,2752
3789,18,2,FOOD,1896
3790,44,4,HEALTHCARE,2982
3791,79,2,,1896
3792,73,2,,1897
3793,74,5,,3138
3794,54,2,FOOD,1897
3795,24,2,FINANCEINSURANCE,1898
3796,52,4,HEALTHCARE,2982
3797,44,2,HEALTHCARE,1898
3798,37,2,FOOD,1899
3799,3,3,,2753
3800,9,2,,1899
3801,76,2,,1900
3802,66,3,,2753
3803,72,2,,1900
3804,35,2,FOOD,1901
3805,11,1,,588
3806,25,2,HEALTHCARE,1901
3807,58,2,HEALTHCARE,1902
3808,77,4,,2982
3809,5,5,,3138
3810,78,1,,589
3811,72,2,,1902
3812,73,2,,1903
3813,8,3,,2753
3814,54,1,WASTEMANAGEMENT,590
3815,18,6,FOOD,3231
3816,47,2,OTHER,1903
3817,63,2,FINANCEINSURANCE,1904
3818,34,2,FOOD,1904
3819,48,2,FOOD,1905
3820,47,1,Unemployed,591
3821,14,2,,1905
3822,63,2,WASTEMANAGEMENT,1906
3823,15,2,,1906
3824,74,5,,3138
3825,55,2,FOOD,1907
3826,15,2,,1907
3827,39,2,WASTEMANAGEMENT,1908
3828,87,1,,592
3829,17,2,,1908
3830,52,1,FOOD,593
3831,61,5,FOOD,3138
3832,50,3,FOOD,2754
3833,39,5,HEALTHCARE,3138
3834,29,5,FOOD,3139
3835,59,2,FINANCEINSURANCE,1909
3836,74,3,,2754
3837,2,4,,2983
3838,94,2,,1909
3839,68,3,,2754
3840,65,2,FOOD,1910
3841,75,2,,1910
3842,55,3,OTHER,2755
3843,61,4,FINANCEINSURANCE,2983
3844,47,6,HEALTHCARE,3231
3845,14,3,,2755
3846,53,1,FOOD,594
3847,58,2,FOOD,1911
3848,30,3,HEALTHCARE,2755
3849,67,3,,2756
3850,41,2,HEALTHCARE,1911
3851,4,2,,1912
3852,100,4,,2983
3853,45,5,HEALTHCARE,3139
3854,7,2,,1912
3855,39,3,HEALTHCARE,2756
3856,11,2,,1913
3857,72,2,,1913
3858,14,2,,1914
3859,75,1,,595
3860,95,2,,1914
3861,33,4,SCIENTIFICTECHNICAL,2983
3862,57,3,FOOD,2756
3863,66,1,,596
3864,68,1,,597
3865,77,2,,1915
3866,35,1,WASTEMANAGEMENT,598
3867,50,2,WASTEMANAGEMENT,1915
3868,32,4,OTHER,2984
3869,38,2,FOOD,1916
3870,76,3,,2757
3871,59,3,HEALTHCARE,2757
3872,66,3,,2757
3873,77,6,,3231
3874,42,5,FINANCEINSURANCE,3139
3875,7,3,,2758
3876,50,5,FOOD,3139
3877,67,1,,599
3878,16,3,,2758
3879,38,2,FOOD,1916
3880,62,3,FOOD,2758
3881,6,1,,600
3882,95,4,,2984
3883,6,3,,2759
3884,56,2,FINANCEINSURANCE,1917
3885,44,4,OTHER,2984
3886,53,2,FOOD,1917
3887,63,2,FOOD,1918
3888,58,2,FOOD,1918
3889,54,2,HEALTHCARE,1919
3890,93,4,,2984
3891,68,5,,3139
3892,8,1,,601
3893,47,3,FOOD,2759
3894,64,2,FOOD,1919
3895,89,3,,2759
3896,51,1,HEALTHCARE,602
3897,47,3,FINANCEINSURANCE,2760
3898,75,4,,2985
3899,4,2,,1920
3900,52,2,FOOD,1920
3901,67,1,,603
3902,64,2,FOOD,1921
3903,51,3,FOOD,2760
3904,74,2,,1921
3905,48,2,FOOD,1922
3906,0,2,,1922
3907,3,6,,3231
3908,3,2,,1923
3909,58,4,HEALTHCARE,2985
3910,47,3,OTHER,2760
3911,19,3,FINANCEINSURANCE,2761
3912,23,1,FOOD,604
3913,98,1,,605
3914,22,2,FOOD,1923
3915,44,2,HEALTHCARE,1924
3916,59,5,FINANCEINSURANCE,3140
3917,74,2,,1924
3918,10,2,,1925
3919,36,1,FOOD,606
3920,62,1,FINANCEINSURANCE,607
3921,29,2,HEALTHCARE,1925
3922,57,2,FOOD,1926
3923,66,1,,608
3924,24,2,HEALTHCARE,1926
3925,8,5,,3140
3926,76,4,,2985
3927,96,2,,1927
3928,24,1,SCIENTIFICTECHNICAL,609
3929,19,2,FINANCEINSURANCE,1927
3930,57,2,FOOD,1928
3931,11,2,,1928
3932,45,2,HEALTHCARE,1929
3933,38,2,HEALTHCARE,1929
3934,42,2,FINANCEINSURANCE,1930
3935,70,2,,1930
3936,23,2,HEALTHCARE,1931
3937,41,1,FOOD,610
3938,53,3,Unemployed,2761
3939,17,2,,1931
3940,23,3,HEALTHCARE,2761
3941,39,5,HEALTHCARE,3140
3942,12,2,,1932
3943,40,2,FOOD,1932
3944,12,2,,1933
3945,23,2,Unemployed,1933
3946,10,2,,1934
3947,16,4,,2985
3948,54,5,FINANCEINSURANCE,3140
3949,72,2,,1934
3950,29,2,HEALTHCARE,1935
3951,25,4,FOOD,2986
3952,9,4,,2986
3953,50,2,FOOD,1935
3954,36,1,HEALTHCARE,611
3955,36,2,FOOD,1936
3956,34,3,HEALTHCARE,2762
3957,17,1,,612
3958,67,2,,1936
3959,32,4,FOOD,2986
3960,67,1,,613
3961,74,2,,1937
3962,27,3,FOOD,2762
3963,41,2,HEALTHCARE,1937
3964,98,6,,3231
3965,50,2,FOOD,1938
3966,7,5,,3140
3967,47,2,HEALTHCARE,1938
3968,55,5,HEALTHCARE,3141
3969,23,3,FINANCEINSURANCE,2762
3970,53,3,HEALTHCARE,2763
3971,14,2,,1939
3972,5,1,,614
3973,69,4,,2986
3974,15,3,,2763
3975,42,5,FOOD,3141
3976,42,1,SCIENTIFICTECHNICAL,615
3977,26,2,HEALTHCARE,1939
3978,100,2,,1940
3979,44,3,HEALTHCARE,2763
3980,63,5,HEALTHCARE,3141
3981,55,2,FOOD,1940
3982,45,2,HEALTHCARE,1941
3983,3,2,,1941
3984,59,1,Unemployed,616
3985,64,2,FOOD,1942
3986,39,1,FINANCEINSURANCE,617
3987,45,2,HEALTHCARE,1942
3988,57,3,FOOD,2764
3989,15,2,,1943
3990,66,5,,3141
3991,49,3,Unemployed,2764
3992,44,4,SCIENTIFICTECHNICAL,2987
3993,29,4,Unemployed,2987
3994,71,3,,2764
3995,72,1,,618
3996,60,2,FOOD,1943
3997,54,4,Unemployed,2987
3998,12,2,,1944
3999,48,2,FOOD,1944
4000,23,1,FOOD,619
4001,26,1,FOOD,620
4002,14,1,,621
4003,69,1,,622
4004,5,2,,1945
4005,66,2,,1945
4006,75,5,,3141
4007,51,2,FOOD,1946
4008,20,1,FOOD,623
4009,96,5,,3142
4010,78,2,,1946
4011,68,2,,1947
4012,28,4,FOOD,2987
4013,46,2,Unemployed,1947
4014,6,4,,2988
4015,91,5,,3142
4016,47,3,OTHER,2765
4017,71,2,,1948
4018,46,1,FOOD,624
4019,30,2,OTHER,1948
4020,13,3,,2765
4021,54,2,FINANCEINSURANCE,1949
4022,52,2,Unemployed,1949
4023,19,4,SCIENTIFICTECHNICAL,2988
4024,20,5,FOOD,3142
4025,72,2,,1950
4026,18,2,HEALTHCARE,1950
4027,7,5,,3142
4028,79,2,,1951
4029,20,2,FOOD,1951
4030,74,3,,2765
4031,32,3,HEALTHCARE,2766
4032,65,2,FINANCEINSURANCE,1952
4033,27,2,FOOD,1952
4034,27,2,HEALTHCARE,1953
4035,34,5,HEALTHCARE,3142
4036,68,4,,2988
4037,78,2,,1953
4038,51,1,FOOD,625
4039,83,4,,2988
4040,55,3,FOOD,2766
4041,91,2,,1954
4042,62,2,HEALTHCARE,1954
4043,68,2,,1955
4044,72,2,,1955
4045,15,2,,1956
4046,12,1,,626
4047,11,2,,1956
4048,50,2,Unemployed,1957
4049,5,5,,3143
4050,71,3,,2766
4051,66,5,,3143
4052,14,2,,1957
4053,75,1,,627
4054,27,6,FOOD,3231
4055,47,3,FINANCEINSURANCE,2767
4056,10,4,,2989
4057,28,2,FINANCEINSURANCE,1958
4058,29,5,HEALTHCARE,3143
4059,89,4,,2989
4060,21,2,HEALTHCARE,1958
4061,22,2,Unemployed,1959
4062,77,4,,2989
4063,37,2,FOOD,1959
4064,5,2,,1960
4065,49,2,HEALTHCARE,1960
4066,66,5,,3143
4067,49,4,SCIENTIFICTECHNICAL,2989
4068,60,2,Unemployed,1961
4069,39,3,HEALTHCARE,2767
4070,67,2,,1961
4071,25,1,FOOD,628
4072,27,4,HEALTHCARE,2990
4073,12,5,,3143
4074,77,2,,1962
4075,51,2,FOOD,1962
4076,69,6,,3232
4077,60,2,HEALTHCARE,1963
4078,79,1,,629
4079,51,4,FOOD,2990
4080,25,2,FOOD,1963
4081,25,4,FINANCEINSURANCE,2990
4082,22,5,HEALTHCARE,3144
4083,71,2,,1964
4084,3,2,,1964
4085,52,2,HEALTHCARE,1965
4086,24,2,FOOD,1965
4087,65,2,HEALTHCARE,1966
4088,6,2,,1966
4089,22,4,FOOD,2990
4090,42,3,FOOD,2767
4091,27,1,FOOD,630
4092,12,2,,1967
4093,71,3,,2768
4094,26,2,HEALTHCARE,1967
4095,63,4,HEALTHCARE,2991
4096,76,1,,631
4097,66,1,,632
4098,20,5,HEALTHCARE,3144
4099,33,1,FOOD,633
4100,42,2,Unemployed,1968
4101,33,2,HEALTHCARE,1968
4102,23,2,FOOD,1969
4103,62,2,WASTEMANAGEMENT,1969
4104,0,6,,3232
4105,61,2,FINANCEINSURANCE,1970
4106,35,1,SCIENTIFICTECHNICAL,634
4107,61,1,FOOD,635
4108,57,5,HEALTHCARE,3144
4109,10,2,,1970
4110,64,2,SCIENTIFICTECHNICAL,1971
4111,28,2,FOOD,1971
4112,74,2,,1972
4113,27,1,FOOD,636
4114,22,2,FINANCEINSURANCE,1972
4115,96,2,,1973
4116,39,2,FOOD,1973
4117,41,2,FOOD,1974
4118,67,2,,1974
4119,61,2,HEALTHCARE,1975
4120,36,2,FOOD,1975
4121,77,2,,1976
4122,29,3,Unemployed,2768
4123,2,5,,3144
4124,51,1,HEALTHCARE,637
4125,67,1,,638
4126,40,1,SCIENTIFICTECHNICAL,639
4127,68,4,,2991
4128,60,6,FINANCEINSURANCE,3232
4129,77,4,,2991
4130,6,6,,3232
4131,17,4,,2991
4132,11,1,,640
4133,71,2,,1976
4134,73,3,,2768
4135,8,2,,1977
4136,57,3,HEALTHCARE,2769
4137,16,2,,1977
4138,69,3,,2769
4139,50,5,HEALTHCARE,3144
4140,63,2,HEALTHCARE,1978
4141,78,5,,3145
4142,5,1,,641
4143,43,5,SCIENTIFICTECHNICAL,3145
4144,50,4,FOOD,2992
4145,62,3,HEALTHCARE,2769
4146,24,6,HEALTHCARE,3232
4147,97,6,,3232
4148,9,4,,2992
4149,29,2,HEALTHCARE,1978
4150,62,2,Unemployed,1979
4151,16,2,,1979
4152,1,2,,1980
4153,63,2,FOOD,1980
4154,60,1,Unemployed,642
4155,47,5,FINANCEINSURANCE,3145
4156,62,4,FOOD,2992
4157,56,3,HEALTHCARE,2770
4158,55,4,FINANCEINSURANCE,2992
4159,78,2,,1981
4160,60,2,Unemployed,1981
4161,24,5,HEALTHCARE,3145
4162,65,1,OTHER,643
4163,64,1,FOOD,644
4164,55,3,FOOD,2770
4165,64,2,HEALTHCARE,1982
4166,2,4,,2993
4167,55,2,Unemployed,1982
4168,76,2,,1983
4169,79,6,,3233
4170,62,5,FINANCEINSURANCE,3145
4171,49,4,FINANCEINSURANCE,2993
4172,55,5,HEALTHCARE,3146
4173,23,2,HEALTHCARE,1983
4174,3,2,,1984
4175,32,2,FOOD,1984
4176,27,6,FOOD,3233
4177,7,5,,3146
4178,29,2,HEALTHCARE,1985
4179,65,2,FOOD,1985
4180,19,1,FOOD,645
4181,24,3,OTHER,2770
4182,10,2,,1986
4183,55,2,HEALTHCARE,1986
4184,44,2,FOOD,1987
4185,25,3,FOOD,2771
4186,68,5,,3146
4187,32,5,FINANCEINSURANCE,3146
4188,31,2,WASTEMANAGEMENT,1987
4189,23,2,FOOD,1988
4190,35,1,HEALTHCARE,646
4191,10,1,,647
4192,3,4,,2993
4193,72,2,,1988
4194,77,4,,2993
4195,43,5,FOOD,3146
4196,28,2,HEALTHCARE,1989
4197,15,2,,1989
4198,54,5,Unemployed,3147
4199,60,2,FOOD,1990
4200,42,5,FOOD,3147
4201,76,5,,3147
4202,15,2,,1990
4203,74,3,,2771
4204,68,2,,1991
4205,51,5,FOOD,3147
4206,88,6,,3233
4207,52,2,FINANCEINSURANCE,1991
4208,61,2,HEALTHCARE,1992
4209,52,2,FOOD,1992
4210,61,2,FOOD,1993
4211,26,2,FINANCEINSURANCE,1993
4212,71,2,,1994
4213,48,2,HEALTHCARE,1994
4214,78,4,,2994
4215,59,1,FOOD,648
4216,26,2,FINANCEINSURANCE,1995
4217,26,3,HEALTHCARE,2771
4218,99,1,,649
4219,86,2,,1995
4220,60,2,HEALTHCARE,1996
4221,62,5,FOOD,3147
4222,36,2,FOOD,1996
4223,28,5,HEALTHCARE,3148
4224,32,2,WASTEMANAGEMENT,1997
4225,31,2,FINANCEINSURANCE,1997
4226,44,6,HEALTHCARE,3233
4227,38,2,SCIENTIFICTECHNICAL,1998
4228,70,2,,1998
4229,89,2,,1999
4230,25,1,HEALTHCARE,650
4231,64,3,FOOD,2772
4232,58,4,SCIENTIFICTECHNICAL,2994
4233,54,2,FINANCEINSURANCE,1999
4234,20,6,FOOD,3233
4235,54,2,OTHER,2000
4236,28,2,Unemployed,2000
4237,61,2,FOOD,2001
4238,18,2,SCIENTIFICTECHNICAL,2001
4239,29,2,FOOD,2002
4240,70,2,,2002
4241,21,4,FOOD,2994
4242,60,1,FOOD,651
4243,9,2,,2003
4244,17,2,,2003
4245,23,2,SCIENTIFICTECHNICAL,2004
4246,48,4,HEALTHCARE,2994
4247,76,3,,2772
4248,61,2,FOOD,2004
4249,57,1,FOOD,652
4250,15,2,,2005
4251,29,2,FOOD,2005
4252,39,6,FINANCEINSURANCE,3233
4253,24,5,Unemployed,3148
4254,40,5,HEALTHCARE,3148
4255,55,3,FINANCEINSURANCE,2772
4256,69,2,,2006
4257,1,5,,3148
4258,3,3,,2773
4259,10,4,,2995
4260,55,2,HEALTHCARE,2006
4261,70,2,,2007
4262,64,6,HEALTHCARE,3234
4263,29,2,FOOD,2007
4264,54,4,FOOD,2995
4265,2,5,,3148
4266,77,1,,653
4267,49,3,FOOD,2773
4268,69,2,,2008
4269,98,4,,2995
4270,63,2,FOOD,2008
4271,69,2,,2009
4272,29,5,FINANCEINSURANCE,3149
4273,34,5,HEALTHCARE,3149
4274,20,2,FOOD,2009
4275,68,2,,2010
4276,11,2,,2010
4277,30,2,FOOD,2011
4278,34,2,FOOD,2011
4279,50,4,HEALTHCARE,2995
4280,67,5,,3149
4281,29,2,HEALTHCARE,2012
4282,64,1,FINANCEINSURANCE,654
4283,1,2,,2012
4284,35,4,FOOD,2996
4285,55,2,Unemployed,2013
4286,79,2,,2013
4287,71,3,,2773
4288,77,1,,655
4289,45,3,FOOD,2774
4290,55,2,FOOD,2014
4291,28,2,FOOD,2014
4292,62,1,FOOD,656
4293,53,2,OTHER,2015
4294,7,5,,3149
4295,8,1,,657
4296,69,2,,2015
4297,45,2,HEALTHCARE,2016
4298,65,2,FINANCEINSURANCE,2016
4299,52,2,FOOD,2017
4300,63,2,FINANCEINSURANCE,2017
4301,77,4,,2996
4302,19,2,HEALTHCARE,2018
4303,67,6,,3234
4304,87,2,,2018
4305,25,1,FOOD,658
4306,74,2,,2019
4307,24,5,SCIENTIFICTECHNICAL,3149
4308,6,3,,2774
4309,30,3,FOOD,2774
4310,52,5,FOOD,3150
4311,67,2,,2019
4312,50,2,FOOD,2020
4313,89,6,,3234
4314,67,2,,2020
4315,33,1,FOOD,659
4316,8,4,,2996
4317,4,2,,2021
4318,22,2,Unemployed,2021
4319,11,5,,3150
4320,31,1,HEALTHCARE,660
4321,68,2,,2022
4322,48,2,FOOD,2022
4323,45,4,FOOD,2996
4324,63,2,FOOD,2023
4325,86,1,,661
4326,64,2,FOOD,2023
4327,64,4,HEALTHCARE,2997
4328,62,2,HEALTHCARE,2024
4329,30,5,FOOD,3150
4330,0,2,,2024
4331,29,2,FOOD,2025
4332,47,3,HEALTHCARE,2775
4333,78,3,,2775
4334,73,3,,2775
4335,61,2,FOOD,2025
4336,72,2,,2026
4337,31,1,HEALTHCARE,662
4338,55,1,FOOD,663
4339,48,2,HEALTHCARE,2026
4340,48,5,FOOD,3150
4341,74,6,,3234
4342,36,2,HEALTHCARE,2027
4343,64,3,Unemployed,2776
4344,59,4,WASTEMANAGEMENT,2997
4345,88,4,,2997
4346,43,6,HEALTHCARE,3234
4347,47,2,HEALTHCARE,2027
4348,50,5,FOOD,3150
4349,70,2,,2028
4350,66,5,,3151
4351,58,3,HEALTHCARE,2776
4352,10,2,,2028
4353,53,4,HEALTHCARE,2997
4354,17,2,,2029
4355,18,5,FOOD,3151
4356,98,2,,2029
4357,23,3,HEALTHCARE,2776
4358,17,2,,2030
4359,65,1,HEALTHCARE,664
4360,52,2,FOOD,2030
4361,54,2,HEALTHCARE,2031
4362,20,2,FINANCEINSURANCE,2031
4363,62,3,FOOD,2777
4364,12,4,,2998
4365,100,2,,2032
4366,63,3,FOOD,2777
4367,45,1,HEALTHCARE,665
4368,43,2,FOOD,2032
4369,79,5,,3151
4370,3,2,,2033
4371,69,1,,666
4372,35,3,WASTEMANAGEMENT,2777
4373,33,2,Unemployed,2033
4374,54,3,Unemployed,2778
4375,10,2,,2034
4376,63,2,FOOD,2034
4377,15,5,,3151
4378,67,1,,667
4379,36,2,FOOD,2035
4380,62,6,Unemployed,3234
4381,55,3,SCIENTIFICTECHNICAL,2778
4382,50,2,Unemployed,2035
4383,32,4,FOOD,2998
4384,17,6,,3235
4385,53,1,HEALTHCARE,668
4386,75,2,,2036
4387,79,4,,2998
4388,50,1,HEALTHCARE,669
4389,29,3,FOOD,2778
4390,66,3,,2779
4391,22,1,OTHER,670
4392,73,5,,3151
4393,48,3,HEALTHCARE,2779
4394,23,1,HEALTHCARE,671
4395,65,5,FOOD,3152
4396,28,2,FOOD,2036
4397,49,4,HEALTHCARE,2998
4398,15,2,,2037
4399,30,2,HEALTHCARE,2037
4400,78,3,,2779
4401,29,1,FOOD,672
4402,19,6,FOOD,3235
4403,61,1,FOOD,673
4404,76,1,,674
4405,73,2,,2038
4406,60,1,FOOD,675
4407,63,2,FOOD,2038
4408,57,3,OTHER,2780
4409,50,2,FOOD,2039
4410,47,3,FOOD,2780
4411,47,2,FINANCEINSURANCE,2039
4412,7,2,,2040
4413,68,3,,2780
4414,38,2,Unemployed,2040
4415,55,1,FINANCEINSURANCE,676
4416,69,5,,3152
4417,63,2,Unemployed,2041
4418,75,5,,3152
4419,89,4,,2999
4420,2,2,,2041
4421,17,3,,2781
4422,37,1,FINANCEINSURANCE,677
4423,59,3,FOOD,2781
4424,12,3,,2781
4425,69,2,,2042
4426,47,2,FINANCEINSURANCE,2042
4427,16,3,,2782
4428,68,1,,678
4429,10,2,,2043
4430,21,2,HEALTHCARE,2043
4431,35,5,FOOD,3152
4432,47,3,HEALTHCARE,2782
4433,18,2,FOOD,2044
4434,55,2,SCIENTIFICTECHNICAL,2044
4435,76,2,,2045
4436,65,4,FOOD,2999
4437,27,2,FOOD,2045
4438,26,2,FINANCEINSURANCE,2046
4439,10,1,,679
4440,2,2,,2046
4441,16,2,,2047
4442,23,3,FOOD,2782
4443,57,5,OTHER,3152
4444,62,2,Unemployed,2047
4445,31,2,FOOD,2048
4446,64,5,SCIENTIFICTECHNICAL,3153
4447,69,1,,680
4448,41,2,FOOD,2048
4449,74,2,,2049
4450,74,2,,2049
4451,33,2,HEALTHCARE,2050
4452,61,2,OTHER,2050
4453,42,1,FOOD,681
4454,55,1,HEALTHCARE,682
4455,69,6,,3235
4456,36,1,Unemployed,683
4457,84,2,,2051
4458,64,6,OTHER,3235
4459,21,1,FOOD,684
4460,56,4,FOOD,2999
4461,53,2,Unemployed,2051
4462,11,2,,2052
4463,61,2,HEALTHCARE,2052
4464,68,4,,2999
4465,57,3,Unemployed,2783
4466,75,4,,3000
4467,83,2,,2053
4468,17,2,,2053
4469,53,2,FINANCEINSURANCE,2054
4470,59,2,FOOD,2054
4471,69,3,,2783
4472,57,1,OTHER,685
4473,81,2,,2055
4474,66,1,,686
4475,51,2,HEALTHCARE,2055
4476,12,2,,2056
4477,43,1,HEALTHCARE,687
4478,70,1,,688
4479,74,1,,689
4480,96,2,,2056
4481,81,2,,2057
4482,24,4,HEALTHCARE,3000
4483,53,2,HEALTHCARE,2057
4484,30,2,SCIENTIFICTECHNICAL,2058
4485,93,6,,3235
4486,83,1,,690
4487,1,1,,691
4488,54,2,FOOD,2058
4489,36,1,HEALTHCARE,692
4490,3,3,,2783
4491,23,2,FOOD,2059
4492,35,2,OTHER,2059
4493,54,2,FOOD,2060
4494,56,2,FOOD,2060
4495,59,5,SCIENTIFICTECHNICAL,3153
4496,50,2,HEALTHCARE,2061
4497,13,1,,693
4498,63,5,FOOD,3153
4499,63,4,HEALTHCARE,3000
4500,44,1,Unemployed,694
4501,8,3,,2784
4502,9,1,,695
4503,71,2,,2061
4504,39,5,HEALTHCARE,3153
4505,4,1,,696
4506,85,3,,2784
4507,56,3,HEALTHCARE,2784
4508,59,2,HEALTHCARE,2062
4509,43,2,FOOD,2062
4510,71,4,,3000
4511,40,3,FOOD,2785
4512,63,3,HEALTHCARE,2785
4513,53,5,FOOD,3153
4514,57,2,HEALTHCARE,2063
4515,72,3,,2785
4516,51,1,HEALTHCARE,697
4517,68,2,,2063
4518,5,2,,2064
4519,41,3,FOOD,2786
4520,82,4,,3001
4521,70,2,,2064
4522,40,3,OTHER,2786
4523,38,3,HEALTHCARE,2786
4524,26,1,FOOD,698
4525,17,2,,2065
4526,91,5,,3154
4527,70,2,,2065
4528,72,2,,2066
4529,30,2,FOOD,2066
4530,67,4,,3001
4531,65,1,FINANCEINSURANCE,699
4532,35,6,HEALTHCARE,3235
4533,62,2,FOOD,2067
4534,69,2,,2067
4535,35,2,FOOD,2068
4536,68,3,,2787
4537,75,4,,3001
4538,84,2,,2068
4539,18,1,FOOD,700
4540,64,4,FOOD,3001
4541,97,2,,2069
4542,99,2,,2069
4543,65,2,FINANCEINSURANCE,2070
4544,38,1,FOOD,701
4545,60,5,HEALTHCARE,3154
4546,2,2,,2070
4547,18,2,FOOD,2071
4548,66,4,,3002
4549,25,2,FOOD,2071
4550,39,2,FINANCEINSURANCE,2072
4551,15,4,,3002
4552,35,1,FINANCEINSURANCE,702
4553,21,5,Unemployed,3154
4554,12,1,,703
4555,51,1,HEALTHCARE,704
4556,25,5,HEALTHCARE,3154
4557,29,2,FOOD,2072
4558,49,3,HEALTHCARE,2787
4559,13,2,,2073
4560,56,2,HEALTHCARE,2073
4561,62,2,FOOD,2074
4562,26,6,HEALTHCARE,3236
4563,91,3,,2787
4564,54,2,HEALTHCARE,2074
4565,70,3,,2788
4566,49,1,FOOD,705
4567,58,4,FOOD,3002
4568,37,4,FOOD,3002
4569,21,1,FOOD,706
4570,55,1,Unemployed,707
4571,23,1,FOOD,708
4572,66,1,,709
4573,62,3,FOOD,2788
4574,88,6,,3236
4575,33,4,FOOD,3003
4576,79,6,,3236
4577,79,1,,710
4578,3,2,,2075
4579,51,4,FOOD,3003
4580,84,2,,2075
4581,14,3,,2788
4582,22,2,HEALTHCARE,2076
4583,56,2,FOOD,2076
4584,77,2,,2077
4585,66,2,,2077
4586,37,1,Unemployed,711
4587,0,6,,3236
4588,67,2,,2078
4589,42,2,HEALTHCARE,2078
4590,69,3,,2789
4591,31,1,FOOD,712
4592,77,4,,3003
4593,37,3,WASTEMANAGEMENT,2789
4594,22,2,Unemployed,2079
4595,13,1,,713
4596,14,2,,2079
4597,2,1,,714
4598,35,6,HEALTHCARE,3236
4599,53,4,Unemployed,3003
4600,60,5,FINANCEINSURANCE,3154
4601,8,6,,3236
4602,61,4,FOOD,3004
4603,28,4,HEALTHCARE,3004
4604,66,5,,3155
4605,13,2,,2080
4606,26,1,Unemployed,715
4607,73,2,,2080
4608,60,5,HEALTHCARE,3155
4609,16,4,,3004
4610,26,1,FOOD,716
4611,76,2,,2081
4612,51,4,Unemployed,3004
4613,66,1,,717
4614,65,1,HEALTHCARE,718
4615,28,2,FOOD,2081
4616,55,2,WASTEMANAGEMENT,2082
4617,56,5,HEALTHCARE,3155
4618,0,3,,2789
4619,1,2,,2082
4620,28,6,FOOD,3237
4621,74,1,,719
4622,40,2,FOOD,2083
4623,25,2,FOOD,2083
4624,41,2,HEALTHCARE,2084
4625,52,2,HEALTHCARE,2084
4626,2,2,,2085
4627,45,2,FOOD,2085
4628,43,1,FOOD,720
4629,66,2,,2086
4630,71,2,,2086
4631,54,1,HEALTHCARE,721
4632,99,4,,3005
4633,54,2,HEALTHCARE,2087
4634,57,3,FOOD,2790
4635,60,2,HEALTHCARE,2087
4636,44,2,FOOD,2088
4637,8,3,,2790
4638,26,1,HEALTHCARE,722
4639,23,3,HEALTHCARE,2790
4640,64,1,HEALTHCARE,723
4641,47,4,FOOD,3005
4642,24,2,OTHER,2088
4643,58,5,OTHER,3155
4644,51,5,SCIENTIFICTECHNICAL,3155
4645,91,1,,724
4646,8,2,,2089
4647,3,2,,2089
4648,63,2,HEALTHCARE,2090
4649,22,4,HEALTHCARE,3005
4650,51,4,SCIENTIFICTECHNICAL,3005
4651,65,3,FOOD,2791
4652,42,3,FOOD,2791
4653,66,4,,3006
4654,52,2,WASTEMANAGEMENT,2090
4655,11,2,,2091
4656,38,2,FOOD,2091
4657,92,2,,2092
4658,77,4,,3006
4659,46,1,HEALTHCARE,725
4660,36,5,FOOD,3156
4661,75,2,,2092
4662,17,3,,2791
4663,2,2,,2093
4664,45,2,FOOD,2093
4665,37,5,FINANCEINSURANCE,3156
4666,77,2,,2094
4667,60,2,FOOD,2094
4668,37,1,FINANCEINSURANCE,726
4669,28,5,HEALTHCARE,3156
4670,50,2,FOOD,2095
4671,55,1,FOOD,727
4672,20,1,FOOD,728
4673,86,4,,3006
4674,1,4,,3006
4675,74,2,,2095
4676,18,2,FOOD,2096
4677,61,1,HEALTHCARE,729
4678,51,3,HEALTHCARE,2792
4679,53,3,FOOD,2792
4680,78,4,,3007
4681,26,2,FOOD,2096
4682,13,1,,730
4683,14,1,,731
4684,48,2,HEALTHCARE,2097
4685,100,3,,2792
4686,21,4,FOOD,3007
4687,35,2,HEALTHCARE,2097
4688,7,2,,2098
4689,34,4,HEALTHCARE,3007
4690,54,3,HEALTHCARE,2793
4691,12,4,,3007
4692,66,6,,3237
4693,19,1,FOOD,732
4694,26,1,HEALTHCARE,733
4695,57,2,FOOD,2098
4696,49,2,FOOD,2099
4697,69,2,,2099
4698,66,2,,2100
4699,18,4,Unemployed,3008
4700,64,2,HEALTHCARE,2100
4701,17,1,,734
4702,63,2,HEALTHCARE,2101
4703,35,6,FOOD,3237
4704,57,4,WASTEMANAGEMENT,3008
4705,73,2,,2101
4706,52,3,HEALTHCARE,2793
4707,78,2,,2102
4708,62,1,FOOD,735
4709,16,2,,2102
4710,66,1,,736
4711,56,4,FOOD,3008
4712,32,4,OTHER,3008
4713,53,1,Unemployed,737
4714,73,4,,3009
4715,21,2,FOOD,2103
4716,58,1,HEALTHCARE,738
4717,42,3,Unemployed,2793
4718,4,3,,2794
4719,25,2,FOOD,2103
4720,67,6,,3237
4721,68,1,,739
4722,16,2,,2104
4723,49,4,HEALTHCARE,3009
4724,56,2,FOOD,2104
4725,30,5,FOOD,3156
4726,63,4,FOOD,3009
4727,26,2,FOOD,2105
4728,5,5,,3156
4729,46,5,FOOD,3157
4730,9,4,,3009
4731,26,3,HEALTHCARE,2794
4732,60,2,FOOD,2105
4733,67,4,,3010
4734,61,3,FOOD,2794
4735,31,2,HEALTHCARE,2106
4736,59,1,HEALTHCARE,740
4737,64,2,HEALTHCARE,2106
4738,68,2,,2107
4739,61,2,FOOD,2107
4740,58,1,FOOD,741
4741,23,2,Unemployed,2108
4742,67,2,,2108
4743,8,2,,2109
4744,62,2,FOOD,2109
4745,56,2,HEALTHCARE,2110
4746,43,2,FOOD,2110
4747,91,2,,2111
4748,1,2,,2111
4749,59,3,HEALTHCARE,2795
4750,71,4,,3010
4751,3,2,,2112
4752,66,1,,742
4753,71,1,,743
4754,24,2,FOOD,2112
4755,41,3,HEALTHCARE,2795
4756,18,1,FOOD,744
4757,19,2,FOOD,2113
4758,61,1,FOOD,745
4759,72,5,,3157
4760,49,2,HEALTHCARE,2113
4761,18,4,HEALTHCARE,3010
4762,76,4,,3010
4763,64,2,Unemployed,2114
4764,81,2,,2114
4765,20,2,HEALTHCARE,2115
4766,70,2,,2115
4767,35,5,FOOD,3157
4768,53,2,Unemployed,2116
4769,99,1,,746
4770,33,1,FOOD,747
4771,73,2,,2116
4772,13,2,,2117
4773,36,2,FOOD,2117
4774,50,2,HEALTHCARE,2118
4775,11,2,,2118
4776,37,2,Unemployed,2119
4777,66,6,,3237
4778,18,6,HEALTHCARE,3237
4779,64,4,FINANCEINSURANCE,3011
4780,62,4,FOOD,3011
4781,33,5,HEALTHCARE,3157
4782,44,2,FOOD,2119
4783,51,2,Unemployed,2120
4784,13,2,,2120
4785,19,2,FOOD,2121
4786,35,3,Unemployed,2795
4787,88,5,,3157
4788,8,5,,3158
4789,57,4,HEALTHCARE,3011
4790,78,2,,2121
4791,65,4,HEALTHCARE,3011
4792,84,2,,2122
4793,74,2,,2122
4794,0,5,,3158
4795,69,2,,2123
4796,90,2,,2123
4797,12,2,,2124
4798,39,2,Unemployed,2124
4799,41,1,OTHER,748
4800,70,2,,2125
4801,71,1,,749
4802,74,4,,3012
4803,22,4,HEALTHCARE,3012
4804,19,6,HEALTHCARE,3238
4805,61,2,Unemployed,2125
4806,58,1,FINANCEINSURANCE,750
4807,24,1,OTHER,751
4808,40,6,HEALTHCARE,3238
4809,43,4,HEALTHCARE,3012
4810,66,1,,752
4811,6,2,,2126
4812,63,5,FOOD,3158
4813,29,2,HEALTHCARE,2126
4814,33,3,FOOD,2796
4815,74,2,,2127
4816,66,2,,2127
4817,60,4,FOOD,3012
4818,73,3,,2796
4819,17,2,,2128
4820,62,2,HEALTHCARE,2128
4821,0,5,,3158
4822,53,1,Unemployed,753
4823,26,2,HEALTHCARE,2129
4824,56,1,FOOD,754
4825,52,5,FOOD,3158
4826,15,5,,3159
4827,59,4,WASTEMANAGEMENT,3013
4828,70,3,,2796
4829,68,3,,2797
4830,50,2,HEALTHCARE,2129
4831,62,3,HEALTHCARE,2797
4832,30,2,Unemployed,2130
4833,45,4,FOOD,3013
4834,56,2,WASTEMANAGEMENT,2130
4835,11,2,,2131
4836,90,2,,2131
4837,65,1,HEALTHCARE,755
4838,45,2,HEALTHCARE,2132
4839,34,1,HEALTHCARE,756
4840,27,2,FOOD,2132
4841,61,2,FOOD,2133
4842,27,1,FINANCEINSURANCE,757
4843,60,1,FOOD,758
4844,79,2,,2133
4845,63,1,FOOD,759
4846,29,5,FOOD,3159
4847,64,1,SCIENTIFICTECHNICAL,760
4848,39,3,FOOD,2797
4849,76,2,,2134
4850,12,2,,2134
4851,47,2,HEALTHCARE,2135
4852,31,2,HEALTHCARE,2135
4853,57,3,FOOD,2798
4854,21,1,FINANCEINSURANCE,761
4855,6,3,,2798
4856,26,4,HEALTHCARE,3013
4857,55,1,FOOD,762
4858,12,5,,3159
4859,45,3,FINANCEINSURANCE,2798
4860,76,4,,3013
4861,46,2,FOOD,2136
4862,62,1,FINANCEINSURANCE,763
4863,67,2,,2136
4864,31,2,HEALTHCARE,2137
4865,38,4,HEALTHCARE,3014
4866,63,2,FOOD,2137
4867,44,2,HEALTHCARE,2138
4868,21,1,FINANCEINSURANCE,764
4869,79,1,,765
4870,56,4,FINANCEINSURANCE,3014
4871,9,2,,2138
4872,12,2,,2139
4873,46,2,HEALTHCARE,2139
4874,68,2,,2140
4875,72,2,,2140
4876,19,2,FOOD,2141
4877,72,1,,766
4878,13,5,,3159
4879,26,5,FOOD,3159
4880,71,6,,3238
4881,46,2,Unemployed,2141
4882,42,1,HEALTHCARE,767
4883,43,2,HEALTHCARE,2142
4884,47,5,OTHER,3160
4885,19,1,HEALTHCARE,768
4886,11,2,,2142
4887,76,1,,769
4888,74,1,,770
4889,41,5,OTHER,3160
4890,18,2,FINANCEINSURANCE,2143
4891,35,5,OTHER,3160
4892,11,2,,2143
4893,65,2,HEALTHCARE,2144
4894,30,6,FOOD,3238
4895,1,2,,2144
4896,83,1,,771
4897,54,3,FOOD,2799
4898,51,2,FOOD,2145
4899,15,2,,2145
4900,73,2,,2146
4901,17,5,,3160
4902,33,2,HEALTHCARE,2146
4903,61,2,FINANCEINSURANCE,2147
4904,57,1,HEALTHCARE,772
4905,50,2,FOOD,2147
4906,17,3,,2799
4907,77,5,,3160
4908,59,2,OTHER,2148
4909,57,2,HEALTHCARE,2148
4910,60,3,HEALTHCARE,2799
4911,74,1,,773
4912,1,5,,3161
4913,78,4,,3014
4914,4,2,,2149
4915,43,2,WASTEMANAGEMENT,2149
4916,40,3,OTHER,2800
4917,37,2,FOOD,2150
4918,46,1,FINANCEINSURANCE,774
4919,84,2,,2150
4920,4,2,,2151
4921,21,2,FOOD,2151
4922,8,5,,3161
4923,2,5,,3161
4924,6,3,,2800
4925,45,3,HEALTHCARE,2800
4926,75,3,,2801
4927,55,1,FOOD,775
4928,78,2,,2152
4929,75,2,,2152
4930,28,6,FOOD,3238
4931,19,4,FOOD,3014
4932,44,2,SCIENTIFICTECHNICAL,2153
4933,65,2,HEALTHCARE,2153
4934,79,5,,3161
4935,66,6,,3238
4936,29,4,FOOD,3015
4937,63,1,HEALTHCARE,776
4938,25,2,FOOD,2154
4939,5,2,,2154
4940,55,6,FOOD,3239
4941,28,2,FOOD,2155
4942,31,1,FOOD,777
4943,8,2,,2155
4944,39,1,WASTEMANAGEMENT,778
4945,98,2,,2156
4946,71,2,,2156
4947,22,3,Unemployed,2801
4948,64,1,HEALTHCARE,779
4949,56,3,HEALTHCARE,2801
4950,64,2,FINANCEINSURANCE,2157
4951,90,1,,780
4952,11,5,,3161
4953,41,5,HEALTHCARE,3162
4954,57,2,HEALTHCARE,2157
4955,67,2,,2158
4956,65,4,FOOD,3015
4957,69,5,,3162
4958,54,3,HEALTHCARE,2802
4959,59,2,FOOD,2158
4960,73,2,,2159
4961,78,6,,3239
4962,55,5,HEALTHCARE,3162
4963,29,2,HEALTHCARE,2159
4964,38,5,FOOD,3162
4965,64,2,FOOD,2160
4966,54,2,FOOD,2160
4967,43,2,HEALTHCARE,2161
4968,36,3,HEALTHCARE,2802
4969,67,1,,781
4970,9,3,,2802
4971,57,1,Unemployed,782
4972,70,1,,783
4973,46,2,FOOD,2161
4974,45,2,Unemployed,2162
4975,23,1,HEALTHCARE,784
4976,28,4,HEALTHCARE,3015
4977,63,2,HEALTHCARE,2162
4978,22,5,HEALTHCARE,3162
4979,44,6,OTHER,3239
4980,5,2,,2163
4981,89,2,,2163
4982,49,5,FOOD,3163
4983,64,1,FINANCEINSURANCE,785
4984,60,5,FOOD,3163
4985,3,2,,2164
4986,23,5,HEALTHCARE,3163
4987,88,2,,2164
4988,84,1,,786
4989,66,6,,3239
4990,45,2,HEALTHCARE,2165
4991,51,2,FOOD,2165
4992,70,3,,2803
4993,42,5,Unemployed,3163
4994,58,2,HEALTHCARE,2166
4995,66,3,,2803
4996,55,2,HEALTHCARE,2166
4997,5,3,,2803
4998,28,2,HEALTHCARE,2167
4999,63,2,FOOD,2167
5000,62,5,WASTEMANAGEMENT,3163
5001,50,5,HEALTHCARE,3164
5002,8,2,,2168
5003,16,2,,2168
5004,8,6,,3239
5005,28,2,FOOD,2169
5006,66,4,,3015
5007,7,3,,2804
5008,5,1,,787
5009,56,2,FOOD,2169
5010,52,2,FOOD,2170
5011,78,4,,3016
5012,67,2,,2170
5013,46,3,FINANCEINSURANCE,2804
5014,53,2,FOOD,2171
5015,77,2,,2171
5016,65,3,FOOD,2804
5017,21,4,FINANCEINSURANCE,3016
5018,62,4,FOOD,3016
5019,25,2,Unemployed,2172
5020,46,2,FOOD,2172
5021,18,2,OTHER,2173
5022,45,2,HEALTHCARE,2173
5023,69,2,,2174
5024,62,1,HEALTHCARE,788
5025,55,5,FOOD,3164
5026,72,2,,2174
5027,78,2,,2175
5028,64,2,FOOD,2175
5029,11,2,,2176
5030,40,2,FOOD,2176
5031,51,2,FOOD,2177
5032,58,3,FINANCEINSURANCE,2805
5033,63,2,HEALTHCARE,2177
5034,54,2,FOOD,2178
5035,10,4,,3016
5036,13,4,,3017
5037,64,4,FOOD,3017
5038,66,2,,2178
5039,64,1,FINANCEINSURANCE,789
5040,77,1,,790
5041,77,3,,2805
5042,67,1,,791
5043,39,6,WASTEMANAGEMENT,3239
5044,33,2,HEALTHCARE,2179
5045,19,4,FOOD,3017
5046,37,2,FOOD,2179
5047,39,2,OTHER,2180
5048,72,4,,3017
5049,41,5,HEALTHCARE,3164
5050,29,4,FOOD,3018
5051,41,3,OTHER,2805
5052,38,4,HEALTHCARE,3018
5053,38,2,FOOD,2180
5054,65,2,FOOD,2181
5055,99,2,,2181
5056,62,3,FOOD,2806
5057,9,2,,2182
5058,50,1,HEALTHCARE,792
5059,49,6,FOOD,3240
5060,22,3,FOOD,2806
5061,80,2,,2182
5062,20,5,FOOD,3164
5063,20,2,OTHER,2183
5064,58,4,FOOD,3018
5065,65,5,HEALTHCARE,3164
5066,34,3,FOOD,2806
5067,46,2,HEALTHCARE,2183
5068,36,2,FINANCEINSURANCE,2184
5069,83,3,,2807
5070,46,2,HEALTHCARE,2184
5071,55,2,HEALTHCARE,2185
5072,81,2,,2185
5073,66,1,,793
5074,70,2,,2186
5075,72,1,,794
5076,79,5,,3165
5077,56,1,HEALTHCARE,795
5078,66,5,,3165
5079,44,5,HEALTHCARE,3165
5080,47,2,FOOD,2186
5081,55,2,FOOD,2187
5082,47,2,OTHER,2187
5083,54,2,HEALTHCARE,2188
5084,59,1,FOOD,796
5085,64,2,Unemployed,2188
5086,63,5,HEALTHCARE,3165
5087,65,6,Unemployed,3240
5088,26,6,SCIENTIFICTECHNICAL,3240
5089,94,2,,2189
5090,3,2,,2189
5091,70,6,,3240
5092,53,1,FOOD,797
5093,89,3,,2807
5094,60,4,SCIENTIFICTECHNICAL,3018
5095,89,5,,3165
5096,28,2,FOOD,2190
5097,79,6,,3240
5098,61,1,FOOD,798
5099,55,2,HEALTHCARE,2190
5100,79,2,,2191
5101,73,2,,2191
5102,47,1,FOOD,799
5103,65,2,HEALTHCARE,2192
5104,60,2,FOOD,2192
5105,39,2,HEALTHCARE,2193
5106,65,2,FOOD,2193
5107,99,1,,800
5108,54,3,HEALTHCARE,2807
5109,42,3,FOOD,2808
5110,9,2,,2194
5111,73,2,,2194
5112,43,4,FINANCEINSURANCE,3019
5113,61,4,OTHER,3019
5114,0,2,,2195
5115,58,1,FOOD,801
5116,42,5,FOOD,3166
5117,67,2,,2195
5118,64,2,FOOD,2196
5119,76,2,,2196
5120,36,2,OTHER,2197
5121,14,2,,2197
5122,38,4,FOOD,3019
5123,42,2,HEALTHCARE,2198
5124,99,2,,2198
5125,79,1,,802
5126,36,2,HEALTHCARE,2199
5127,56,1,OTHER,803
5128,98,6,,3240
5129,41,2,HEALTHCARE,2199
5130,22,2,FOOD,2200
5131,24,6,FINANCEINSURANCE,3241
5132,17,2,,2200
5133,33,6,OTHER,3241
5134,75,4,,3019
5135,32,4,FOOD,3020
5136,59,2,HEALTHCARE,2201
5137,72,5,,3166
5138,51,2,FOOD,2201
5139,67,5,,3166
5140,37,1,Unemployed,804
5141,59,2,HEALTHCARE,2202
5142,20,2,FINANCEINSURANCE,2202
5143,84,4,,3020
5144,3,3,,2808
5145,78,5,,3166
5146,19,1,SCIENTIFICTECHNICAL,805
5147,72,1,,806
5148,44,2,HEALTHCARE,2203
5149,56,3,Unemployed,2808
5150,21,3,HEALTHCARE,2809
5151,30,4,FOOD,3020
5152,38,2,FINANCEINSURANCE,2203
5153,70,2,,2204
5154,66,1,,807
5155,15,2,,2204
5156,11,3,,2809
5157,62,4,HEALTHCARE,3020
5158,51,3,HEALTHCARE,2809
5159,59,2,FOOD,2205
5160,67,4,,3021
5161,0,2,,2205
5162,36,4,Unemployed,3021
5163,65,5,FOOD,3166
5164,19,5,OTHER,3167
5165,30,2,Unemployed,2206
5166,28,2,HEALTHCARE,2206
5167,14,2,,2207
5168,29,4,HEALTHCARE,3021
5169,51,5,Unemployed,3167
5170,57,2,HEALTHCARE,2207
5171,42,2,FOOD,2208
5172,68,2,,2208
5173,99,2,,2209
5174,16,2,,2209
5175,64,2,FOOD,2210
5176,23,2,FOOD,2210
5177,5,2,,2211
5178,24,5,SCIENTIFICTECHNICAL,3167
5179,34,3,FOOD,2810
5180,63,1,SCIENTIFICTECHNICAL,808
5181,0,5,,3167
5182,16,2,,2211
5183,25,2,OTHER,2212
5184,97,2,,2212
5185,2,2,,2213
5186,34,2,HEALTHCARE,2213
5187,39,3,FINANCEINSURANCE,2810
5188,56,1,FOOD,809
5189,11,6,,3241
5190,38,2,FOOD,2214
5191,94,1,,810
5192,50,2,FINANCEINSURANCE,2214
5193,52,4,FINANCEINSURANCE,3021
5194,50,4,FOOD,3022
5195,50,2,FOOD,2215
5196,64,5,FOOD,3167
5197,5,2,,2215
5198,40,1,HEALTHCARE,811
5199,67,4,,3022
5200,30,2,HEALTHCARE,2216
5201,43,5,FINANCEINSURANCE,3168
5202,46,3,SCIENTIFICTECHNICAL,2810
5203,56,1,HEALTHCARE,812
5204,14,2,,2216
5205,16,2,,2217
5206,69,1,,813
5207,92,2,,2217
5208,73,3,,2811
5209,54,2,FINANCEINSURANCE,2218
5210,60,1,FOOD,814
5211,17,4,,3022
5212,61,2,FOOD,2218
5213,5,2,,2219
5214,62,1,FOOD,815
5215,60,2,OTHER,2219
5216,22,2,HEALTHCARE,2220
5217,55,2,HEALTHCARE,2220
5218,63,3,OTHER,2811
5219,9,5,,3168
5220,63,5,FOOD,3168
5221,78,1,,816
5222,33,4,FOOD,3022
5223,49,4,OTHER,3023
5224,50,6,FOOD,3241
5225,63,5,FOOD,3168
5226,5,2,,2221
5227,77,2,,2221
5228,39,2,HEALTHCARE,2222
5229,59,1,FOOD,817
5230,7,6,,3241
5231,53,2,FINANCEINSURANCE,2222
5232,89,5,,3168
5233,41,2,HEALTHCARE,2223
5234,69,2,,2223
5235,75,4,,3023
5236,13,2,,2224
5237,89,3,,2811
5238,53,3,OTHER,2812
5239,46,2,HEALTHCARE,2224
5240,46,6,HEALTHCARE,3241
5241,47,1,FINANCEINSURANCE,818
5242,41,2,FOOD,2225
5243,14,2,,2225
5244,69,1,,819
5245,10,2,,2226
5246,48,3,FOOD,2812
5247,62,2,HEALTHCARE,2226
5248,29,2,HEALTHCARE,2227
5249,55,3,FINANCEINSURANCE,2812
5250,57,1,FOOD,820
5251,66,2,,2227
5252,71,5,,3169
5253,62,5,FOOD,3169
5254,77,2,,2228
5255,20,2,FINANCEINSURANCE,2228
5256,68,1,,821
5257,16,3,,2813
5258,53,2,FOOD,2229
5259,19,2,FOOD,2229
5260,93,4,,3023
5261,71,2,,2230
5262,16,2,,2230
5263,62,5,HEALTHCARE,3169
5264,22,1,HEALTHCARE,822
5265,17,4,,3023
5266,77,2,,2231
5267,66,4,,3024
5268,0,2,,2231
5269,59,2,HEALTHCARE,2232
5270,69,3,,2813
5271,16,1,,823
5272,24,2,FOOD,2232
5273,65,1,HEALTHCARE,824
5274,22,2,SCIENTIFICTECHNICAL,2233
5275,2,2,,2233
5276,72,1,,825
5277,45,2,FOOD,2234
5278,87,3,,2813
5279,64,2,HEALTHCARE,2234
5280,61,5,FOOD,3169
5281,66,2,,2235
5282,22,2,FOOD,2235
5283,32,3,FOOD,2814
5284,50,2,FOOD,2236
5285,66,2,,2236
5286,56,3,SCIENTIFICTECHNICAL,2814
5287,21,4,Unemployed,3024
5288,78,3,,2814
5289,63,3,FOOD,2815
5290,62,5,HEALTHCARE,3169
5291,54,2,SCIENTIFICTECHNICAL,2237
5292,65,2,FOOD,2237
5293,44,2,FOOD,2238
5294,17,2,,2238
5295,19,5,FOOD,3170
5296,16,1,,826
5297,27,2,FOOD,2239
5298,62,6,FINANCEINSURANCE,3242
5299,13,2,,2239
5300,99,2,,2240
5301,6,2,,2240
5302,63,2,HEALTHCARE,2241
5303,14,2,,2241
5304,41,6,FOOD,3242
5305,31,2,HEALTHCARE,2242
5306,45,2,FOOD,2242
5307,72,4,,3024
5308,29,2,FOOD,2243
5309,42,2,OTHER,2243
5310,58,1,FINANCEINSURANCE,827
5311,49,3,SCIENTIFICTECHNICAL,2815
5312,61,5,FOOD,3170
5313,49,3,FOOD,2815
5314,10,1,,828
5315,27,1,HEALTHCARE,829
5316,79,4,,3024
5317,41,2,FINANCEINSURANCE,2244
5318,56,5,HEALTHCARE,3170
5319,35,2,WASTEMANAGEMENT,2244
5320,66,2,,2245
5321,53,5,OTHER,3170
5322,23,2,HEALTHCARE,2245
5323,67,4,,3025
5324,29,1,FOOD,830
5325,66,2,,2246
5326,64,2,HEALTHCARE,2246
5327,69,1,,831
5328,42,5,FINANCEINSURANCE,3170
5329,63,2,Unemployed,2247
5330,44,4,SCIENTIFICTECHNICAL,3025
5331,36,3,FOOD,2816
5332,25,2,HEALTHCARE,2247
5333,63,2,HEALTHCARE,2248
5334,52,2,FOOD,2248
5335,65,3,HEALTHCARE,2816
5336,56,5,FOOD,3171
5337,78,2,,2249
5338,67,5,,3171
5339,8,1,,832
5340,40,2,FOOD,2249
5341,20,2,FOOD,2250
5342,18,2,FINANCEINSURANCE,2250
5343,79,3,,2816
5344,60,2,FOOD,2251
5345,53,6,FOOD,3242
5346,92,2,,2251
5347,32,5,Unemployed,3171
5348,69,1,,833
5349,60,3,HEALTHCARE,2817
5350,43,2,FOOD,2252
5351,76,3,,2817
5352,11,5,,3171
5353,75,2,,2252
5354,21,4,HEALTHCARE,3025
5355,19,3,FOOD,2817
5356,27,4,FOOD,3025
5357,15,3,,2818
5358,32,3,FOOD,2818
5359,75,6,,3242
5360,40,3,HEALTHCARE,2818
5361,66,1,,834
5362,75,4,,3026
5363,68,5,,3171
5364,69,3,,2819
5365,37,2,WASTEMANAGEMENT,2253
5366,75,2,,2253
5367,46,4,HEALTHCARE,3026
5368,19,2,FOOD,2254
5369,31,1,FOOD,835
5370,72,4,,3026
5371,76,2,,2254
5372,43,2,HEALTHCARE,2255
5373,51,2,HEALTHCARE,2255
5374,66,2,,2256
5375,55,2,FINANCEINSURANCE,2256
5376,57,3,FOOD,2819
5377,65,5,HEALTHCARE,3172
5378,24,2,HEALTHCARE,2257
5379,63,1,FOOD,836
5380,32,4,FOOD,3026
5381,79,2,,2257
5382,39,1,HEALTHCARE,837
5383,65,2,FOOD,2258
5384,61,3,SCIENTIFICTECHNICAL,2819
5385,71,6,,3242
5386,28,3,HEALTHCARE,2820
5387,26,2,WASTEMANAGEMENT,2258
5388,66,3,,2820
5389,36,2,FOOD,2259
5390,27,5,HEALTHCARE,3172
5391,19,1,SCIENTIFICTECHNICAL,838
5392,77,3,,2820
5393,31,2,FOOD,2259
5394,14,4,,3027
5395,30,2,HEALTHCARE,2260
5396,12,5,,3172
5397,89,2,,2260
5398,38,5,HEALTHCARE,3172
5399,59,1,FINANCEINSURANCE,839
5400,59,2,FOOD,2261
5401,68,4,,3027
5402,95,2,,2261
5403,40,2,FOOD,2262
5404,56,1,Unemployed,840
5405,2,4,,3027
5406,84,2,,2262
5407,40,2,Unemployed,2263
5408,56,2,FOOD,2263
5409,4,2,,2264
5410,79,6,,3242
5411,31,3,FOOD,2821
5412,24,3,HEALTHCARE,2821
5413,40,1,HEALTHCARE,841
5414,20,2,FOOD,2264
5415,55,2,FOOD,2265
5416,93,4,,3027
5417,59,2,SCIENTIFICTECHNICAL,2265
5418,63,3,HEALTHCARE,2821
5419,61,2,HEALTHCARE,2266
5420,36,2,HEALTHCARE,2266
5421,48,1,SCIENTIFICTECHNICAL,842
5422,53,5,FOOD,3172
5423,69,2,,2267
5424,34,1,FOOD,843
5425,42,3,FINANCEINSURANCE,2822
5426,14,5,,3173
5427,79,2,,2267
5428,23,4,FOOD,3028
5429,27,2,SCIENTIFICTECHNICAL,2268
5430,52,2,WASTEMANAGEMENT,2268
5431,4,2,,2269
5432,48,4,FOOD,3028
5433,46,4,FOOD,3028
5434,17,3,,2822
5435,65,3,WASTEMANAGEMENT,2822
5436,27,2,FOOD,2269
5437,5,3,,2823
5438,44,2,Unemployed,2270
5439,34,2,FOOD,2270
5440,33,1,HEALTHCARE,844
5441,68,2,,2271
5442,37,1,HEALTHCARE,845
5443,11,1,,846
5444,27,4,FOOD,3028
5445,55,1,HEALTHCARE,847
5446,61,1,FOOD,848
5447,2,5,,3173
5448,67,3,,2823
5449,28,3,FOOD,2823
5450,79,2,,2271
5451,43,4,HEALTHCARE,3029
5452,37,5,HEALTHCARE,3173
5453,75,6,,3243
5454,74,2,,2272
5455,55,1,HEALTHCARE,849
5456,78,6,,3243
5457,28,2,HEALTHCARE,2272
5458,57,2,FOOD,2273
5459,44,2,HEALTHCARE,2273
5460,75,1,,850
5461,47,5,FOOD,3173
5462,34,2,Unemployed,2274
5463,68,2,,2274
5464,55,2,FOOD,2275
5465,60,1,WASTEMANAGEMENT,851
5466,37,2,HEALTHCARE,2275
5467,36,2,Unemployed,2276
5468,63,5,FOOD,3173
5469,2,5,,3174
5470,1,2,,2276
5471,11,1,,852
5472,41,5,FOOD,3174
5473,46,5,HEALTHCARE,3174
5474,34,2,HEALTHCARE,2277
5475,2,5,,3174
5476,67,3,,2824
5477,21,5,OTHER,3174
5478,36,1,HEALTHCARE,853
5479,61,4,FOOD,3029
5480,75,2,,2277
5481,24,3,FOOD,2824
5482,70,2,,2278
5483,19,5,HEALTHCARE,3175
5484,23,2,FOOD,2278
5485,100,2,,2279
5486,21,4,FOOD,3029
5487,18,1,FOOD,854
5488,62,1,HEALTHCARE,855
5489,26,2,OTHER,2279
5490,40,3,HEALTHCARE,2824
5491,15,6,,3243
5492,87,2,,2280
5493,56,4,FOOD,3029
5494,21,2,FOOD,2280
5495,65,2,HEALTHCARE,2281
5496,28,2,FOOD,2281
5497,70,2,,2282
5498,55,2,FOOD,2282
5499,62,5,FOOD,3175
5500,24,2,OTHER,2283
5501,39,1,FOOD,856
5502,91,2,,2283
5503,67,5,,3175
5504,67,6,,3243
5505,55,2,FOOD,2284
5506,2,3,,2825
5507,12,6,,3243
5508,67,5,,3175
5509,95,1,,857
5510,34,4,HEALTHCARE,3030
5511,75,3,,2825
5512,75,1,,858
5513,67,4,,3030
5514,56,2,FOOD,2284
5515,33,1,FOOD,859
5516,56,2,FOOD,2285
5517,65,2,FINANCEINSURANCE,2285
5518,65,1,Unemployed,860
5519,43,3,HEALTHCARE,2825
5520,23,2,OTHER,2286
5521,21,2,FOOD,2286
5522,19,2,FOOD,2287
5523,74,1,,861
5524,70,4,,3030
5525,65,5,FOOD,3175
5526,6,3,,2826
5527,78,2,,2287
5528,29,3,FOOD,2826
5529,13,5,,3176
5530,58,2,FOOD,2288
5531,28,2,SCIENTIFICTECHNICAL,2288
5532,27,2,FOOD,2289
5533,69,2,,2289
5534,13,3,,2826
5535,56,2,WASTEMANAGEMENT,2290
5536,64,2,Unemployed,2290
5537,26,2,OTHER,2291
5538,60,2,FOOD,2291
5539,26,2,FOOD,2292
5540,71,6,,3243
5541,21,2,FINANCEINSURANCE,2292
5542,12,1,,862
5543,36,2,FOOD,2293
5544,3,6,,3244
5545,77,2,,2293
5546,44,4,WASTEMANAGEMENT,3030
5547,70,2,,2294
5548,37,3,HEALTHCARE,2827
5549,51,2,FOOD,2294
5550,55,5,HEALTHCARE,3176
5551,63,1,HEALTHCARE,863
5552,57,4,WASTEMANAGEMENT,3031
5553,32,2,FOOD,2295
5554,76,1,,864
5555,59,3,FOOD,2827
5556,58,1,HEALTHCARE,865
5557,21,1,OTHER,866
5558,60,2,Unemployed,2295
5559,43,4,FINANCEINSURANCE,3031
5560,43,6,FOOD,3244
5561,18,2,FOOD,2296
5562,50,4,HEALTHCARE,3031
5563,14,5,,3176
5564,49,1,FINANCEINSURANCE,867
5565,47,1,FOOD,868
5566,67,2,,2296
5567,18,1,HEALTHCARE,869
5568,56,2,HEALTHCARE,2297
5569,53,2,HEALTHCARE,2297
5570,63,2,FOOD,2298
5571,66,1,,870
5572,17,2,,2298
5573,58,5,HEALTHCARE,3176
5574,16,3,,2827
5575,21,1,FOOD,871
5576,67,2,,2299
5577,75,2,,2299
5578,50,6,HEALTHCARE,3244
5579,72,4,,3031
5580,30,2,OTHER,2300
5581,1,3,,2828
5582,53,1,HEALTHCARE,872
5583,61,5,FOOD,3176
5584,50,2,FOOD,2300
5585,28,2,FINANCEINSURANCE,2301
5586,40,2,FOOD,2301
5587,76,4,,3032
5588,26,2,FOOD,2302
5589,14,4,,3032
5590,16,2,,2302
5591,48,2,HEALTHCARE,2303
5592,49,5,Unemployed,3177
5593,27,3,HEALTHCARE,2828
5594,62,2,Unemployed,2303
5595,33,2,FINANCEINSURANCE,2304
5596,52,3,FOOD,2828
5597,56,6,HEALTHCARE,3244
5598,53,3,HEALTHCARE,2829
5599,49,2,HEALTHCARE,2304
5600,14,5,,3177
5601,42,2,HEALTHCARE,2305
5602,82,5,,3177
5603,51,1,FOOD,873
5604,39,2,SCIENTIFICTECHNICAL,2305
5605,73,2,,2306
5606,56,1,HEALTHCARE,874
5607,2,3,,2829
5608,46,5,FINANCEINSURANCE,3177
5609,74,4,,3032
5610,56,2,Unemployed,2306
5611,30,3,FOOD,2829
5612,59,6,HEALTHCARE,3244
5613,33,2,FOOD,2307
5614,24,6,HEALTHCARE,3244
5615,67,2,,2307
5616,21,1,HEALTHCARE,875
5617,55,2,FOOD,2308
5618,93,3,,2830
5619,55,2,HEALTHCARE,2308
5620,58,3,HEALTHCARE,2830
5621,69,2,,2309
5622,21,4,Unemployed,3032
5623,60,1,FINANCEINSURANCE,876
5624,92,1,,877
5625,52,3,Unemployed,2830
5626,46,1,HEALTHCARE,878
5627,54,5,FOOD,3177
5628,63,2,FOOD,2309
5629,52,2,FOOD,2310
5630,52,1,FOOD,879
5631,29,1,FINANCEINSURANCE,880
5632,60,5,Unemployed,3178
5633,8,2,,2310
5634,55,2,OTHER,2311
5635,73,1,,881
5636,53,5,FOOD,3178
5637,1,1,,882
5638,42,2,HEALTHCARE,2311
5639,57,5,FOOD,3178
5640,40,5,HEALTHCARE,3178
5641,45,1,SCIENTIFICTECHNICAL,883
5642,51,2,FOOD,2312
5643,65,3,HEALTHCARE,2831
5644,49,2,HEALTHCARE,2312
5645,77,2,,2313
5646,3,2,,2313
5647,2,2,,2314
5648,26,2,HEALTHCARE,2314
5649,58,2,FOOD,2315
5650,41,2,HEALTHCARE,2315
5651,79,2,,2316
5652,18,2,Unemployed,2316
5653,34,2,FOOD,2317
5654,12,2,,2317
5655,36,2,HEALTHCARE,2318
5656,13,1,,884
5657,63,3,FOOD,2831
5658,64,2,FOOD,2318
5659,40,2,HEALTHCARE,2319
5660,22,2,Unemployed,2319
5661,47,3,SCIENTIFICTECHNICAL,2831
5662,78,1,,885
5663,17,1,,886
5664,86,2,,2320
5665,52,3,FOOD,2832
5666,36,1,HEALTHCARE,887
5667,48,2,OTHER,2320
5668,52,5,FOOD,3178
5669,40,1,FOOD,888
5670,43,3,FOOD,2832
5671,73,5,,3179
5672,30,4,FOOD,3033
5673,79,2,,2321
5674,2,6,,3245
5675,54,6,Unemployed,3245
5676,22,4,HEALTHCARE,3033
5677,67,1,,889
5678,45,2,HEALTHCARE,2321
5679,29,5,Unemployed,3179
5680,72,2,,2322
5681,64,2,FOOD,2322
5682,47,2,FOOD,2323
5683,53,3,FOOD,2832
5684,45,1,FOOD,890
5685,3,2,,2323
5686,64,3,FINANCEINSURANCE,2833
5687,22,1,WASTEMANAGEMENT,891
5688,39,2,FOOD,2324
5689,56,2,FOOD,2324
5690,14,2,,2325
5691,61,2,FOOD,2325
5692,43,4,FOOD,3033
5693,10,4,,3033
5694,77,1,,892
5695,52,3,FOOD,2833
5696,53,6,HEALTHCARE,3245
5697,75,4,,3034
5698,22,1,FOOD,893
5699,39,2,FOOD,2326
5700,11,5,,3179
5701,20,3,HEALTHCARE,2833
5702,12,2,,2326
5703,45,2,HEALTHCARE,2327
5704,61,4,HEALTHCARE,3034
5705,56,2,FOOD,2327
5706,14,2,,2328
5707,48,5,HEALTHCARE,3179
5708,62,2,FOOD,2328
5709,96,2,,2329
5710,53,1,SCIENTIFICTECHNICAL,894
5711,29,5,FOOD,3179
5712,50,2,HEALTHCARE,2329
5713,49,5,HEALTHCARE,3180
5714,7,1,,895
5715,37,4,FOOD,3034
5716,0,5,,3180
5717,91,2,,2330
5718,29,2,Unemployed,2330
5719,22,3,WASTEMANAGEMENT,2834
5720,28,1,OTHER,896
5721,24,2,HEALTHCARE,2331
5722,47,2,HEALTHCARE,2331
5723,67,4,,3034
5724,68,2,,2332
5725,71,2,,2332
5726,61,2,HEALTHCARE,2333
5727,59,2,HEALTHCARE,2333
5728,39,4,HEALTHCARE,3035
5729,9,2,,2334
5730,30,2,FOOD,2334
5731,81,2,,2335
5732,91,5,,3180
5733,49,2,FOOD,2335
5734,37,6,FOOD,3245
5735,75,1,,897
5736,7,2,,2336
5737,57,3,HEALTHCARE,2834
5738,67,2,,2336
5739,48,1,Unemployed,898
5740,36,2,HEALTHCARE,2337
5741,54,1,HEALTHCARE,899
5742,50,2,HEALTHCARE,2337
5743,14,2,,2338
5744,33,6,FINANCEINSURANCE,3245
5745,27,2,HEALTHCARE,2338
5746,70,2,,2339
5747,46,5,FOOD,3180
5748,57,2,HEALTHCARE,2339
5749,63,6,FOOD,3245
5750,71,3,,2834
5751,37,2,HEALTHCARE,2340
5752,53,2,FINANCEINSURANCE,2340
5753,48,2,HEALTHCARE,2341
5754,47,1,HEALTHCARE,900
5755,56,2,HEALTHCARE,2341
5756,69,1,,901
5757,23,3,FOOD,2835
5758,50,4,OTHER,3035
5759,51,2,FINANCEINSURANCE,2342
5760,96,4,,3035
5761,0,2,,2342
5762,51,2,HEALTHCARE,2343
5763,61,1,FOOD,902
5764,7,2,,2343
5765,52,2,SCIENTIFICTECHNICAL,2344
5766,47,2,FOOD,2344
5767,42,2,HEALTHCARE,2345
5768,29,2,HEALTHCARE,2345
5769,40,2,FOOD,2346
5770,1,2,,2346
5771,21,5,FINANCEINSURANCE,3180
5772,60,2,FOOD,2347
5773,61,6,SCIENTIFICTECHNICAL,3246
5774,58,2,OTHER,2347
5775,79,5,,3181
5776,15,4,,3035
5777,44,4,HEALTHCARE,3036
5778,68,2,,2348
5779,0,1,,903
5780,15,2,,2348
5781,22,2,FINANCEINSURANCE,2349
5782,99,2,,2349
5783,33,3,FOOD,2835
5784,6,6,,3246
5785,33,2,SCIENTIFICTECHNICAL,2350
5786,9,2,,2350
5787,15,1,,904
5788,25,2,FOOD,2351
5789,68,2,,2351
5790,68,3,,2835
5791,67,4,,3036
5792,66,5,,3181
5793,67,3,,2836
5794,18,4,FOOD,3036
5795,26,2,HEALTHCARE,2352
5796,55,3,Unemployed,2836
5797,2,2,,2352
5798,48,2,FINANCEINSURANCE,2353
5799,74,2,,2353
5800,68,5,,3181
5801,10,2,,2354
5802,64,3,FOOD,2836
5803,24,4,FOOD,3036
5804,54,3,HEALTHCARE,2837
5805,47,2,FOOD,2354
5806,49,2,FOOD,2355
5807,10,1,,905
5808,8,2,,2355
5809,2,2,,2356
5810,20,3,OTHER,2837
5811,26,2,FINANCEINSURANCE,2356
5812,48,2,HEALTHCARE,2357
5813,24,4,OTHER,3037
5814,48,5,HEALTHCARE,3181
5815,8,2,,2357
5816,64,5,FOOD,3181
5817,54,3,FINANCEINSURANCE,2837
5818,66,1,,906
5819,13,2,,2358
5820,58,2,HEALTHCARE,2358
5821,55,5,Unemployed,3182
5822,48,2,Unemployed,2359
5823,90,1,,907
5824,66,6,,3246
5825,0,2,,2359
5826,28,2,FOOD,2360
5827,48,3,HEALTHCARE,2838
5828,62,1,FOOD,908
5829,25,1,HEALTHCARE,909
5830,62,2,SCIENTIFICTECHNICAL,2360
5831,59,2,SCIENTIFICTECHNICAL,2361
5832,99,2,,2361
5833,47,2,FOOD,2362
5834,11,2,,2362
5835,35,4,FINANCEINSURANCE,3037
5836,69,2,,2363
5837,19,2,FINANCEINSURANCE,2363
5838,62,2,FOOD,2364
5839,23,2,FINANCEINSURANCE,2364
5840,39,3,Unemployed,2838
5841,82,3,,2838
5842,2,4,,3037
5843,57,4,FOOD,3037
5844,60,4,FINANCEINSURANCE,3038
5845,52,2,FOOD,2365
5846,64,2,HEALTHCARE,2365
5847,75,2,,2366
5848,24,2,Unemployed,2366
5849,64,2,FOOD,2367
5850,7,4,,3038
5851,59,2,FOOD,2367
5852,68,2,,2368
5853,32,3,FOOD,2839
5854,61,2,OTHER,2368
5855,54,6,FOOD,3246
5856,28,2,HEALTHCARE,2369
5857,53,2,OTHER,2369
5858,36,2,WASTEMANAGEMENT,2370
5859,8,1,,910
5860,4,3,,2839
5861,39,2,OTHER,2370
5862,81,5,,3182
5863,5,2,,2371
5864,59,2,HEALTHCARE,2371
5865,75,2,,2372
5866,97,2,,2372
5867,22,3,HEALTHCARE,2839
5868,32,2,HEALTHCARE,2373
5869,59,1,SCIENTIFICTECHNICAL,911
5870,99,1,,912
5871,72,2,,2373
5872,48,2,FOOD,2374
5873,80,2,,2374
5874,57,2,OTHER,2375
5875,0,3,,2840
5876,64,1,HEALTHCARE,913
5877,21,2,HEALTHCARE,2375
5878,69,3,,2840
5879,54,2,HEALTHCARE,2376
5880,64,1,FOOD,914
5881,12,1,,915
5882,21,1,FOOD,916
5883,33,6,FOOD,3246
5884,12,3,,2840
5885,14,2,,2376
5886,13,1,,917
5887,35,2,Unemployed,2377
5888,20,1,HEALTHCARE,918
5889,1,2,,2377
5890,43,3,OTHER,2841
5891,20,5,FOOD,3182
5892,51,3,FOOD,2841
5893,68,1,,919
5894,68,2,,2378
5895,65,2,FINANCEINSURANCE,2378
5896,69,2,,2379
5897,15,4,,3038
5898,9,1,,920
5899,10,1,,921
5900,59,1,FOOD,922
5901,47,2,HEALTHCARE,2379
5902,61,2,SCIENTIFICTECHNICAL,2380
5903,19,3,HEALTHCARE,2841
5904,29,2,HEALTHCARE,2380
5905,39,1,HEALTHCARE,923
5906,15,1,,924
5907,1,5,,3182
5908,59,5,FOOD,3182
5909,78,1,,925
5910,50,2,FOOD,2381
5911,22,1,HEALTHCARE,926
5912,37,1,FOOD,927
5913,41,4,OTHER,3038
5914,12,6,,3246
5915,85,2,,2381
5916,82,4,,3039
5917,61,1,FOOD,928
5918,11,2,,2382
5919,31,2,HEALTHCARE,2382
5920,75,2,,2383
5921,33,4,FINANCEINSURANCE,3039
5922,48,2,FOOD,2383
5923,66,4,,3039
5924,62,2,FOOD,2384
5925,54,2,HEALTHCARE,2384
5926,53,2,FINANCEINSURANCE,2385
5927,7,1,,929
5928,79,2,,2385
5929,61,5,FINANCEINSURANCE,3183
5930,42,4,FOOD,3039
5931,68,1,,930
5932,31,2,HEALTHCARE,2386
5933,95,4,,3040
5934,6,2,,2386
5935,65,4,FOOD,3040
5936,65,2,FOOD,2387
5937,14,3,,2842
5938,1,2,,2387
5939,60,2,FOOD,2388
5940,0,2,,2388
5941,18,2,FOOD,2389
5942,54,6,HEALTHCARE,3247
5943,35,3,Unemployed,2842
5944,63,4,HEALTHCARE,3040
5945,55,5,FOOD,3183
5946,49,2,FOOD,2389
5947,59,2,FOOD,2390
5948,73,1,,931
5949,63,2,Unemployed,2390
5950,16,2,,2391
5951,11,6,,3247
5952,28,3,HEALTHCARE,2842
5953,37,4,FINANCEINSURANCE,3040
5954,65,2,FOOD,2391
5955,0,2,,2392
5956,54,2,HEALTHCARE,2392
5957,35,3,FOOD,2843
5958,48,2,FOOD,2393
5959,46,2,WASTEMANAGEMENT,2393
5960,49,5,FINANCEINSURANCE,3183
5961,31,1,HEALTHCARE,932
5962,55,2,Unemployed,2394
5963,57,2,FOOD,2394
5964,79,2,,2395
5965,48,2,HEALTHCARE,2395
5966,16,2,,2396
5967,68,2,,2396
5968,28,3,FOOD,2843
5969,54,3,HEALTHCARE,2843
5970,59,2,FINANCEINSURANCE,2397
5971,24,3,FOOD,2844
5972,64,1,HEALTHCARE,933
5973,65,1,OTHER,934
5974,44,5,HEALTHCARE,3183
5975,58,1,FOOD,935
5976,30,2,HEALTHCARE,2397
5977,41,4,HEALTHCARE,3041
5978,62,2,OTHER,2398
5979,37,1,FINANCEINSURANCE,936
5980,68,2,,2398
5981,24,2,FOOD,2399
5982,74,1,,937
5983,66,2,,2399
5984,52,2,FINANCEINSURANCE,2400
5985,64,2,FOOD,2400
5986,47,2,Unemployed,2401
5987,42,5,FOOD,3183
5988,43,4,FOOD,3041
5989,9,5,,3184
5990,66,1,,938
5991,60,2,WASTEMANAGEMENT,2401
5992,21,1,FOOD,939
5993,52,1,FOOD,940
5994,24,5,HEALTHCARE,3184
5995,75,2,,2402
5996,39,3,OTHER,2844
5997,53,2,HEALTHCARE,2402
5998,54,6,HEALTHCARE,3247
5999,46,3,FOOD,2844
6000,69,2,,2403
6001,54,2,HEALTHCARE,2403
6002,58,2,HEALTHCARE,2404
6003,19,2,OTHER,2404
6004,65,4,HEALTHCARE,3041
6005,60,3,OTHER,2845
6006,73,2,,2405
6007,75,2,,2405
6008,19,3,HEALTHCARE,2845
6009,29,4,HEALTHCARE,3041
6010,45,3,HEALTHCARE,2845
6011,68,1,,941
6012,43,4,Unemployed,3042
6013,53,3,FINANCEINSURANCE,2846
6014,69,2,,2406
6015,89,3,,2846
6016,73,2,,2406
6017,75,5,,3184
6018,12,1,,942
6019,37,2,HEALTHCARE,2407
6020,23,2,Unemployed,2407
6021,15,3,,2846
6022,9,2,,2408
6023,30,1,FOOD,943
6024,97,2,,2408
6025,30,1,Unemployed,944
6026,13,2,,2409
6027,18,2,HEALTHCARE,2409
6028,76,4,,3042
6029,42,2,HEALTHCARE,2410
6030,23,3,FOOD,2847
6031,61,2,HEALTHCARE,2410
6032,78,2,,2411
6033,66,2,,2411
6034,66,2,,2412
6035,1,3,,2847
6036,86,2,,2412
6037,5,4,,3042
6038,27,3,FOOD,2847
6039,81,2,,2413
6040,22,2,FOOD,2413
6041,78,2,,2414
6042,65,2,Unemployed,2414
6043,75,2,,2415
6044,38,6,HEALTHCARE,3247
6045,33,2,FOOD,2415
6046,44,2,HEALTHCARE,2416
6047,52,2,FOOD,2416
6048,31,3,FOOD,2848
6049,20,2,FOOD,2417
6050,47,1,HEALTHCARE,945
6051,39,2,HEALTHCARE,2417
6052,54,2,HEALTHCARE,2418
6053,12,4,,3042
6054,44,6,HEALTHCARE,3247
6055,26,4,FOOD,3043
6056,28,2,Unemployed,2418
6057,55,5,HEALTHCARE,3184
6058,64,2,FINANCEINSURANCE,2419
6059,10,2,,2419
6060,66,1,,946
6061,16,5,,3184
6062,14,2,,2420
6063,23,5,FINANCEINSURANCE,3185
6064,28,2,HEALTHCARE,2420
6065,79,2,,2421
6066,95,2,,2421
6067,18,2,SCIENTIFICTECHNICAL,2422
6068,14,2,,2422
6069,58,3,OTHER,2848
6070,24,2,FOOD,2423
6071,12,2,,2423
6072,60,4,OTHER,3043
6073,54,3,FOOD,2848
6074,66,2,,2424
6075,59,4,HEALTHCARE,3043
6076,7,2,,2424
6077,62,2,HEALTHCARE,2425
6078,16,2,,2425
6079,31,3,Unemployed,2849
6080,35,2,FOOD,2426
6081,7,3,,2849
6082,64,2,HEALTHCARE,2426
6083,27,1,HEALTHCARE,947
6084,71,2,,2427
6085,71,1,,948
6086,7,1,,949
6087,67,5,,3185
6088,23,4,Unemployed,3043
6089,38,1,FOOD,950
6090,55,4,HEALTHCARE,3044
6091,77,2,,2427
6092,70,3,,2849
6093,53,2,FOOD,2428
6094,42,2,Unemployed,2428
6095,37,5,Unemployed,3185
6096,61,2,Unemployed,2429
6097,52,3,HEALTHCARE,2850
6098,68,2,,2429
6099,46,2,FOOD,2430
6100,62,5,FOOD,3185
6101,33,2,HEALTHCARE,2430
6102,76,3,,2850
6103,67,2,,2431
6104,48,4,Unemployed,3044
6105,27,4,HEALTHCARE,3044
6106,50,6,FOOD,3247
6107,15,3,,2850
6108,3,2,,2431
6109,58,5,FOOD,3185
6110,84,2,,2432
6111,52,5,FOOD,3186
6112,29,2,Unemployed,2432
6113,68,2,,2433
6114,68,2,,2433
6115,53,2,FOOD,2434
6116,58,2,HEALTHCARE,2434
6117,21,1,FINANCEINSURANCE,951
6118,47,1,FOOD,952
6119,55,1,FOOD,953
6120,65,2,FOOD,2435
6121,64,2,HEALTHCARE,2435
6122,11,1,,954
6123,21,4,WASTEMANAGEMENT,3044
6124,23,2,FOOD,2436
6125,63,5,FOOD,3186
6126,37,1,HEALTHCARE,955
6127,82,2,,2436
6128,44,1,OTHER,956
6129,59,2,HEALTHCARE,2437
6130,58,2,FINANCEINSURANCE,2437
6131,14,1,,957
6132,65,2,HEALTHCARE,2438
6133,27,6,FOOD,3248
6134,49,5,HEALTHCARE,3186
6135,9,1,,958
6136,29,2,FOOD,2438
6137,56,4,Unemployed,3045
6138,77,3,,2851
6139,10,4,,3045
6140,19,2,FOOD,2439
6141,60,2,FINANCEINSURANCE,2439
6142,42,2,HEALTHCARE,2440
6143,60,2,HEALTHCARE,2440
6144,20,2,HEALTHCARE,2441
6145,38,2,Unemployed,2441
6146,63,5,HEALTHCARE,3186
6147,13,1,,959
6148,40,2,Unemployed,2442
6149,93,3,,2851
6150,3,4,,3045
6151,29,2,FOOD,2442
6152,25,3,FOOD,2851
6153,81,2,,2443
6154,30,5,HEALTHCARE,3186
6155,57,1,FOOD,960
6156,23,3,FOOD,2852
6157,36,2,HEALTHCARE,2443
6158,62,2,SCIENTIFICTECHNICAL,2444
6159,76,3,,2852
6160,66,2,,2444
6161,41,5,FOOD,3187
6162,29,2,FOOD,2445
6163,34,1,HEALTHCARE,961
6164,73,4,,3045
6165,13,3,,2852
6166,27,2,SCIENTIFICTECHNICAL,2445
6167,58,2,SCIENTIFICTECHNICAL,2446
6168,31,1,HEALTHCARE,962
6169,73,2,,2446
6170,65,4,FOOD,3046
6171,73,4,,3046
6172,21,5,WASTEMANAGEMENT,3187
6173,78,4,,3046
6174,15,4,,3046
6175,45,1,HEALTHCARE,963
6176,85,2,,2447
6177,33,2,FOOD,2447
6178,32,2,Unemployed,2448
6179,58,2,FINANCEINSURANCE,2448
6180,34,6,FOOD,3248
6181,52,2,HEALTHCARE,2449
6182,17,2,,2449
6183,59,5,FOOD,3187
6184,21,1,FINANCEINSURANCE,964
6185,28,5,Unemployed,3187
6186,34,1,FOOD,965
6187,3,2,,2450
6188,38,2,FOOD,2450
6189,63,2,FOOD,2451
6190,56,2,FINANCEINSURANCE,2451
6191,68,2,,2452
6192,21,2,FOOD,2452
6193,37,5,WASTEMANAGEMENT,3187
6194,35,3,FINANCEINSURANCE,2853
6195,67,2,,2453
6196,32,2,FOOD,2453
6197,9,2,,2454
6198,65,2,FINANCEINSURANCE,2454
6199,63,4,HEALTHCARE,3047
6200,68,5,,3188
6201,3,1,,966
6202,41,2,FOOD,2455
6203,7,5,,3188
6204,14,5,,3188
6205,0,1,,967
6206,5,3,,2853
6207,67,2,,2455
6208,77,1,,968
6209,56,1,FINANCEINSURANCE,969
6210,54,2,FOOD,2456
6211,35,2,HEALTHCARE,2456
6212,44,3,HEALTHCARE,2853
6213,63,1,FOOD,970
6214,55,4,Unemployed,3047
6215,34,2,FOOD,2457
6216,48,2,FOOD,2457
6217,49,2,FOOD,2458
6218,100,3,,2854
6219,48,2,HEALTHCARE,2458
6220,68,1,,971
6221,51,2,FINANCEINSURANCE,2459
6222,46,4,FOOD,3047
6223,42,2,Unemployed,2459
6224,46,6,FOOD,3248
6225,44,2,FINANCEINSURANCE,2460
6226,77,2,,2460
6227,23,2,HEALTHCARE,2461
6228,90,4,,3047
6229,68,2,,2461
6230,68,3,,2854
6231,58,1,HEALTHCARE,972
6232,26,2,OTHER,2462
6233,41,2,FOOD,2462
6234,77,2,,2463
6235,59,2,FOOD,2463
6236,37,2,FOOD,2464
6237,52,2,SCIENTIFICTECHNICAL,2464
6238,59,2,FINANCEINSURANCE,2465
6239,64,2,WASTEMANAGEMENT,2465
6240,9,2,,2466
6241,69,2,,2466
6242,26,2,HEALTHCARE,2467
6243,16,3,,2854
6244,70,2,,2467
6245,58,2,FOOD,2468
6246,3,2,,2468
6247,71,3,,2855
6248,41,2,FOOD,2469
6249,10,2,,2469
6250,79,2,,2470
6251,34,3,Unemployed,2855
6252,9,1,,973
6253,54,5,Unemployed,3188
6254,63,2,SCIENTIFICTECHNICAL,2470
6255,65,2,HEALTHCARE,2471
6256,54,2,SCIENTIFICTECHNICAL,2471
6257,63,4,HEALTHCARE,3048
6258,79,4,,3048
6259,46,2,HEALTHCARE,2472
6260,71,3,,2855
6261,98,2,,2472
6262,30,2,SCIENTIFICTECHNICAL,2473
6263,20,2,HEALTHCARE,2473
6264,57,3,HEALTHCARE,2856
6265,59,2,HEALTHCARE,2474
6266,23,1,FINANCEINSURANCE,974
6267,7,1,,975
6268,42,2,FOOD,2474
6269,74,2,,2475
6270,79,1,,976
6271,49,2,FOOD,2475
6272,32,2,FOOD,2476
6273,82,2,,2476
6274,15,2,,2477
6275,26,3,FOOD,2856
6276,40,4,FINANCEINSURANCE,3048
6277,16,1,,977
6278,11,2,,2477
6279,51,3,FOOD,2856
6280,50,4,FOOD,3048
6281,66,6,,3248
6282,67,5,,3188
6283,35,1,FOOD,978
6284,95,1,,979
6285,1,2,,2478
6286,100,2,,2478
6287,19,3,FOOD,2857
6288,13,5,,3189
6289,83,4,,3049
6290,15,4,,3049
6291,23,3,FOOD,2857
6292,43,3,FOOD,2857
6293,21,1,SCIENTIFICTECHNICAL,980
6294,39,4,FOOD,3049
6295,77,2,,2479
6296,72,3,,2858
6297,68,3,,2858
6298,59,2,HEALTHCARE,2479
6299,70,3,,2858
6300,69,6,,3248
6301,83,2,,2480
6302,65,1,FOOD,981
6303,50,2,FOOD,2480
6304,58,6,HEALTHCARE,3248
6305,52,1,SCIENTIFICTECHNICAL,982
6306,67,2,,2481
6307,36,2,HEALTHCARE,2481
6308,31,5,FOOD,3189
6309,36,1,FOOD,983
6310,46,1,FOOD,984
6311,31,5,HEALTHCARE,3189
6312,53,1,FOOD,985
6313,66,2,,2482
6314,46,2,FOOD,2482
6315,76,3,,2859
6316,28,4,HEALTHCARE,3049
6317,57,2,HEALTHCARE,2483
6318,66,1,,986
6319,46,4,Unemployed,3050
6320,30,5,FOOD,3189
6321,1,2,,2483
6322,32,1,HEALTHCARE,987
6323,36,5,FOOD,3189
6324,56,2,Unemployed,2484
6325,28,1,FOOD,988
6326,67,3,,2859
6327,49,4,HEALTHCARE,3050
6328,53,4,FINANCEINSURANCE,3050
6329,34,2,FOOD,2484
6330,33,4,WASTEMANAGEMENT,3050
6331,63,5,FOOD,3190
6332,45,2,SCIENTIFICTECHNICAL,2485
6333,40,3,SCIENTIFICTECHNICAL,2859
6334,53,4,FOOD,3051
6335,78,6,,3249
6336,61,2,FOOD,2485
6337,52,3,FOOD,2860
6338,35,2,FOOD,2486
6339,3,2,,2486
6340,30,5,HEALTHCARE,3190
6341,50,2,FOOD,2487
6342,48,1,FOOD,989
6343,35,4,HEALTHCARE,3051
6344,74,5,,3190
6345,75,2,,2487
6346,64,2,FOOD,2488
6347,77,3,,2860
6348,2,2,,2488
6349,72,4,,3051
6350,72,3,,2860
6351,2,2,,2489
6352,70,2,,2489
6353,20,2,HEALTHCARE,2490
6354,56,3,HEALTHCARE,2861
6355,73,2,,2490
6356,26,2,Unemployed,2491
6357,66,5,,3190
6358,90,4,,3051
6359,16,5,,3190
6360,50,1,SCIENTIFICTECHNICAL,990
6361,13,2,,2491
6362,52,1,HEALTHCARE,991
6363,53,5,FOOD,3191
6364,63,2,FINANCEINSURANCE,2492
6365,19,3,Unemployed,2861
6366,9,3,,2861
6367,57,5,FOOD,3191
6368,39,2,FOOD,2492
6369,55,1,Unemployed,992
6370,51,4,FOOD,3052
6371,26,1,FINANCEINSURANCE,993
6372,30,4,HEALTHCARE,3052
6373,68,2,,2493
6374,65,2,HEALTHCARE,2493
6375,72,3,,2862
6376,60,5,HEALTHCARE,3191
6377,25,2,Unemployed,2494
6378,78,2,,2494
6379,51,2,FOOD,2495
6380,46,3,WASTEMANAGEMENT,2862
6381,26,3,SCIENTIFICTECHNICAL,2862
6382,62,2,OTHER,2495
6383,78,1,,994
6384,50,5,FINANCEINSURANCE,3191
6385,49,2,HEALTHCARE,2496
6386,33,5,FOOD,3191
6387,3,2,,2496
6388,45,2,FOOD,2497
6389,67,1,,995
6390,37,2,HEALTHCARE,2497
6391,51,2,HEALTHCARE,2498
6392,70,1,,996
6393,53,2,FOOD,2498
6394,60,3,HEALTHCARE,2863
6395,57,4,HEALTHCARE,3052
6396,57,6,HEALTHCARE,3249
6397,29,2,FOOD,2499
6398,72,2,,2499
6399,10,5,,3192
6400,29,2,Unemployed,2500
6401,17,2,,2500
6402,70,5,,3192
6403,77,2,,2501
6404,14,1,,997
6405,100,2,,2501
6406,15,3,,2863
6407,55,1,FINANCEINSURANCE,998
6408,34,2,HEALTHCARE,2502
6409,22,1,FOOD,999
6410,4,5,,3192
6411,11,5,,3192
6412,22,2,FINANCEINSURANCE,2502
6413,31,2,HEALTHCARE,2503
6414,27,1,HEALTHCARE,1000
6415,69,5,,3192
6416,63,2,FINANCEINSURANCE,2503
6417,9,2,,2504
6418,72,3,,2863
6419,41,1,OTHER,1001
6420,5,1,,1002
6421,64,2,FOOD,2504
6422,54,5,FOOD,3193
6423,41,2,HEALTHCARE,2505
6424,3,2,,2505
6425,64,3,Unemployed,2864
6426,62,2,HEALTHCARE,2506
6427,27,2,FOOD,2506
6428,60,1,Unemployed,1003
6429,31,3,FOOD,2864
6430,25,5,FINANCEINSURANCE,3193
6431,65,5,HEALTHCARE,3193
6432,79,1,,1004
6433,18,3,HEALTHCARE,2864
6434,10,2,,2507
6435,54,2,FOOD,2507
6436,62,2,Unemployed,2508
6437,62,6,FOOD,3249
6438,7,2,,2508
6439,12,2,,2509
6440,43,1,HEALTHCARE,1005
6441,7,2,,2509
6442,76,3,,2865
6443,71,2,,2510
6444,28,1,HEALTHCARE,1006
6445,54,2,FOOD,2510
6446,58,1,FINANCEINSURANCE,1007
6447,63,2,HEALTHCARE,2511
6448,46,4,HEALTHCARE,3052
6449,75,2,,2511
6450,3,2,,2512
6451,59,5,FOOD,3193
6452,62,5,WASTEMANAGEMENT,3193
6453,21,2,FOOD,2512
6454,46,4,OTHER,3053
6455,32,2,FOOD,2513
6456,19,1,FINANCEINSURANCE,1008
6457,46,2,FINANCEINSURANCE,2513
6458,44,4,FOOD,3053
6459,12,4,,3053
6460,57,5,FOOD,3194
6461,74,1,,1009
6462,72,3,,2865
6463,22,5,HEALTHCARE,3194
6464,97,3,,2865
6465,77,2,,2514
6466,40,2,HEALTHCARE,2514
6467,42,6,FOOD,3249
6468,5,2,,2515
6469,40,5,WASTEMANAGEMENT,3194
6470,32,2,HEALTHCARE,2515
6471,51,1,OTHER,1010
6472,66,3,,2866
6473,52,5,FOOD,3194
6474,23,2,FOOD,2516
6475,56,3,HEALTHCARE,2866
6476,57,1,FINANCEINSURANCE,1011
6477,60,1,HEALTHCARE,1012
6478,43,1,HEALTHCARE,1013
6479,19,1,Unemployed,1014
6480,39,3,FOOD,2866
6481,69,1,,1015
6482,68,2,,2516
6483,72,4,,3053
6484,86,6,,3249
6485,58,2,FOOD,2517
6486,55,6,WASTEMANAGEMENT,3249
6487,95,1,,1016
6488,68,2,,2517
6489,91,1,,1017
6490,77,1,,1018
6491,38,5,FOOD,3194
6492,76,2,,2518
6493,43,5,FINANCEINSURANCE,3195
6494,95,3,,2867
6495,47,3,HEALTHCARE,2867
6496,47,2,FOOD,2518
6497,55,2,FOOD,2519
6498,76,2,,2519
6499,74,2,,2520
6500,50,2,HEALTHCARE,2520
6501,43,3,HEALTHCARE,2867
6502,23,3,FOOD,2868
6503,5,3,,2868
6504,47,1,HEALTHCARE,1019
6505,34,2,HEALTHCARE,2521
6506,20,2,FOOD,2521
6507,4,4,,3054
6508,90,2,,2522
6509,22,2,HEALTHCARE,2522
6510,69,2,,2523
6511,45,1,HEALTHCARE,1020
6512,5,4,,3054
6513,68,2,,2523
6514,50,3,FOOD,2868
6515,74,5,,3195
6516,57,5,Unemployed,3195
6517,51,1,OTHER,1021
6518,18,4,HEALTHCARE,3054
6519,45,5,FOOD,3195
6520,63,6,FINANCEINSURANCE,3250
6521,68,2,,2524
6522,38,2,HEALTHCARE,2524
6523,22,2,OTHER,2525
6524,51,2,HEALTHCARE,2525
6525,43,2,FINANCEINSURANCE,2526
6526,94,3,,2869
6527,60,2,HEALTHCARE,2526
6528,9,2,,2527
6529,48,2,FOOD,2527
6530,9,3,,2869
6531,61,3,HEALTHCARE,2869
6532,21,4,FINANCEINSURANCE,3054
6533,66,2,,2528
6534,64,4,Unemployed,3055
6535,41,2,FOOD,2528
6536,69,3,,2870
6537,14,4,,3055
6538,41,3,HEALTHCARE,2870
6539,24,2,FINANCEINSURANCE,2529
6540,46,2,FOOD,2529
6541,92,5,,3195
6542,22,1,FINANCEINSURANCE,1022
6543,47,2,HEALTHCARE,2530
6544,66,3,,2870
6545,0,2,,2530
6546,45,2,FOOD,2531
6547,73,2,,2531
6548,26,1,WASTEMANAGEMENT,1023
6549,65,2,HEALTHCARE,2532
6550,32,2,WASTEMANAGEMENT,2532
6551,10,2,,2533
6552,24,2,FOOD,2533
6553,29,2,HEALTHCARE,2534
6554,48,1,FOOD,1024
6555,6,2,,2534
6556,55,6,SCIENTIFICTECHNICAL,3250
6557,10,2,,2535
6558,95,2,,2535
6559,18,5,HEALTHCARE,3196
6560,54,2,HEALTHCARE,2536
6561,41,6,FOOD,3250
6562,10,4,,3055
6563,18,1,Unemployed,1025
6564,48,2,Unemployed,2536
6565,1,4,,3055
6566,57,6,OTHER,3250
6567,2,1,,1026
6568,62,2,Unemployed,2537
6569,55,3,FOOD,2871
6570,50,2,HEALTHCARE,2537
6571,20,2,FINANCEINSURANCE,2538
6572,44,4,SCIENTIFICTECHNICAL,3056
6573,69,1,,1027
6574,2,2,,2538
6575,82,5,,3196
6576,56,2,HEALTHCARE,2539
6577,70,5,,3196
6578,67,3,,2871
6579,53,6,FOOD,3250
6580,78,1,,1028
6581,63,5,FOOD,3196
6582,21,6,FOOD,3250
6583,62,1,WASTEMANAGEMENT,1029
6584,98,2,,2539
6585,2,4,,3056
6586,66,5,,3196
6587,73,4,,3056
6588,66,2,,2540
6589,21,1,HEALTHCARE,1030
6590,21,2,HEALTHCARE,2540
6591,26,4,FOOD,3056
6592,27,1,FOOD,1031
6593,64,2,FINANCEINSURANCE,2541
6594,86,1,,1032
6595,98,1,,1033
6596,10,2,,2541
6597,74,1,,1034
6598,52,1,Unemployed,1035
6599,49,3,FINANCEINSURANCE,2871
6600,0,4,,3057
6601,66,1,,1036
6602,52,4,FINANCEINSURANCE,3057
6603,47,4,FOOD,3057
6604,56,2,HEALTHCARE,2542
6605,64,2,FOOD,2542
6606,36,2,HEALTHCARE,2543
6607,29,6,Unemployed,3251
6608,0,2,,2543
6609,48,2,WASTEMANAGEMENT,2544
6610,56,4,OTHER,3057
6611,83,1,,1037
6612,62,1,FOOD,1038
6613,80,5,,3197
6614,71,5,,3197
6615,68,3,,2872
6616,15,2,,2544
6617,59,2,HEALTHCARE,2545
6618,59,2,FOOD,2545
6619,25,3,OTHER,2872
6620,59,2,FOOD,2546
6621,16,2,,2546
6622,69,1,,1039
6623,23,2,FOOD,2547
6624,24,5,FOOD,3197
6625,54,3,FINANCEINSURANCE,2872
6626,29,2,WASTEMANAGEMENT,2547
6627,15,1,,1040
6628,98,2,,2548
6629,62,4,HEALTHCARE,3058
6630,23,2,HEALTHCARE,2548
6631,72,1,,1041
6632,75,5,,3197
6633,40,1,FOOD,1042
6634,27,2,HEALTHCARE,2549
6635,2,3,,2873
6636,49,2,HEALTHCARE,2549
6637,41,2,FOOD,2550
6638,62,2,HEALTHCARE,2550
6639,58,1,HEALTHCARE,1043
6640,30,2,HEALTHCARE,2551
6641,10,3,,2873
6642,43,2,HEALTHCARE,2551
6643,42,2,HEALTHCARE,2552
6644,23,4,FOOD,3058
6645,29,2,WASTEMANAGEMENT,2552
6646,24,6,HEALTHCARE,3251
6647,23,1,HEALTHCARE,1044
6648,89,2,,2553
6649,16,4,,3058
6650,32,3,HEALTHCARE,2873
6651,71,2,,2553
6652,54,3,FINANCEINSURANCE,2874
6653,0,3,,2874
6654,36,3,HEALTHCARE,2874
6655,12,2,,2554
6656,17,2,,2554
6657,54,4,HEALTHCARE,3058
6658,46,2,HEALTHCARE,2555
6659,71,2,,2555
6660,99,2,,2556
6661,78,2,,2556
6662,59,4,HEALTHCARE,3059
6663,23,6,OTHER,3251
6664,60,3,FOOD,2875
6665,25,4,FOOD,3059
6666,34,2,OTHER,2557
6667,78,2,,2557
6668,14,6,,3251
6669,23,2,FOOD,2558
6670,15,1,,1045
6671,50,1,HEALTHCARE,1046
6672,6,1,,1047
6673,28,2,HEALTHCARE,2558
6674,2,6,,3251
6675,80,2,,2559
6676,43,3,HEALTHCARE,2875
6677,76,4,,3059
6678,62,2,HEALTHCARE,2559
6679,10,1,,1048
6680,8,2,,2560
6681,5,5,,3197
6682,82,2,,2560
6683,8,2,,2561
6684,63,2,FINANCEINSURANCE,2561
6685,25,2,HEALTHCARE,2562
6686,52,1,HEALTHCARE,1049
6687,58,2,HEALTHCARE,2562
6688,86,4,,3059
6689,43,5,HEALTHCARE,3198
6690,69,2,,2563
6691,12,2,,2563
6692,57,1,HEALTHCARE,1050
6693,37,4,FINANCEINSURANCE,3060
6694,53,4,Unemployed,3060
6695,25,5,FOOD,3198
6696,28,1,FOOD,1051
6697,22,2,HEALTHCARE,2564
6698,38,2,FOOD,2564
6699,18,3,WASTEMANAGEMENT,2875
6700,53,2,WASTEMANAGEMENT,2565
6701,78,4,,3060
6702,60,2,FOOD,2565
6703,32,6,HEALTHCARE,3251
6704,15,2,,2566
6705,14,2,,2566
6706,7,5,,3198
6707,43,5,FOOD,3198
6708,16,2,,2567
6709,98,2,,2567
6710,79,2,,2568
6711,67,2,,2568
6712,15,1,,1052
6713,25,1,SCIENTIFICTECHNICAL,1053
6714,9,2,,2569
6715,11,3,,2876
6716,31,2,HEALTHCARE,2569
6717,64,1,HEALTHCARE,1054
6718,86,5,,3198
6719,38,1,FOOD,1055
6720,99,3,,2876
6721,73,2,,2570
6722,42,3,HEALTHCARE,2876
6723,66,2,,2570
6724,52,2,Unemployed,2571
6725,5,2,,2571
6726,54,4,FOOD,3060
