ID,Age,Household Size,Occupations,Household ID
1,34,1,WASTEMANAGEMENT,1
2,85,3,,4019
3,71,2,,1705
4,98,2,,1705
5,11,3,,4019
6,49,4,WASTEMANAGEMENT,4587
7,93,2,,1706
8,80,3,,4019
9,48,2,WASTEMANAGEMENT,1706
10,88,2,,1707
11,78,1,,2
12,69,3,,4020
13,60,2,FOOD,1707
14,20,2,FOOD,1708
15,14,2,,1708
16,40,2,FOOD,1709
17,76,2,,1709
18,58,3,FOOD,4020
19,43,2,FOOD,1710
20,41,3,Unemployed,4020
21,98,2,,1710
22,14,3,,4021
23,74,4,,4587
24,71,4,,4587
25,50,2,FOOD,1711
26,62,2,FOOD,1711
27,35,2,FOOD,1712
28,90,2,,1712
29,69,4,,4587
30,69,3,,4021
31,51,1,FOOD,3
32,64,2,FOOD,1713
33,61,2,FOOD,1713
34,80,4,,4588
35,66,1,,4
36,73,4,,4588
37,31,3,FOOD,4021
38,67,2,,1714
39,46,2,FOOD,1714
40,14,5,,4965
41,31,1,WASTEMANAGEMENT,5
42,93,3,,4022
43,61,2,WASTEMANAGEMENT,1715
44,3,1,,6
45,72,4,,4588
46,52,1,FOOD,7
47,86,4,,4588
48,53,4,FOOD,4589
49,59,1,FOOD,8
50,68,2,,1715
51,51,4,WASTEMANAGEMENT,4589
52,49,4,WASTEMANAGEMENT,4589
53,47,2,Unemployed,1716
54,26,1,FOOD,9
55,79,4,,4589
56,42,2,FOOD,1716
57,3,2,,1717
58,50,6,FOOD,5077
59,73,4,,4590
60,61,6,WASTEMANAGEMENT,5077
61,66,2,,1717
62,53,1,FOOD,10
63,60,2,FOOD,1718
64,63,3,FOOD,4022
65,31,1,Unemployed,11
66,40,2,FOOD,1718
67,78,2,,1719
68,78,5,,4965
69,71,2,,1719
70,62,2,Unemployed,1720
71,72,2,,1720
72,59,2,WASTEMANAGEMENT,1721
73,30,2,FOOD,1721
74,69,1,,12
75,28,2,FOOD,1722
76,71,1,,13
77,53,1,FOOD,14
78,100,1,,15
79,85,3,,4022
80,73,3,,4023
81,70,2,,1722
82,57,2,WASTEMANAGEMENT,1723
83,72,2,,1723
84,54,2,FOOD,1724
85,34,4,WASTEMANAGEMENT,4590
86,33,3,FOOD,4023
87,46,3,FOOD,4023
88,74,1,,16
89,68,1,,17
90,6,2,,1724
91,39,2,FOOD,1725
92,39,1,FOOD,18
93,76,2,,1725
94,44,1,WASTEMANAGEMENT,19
95,69,2,,1726
96,53,1,FOOD,20
97,83,1,,21
98,82,1,,22
99,66,6,,5077
100,58,3,WASTEMANAGEMENT,4024
101,79,1,,23
102,59,6,FOOD,5077
103,63,2,WASTEMANAGEMENT,1726
104,84,6,,5077
105,62,2,WASTEMANAGEMENT,1727
106,60,2,WASTEMANAGEMENT,1727
107,44,2,FOOD,1728
108,52,2,FOOD,1728
109,65,2,WASTEMANAGEMENT,1729
110,13,3,,4024
111,30,2,WASTEMANAGEMENT,1729
112,100,1,,24
113,47,4,FOOD,4590
114,56,2,FOOD,1730
115,67,3,,4024
116,66,5,,4965
117,33,4,FOOD,4590
118,30,4,FOOD,4591
119,74,4,,4591
120,68,2,,1730
121,57,2,FOOD,1731
122,38,2,FOOD,1731
123,3,2,,1732
124,62,2,FOOD,1732
125,15,2,,1733
126,64,2,FOOD,1733
127,39,2,FOOD,1734
128,39,4,FOOD,4591
129,46,4,WASTEMANAGEMENT,4591
130,40,2,FOOD,1734
131,74,2,,1735
132,7,2,,1735
133,74,4,,4592
134,7,3,,4025
135,1,2,,1736
136,72,4,,4592
137,9,1,,25
138,56,3,WASTEMANAGEMENT,4025
139,68,4,,4592
140,69,1,,26
141,65,2,WASTEMANAGEMENT,1736
142,51,2,WASTEMANAGEMENT,1737
143,69,2,,1737
144,73,3,,4025
145,77,4,,4592
146,6,1,,27
147,71,2,,1738
148,74,2,,1738
149,29,2,WASTEMANAGEMENT,1739
150,77,2,,1739
151,28,3,FOOD,4026
152,31,2,FOOD,1740
153,62,1,FOOD,28
154,78,3,,4026
155,47,4,Unemployed,4593
156,77,2,,1740
157,87,1,,29
158,15,2,,1741
159,65,1,FOOD,30
160,69,1,,31
161,63,2,Unemployed,1741
162,45,1,FOOD,32
163,70,5,,4965
164,95,5,,4965
165,38,4,WASTEMANAGEMENT,4593
166,2,2,,1742
167,38,2,WASTEMANAGEMENT,1742
168,23,2,FOOD,1743
169,79,1,,33
170,55,2,FOOD,1743
171,53,2,FOOD,1744
172,60,2,FOOD,1744
173,66,4,,4593
174,21,2,WASTEMANAGEMENT,1745
175,53,3,FOOD,4026
176,20,4,FOOD,4593
177,93,2,,1745
178,65,3,FOOD,4027
179,41,2,FOOD,1746
180,66,2,,1746
181,36,1,Unemployed,34
182,60,2,WASTEMANAGEMENT,1747
183,64,1,FOOD,35
184,55,1,FOOD,36
185,76,4,,4594
186,88,4,,4594
187,53,2,Unemployed,1747
188,69,2,,1748
189,70,3,,4027
190,13,1,,37
191,69,1,,38
192,53,2,WASTEMANAGEMENT,1748
193,70,1,,39
194,90,2,,1749
195,27,2,FOOD,1749
196,28,2,FOOD,1750
197,14,2,,1750
198,18,4,WASTEMANAGEMENT,4594
199,73,3,,4027
200,55,3,FOOD,4028
201,5,4,,4594
202,32,2,FOOD,1751
203,44,1,Unemployed,40
204,75,1,,41
205,64,5,FOOD,4966
206,70,4,,4595
207,41,6,FOOD,5077
208,71,4,,4595
209,61,5,WASTEMANAGEMENT,4966
210,33,4,FOOD,4595
211,27,1,FOOD,42
212,62,2,FOOD,1751
213,49,4,FOOD,4595
214,7,5,,4966
215,22,1,FOOD,43
216,67,3,,4028
217,62,2,FOOD,1752
218,96,3,,4028
219,75,4,,4596
220,53,3,WASTEMANAGEMENT,4029
221,79,1,,44
222,85,2,,1752
223,55,5,FOOD,4966
224,10,2,,1753
225,62,2,WASTEMANAGEMENT,1753
226,87,1,,45
227,67,2,,1754
228,82,1,,46
229,61,2,WASTEMANAGEMENT,1754
230,34,4,FOOD,4596
231,59,2,WASTEMANAGEMENT,1755
232,36,2,WASTEMANAGEMENT,1755
233,78,1,,47
234,15,5,,4966
235,48,2,FOOD,1756
236,67,2,,1756
237,68,1,,48
238,49,2,FOOD,1757
239,61,2,WASTEMANAGEMENT,1757
240,75,2,,1758
241,66,3,,4029
242,50,4,FOOD,4596
243,51,2,WASTEMANAGEMENT,1758
244,56,3,FOOD,4029
245,58,4,FOOD,4596
246,23,1,WASTEMANAGEMENT,49
247,64,2,FOOD,1759
248,27,6,WASTEMANAGEMENT,5078
249,58,2,FOOD,1759
250,54,3,Unemployed,4030
251,24,2,FOOD,1760
252,85,2,,1760
253,88,2,,1761
254,60,2,WASTEMANAGEMENT,1761
255,55,2,FOOD,1762
256,0,4,,4597
257,90,1,,50
258,64,3,WASTEMANAGEMENT,4030
259,53,2,FOOD,1762
260,38,2,FOOD,1763
261,39,2,FOOD,1763
262,99,4,,4597
263,29,2,FOOD,1764
264,56,2,FOOD,1764
265,50,6,WASTEMANAGEMENT,5078
266,72,3,,4030
267,67,3,,4031
268,31,6,WASTEMANAGEMENT,5078
269,68,4,,4597
270,79,4,,4597
271,97,2,,1765
272,25,1,WASTEMANAGEMENT,51
273,61,2,Unemployed,1765
274,6,3,,4031
275,90,5,,4967
276,56,1,FOOD,52
277,77,4,,4598
278,64,3,FOOD,4031
279,79,2,,1766
280,7,3,,4032
281,25,3,FOOD,4032
282,10,4,,4598
283,33,2,FOOD,1766
284,32,2,FOOD,1767
285,61,2,FOOD,1767
286,69,3,,4032
287,10,1,,53
288,56,2,WASTEMANAGEMENT,1768
289,26,2,FOOD,1768
290,53,2,FOOD,1769
291,3,1,,54
292,55,2,FOOD,1769
293,67,4,,4598
294,18,2,FOOD,1770
295,69,4,,4598
296,66,2,,1770
297,25,1,FOOD,55
298,33,2,WASTEMANAGEMENT,1771
299,30,2,FOOD,1771
300,60,2,WASTEMANAGEMENT,1772
301,36,2,FOOD,1772
302,11,3,,4033
303,98,2,,1773
304,68,3,,4033
305,69,1,,56
306,48,2,FOOD,1773
307,66,2,,1774
308,67,3,,4033
309,84,1,,57
310,69,4,,4599
311,79,5,,4967
312,61,2,FOOD,1774
313,59,3,FOOD,4034
314,72,3,,4034
315,76,3,,4034
316,54,2,WASTEMANAGEMENT,1775
317,54,4,FOOD,4599
318,84,2,,1775
319,49,2,Unemployed,1776
320,1,3,,4035
321,70,2,,1776
322,18,5,FOOD,4967
323,23,4,FOOD,4599
324,64,2,FOOD,1777
325,75,2,,1777
326,58,2,Unemployed,1778
327,99,2,,1778
328,88,1,,58
329,43,3,FOOD,4035
330,7,4,,4599
331,61,1,FOOD,59
332,79,2,,1779
333,74,2,,1779
334,65,2,WASTEMANAGEMENT,1780
335,64,2,WASTEMANAGEMENT,1780
336,78,3,,4035
337,67,2,,1781
338,96,1,,60
339,46,4,FOOD,4600
340,26,1,FOOD,61
341,9,2,,1781
342,81,4,,4600
343,34,2,WASTEMANAGEMENT,1782
344,17,1,,62
345,64,2,FOOD,1782
346,68,2,,1783
347,20,2,WASTEMANAGEMENT,1783
348,66,3,,4036
349,48,2,FOOD,1784
350,70,2,,1784
351,28,2,WASTEMANAGEMENT,1785
352,63,2,FOOD,1785
353,73,4,,4600
354,56,2,FOOD,1786
355,78,1,,63
356,63,2,FOOD,1786
357,50,3,FOOD,4036
358,6,4,,4600
359,40,2,FOOD,1787
360,69,6,,5078
361,74,3,,4036
362,23,2,FOOD,1787
363,11,1,,64
364,62,1,FOOD,65
365,37,3,FOOD,4037
366,75,2,,1788
367,41,5,FOOD,4967
368,58,4,FOOD,4601
369,40,2,FOOD,1788
370,85,1,,66
371,93,1,,67
372,36,1,FOOD,68
373,14,2,,1789
374,54,4,WASTEMANAGEMENT,4601
375,70,2,,1789
376,18,4,FOOD,4601
377,54,1,FOOD,69
378,74,4,,4601
379,67,2,,1790
380,70,4,,4602
381,38,4,FOOD,4602
382,58,3,Unemployed,4037
383,73,4,,4602
384,68,1,,70
385,69,2,,1790
386,66,5,,4967
387,52,2,FOOD,1791
388,57,3,FOOD,4037
389,72,1,,71
390,15,4,,4602
391,51,4,FOOD,4603
392,26,1,WASTEMANAGEMENT,72
393,57,2,WASTEMANAGEMENT,1791
394,73,4,,4603
395,8,2,,1792
396,82,2,,1792
397,55,3,FOOD,4038
398,50,4,FOOD,4603
399,61,1,FOOD,73
400,56,2,FOOD,1793
401,92,2,,1793
402,57,3,FOOD,4038
403,100,2,,1794
404,78,2,,1794
405,11,2,,1795
406,58,2,FOOD,1795
407,86,2,,1796
408,72,2,,1796
409,57,2,WASTEMANAGEMENT,1797
410,38,5,WASTEMANAGEMENT,4968
411,76,4,,4603
412,48,4,FOOD,4604
413,81,6,,5078
414,52,2,Unemployed,1797
415,61,2,FOOD,1798
416,61,3,FOOD,4038
417,52,1,WASTEMANAGEMENT,74
418,68,2,,1798
419,11,1,,75
420,63,2,FOOD,1799
421,3,2,,1799
422,37,2,WASTEMANAGEMENT,1800
423,30,1,FOOD,76
424,79,4,,4604
425,4,1,,77
426,70,4,,4604
427,12,2,,1800
428,57,3,WASTEMANAGEMENT,4039
429,55,4,WASTEMANAGEMENT,4604
430,54,4,FOOD,4605
431,10,2,,1801
432,47,2,FOOD,1801
433,58,2,FOOD,1802
434,62,2,FOOD,1802
435,47,2,FOOD,1803
436,72,2,,1803
437,50,3,WASTEMANAGEMENT,4039
438,31,2,FOOD,1804
439,59,4,WASTEMANAGEMENT,4605
440,26,3,FOOD,4039
441,97,4,,4605
442,19,1,FOOD,78
443,66,1,,79
444,79,2,,1804
445,65,2,FOOD,1805
446,58,1,WASTEMANAGEMENT,80
447,61,2,FOOD,1805
448,23,3,FOOD,4040
449,76,1,,81
450,40,4,WASTEMANAGEMENT,4605
451,3,2,,1806
452,39,3,FOOD,4040
453,1,3,,4040
454,97,2,,1806
455,51,4,FOOD,4606
456,10,2,,1807
457,62,4,FOOD,4606
458,62,2,WASTEMANAGEMENT,1807
459,53,4,FOOD,4606
460,22,2,FOOD,1808
461,58,3,FOOD,4041
462,59,4,FOOD,4606
463,56,2,WASTEMANAGEMENT,1808
464,52,5,FOOD,4968
465,89,2,,1809
466,64,4,FOOD,4607
467,46,1,WASTEMANAGEMENT,82
468,20,2,FOOD,1809
469,66,2,,1810
470,51,3,FOOD,4041
471,73,4,,4607
472,10,4,,4607
473,17,5,,4968
474,45,4,FOOD,4607
475,20,2,FOOD,1810
476,4,2,,1811
477,60,3,FOOD,4041
478,69,2,,1811
479,69,6,,5078
480,76,1,,83
481,37,3,FOOD,4042
482,64,3,FOOD,4042
483,61,3,WASTEMANAGEMENT,4042
484,21,2,FOOD,1812
485,70,1,,84
486,61,2,FOOD,1812
487,76,3,,4043
488,56,2,Unemployed,1813
489,78,2,,1813
490,50,2,FOOD,1814
491,31,3,FOOD,4043
492,29,1,WASTEMANAGEMENT,85
493,44,6,FOOD,5079
494,77,3,,4043
495,69,2,,1814
496,58,1,FOOD,86
497,45,3,Unemployed,4044
498,60,2,FOOD,1815
499,60,5,WASTEMANAGEMENT,4968
500,26,4,FOOD,4608
501,73,2,,1815
502,10,3,,4044
503,61,2,FOOD,1816
504,66,2,,1816
505,66,2,,1817
506,68,6,,5079
507,64,2,FOOD,1817
508,70,5,,4968
509,60,3,FOOD,4044
510,21,3,WASTEMANAGEMENT,4045
511,2,1,,87
512,17,4,,4608
513,24,2,FOOD,1818
514,10,3,,4045
515,17,3,,4045
516,85,4,,4608
517,51,3,WASTEMANAGEMENT,4046
518,83,4,,4608
519,73,2,,1818
520,58,2,FOOD,1819
521,49,2,FOOD,1819
522,49,4,FOOD,4609
523,78,2,,1820
524,10,4,,4609
525,61,1,FOOD,88
526,95,1,,89
527,17,3,,4046
528,100,2,,1820
529,4,6,,5079
530,52,4,FOOD,4609
531,70,1,,90
532,34,2,FOOD,1821
533,59,2,FOOD,1821
534,68,1,,91
535,61,3,FOOD,4046
536,16,3,,4047
537,67,2,,1822
538,99,3,,4047
539,60,4,FOOD,4609
540,61,4,WASTEMANAGEMENT,4610
541,26,3,FOOD,4047
542,100,2,,1822
543,77,5,,4969
544,67,2,,1823
545,13,2,,1823
546,63,2,FOOD,1824
547,23,2,FOOD,1824
548,65,4,WASTEMANAGEMENT,4610
549,32,4,FOOD,4610
550,8,5,,4969
551,99,2,,1825
552,78,2,,1825
553,54,2,WASTEMANAGEMENT,1826
554,44,1,FOOD,92
555,77,5,,4969
556,73,1,,93
557,47,3,WASTEMANAGEMENT,4048
558,97,3,,4048
559,76,1,,94
560,76,3,,4048
561,40,2,Unemployed,1826
562,75,5,,4969
563,68,2,,1827
564,50,2,WASTEMANAGEMENT,1827
565,73,3,,4049
566,31,1,FOOD,95
567,51,3,FOOD,4049
568,42,4,FOOD,4610
569,77,2,,1828
570,64,5,FOOD,4969
571,45,2,FOOD,1828
572,32,2,WASTEMANAGEMENT,1829
573,99,1,,96
574,55,2,FOOD,1829
575,32,5,FOOD,4970
576,80,1,,97
577,16,1,,98
578,72,1,,99
579,57,1,FOOD,100
580,74,2,,1830
581,14,3,,4049
582,55,4,FOOD,4611
583,93,2,,1830
584,55,4,FOOD,4611
585,64,6,FOOD,5079
586,54,2,FOOD,1831
587,75,1,,101
588,22,2,FOOD,1831
589,12,1,,102
590,20,6,FOOD,5079
591,69,2,,1832
592,26,4,FOOD,4611
593,21,2,FOOD,1832
594,62,1,FOOD,103
595,75,2,,1833
596,73,2,,1833
597,89,4,,4611
598,71,2,,1834
599,37,3,Unemployed,4050
600,1,5,,4970
601,57,1,FOOD,104
602,60,5,FOOD,4970
603,14,2,,1834
604,36,2,FOOD,1835
605,51,4,WASTEMANAGEMENT,4612
606,26,1,FOOD,105
607,87,6,,5079
608,62,2,WASTEMANAGEMENT,1835
609,19,3,FOOD,4050
610,68,4,,4612
611,53,4,Unemployed,4612
612,64,3,WASTEMANAGEMENT,4050
613,22,2,WASTEMANAGEMENT,1836
614,28,2,FOOD,1836
615,56,2,FOOD,1837
616,46,2,FOOD,1837
617,0,2,,1838
618,35,3,FOOD,4051
619,77,5,,4970
620,13,2,,1838
621,27,2,FOOD,1839
622,77,3,,4051
623,10,4,,4612
624,29,5,FOOD,4970
625,72,3,,4051
626,9,2,,1839
627,15,2,,1840
628,0,4,,4613
629,55,5,FOOD,4971
630,20,3,FOOD,4052
631,69,2,,1840
632,31,3,FOOD,4052
633,21,1,FOOD,106
634,69,2,,1841
635,64,2,FOOD,1841
636,21,2,FOOD,1842
637,72,2,,1842
638,70,1,,107
639,80,2,,1843
640,78,3,,4052
641,100,2,,1843
642,20,3,FOOD,4053
643,22,3,WASTEMANAGEMENT,4053
644,55,2,FOOD,1844
645,68,6,,5080
646,65,2,FOOD,1844
647,61,2,FOOD,1845
648,63,1,FOOD,108
649,49,2,FOOD,1845
650,63,2,FOOD,1846
651,52,2,FOOD,1846
652,72,6,,5080
653,86,1,,109
654,70,2,,1847
655,65,1,FOOD,110
656,84,2,,1847
657,64,2,FOOD,1848
658,33,5,FOOD,4971
659,50,2,FOOD,1848
660,78,2,,1849
661,12,1,,111
662,31,5,WASTEMANAGEMENT,4971
663,38,3,FOOD,4053
664,30,3,FOOD,4054
665,50,4,FOOD,4613
666,59,2,WASTEMANAGEMENT,1849
667,47,2,FOOD,1850
668,85,2,,1850
669,87,3,,4054
670,14,1,,112
671,58,2,FOOD,1851
672,62,1,FOOD,113
673,65,1,FOOD,114
674,15,5,,4971
675,59,2,FOOD,1851
676,88,1,,115
677,68,2,,1852
678,53,3,WASTEMANAGEMENT,4054
679,61,1,FOOD,116
680,10,3,,4055
681,55,3,FOOD,4055
682,51,1,FOOD,117
683,1,3,,4055
684,67,2,,1852
685,67,3,,4056
686,79,4,,4613
687,68,2,,1853
688,61,3,FOOD,4056
689,71,2,,1853
690,57,5,FOOD,4971
691,21,5,FOOD,4972
692,22,5,FOOD,4972
693,68,2,,1854
694,79,2,,1854
695,14,2,,1855
696,11,2,,1855
697,44,4,FOOD,4613
698,48,2,FOOD,1856
699,25,2,FOOD,1856
700,4,2,,1857
701,53,2,WASTEMANAGEMENT,1857
702,0,2,,1858
703,56,3,FOOD,4056
704,51,2,FOOD,1858
705,58,3,FOOD,4057
706,73,3,,4057
707,73,4,,4614
708,67,3,,4057
709,60,3,FOOD,4058
710,93,1,,118
711,63,2,FOOD,1859
712,55,2,FOOD,1859
713,67,1,,119
714,80,2,,1860
715,61,2,FOOD,1860
716,42,1,WASTEMANAGEMENT,120
717,59,4,WASTEMANAGEMENT,4614
718,54,4,FOOD,4614
719,68,2,,1861
720,75,2,,1861
721,67,3,,4058
722,57,2,FOOD,1862
723,13,4,,4614
724,99,2,,1862
725,64,2,WASTEMANAGEMENT,1863
726,50,2,FOOD,1863
727,6,1,,121
728,43,2,FOOD,1864
729,76,2,,1864
730,72,4,,4615
731,24,4,FOOD,4615
732,61,2,WASTEMANAGEMENT,1865
733,28,2,WASTEMANAGEMENT,1865
734,50,1,Unemployed,122
735,66,3,,4058
736,31,1,FOOD,123
737,48,2,FOOD,1866
738,11,4,,4615
739,62,3,FOOD,4059
740,29,3,FOOD,4059
741,52,3,FOOD,4059
742,46,2,WASTEMANAGEMENT,1866
743,63,1,WASTEMANAGEMENT,124
744,64,2,WASTEMANAGEMENT,1867
745,78,2,,1867
746,40,6,FOOD,5080
747,61,1,FOOD,125
748,77,6,,5080
749,86,3,,4060
750,3,2,,1868
751,52,6,FOOD,5080
752,10,1,,126
753,13,5,,4972
754,73,2,,1868
755,11,2,,1869
756,60,2,FOOD,1869
757,35,5,Unemployed,4972
758,72,2,,1870
759,36,2,FOOD,1870
760,63,2,FOOD,1871
761,32,3,FOOD,4060
762,63,2,FOOD,1871
763,62,4,FOOD,4615
764,19,2,Unemployed,1872
765,61,3,FOOD,4060
766,100,2,,1872
767,20,1,Unemployed,127
768,64,2,FOOD,1873
769,54,4,FOOD,4616
770,26,2,FOOD,1873
771,4,2,,1874
772,11,2,,1874
773,18,3,FOOD,4061
774,20,2,WASTEMANAGEMENT,1875
775,54,2,FOOD,1875
776,71,2,,1876
777,54,1,WASTEMANAGEMENT,128
778,68,2,,1876
779,22,2,FOOD,1877
780,13,2,,1877
781,23,2,WASTEMANAGEMENT,1878
782,79,2,,1878
783,14,5,,4972
784,61,2,Unemployed,1879
785,18,1,FOOD,129
786,51,1,WASTEMANAGEMENT,130
787,92,4,,4616
788,28,5,FOOD,4973
789,64,2,FOOD,1879
790,66,3,,4061
791,65,3,FOOD,4061
792,52,2,FOOD,1880
793,72,1,,131
794,68,3,,4062
795,79,6,,5080
796,79,2,,1880
797,1,5,,4973
798,53,2,FOOD,1881
799,9,2,,1881
800,41,2,FOOD,1882
801,69,5,,4973
802,15,4,,4616
803,30,3,FOOD,4062
804,27,4,FOOD,4616
805,61,5,FOOD,4973
806,7,5,,4973
807,72,1,,132
808,72,2,,1882
809,65,4,FOOD,4617
810,5,5,,4974
811,65,1,FOOD,133
812,66,3,,4062
813,53,2,FOOD,1883
814,70,1,,134
815,75,4,,4617
816,79,4,,4617
817,93,4,,4617
818,27,4,FOOD,4618
819,99,3,,4063
820,76,3,,4063
821,69,4,,4618
822,56,3,WASTEMANAGEMENT,4063
823,66,2,,1883
824,15,2,,1884
825,62,3,FOOD,4064
826,57,2,WASTEMANAGEMENT,1884
827,56,1,WASTEMANAGEMENT,135
828,80,2,,1885
829,74,4,,4618
830,68,5,,4974
831,67,3,,4064
832,57,2,FOOD,1885
833,38,4,FOOD,4618
834,79,2,,1886
835,13,4,,4619
836,95,2,,1886
837,1,2,,1887
838,13,2,,1887
839,10,5,,4974
840,70,5,,4974
841,32,2,WASTEMANAGEMENT,1888
842,67,4,,4619
843,53,3,WASTEMANAGEMENT,4064
844,76,4,,4619
845,18,1,FOOD,136
846,61,2,FOOD,1888
847,91,4,,4619
848,70,3,,4065
849,64,1,WASTEMANAGEMENT,137
850,40,2,FOOD,1889
851,44,3,FOOD,4065
852,49,2,FOOD,1889
853,25,2,FOOD,1890
854,88,2,,1890
855,4,3,,4065
856,87,2,,1891
857,78,2,,1891
858,60,2,FOOD,1892
859,89,3,,4066
860,63,1,FOOD,138
861,60,2,FOOD,1892
862,15,2,,1893
863,64,2,FOOD,1893
864,70,2,,1894
865,4,1,,139
866,95,2,,1894
867,75,1,,140
868,73,2,,1895
869,75,1,,141
870,49,2,FOOD,1895
871,48,2,FOOD,1896
872,72,2,,1896
873,68,2,,1897
874,75,3,,4066
875,7,4,,4620
876,83,2,,1897
877,39,3,FOOD,4066
878,35,1,WASTEMANAGEMENT,142
879,70,2,,1898
880,77,4,,4620
881,54,2,FOOD,1898
882,15,2,,1899
883,61,2,FOOD,1899
884,33,1,WASTEMANAGEMENT,143
885,67,4,,4620
886,60,2,FOOD,1900
887,57,2,FOOD,1900
888,77,1,,144
889,62,2,FOOD,1901
890,58,2,WASTEMANAGEMENT,1901
891,45,2,FOOD,1902
892,49,2,FOOD,1902
893,79,3,,4067
894,28,2,WASTEMANAGEMENT,1903
895,60,1,FOOD,145
896,35,2,FOOD,1903
897,5,3,,4067
898,63,2,FOOD,1904
899,57,1,FOOD,146
900,61,1,FOOD,147
901,66,2,,1904
902,59,4,FOOD,4620
903,41,2,FOOD,1905
904,77,2,,1905
905,69,2,,1906
906,51,2,WASTEMANAGEMENT,1906
907,71,2,,1907
908,73,1,,148
909,100,2,,1907
910,59,3,FOOD,4067
911,67,2,,1908
912,90,4,,4621
913,61,2,WASTEMANAGEMENT,1908
914,29,2,FOOD,1909
915,95,3,,4068
916,70,2,,1909
917,63,4,FOOD,4621
918,60,4,FOOD,4621
919,44,2,WASTEMANAGEMENT,1910
920,90,3,,4068
921,82,2,,1910
922,15,3,,4068
923,83,2,,1911
924,10,2,,1911
925,62,1,WASTEMANAGEMENT,149
926,70,4,,4621
927,28,1,FOOD,150
928,54,2,WASTEMANAGEMENT,1912
929,90,3,,4069
930,73,2,,1912
931,81,2,,1913
932,25,4,FOOD,4622
933,55,2,FOOD,1913
934,34,3,FOOD,4069
935,77,2,,1914
936,7,5,,4974
937,37,2,FOOD,1914
938,0,2,,1915
939,29,6,WASTEMANAGEMENT,5081
940,53,2,FOOD,1915
941,30,3,FOOD,4069
942,58,2,FOOD,1916
943,66,2,,1916
944,70,1,,151
945,13,4,,4622
946,74,5,,4975
947,28,2,FOOD,1917
948,64,2,FOOD,1917
949,32,2,WASTEMANAGEMENT,1918
950,10,4,,4622
951,44,1,FOOD,152
952,26,4,WASTEMANAGEMENT,4622
953,65,3,FOOD,4070
954,49,3,FOOD,4070
955,56,2,FOOD,1918
956,13,4,,4623
957,98,1,,153
958,77,1,,154
959,7,3,,4070
960,83,4,,4623
961,56,2,FOOD,1919
962,18,4,FOOD,4623
963,11,3,,4071
964,69,2,,1919
965,60,1,FOOD,155
966,60,3,FOOD,4071
967,70,3,,4071
968,37,6,FOOD,5081
969,67,2,,1920
970,63,3,FOOD,4072
971,28,2,FOOD,1920
972,88,6,,5081
973,36,4,FOOD,4623
974,38,4,FOOD,4624
975,47,2,FOOD,1921
976,30,3,FOOD,4072
977,78,2,,1921
978,1,2,,1922
979,84,2,,1922
980,32,1,FOOD,156
981,5,4,,4624
982,65,4,WASTEMANAGEMENT,4624
983,4,4,,4624
984,32,4,WASTEMANAGEMENT,4625
985,43,2,FOOD,1923
986,31,2,FOOD,1923
987,54,3,FOOD,4072
988,45,1,FOOD,157
989,75,1,,158
990,10,4,,4625
991,40,1,WASTEMANAGEMENT,159
992,60,3,FOOD,4073
993,35,4,FOOD,4625
994,38,3,FOOD,4073
995,61,2,WASTEMANAGEMENT,1924
996,94,3,,4073
997,65,4,Unemployed,4625
998,61,4,FOOD,4626
999,43,2,WASTEMANAGEMENT,1924
1000,61,3,WASTEMANAGEMENT,4074
1001,60,5,FOOD,4975
1002,40,4,FOOD,4626
1003,60,3,FOOD,4074
1004,61,4,FOOD,4626
1005,85,4,,4626
1006,19,2,FOOD,1925
1007,77,1,,160
1008,88,2,,1925
1009,2,2,,1926
1010,37,4,FOOD,4627
1011,50,4,FOOD,4627
1012,93,2,,1926
1013,75,4,,4627
1014,0,4,,4627
1015,65,4,FOOD,4628
1016,54,6,FOOD,5081
1017,78,2,,1927
1018,56,5,FOOD,4975
1019,74,2,,1927
1020,19,2,FOOD,1928
1021,58,4,WASTEMANAGEMENT,4628
1022,71,4,,4628
1023,12,2,,1928
1024,18,1,FOOD,161
1025,48,6,FOOD,5081
1026,89,1,,162
1027,99,3,,4074
1028,41,2,WASTEMANAGEMENT,1929
1029,79,4,,4628
1030,90,5,,4975
1031,62,3,WASTEMANAGEMENT,4075
1032,90,3,,4075
1033,83,2,,1929
1034,34,1,FOOD,163
1035,35,1,FOOD,164
1036,44,4,FOOD,4629
1037,69,3,,4075
1038,59,3,FOOD,4076
1039,62,2,FOOD,1930
1040,26,2,FOOD,1930
1041,25,4,FOOD,4629
1042,47,3,WASTEMANAGEMENT,4076
1043,60,4,FOOD,4629
1044,19,5,FOOD,4975
1045,16,2,,1931
1046,43,2,WASTEMANAGEMENT,1931
1047,55,2,FOOD,1932
1048,88,2,,1932
1049,11,3,,4076
1050,12,3,,4077
1051,55,1,FOOD,165
1052,64,3,FOOD,4077
1053,58,2,FOOD,1933
1054,79,4,,4629
1055,16,2,,1933
1056,45,1,FOOD,166
1057,13,2,,1934
1058,64,1,FOOD,167
1059,95,2,,1934
1060,51,2,FOOD,1935
1061,76,3,,4077
1062,55,1,FOOD,168
1063,75,2,,1935
1064,58,4,FOOD,4630
1065,45,2,Unemployed,1936
1066,60,5,FOOD,4976
1067,75,1,,169
1068,2,4,,4630
1069,48,1,FOOD,170
1070,27,4,FOOD,4630
1071,48,2,WASTEMANAGEMENT,1936
1072,11,2,,1937
1073,64,2,FOOD,1937
1074,67,4,,4630
1075,77,2,,1938
1076,68,1,,171
1077,4,5,,4976
1078,69,1,,172
1079,67,4,,4631
1080,92,5,,4976
1081,60,4,FOOD,4631
1082,51,2,FOOD,1938
1083,21,6,FOOD,5081
1084,76,2,,1939
1085,33,2,FOOD,1939
1086,75,2,,1940
1087,51,3,FOOD,4078
1088,65,1,FOOD,173
1089,63,1,FOOD,174
1090,68,2,,1940
1091,73,5,,4976
1092,71,2,,1941
1093,74,3,,4078
1094,38,3,FOOD,4078
1095,3,2,,1941
1096,44,1,Unemployed,175
1097,52,2,FOOD,1942
1098,23,3,FOOD,4079
1099,6,1,,176
1100,62,1,FOOD,177
1101,69,5,,4976
1102,3,4,,4631
1103,60,3,FOOD,4079
1104,69,2,,1942
1105,76,5,,4977
1106,66,1,,178
1107,100,2,,1943
1108,20,4,FOOD,4631
1109,42,3,FOOD,4079
1110,70,3,,4080
1111,17,2,,1943
1112,27,1,FOOD,179
1113,26,2,FOOD,1944
1114,69,3,,4080
1115,88,2,,1944
1116,62,3,FOOD,4080
1117,40,1,FOOD,180
1118,59,2,FOOD,1945
1119,77,2,,1945
1120,6,5,,4977
1121,39,2,FOOD,1946
1122,59,2,FOOD,1946
1123,86,2,,1947
1124,64,4,FOOD,4632
1125,49,3,WASTEMANAGEMENT,4081
1126,50,2,WASTEMANAGEMENT,1947
1127,57,1,WASTEMANAGEMENT,181
1128,63,5,WASTEMANAGEMENT,4977
1129,57,6,FOOD,5082
1130,76,2,,1948
1131,28,1,WASTEMANAGEMENT,182
1132,21,6,FOOD,5082
1133,62,2,FOOD,1948
1134,57,1,FOOD,183
1135,44,2,FOOD,1949
1136,56,5,WASTEMANAGEMENT,4977
1137,91,2,,1949
1138,54,3,FOOD,4081
1139,77,2,,1950
1140,50,2,FOOD,1950
1141,15,2,,1951
1142,59,2,FOOD,1951
1143,35,1,FOOD,184
1144,3,4,,4632
1145,74,3,,4081
1146,44,5,FOOD,4977
1147,51,4,FOOD,4632
1148,63,1,WASTEMANAGEMENT,185
1149,29,1,WASTEMANAGEMENT,186
1150,53,1,WASTEMANAGEMENT,187
1151,28,2,FOOD,1952
1152,55,4,FOOD,4632
1153,63,1,FOOD,188
1154,50,3,FOOD,4082
1155,63,6,FOOD,5082
1156,46,4,FOOD,4633
1157,32,2,FOOD,1952
1158,73,2,,1953
1159,50,5,WASTEMANAGEMENT,4978
1160,63,5,WASTEMANAGEMENT,4978
1161,59,4,FOOD,4633
1162,75,2,,1953
1163,53,1,FOOD,189
1164,6,5,,4978
1165,79,2,,1954
1166,65,3,FOOD,4082
1167,47,6,FOOD,5082
1168,15,2,,1954
1169,22,3,FOOD,4082
1170,47,2,FOOD,1955
1171,20,2,WASTEMANAGEMENT,1955
1172,56,3,FOOD,4083
1173,76,1,,190
1174,25,4,FOOD,4633
1175,58,1,WASTEMANAGEMENT,191
1176,62,2,Unemployed,1956
1177,54,1,FOOD,192
1178,56,2,FOOD,1956
1179,71,5,,4978
1180,55,2,WASTEMANAGEMENT,1957
1181,84,2,,1957
1182,36,1,WASTEMANAGEMENT,193
1183,36,2,WASTEMANAGEMENT,1958
1184,64,2,FOOD,1958
1185,70,2,,1959
1186,65,2,FOOD,1959
1187,66,3,,4083
1188,19,2,FOOD,1960
1189,12,2,,1960
1190,64,1,FOOD,194
1191,32,2,Unemployed,1961
1192,15,2,,1961
1193,44,2,FOOD,1962
1194,11,3,,4083
1195,51,2,FOOD,1962
1196,38,2,FOOD,1963
1197,59,2,FOOD,1963
1198,73,3,,4084
1199,5,2,,1964
1200,73,4,,4633
1201,67,2,,1964
1202,69,2,,1965
1203,68,3,,4084
1204,20,1,FOOD,195
1205,20,2,FOOD,1965
1206,18,1,FOOD,196
1207,53,3,FOOD,4084
1208,44,2,Unemployed,1966
1209,14,5,,4978
1210,19,2,WASTEMANAGEMENT,1966
1211,59,2,FOOD,1967
1212,63,1,FOOD,197
1213,63,2,WASTEMANAGEMENT,1967
1214,91,2,,1968
1215,65,4,FOOD,4634
1216,57,4,FOOD,4634
1217,59,2,FOOD,1968
1218,70,3,,4085
1219,35,1,FOOD,198
1220,61,2,FOOD,1969
1221,92,2,,1969
1222,57,2,FOOD,1970
1223,60,2,FOOD,1970
1224,68,2,,1971
1225,8,2,,1971
1226,22,1,FOOD,199
1227,20,2,FOOD,1972
1228,54,2,WASTEMANAGEMENT,1972
1229,87,3,,4085
1230,52,1,FOOD,200
1231,18,1,FOOD,201
1232,13,2,,1973
1233,34,1,FOOD,202
1234,54,4,Unemployed,4634
1235,51,1,Unemployed,203
1236,63,2,WASTEMANAGEMENT,1973
1237,68,2,,1974
1238,80,2,,1974
1239,74,1,,204
1240,100,2,,1975
1241,0,2,,1975
1242,54,2,FOOD,1976
1243,83,3,,4085
1244,100,1,,205
1245,79,3,,4086
1246,44,2,FOOD,1976
1247,47,1,FOOD,206
1248,13,2,,1977
1249,97,3,,4086
1250,45,2,WASTEMANAGEMENT,1977
1251,74,2,,1978
1252,64,2,FOOD,1978
1253,33,3,FOOD,4086
1254,69,2,,1979
1255,27,4,FOOD,4634
1256,94,2,,1979
1257,60,2,FOOD,1980
1258,38,2,FOOD,1980
1259,36,2,FOOD,1981
1260,86,2,,1981
1261,63,3,FOOD,4087
1262,57,3,FOOD,4087
1263,72,2,,1982
1264,20,2,WASTEMANAGEMENT,1982
1265,64,2,FOOD,1983
1266,35,6,FOOD,5082
1267,89,2,,1983
1268,60,2,WASTEMANAGEMENT,1984
1269,50,2,Unemployed,1984
1270,26,1,FOOD,207
1271,37,4,FOOD,4635
1272,71,1,,208
1273,6,2,,1985
1274,42,3,FOOD,4087
1275,54,1,WASTEMANAGEMENT,209
1276,48,2,FOOD,1985
1277,58,1,FOOD,210
1278,87,2,,1986
1279,13,2,,1986
1280,17,1,,211
1281,69,5,,4979
1282,88,5,,4979
1283,66,3,,4088
1284,89,4,,4635
1285,69,1,,212
1286,91,2,,1987
1287,36,5,FOOD,4979
1288,39,6,WASTEMANAGEMENT,5082
1289,89,4,,4635
1290,61,1,WASTEMANAGEMENT,213
1291,68,5,,4979
1292,67,2,,1987
1293,57,4,FOOD,4635
1294,10,2,,1988
1295,69,4,,4636
1296,23,2,FOOD,1988
1297,24,2,FOOD,1989
1298,59,3,FOOD,4088
1299,70,3,,4088
1300,47,1,FOOD,214
1301,68,2,,1989
1302,34,3,FOOD,4089
1303,56,2,FOOD,1990
1304,79,1,,215
1305,44,2,FOOD,1990
1306,16,1,,216
1307,46,3,WASTEMANAGEMENT,4089
1308,73,2,,1991
1309,71,1,,217
1310,3,2,,1991
1311,86,1,,218
1312,58,3,WASTEMANAGEMENT,4089
1313,77,3,,4090
1314,57,2,FOOD,1992
1315,72,1,,219
1316,71,4,,4636
1317,77,1,,220
1318,32,3,WASTEMANAGEMENT,4090
1319,75,5,,4979
1320,76,2,,1992
1321,24,4,FOOD,4636
1322,56,1,WASTEMANAGEMENT,221
1323,42,3,WASTEMANAGEMENT,4090
1324,67,2,,1993
1325,11,4,,4636
1326,46,3,FOOD,4091
1327,76,2,,1993
1328,87,2,,1994
1329,61,2,FOOD,1994
1330,68,3,,4091
1331,74,2,,1995
1332,58,2,FOOD,1995
1333,16,1,,222
1334,36,2,FOOD,1996
1335,22,2,WASTEMANAGEMENT,1996
1336,69,4,,4637
1337,99,2,,1997
1338,58,1,FOOD,223
1339,58,1,FOOD,224
1340,30,2,FOOD,1997
1341,75,2,,1998
1342,36,2,FOOD,1998
1343,11,2,,1999
1344,35,2,FOOD,1999
1345,96,1,,225
1346,73,4,,4637
1347,75,2,,2000
1348,29,5,FOOD,4980
1349,52,2,WASTEMANAGEMENT,2000
1350,28,2,FOOD,2001
1351,61,2,FOOD,2001
1352,51,2,WASTEMANAGEMENT,2002
1353,100,1,,226
1354,66,1,,227
1355,69,4,,4637
1356,67,5,,4980
1357,29,2,WASTEMANAGEMENT,2002
1358,81,1,,228
1359,66,5,,4980
1360,37,2,FOOD,2003
1361,39,1,FOOD,229
1362,66,3,,4091
1363,69,1,,230
1364,59,3,FOOD,4092
1365,62,6,FOOD,5083
1366,44,2,FOOD,2003
1367,37,3,FOOD,4092
1368,26,4,FOOD,4637
1369,10,4,,4638
1370,92,1,,231
1371,62,2,FOOD,2004
1372,21,1,WASTEMANAGEMENT,232
1373,32,4,FOOD,4638
1374,79,3,,4092
1375,64,6,FOOD,5083
1376,31,4,WASTEMANAGEMENT,4638
1377,32,2,FOOD,2004
1378,64,3,FOOD,4093
1379,38,1,FOOD,233
1380,62,2,WASTEMANAGEMENT,2005
1381,83,2,,2005
1382,65,2,Unemployed,2006
1383,64,2,FOOD,2006
1384,47,2,FOOD,2007
1385,39,2,FOOD,2007
1386,64,2,FOOD,2008
1387,63,2,WASTEMANAGEMENT,2008
1388,53,4,FOOD,4638
1389,57,4,FOOD,4639
1390,9,2,,2009
1391,77,2,,2009
1392,79,1,,234
1393,54,2,Unemployed,2010
1394,4,3,,4093
1395,64,2,FOOD,2010
1396,0,4,,4639
1397,34,4,FOOD,4639
1398,62,3,FOOD,4093
1399,72,2,,2011
1400,97,2,,2011
1401,5,3,,4094
1402,45,2,WASTEMANAGEMENT,2012
1403,60,2,FOOD,2012
1404,58,6,FOOD,5083
1405,31,3,Unemployed,4094
1406,73,2,,2013
1407,96,2,,2013
1408,14,2,,2014
1409,4,2,,2014
1410,49,1,FOOD,235
1411,2,6,,5083
1412,76,6,,5083
1413,19,2,FOOD,2015
1414,56,2,Unemployed,2015
1415,74,4,,4639
1416,69,3,,4094
1417,72,6,,5083
1418,39,1,FOOD,236
1419,35,2,WASTEMANAGEMENT,2016
1420,70,1,,237
1421,98,4,,4640
1422,75,1,,238
1423,2,4,,4640
1424,86,2,,2016
1425,58,3,Unemployed,4095
1426,93,2,,2017
1427,48,2,WASTEMANAGEMENT,2017
1428,15,3,,4095
1429,58,2,Unemployed,2018
1430,53,2,FOOD,2018
1431,66,2,,2019
1432,45,4,WASTEMANAGEMENT,4640
1433,65,3,FOOD,4095
1434,69,3,,4096
1435,78,2,,2019
1436,61,3,WASTEMANAGEMENT,4096
1437,37,4,FOOD,4640
1438,67,2,,2020
1439,66,5,,4980
1440,81,2,,2020
1441,58,3,FOOD,4096
1442,87,2,,2021
1443,65,2,FOOD,2021
1444,92,3,,4097
1445,77,2,,2022
1446,59,3,FOOD,4097
1447,66,2,,2022
1448,43,4,FOOD,4641
1449,49,5,FOOD,4980
1450,69,2,,2023
1451,52,2,FOOD,2023
1452,45,2,FOOD,2024
1453,72,2,,2024
1454,63,5,WASTEMANAGEMENT,4981
1455,18,1,FOOD,239
1456,22,2,FOOD,2025
1457,60,1,WASTEMANAGEMENT,240
1458,87,2,,2025
1459,45,2,FOOD,2026
1460,55,2,FOOD,2026
1461,58,3,FOOD,4097
1462,64,2,Unemployed,2027
1463,74,6,,5084
1464,23,4,FOOD,4641
1465,36,2,FOOD,2027
1466,69,2,,2028
1467,5,3,,4098
1468,53,2,WASTEMANAGEMENT,2028
1469,58,2,FOOD,2029
1470,25,4,WASTEMANAGEMENT,4641
1471,71,2,,2029
1472,50,4,FOOD,4641
1473,65,1,FOOD,241
1474,61,2,FOOD,2030
1475,23,4,WASTEMANAGEMENT,4642
1476,94,2,,2030
1477,61,2,FOOD,2031
1478,54,2,FOOD,2031
1479,58,5,WASTEMANAGEMENT,4981
1480,67,2,,2032
1481,12,1,,242
1482,91,4,,4642
1483,40,2,FOOD,2032
1484,31,2,FOOD,2033
1485,61,2,WASTEMANAGEMENT,2033
1486,75,2,,2034
1487,65,2,WASTEMANAGEMENT,2034
1488,78,2,,2035
1489,38,2,FOOD,2035
1490,75,5,,4981
1491,71,2,,2036
1492,51,2,FOOD,2036
1493,43,2,Unemployed,2037
1494,60,2,FOOD,2037
1495,1,2,,2038
1496,40,2,FOOD,2038
1497,60,6,FOOD,5084
1498,67,2,,2039
1499,32,2,WASTEMANAGEMENT,2039
1500,80,2,,2040
1501,16,2,,2040
1502,51,4,WASTEMANAGEMENT,4642
1503,66,2,,2041
1504,34,4,Unemployed,4642
1505,71,1,,243
1506,63,3,FOOD,4098
1507,80,2,,2041
1508,78,5,,4981
1509,76,4,,4643
1510,63,1,FOOD,244
1511,95,1,,245
1512,3,4,,4643
1513,46,1,FOOD,246
1514,10,3,,4098
1515,74,3,,4099
1516,71,2,,2042
1517,97,2,,2042
1518,35,2,FOOD,2043
1519,15,3,,4099
1520,20,1,FOOD,247
1521,22,1,Unemployed,248
1522,76,5,,4981
1523,79,1,,249
1524,55,1,FOOD,250
1525,56,1,FOOD,251
1526,93,1,,252
1527,55,3,FOOD,4099
1528,79,5,,4982
1529,52,2,FOOD,2043
1530,62,2,WASTEMANAGEMENT,2044
1531,44,2,FOOD,2044
1532,60,2,FOOD,2045
1533,13,2,,2045
1534,76,2,,2046
1535,6,2,,2046
1536,74,2,,2047
1537,78,2,,2047
1538,63,4,FOOD,4643
1539,57,4,FOOD,4643
1540,64,3,FOOD,4100
1541,43,2,FOOD,2048
1542,40,3,WASTEMANAGEMENT,4100
1543,32,2,Unemployed,2048
1544,63,2,Unemployed,2049
1545,70,2,,2049
1546,53,2,FOOD,2050
1547,79,3,,4100
1548,45,3,FOOD,4101
1549,74,3,,4101
1550,21,2,FOOD,2050
1551,73,3,,4101
1552,55,4,FOOD,4644
1553,64,2,Unemployed,2051
1554,38,1,FOOD,253
1555,92,2,,2051
1556,99,1,,254
1557,40,2,FOOD,2052
1558,49,3,FOOD,4102
1559,67,2,,2052
1560,61,2,FOOD,2053
1561,27,3,Unemployed,4102
1562,66,6,,5084
1563,93,5,,4982
1564,58,2,FOOD,2053
1565,88,4,,4644
1566,97,1,,255
1567,50,4,FOOD,4644
1568,78,3,,4102
1569,14,3,,4103
1570,52,1,FOOD,256
1571,8,2,,2054
1572,67,1,,257
1573,31,3,WASTEMANAGEMENT,4103
1574,95,2,,2054
1575,13,2,,2055
1576,59,2,FOOD,2055
1577,41,2,FOOD,2056
1578,58,3,FOOD,4103
1579,62,2,FOOD,2056
1580,64,3,FOOD,4104
1581,42,5,FOOD,4982
1582,66,1,,258
1583,100,2,,2057
1584,18,1,FOOD,259
1585,64,2,FOOD,2057
1586,53,2,FOOD,2058
1587,55,1,WASTEMANAGEMENT,260
1588,44,2,FOOD,2058
1589,66,4,,4644
1590,50,2,Unemployed,2059
1591,71,2,,2059
1592,87,2,,2060
1593,99,2,,2060
1594,7,3,,4104
1595,5,1,,261
1596,14,3,,4104
1597,72,1,,262
1598,72,5,,4982
1599,58,1,FOOD,263
1600,74,6,,5084
1601,5,2,,2061
1602,7,2,,2061
1603,94,2,,2062
1604,75,6,,5084
1605,52,2,FOOD,2062
1606,52,2,FOOD,2063
1607,57,4,WASTEMANAGEMENT,4645
1608,52,2,FOOD,2063
1609,62,1,FOOD,264
1610,33,2,FOOD,2064
1611,75,4,,4645
1612,68,5,,4982
1613,48,2,FOOD,2064
1614,73,4,,4645
1615,72,2,,2065
1616,23,3,FOOD,4105
1617,37,4,FOOD,4645
1618,33,2,WASTEMANAGEMENT,2065
1619,73,3,,4105
1620,73,2,,2066
1621,73,1,,265
1622,31,4,FOOD,4646
1623,55,2,FOOD,2066
1624,17,2,,2067
1625,9,2,,2067
1626,67,2,,2068
1627,75,6,,5084
1628,60,3,WASTEMANAGEMENT,4105
1629,67,2,,2068
1630,88,2,,2069
1631,7,1,,266
1632,95,6,,5085
1633,60,3,FOOD,4106
1634,74,2,,2069
1635,28,6,FOOD,5085
1636,13,2,,2070
1637,65,2,WASTEMANAGEMENT,2070
1638,32,1,FOOD,267
1639,78,2,,2071
1640,63,2,FOOD,2071
1641,69,1,,268
1642,59,5,WASTEMANAGEMENT,4983
1643,40,4,FOOD,4646
1644,57,1,FOOD,269
1645,5,2,,2072
1646,26,2,FOOD,2072
1647,7,2,,2073
1648,76,1,,270
1649,0,1,,271
1650,54,2,WASTEMANAGEMENT,2073
1651,75,2,,2074
1652,77,2,,2074
1653,51,4,FOOD,4646
1654,42,1,FOOD,272
1655,64,1,FOOD,273
1656,18,5,FOOD,4983
1657,82,2,,2075
1658,27,3,FOOD,4106
1659,71,2,,2075
1660,74,6,,5085
1661,71,2,,2076
1662,56,4,Unemployed,4646
1663,93,3,,4106
1664,66,2,,2076
1665,59,2,FOOD,2077
1666,46,4,WASTEMANAGEMENT,4647
1667,46,5,FOOD,4983
1668,32,4,Unemployed,4647
1669,56,2,FOOD,2077
1670,60,2,FOOD,2078
1671,30,2,WASTEMANAGEMENT,2078
1672,89,4,,4647
1673,40,1,FOOD,274
1674,1,3,,4107
1675,71,2,,2079
1676,78,2,,2079
1677,56,1,FOOD,275
1678,50,2,WASTEMANAGEMENT,2080
1679,52,4,FOOD,4647
1680,54,2,WASTEMANAGEMENT,2080
1681,2,2,,2081
1682,57,4,WASTEMANAGEMENT,4648
1683,74,2,,2081
1684,51,2,WASTEMANAGEMENT,2082
1685,38,1,FOOD,276
1686,47,4,FOOD,4648
1687,59,3,WASTEMANAGEMENT,4107
1688,15,2,,2082
1689,19,2,FOOD,2083
1690,52,4,WASTEMANAGEMENT,4648
1691,52,2,FOOD,2083
1692,8,1,,277
1693,61,6,FOOD,5085
1694,61,3,WASTEMANAGEMENT,4107
1695,61,2,FOOD,2084
1696,91,1,,278
1697,68,4,,4648
1698,57,1,WASTEMANAGEMENT,279
1699,56,4,Unemployed,4649
1700,69,2,,2084
1701,68,3,,4108
1702,0,2,,2085
1703,76,1,,280
1704,60,1,FOOD,281
1705,58,2,FOOD,2085
1706,55,5,WASTEMANAGEMENT,4983
1707,68,3,,4108
1708,62,4,FOOD,4649
1709,71,4,,4649
1710,45,2,WASTEMANAGEMENT,2086
1711,70,4,,4649
1712,44,2,FOOD,2086
1713,69,2,,2087
1714,11,2,,2087
1715,56,2,WASTEMANAGEMENT,2088
1716,48,3,FOOD,4108
1717,63,4,FOOD,4650
1718,66,2,,2088
1719,46,6,FOOD,5085
1720,53,4,WASTEMANAGEMENT,4650
1721,60,5,FOOD,4983
1722,37,2,WASTEMANAGEMENT,2089
1723,93,2,,2089
1724,39,2,FOOD,2090
1725,46,2,FOOD,2090
1726,36,2,FOOD,2091
1727,33,2,FOOD,2091
1728,78,3,,4109
1729,52,2,FOOD,2092
1730,57,2,WASTEMANAGEMENT,2092
1731,66,4,,4650
1732,14,2,,2093
1733,52,3,WASTEMANAGEMENT,4109
1734,77,2,,2093
1735,62,2,FOOD,2094
1736,45,4,WASTEMANAGEMENT,4650
1737,62,4,FOOD,4651
1738,3,5,,4984
1739,41,2,FOOD,2094
1740,68,2,,2095
1741,91,2,,2095
1742,48,2,WASTEMANAGEMENT,2096
1743,76,2,,2096
1744,54,2,FOOD,2097
1745,37,1,WASTEMANAGEMENT,282
1746,61,6,FOOD,5085
1747,71,4,,4651
1748,78,2,,2097
1749,1,3,,4109
1750,20,3,FOOD,4110
1751,19,2,FOOD,2098
1752,79,2,,2098
1753,7,3,,4110
1754,69,2,,2099
1755,65,4,FOOD,4651
1756,69,2,,2099
1757,63,1,FOOD,283
1758,43,2,FOOD,2100
1759,35,1,FOOD,284
1760,71,4,,4651
1761,68,1,,285
1762,60,2,FOOD,2100
1763,31,3,FOOD,4110
1764,20,2,FOOD,2101
1765,60,4,WASTEMANAGEMENT,4652
1766,52,2,FOOD,2101
1767,26,3,FOOD,4111
1768,72,4,,4652
1769,30,1,WASTEMANAGEMENT,286
1770,50,3,FOOD,4111
1771,78,1,,287
1772,44,2,FOOD,2102
1773,44,3,FOOD,4111
1774,73,5,,4984
1775,63,2,FOOD,2102
1776,32,1,WASTEMANAGEMENT,288
1777,78,2,,2103
1778,64,1,WASTEMANAGEMENT,289
1779,27,5,FOOD,4984
1780,71,2,,2103
1781,78,1,,290
1782,59,1,FOOD,291
1783,62,2,WASTEMANAGEMENT,2104
1784,2,4,,4652
1785,25,1,FOOD,292
1786,65,1,WASTEMANAGEMENT,293
1787,57,2,Unemployed,2104
1788,4,2,,2105
1789,2,4,,4652
1790,6,4,,4653
1791,18,2,WASTEMANAGEMENT,2105
1792,65,2,FOOD,2106
1793,25,2,WASTEMANAGEMENT,2106
1794,3,5,,4984
1795,85,5,,4984
1796,56,2,FOOD,2107
1797,54,1,FOOD,294
1798,43,3,FOOD,4112
1799,69,2,,2107
1800,74,4,,4653
1801,53,4,FOOD,4653
1802,18,3,FOOD,4112
1803,70,1,,295
1804,72,2,,2108
1805,15,2,,2108
1806,85,1,,296
1807,68,4,,4653
1808,66,2,,2109
1809,34,4,FOOD,4654
1810,75,2,,2109
1811,41,3,FOOD,4112
1812,60,2,FOOD,2110
1813,77,2,,2110
1814,62,3,FOOD,4113
1815,69,3,,4113
1816,47,2,FOOD,2111
1817,22,4,FOOD,4654
1818,73,4,,4654
1819,59,2,Unemployed,2111
1820,78,3,,4113
1821,87,3,,4114
1822,36,3,WASTEMANAGEMENT,4114
1823,92,3,,4114
1824,78,2,,2112
1825,35,1,FOOD,297
1826,32,2,FOOD,2112
1827,76,2,,2113
1828,24,4,FOOD,4654
1829,65,1,FOOD,298
1830,31,2,FOOD,2113
1831,62,3,FOOD,4115
1832,64,3,WASTEMANAGEMENT,4115
1833,56,2,FOOD,2114
1834,15,2,,2114
1835,53,2,WASTEMANAGEMENT,2115
1836,65,1,FOOD,299
1837,20,2,FOOD,2115
1838,61,2,FOOD,2116
1839,65,3,Unemployed,4115
1840,72,2,,2116
1841,34,3,FOOD,4116
1842,65,2,FOOD,2117
1843,41,2,FOOD,2117
1844,38,2,WASTEMANAGEMENT,2118
1845,62,2,Unemployed,2118
1846,99,4,,4655
1847,56,2,FOOD,2119
1848,67,1,,300
1849,58,2,WASTEMANAGEMENT,2119
1850,75,2,,2120
1851,63,1,FOOD,301
1852,86,6,,5086
1853,78,4,,4655
1854,80,3,,4116
1855,53,1,FOOD,302
1856,56,2,FOOD,2120
1857,67,4,,4655
1858,59,2,Unemployed,2121
1859,24,2,FOOD,2121
1860,57,3,FOOD,4116
1861,67,4,,4655
1862,58,2,WASTEMANAGEMENT,2122
1863,43,1,WASTEMANAGEMENT,303
1864,34,2,FOOD,2122
1865,15,4,,4656
1866,69,1,,304
1867,58,6,FOOD,5086
1868,10,4,,4656
1869,39,2,FOOD,2123
1870,74,2,,2123
1871,77,2,,2124
1872,54,2,FOOD,2124
1873,67,4,,4656
1874,62,4,FOOD,4656
1875,51,3,FOOD,4117
1876,13,2,,2125
1877,69,2,,2125
1878,65,2,FOOD,2126
1879,62,2,FOOD,2126
1880,68,4,,4657
1881,37,2,FOOD,2127
1882,95,1,,305
1883,36,1,FOOD,306
1884,48,4,FOOD,4657
1885,8,2,,2127
1886,22,5,WASTEMANAGEMENT,4985
1887,30,4,FOOD,4657
1888,69,2,,2128
1889,23,5,FOOD,4985
1890,66,1,,307
1891,12,3,,4117
1892,47,2,FOOD,2128
1893,69,2,,2129
1894,53,2,FOOD,2129
1895,61,2,FOOD,2130
1896,74,5,,4985
1897,39,3,Unemployed,4117
1898,13,2,,2130
1899,55,1,WASTEMANAGEMENT,308
1900,35,5,WASTEMANAGEMENT,4985
1901,56,2,FOOD,2131
1902,72,1,,309
1903,65,1,FOOD,310
1904,66,1,,311
1905,67,5,,4985
1906,10,4,,4657
1907,78,1,,312
1908,67,2,,2131
1909,26,1,FOOD,313
1910,67,2,,2132
1911,39,3,FOOD,4118
1912,68,2,,2132
1913,74,1,,314
1914,34,2,WASTEMANAGEMENT,2133
1915,36,2,WASTEMANAGEMENT,2133
1916,22,1,FOOD,315
1917,8,2,,2134
1918,22,4,WASTEMANAGEMENT,4658
1919,61,5,FOOD,4986
1920,73,2,,2134
1921,69,4,,4658
1922,85,3,,4118
1923,5,2,,2135
1924,75,1,,316
1925,31,2,WASTEMANAGEMENT,2135
1926,30,2,FOOD,2136
1927,62,2,WASTEMANAGEMENT,2136
1928,13,1,,317
1929,13,4,,4658
1930,59,2,FOOD,2137
1931,65,1,FOOD,318
1932,56,2,FOOD,2137
1933,11,5,,4986
1934,12,3,,4118
1935,36,2,FOOD,2138
1936,32,4,FOOD,4658
1937,50,3,WASTEMANAGEMENT,4119
1938,4,4,,4659
1939,46,2,FOOD,2138
1940,71,2,,2139
1941,7,2,,2139
1942,18,1,FOOD,319
1943,14,4,,4659
1944,32,2,FOOD,2140
1945,92,2,,2140
1946,65,1,FOOD,320
1947,64,2,FOOD,2141
1948,79,2,,2141
1949,79,2,,2142
1950,66,3,,4119
1951,61,5,WASTEMANAGEMENT,4986
1952,69,2,,2142
1953,94,5,,4986
1954,68,2,,2143
1955,51,2,FOOD,2143
1956,59,1,FOOD,321
1957,69,6,,5086
1958,59,2,FOOD,2144
1959,77,4,,4659
1960,43,1,WASTEMANAGEMENT,322
1961,65,2,Unemployed,2144
1962,29,4,FOOD,4659
1963,32,3,FOOD,4119
1964,29,2,WASTEMANAGEMENT,2145
1965,60,4,Unemployed,4660
1966,64,1,FOOD,323
1967,53,4,FOOD,4660
1968,26,2,FOOD,2145
1969,75,2,,2146
1970,59,3,Unemployed,4120
1971,78,2,,2146
1972,72,2,,2147
1973,53,4,FOOD,4660
1974,27,2,WASTEMANAGEMENT,2147
1975,74,2,,2148
1976,57,1,FOOD,324
1977,15,4,,4660
1978,23,2,FOOD,2148
1979,7,1,,325
1980,62,5,FOOD,4986
1981,62,2,FOOD,2149
1982,64,2,FOOD,2149
1983,75,2,,2150
1984,18,4,FOOD,4661
1985,36,2,FOOD,2150
1986,85,1,,326
1987,54,3,FOOD,4120
1988,56,3,FOOD,4120
1989,19,2,FOOD,2151
1990,99,2,,2151
1991,50,3,FOOD,4121
1992,6,1,,327
1993,62,3,FOOD,4121
1994,17,2,,2152
1995,58,2,FOOD,2152
1996,77,2,,2153
1997,55,2,FOOD,2153
1998,69,1,,328
1999,83,2,,2154
2000,92,3,,4121
2001,15,2,,2154
2002,20,2,FOOD,2155
2003,75,1,,329
2004,68,1,,330
2005,26,1,WASTEMANAGEMENT,331
2006,29,4,WASTEMANAGEMENT,4661
2007,32,1,Unemployed,332
2008,11,4,,4661
2009,3,2,,2155
2010,74,3,,4122
2011,68,2,,2156
2012,53,3,WASTEMANAGEMENT,4122
2013,88,3,,4122
2014,69,4,,4661
2015,53,4,FOOD,4662
2016,7,3,,4123
2017,49,2,WASTEMANAGEMENT,2156
2018,73,2,,2157
2019,71,2,,2157
2020,96,3,,4123
2021,21,4,FOOD,4662
2022,67,1,,333
2023,59,4,FOOD,4662
2024,94,2,,2158
2025,50,2,FOOD,2158
2026,51,1,Unemployed,334
2027,0,3,,4123
2028,41,4,FOOD,4662
2029,9,2,,2159
2030,59,1,Unemployed,335
2031,50,2,FOOD,2159
2032,26,3,FOOD,4124
2033,22,5,FOOD,4987
2034,16,2,,2160
2035,85,2,,2160
2036,43,3,WASTEMANAGEMENT,4124
2037,54,2,FOOD,2161
2038,78,1,,336
2039,61,1,Unemployed,337
2040,47,2,WASTEMANAGEMENT,2161
2041,65,2,FOOD,2162
2042,69,4,,4663
2043,68,2,,2162
2044,13,2,,2163
2045,61,2,FOOD,2163
2046,55,4,WASTEMANAGEMENT,4663
2047,29,2,FOOD,2164
2048,54,4,FOOD,4663
2049,77,1,,338
2050,3,1,,339
2051,68,2,,2164
2052,51,2,FOOD,2165
2053,74,2,,2165
2054,41,2,Unemployed,2166
2055,55,2,FOOD,2166
2056,10,2,,2167
2057,3,3,,4124
2058,55,2,FOOD,2167
2059,14,2,,2168
2060,52,2,FOOD,2168
2061,2,1,,340
2062,93,4,,4663
2063,68,4,,4664
2064,65,3,FOOD,4125
2065,23,2,FOOD,2169
2066,73,1,,341
2067,38,2,FOOD,2169
2068,52,4,FOOD,4664
2069,30,3,FOOD,4125
2070,33,2,FOOD,2170
2071,47,2,FOOD,2170
2072,45,4,WASTEMANAGEMENT,4664
2073,48,2,FOOD,2171
2074,32,4,FOOD,4664
2075,40,5,WASTEMANAGEMENT,4987
2076,73,4,,4665
2077,54,2,FOOD,2171
2078,58,3,FOOD,4125
2079,36,2,WASTEMANAGEMENT,2172
2080,62,3,FOOD,4126
2081,55,4,WASTEMANAGEMENT,4665
2082,48,2,FOOD,2172
2083,30,2,FOOD,2173
2084,68,5,,4987
2085,69,1,,342
2086,81,3,,4126
2087,67,2,,2173
2088,92,5,,4987
2089,0,1,,343
2090,58,2,FOOD,2174
2091,79,3,,4126
2092,36,2,WASTEMANAGEMENT,2174
2093,67,1,,344
2094,74,3,,4127
2095,70,2,,2175
2096,65,2,FOOD,2175
2097,69,1,,345
2098,0,1,,346
2099,15,4,,4665
2100,21,5,FOOD,4987
2101,21,5,WASTEMANAGEMENT,4988
2102,52,1,FOOD,347
2103,38,2,FOOD,2176
2104,48,2,FOOD,2176
2105,36,2,FOOD,2177
2106,63,2,WASTEMANAGEMENT,2177
2107,60,1,FOOD,348
2108,69,2,,2178
2109,69,5,,4988
2110,48,2,FOOD,2178
2111,57,2,FOOD,2179
2112,32,1,FOOD,349
2113,17,3,,4127
2114,66,3,,4127
2115,69,5,,4988
2116,65,2,Unemployed,2179
2117,55,1,FOOD,350
2118,1,2,,2180
2119,3,2,,2180
2120,60,3,FOOD,4128
2121,66,4,,4665
2122,65,1,WASTEMANAGEMENT,351
2123,63,5,FOOD,4988
2124,44,1,FOOD,352
2125,98,2,,2181
2126,60,3,FOOD,4128
2127,98,3,,4128
2128,65,2,WASTEMANAGEMENT,2181
2129,98,2,,2182
2130,11,2,,2182
2131,2,2,,2183
2132,71,3,,4129
2133,56,6,Unemployed,5086
2134,49,3,FOOD,4129
2135,89,4,,4666
2136,8,3,,4129
2137,75,4,,4666
2138,67,2,,2183
2139,47,2,Unemployed,2184
2140,20,4,FOOD,4666
2141,20,6,WASTEMANAGEMENT,5086
2142,91,4,,4666
2143,23,2,FOOD,2184
2144,90,1,,353
2145,42,2,FOOD,2185
2146,28,3,FOOD,4130
2147,79,1,,354
2148,53,1,FOOD,355
2149,89,2,,2185
2150,75,3,,4130
2151,84,1,,356
2152,42,3,FOOD,4130
2153,79,4,,4667
2154,13,3,,4131
2155,13,4,,4667
2156,64,2,FOOD,2186
2157,75,1,,357
2158,88,2,,2186
2159,48,3,FOOD,4131
2160,42,3,FOOD,4131
2161,90,1,,358
2162,60,1,FOOD,359
2163,48,2,FOOD,2187
2164,51,3,FOOD,4132
2165,72,5,,4988
2166,10,3,,4132
2167,55,2,WASTEMANAGEMENT,2187
2168,52,2,WASTEMANAGEMENT,2188
2169,77,6,,5086
2170,8,4,,4667
2171,74,3,,4132
2172,67,4,,4667
2173,100,2,,2188
2174,79,1,,360
2175,66,3,,4133
2176,34,2,Unemployed,2189
2177,62,1,FOOD,361
2178,89,3,,4133
2179,11,4,,4668
2180,70,4,,4668
2181,41,4,WASTEMANAGEMENT,4668
2182,100,2,,2189
2183,69,2,,2190
2184,62,5,FOOD,4989
2185,64,4,WASTEMANAGEMENT,4668
2186,63,4,FOOD,4669
2187,54,4,FOOD,4669
2188,58,1,FOOD,362
2189,68,3,,4133
2190,8,2,,2190
2191,4,3,,4134
2192,40,4,FOOD,4669
2193,39,2,Unemployed,2191
2194,60,5,FOOD,4989
2195,64,4,Unemployed,4669
2196,20,2,FOOD,2191
2197,88,3,,4134
2198,20,2,FOOD,2192
2199,88,2,,2192
2200,70,1,,363
2201,72,3,,4134
2202,61,4,FOOD,4670
2203,75,2,,2193
2204,12,2,,2193
2205,50,4,FOOD,4670
2206,17,4,,4670
2207,8,2,,2194
2208,63,3,WASTEMANAGEMENT,4135
2209,70,2,,2194
2210,21,1,FOOD,364
2211,92,2,,2195
2212,7,2,,2195
2213,28,1,WASTEMANAGEMENT,365
2214,58,2,FOOD,2196
2215,48,1,FOOD,366
2216,3,2,,2196
2217,57,2,WASTEMANAGEMENT,2197
2218,77,3,,4135
2219,70,2,,2197
2220,40,5,Unemployed,4989
2221,31,2,FOOD,2198
2222,61,2,FOOD,2198
2223,75,4,,4670
2224,7,2,,2199
2225,70,1,,367
2226,21,4,FOOD,4671
2227,20,4,FOOD,4671
2228,10,5,,4989
2229,36,4,FOOD,4671
2230,96,2,,2199
2231,61,2,FOOD,2200
2232,3,2,,2200
2233,64,3,Unemployed,4135
2234,79,2,,2201
2235,67,3,,4136
2236,63,2,FOOD,2201
2237,22,4,FOOD,4671
2238,68,2,,2202
2239,26,2,FOOD,2202
2240,60,3,FOOD,4136
2241,61,2,FOOD,2203
2242,74,3,,4136
2243,77,1,,368
2244,56,3,FOOD,4137
2245,48,4,FOOD,4672
2246,51,4,WASTEMANAGEMENT,4672
2247,62,1,FOOD,369
2248,56,1,WASTEMANAGEMENT,370
2249,30,2,FOOD,2203
2250,66,2,,2204
2251,51,3,FOOD,4137
2252,71,2,,2204
2253,68,2,,2205
2254,52,1,FOOD,371
2255,53,2,FOOD,2205
2256,43,1,FOOD,372
2257,62,4,FOOD,4672
2258,73,4,,4672
2259,20,1,FOOD,373
2260,51,1,FOOD,374
2261,59,6,FOOD,5087
2262,76,3,,4137
2263,5,6,,5087
2264,65,1,FOOD,375
2265,4,4,,4673
2266,54,2,FOOD,2206
2267,61,2,FOOD,2206
2268,76,2,,2207
2269,68,4,,4673
2270,59,4,WASTEMANAGEMENT,4673
2271,65,2,FOOD,2207
2272,29,5,FOOD,4989
2273,74,1,,376
2274,20,5,FOOD,4990
2275,17,3,,4138
2276,28,3,FOOD,4138
2277,74,3,,4138
2278,38,3,FOOD,4139
2279,48,3,FOOD,4139
2280,35,1,FOOD,377
2281,66,2,,2208
2282,2,5,,4990
2283,64,2,FOOD,2208
2284,67,2,,2209
2285,50,2,WASTEMANAGEMENT,2209
2286,59,2,WASTEMANAGEMENT,2210
2287,40,4,FOOD,4673
2288,54,1,FOOD,378
2289,71,2,,2210
2290,90,4,,4674
2291,1,2,,2211
2292,54,2,FOOD,2211
2293,18,4,FOOD,4674
2294,94,2,,2212
2295,53,2,FOOD,2212
2296,69,4,,4674
2297,7,5,,4990
2298,64,2,Unemployed,2213
2299,39,2,FOOD,2213
2300,86,2,,2214
2301,55,4,FOOD,4674
2302,50,1,WASTEMANAGEMENT,379
2303,38,2,WASTEMANAGEMENT,2214
2304,29,1,FOOD,380
2305,61,6,WASTEMANAGEMENT,5087
2306,50,3,FOOD,4139
2307,50,2,FOOD,2215
2308,40,2,WASTEMANAGEMENT,2215
2309,37,1,FOOD,381
2310,18,3,WASTEMANAGEMENT,4140
2311,51,1,FOOD,382
2312,96,1,,383
2313,75,4,,4675
2314,60,2,FOOD,2216
2315,41,3,WASTEMANAGEMENT,4140
2316,27,2,FOOD,2216
2317,18,2,Unemployed,2217
2318,50,4,FOOD,4675
2319,70,2,,2217
2320,7,1,,384
2321,54,1,FOOD,385
2322,57,1,WASTEMANAGEMENT,386
2323,3,3,,4140
2324,51,1,WASTEMANAGEMENT,387
2325,65,3,Unemployed,4141
2326,12,2,,2218
2327,57,2,Unemployed,2218
2328,39,2,FOOD,2219
2329,94,2,,2219
2330,63,4,FOOD,4675
2331,39,2,Unemployed,2220
2332,8,2,,2220
2333,45,1,FOOD,388
2334,58,1,FOOD,389
2335,25,2,Unemployed,2221
2336,76,3,,4141
2337,73,2,,2221
2338,58,2,FOOD,2222
2339,23,2,FOOD,2222
2340,60,1,FOOD,390
2341,70,2,,2223
2342,74,1,,391
2343,60,2,WASTEMANAGEMENT,2223
2344,57,1,FOOD,392
2345,68,1,,393
2346,87,4,,4675
2347,74,2,,2224
2348,75,4,,4676
2349,85,1,,394
2350,46,5,FOOD,4990
2351,69,6,,5087
2352,49,5,FOOD,4990
2353,45,2,WASTEMANAGEMENT,2224
2354,65,2,FOOD,2225
2355,63,5,FOOD,4991
2356,78,1,,395
2357,63,4,WASTEMANAGEMENT,4676
2358,52,2,WASTEMANAGEMENT,2225
2359,99,2,,2226
2360,28,2,FOOD,2226
2361,13,5,,4991
2362,37,2,FOOD,2227
2363,5,1,,396
2364,54,2,WASTEMANAGEMENT,2227
2365,45,2,FOOD,2228
2366,65,4,FOOD,4676
2367,74,2,,2228
2368,0,3,,4141
2369,60,3,FOOD,4142
2370,35,2,FOOD,2229
2371,51,2,WASTEMANAGEMENT,2229
2372,98,3,,4142
2373,64,2,FOOD,2230
2374,17,2,,2230
2375,44,3,Unemployed,4142
2376,67,5,,4991
2377,62,3,FOOD,4143
2378,41,2,FOOD,2231
2379,52,4,FOOD,4676
2380,68,1,,397
2381,64,1,FOOD,398
2382,78,5,,4991
2383,37,2,FOOD,2231
2384,0,2,,2232
2385,21,2,FOOD,2232
2386,66,4,,4677
2387,68,1,,399
2388,64,5,FOOD,4991
2389,35,1,WASTEMANAGEMENT,400
2390,88,2,,2233
2391,88,2,,2233
2392,61,3,FOOD,4143
2393,50,4,FOOD,4677
2394,64,1,WASTEMANAGEMENT,401
2395,46,2,FOOD,2234
2396,74,5,,4992
2397,69,2,,2234
2398,14,2,,2235
2399,79,5,,4992
2400,1,5,,4992
2401,13,3,,4143
2402,68,2,,2235
2403,46,1,FOOD,402
2404,72,2,,2236
2405,55,5,WASTEMANAGEMENT,4992
2406,67,2,,2236
2407,76,3,,4144
2408,73,2,,2237
2409,65,2,FOOD,2237
2410,19,5,FOOD,4992
2411,20,3,FOOD,4144
2412,14,2,,2238
2413,64,1,FOOD,403
2414,39,4,WASTEMANAGEMENT,4677
2415,35,3,Unemployed,4144
2416,14,2,,2238
2417,20,4,FOOD,4677
2418,82,1,,404
2419,66,4,,4678
2420,54,1,WASTEMANAGEMENT,405
2421,71,2,,2239
2422,36,1,FOOD,406
2423,29,2,FOOD,2239
2424,64,2,FOOD,2240
2425,64,2,FOOD,2240
2426,37,3,WASTEMANAGEMENT,4145
2427,85,2,,2241
2428,59,4,WASTEMANAGEMENT,4678
2429,20,2,FOOD,2241
2430,66,4,,4678
2431,4,3,,4145
2432,18,1,FOOD,407
2433,24,2,FOOD,2242
2434,67,4,,4678
2435,8,3,,4145
2436,50,3,FOOD,4146
2437,52,4,FOOD,4679
2438,43,1,WASTEMANAGEMENT,408
2439,1,1,,409
2440,24,4,FOOD,4679
2441,70,3,,4146
2442,32,4,WASTEMANAGEMENT,4679
2443,20,1,FOOD,410
2444,91,2,,2242
2445,61,2,FOOD,2243
2446,67,4,,4679
2447,55,4,FOOD,4680
2448,96,3,,4146
2449,62,1,FOOD,411
2450,41,1,FOOD,412
2451,64,1,FOOD,413
2452,51,4,FOOD,4680
2453,55,3,FOOD,4147
2454,10,4,,4680
2455,58,2,FOOD,2243
2456,68,3,,4147
2457,51,4,Unemployed,4680
2458,81,3,,4147
2459,59,1,FOOD,414
2460,50,3,FOOD,4148
2461,99,3,,4148
2462,75,1,,415
2463,67,2,,2244
2464,67,6,,5087
2465,49,2,FOOD,2244
2466,70,4,,4681
2467,76,4,,4681
2468,73,1,,416
2469,29,2,FOOD,2245
2470,22,2,FOOD,2245
2471,3,5,,4993
2472,51,2,FOOD,2246
2473,55,2,FOOD,2246
2474,67,3,,4148
2475,59,2,Unemployed,2247
2476,63,2,FOOD,2247
2477,79,2,,2248
2478,68,5,,4993
2479,51,5,WASTEMANAGEMENT,4993
2480,7,3,,4149
2481,0,2,,2248
2482,3,5,,4993
2483,42,1,FOOD,417
2484,8,4,,4681
2485,11,3,,4149
2486,53,2,WASTEMANAGEMENT,2249
2487,36,2,FOOD,2249
2488,23,1,WASTEMANAGEMENT,418
2489,14,4,,4681
2490,41,3,FOOD,4149
2491,67,2,,2250
2492,53,2,FOOD,2250
2493,53,2,WASTEMANAGEMENT,2251
2494,11,2,,2251
2495,54,2,FOOD,2252
2496,70,3,,4150
2497,67,2,,2252
2498,55,4,WASTEMANAGEMENT,4682
2499,74,1,,419
2500,100,2,,2253
2501,62,3,FOOD,4150
2502,56,2,FOOD,2253
2503,99,2,,2254
2504,62,4,FOOD,4682
2505,65,1,FOOD,420
2506,94,4,,4682
2507,100,2,,2254
2508,55,2,FOOD,2255
2509,29,2,FOOD,2255
2510,27,2,FOOD,2256
2511,2,1,,421
2512,50,3,WASTEMANAGEMENT,4150
2513,74,4,,4682
2514,42,1,WASTEMANAGEMENT,422
2515,50,1,FOOD,423
2516,62,5,FOOD,4993
2517,46,3,FOOD,4151
2518,21,2,WASTEMANAGEMENT,2256
2519,22,3,WASTEMANAGEMENT,4151
2520,20,4,Unemployed,4683
2521,34,4,FOOD,4683
2522,73,1,,424
2523,45,2,WASTEMANAGEMENT,2257
2524,25,1,WASTEMANAGEMENT,425
2525,21,3,WASTEMANAGEMENT,4151
2526,16,1,,426
2527,63,1,FOOD,427
2528,65,1,WASTEMANAGEMENT,428
2529,77,2,,2257
2530,51,2,FOOD,2258
2531,96,1,,429
2532,8,6,,5087
2533,79,6,,5088
2534,67,2,,2258
2535,37,3,FOOD,4152
2536,23,2,WASTEMANAGEMENT,2259
2537,72,3,,4152
2538,60,4,FOOD,4683
2539,18,2,WASTEMANAGEMENT,2259
2540,53,3,FOOD,4152
2541,41,5,FOOD,4994
2542,34,4,FOOD,4683
2543,8,2,,2260
2544,8,2,,2260
2545,72,1,,430
2546,80,4,,4684
2547,95,1,,431
2548,70,2,,2261
2549,56,4,WASTEMANAGEMENT,4684
2550,71,2,,2261
2551,45,3,WASTEMANAGEMENT,4153
2552,74,3,,4153
2553,31,2,FOOD,2262
2554,10,2,,2262
2555,84,2,,2263
2556,76,4,,4684
2557,66,1,,432
2558,12,2,,2263
2559,93,4,,4684
2560,64,2,FOOD,2264
2561,50,2,FOOD,2264
2562,74,2,,2265
2563,3,2,,2265
2564,78,2,,2266
2565,75,1,,433
2566,77,2,,2266
2567,63,2,FOOD,2267
2568,67,2,,2267
2569,69,2,,2268
2570,62,3,FOOD,4153
2571,2,2,,2268
2572,81,1,,434
2573,21,2,FOOD,2269
2574,71,2,,2269
2575,48,2,Unemployed,2270
2576,11,2,,2270
2577,0,6,,5088
2578,47,2,Unemployed,2271
2579,57,2,FOOD,2271
2580,73,2,,2272
2581,10,2,,2272
2582,65,1,WASTEMANAGEMENT,435
2583,41,3,FOOD,4154
2584,0,2,,2273
2585,57,2,FOOD,2273
2586,48,5,FOOD,4994
2587,77,2,,2274
2588,71,2,,2274
2589,40,2,FOOD,2275
2590,2,3,,4154
2591,51,4,WASTEMANAGEMENT,4685
2592,60,4,FOOD,4685
2593,5,3,,4154
2594,65,2,WASTEMANAGEMENT,2275
2595,13,2,,2276
2596,72,2,,2276
2597,6,2,,2277
2598,80,2,,2277
2599,46,1,FOOD,436
2600,55,1,FOOD,437
2601,72,5,,4994
2602,76,2,,2278
2603,78,2,,2278
2604,82,3,,4155
2605,36,3,FOOD,4155
2606,33,2,WASTEMANAGEMENT,2279
2607,50,1,FOOD,438
2608,66,5,,4994
2609,79,3,,4155
2610,36,2,FOOD,2279
2611,33,2,FOOD,2280
2612,55,2,FOOD,2280
2613,32,2,FOOD,2281
2614,39,2,FOOD,2281
2615,57,1,FOOD,439
2616,58,2,WASTEMANAGEMENT,2282
2617,56,2,WASTEMANAGEMENT,2282
2618,17,6,,5088
2619,64,6,FOOD,5088
2620,67,2,,2283
2621,39,4,FOOD,4685
2622,61,2,FOOD,2283
2623,10,1,,440
2624,26,3,FOOD,4156
2625,37,2,WASTEMANAGEMENT,2284
2626,51,4,FOOD,4685
2627,61,2,FOOD,2284
2628,62,2,FOOD,2285
2629,45,2,FOOD,2285
2630,64,2,FOOD,2286
2631,42,4,WASTEMANAGEMENT,4686
2632,31,1,Unemployed,441
2633,32,2,FOOD,2286
2634,50,1,FOOD,442
2635,38,2,FOOD,2287
2636,15,3,,4156
2637,71,3,,4156
2638,98,2,,2287
2639,40,1,FOOD,443
2640,22,2,FOOD,2288
2641,55,2,FOOD,2288
2642,1,2,,2289
2643,17,2,,2289
2644,67,5,,4994
2645,94,3,,4157
2646,96,6,,5088
2647,60,2,FOOD,2290
2648,88,4,,4686
2649,73,2,,2290
2650,51,4,WASTEMANAGEMENT,4686
2651,69,3,,4157
2652,87,2,,2291
2653,72,2,,2291
2654,0,2,,2292
2655,45,3,FOOD,4157
2656,18,6,FOOD,5088
2657,21,4,Unemployed,4686
2658,4,4,,4687
2659,58,4,FOOD,4687
2660,46,3,FOOD,4158
2661,65,1,WASTEMANAGEMENT,444
2662,59,2,FOOD,2292
2663,30,2,FOOD,2293
2664,61,2,WASTEMANAGEMENT,2293
2665,46,2,FOOD,2294
2666,3,2,,2294
2667,43,1,FOOD,445
2668,4,3,,4158
2669,63,2,FOOD,2295
2670,69,2,,2295
2671,68,2,,2296
2672,80,4,,4687
2673,68,2,,2296
2674,34,3,FOOD,4158
2675,41,2,FOOD,2297
2676,63,4,FOOD,4687
2677,68,1,,446
2678,61,2,WASTEMANAGEMENT,2297
2679,39,1,Unemployed,447
2680,66,3,,4159
2681,93,1,,448
2682,64,1,FOOD,449
2683,35,2,FOOD,2298
2684,15,3,,4159
2685,78,2,,2298
2686,75,4,,4688
2687,55,2,Unemployed,2299
2688,56,2,FOOD,2299
2689,11,1,,450
2690,77,3,,4159
2691,13,2,,2300
2692,53,1,WASTEMANAGEMENT,451
2693,75,2,,2300
2694,21,4,WASTEMANAGEMENT,4688
2695,62,3,FOOD,4160
2696,7,5,,4995
2697,77,2,,2301
2698,43,3,FOOD,4160
2699,48,1,FOOD,452
2700,38,3,FOOD,4160
2701,55,1,FOOD,453
2702,39,2,FOOD,2301
2703,72,2,,2302
2704,56,2,FOOD,2302
2705,10,2,,2303
2706,40,2,FOOD,2303
2707,12,4,,4688
2708,45,3,FOOD,4161
2709,72,3,,4161
2710,71,1,,454
2711,56,2,Unemployed,2304
2712,13,2,,2304
2713,6,4,,4688
2714,81,2,,2305
2715,79,2,,2305
2716,47,2,FOOD,2306
2717,24,2,FOOD,2306
2718,29,3,WASTEMANAGEMENT,4161
2719,2,2,,2307
2720,75,2,,2307
2721,31,2,FOOD,2308
2722,67,4,,4689
2723,52,2,FOOD,2308
2724,100,1,,455
2725,55,4,FOOD,4689
2726,65,3,FOOD,4162
2727,42,2,FOOD,2309
2728,6,1,,456
2729,93,1,,457
2730,50,2,WASTEMANAGEMENT,2309
2731,67,2,,2310
2732,54,1,WASTEMANAGEMENT,458
2733,53,2,FOOD,2310
2734,11,1,,459
2735,47,1,FOOD,460
2736,60,1,Unemployed,461
2737,53,4,FOOD,4689
2738,27,3,WASTEMANAGEMENT,4162
2739,31,3,WASTEMANAGEMENT,4162
2740,65,2,Unemployed,2311
2741,68,3,,4163
2742,73,1,,462
2743,64,4,FOOD,4689
2744,49,2,FOOD,2311
2745,55,2,WASTEMANAGEMENT,2312
2746,14,2,,2312
2747,15,2,,2313
2748,8,1,,463
2749,69,2,,2313
2750,69,1,,464
2751,8,1,,465
2752,68,2,,2314
2753,96,1,,466
2754,93,2,,2314
2755,79,3,,4163
2756,98,5,,4995
2757,37,1,WASTEMANAGEMENT,467
2758,71,5,,4995
2759,69,3,,4163
2760,59,4,FOOD,4690
2761,31,2,FOOD,2315
2762,64,1,WASTEMANAGEMENT,468
2763,28,2,FOOD,2315
2764,48,3,WASTEMANAGEMENT,4164
2765,79,3,,4164
2766,39,1,FOOD,469
2767,16,5,,4995
2768,69,1,,470
2769,8,2,,2316
2770,5,2,,2316
2771,14,2,,2317
2772,39,4,FOOD,4690
2773,62,2,FOOD,2317
2774,65,1,FOOD,471
2775,34,3,FOOD,4164
2776,93,2,,2318
2777,59,2,WASTEMANAGEMENT,2318
2778,28,2,FOOD,2319
2779,41,4,FOOD,4690
2780,72,2,,2319
2781,77,3,,4165
2782,22,2,Unemployed,2320
2783,41,1,FOOD,472
2784,77,2,,2320
2785,57,2,FOOD,2321
2786,33,5,FOOD,4995
2787,67,1,,473
2788,65,1,FOOD,474
2789,70,2,,2321
2790,11,2,,2322
2791,62,2,WASTEMANAGEMENT,2322
2792,65,1,WASTEMANAGEMENT,475
2793,39,2,FOOD,2323
2794,54,2,WASTEMANAGEMENT,2323
2795,62,2,FOOD,2324
2796,59,3,FOOD,4165
2797,68,1,,476
2798,75,1,,477
2799,65,3,FOOD,4165
2800,64,1,FOOD,478
2801,0,2,,2324
2802,43,3,FOOD,4166
2803,45,2,FOOD,2325
2804,55,4,FOOD,4690
2805,71,5,,4996
2806,51,3,FOOD,4166
2807,75,2,,2325
2808,76,1,,479
2809,6,2,,2326
2810,61,2,FOOD,2326
2811,33,4,WASTEMANAGEMENT,4691
2812,70,3,,4166
2813,63,2,FOOD,2327
2814,96,2,,2327
2815,88,3,,4167
2816,77,6,,5089
2817,32,1,WASTEMANAGEMENT,480
2818,90,1,,481
2819,76,2,,2328
2820,21,1,Unemployed,482
2821,24,4,WASTEMANAGEMENT,4691
2822,67,3,,4167
2823,81,3,,4167
2824,42,2,FOOD,2328
2825,26,2,FOOD,2329
2826,58,6,WASTEMANAGEMENT,5089
2827,72,2,,2329
2828,89,2,,2330
2829,10,3,,4168
2830,64,2,FOOD,2330
2831,95,3,,4168
2832,75,1,,483
2833,75,1,,484
2834,61,1,FOOD,485
2835,25,2,FOOD,2331
2836,70,4,,4691
2837,57,2,FOOD,2331
2838,97,1,,486
2839,56,1,FOOD,487
2840,74,1,,488
2841,62,4,FOOD,4691
2842,73,5,,4996
2843,63,5,FOOD,4996
2844,18,4,FOOD,4692
2845,65,2,FOOD,2332
2846,75,4,,4692
2847,69,3,,4168
2848,5,2,,2332
2849,63,5,FOOD,4996
2850,25,2,Unemployed,2333
2851,78,2,,2333
2852,72,2,,2334
2853,8,2,,2334
2854,24,1,FOOD,489
2855,96,1,,490
2856,52,2,WASTEMANAGEMENT,2335
2857,68,3,,4169
2858,38,4,WASTEMANAGEMENT,4692
2859,69,2,,2335
2860,11,3,,4169
2861,52,3,FOOD,4169
2862,23,1,FOOD,491
2863,58,2,FOOD,2336
2864,63,2,FOOD,2336
2865,72,2,,2337
2866,47,1,FOOD,492
2867,71,2,,2337
2868,96,2,,2338
2869,78,2,,2338
2870,96,1,,493
2871,78,4,,4692
2872,40,4,FOOD,4693
2873,64,1,FOOD,494
2874,20,1,FOOD,495
2875,40,5,FOOD,4996
2876,72,4,,4693
2877,95,4,,4693
2878,13,1,,496
2879,35,4,WASTEMANAGEMENT,4693
2880,45,3,FOOD,4170
2881,23,3,FOOD,4170
2882,31,4,FOOD,4694
2883,24,3,FOOD,4170
2884,67,3,,4171
2885,92,1,,497
2886,67,4,,4694
2887,8,2,,2339
2888,67,2,,2339
2889,60,2,FOOD,2340
2890,63,1,FOOD,498
2891,67,6,,5089
2892,76,1,,499
2893,15,1,,500
2894,64,2,FOOD,2340
2895,29,6,Unemployed,5089
2896,78,2,,2341
2897,4,3,,4171
2898,65,2,FOOD,2341
2899,66,2,,2342
2900,65,5,WASTEMANAGEMENT,4997
2901,34,4,FOOD,4694
2902,78,2,,2342
2903,14,2,,2343
2904,50,2,FOOD,2343
2905,77,3,,4171
2906,80,4,,4694
2907,42,3,FOOD,4172
2908,76,3,,4172
2909,73,1,,501
2910,73,4,,4695
2911,10,2,,2344
2912,68,3,,4172
2913,60,1,Unemployed,502
2914,66,2,,2344
2915,77,2,,2345
2916,62,2,WASTEMANAGEMENT,2345
2917,59,2,FOOD,2346
2918,48,2,FOOD,2346
2919,70,2,,2347
2920,50,4,FOOD,4695
2921,54,3,Unemployed,4173
2922,1,6,,5089
2923,23,1,FOOD,503
2924,10,2,,2347
2925,42,2,FOOD,2348
2926,51,5,WASTEMANAGEMENT,4997
2927,67,3,,4173
2928,53,1,FOOD,504
2929,36,2,FOOD,2348
2930,10,3,,4173
2931,35,5,WASTEMANAGEMENT,4997
2932,11,2,,2349
2933,15,2,,2349
2934,12,2,,2350
2935,61,3,FOOD,4174
2936,71,4,,4695
2937,26,6,Unemployed,5089
2938,64,5,Unemployed,4997
2939,71,3,,4174
2940,70,2,,2350
2941,58,2,FOOD,2351
2942,76,4,,4695
2943,41,3,FOOD,4174
2944,47,1,FOOD,505
2945,83,5,,4997
2946,31,1,FOOD,506
2947,52,4,FOOD,4696
2948,24,3,Unemployed,4175
2949,24,2,WASTEMANAGEMENT,2351
2950,52,2,FOOD,2352
2951,72,3,,4175
2952,54,4,FOOD,4696
2953,78,2,,2352
2954,31,2,WASTEMANAGEMENT,2353
2955,70,1,,507
2956,58,2,FOOD,2353
2957,47,3,FOOD,4175
2958,69,2,,2354
2959,77,2,,2354
2960,78,3,,4176
2961,0,2,,2355
2962,6,1,,508
2963,66,1,,509
2964,79,1,,510
2965,16,6,,5090
2966,61,2,FOOD,2355
2967,75,2,,2356
2968,74,1,,511
2969,76,4,,4696
2970,51,2,FOOD,2356
2971,19,1,WASTEMANAGEMENT,512
2972,77,3,,4176
2973,4,2,,2357
2974,79,3,,4176
2975,29,2,FOOD,2357
2976,15,1,,513
2977,60,5,FOOD,4998
2978,33,4,FOOD,4696
2979,39,1,FOOD,514
2980,16,2,,2358
2981,53,5,FOOD,4998
2982,2,3,,4177
2983,78,2,,2358
2984,69,5,,4998
2985,25,2,WASTEMANAGEMENT,2359
2986,78,4,,4697
2987,81,2,,2359
2988,69,3,,4177
2989,77,3,,4177
2990,92,4,,4697
2991,74,4,,4697
2992,61,1,WASTEMANAGEMENT,515
2993,92,3,,4178
2994,46,4,WASTEMANAGEMENT,4697
2995,71,4,,4698
2996,88,2,,2360
2997,55,1,FOOD,516
2998,67,2,,2360
2999,78,2,,2361
3000,52,2,FOOD,2361
3001,72,4,,4698
3002,85,2,,2362
3003,67,2,,2362
3004,23,3,WASTEMANAGEMENT,4178
3005,71,2,,2363
3006,1,2,,2363
3007,44,1,Unemployed,517
3008,23,2,FOOD,2364
3009,81,1,,518
3010,67,4,,4698
3011,61,2,WASTEMANAGEMENT,2364
3012,66,1,,519
3013,19,5,WASTEMANAGEMENT,4998
3014,70,2,,2365
3015,10,4,,4698
3016,47,3,FOOD,4178
3017,79,2,,2365
3018,63,1,FOOD,520
3019,68,5,,4998
3020,49,2,FOOD,2366
3021,46,2,FOOD,2366
3022,72,2,,2367
3023,16,2,,2367
3024,51,1,FOOD,521
3025,68,2,,2368
3026,20,1,FOOD,522
3027,8,1,,523
3028,75,2,,2368
3029,84,2,,2369
3030,52,6,WASTEMANAGEMENT,5090
3031,24,2,FOOD,2369
3032,65,4,Unemployed,4699
3033,51,2,FOOD,2370
3034,76,2,,2370
3035,75,2,,2371
3036,62,3,FOOD,4179
3037,70,4,,4699
3038,67,3,,4179
3039,42,5,FOOD,4999
3040,59,1,WASTEMANAGEMENT,524
3041,67,1,,525
3042,66,2,,2371
3043,48,4,WASTEMANAGEMENT,4699
3044,23,3,Unemployed,4179
3045,47,4,FOOD,4699
3046,66,2,,2372
3047,57,1,FOOD,526
3048,53,3,FOOD,4180
3049,97,3,,4180
3050,38,2,WASTEMANAGEMENT,2372
3051,94,1,,527
3052,79,2,,2373
3053,23,2,WASTEMANAGEMENT,2373
3054,11,4,,4700
3055,70,2,,2374
3056,78,4,,4700
3057,96,3,,4180
3058,32,3,FOOD,4181
3059,65,2,FOOD,2374
3060,45,3,WASTEMANAGEMENT,4181
3061,73,3,,4181
3062,90,6,,5090
3063,52,3,FOOD,4182
3064,75,2,,2375
3065,72,2,,2375
3066,17,2,,2376
3067,7,2,,2376
3068,75,2,,2377
3069,1,1,,528
3070,80,4,,4700
3071,12,3,,4182
3072,53,3,FOOD,4182
3073,63,4,FOOD,4700
3074,96,1,,529
3075,65,2,FOOD,2377
3076,58,2,WASTEMANAGEMENT,2378
3077,60,3,FOOD,4183
3078,62,1,WASTEMANAGEMENT,530
3079,52,2,Unemployed,2378
3080,33,2,FOOD,2379
3081,52,3,FOOD,4183
3082,1,4,,4701
3083,60,2,WASTEMANAGEMENT,2379
3084,100,2,,2380
3085,78,1,,531
3086,8,4,,4701
3087,41,2,FOOD,2380
3088,38,1,FOOD,532
3089,63,2,Unemployed,2381
3090,58,3,Unemployed,4183
3091,65,2,FOOD,2381
3092,73,3,,4184
3093,60,5,FOOD,4999
3094,76,2,,2382
3095,93,6,,5090
3096,72,1,,533
3097,60,4,FOOD,4701
3098,61,3,FOOD,4184
3099,97,2,,2382
3100,60,2,FOOD,2383
3101,25,1,FOOD,534
3102,77,6,,5090
3103,51,2,WASTEMANAGEMENT,2383
3104,79,3,,4184
3105,45,2,FOOD,2384
3106,94,4,,4701
3107,51,1,FOOD,535
3108,66,6,,5090
3109,58,4,WASTEMANAGEMENT,4702
3110,14,2,,2384
3111,65,4,FOOD,4702
3112,68,1,,536
3113,4,2,,2385
3114,57,1,FOOD,537
3115,43,2,FOOD,2385
3116,77,1,,538
3117,23,3,FOOD,4185
3118,67,4,,4702
3119,53,2,WASTEMANAGEMENT,2386
3120,86,2,,2386
3121,24,2,FOOD,2387
3122,79,1,,539
3123,59,2,FOOD,2387
3124,50,1,FOOD,540
3125,99,2,,2388
3126,13,2,,2388
3127,71,4,,4702
3128,0,4,,4703
3129,3,4,,4703
3130,68,4,,4703
3131,76,2,,2389
3132,58,4,FOOD,4703
3133,17,4,,4704
3134,19,2,WASTEMANAGEMENT,2389
3135,25,2,FOOD,2390
3136,10,2,,2390
3137,51,2,FOOD,2391
3138,60,5,WASTEMANAGEMENT,4999
3139,76,2,,2391
3140,31,3,FOOD,4185
3141,39,2,FOOD,2392
3142,79,3,,4185
3143,85,2,,2392
3144,31,2,FOOD,2393
3145,73,5,,4999
3146,8,2,,2393
3147,15,6,,5091
3148,28,5,FOOD,4999
3149,55,3,FOOD,4186
3150,70,4,,4704
3151,66,1,,541
3152,16,2,,2394
3153,62,2,FOOD,2394
3154,55,5,Unemployed,5000
3155,28,1,FOOD,542
3156,59,2,FOOD,2395
3157,67,5,,5000
3158,59,3,FOOD,4186
3159,43,1,WASTEMANAGEMENT,543
3160,90,2,,2395
3161,89,5,,5000
3162,64,5,FOOD,5000
3163,72,1,,544
3164,52,1,FOOD,545
3165,100,3,,4186
3166,62,3,WASTEMANAGEMENT,4187
3167,7,2,,2396
3168,100,3,,4187
3169,95,4,,4704
3170,21,1,FOOD,546
3171,31,2,WASTEMANAGEMENT,2396
3172,40,3,WASTEMANAGEMENT,4187
3173,28,3,FOOD,4188
3174,69,2,,2397
3175,79,2,,2397
3176,74,2,,2398
3177,59,1,FOOD,547
3178,47,3,FOOD,4188
3179,50,2,FOOD,2398
3180,29,2,WASTEMANAGEMENT,2399
3181,51,4,WASTEMANAGEMENT,4704
3182,72,2,,2399
3183,79,4,,4705
3184,68,4,,4705
3185,72,5,,5000
3186,68,2,,2400
3187,73,1,,548
3188,9,1,,549
3189,32,1,FOOD,550
3190,40,2,FOOD,2400
3191,85,4,,4705
3192,57,4,FOOD,4705
3193,29,2,FOOD,2401
3194,4,2,,2401
3195,69,2,,2402
3196,82,2,,2402
3197,74,3,,4188
3198,4,2,,2403
3199,72,2,,2403
3200,61,3,WASTEMANAGEMENT,4189
3201,71,2,,2404
3202,65,3,FOOD,4189
3203,24,2,FOOD,2404
3204,49,2,FOOD,2405
3205,64,6,FOOD,5091
3206,56,1,FOOD,551
3207,9,5,,5001
3208,61,1,FOOD,552
3209,41,2,FOOD,2405
3210,60,5,FOOD,5001
3211,66,1,,553
3212,80,4,,4706
3213,73,2,,2406
3214,65,2,FOOD,2406
3215,2,4,,4706
3216,70,2,,2407
3217,63,1,FOOD,554
3218,4,5,,5001
3219,58,2,Unemployed,2407
3220,68,3,,4189
3221,68,3,,4190
3222,27,6,FOOD,5091
3223,67,4,,4706
3224,56,1,FOOD,555
3225,20,2,FOOD,2408
3226,31,1,WASTEMANAGEMENT,556
3227,79,1,,557
3228,99,3,,4190
3229,65,3,FOOD,4190
3230,49,3,WASTEMANAGEMENT,4191
3231,68,3,,4191
3232,57,1,WASTEMANAGEMENT,558
3233,85,1,,559
3234,76,2,,2408
3235,78,3,,4191
3236,73,2,,2409
3237,14,4,,4706
3238,54,2,WASTEMANAGEMENT,2409
3239,50,1,FOOD,560
3240,10,5,,5001
3241,73,2,,2410
3242,68,4,,4707
3243,66,1,,561
3244,9,6,,5091
3245,58,5,FOOD,5001
3246,50,2,FOOD,2410
3247,1,2,,2411
3248,59,3,FOOD,4192
3249,26,2,FOOD,2411
3250,61,6,WASTEMANAGEMENT,5091
3251,63,5,WASTEMANAGEMENT,5002
3252,53,3,Unemployed,4192
3253,28,1,FOOD,562
3254,74,2,,2412
3255,51,4,WASTEMANAGEMENT,4707
3256,59,4,FOOD,4707
3257,71,2,,2412
3258,77,2,,2413
3259,70,5,,5002
3260,88,2,,2413
3261,56,2,Unemployed,2414
3262,21,2,FOOD,2414
3263,43,4,WASTEMANAGEMENT,4707
3264,25,5,FOOD,5002
3265,79,2,,2415
3266,61,3,FOOD,4192
3267,47,1,FOOD,563
3268,98,3,,4193
3269,11,2,,2415
3270,56,4,FOOD,4708
3271,30,3,FOOD,4193
3272,54,2,FOOD,2416
3273,56,2,FOOD,2416
3274,70,1,,564
3275,66,5,,5002
3276,61,4,FOOD,4708
3277,37,2,FOOD,2417
3278,90,1,,565
3279,26,2,FOOD,2417
3280,52,2,FOOD,2418
3281,64,4,FOOD,4708
3282,46,4,Unemployed,4708
3283,92,2,,2418
3284,52,2,FOOD,2419
3285,63,5,FOOD,5002
3286,69,2,,2419
3287,44,2,WASTEMANAGEMENT,2420
3288,31,2,FOOD,2420
3289,21,1,WASTEMANAGEMENT,566
3290,22,5,FOOD,5003
3291,6,5,,5003
3292,82,4,,4709
3293,100,3,,4193
3294,51,6,WASTEMANAGEMENT,5091
3295,68,1,,567
3296,93,1,,568
3297,27,4,WASTEMANAGEMENT,4709
3298,46,4,WASTEMANAGEMENT,4709
3299,4,3,,4194
3300,74,4,,4709
3301,46,3,FOOD,4194
3302,75,2,,2421
3303,58,2,FOOD,2421
3304,51,5,WASTEMANAGEMENT,5003
3305,70,2,,2422
3306,68,2,,2422
3307,44,1,FOOD,569
3308,44,4,FOOD,4710
3309,63,1,WASTEMANAGEMENT,570
3310,30,3,FOOD,4194
3311,5,1,,571
3312,75,2,,2423
3313,60,4,FOOD,4710
3314,6,2,,2423
3315,35,1,FOOD,572
3316,67,3,,4195
3317,34,2,FOOD,2424
3318,82,2,,2424
3319,20,2,FOOD,2425
3320,73,4,,4710
3321,69,3,,4195
3322,85,2,,2425
3323,76,2,,2426
3324,78,6,,5092
3325,70,2,,2426
3326,63,2,WASTEMANAGEMENT,2427
3327,37,1,FOOD,573
3328,68,1,,574
3329,41,3,FOOD,4195
3330,77,2,,2427
3331,77,1,,575
3332,18,2,WASTEMANAGEMENT,2428
3333,13,2,,2428
3334,33,3,FOOD,4196
3335,47,2,FOOD,2429
3336,67,4,,4710
3337,31,1,FOOD,576
3338,60,4,FOOD,4711
3339,56,2,WASTEMANAGEMENT,2429
3340,36,2,FOOD,2430
3341,72,1,,577
3342,38,2,FOOD,2430
3343,63,2,FOOD,2431
3344,75,2,,2431
3345,51,4,WASTEMANAGEMENT,4711
3346,50,2,FOOD,2432
3347,30,2,FOOD,2432
3348,40,2,WASTEMANAGEMENT,2433
3349,54,2,FOOD,2433
3350,12,1,,578
3351,56,3,WASTEMANAGEMENT,4196
3352,49,3,WASTEMANAGEMENT,4196
3353,9,3,,4197
3354,63,2,FOOD,2434
3355,28,2,FOOD,2434
3356,70,2,,2435
3357,92,2,,2435
3358,15,2,,2436
3359,42,2,FOOD,2436
3360,0,2,,2437
3361,63,2,FOOD,2437
3362,15,4,,4711
3363,73,3,,4197
3364,63,3,FOOD,4197
3365,60,1,WASTEMANAGEMENT,579
3366,81,4,,4711
3367,68,2,,2438
3368,60,2,FOOD,2438
3369,9,3,,4198
3370,11,2,,2439
3371,72,2,,2439
3372,56,4,FOOD,4712
3373,70,4,,4712
3374,42,2,FOOD,2440
3375,32,2,FOOD,2440
3376,70,1,,580
3377,30,2,FOOD,2441
3378,50,1,FOOD,581
3379,61,4,FOOD,4712
3380,51,2,FOOD,2441
3381,50,2,FOOD,2442
3382,60,3,FOOD,4198
3383,84,2,,2442
3384,79,2,,2443
3385,60,2,FOOD,2443
3386,63,5,FOOD,5003
3387,63,2,FOOD,2444
3388,62,1,FOOD,582
3389,72,2,,2444
3390,87,2,,2445
3391,69,2,,2445
3392,68,2,,2446
3393,40,6,FOOD,5092
3394,51,2,FOOD,2446
3395,53,4,FOOD,4712
3396,22,3,WASTEMANAGEMENT,4198
3397,12,1,,583
3398,55,1,FOOD,584
3399,76,2,,2447
3400,66,4,,4713
3401,65,4,FOOD,4713
3402,76,5,,5003
3403,11,4,,4713
3404,44,2,FOOD,2447
3405,71,5,,5004
3406,15,4,,4713
3407,65,2,WASTEMANAGEMENT,2448
3408,67,1,,585
3409,65,1,FOOD,586
3410,48,2,FOOD,2448
3411,66,3,,4199
3412,53,4,WASTEMANAGEMENT,4714
3413,73,2,,2449
3414,69,1,,587
3415,2,3,,4199
3416,78,3,,4199
3417,82,3,,4200
3418,55,2,FOOD,2449
3419,63,2,WASTEMANAGEMENT,2450
3420,61,4,WASTEMANAGEMENT,4714
3421,64,3,FOOD,4200
3422,63,2,FOOD,2450
3423,73,4,,4714
3424,97,1,,588
3425,82,1,,589
3426,63,2,FOOD,2451
3427,19,1,FOOD,590
3428,79,1,,591
3429,55,4,FOOD,4714
3430,64,3,WASTEMANAGEMENT,4200
3431,48,2,FOOD,2451
3432,78,3,,4201
3433,66,3,,4201
3434,41,3,Unemployed,4201
3435,82,3,,4202
3436,64,1,FOOD,592
3437,77,2,,2452
3438,71,1,,593
3439,69,2,,2452
3440,59,1,FOOD,594
3441,50,4,FOOD,4715
3442,75,2,,2453
3443,59,2,FOOD,2453
3444,15,2,,2454
3445,6,2,,2454
3446,63,2,WASTEMANAGEMENT,2455
3447,53,2,FOOD,2455
3448,51,3,FOOD,4202
3449,2,2,,2456
3450,89,2,,2456
3451,36,4,WASTEMANAGEMENT,4715
3452,65,2,FOOD,2457
3453,79,5,,5004
3454,77,2,,2457
3455,92,2,,2458
3456,68,3,,4202
3457,46,2,FOOD,2458
3458,90,3,,4203
3459,74,4,,4715
3460,9,1,,595
3461,63,2,FOOD,2459
3462,92,2,,2459
3463,15,1,,596
3464,54,1,Unemployed,597
3465,39,4,FOOD,4715
3466,79,2,,2460
3467,71,2,,2460
3468,9,2,,2461
3469,73,2,,2461
3470,69,2,,2462
3471,69,2,,2462
3472,40,3,FOOD,4203
3473,29,3,FOOD,4203
3474,5,2,,2463
3475,28,4,FOOD,4716
3476,53,5,WASTEMANAGEMENT,5004
3477,59,3,WASTEMANAGEMENT,4204
3478,65,2,WASTEMANAGEMENT,2463
3479,1,3,,4204
3480,91,4,,4716
3481,38,2,FOOD,2464
3482,59,2,WASTEMANAGEMENT,2464
3483,83,1,,598
3484,73,1,,599
3485,7,4,,4716
3486,69,3,,4204
3487,33,4,FOOD,4716
3488,69,2,,2465
3489,65,2,FOOD,2465
3490,78,4,,4717
3491,45,2,WASTEMANAGEMENT,2466
3492,63,2,WASTEMANAGEMENT,2466
3493,25,2,FOOD,2467
3494,78,2,,2467
3495,38,1,FOOD,600
3496,62,2,WASTEMANAGEMENT,2468
3497,70,5,,5004
3498,71,4,,4717
3499,21,2,FOOD,2468
3500,18,4,FOOD,4717
3501,78,2,,2469
3502,40,2,FOOD,2469
3503,46,2,WASTEMANAGEMENT,2470
3504,63,1,WASTEMANAGEMENT,601
3505,74,2,,2470
3506,63,2,FOOD,2471
3507,52,5,FOOD,5004
3508,14,4,,4717
3509,96,4,,4718
3510,54,3,WASTEMANAGEMENT,4205
3511,51,4,FOOD,4718
3512,76,4,,4718
3513,0,3,,4205
3514,36,1,FOOD,602
3515,23,2,FOOD,2471
3516,67,5,,5005
3517,8,3,,4205
3518,57,3,FOOD,4206
3519,74,2,,2472
3520,14,2,,2472
3521,46,1,FOOD,603
3522,59,3,FOOD,4206
3523,21,2,WASTEMANAGEMENT,2473
3524,69,2,,2473
3525,54,2,FOOD,2474
3526,72,5,,5005
3527,2,2,,2474
3528,38,3,FOOD,4206
3529,64,4,FOOD,4718
3530,62,6,Unemployed,5092
3531,56,4,FOOD,4719
3532,65,2,FOOD,2475
3533,39,2,WASTEMANAGEMENT,2475
3534,57,2,WASTEMANAGEMENT,2476
3535,34,4,FOOD,4719
3536,76,2,,2476
3537,69,2,,2477
3538,55,2,FOOD,2477
3539,43,4,WASTEMANAGEMENT,4719
3540,58,1,Unemployed,604
3541,60,3,FOOD,4207
3542,49,2,FOOD,2478
3543,69,2,,2478
3544,67,1,,605
3545,69,3,,4207
3546,30,2,FOOD,2479
3547,40,1,FOOD,606
3548,79,4,,4719
3549,29,1,FOOD,607
3550,31,3,FOOD,4207
3551,64,2,WASTEMANAGEMENT,2479
3552,61,3,FOOD,4208
3553,79,2,,2480
3554,27,2,FOOD,2480
3555,51,3,WASTEMANAGEMENT,4208
3556,63,1,FOOD,608
3557,2,4,,4720
3558,81,2,,2481
3559,68,6,,5092
3560,73,2,,2481
3561,24,4,WASTEMANAGEMENT,4720
3562,64,2,Unemployed,2482
3563,60,1,FOOD,609
3564,1,2,,2482
3565,5,2,,2483
3566,60,2,FOOD,2483
3567,14,2,,2484
3568,46,4,FOOD,4720
3569,23,3,FOOD,4208
3570,99,2,,2484
3571,57,1,WASTEMANAGEMENT,610
3572,82,1,,611
3573,17,4,,4720
3574,79,4,,4721
3575,98,4,,4721
3576,6,2,,2485
3577,86,2,,2485
3578,68,2,,2486
3579,47,3,FOOD,4209
3580,56,2,WASTEMANAGEMENT,2486
3581,89,1,,612
3582,2,2,,2487
3583,59,2,FOOD,2487
3584,74,2,,2488
3585,56,2,FOOD,2488
3586,38,2,FOOD,2489
3587,67,1,,613
3588,79,3,,4209
3589,96,1,,614
3590,72,2,,2489
3591,73,3,,4209
3592,55,3,FOOD,4210
3593,65,4,FOOD,4721
3594,68,4,,4721
3595,5,2,,2490
3596,60,3,FOOD,4210
3597,50,4,FOOD,4722
3598,73,1,,615
3599,21,5,FOOD,5005
3600,45,2,WASTEMANAGEMENT,2490
3601,58,2,FOOD,2491
3602,78,1,,616
3603,57,1,WASTEMANAGEMENT,617
3604,69,4,,4722
3605,40,4,FOOD,4722
3606,56,4,FOOD,4722
3607,66,2,,2491
3608,45,2,FOOD,2492
3609,69,2,,2492
3610,6,2,,2493
3611,42,2,Unemployed,2493
3612,21,2,FOOD,2494
3613,31,2,FOOD,2494
3614,69,3,,4210
3615,42,4,FOOD,4723
3616,78,2,,2495
3617,68,2,,2495
3618,78,2,,2496
3619,35,1,WASTEMANAGEMENT,618
3620,9,4,,4723
3621,25,3,WASTEMANAGEMENT,4211
3622,17,2,,2496
3623,78,3,,4211
3624,5,4,,4723
3625,76,2,,2497
3626,76,4,,4723
3627,59,1,FOOD,619
3628,54,1,FOOD,620
3629,60,1,FOOD,621
3630,2,2,,2497
3631,75,1,,622
3632,0,4,,4724
3633,90,1,,623
3634,46,6,FOOD,5092
3635,0,1,,624
3636,95,1,,625
3637,24,2,FOOD,2498
3638,14,5,,5005
3639,4,2,,2498
3640,52,2,WASTEMANAGEMENT,2499
3641,65,1,FOOD,626
3642,75,2,,2499
3643,51,2,FOOD,2500
3644,70,4,,4724
3645,63,3,FOOD,4211
3646,80,2,,2500
3647,0,1,,627
3648,51,4,WASTEMANAGEMENT,4724
3649,61,2,FOOD,2501
3650,48,6,FOOD,5092
3651,61,1,FOOD,628
3652,25,1,FOOD,629
3653,61,4,WASTEMANAGEMENT,4724
3654,73,3,,4212
3655,69,3,,4212
3656,56,5,FOOD,5005
3657,69,4,,4725
3658,10,4,,4725
3659,74,2,,2501
3660,46,2,FOOD,2502
3661,50,2,WASTEMANAGEMENT,2502
3662,59,3,FOOD,4212
3663,80,1,,630
3664,76,3,,4213
3665,55,5,FOOD,5006
3666,56,2,FOOD,2503
3667,53,2,FOOD,2503
3668,62,2,FOOD,2504
3669,49,2,FOOD,2504
3670,22,2,WASTEMANAGEMENT,2505
3671,63,4,Unemployed,4725
3672,60,3,WASTEMANAGEMENT,4213
3673,46,1,WASTEMANAGEMENT,631
3674,62,2,WASTEMANAGEMENT,2505
3675,78,1,,632
3676,62,3,WASTEMANAGEMENT,4213
3677,62,5,FOOD,5006
3678,10,2,,2506
3679,33,2,FOOD,2506
3680,56,2,FOOD,2507
3681,63,3,WASTEMANAGEMENT,4214
3682,68,2,,2507
3683,19,1,Unemployed,633
3684,37,1,FOOD,634
3685,9,2,,2508
3686,49,4,FOOD,4725
3687,92,4,,4726
3688,1,2,,2508
3689,42,3,FOOD,4214
3690,31,4,WASTEMANAGEMENT,4726
3691,49,6,FOOD,5093
3692,54,4,WASTEMANAGEMENT,4726
3693,29,2,FOOD,2509
3694,85,3,,4214
3695,65,1,FOOD,635
3696,74,2,,2509
3697,57,1,Unemployed,636
3698,73,1,,637
3699,63,2,FOOD,2510
3700,77,5,,5006
3701,78,1,,638
3702,14,4,,4726
3703,89,4,,4727
3704,76,2,,2510
3705,66,2,,2511
3706,91,2,,2511
3707,95,2,,2512
3708,67,4,,4727
3709,74,2,,2512
3710,56,2,WASTEMANAGEMENT,2513
3711,77,3,,4215
3712,74,1,,639
3713,3,4,,4727
3714,60,2,FOOD,2513
3715,56,2,WASTEMANAGEMENT,2514
3716,15,2,,2514
3717,53,3,FOOD,4215
3718,17,2,,2515
3719,71,1,,640
3720,66,2,,2515
3721,44,4,FOOD,4727
3722,54,3,FOOD,4215
3723,59,4,FOOD,4728
3724,71,4,,4728
3725,72,1,,641
3726,13,2,,2516
3727,78,1,,642
3728,70,3,,4216
3729,29,1,FOOD,643
3730,68,2,,2516
3731,81,3,,4216
3732,54,2,FOOD,2517
3733,64,2,FOOD,2517
3734,13,2,,2518
3735,52,2,FOOD,2518
3736,57,3,WASTEMANAGEMENT,4216
3737,28,1,FOOD,644
3738,48,2,FOOD,2519
3739,68,2,,2519
3740,17,2,,2520
3741,59,1,FOOD,645
3742,59,2,FOOD,2520
3743,59,2,FOOD,2521
3744,61,2,FOOD,2521
3745,14,2,,2522
3746,45,3,FOOD,4217
3747,30,4,FOOD,4728
3748,63,1,WASTEMANAGEMENT,646
3749,1,3,,4217
3750,7,2,,2522
3751,75,2,,2523
3752,64,1,FOOD,647
3753,79,2,,2523
3754,64,2,FOOD,2524
3755,8,2,,2524
3756,71,5,,5006
3757,53,4,WASTEMANAGEMENT,4728
3758,8,4,,4729
3759,56,2,FOOD,2525
3760,99,4,,4729
3761,34,3,FOOD,4217
3762,64,2,FOOD,2525
3763,73,2,,2526
3764,71,2,,2526
3765,73,3,,4218
3766,1,3,,4218
3767,99,2,,2527
3768,52,4,WASTEMANAGEMENT,4729
3769,30,5,FOOD,5006
3770,71,4,,4729
3771,78,2,,2527
3772,65,3,FOOD,4218
3773,65,2,WASTEMANAGEMENT,2528
3774,63,2,FOOD,2528
3775,49,2,Unemployed,2529
3776,53,4,FOOD,4730
3777,53,4,FOOD,4730
3778,58,3,WASTEMANAGEMENT,4219
3779,59,4,FOOD,4730
3780,62,3,FOOD,4219
3781,8,3,,4219
3782,1,2,,2529
3783,77,2,,2530
3784,53,2,FOOD,2530
3785,57,2,FOOD,2531
3786,26,2,FOOD,2531
3787,3,2,,2532
3788,57,2,FOOD,2532
3789,21,2,FOOD,2533
3790,10,3,,4220
3791,51,2,FOOD,2533
3792,64,3,FOOD,4220
3793,80,3,,4220
3794,61,1,FOOD,648
3795,78,3,,4221
3796,26,1,FOOD,649
3797,49,1,FOOD,650
3798,87,2,,2534
3799,66,1,,651
3800,73,2,,2534
3801,4,4,,4730
3802,55,2,FOOD,2535
3803,70,3,,4221
3804,42,1,FOOD,652
3805,74,2,,2535
3806,86,2,,2536
3807,70,1,,653
3808,91,2,,2536
3809,44,3,FOOD,4221
3810,71,4,,4731
3811,60,2,Unemployed,2537
3812,24,1,FOOD,654
3813,59,2,FOOD,2537
3814,48,1,FOOD,655
3815,37,2,FOOD,2538
3816,52,1,WASTEMANAGEMENT,656
3817,50,2,FOOD,2538
3818,52,1,FOOD,657
3819,54,1,FOOD,658
3820,80,2,,2539
3821,11,2,,2539
3822,70,2,,2540
3823,55,2,Unemployed,2540
3824,11,2,,2541
3825,84,1,,659
3826,9,2,,2541
3827,20,2,FOOD,2542
3828,19,4,WASTEMANAGEMENT,4731
3829,28,1,WASTEMANAGEMENT,660
3830,78,2,,2542
3831,60,2,FOOD,2543
3832,95,3,,4222
3833,11,1,,661
3834,65,5,WASTEMANAGEMENT,5007
3835,59,4,FOOD,4731
3836,33,2,FOOD,2543
3837,52,2,FOOD,2544
3838,58,6,FOOD,5093
3839,73,2,,2544
3840,98,1,,662
3841,26,4,FOOD,4731
3842,19,3,FOOD,4222
3843,28,1,FOOD,663
3844,2,3,,4222
3845,72,4,,4732
3846,79,2,,2545
3847,63,2,FOOD,2545
3848,62,2,FOOD,2546
3849,64,3,FOOD,4223
3850,84,4,,4732
3851,63,2,FOOD,2546
3852,77,2,,2547
3853,22,2,WASTEMANAGEMENT,2547
3854,11,2,,2548
3855,35,4,FOOD,4732
3856,41,3,FOOD,4223
3857,71,2,,2548
3858,17,2,,2549
3859,22,1,FOOD,664
3860,14,2,,2549
3861,8,4,,4732
3862,29,2,FOOD,2550
3863,26,2,FOOD,2550
3864,79,1,,665
3865,58,2,WASTEMANAGEMENT,2551
3866,9,2,,2551
3867,14,5,,5007
3868,44,1,WASTEMANAGEMENT,666
3869,69,2,,2552
3870,61,5,WASTEMANAGEMENT,5007
3871,68,2,,2552
3872,60,3,Unemployed,4223
3873,100,1,,667
3874,60,2,Unemployed,2553
3875,66,2,,2553
3876,31,3,FOOD,4224
3877,77,2,,2554
3878,72,3,,4224
3879,99,2,,2554
3880,35,4,FOOD,4733
3881,68,3,,4224
3882,50,4,FOOD,4733
3883,92,2,,2555
3884,68,2,,2555
3885,59,4,Unemployed,4733
3886,67,4,,4733
3887,13,2,,2556
3888,98,2,,2556
3889,28,2,FOOD,2557
3890,55,3,FOOD,4225
3891,30,1,FOOD,668
3892,76,3,,4225
3893,74,6,,5093
3894,73,2,,2557
3895,58,3,FOOD,4225
3896,85,5,,5007
3897,80,2,,2558
3898,71,2,,2558
3899,60,6,FOOD,5093
3900,78,2,,2559
3901,5,6,,5093
3902,9,6,,5093
3903,64,4,FOOD,4734
3904,32,3,WASTEMANAGEMENT,4226
3905,43,3,FOOD,4226
3906,62,2,FOOD,2559
3907,34,1,Unemployed,669
3908,30,2,FOOD,2560
3909,80,2,,2560
3910,36,1,WASTEMANAGEMENT,670
3911,9,2,,2561
3912,45,2,FOOD,2561
3913,38,2,FOOD,2562
3914,72,1,,671
3915,45,1,FOOD,672
3916,96,2,,2562
3917,12,6,,5094
3918,66,2,,2563
3919,40,3,FOOD,4226
3920,28,2,WASTEMANAGEMENT,2563
3921,0,5,,5007
3922,20,2,FOOD,2564
3923,13,2,,2564
3924,42,1,FOOD,673
3925,94,2,,2565
3926,88,4,,4734
3927,43,2,FOOD,2565
3928,47,1,FOOD,674
3929,2,5,,5008
3930,48,2,FOOD,2566
3931,79,3,,4227
3932,66,2,,2566
3933,65,2,FOOD,2567
3934,39,2,FOOD,2567
3935,70,3,,4227
3936,68,2,,2568
3937,68,2,,2568
3938,81,4,,4734
3939,54,2,FOOD,2569
3940,66,2,,2569
3941,78,2,,2570
3942,67,1,,675
3943,14,2,,2570
3944,55,3,Unemployed,4227
3945,59,4,FOOD,4734
3946,26,3,FOOD,4228
3947,78,3,,4228
3948,95,2,,2571
3949,83,2,,2571
3950,12,2,,2572
3951,65,2,FOOD,2572
3952,53,1,FOOD,676
3953,58,2,FOOD,2573
3954,11,2,,2573
3955,58,2,FOOD,2574
3956,25,2,FOOD,2574
3957,17,1,,677
3958,56,3,FOOD,4228
3959,60,2,FOOD,2575
3960,60,2,FOOD,2575
3961,52,1,FOOD,678
3962,90,1,,679
3963,68,2,,2576
3964,71,2,,2576
3965,20,2,FOOD,2577
3966,31,4,WASTEMANAGEMENT,4735
3967,3,2,,2577
3968,66,5,,5008
3969,69,2,,2578
3970,65,2,FOOD,2578
3971,58,2,FOOD,2579
3972,50,2,FOOD,2579
3973,86,2,,2580
3974,27,3,FOOD,4229
3975,65,2,FOOD,2580
3976,70,3,,4229
3977,59,3,FOOD,4229
3978,57,3,FOOD,4230
3979,9,4,,4735
3980,5,2,,2581
3981,72,1,,680
3982,12,1,,681
3983,5,1,,682
3984,90,3,,4230
3985,92,5,,5008
3986,3,5,,5008
3987,75,3,,4230
3988,65,2,WASTEMANAGEMENT,2581
3989,77,4,,4735
3990,60,4,FOOD,4735
3991,2,4,,4736
3992,91,2,,2582
3993,48,2,FOOD,2582
3994,58,2,WASTEMANAGEMENT,2583
3995,36,2,FOOD,2583
3996,83,2,,2584
3997,64,2,FOOD,2584
3998,57,1,FOOD,683
3999,63,3,FOOD,4231
4000,76,3,,4231
4001,65,2,FOOD,2585
4002,18,3,FOOD,4231
4003,44,4,FOOD,4736
4004,52,2,FOOD,2585
4005,19,1,WASTEMANAGEMENT,684
4006,19,2,FOOD,2586
4007,63,2,WASTEMANAGEMENT,2586
4008,83,2,,2587
4009,6,4,,4736
4010,55,1,FOOD,685
4011,2,2,,2587
4012,33,2,FOOD,2588
4013,58,3,FOOD,4232
4014,15,2,,2588
4015,53,1,WASTEMANAGEMENT,686
4016,27,1,Unemployed,687
4017,89,5,,5008
4018,29,3,FOOD,4232
4019,99,2,,2589
4020,61,6,FOOD,5094
4021,47,2,FOOD,2589
4022,30,2,WASTEMANAGEMENT,2590
4023,62,5,FOOD,5009
4024,77,2,,2590
4025,26,2,FOOD,2591
4026,47,2,FOOD,2591
4027,10,4,,4736
4028,67,2,,2592
4029,38,2,FOOD,2592
4030,22,4,WASTEMANAGEMENT,4737
4031,57,1,FOOD,688
4032,17,4,,4737
4033,61,1,FOOD,689
4034,67,1,,690
4035,57,1,FOOD,691
4036,68,3,,4232
4037,31,2,FOOD,2593
4038,77,2,,2593
4039,21,2,FOOD,2594
4040,30,1,WASTEMANAGEMENT,692
4041,31,2,Unemployed,2594
4042,60,2,FOOD,2595
4043,17,3,,4233
4044,67,2,,2595
4045,10,2,,2596
4046,50,2,FOOD,2596
4047,40,2,FOOD,2597
4048,56,2,FOOD,2597
4049,87,2,,2598
4050,31,4,FOOD,4737
4051,21,6,Unemployed,5094
4052,39,2,FOOD,2598
4053,57,2,FOOD,2599
4054,66,2,,2599
4055,60,3,Unemployed,4233
4056,61,2,FOOD,2600
4057,72,3,,4233
4058,28,5,WASTEMANAGEMENT,5009
4059,48,2,FOOD,2600
4060,55,3,WASTEMANAGEMENT,4234
4061,65,5,FOOD,5009
4062,75,1,,693
4063,78,2,,2601
4064,49,3,WASTEMANAGEMENT,4234
4065,68,1,,694
4066,11,2,,2601
4067,68,3,,4234
4068,57,1,WASTEMANAGEMENT,695
4069,30,1,FOOD,696
4070,63,1,FOOD,697
4071,12,4,,4737
4072,61,2,WASTEMANAGEMENT,2602
4073,59,4,FOOD,4738
4074,13,1,,698
4075,76,4,,4738
4076,73,4,,4738
4077,56,2,FOOD,2602
4078,63,2,FOOD,2603
4079,13,3,,4235
4080,49,2,FOOD,2603
4081,65,5,FOOD,5009
4082,41,5,FOOD,5009
4083,16,1,,699
4084,75,4,,4738
4085,47,2,FOOD,2604
4086,69,2,,2604
4087,76,3,,4235
4088,50,4,FOOD,4739
4089,56,1,FOOD,700
4090,71,2,,2605
4091,68,2,,2605
4092,55,2,FOOD,2606
4093,46,4,FOOD,4739
4094,25,3,FOOD,4235
4095,68,2,,2606
4096,58,3,FOOD,4236
4097,9,2,,2607
4098,62,2,FOOD,2607
4099,68,3,,4236
4100,17,5,,5010
4101,90,5,,5010
4102,90,2,,2608
4103,23,2,FOOD,2608
4104,81,2,,2609
4105,55,2,FOOD,2609
4106,62,1,FOOD,701
4107,75,6,,5094
4108,93,2,,2610
4109,97,4,,4739
4110,78,2,,2610
4111,16,2,,2611
4112,70,2,,2611
4113,85,6,,5094
4114,63,4,WASTEMANAGEMENT,4739
4115,68,3,,4236
4116,51,1,FOOD,702
4117,31,3,FOOD,4237
4118,51,4,WASTEMANAGEMENT,4740
4119,79,2,,2612
4120,44,1,WASTEMANAGEMENT,703
4121,48,2,FOOD,2612
4122,45,4,FOOD,4740
4123,64,2,FOOD,2613
4124,63,2,FOOD,2613
4125,98,2,,2614
4126,34,2,FOOD,2614
4127,52,2,FOOD,2615
4128,11,4,,4740
4129,58,2,Unemployed,2615
4130,7,2,,2616
4131,1,3,,4237
4132,12,2,,2616
4133,53,3,FOOD,4237
4134,43,1,FOOD,704
4135,14,3,,4238
4136,61,2,WASTEMANAGEMENT,2617
4137,38,5,WASTEMANAGEMENT,5010
4138,22,4,FOOD,4740
4139,82,6,,5094
4140,96,3,,4238
4141,62,1,Unemployed,705
4142,77,1,,706
4143,50,4,WASTEMANAGEMENT,4741
4144,83,4,,4741
4145,28,1,FOOD,707
4146,32,4,WASTEMANAGEMENT,4741
4147,79,2,,2617
4148,34,2,Unemployed,2618
4149,16,1,,708
4150,97,3,,4238
4151,57,4,FOOD,4741
4152,12,3,,4239
4153,1,2,,2618
4154,79,2,,2619
4155,61,2,FOOD,2619
4156,25,1,FOOD,709
4157,63,3,FOOD,4239
4158,29,2,Unemployed,2620
4159,61,1,WASTEMANAGEMENT,710
4160,67,4,,4742
4161,76,2,,2620
4162,32,4,FOOD,4742
4163,79,3,,4239
4164,58,2,FOOD,2621
4165,35,4,FOOD,4742
4166,31,5,FOOD,5010
4167,48,2,WASTEMANAGEMENT,2621
4168,64,2,FOOD,2622
4169,35,1,FOOD,711
4170,63,2,FOOD,2622
4171,58,3,FOOD,4240
4172,36,2,WASTEMANAGEMENT,2623
4173,41,2,FOOD,2623
4174,46,2,WASTEMANAGEMENT,2624
4175,63,3,FOOD,4240
4176,72,2,,2624
4177,74,5,,5010
4178,57,4,WASTEMANAGEMENT,4742
4179,66,4,,4743
4180,69,4,,4743
4181,72,3,,4240
4182,62,1,FOOD,712
4183,73,3,,4241
4184,32,1,FOOD,713
4185,94,3,,4241
4186,73,2,,2625
4187,99,3,,4241
4188,93,4,,4743
4189,85,3,,4242
4190,33,4,FOOD,4743
4191,4,1,,714
4192,71,1,,715
4193,63,5,Unemployed,5011
4194,72,2,,2625
4195,39,4,FOOD,4744
4196,64,2,WASTEMANAGEMENT,2626
4197,74,2,,2626
4198,92,2,,2627
4199,68,5,,5011
4200,79,5,,5011
4201,72,2,,2627
4202,12,5,,5011
4203,82,2,,2628
4204,60,4,FOOD,4744
4205,77,2,,2628
4206,25,5,WASTEMANAGEMENT,5011
4207,68,2,,2629
4208,2,5,,5012
4209,54,3,WASTEMANAGEMENT,4242
4210,69,2,,2629
4211,66,2,,2630
4212,39,2,FOOD,2630
4213,62,2,FOOD,2631
4214,67,4,,4744
4215,30,3,FOOD,4242
4216,1,1,,716
4217,1,2,,2631
4218,71,4,,4744
4219,88,2,,2632
4220,67,3,,4243
4221,82,2,,2632
4222,61,3,FOOD,4243
4223,38,5,FOOD,5012
4224,74,2,,2633
4225,72,1,,717
4226,56,2,WASTEMANAGEMENT,2633
4227,61,2,WASTEMANAGEMENT,2634
4228,78,2,,2634
4229,80,2,,2635
4230,21,2,FOOD,2635
4231,39,2,FOOD,2636
4232,56,2,FOOD,2636
4233,64,2,WASTEMANAGEMENT,2637
4234,21,6,FOOD,5095
4235,93,2,,2637
4236,93,2,,2638
4237,61,2,FOOD,2638
4238,42,2,FOOD,2639
4239,57,3,FOOD,4243
4240,62,2,WASTEMANAGEMENT,2639
4241,31,1,FOOD,718
4242,21,4,FOOD,4745
4243,77,2,,2640
4244,49,1,FOOD,719
4245,52,3,FOOD,4244
4246,74,1,,720
4247,38,1,FOOD,721
4248,51,2,WASTEMANAGEMENT,2640
4249,39,4,WASTEMANAGEMENT,4745
4250,7,5,,5012
4251,15,2,,2641
4252,53,1,FOOD,722
4253,7,4,,4745
4254,20,1,FOOD,723
4255,68,2,,2641
4256,31,2,FOOD,2642
4257,61,4,Unemployed,4745
4258,37,5,FOOD,5012
4259,99,3,,4244
4260,91,4,,4746
4261,58,2,Unemployed,2642
4262,18,2,WASTEMANAGEMENT,2643
4263,72,1,,724
4264,21,1,WASTEMANAGEMENT,725
4265,76,1,,726
4266,64,2,FOOD,2643
4267,43,2,FOOD,2644
4268,78,2,,2644
4269,72,5,,5012
4270,63,1,FOOD,727
4271,68,3,,4244
4272,53,2,WASTEMANAGEMENT,2645
4273,39,4,FOOD,4746
4274,31,3,FOOD,4245
4275,0,2,,2645
4276,50,6,FOOD,5095
4277,51,1,FOOD,728
4278,73,2,,2646
4279,42,4,FOOD,4746
4280,30,2,FOOD,2646
4281,61,3,FOOD,4245
4282,14,1,,729
4283,29,2,FOOD,2647
4284,64,5,FOOD,5013
4285,41,4,Unemployed,4746
4286,2,1,,730
4287,1,1,,731
4288,88,4,,4747
4289,62,2,FOOD,2647
4290,56,4,FOOD,4747
4291,47,5,FOOD,5013
4292,1,2,,2648
4293,67,5,,5013
4294,64,1,FOOD,732
4295,65,3,WASTEMANAGEMENT,4245
4296,72,4,,4747
4297,11,2,,2648
4298,76,1,,733
4299,56,2,FOOD,2649
4300,75,3,,4246
4301,55,4,Unemployed,4747
4302,96,2,,2649
4303,65,2,FOOD,2650
4304,11,2,,2650
4305,68,1,,734
4306,70,4,,4748
4307,37,5,FOOD,5013
4308,43,4,FOOD,4748
4309,73,3,,4246
4310,7,3,,4246
4311,35,2,Unemployed,2651
4312,62,1,WASTEMANAGEMENT,735
4313,62,2,FOOD,2651
4314,58,2,FOOD,2652
4315,77,2,,2652
4316,64,2,FOOD,2653
4317,9,6,,5095
4318,29,2,FOOD,2653
4319,54,3,FOOD,4247
4320,88,2,,2654
4321,70,1,,736
4322,55,2,WASTEMANAGEMENT,2654
4323,18,3,FOOD,4247
4324,56,3,FOOD,4247
4325,43,2,FOOD,2655
4326,70,2,,2655
4327,64,2,WASTEMANAGEMENT,2656
4328,22,3,FOOD,4248
4329,56,2,Unemployed,2656
4330,43,1,WASTEMANAGEMENT,737
4331,50,2,FOOD,2657
4332,78,2,,2657
4333,53,4,FOOD,4748
4334,14,2,,2658
4335,6,2,,2658
4336,28,6,WASTEMANAGEMENT,5095
4337,17,2,,2659
4338,29,6,WASTEMANAGEMENT,5095
4339,70,1,,738
4340,27,4,FOOD,4748
4341,22,2,FOOD,2659
4342,90,2,,2660
4343,73,2,,2660
4344,89,1,,739
4345,71,2,,2661
4346,33,2,FOOD,2661
4347,47,3,WASTEMANAGEMENT,4248
4348,63,4,FOOD,4749
4349,10,5,,5013
4350,28,3,FOOD,4248
4351,64,3,FOOD,4249
4352,53,1,WASTEMANAGEMENT,740
4353,69,2,,2662
4354,33,4,FOOD,4749
4355,77,3,,4249
4356,96,3,,4249
4357,63,2,FOOD,2662
4358,61,6,FOOD,5095
4359,11,3,,4250
4360,80,2,,2663
4361,89,3,,4250
4362,92,4,,4749
4363,19,4,FOOD,4749
4364,67,3,,4250
4365,89,3,,4251
4366,60,3,FOOD,4251
4367,66,3,,4251
4368,10,2,,2663
4369,62,3,FOOD,4252
4370,69,4,,4750
4371,97,4,,4750
4372,100,3,,4252
4373,72,2,,2664
4374,63,1,FOOD,741
4375,79,2,,2664
4376,61,1,FOOD,742
4377,64,2,FOOD,2665
4378,55,1,FOOD,743
4379,10,3,,4252
4380,53,2,FOOD,2665
4381,50,3,FOOD,4253
4382,86,5,,5014
4383,81,2,,2666
4384,53,2,FOOD,2666
4385,8,2,,2667
4386,10,4,,4750
4387,74,1,,744
4388,66,2,,2667
4389,58,5,FOOD,5014
4390,78,3,,4253
4391,48,2,FOOD,2668
4392,69,2,,2668
4393,0,3,,4253
4394,36,2,FOOD,2669
4395,74,3,,4254
4396,60,2,FOOD,2669
4397,64,2,FOOD,2670
4398,71,3,,4254
4399,64,2,FOOD,2670
4400,73,2,,2671
4401,59,2,WASTEMANAGEMENT,2671
4402,60,5,FOOD,5014
4403,22,1,FOOD,745
4404,72,4,,4750
4405,48,2,WASTEMANAGEMENT,2672
4406,66,1,,746
4407,43,4,FOOD,4751
4408,38,3,WASTEMANAGEMENT,4254
4409,70,2,,2672
4410,57,3,FOOD,4255
4411,70,6,,5096
4412,79,3,,4255
4413,93,4,,4751
4414,70,2,,2673
4415,61,1,WASTEMANAGEMENT,747
4416,55,2,FOOD,2673
4417,0,2,,2674
4418,20,3,FOOD,4255
4419,13,1,,748
4420,69,1,,749
4421,79,3,,4256
4422,44,2,FOOD,2674
4423,30,3,FOOD,4256
4424,23,4,FOOD,4751
4425,78,2,,2675
4426,36,5,FOOD,5014
4427,47,2,Unemployed,2675
4428,24,3,WASTEMANAGEMENT,4256
4429,34,2,FOOD,2676
4430,72,4,,4751
4431,22,1,FOOD,750
4432,74,2,,2676
4433,32,1,FOOD,751
4434,65,2,FOOD,2677
4435,43,2,FOOD,2677
4436,73,4,,4752
4437,77,3,,4257
4438,65,2,WASTEMANAGEMENT,2678
4439,31,3,WASTEMANAGEMENT,4257
4440,53,2,FOOD,2678
4441,9,3,,4257
4442,73,2,,2679
4443,50,2,FOOD,2679
4444,36,3,FOOD,4258
4445,15,1,,752
4446,62,4,FOOD,4752
4447,74,5,,5014
4448,83,4,,4752
4449,70,6,,5096
4450,23,2,FOOD,2680
4451,60,3,FOOD,4258
4452,11,3,,4258
4453,82,4,,4752
4454,75,2,,2680
4455,38,2,WASTEMANAGEMENT,2681
4456,48,2,FOOD,2681
4457,69,4,,4753
4458,59,3,FOOD,4259
4459,60,1,FOOD,753
4460,68,1,,754
4461,69,4,,4753
4462,0,2,,2682
4463,51,3,FOOD,4259
4464,61,1,FOOD,755
4465,27,5,WASTEMANAGEMENT,5015
4466,89,1,,756
4467,34,2,FOOD,2682
4468,94,1,,757
4469,70,3,,4259
4470,72,2,,2683
4471,78,2,,2683
4472,85,1,,758
4473,59,2,FOOD,2684
4474,73,2,,2684
4475,82,4,,4753
4476,20,2,WASTEMANAGEMENT,2685
4477,54,3,FOOD,4260
4478,78,3,,4260
4479,55,1,FOOD,759
4480,28,4,FOOD,4753
4481,74,2,,2685
4482,65,2,FOOD,2686
4483,68,2,,2686
4484,41,1,FOOD,760
4485,73,1,,761
4486,58,2,FOOD,2687
4487,65,4,FOOD,4754
4488,58,3,WASTEMANAGEMENT,4260
4489,63,2,FOOD,2687
4490,57,2,FOOD,2688
4491,74,2,,2688
4492,61,2,FOOD,2689
4493,79,2,,2689
4494,81,1,,762
4495,17,5,,5015
4496,57,2,FOOD,2690
4497,57,6,WASTEMANAGEMENT,5096
4498,93,2,,2690
4499,52,5,FOOD,5015
4500,65,3,FOOD,4261
4501,96,2,,2691
4502,24,1,FOOD,763
4503,66,4,,4754
4504,61,2,WASTEMANAGEMENT,2691
4505,58,2,FOOD,2692
4506,77,2,,2692
4507,22,2,FOOD,2693
4508,13,1,,764
4509,79,1,,765
4510,10,2,,2693
4511,51,2,WASTEMANAGEMENT,2694
4512,46,2,FOOD,2694
4513,77,1,,766
4514,65,2,FOOD,2695
4515,57,2,FOOD,2695
4516,60,2,WASTEMANAGEMENT,2696
4517,46,2,WASTEMANAGEMENT,2696
4518,46,2,FOOD,2697
4519,25,1,WASTEMANAGEMENT,767
4520,92,2,,2697
4521,96,2,,2698
4522,73,2,,2698
4523,92,2,,2699
4524,56,1,WASTEMANAGEMENT,768
4525,99,3,,4261
4526,65,2,FOOD,2699
4527,10,4,,4754
4528,76,4,,4754
4529,91,1,,769
4530,58,2,WASTEMANAGEMENT,2700
4531,53,1,Unemployed,770
4532,21,3,FOOD,4261
4533,23,2,Unemployed,2700
4534,66,2,,2701
4535,73,1,,771
4536,77,2,,2701
4537,81,6,,5096
4538,67,2,,2702
4539,62,2,FOOD,2702
4540,44,3,FOOD,4262
4541,51,2,FOOD,2703
4542,16,2,,2703
4543,79,1,,772
4544,67,3,,4262
4545,96,3,,4262
4546,17,4,,4755
4547,69,2,,2704
4548,53,1,FOOD,773
4549,7,5,,5015
4550,60,2,FOOD,2704
4551,69,3,,4263
4552,57,1,WASTEMANAGEMENT,774
4553,65,2,FOOD,2705
4554,66,2,,2705
4555,41,2,FOOD,2706
4556,25,3,FOOD,4263
4557,57,3,WASTEMANAGEMENT,4263
4558,70,3,,4264
4559,79,2,,2706
4560,8,2,,2707
4561,55,2,FOOD,2707
4562,29,3,FOOD,4264
4563,15,2,,2708
4564,76,2,,2708
4565,41,2,FOOD,2709
4566,27,3,FOOD,4264
4567,67,3,,4265
4568,72,3,,4265
4569,50,2,FOOD,2709
4570,59,2,FOOD,2710
4571,85,2,,2710
4572,49,1,FOOD,775
4573,69,4,,4755
4574,58,3,FOOD,4265
4575,69,3,,4266
4576,57,4,FOOD,4755
4577,72,2,,2711
4578,55,4,FOOD,4755
4579,17,3,,4266
4580,56,2,WASTEMANAGEMENT,2711
4581,48,4,FOOD,4756
4582,65,1,FOOD,776
4583,37,1,FOOD,777
4584,51,3,FOOD,4266
4585,64,2,FOOD,2712
4586,71,3,,4267
4587,65,1,FOOD,778
4588,28,2,FOOD,2712
4589,70,2,,2713
4590,0,2,,2713
4591,50,2,FOOD,2714
4592,5,1,,779
4593,86,1,,780
4594,36,1,FOOD,781
4595,11,2,,2714
4596,19,4,FOOD,4756
4597,51,2,FOOD,2715
4598,100,2,,2715
4599,61,3,FOOD,4267
4600,54,4,FOOD,4756
4601,78,2,,2716
4602,33,2,FOOD,2716
4603,81,3,,4267
4604,81,2,,2717
4605,52,1,WASTEMANAGEMENT,782
4606,64,2,WASTEMANAGEMENT,2717
4607,85,2,,2718
4608,63,2,FOOD,2718
4609,9,4,,4756
4610,54,2,FOOD,2719
4611,47,4,WASTEMANAGEMENT,4757
4612,71,2,,2719
4613,2,4,,4757
4614,46,1,FOOD,783
4615,50,4,FOOD,4757
4616,57,3,Unemployed,4268
4617,11,1,,784
4618,14,2,,2720
4619,67,2,,2720
4620,93,2,,2721
4621,24,2,FOOD,2721
4622,89,1,,785
4623,73,4,,4757
4624,56,3,WASTEMANAGEMENT,4268
4625,23,3,FOOD,4268
4626,49,1,FOOD,786
4627,59,3,WASTEMANAGEMENT,4269
4628,77,1,,787
4629,73,2,,2722
4630,95,5,,5015
4631,75,3,,4269
4632,23,2,FOOD,2722
4633,59,2,FOOD,2723
4634,70,3,,4269
4635,76,4,,4758
4636,11,1,,788
4637,63,2,WASTEMANAGEMENT,2723
4638,60,4,Unemployed,4758
4639,40,1,Unemployed,789
4640,94,1,,790
4641,73,2,,2724
4642,62,2,FOOD,2724
4643,56,2,FOOD,2725
4644,91,3,,4270
4645,78,4,,4758
4646,65,2,FOOD,2725
4647,81,3,,4270
4648,11,4,,4758
4649,78,3,,4270
4650,56,4,FOOD,4759
4651,11,3,,4271
4652,26,2,WASTEMANAGEMENT,2726
4653,66,1,,791
4654,72,2,,2726
4655,77,2,,2727
4656,2,4,,4759
4657,51,2,FOOD,2727
4658,53,1,FOOD,792
4659,89,2,,2728
4660,77,2,,2728
4661,28,2,WASTEMANAGEMENT,2729
4662,84,3,,4271
4663,60,2,WASTEMANAGEMENT,2729
4664,72,3,,4271
4665,57,2,FOOD,2730
4666,59,2,WASTEMANAGEMENT,2730
4667,83,4,,4759
4668,6,3,,4272
4669,79,3,,4272
4670,60,1,FOOD,793
4671,65,2,FOOD,2731
4672,68,2,,2731
4673,71,1,,794
4674,87,2,,2732
4675,41,4,WASTEMANAGEMENT,4759
4676,55,3,FOOD,4272
4677,39,1,FOOD,795
4678,64,2,FOOD,2732
4679,36,4,FOOD,4760
4680,21,4,FOOD,4760
4681,27,3,FOOD,4273
4682,74,2,,2733
4683,13,4,,4760
4684,74,1,,796
4685,42,1,FOOD,797
4686,67,4,,4760
4687,34,5,WASTEMANAGEMENT,5016
4688,55,2,FOOD,2733
4689,62,3,FOOD,4273
4690,19,4,WASTEMANAGEMENT,4761
4691,54,2,FOOD,2734
4692,57,2,FOOD,2734
4693,67,2,,2735
4694,65,3,FOOD,4273
4695,15,6,,5096
4696,78,2,,2735
4697,58,2,FOOD,2736
4698,65,3,FOOD,4274
4699,74,2,,2736
4700,85,2,,2737
4701,61,4,WASTEMANAGEMENT,4761
4702,42,2,WASTEMANAGEMENT,2737
4703,69,2,,2738
4704,65,1,FOOD,798
4705,54,1,FOOD,799
4706,62,1,FOOD,800
4707,58,5,FOOD,5016
4708,95,1,,801
4709,55,1,WASTEMANAGEMENT,802
4710,7,1,,803
4711,73,2,,2738
4712,96,2,,2739
4713,77,2,,2739
4714,60,2,FOOD,2740
4715,49,1,FOOD,804
4716,89,4,,4761
4717,34,3,FOOD,4274
4718,47,2,FOOD,2740
4719,79,1,,805
4720,92,3,,4274
4721,40,2,WASTEMANAGEMENT,2741
4722,64,1,FOOD,806
4723,4,4,,4761
4724,7,2,,2741
4725,38,4,WASTEMANAGEMENT,4762
4726,54,2,WASTEMANAGEMENT,2742
4727,62,2,FOOD,2742
4728,44,6,FOOD,5096
4729,41,1,FOOD,807
4730,62,2,FOOD,2743
4731,74,2,,2743
4732,41,2,Unemployed,2744
4733,49,6,FOOD,5097
4734,63,4,FOOD,4762
4735,53,2,Unemployed,2744
4736,66,2,,2745
4737,36,3,WASTEMANAGEMENT,4275
4738,75,3,,4275
4739,30,4,FOOD,4762
4740,47,1,FOOD,808
4741,53,2,FOOD,2745
4742,89,2,,2746
4743,40,2,FOOD,2746
4744,4,2,,2747
4745,26,2,FOOD,2747
4746,75,5,,5016
4747,41,4,FOOD,4762
4748,97,4,,4763
4749,86,4,,4763
4750,23,3,Unemployed,4275
4751,61,1,FOOD,809
4752,100,3,,4276
4753,46,1,Unemployed,810
4754,53,2,FOOD,2748
4755,43,3,FOOD,4276
4756,55,3,FOOD,4276
4757,93,2,,2748
4758,31,5,FOOD,5016
4759,34,1,FOOD,811
4760,46,2,FOOD,2749
4761,9,5,,5016
4762,53,2,FOOD,2749
4763,92,2,,2750
4764,69,6,,5097
4765,62,3,FOOD,4277
4766,29,4,FOOD,4763
4767,66,2,,2750
4768,70,2,,2751
4769,61,2,WASTEMANAGEMENT,2751
4770,77,3,,4277
4771,32,6,FOOD,5097
4772,59,1,FOOD,812
4773,54,2,WASTEMANAGEMENT,2752
4774,5,1,,813
4775,74,2,,2752
4776,48,2,FOOD,2753
4777,92,1,,814
4778,61,2,WASTEMANAGEMENT,2753
4779,58,5,FOOD,5017
4780,61,3,FOOD,4277
4781,94,2,,2754
4782,54,4,Unemployed,4763
4783,46,2,FOOD,2754
4784,22,2,Unemployed,2755
4785,87,1,,815
4786,59,4,FOOD,4764
4787,1,3,,4278
4788,65,3,WASTEMANAGEMENT,4278
4789,18,2,Unemployed,2755
4790,55,3,FOOD,4278
4791,55,4,WASTEMANAGEMENT,4764
4792,62,4,FOOD,4764
4793,47,3,FOOD,4279
4794,9,4,,4764
4795,75,3,,4279
4796,49,4,FOOD,4765
4797,5,3,,4279
4798,74,3,,4280
4799,12,1,,816
4800,61,2,FOOD,2756
4801,67,2,,2756
4802,4,1,,817
4803,62,6,FOOD,5097
4804,66,1,,818
4805,61,2,FOOD,2757
4806,74,3,,4280
4807,22,3,FOOD,4280
4808,65,2,FOOD,2757
4809,91,2,,2758
4810,32,5,FOOD,5017
4811,23,2,WASTEMANAGEMENT,2758
4812,73,3,,4281
4813,1,2,,2759
4814,62,2,FOOD,2759
4815,48,2,FOOD,2760
4816,57,2,FOOD,2760
4817,12,1,,819
4818,53,4,FOOD,4765
4819,68,1,,820
4820,48,1,FOOD,821
4821,28,2,FOOD,2761
4822,40,3,FOOD,4281
4823,52,2,FOOD,2761
4824,62,2,FOOD,2762
4825,13,4,,4765
4826,47,2,FOOD,2762
4827,88,2,,2763
4828,73,3,,4281
4829,50,2,FOOD,2763
4830,10,2,,2764
4831,46,4,FOOD,4765
4832,29,1,WASTEMANAGEMENT,822
4833,82,3,,4282
4834,59,2,FOOD,2764
4835,0,3,,4282
4836,0,3,,4282
4837,20,2,FOOD,2765
4838,4,1,,823
4839,58,2,FOOD,2765
4840,55,2,FOOD,2766
4841,90,2,,2766
4842,65,1,FOOD,824
4843,53,4,FOOD,4766
4844,59,3,FOOD,4283
4845,87,2,,2767
4846,89,6,,5097
4847,43,2,FOOD,2767
4848,71,2,,2768
4849,49,4,WASTEMANAGEMENT,4766
4850,26,2,WASTEMANAGEMENT,2768
4851,69,6,,5097
4852,7,2,,2769
4853,78,2,,2769
4854,66,2,,2770
4855,13,2,,2770
4856,62,3,FOOD,4283
4857,17,2,,2771
4858,76,2,,2771
4859,3,2,,2772
4860,49,3,FOOD,4283
4861,54,2,WASTEMANAGEMENT,2772
4862,55,2,FOOD,2773
4863,69,6,,5098
4864,76,1,,825
4865,16,4,,4766
4866,71,2,,2773
4867,72,3,,4284
4868,65,2,FOOD,2774
4869,53,4,FOOD,4766
4870,20,1,FOOD,826
4871,72,2,,2774
4872,52,4,FOOD,4767
4873,73,3,,4284
4874,40,3,FOOD,4284
4875,62,2,FOOD,2775
4876,26,1,FOOD,827
4877,61,2,FOOD,2775
4878,66,2,,2776
4879,65,2,WASTEMANAGEMENT,2776
4880,37,2,FOOD,2777
4881,75,4,,4767
4882,46,4,FOOD,4767
4883,10,3,,4285
4884,10,1,,828
4885,100,3,,4285
4886,72,3,,4285
4887,47,3,FOOD,4286
4888,67,2,,2777
4889,33,2,FOOD,2778
4890,79,2,,2778
4891,1,2,,2779
4892,98,4,,4767
4893,63,5,FOOD,5017
4894,32,2,FOOD,2779
4895,5,2,,2780
4896,26,2,FOOD,2780
4897,62,2,FOOD,2781
4898,95,1,,829
4899,58,2,FOOD,2781
4900,15,2,,2782
4901,99,2,,2782
4902,76,2,,2783
4903,64,1,FOOD,830
4904,60,2,FOOD,2783
4905,59,3,WASTEMANAGEMENT,4286
4906,13,2,,2784
4907,67,2,,2784
4908,60,3,FOOD,4286
4909,77,1,,831
4910,78,2,,2785
4911,2,2,,2785
4912,45,3,FOOD,4287
4913,50,1,WASTEMANAGEMENT,832
4914,52,2,FOOD,2786
4915,28,2,FOOD,2786
4916,87,2,,2787
4917,59,2,FOOD,2787
4918,55,2,WASTEMANAGEMENT,2788
4919,68,4,,4768
4920,78,3,,4287
4921,55,1,FOOD,833
4922,97,4,,4768
4923,43,2,FOOD,2788
4924,39,2,FOOD,2789
4925,43,2,FOOD,2789
4926,67,4,,4768
4927,89,3,,4287
4928,61,2,WASTEMANAGEMENT,2790
4929,26,2,FOOD,2790
4930,64,2,FOOD,2791
4931,72,1,,834
4932,79,2,,2791
4933,12,2,,2792
4934,66,1,,835
4935,61,2,FOOD,2792
4936,25,4,FOOD,4768
4937,71,2,,2793
4938,11,2,,2793
4939,57,4,FOOD,4769
4940,88,3,,4288
4941,63,2,FOOD,2794
4942,61,2,FOOD,2794
4943,76,1,,836
4944,54,4,WASTEMANAGEMENT,4769
4945,47,3,FOOD,4288
4946,4,2,,2795
4947,76,2,,2795
4948,47,4,FOOD,4769
4949,50,2,FOOD,2796
4950,32,1,Unemployed,837
4951,77,1,,838
4952,5,1,,839
4953,24,2,FOOD,2796
4954,78,2,,2797
4955,50,2,FOOD,2797
4956,75,4,,4769
4957,25,2,FOOD,2798
4958,57,2,FOOD,2798
4959,59,3,FOOD,4288
4960,68,1,,840
4961,64,2,Unemployed,2799
4962,44,1,Unemployed,841
4963,8,4,,4770
4964,100,2,,2799
4965,36,1,FOOD,842
4966,59,1,WASTEMANAGEMENT,843
4967,5,2,,2800
4968,79,1,,844
4969,72,2,,2800
4970,78,1,,845
4971,77,2,,2801
4972,44,4,FOOD,4770
4973,55,2,FOOD,2801
4974,61,3,WASTEMANAGEMENT,4289
4975,57,3,WASTEMANAGEMENT,4289
4976,72,4,,4770
4977,35,2,WASTEMANAGEMENT,2802
4978,48,2,FOOD,2802
4979,32,1,FOOD,846
4980,84,1,,847
4981,59,2,WASTEMANAGEMENT,2803
4982,59,1,WASTEMANAGEMENT,848
4983,6,2,,2803
4984,28,2,FOOD,2804
4985,56,2,Unemployed,2804
4986,76,2,,2805
4987,67,3,,4289
4988,52,5,FOOD,5017
4989,60,3,WASTEMANAGEMENT,4290
4990,59,2,FOOD,2805
4991,77,1,,849
4992,42,2,WASTEMANAGEMENT,2806
4993,84,2,,2806
4994,73,4,,4770
4995,76,4,,4771
4996,4,2,,2807
4997,52,2,WASTEMANAGEMENT,2807
4998,83,4,,4771
4999,67,1,,850
5000,81,2,,2808
5001,57,3,FOOD,4290
5002,57,1,FOOD,851
5003,50,5,Unemployed,5017
5004,63,5,WASTEMANAGEMENT,5018
5005,64,4,FOOD,4771
5006,72,2,,2808
5007,70,5,,5018
5008,81,1,,852
5009,55,2,Unemployed,2809
5010,54,1,FOOD,853
5011,15,2,,2809
5012,51,2,FOOD,2810
5013,1,3,,4290
5014,5,1,,854
5015,79,3,,4291
5016,13,2,,2810
5017,40,2,WASTEMANAGEMENT,2811
5018,62,1,FOOD,855
5019,3,4,,4771
5020,65,2,FOOD,2811
5021,70,1,,856
5022,83,2,,2812
5023,59,3,FOOD,4291
5024,78,4,,4772
5025,43,2,WASTEMANAGEMENT,2812
5026,89,2,,2813
5027,76,1,,857
5028,5,4,,4772
5029,59,4,FOOD,4772
5030,55,3,FOOD,4291
5031,56,4,FOOD,4772
5032,76,2,,2813
5033,51,2,FOOD,2814
5034,35,2,WASTEMANAGEMENT,2814
5035,72,2,,2815
5036,72,2,,2815
5037,78,1,,858
5038,50,3,FOOD,4292
5039,26,4,FOOD,4773
5040,59,1,WASTEMANAGEMENT,859
5041,24,1,Unemployed,860
5042,93,3,,4292
5043,41,2,Unemployed,2816
5044,72,1,,861
5045,52,1,FOOD,862
5046,8,1,,863
5047,71,2,,2816
5048,50,1,WASTEMANAGEMENT,864
5049,35,3,FOOD,4292
5050,68,5,,5018
5051,53,3,FOOD,4293
5052,69,1,,865
5053,84,2,,2817
5054,40,5,WASTEMANAGEMENT,5018
5055,64,2,WASTEMANAGEMENT,2817
5056,10,5,,5018
5057,55,4,FOOD,4773
5058,65,2,FOOD,2818
5059,63,2,WASTEMANAGEMENT,2818
5060,15,1,,866
5061,61,5,FOOD,5019
5062,19,2,FOOD,2819
5063,100,2,,2819
5064,68,4,,4773
5065,57,3,FOOD,4293
5066,11,3,,4293
5067,70,2,,2820
5068,8,2,,2820
5069,60,2,WASTEMANAGEMENT,2821
5070,35,2,WASTEMANAGEMENT,2821
5071,64,2,WASTEMANAGEMENT,2822
5072,29,4,WASTEMANAGEMENT,4773
5073,53,2,FOOD,2822
5074,55,4,FOOD,4774
5075,19,2,FOOD,2823
5076,69,2,,2823
5077,63,2,WASTEMANAGEMENT,2824
5078,36,2,FOOD,2824
5079,32,5,FOOD,5019
5080,64,4,WASTEMANAGEMENT,4774
5081,49,2,WASTEMANAGEMENT,2825
5082,69,2,,2825
5083,85,3,,4294
5084,42,2,FOOD,2826
5085,26,2,FOOD,2826
5086,65,4,FOOD,4774
5087,76,3,,4294
5088,32,1,FOOD,867
5089,42,2,FOOD,2827
5090,64,2,WASTEMANAGEMENT,2827
5091,62,2,FOOD,2828
5092,65,1,FOOD,868
5093,35,2,WASTEMANAGEMENT,2828
5094,51,2,FOOD,2829
5095,72,4,,4774
5096,15,3,,4294
5097,75,2,,2829
5098,83,2,,2830
5099,71,2,,2830
5100,97,2,,2831
5101,61,4,FOOD,4775
5102,52,1,FOOD,869
5103,64,2,FOOD,2831
5104,60,2,FOOD,2832
5105,39,6,Unemployed,5098
5106,57,3,FOOD,4295
5107,76,1,,870
5108,20,1,FOOD,871
5109,57,1,FOOD,872
5110,97,3,,4295
5111,75,4,,4775
5112,32,4,WASTEMANAGEMENT,4775
5113,31,2,FOOD,2832
5114,73,3,,4295
5115,19,3,WASTEMANAGEMENT,4296
5116,59,2,WASTEMANAGEMENT,2833
5117,57,3,Unemployed,4296
5118,44,1,FOOD,873
5119,75,3,,4296
5120,52,2,FOOD,2833
5121,84,2,,2834
5122,81,3,,4297
5123,8,2,,2834
5124,69,6,,5098
5125,78,1,,874
5126,70,5,,5019
5127,56,1,FOOD,875
5128,76,2,,2835
5129,20,4,FOOD,4775
5130,1,1,,876
5131,49,2,Unemployed,2835
5132,31,2,WASTEMANAGEMENT,2836
5133,52,2,FOOD,2836
5134,52,5,FOOD,5019
5135,40,2,WASTEMANAGEMENT,2837
5136,4,3,,4297
5137,22,3,FOOD,4297
5138,77,2,,2837
5139,79,3,,4298
5140,14,1,,877
5141,59,2,WASTEMANAGEMENT,2838
5142,20,5,FOOD,5019
5143,28,1,Unemployed,878
5144,66,2,,2838
5145,74,1,,879
5146,86,4,,4776
5147,77,1,,880
5148,79,5,,5020
5149,74,4,,4776
5150,43,1,FOOD,881
5151,65,1,FOOD,882
5152,89,1,,883
5153,0,1,,884
5154,69,2,,2839
5155,73,2,,2839
5156,67,2,,2840
5157,75,2,,2840
5158,62,3,FOOD,4298
5159,57,3,FOOD,4298
5160,69,2,,2841
5161,74,2,,2841
5162,79,4,,4776
5163,40,2,FOOD,2842
5164,22,2,FOOD,2842
5165,74,5,,5020
5166,64,1,FOOD,885
5167,13,2,,2843
5168,35,3,WASTEMANAGEMENT,4299
5169,8,2,,2843
5170,69,4,,4776
5171,70,5,,5020
5172,69,3,,4299
5173,7,3,,4299
5174,65,5,WASTEMANAGEMENT,5020
5175,47,2,FOOD,2844
5176,82,2,,2844
5177,70,4,,4777
5178,21,2,WASTEMANAGEMENT,2845
5179,77,2,,2845
5180,79,2,,2846
5181,8,1,,886
5182,68,3,,4300
5183,8,6,,5098
5184,18,2,FOOD,2846
5185,74,6,,5098
5186,69,3,,4300
5187,58,2,FOOD,2847
5188,64,2,FOOD,2847
5189,67,3,,4300
5190,59,2,Unemployed,2848
5191,22,3,FOOD,4301
5192,41,2,FOOD,2848
5193,67,6,,5098
5194,55,4,FOOD,4777
5195,65,2,FOOD,2849
5196,24,4,Unemployed,4777
5197,45,2,FOOD,2849
5198,51,2,FOOD,2850
5199,24,1,FOOD,887
5200,45,2,WASTEMANAGEMENT,2850
5201,73,3,,4301
5202,53,3,Unemployed,4301
5203,34,4,FOOD,4777
5204,59,3,FOOD,4302
5205,67,2,,2851
5206,11,1,,888
5207,44,2,WASTEMANAGEMENT,2851
5208,98,2,,2852
5209,32,5,FOOD,5020
5210,52,2,WASTEMANAGEMENT,2852
5211,78,1,,889
5212,64,2,Unemployed,2853
5213,2,4,,4778
5214,61,2,WASTEMANAGEMENT,2853
5215,41,5,FOOD,5021
5216,61,1,FOOD,890
5217,43,2,FOOD,2854
5218,62,2,FOOD,2854
5219,64,2,WASTEMANAGEMENT,2855
5220,89,4,,4778
5221,98,2,,2855
5222,60,2,FOOD,2856
5223,32,1,WASTEMANAGEMENT,891
5224,21,1,FOOD,892
5225,31,4,FOOD,4778
5226,67,1,,893
5227,61,2,WASTEMANAGEMENT,2856
5228,32,4,FOOD,4778
5229,13,1,,894
5230,28,2,FOOD,2857
5231,75,1,,895
5232,87,3,,4302
5233,26,2,Unemployed,2857
5234,33,3,FOOD,4302
5235,53,2,FOOD,2858
5236,89,3,,4303
5237,12,2,,2858
5238,76,1,,896
5239,58,2,FOOD,2859
5240,99,2,,2859
5241,63,2,FOOD,2860
5242,65,2,FOOD,2860
5243,79,1,,897
5244,11,2,,2861
5245,98,2,,2861
5246,50,1,FOOD,898
5247,8,2,,2862
5248,18,2,FOOD,2862
5249,30,4,FOOD,4779
5250,63,4,FOOD,4779
5251,64,2,FOOD,2863
5252,90,1,,899
5253,73,2,,2863
5254,59,2,FOOD,2864
5255,77,1,,900
5256,73,2,,2864
5257,54,2,FOOD,2865
5258,67,2,,2865
5259,55,3,WASTEMANAGEMENT,4303
5260,17,2,,2866
5261,68,3,,4303
5262,60,3,FOOD,4304
5263,71,4,,4779
5264,54,4,FOOD,4779
5265,97,2,,2866
5266,60,2,FOOD,2867
5267,64,2,FOOD,2867
5268,60,1,FOOD,901
5269,1,2,,2868
5270,56,1,FOOD,902
5271,2,1,,903
5272,71,4,,4780
5273,67,2,,2868
5274,51,5,FOOD,5021
5275,69,2,,2869
5276,84,3,,4304
5277,15,3,,4304
5278,88,2,,2869
5279,78,2,,2870
5280,10,2,,2870
5281,68,2,,2871
5282,30,2,FOOD,2871
5283,1,4,,4780
5284,69,2,,2872
5285,31,1,FOOD,904
5286,78,2,,2872
5287,76,5,,5021
5288,37,3,FOOD,4305
5289,100,1,,905
5290,15,3,,4305
5291,97,1,,906
5292,63,5,FOOD,5021
5293,61,1,FOOD,907
5294,73,5,,5021
5295,63,3,FOOD,4305
5296,77,6,,5099
5297,53,1,FOOD,908
5298,30,5,FOOD,5022
5299,34,3,FOOD,4306
5300,32,2,FOOD,2873
5301,57,3,WASTEMANAGEMENT,4306
5302,78,2,,2873
5303,41,3,FOOD,4306
5304,63,2,FOOD,2874
5305,73,2,,2874
5306,63,2,FOOD,2875
5307,17,5,,5022
5308,0,4,,4780
5309,30,2,FOOD,2875
5310,44,3,FOOD,4307
5311,78,2,,2876
5312,43,4,FOOD,4780
5313,17,1,,909
5314,52,5,FOOD,5022
5315,59,5,FOOD,5022
5316,61,2,FOOD,2876
5317,76,2,,2877
5318,31,5,WASTEMANAGEMENT,5022
5319,77,1,,910
5320,53,2,WASTEMANAGEMENT,2877
5321,45,2,FOOD,2878
5322,43,1,FOOD,911
5323,9,5,,5023
5324,91,2,,2878
5325,61,2,FOOD,2879
5326,79,2,,2879
5327,15,1,,912
5328,12,2,,2880
5329,35,2,WASTEMANAGEMENT,2880
5330,57,2,FOOD,2881
5331,87,3,,4307
5332,72,4,,4781
5333,52,2,Unemployed,2881
5334,43,4,FOOD,4781
5335,22,1,FOOD,913
5336,41,2,Unemployed,2882
5337,61,1,FOOD,914
5338,11,2,,2882
5339,50,2,FOOD,2883
5340,53,6,FOOD,5099
5341,16,4,,4781
5342,40,3,Unemployed,4307
5343,68,5,,5023
5344,20,2,Unemployed,2883
5345,95,2,,2884
5346,18,2,WASTEMANAGEMENT,2884
5347,77,2,,2885
5348,24,3,FOOD,4308
5349,59,2,FOOD,2885
5350,76,5,,5023
5351,76,4,,4781
5352,63,3,WASTEMANAGEMENT,4308
5353,6,2,,2886
5354,55,2,FOOD,2886
5355,90,2,,2887
5356,64,2,WASTEMANAGEMENT,2887
5357,61,5,FOOD,5023
5358,44,2,FOOD,2888
5359,37,5,WASTEMANAGEMENT,5023
5360,58,2,Unemployed,2888
5361,52,3,WASTEMANAGEMENT,4308
5362,53,2,FOOD,2889
5363,77,4,,4782
5364,68,3,,4309
5365,64,2,WASTEMANAGEMENT,2889
5366,64,1,FOOD,915
5367,71,2,,2890
5368,66,1,,916
5369,18,3,FOOD,4309
5370,61,1,FOOD,917
5371,64,1,FOOD,918
5372,62,3,FOOD,4309
5373,70,5,,5024
5374,17,1,,919
5375,72,2,,2890
5376,65,5,FOOD,5024
5377,61,2,FOOD,2891
5378,52,5,FOOD,5024
5379,59,2,FOOD,2891
5380,95,1,,920
5381,85,2,,2892
5382,51,3,FOOD,4310
5383,99,1,,921
5384,85,6,,5099
5385,78,4,,4782
5386,65,1,FOOD,922
5387,32,2,FOOD,2892
5388,42,4,FOOD,4782
5389,69,3,,4310
5390,68,2,,2893
5391,19,1,FOOD,923
5392,65,4,FOOD,4782
5393,57,5,FOOD,5024
5394,1,3,,4310
5395,73,5,,5024
5396,2,3,,4311
5397,37,2,FOOD,2893
5398,78,3,,4311
5399,8,2,,2894
5400,81,5,,5025
5401,4,3,,4311
5402,46,3,FOOD,4312
5403,81,2,,2894
5404,22,2,FOOD,2895
5405,24,2,FOOD,2895
5406,72,2,,2896
5407,29,2,FOOD,2896
5408,60,2,FOOD,2897
5409,75,2,,2897
5410,18,3,FOOD,4312
5411,76,4,,4783
5412,16,4,,4783
5413,38,1,FOOD,924
5414,51,4,FOOD,4783
5415,71,2,,2898
5416,52,2,FOOD,2898
5417,73,2,,2899
5418,69,2,,2899
5419,68,2,,2900
5420,59,4,WASTEMANAGEMENT,4783
5421,51,1,WASTEMANAGEMENT,925
5422,17,3,,4312
5423,50,2,WASTEMANAGEMENT,2900
5424,44,2,WASTEMANAGEMENT,2901
5425,16,1,,926
5426,82,2,,2901
5427,32,2,FOOD,2902
5428,62,4,WASTEMANAGEMENT,4784
5429,73,2,,2902
5430,89,2,,2903
5431,69,2,,2903
5432,20,3,Unemployed,4313
5433,20,4,WASTEMANAGEMENT,4784
5434,68,3,,4313
5435,27,2,FOOD,2904
5436,68,2,,2904
5437,51,4,WASTEMANAGEMENT,4784
5438,58,3,FOOD,4313
5439,68,1,,927
5440,31,3,FOOD,4314
5441,11,4,,4784
5442,50,1,FOOD,928
5443,52,4,WASTEMANAGEMENT,4785
5444,64,3,FOOD,4314
5445,76,2,,2905
5446,2,2,,2905
5447,16,2,,2906
5448,79,1,,929
5449,67,2,,2906
5450,7,2,,2907
5451,66,4,,4785
5452,72,6,,5099
5453,61,2,FOOD,2907
5454,2,2,,2908
5455,70,2,,2908
5456,44,2,FOOD,2909
5457,71,2,,2909
5458,31,2,FOOD,2910
5459,9,5,,5025
5460,45,2,WASTEMANAGEMENT,2910
5461,2,2,,2911
5462,4,2,,2911
5463,16,2,,2912
5464,70,1,,930
5465,66,3,,4314
5466,57,2,FOOD,2912
5467,29,2,FOOD,2913
5468,99,4,,4785
5469,54,4,WASTEMANAGEMENT,4785
5470,75,1,,931
5471,41,5,FOOD,5025
5472,58,3,FOOD,4315
5473,53,2,WASTEMANAGEMENT,2913
5474,82,4,,4786
5475,6,3,,4315
5476,61,2,FOOD,2914
5477,76,2,,2914
5478,67,2,,2915
5479,62,2,FOOD,2915
5480,59,1,Unemployed,932
5481,68,2,,2916
5482,2,2,,2916
5483,84,2,,2917
5484,61,1,WASTEMANAGEMENT,933
5485,72,4,,4786
5486,95,1,,934
5487,26,2,FOOD,2917
5488,53,1,FOOD,935
5489,78,2,,2918
5490,15,2,,2918
5491,31,2,Unemployed,2919
5492,69,4,,4786
5493,31,2,FOOD,2919
5494,12,6,,5099
5495,62,1,Unemployed,936
5496,67,2,,2920
5497,68,3,,4315
5498,3,2,,2920
5499,98,2,,2921
5500,40,4,Unemployed,4786
5501,35,2,FOOD,2921
5502,22,3,FOOD,4316
5503,69,6,,5099
5504,68,2,,2922
5505,74,2,,2922
5506,60,4,WASTEMANAGEMENT,4787
5507,53,6,Unemployed,5100
5508,4,1,,937
5509,16,2,,2923
5510,92,3,,4316
5511,4,1,,938
5512,73,5,,5025
5513,43,2,FOOD,2923
5514,37,1,FOOD,939
5515,69,2,,2924
5516,48,4,FOOD,4787
5517,72,3,,4316
5518,73,2,,2924
5519,34,2,FOOD,2925
5520,73,2,,2925
5521,74,2,,2926
5522,68,1,,940
5523,74,2,,2926
5524,49,2,FOOD,2927
5525,93,1,,941
5526,51,2,FOOD,2927
5527,64,2,FOOD,2928
5528,26,6,WASTEMANAGEMENT,5100
5529,21,4,WASTEMANAGEMENT,4787
5530,50,2,WASTEMANAGEMENT,2928
5531,79,2,,2929
5532,69,1,,942
5533,78,2,,2929
5534,47,2,FOOD,2930
5535,66,2,,2930
5536,56,1,FOOD,943
5537,34,2,FOOD,2931
5538,66,1,,944
5539,49,1,FOOD,945
5540,46,1,WASTEMANAGEMENT,946
5541,60,2,FOOD,2931
5542,76,2,,2932
5543,35,2,WASTEMANAGEMENT,2932
5544,68,2,,2933
5545,54,2,FOOD,2933
5546,15,1,,947
5547,63,2,FOOD,2934
5548,57,2,Unemployed,2934
5549,18,1,FOOD,948
5550,63,4,FOOD,4787
5551,64,3,Unemployed,4317
5552,16,6,,5100
5553,74,2,,2935
5554,17,1,,949
5555,35,1,FOOD,950
5556,64,4,FOOD,4788
5557,74,6,,5100
5558,60,4,FOOD,4788
5559,64,2,FOOD,2935
5560,55,2,FOOD,2936
5561,9,2,,2936
5562,78,2,,2937
5563,6,2,,2937
5564,56,2,FOOD,2938
5565,52,2,FOOD,2938
5566,89,2,,2939
5567,23,2,WASTEMANAGEMENT,2939
5568,57,2,FOOD,2940
5569,64,3,FOOD,4317
5570,86,5,,5025
5571,60,3,FOOD,4317
5572,71,1,,951
5573,64,3,FOOD,4318
5574,50,4,FOOD,4788
5575,61,1,FOOD,952
5576,69,1,,953
5577,69,2,,2940
5578,25,1,FOOD,954
5579,28,1,FOOD,955
5580,5,2,,2941
5581,67,3,,4318
5582,70,2,,2941
5583,62,2,FOOD,2942
5584,74,4,,4788
5585,86,2,,2942
5586,39,4,WASTEMANAGEMENT,4789
5587,44,2,Unemployed,2943
5588,23,4,FOOD,4789
5589,84,2,,2943
5590,2,6,,5100
5591,65,2,FOOD,2944
5592,64,4,WASTEMANAGEMENT,4789
5593,59,2,Unemployed,2944
5594,45,1,WASTEMANAGEMENT,956
5595,100,3,,4318
5596,41,2,FOOD,2945
5597,2,6,,5100
5598,68,2,,2945
5599,51,2,FOOD,2946
5600,51,3,FOOD,4319
5601,31,5,WASTEMANAGEMENT,5026
5602,64,6,WASTEMANAGEMENT,5101
5603,43,2,FOOD,2946
5604,18,1,FOOD,957
5605,69,3,,4319
5606,66,1,,958
5607,70,2,,2947
5608,27,2,FOOD,2947
5609,90,2,,2948
5610,42,2,FOOD,2948
5611,47,2,WASTEMANAGEMENT,2949
5612,32,2,WASTEMANAGEMENT,2949
5613,38,4,FOOD,4789
5614,34,4,FOOD,4790
5615,68,1,,959
5616,42,2,FOOD,2950
5617,3,4,,4790
5618,37,4,Unemployed,4790
5619,89,3,,4319
5620,65,4,FOOD,4790
5621,92,5,,5026
5622,15,3,,4320
5623,70,3,,4320
5624,44,4,FOOD,4791
5625,75,5,,5026
5626,77,1,,960
5627,48,4,FOOD,4791
5628,48,2,Unemployed,2950
5629,43,2,FOOD,2951
5630,100,3,,4320
5631,83,2,,2951
5632,6,2,,2952
5633,2,2,,2952
5634,77,2,,2953
5635,50,4,Unemployed,4791
5636,11,3,,4321
5637,68,4,,4791
5638,53,1,FOOD,961
5639,60,3,FOOD,4321
5640,54,2,FOOD,2953
5641,67,4,,4792
5642,64,2,WASTEMANAGEMENT,2954
5643,72,1,,962
5644,63,2,FOOD,2954
5645,97,2,,2955
5646,25,1,FOOD,963
5647,54,1,Unemployed,964
5648,75,4,,4792
5649,90,3,,4321
5650,78,2,,2955
5651,63,5,FOOD,5026
5652,30,2,FOOD,2956
5653,66,3,,4322
5654,72,2,,2956
5655,61,2,WASTEMANAGEMENT,2957
5656,11,4,,4792
5657,69,5,,5026
5658,78,2,,2957
5659,38,4,FOOD,4792
5660,60,6,FOOD,5101
5661,50,3,FOOD,4322
5662,56,2,WASTEMANAGEMENT,2958
5663,51,1,FOOD,965
5664,44,2,WASTEMANAGEMENT,2958
5665,66,1,,966
5666,53,2,WASTEMANAGEMENT,2959
5667,64,4,FOOD,4793
5668,67,1,,967
5669,1,2,,2959
5670,79,4,,4793
5671,55,4,FOOD,4793
5672,2,2,,2960
5673,84,4,,4793
5674,70,1,,968
5675,44,4,Unemployed,4794
5676,15,1,,969
5677,71,2,,2960
5678,19,5,FOOD,5027
5679,11,2,,2961
5680,71,2,,2961
5681,53,2,FOOD,2962
5682,96,2,,2962
5683,77,4,,4794
5684,60,2,FOOD,2963
5685,17,6,,5101
5686,22,3,FOOD,4322
5687,99,3,,4323
5688,92,1,,970
5689,76,1,,971
5690,68,1,,972
5691,54,1,FOOD,973
5692,60,2,FOOD,2963
5693,76,1,,974
5694,75,3,,4323
5695,55,3,FOOD,4323
5696,38,2,FOOD,2964
5697,85,5,,5027
5698,61,4,FOOD,4794
5699,68,3,,4324
5700,66,2,,2964
5701,72,2,,2965
5702,21,1,Unemployed,975
5703,58,2,WASTEMANAGEMENT,2965
5704,1,4,,4794
5705,94,2,,2966
5706,73,2,,2966
5707,58,1,FOOD,976
5708,19,4,FOOD,4795
5709,36,2,Unemployed,2967
5710,55,3,FOOD,4324
5711,65,2,FOOD,2967
5712,2,2,,2968
5713,20,2,FOOD,2968
5714,22,2,FOOD,2969
5715,27,4,FOOD,4795
5716,87,3,,4324
5717,79,2,,2969
5718,91,6,,5101
5719,35,4,FOOD,4795
5720,42,2,FOOD,2970
5721,72,4,,4795
5722,62,2,FOOD,2970
5723,62,2,FOOD,2971
5724,67,4,,4796
5725,64,4,FOOD,4796
5726,3,2,,2971
5727,59,1,FOOD,977
5728,68,2,,2972
5729,36,2,FOOD,2972
5730,8,2,,2973
5731,96,3,,4325
5732,64,2,FOOD,2973
5733,18,1,FOOD,978
5734,58,4,WASTEMANAGEMENT,4796
5735,67,3,,4325
5736,52,2,FOOD,2974
5737,74,2,,2974
5738,42,4,FOOD,4796
5739,3,1,,979
5740,48,4,FOOD,4797
5741,79,3,,4325
5742,49,1,FOOD,980
5743,75,2,,2975
5744,78,2,,2975
5745,76,2,,2976
5746,73,2,,2976
5747,29,4,WASTEMANAGEMENT,4797
5748,67,2,,2977
5749,98,1,,981
5750,7,1,,982
5751,90,2,,2977
5752,60,2,FOOD,2978
5753,92,2,,2978
5754,89,2,,2979
5755,43,2,WASTEMANAGEMENT,2979
5756,66,2,,2980
5757,6,1,,983
5758,57,2,FOOD,2980
5759,1,3,,4326
5760,26,4,FOOD,4797
5761,61,4,FOOD,4797
5762,45,4,FOOD,4798
5763,52,3,FOOD,4326
5764,78,4,,4798
5765,38,2,FOOD,2981
5766,58,4,WASTEMANAGEMENT,4798
5767,37,2,FOOD,2981
5768,65,1,Unemployed,984
5769,2,2,,2982
5770,51,1,WASTEMANAGEMENT,985
5771,72,3,,4326
5772,65,1,FOOD,986
5773,4,2,,2982
5774,8,2,,2983
5775,61,4,WASTEMANAGEMENT,4798
5776,71,2,,2983
5777,31,2,WASTEMANAGEMENT,2984
5778,24,5,FOOD,5027
5779,59,5,FOOD,5027
5780,76,2,,2984
5781,77,3,,4327
5782,63,2,FOOD,2985
5783,69,2,,2985
5784,92,3,,4327
5785,65,2,WASTEMANAGEMENT,2986
5786,94,1,,987
5787,60,1,FOOD,988
5788,21,1,FOOD,989
5789,52,2,FOOD,2986
5790,100,3,,4327
5791,50,2,FOOD,2987
5792,10,1,,990
5793,60,2,FOOD,2987
5794,74,1,,991
5795,61,2,FOOD,2988
5796,14,3,,4328
5797,67,1,,992
5798,60,4,FOOD,4799
5799,49,2,FOOD,2988
5800,65,5,FOOD,5027
5801,77,2,,2989
5802,45,2,Unemployed,2989
5803,47,2,FOOD,2990
5804,71,2,,2990
5805,27,6,FOOD,5101
5806,46,2,Unemployed,2991
5807,64,3,FOOD,4328
5808,21,4,WASTEMANAGEMENT,4799
5809,54,2,WASTEMANAGEMENT,2991
5810,77,1,,993
5811,28,3,FOOD,4328
5812,19,2,FOOD,2992
5813,77,5,,5028
5814,53,5,FOOD,5028
5815,48,4,WASTEMANAGEMENT,4799
5816,53,2,Unemployed,2992
5817,22,5,FOOD,5028
5818,29,5,Unemployed,5028
5819,62,3,WASTEMANAGEMENT,4329
5820,67,2,,2993
5821,37,3,FOOD,4329
5822,29,2,FOOD,2993
5823,17,3,,4329
5824,54,2,Unemployed,2994
5825,58,4,FOOD,4799
5826,45,6,FOOD,5101
5827,98,3,,4330
5828,57,1,WASTEMANAGEMENT,994
5829,33,2,FOOD,2994
5830,56,2,WASTEMANAGEMENT,2995
5831,28,1,FOOD,995
5832,75,2,,2995
5833,80,6,,5102
5834,51,3,FOOD,4330
5835,6,2,,2996
5836,46,3,FOOD,4330
5837,71,2,,2996
5838,37,1,FOOD,996
5839,72,2,,2997
5840,39,2,Unemployed,2997
5841,63,6,FOOD,5102
5842,19,2,WASTEMANAGEMENT,2998
5843,72,3,,4331
5844,49,6,FOOD,5102
5845,11,5,,5028
5846,62,2,WASTEMANAGEMENT,2998
5847,47,3,FOOD,4331
5848,59,1,Unemployed,997
5849,69,2,,2999
5850,64,3,FOOD,4331
5851,63,4,Unemployed,4800
5852,64,1,FOOD,998
5853,16,3,,4332
5854,60,2,FOOD,2999
5855,67,3,,4332
5856,34,1,FOOD,999
5857,99,3,,4332
5858,75,1,,1000
5859,95,3,,4333
5860,91,5,,5029
5861,69,2,,3000
5862,76,2,,3000
5863,3,4,,4800
5864,41,4,FOOD,4800
5865,61,5,FOOD,5029
5866,96,3,,4333
5867,9,4,,4800
5868,4,2,,3001
5869,98,2,,3001
5870,77,2,,3002
5871,47,2,FOOD,3002
5872,91,1,,1001
5873,57,2,Unemployed,3003
5874,64,2,Unemployed,3003
5875,55,4,WASTEMANAGEMENT,4801
5876,28,3,Unemployed,4333
5877,60,2,FOOD,3004
5878,61,1,WASTEMANAGEMENT,1002
5879,50,6,FOOD,5102
5880,83,2,,3004
5881,55,2,FOOD,3005
5882,75,1,,1003
5883,47,2,FOOD,3005
5884,29,5,FOOD,5029
5885,68,4,,4801
5886,55,1,FOOD,1004
5887,66,1,,1005
5888,72,1,,1006
5889,92,2,,3006
5890,66,3,,4334
5891,58,2,FOOD,3006
5892,73,2,,3007
5893,60,3,FOOD,4334
5894,53,4,FOOD,4801
5895,67,2,,3007
5896,67,2,,3008
5897,46,1,FOOD,1007
5898,15,2,,3008
5899,49,2,WASTEMANAGEMENT,3009
5900,50,2,FOOD,3009
5901,5,3,,4334
5902,51,2,FOOD,3010
5903,77,1,,1008
5904,70,5,,5029
5905,95,3,,4335
5906,64,1,FOOD,1009
5907,63,2,FOOD,3010
5908,73,2,,3011
5909,75,4,,4801
5910,79,3,,4335
5911,43,3,FOOD,4335
5912,29,5,FOOD,5029
5913,42,2,FOOD,3011
5914,37,2,Unemployed,3012
5915,58,2,WASTEMANAGEMENT,3012
5916,58,1,FOOD,1010
5917,43,2,FOOD,3013
5918,69,3,,4336
5919,67,2,,3013
5920,66,2,,3014
5921,34,4,Unemployed,4802
5922,58,2,FOOD,3014
5923,76,2,,3015
5924,72,2,,3015
5925,70,2,,3016
5926,52,2,FOOD,3016
5927,53,4,FOOD,4802
5928,49,3,FOOD,4336
5929,74,2,,3017
5930,72,5,,5030
5931,82,1,,1011
5932,69,3,,4336
5933,64,6,Unemployed,5102
5934,61,2,FOOD,3017
5935,85,4,,4802
5936,62,2,FOOD,3018
5937,71,2,,3018
5938,75,2,,3019
5939,77,2,,3019
5940,36,2,FOOD,3020
5941,19,2,FOOD,3020
5942,61,2,FOOD,3021
5943,53,1,WASTEMANAGEMENT,1012
5944,6,1,,1013
5945,39,2,WASTEMANAGEMENT,3021
5946,43,3,Unemployed,4337
5947,7,2,,3022
5948,61,2,FOOD,3022
5949,53,4,FOOD,4802
5950,20,4,FOOD,4803
5951,90,3,,4337
5952,31,6,FOOD,5102
5953,79,1,,1014
5954,92,3,,4337
5955,90,1,,1015
5956,19,4,FOOD,4803
5957,63,2,FOOD,3023
5958,26,1,FOOD,1016
5959,66,2,,3023
5960,64,5,FOOD,5030
5961,66,2,,3024
5962,12,1,,1017
5963,30,5,FOOD,5030
5964,57,3,FOOD,4338
5965,18,1,FOOD,1018
5966,93,1,,1019
5967,73,3,,4338
5968,38,3,FOOD,4338
5969,79,4,,4803
5970,1,5,,5030
5971,79,2,,3024
5972,60,2,WASTEMANAGEMENT,3025
5973,27,4,FOOD,4803
5974,62,4,FOOD,4804
5975,73,2,,3025
5976,49,5,FOOD,5030
5977,28,1,FOOD,1020
5978,62,3,FOOD,4339
5979,17,2,,3026
5980,10,6,,5103
5981,40,2,FOOD,3026
5982,97,2,,3027
5983,43,2,FOOD,3027
5984,38,2,Unemployed,3028
5985,21,6,FOOD,5103
5986,1,1,,1021
5987,69,4,,4804
5988,51,2,FOOD,3028
5989,29,2,FOOD,3029
5990,8,1,,1022
5991,75,2,,3029
5992,14,1,,1023
5993,97,2,,3030
5994,65,3,FOOD,4339
5995,100,5,,5031
5996,12,2,,3030
5997,40,2,FOOD,3031
5998,69,5,,5031
5999,47,1,FOOD,1024
6000,64,3,WASTEMANAGEMENT,4339
6001,18,3,FOOD,4340
6002,78,3,,4340
6003,78,6,,5103
6004,56,6,FOOD,5103
6005,47,2,FOOD,3031
6006,48,2,WASTEMANAGEMENT,3032
6007,60,2,FOOD,3032
6008,63,2,FOOD,3033
6009,46,2,FOOD,3033
6010,87,2,,3034
6011,22,2,FOOD,3034
6012,31,2,FOOD,3035
6013,40,5,FOOD,5031
6014,70,3,,4340
6015,59,1,FOOD,1025
6016,6,3,,4341
6017,34,2,FOOD,3035
6018,92,2,,3036
6019,59,1,FOOD,1026
6020,50,4,FOOD,4804
6021,82,1,,1027
6022,32,5,Unemployed,5031
6023,64,4,FOOD,4804
6024,20,2,FOOD,3036
6025,93,3,,4341
6026,59,1,FOOD,1028
6027,12,2,,3037
6028,60,2,FOOD,3037
6029,93,4,,4805
6030,54,2,FOOD,3038
6031,22,2,FOOD,3038
6032,60,1,FOOD,1029
6033,78,2,,3039
6034,63,2,WASTEMANAGEMENT,3039
6035,85,1,,1030
6036,63,2,FOOD,3040
6037,60,3,FOOD,4341
6038,71,2,,3040
6039,6,2,,3041
6040,26,2,FOOD,3041
6041,90,2,,3042
6042,73,3,,4342
6043,75,1,,1031
6044,53,3,WASTEMANAGEMENT,4342
6045,47,2,FOOD,3042
6046,46,3,FOOD,4342
6047,63,4,FOOD,4805
6048,96,3,,4343
6049,79,2,,3043
6050,51,2,FOOD,3043
6051,60,2,FOOD,3044
6052,7,4,,4805
6053,54,2,FOOD,3044
6054,16,4,,4805
6055,72,2,,3045
6056,22,2,WASTEMANAGEMENT,3045
6057,51,2,WASTEMANAGEMENT,3046
6058,54,2,FOOD,3046
6059,52,1,FOOD,1032
6060,22,2,FOOD,3047
6061,64,2,WASTEMANAGEMENT,3047
6062,50,2,FOOD,3048
6063,42,3,FOOD,4343
6064,35,2,FOOD,3048
6065,15,4,,4806
6066,26,2,FOOD,3049
6067,64,4,FOOD,4806
6068,28,3,FOOD,4343
6069,23,2,FOOD,3049
6070,91,2,,3050
6071,23,3,WASTEMANAGEMENT,4344
6072,40,2,FOOD,3050
6073,65,4,FOOD,4806
6074,21,2,WASTEMANAGEMENT,3051
6075,79,1,,1033
6076,49,2,FOOD,3051
6077,43,5,WASTEMANAGEMENT,5031
6078,59,1,FOOD,1034
6079,35,2,Unemployed,3052
6080,41,3,FOOD,4344
6081,66,4,,4806
6082,94,3,,4344
6083,61,3,FOOD,4345
6084,21,2,FOOD,3052
6085,0,2,,3053
6086,54,4,FOOD,4807
6087,18,2,WASTEMANAGEMENT,3053
6088,62,3,FOOD,4345
6089,65,2,FOOD,3054
6090,58,2,FOOD,3054
6091,72,4,,4807
6092,67,1,,1035
6093,60,4,FOOD,4807
6094,78,2,,3055
6095,97,5,,5032
6096,72,2,,3055
6097,67,2,,3056
6098,63,3,FOOD,4345
6099,71,2,,3056
6100,49,1,FOOD,1036
6101,49,2,FOOD,3057
6102,41,3,FOOD,4346
6103,74,1,,1037
6104,77,3,,4346
6105,64,4,FOOD,4807
6106,70,2,,3057
6107,5,2,,3058
6108,52,4,FOOD,4808
6109,77,2,,3058
6110,57,2,FOOD,3059
6111,48,2,WASTEMANAGEMENT,3059
6112,65,2,FOOD,3060
6113,43,3,FOOD,4346
6114,21,3,FOOD,4347
6115,55,2,WASTEMANAGEMENT,3060
6116,97,3,,4347
6117,60,3,FOOD,4347
6118,90,4,,4808
6119,47,2,Unemployed,3061
6120,54,2,FOOD,3061
6121,54,5,FOOD,5032
6122,24,4,FOOD,4808
6123,44,1,WASTEMANAGEMENT,1038
6124,51,2,FOOD,3062
6125,26,2,FOOD,3062
6126,27,4,FOOD,4808
6127,17,1,,1039
6128,37,2,WASTEMANAGEMENT,3063
6129,18,1,FOOD,1040
6130,23,3,FOOD,4348
6131,32,2,FOOD,3063
6132,57,3,FOOD,4348
6133,46,6,FOOD,5103
6134,79,3,,4348
6135,60,1,Unemployed,1041
6136,88,2,,3064
6137,63,2,FOOD,3064
6138,76,2,,3065
6139,64,1,FOOD,1042
6140,53,2,FOOD,3065
6141,62,2,FOOD,3066
6142,66,3,,4349
6143,70,1,,1043
6144,99,4,,4809
6145,97,1,,1044
6146,62,3,Unemployed,4349
6147,23,2,FOOD,3066
6148,1,2,,3067
6149,30,3,FOOD,4349
6150,12,3,,4350
6151,39,2,FOOD,3067
6152,34,2,WASTEMANAGEMENT,3068
6153,58,1,FOOD,1045
6154,17,4,,4809
6155,85,2,,3068
6156,64,3,FOOD,4350
6157,1,2,,3069
6158,6,2,,3069
6159,69,4,,4809
6160,72,1,,1046
6161,3,1,,1047
6162,28,4,FOOD,4809
6163,83,2,,3070
6164,59,2,Unemployed,3070
6165,60,4,WASTEMANAGEMENT,4810
6166,34,2,FOOD,3071
6167,5,1,,1048
6168,20,1,Unemployed,1049
6169,11,4,,4810
6170,71,3,,4350
6171,26,3,FOOD,4351
6172,76,3,,4351
6173,36,4,FOOD,4810
6174,28,4,FOOD,4810
6175,36,6,FOOD,5103
6176,60,2,FOOD,3071
6177,72,4,,4811
6178,62,1,FOOD,1050
6179,84,4,,4811
6180,53,2,FOOD,3072
6181,76,6,,5104
6182,65,5,FOOD,5032
6183,72,2,,3072
6184,15,2,,3073
6185,79,4,,4811
6186,53,2,FOOD,3073
6187,48,2,Unemployed,3074
6188,8,2,,3074
6189,69,2,,3075
6190,66,2,,3075
6191,3,4,,4811
6192,75,1,,1051
6193,75,6,,5104
6194,0,2,,3076
6195,9,3,,4351
6196,73,2,,3076
6197,10,2,,3077
6198,62,2,WASTEMANAGEMENT,3077
6199,67,2,,3078
6200,6,2,,3078
6201,68,2,,3079
6202,70,2,,3079
6203,51,2,FOOD,3080
6204,75,3,,4352
6205,20,5,FOOD,5032
6206,76,2,,3080
6207,36,6,FOOD,5104
6208,67,2,,3081
6209,77,5,,5032
6210,0,2,,3081
6211,15,2,,3082
6212,71,2,,3082
6213,8,1,,1052
6214,49,2,FOOD,3083
6215,63,4,FOOD,4812
6216,97,2,,3083
6217,56,2,FOOD,3084
6218,6,4,,4812
6219,35,2,FOOD,3084
6220,54,1,Unemployed,1053
6221,54,1,FOOD,1054
6222,21,2,FOOD,3085
6223,59,2,FOOD,3085
6224,74,3,,4352
6225,6,2,,3086
6226,54,2,FOOD,3086
6227,78,2,,3087
6228,74,4,,4812
6229,66,3,,4352
6230,52,4,WASTEMANAGEMENT,4812
6231,23,4,WASTEMANAGEMENT,4813
6232,69,1,,1055
6233,94,2,,3087
6234,65,3,WASTEMANAGEMENT,4353
6235,63,1,FOOD,1056
6236,42,4,WASTEMANAGEMENT,4813
6237,74,3,,4353
6238,58,2,FOOD,3088
6239,63,1,FOOD,1057
6240,52,2,FOOD,3088
6241,16,3,,4353
6242,44,3,FOOD,4354
6243,63,2,Unemployed,3089
6244,54,4,FOOD,4813
6245,2,3,,4354
6246,60,3,FOOD,4354
6247,8,3,,4355
6248,53,3,FOOD,4355
6249,25,3,FOOD,4355
6250,56,6,FOOD,5104
6251,77,2,,3089
6252,7,2,,3090
6253,55,3,FOOD,4356
6254,64,2,FOOD,3090
6255,95,2,,3091
6256,1,2,,3091
6257,9,3,,4356
6258,25,4,FOOD,4813
6259,75,2,,3092
6260,53,5,FOOD,5033
6261,78,1,,1058
6262,79,4,,4814
6263,66,2,,3092
6264,72,2,,3093
6265,49,3,FOOD,4356
6266,47,4,WASTEMANAGEMENT,4814
6267,32,5,FOOD,5033
6268,33,2,Unemployed,3093
6269,53,3,FOOD,4357
6270,61,2,FOOD,3094
6271,38,2,FOOD,3094
6272,61,3,FOOD,4357
6273,57,4,WASTEMANAGEMENT,4814
6274,17,2,,3095
6275,27,4,FOOD,4814
6276,53,1,WASTEMANAGEMENT,1059
6277,4,4,,4815
6278,60,3,FOOD,4357
6279,64,3,FOOD,4358
6280,57,5,FOOD,5033
6281,63,3,WASTEMANAGEMENT,4358
6282,66,4,,4815
6283,66,2,,3095
6284,82,4,,4815
6285,66,2,,3096
6286,10,6,,5104
6287,58,5,FOOD,5033
6288,50,1,FOOD,1060
6289,49,2,FOOD,3096
6290,60,2,FOOD,3097
6291,71,4,,4815
6292,56,3,FOOD,4358
6293,29,1,WASTEMANAGEMENT,1061
6294,63,4,WASTEMANAGEMENT,4816
6295,65,1,FOOD,1062
6296,54,2,FOOD,3097
6297,7,1,,1063
6298,28,4,FOOD,4816
6299,68,6,,5104
6300,54,2,Unemployed,3098
6301,17,1,,1064
6302,4,1,,1065
6303,33,6,FOOD,5105
6304,52,6,FOOD,5105
6305,81,2,,3098
6306,63,4,FOOD,4816
6307,66,2,,3099
6308,24,4,FOOD,4816
6309,66,2,,3099
6310,66,4,,4817
6311,24,3,FOOD,4359
6312,1,2,,3100
6313,8,2,,3100
6314,19,2,WASTEMANAGEMENT,3101
6315,70,3,,4359
6316,68,1,,1066
6317,43,4,Unemployed,4817
6318,15,2,,3101
6319,56,3,FOOD,4359
6320,69,3,,4360
6321,92,4,,4817
6322,49,1,FOOD,1067
6323,47,2,WASTEMANAGEMENT,3102
6324,16,2,,3102
6325,78,5,,5033
6326,27,2,FOOD,3103
6327,71,2,,3103
6328,14,4,,4817
6329,63,2,WASTEMANAGEMENT,3104
6330,35,1,FOOD,1068
6331,73,1,,1069
6332,61,3,FOOD,4360
6333,67,1,,1070
6334,50,2,Unemployed,3104
6335,16,2,,3105
6336,56,4,FOOD,4818
6337,65,4,FOOD,4818
6338,60,2,FOOD,3105
6339,24,2,Unemployed,3106
6340,68,1,,1071
6341,35,1,WASTEMANAGEMENT,1072
6342,51,4,WASTEMANAGEMENT,4818
6343,67,2,,3106
6344,48,2,FOOD,3107
6345,69,2,,3107
6346,79,2,,3108
6347,30,4,FOOD,4818
6348,4,3,,4360
6349,56,4,WASTEMANAGEMENT,4819
6350,100,1,,1073
6351,35,2,FOOD,3108
6352,76,1,,1074
6353,34,1,WASTEMANAGEMENT,1075
6354,97,1,,1076
6355,75,1,,1077
6356,51,1,FOOD,1078
6357,67,4,,4819
6358,46,2,FOOD,3109
6359,64,2,WASTEMANAGEMENT,3109
6360,13,3,,4361
6361,91,3,,4361
6362,0,3,,4361
6363,17,1,,1079
6364,66,6,,5105
6365,73,4,,4819
6366,67,3,,4362
6367,45,4,WASTEMANAGEMENT,4819
6368,1,2,,3110
6369,71,2,,3110
6370,65,2,WASTEMANAGEMENT,3111
6371,70,2,,3111
6372,81,2,,3112
6373,27,3,WASTEMANAGEMENT,4362
6374,55,3,Unemployed,4362
6375,31,3,FOOD,4363
6376,68,2,,3112
6377,73,2,,3113
6378,38,3,FOOD,4363
6379,10,4,,4820
6380,64,2,WASTEMANAGEMENT,3113
6381,50,2,FOOD,3114
6382,69,4,,4820
6383,59,2,WASTEMANAGEMENT,3114
6384,30,4,FOOD,4820
6385,58,3,FOOD,4363
6386,52,3,FOOD,4364
6387,95,1,,1080
6388,70,4,,4820
6389,18,1,FOOD,1081
6390,6,2,,3115
6391,79,1,,1082
6392,55,2,FOOD,3115
6393,53,1,FOOD,1083
6394,79,1,,1084
6395,79,4,,4821
6396,78,2,,3116
6397,51,2,FOOD,3116
6398,20,2,Unemployed,3117
6399,68,2,,3117
6400,12,4,,4821
6401,58,2,FOOD,3118
6402,13,3,,4364
6403,80,3,,4364
6404,76,2,,3118
6405,48,2,WASTEMANAGEMENT,3119
6406,23,5,FOOD,5034
6407,56,4,WASTEMANAGEMENT,4821
6408,62,3,FOOD,4365
6409,36,1,FOOD,1085
6410,69,2,,3119
6411,68,2,,3120
6412,7,2,,3120
6413,56,1,WASTEMANAGEMENT,1086
6414,26,2,FOOD,3121
6415,60,4,FOOD,4821
6416,69,2,,3121
6417,79,2,,3122
6418,73,3,,4365
6419,10,3,,4365
6420,35,5,WASTEMANAGEMENT,5034
6421,28,2,WASTEMANAGEMENT,3122
6422,60,3,WASTEMANAGEMENT,4366
6423,58,5,WASTEMANAGEMENT,5034
6424,41,4,FOOD,4822
6425,43,2,WASTEMANAGEMENT,3123
6426,65,2,FOOD,3123
6427,78,2,,3124
6428,63,2,FOOD,3124
6429,6,1,,1087
6430,67,2,,3125
6431,59,2,FOOD,3125
6432,75,2,,3126
6433,76,3,,4366
6434,67,2,,3126
6435,51,4,FOOD,4822
6436,22,1,FOOD,1088
6437,54,2,WASTEMANAGEMENT,3127
6438,18,4,FOOD,4822
6439,74,4,,4822
6440,39,2,WASTEMANAGEMENT,3127
6441,58,2,WASTEMANAGEMENT,3128
6442,16,2,,3128
6443,62,2,FOOD,3129
6444,70,2,,3129
6445,53,2,Unemployed,3130
6446,0,3,,4366
6447,68,2,,3130
6448,55,3,WASTEMANAGEMENT,4367
6449,60,2,Unemployed,3131
6450,57,4,WASTEMANAGEMENT,4823
6451,58,1,FOOD,1089
6452,65,5,WASTEMANAGEMENT,5034
6453,52,3,FOOD,4367
6454,49,2,WASTEMANAGEMENT,3131
6455,80,2,,3132
6456,25,4,FOOD,4823
6457,42,3,FOOD,4367
6458,69,3,,4368
6459,61,2,FOOD,3132
6460,13,1,,1090
6461,77,4,,4823
6462,66,2,,3133
6463,16,2,,3133
6464,67,2,,3134
6465,13,3,,4368
6466,47,1,FOOD,1091
6467,70,1,,1092
6468,42,4,FOOD,4823
6469,57,1,WASTEMANAGEMENT,1093
6470,77,3,,4368
6471,51,1,FOOD,1094
6472,51,3,FOOD,4369
6473,25,3,WASTEMANAGEMENT,4369
6474,94,2,,3134
6475,52,2,Unemployed,3135
6476,66,2,,3135
6477,35,3,FOOD,4369
6478,45,2,FOOD,3136
6479,55,2,FOOD,3136
6480,79,2,,3137
6481,53,2,FOOD,3137
6482,60,5,FOOD,5034
6483,76,2,,3138
6484,16,4,,4824
6485,29,1,WASTEMANAGEMENT,1095
6486,5,2,,3138
6487,64,5,FOOD,5035
6488,77,2,,3139
6489,76,3,,4370
6490,66,1,,1096
6491,66,2,,3139
6492,49,2,FOOD,3140
6493,74,3,,4370
6494,9,1,,1097
6495,84,2,,3140
6496,4,2,,3141
6497,78,2,,3141
6498,49,1,FOOD,1098
6499,79,2,,3142
6500,7,2,,3142
6501,60,1,FOOD,1099
6502,85,2,,3143
6503,2,2,,3143
6504,66,2,,3144
6505,63,1,FOOD,1100
6506,56,3,FOOD,4370
6507,66,4,,4824
6508,9,3,,4371
6509,80,3,,4371
6510,15,2,,3144
6511,47,3,FOOD,4371
6512,58,2,FOOD,3145
6513,61,1,FOOD,1101
6514,66,2,,3145
6515,69,4,,4824
6516,78,4,,4824
6517,65,2,WASTEMANAGEMENT,3146
6518,28,3,FOOD,4372
6519,37,5,FOOD,5035
6520,75,5,,5035
6521,66,1,,1102
6522,59,2,FOOD,3146
6523,56,5,FOOD,5035
6524,62,2,FOOD,3147
6525,99,1,,1103
6526,50,2,FOOD,3147
6527,74,2,,3148
6528,52,1,FOOD,1104
6529,75,2,,3148
6530,7,4,,4825
6531,34,3,FOOD,4372
6532,66,2,,3149
6533,58,2,FOOD,3149
6534,16,4,,4825
6535,33,4,FOOD,4825
6536,33,2,FOOD,3150
6537,77,2,,3150
6538,13,2,,3151
6539,37,2,FOOD,3151
6540,58,1,FOOD,1105
6541,64,5,FOOD,5035
6542,69,2,,3152
6543,56,5,FOOD,5036
6544,65,4,FOOD,4825
6545,78,4,,4826
6546,29,4,WASTEMANAGEMENT,4826
6547,64,4,Unemployed,4826
6548,40,2,FOOD,3152
6549,81,1,,1106
6550,48,2,FOOD,3153
6551,54,2,FOOD,3153
6552,36,5,FOOD,5036
6553,78,6,,5105
6554,66,2,,3154
6555,34,2,WASTEMANAGEMENT,3154
6556,77,1,,1107
6557,26,2,FOOD,3155
6558,75,2,,3155
6559,6,1,,1108
6560,47,4,FOOD,4826
6561,46,2,FOOD,3156
6562,77,3,,4372
6563,48,2,WASTEMANAGEMENT,3156
6564,67,1,,1109
6565,1,2,,3157
6566,70,2,,3157
6567,75,2,,3158
6568,51,4,FOOD,4827
6569,11,2,,3158
6570,71,2,,3159
6571,20,1,Unemployed,1110
6572,45,2,FOOD,3159
6573,61,5,FOOD,5036
6574,47,2,FOOD,3160
6575,32,2,FOOD,3160
6576,59,1,FOOD,1111
6577,46,2,WASTEMANAGEMENT,3161
6578,51,2,FOOD,3161
6579,63,1,FOOD,1112
6580,65,4,FOOD,4827
6581,13,3,,4373
6582,75,1,,1113
6583,94,2,,3162
6584,46,2,FOOD,3162
6585,70,4,,4827
6586,60,2,FOOD,3163
6587,68,2,,3163
6588,37,2,FOOD,3164
6589,27,2,FOOD,3164
6590,67,2,,3165
6591,55,1,FOOD,1114
6592,64,2,FOOD,3165
6593,46,2,FOOD,3166
6594,22,2,FOOD,3166
6595,64,2,Unemployed,3167
6596,70,3,,4373
6597,58,4,FOOD,4827
6598,19,1,FOOD,1115
6599,67,4,,4828
6600,16,2,,3167
6601,53,1,WASTEMANAGEMENT,1116
6602,58,6,FOOD,5105
6603,79,2,,3168
6604,6,3,,4373
6605,63,3,WASTEMANAGEMENT,4374
6606,78,5,,5036
6607,72,2,,3168
6608,70,2,,3169
6609,10,2,,3169
6610,47,2,FOOD,3170
6611,68,2,,3170
6612,78,2,,3171
6613,16,3,,4374
6614,66,2,,3171
6615,57,2,FOOD,3172
6616,57,2,Unemployed,3172
6617,20,2,WASTEMANAGEMENT,3173
6618,22,4,FOOD,4828
6619,43,2,FOOD,3173
6620,83,2,,3174
6621,66,1,,1117
6622,64,2,FOOD,3174
6623,39,3,Unemployed,4374
6624,0,1,,1118
6625,31,2,FOOD,3175
6626,69,2,,3175
6627,73,3,,4375
6628,41,3,FOOD,4375
6629,61,3,FOOD,4375
6630,64,2,WASTEMANAGEMENT,3176
6631,25,2,WASTEMANAGEMENT,3176
6632,12,5,,5036
6633,45,3,FOOD,4376
6634,72,4,,4828
6635,71,2,,3177
6636,70,4,,4828
6637,44,3,FOOD,4376
6638,77,2,,3177
6639,71,2,,3178
6640,87,2,,3178
6641,74,4,,4829
6642,45,3,FOOD,4376
6643,52,2,FOOD,3179
6644,27,2,FOOD,3179
6645,58,2,FOOD,3180
6646,29,3,WASTEMANAGEMENT,4377
6647,75,3,,4377
6648,35,3,FOOD,4377
6649,70,3,,4378
6650,52,4,WASTEMANAGEMENT,4829
6651,93,2,,3180
6652,0,2,,3181
6653,90,2,,3181
6654,2,2,,3182
6655,49,1,WASTEMANAGEMENT,1119
6656,68,2,,3182
6657,41,2,FOOD,3183
6658,65,2,FOOD,3183
6659,65,6,FOOD,5105
6660,12,2,,3184
6661,69,3,,4378
6662,37,3,FOOD,4378
6663,51,2,FOOD,3184
6664,73,2,,3185
6665,71,2,,3185
6666,16,3,,4379
6667,24,4,FOOD,4829
6668,61,2,FOOD,3186
6669,17,2,,3186
6670,1,2,,3187
6671,29,4,FOOD,4829
6672,16,2,,3187
6673,7,2,,3188
6674,47,5,WASTEMANAGEMENT,5037
6675,60,2,FOOD,3188
6676,63,5,FOOD,5037
6677,75,2,,3189
6678,57,1,FOOD,1120
6679,60,1,FOOD,1121
6680,95,2,,3189
6681,28,2,FOOD,3190
6682,39,3,FOOD,4379
6683,59,2,FOOD,3190
6684,78,1,,1122
6685,8,1,,1123
6686,57,2,FOOD,3191
6687,58,2,WASTEMANAGEMENT,3191
6688,67,4,,4830
6689,13,5,,5037
6690,77,2,,3192
6691,84,2,,3192
6692,70,2,,3193
6693,76,4,,4830
6694,53,4,Unemployed,4830
6695,59,4,FOOD,4830
6696,12,2,,3193
6697,54,2,WASTEMANAGEMENT,3194
6698,58,4,FOOD,4831
6699,65,3,FOOD,4379
6700,62,3,FOOD,4380
6701,53,3,FOOD,4380
6702,41,4,FOOD,4831
6703,84,3,,4380
6704,60,4,FOOD,4831
6705,77,3,,4381
6706,5,2,,3194
6707,10,2,,3195
6708,39,4,FOOD,4831
6709,10,2,,3195
6710,33,3,WASTEMANAGEMENT,4381
6711,0,2,,3196
6712,13,3,,4381
6713,98,1,,1124
6714,72,3,,4382
6715,60,5,FOOD,5037
6716,43,2,FOOD,3196
6717,53,2,WASTEMANAGEMENT,3197
6718,31,2,FOOD,3197
6719,48,2,WASTEMANAGEMENT,3198
6720,70,2,,3198
6721,50,2,FOOD,3199
6722,13,3,,4382
6723,5,2,,3199
6724,68,3,,4382
6725,77,4,,4832
6726,79,1,,1125
6727,73,6,,5106
6728,18,3,Unemployed,4383
6729,72,2,,3200
6730,67,3,,4383
6731,88,2,,3200
6732,59,2,FOOD,3201
6733,72,2,,3201
6734,40,2,WASTEMANAGEMENT,3202
6735,65,1,FOOD,1126
6736,49,2,WASTEMANAGEMENT,3202
6737,54,5,FOOD,5037
6738,72,2,,3203
6739,60,2,FOOD,3203
6740,20,4,WASTEMANAGEMENT,4832
6741,33,1,FOOD,1127
6742,69,1,,1128
6743,16,1,,1129
6744,6,4,,4832
6745,64,5,WASTEMANAGEMENT,5038
6746,6,1,,1130
6747,41,4,FOOD,4832
6748,76,3,,4383
6749,28,1,FOOD,1131
6750,50,4,Unemployed,4833
6751,66,4,,4833
6752,55,2,FOOD,3204
6753,24,1,FOOD,1132
6754,35,1,FOOD,1133
6755,36,1,FOOD,1134
6756,67,2,,3204
6757,76,2,,3205
6758,56,2,Unemployed,3205
6759,61,2,FOOD,3206
6760,78,4,,4833
6761,92,2,,3206
6762,53,2,FOOD,3207
6763,83,1,,1135
6764,69,2,,3207
6765,88,1,,1136
6766,64,2,FOOD,3208
6767,70,2,,3208
6768,51,2,WASTEMANAGEMENT,3209
6769,1,3,,4384
6770,20,2,FOOD,3209
6771,17,2,,3210
6772,52,1,FOOD,1137
6773,76,2,,3210
6774,91,1,,1138
6775,72,2,,3211
6776,24,2,FOOD,3211
6777,71,2,,3212
6778,4,6,,5106
6779,78,2,,3212
6780,65,2,Unemployed,3213
6781,33,2,FOOD,3213
6782,54,6,FOOD,5106
6783,64,1,FOOD,1139
6784,30,2,FOOD,3214
6785,72,2,,3214
6786,65,1,FOOD,1140
6787,55,2,FOOD,3215
6788,49,2,FOOD,3215
6789,78,2,,3216
6790,78,2,,3216
6791,62,2,FOOD,3217
6792,76,3,,4384
6793,33,2,WASTEMANAGEMENT,3217
6794,79,2,,3218
6795,62,4,WASTEMANAGEMENT,4833
6796,40,4,FOOD,4834
6797,73,2,,3218
6798,55,2,FOOD,3219
6799,64,2,FOOD,3219
6800,57,4,Unemployed,4834
6801,1,4,,4834
6802,64,3,Unemployed,4384
6803,66,2,,3220
6804,70,3,,4385
6805,56,1,FOOD,1141
6806,71,2,,3220
6807,19,1,FOOD,1142
6808,54,3,FOOD,4385
6809,97,3,,4385
6810,28,3,FOOD,4386
6811,45,3,WASTEMANAGEMENT,4386
6812,79,2,,3221
6813,31,4,FOOD,4834
6814,11,4,,4835
6815,67,2,,3221
6816,62,2,FOOD,3222
6817,57,4,FOOD,4835
6818,32,2,WASTEMANAGEMENT,3222
6819,10,5,,5038
6820,78,3,,4386
6821,60,4,FOOD,4835
6822,61,1,Unemployed,1143
6823,72,4,,4835
6824,77,3,,4387
6825,26,3,FOOD,4387
6826,64,2,FOOD,3223
6827,55,1,FOOD,1144
6828,66,1,,1145
6829,73,3,,4387
6830,68,2,,3223
6831,93,4,,4836
6832,36,3,WASTEMANAGEMENT,4388
6833,58,2,FOOD,3224
6834,63,3,FOOD,4388
6835,74,4,,4836
6836,70,1,,1146
6837,31,1,FOOD,1147
6838,71,1,,1148
6839,69,2,,3224
6840,64,2,WASTEMANAGEMENT,3225
6841,72,1,,1149
6842,64,2,FOOD,3225
6843,12,3,,4388
6844,62,2,FOOD,3226
6845,46,1,FOOD,1150
6846,73,3,,4389
6847,50,2,FOOD,3226
6848,70,3,,4389
6849,2,2,,3227
6850,27,2,FOOD,3227
6851,55,2,WASTEMANAGEMENT,3228
6852,52,1,FOOD,1151
6853,27,2,FOOD,3228
6854,44,2,FOOD,3229
6855,69,3,,4389
6856,48,4,WASTEMANAGEMENT,4836
6857,81,2,,3229
6858,89,1,,1152
6859,100,1,,1153
6860,69,4,,4836
6861,24,5,FOOD,5038
6862,50,2,FOOD,3230
6863,54,2,FOOD,3230
6864,38,5,FOOD,5038
6865,58,2,FOOD,3231
6866,62,5,FOOD,5038
6867,65,1,FOOD,1154
6868,41,6,FOOD,5106
6869,52,2,FOOD,3231
6870,73,5,,5039
6871,48,3,FOOD,4390
6872,60,4,FOOD,4837
6873,79,2,,3232
6874,56,1,FOOD,1155
6875,68,2,,3232
6876,75,2,,3233
6877,63,2,FOOD,3233
6878,70,1,,1156
6879,65,1,FOOD,1157
6880,2,1,,1158
6881,52,3,FOOD,4390
6882,16,3,,4390
6883,90,2,,3234
6884,33,2,FOOD,3234
6885,50,2,Unemployed,3235
6886,23,2,FOOD,3235
6887,34,1,FOOD,1159
6888,64,4,WASTEMANAGEMENT,4837
6889,75,1,,1160
6890,90,2,,3236
6891,16,1,,1161
6892,14,2,,3236
6893,70,2,,3237
6894,55,4,FOOD,4837
6895,61,2,FOOD,3237
6896,62,3,FOOD,4391
6897,74,4,,4837
6898,65,2,FOOD,3238
6899,61,3,FOOD,4391
6900,71,2,,3238
6901,27,6,WASTEMANAGEMENT,5106
6902,47,2,WASTEMANAGEMENT,3239
6903,88,4,,4838
6904,69,4,,4838
6905,28,2,WASTEMANAGEMENT,3239
6906,50,2,FOOD,3240
6907,48,2,WASTEMANAGEMENT,3240
6908,11,2,,3241
6909,67,2,,3241
6910,35,3,FOOD,4391
6911,16,2,,3242
6912,29,2,WASTEMANAGEMENT,3242
6913,99,3,,4392
6914,82,3,,4392
6915,81,2,,3243
6916,17,3,,4392
6917,75,2,,3243
6918,68,2,,3244
6919,28,4,FOOD,4838
6920,16,2,,3244
6921,44,4,FOOD,4838
6922,1,2,,3245
6923,74,2,,3245
6924,52,3,FOOD,4393
6925,4,3,,4393
6926,81,3,,4393
6927,20,5,WASTEMANAGEMENT,5039
6928,34,4,WASTEMANAGEMENT,4839
6929,49,2,FOOD,3246
6930,28,4,FOOD,4839
6931,69,1,,1162
6932,49,1,FOOD,1163
6933,44,2,FOOD,3246
6934,97,2,,3247
6935,1,3,,4394
6936,50,2,WASTEMANAGEMENT,3247
6937,34,2,FOOD,3248
6938,67,1,,1164
6939,26,2,FOOD,3248
6940,40,3,FOOD,4394
6941,65,1,WASTEMANAGEMENT,1165
6942,64,2,FOOD,3249
6943,27,2,WASTEMANAGEMENT,3249
6944,68,6,,5106
6945,8,4,,4839
6946,10,1,,1166
6947,52,1,FOOD,1167
6948,51,4,FOOD,4839
6949,74,2,,3250
6950,42,1,FOOD,1168
6951,55,2,WASTEMANAGEMENT,3250
6952,60,1,FOOD,1169
6953,74,5,,5039
6954,53,6,FOOD,5107
6955,32,2,FOOD,3251
6956,19,1,FOOD,1170
6957,53,2,FOOD,3251
6958,7,2,,3252
6959,49,2,FOOD,3252
6960,63,3,FOOD,4394
6961,36,3,FOOD,4395
6962,0,2,,3253
6963,39,2,FOOD,3253
6964,67,2,,3254
6965,55,2,FOOD,3254
6966,67,2,,3255
6967,73,2,,3255
6968,51,2,FOOD,3256
6969,32,2,FOOD,3256
6970,65,2,FOOD,3257
6971,5,1,,1171
6972,31,1,WASTEMANAGEMENT,1172
6973,60,4,Unemployed,4840
6974,57,4,Unemployed,4840
6975,73,2,,3257
6976,75,4,,4840
6977,69,1,,1173
6978,96,4,,4840
6979,64,2,Unemployed,3258
6980,61,2,FOOD,3258
6981,3,2,,3259
6982,72,1,,1174
6983,90,1,,1175
6984,84,4,,4841
6985,43,6,FOOD,5107
6986,73,2,,3259
6987,69,3,,4395
6988,66,2,,3260
6989,71,2,,3260
6990,56,2,FOOD,3261
6991,77,4,,4841
6992,97,4,,4841
6993,93,4,,4841
6994,77,3,,4395
6995,78,5,,5039
6996,44,2,FOOD,3261
6997,60,1,FOOD,1176
6998,78,3,,4396
6999,62,2,FOOD,3262
7000,23,4,FOOD,4842
7001,4,2,,3262
7002,36,4,WASTEMANAGEMENT,4842
7003,64,2,WASTEMANAGEMENT,3263
7004,39,2,WASTEMANAGEMENT,3263
7005,100,2,,3264
7006,67,4,,4842
7007,27,2,FOOD,3264
7008,62,2,FOOD,3265
7009,4,2,,3265
7010,96,2,,3266
7011,64,5,FOOD,5039
7012,71,1,,1177
7013,12,1,,1178
7014,51,2,FOOD,3266
7015,93,3,,4396
7016,66,2,,3267
7017,64,4,FOOD,4842
7018,68,3,,4396
7019,12,1,,1179
7020,62,2,FOOD,3267
7021,35,2,FOOD,3268
7022,29,3,FOOD,4397
7023,44,2,FOOD,3268
7024,56,1,WASTEMANAGEMENT,1180
7025,67,2,,3269
7026,13,5,,5040
7027,99,2,,3269
7028,32,1,FOOD,1181
7029,67,1,,1182
7030,17,3,,4397
7031,58,4,WASTEMANAGEMENT,4843
7032,51,2,FOOD,3270
7033,34,3,WASTEMANAGEMENT,4397
7034,41,2,WASTEMANAGEMENT,3270
7035,99,1,,1183
7036,53,3,WASTEMANAGEMENT,4398
7037,75,5,,5040
7038,66,6,,5107
7039,98,5,,5040
7040,37,2,WASTEMANAGEMENT,3271
7041,3,5,,5040
7042,34,2,FOOD,3271
7043,54,1,Unemployed,1184
7044,82,4,,4843
7045,65,2,FOOD,3272
7046,63,5,Unemployed,5040
7047,30,4,WASTEMANAGEMENT,4843
7048,62,1,FOOD,1185
7049,6,2,,3272
7050,71,2,,3273
7051,65,3,Unemployed,4398
7052,80,2,,3273
7053,63,1,FOOD,1186
7054,59,1,FOOD,1187
7055,48,2,FOOD,3274
7056,57,1,Unemployed,1188
7057,70,2,,3274
7058,9,2,,3275
7059,40,4,FOOD,4843
7060,21,3,FOOD,4398
7061,63,1,FOOD,1189
7062,57,4,FOOD,4844
7063,5,2,,3275
7064,71,1,,1190
7065,52,4,FOOD,4844
7066,56,1,FOOD,1191
7067,10,2,,3276
7068,19,2,FOOD,3276
7069,54,2,FOOD,3277
7070,69,3,,4399
7071,5,3,,4399
7072,73,6,,5107
7073,60,2,FOOD,3277
7074,53,2,WASTEMANAGEMENT,3278
7075,90,1,,1192
7076,58,3,FOOD,4399
7077,75,3,,4400
7078,68,4,,4844
7079,72,2,,3278
7080,37,2,FOOD,3279
7081,69,2,,3279
7082,79,2,,3280
7083,49,2,FOOD,3280
7084,55,2,WASTEMANAGEMENT,3281
7085,55,2,FOOD,3281
7086,93,2,,3282
7087,68,2,,3282
7088,72,1,,1193
7089,18,1,FOOD,1194
7090,70,3,,4400
7091,20,2,WASTEMANAGEMENT,3283
7092,29,3,WASTEMANAGEMENT,4400
7093,64,2,FOOD,3283
7094,70,3,,4401
7095,58,4,FOOD,4844
7096,85,2,,3284
7097,94,4,,4845
7098,73,3,,4401
7099,67,4,,4845
7100,62,2,WASTEMANAGEMENT,3284
7101,51,1,FOOD,1195
7102,76,2,,3285
7103,45,4,WASTEMANAGEMENT,4845
7104,66,1,,1196
7105,23,2,FOOD,3285
7106,58,2,FOOD,3286
7107,54,1,FOOD,1197
7108,40,3,FOOD,4401
7109,78,5,,5041
7110,72,2,,3286
7111,84,5,,5041
7112,21,3,FOOD,4402
7113,64,3,FOOD,4402
7114,48,2,WASTEMANAGEMENT,3287
7115,96,3,,4402
7116,76,3,,4403
7117,56,1,FOOD,1198
7118,71,2,,3287
7119,94,2,,3288
7120,75,2,,3288
7121,0,4,,4845
7122,1,4,,4846
7123,71,2,,3289
7124,31,1,WASTEMANAGEMENT,1199
7125,18,4,FOOD,4846
7126,38,2,FOOD,3289
7127,57,2,FOOD,3290
7128,51,1,FOOD,1200
7129,54,2,FOOD,3290
7130,78,3,,4403
7131,46,1,FOOD,1201
7132,66,3,,4403
7133,66,1,,1202
7134,54,1,FOOD,1203
7135,66,2,,3291
7136,71,3,,4404
7137,73,2,,3291
7138,89,3,,4404
7139,18,2,FOOD,3292
7140,61,1,WASTEMANAGEMENT,1204
7141,51,4,FOOD,4846
7142,70,1,,1205
7143,32,4,FOOD,4846
7144,55,2,FOOD,3292
7145,70,3,,4404
7146,19,2,FOOD,3293
7147,45,1,FOOD,1206
7148,52,2,FOOD,3293
7149,9,2,,3294
7150,82,2,,3294
7151,13,2,,3295
7152,3,1,,1207
7153,51,2,WASTEMANAGEMENT,3295
7154,40,2,FOOD,3296
7155,40,1,WASTEMANAGEMENT,1208
7156,69,2,,3296
7157,60,2,FOOD,3297
7158,73,2,,3297
7159,82,3,,4405
7160,16,3,,4405
7161,66,2,,3298
7162,25,2,FOOD,3298
7163,73,1,,1209
7164,90,5,,5041
7165,96,2,,3299
7166,79,4,,4847
7167,53,1,Unemployed,1210
7168,74,1,,1211
7169,51,4,WASTEMANAGEMENT,4847
7170,3,2,,3299
7171,70,3,,4405
7172,21,2,FOOD,3300
7173,15,2,,3300
7174,37,5,WASTEMANAGEMENT,5041
7175,80,2,,3301
7176,49,2,FOOD,3301
7177,52,3,FOOD,4406
7178,60,2,WASTEMANAGEMENT,3302
7179,52,2,Unemployed,3302
7180,90,2,,3303
7181,93,4,,4847
7182,73,2,,3303
7183,94,2,,3304
7184,19,2,FOOD,3304
7185,65,2,FOOD,3305
7186,18,4,Unemployed,4847
7187,71,1,,1212
7188,51,2,FOOD,3305
7189,69,2,,3306
7190,78,3,,4406
7191,64,2,FOOD,3306
7192,76,1,,1213
7193,64,1,WASTEMANAGEMENT,1214
7194,74,3,,4406
7195,21,4,Unemployed,4848
7196,51,1,FOOD,1215
7197,95,2,,3307
7198,1,2,,3307
7199,0,1,,1216
7200,22,2,FOOD,3308
7201,40,4,FOOD,4848
7202,68,3,,4407
7203,62,6,Unemployed,5107
7204,76,2,,3308
7205,50,2,WASTEMANAGEMENT,3309
7206,67,1,,1217
7207,71,2,,3309
7208,12,2,,3310
7209,64,4,FOOD,4848
7210,63,2,WASTEMANAGEMENT,3310
7211,22,2,FOOD,3311
7212,14,3,,4407
7213,66,3,,4407
7214,41,5,FOOD,5041
7215,77,1,,1218
7216,78,3,,4408
7217,34,2,FOOD,3311
7218,61,2,FOOD,3312
7219,6,5,,5042
7220,9,1,,1219
7221,26,3,WASTEMANAGEMENT,4408
7222,67,2,,3312
7223,97,2,,3313
7224,74,2,,3313
7225,75,2,,3314
7226,17,3,,4408
7227,77,4,,4848
7228,89,1,,1220
7229,76,2,,3314
7230,90,4,,4849
7231,72,2,,3315
7232,60,2,WASTEMANAGEMENT,3315
7233,72,3,,4409
7234,70,2,,3316
7235,59,1,FOOD,1221
7236,27,2,FOOD,3316
7237,40,2,FOOD,3317
7238,61,5,FOOD,5042
7239,29,1,Unemployed,1222
7240,26,3,Unemployed,4409
7241,1,4,,4849
7242,38,2,WASTEMANAGEMENT,3317
7243,61,2,FOOD,3318
7244,40,2,FOOD,3318
7245,40,6,Unemployed,5107
7246,41,4,FOOD,4849
7247,72,3,,4409
7248,100,3,,4410
7249,31,2,FOOD,3319
7250,2,1,,1223
7251,13,1,,1224
7252,22,1,FOOD,1225
7253,33,4,WASTEMANAGEMENT,4849
7254,45,2,WASTEMANAGEMENT,3319
7255,53,1,Unemployed,1226
7256,42,2,FOOD,3320
7257,65,3,FOOD,4410
7258,68,4,,4850
7259,76,3,,4410
7260,79,2,,3320
7261,77,2,,3321
7262,64,2,FOOD,3321
7263,52,1,WASTEMANAGEMENT,1227
7264,31,4,FOOD,4850
7265,55,5,FOOD,5042
7266,52,2,FOOD,3322
7267,32,5,FOOD,5042
7268,48,2,FOOD,3322
7269,68,2,,3323
7270,58,3,FOOD,4411
7271,68,1,,1228
7272,77,2,,3323
7273,50,2,WASTEMANAGEMENT,3324
7274,70,2,,3324
7275,69,3,,4411
7276,81,3,,4411
7277,45,4,FOOD,4850
7278,27,1,WASTEMANAGEMENT,1229
7279,26,5,WASTEMANAGEMENT,5042
7280,59,3,WASTEMANAGEMENT,4412
7281,60,5,WASTEMANAGEMENT,5043
7282,70,4,,4850
7283,28,3,FOOD,4412
7284,57,3,WASTEMANAGEMENT,4412
7285,59,1,FOOD,1230
7286,36,2,Unemployed,3325
7287,55,3,FOOD,4413
7288,84,2,,3325
7289,59,6,FOOD,5108
7290,60,2,FOOD,3326
7291,78,2,,3326
7292,68,2,,3327
7293,66,2,,3327
7294,55,5,FOOD,5043
7295,75,2,,3328
7296,9,4,,4851
7297,56,2,FOOD,3328
7298,23,2,FOOD,3329
7299,66,5,,5043
7300,68,4,,4851
7301,43,2,FOOD,3329
7302,79,1,,1231
7303,47,6,FOOD,5108
7304,41,4,WASTEMANAGEMENT,4851
7305,32,3,FOOD,4413
7306,24,3,WASTEMANAGEMENT,4413
7307,50,2,FOOD,3330
7308,14,2,,3330
7309,13,2,,3331
7310,19,4,FOOD,4851
7311,67,4,,4852
7312,58,2,FOOD,3331
7313,63,1,FOOD,1232
7314,14,1,,1233
7315,73,1,,1234
7316,26,4,FOOD,4852
7317,52,3,FOOD,4414
7318,5,3,,4414
7319,75,2,,3332
7320,52,2,Unemployed,3332
7321,78,1,,1235
7322,14,2,,3333
7323,53,2,WASTEMANAGEMENT,3333
7324,87,4,,4852
7325,1,2,,3334
7326,30,4,FOOD,4852
7327,74,2,,3334
7328,33,2,FOOD,3335
7329,41,2,Unemployed,3335
7330,99,2,,3336
7331,54,2,FOOD,3336
7332,85,2,,3337
7333,58,4,FOOD,4853
7334,38,3,FOOD,4414
7335,88,3,,4415
7336,73,2,,3337
7337,48,4,FOOD,4853
7338,79,6,,5108
7339,65,3,FOOD,4415
7340,72,5,,5043
7341,32,2,FOOD,3338
7342,63,2,FOOD,3338
7343,22,2,FOOD,3339
7344,10,5,,5043
7345,19,1,FOOD,1236
7346,21,2,FOOD,3339
7347,16,1,,1237
7348,0,2,,3340
7349,50,2,FOOD,3340
7350,52,4,WASTEMANAGEMENT,4853
7351,24,2,FOOD,3341
7352,10,3,,4415
7353,59,4,WASTEMANAGEMENT,4853
7354,58,5,WASTEMANAGEMENT,5044
7355,74,3,,4416
7356,68,2,,3341
7357,69,2,,3342
7358,71,1,,1238
7359,73,1,,1239
7360,60,1,FOOD,1240
7361,66,5,,5044
7362,55,2,FOOD,3342
7363,72,2,,3343
7364,0,4,,4854
7365,36,4,Unemployed,4854
7366,60,2,WASTEMANAGEMENT,3343
7367,89,6,,5108
7368,54,5,FOOD,5044
7369,50,4,FOOD,4854
7370,47,3,WASTEMANAGEMENT,4416
7371,61,5,FOOD,5044
7372,51,2,FOOD,3344
7373,70,3,,4416
7374,99,1,,1241
7375,51,5,FOOD,5044
7376,77,2,,3344
7377,62,2,FOOD,3345
7378,75,4,,4854
7379,19,2,FOOD,3345
7380,25,4,WASTEMANAGEMENT,4855
7381,65,2,WASTEMANAGEMENT,3346
7382,70,2,,3346
7383,77,1,,1242
7384,30,4,FOOD,4855
7385,69,1,,1243
7386,48,3,FOOD,4417
7387,50,3,FOOD,4417
7388,44,2,FOOD,3347
7389,61,2,FOOD,3347
7390,59,2,FOOD,3348
7391,0,4,,4855
7392,35,2,FOOD,3348
7393,10,4,,4855
7394,74,1,,1244
7395,66,3,,4417
7396,21,5,FOOD,5045
7397,7,1,,1245
7398,42,5,FOOD,5045
7399,58,2,FOOD,3349
7400,8,2,,3349
7401,55,6,FOOD,5108
7402,66,2,,3350
7403,55,2,FOOD,3350
7404,44,1,FOOD,1246
7405,52,2,FOOD,3351
7406,91,3,,4418
7407,46,3,Unemployed,4418
7408,7,2,,3351
7409,78,5,,5045
7410,34,2,FOOD,3352
7411,67,4,,4856
7412,91,2,,3352
7413,26,4,FOOD,4856
7414,34,3,FOOD,4418
7415,50,5,FOOD,5045
7416,61,1,FOOD,1247
7417,32,2,WASTEMANAGEMENT,3353
7418,20,1,FOOD,1248
7419,16,3,,4419
7420,53,3,FOOD,4419
7421,53,3,FOOD,4419
7422,68,2,,3353
7423,62,3,WASTEMANAGEMENT,4420
7424,64,2,FOOD,3354
7425,64,2,Unemployed,3354
7426,68,2,,3355
7427,75,2,,3355
7428,58,2,Unemployed,3356
7429,57,2,FOOD,3356
7430,57,1,WASTEMANAGEMENT,1249
7431,66,4,,4856
7432,24,3,WASTEMANAGEMENT,4420
7433,15,2,,3357
7434,68,2,,3357
7435,42,2,FOOD,3358
7436,0,4,,4856
7437,40,1,FOOD,1250
7438,9,1,,1251
7439,68,1,,1252
7440,30,2,FOOD,3358
7441,62,2,WASTEMANAGEMENT,3359
7442,72,3,,4420
7443,42,2,Unemployed,3359
7444,48,3,Unemployed,4421
7445,13,2,,3360
7446,63,1,FOOD,1253
7447,54,2,WASTEMANAGEMENT,3360
7448,56,1,FOOD,1254
7449,64,2,FOOD,3361
7450,89,3,,4421
7451,75,2,,3361
7452,59,5,FOOD,5045
7453,19,2,FOOD,3362
7454,38,2,FOOD,3362
7455,23,5,FOOD,5046
7456,25,2,FOOD,3363
7457,18,3,FOOD,4421
7458,84,2,,3363
7459,65,1,FOOD,1255
7460,46,1,WASTEMANAGEMENT,1256
7461,11,1,,1257
7462,40,1,FOOD,1258
7463,8,2,,3364
7464,14,1,,1259
7465,56,2,FOOD,3364
7466,46,3,FOOD,4422
7467,19,4,FOOD,4857
7468,67,2,,3365
7469,62,2,FOOD,3365
7470,57,1,FOOD,1260
7471,76,2,,3366
7472,79,2,,3366
7473,66,2,,3367
7474,69,1,,1261
7475,76,2,,3367
7476,71,2,,3368
7477,6,1,,1262
7478,67,1,,1263
7479,70,4,,4857
7480,70,3,,4422
7481,55,2,FOOD,3368
7482,10,4,,4857
7483,5,2,,3369
7484,52,2,FOOD,3369
7485,73,1,,1264
7486,64,4,FOOD,4857
7487,92,3,,4422
7488,15,3,,4423
7489,93,3,,4423
7490,74,5,,5046
7491,73,2,,3370
7492,58,2,WASTEMANAGEMENT,3370
7493,54,1,FOOD,1265
7494,62,2,FOOD,3371
7495,85,1,,1266
7496,83,1,,1267
7497,55,2,FOOD,3371
7498,63,3,FOOD,4423
7499,43,2,FOOD,3372
7500,54,2,FOOD,3372
7501,77,2,,3373
7502,18,1,FOOD,1268
7503,93,2,,3373
7504,75,2,,3374
7505,4,2,,3374
7506,19,2,WASTEMANAGEMENT,3375
7507,74,2,,3375
7508,72,2,,3376
7509,26,2,Unemployed,3376
7510,60,5,FOOD,5046
7511,24,2,FOOD,3377
7512,62,1,FOOD,1269
7513,76,3,,4424
7514,29,2,WASTEMANAGEMENT,3377
7515,41,2,FOOD,3378
7516,61,5,FOOD,5046
7517,52,1,FOOD,1270
7518,33,4,FOOD,4858
7519,9,4,,4858
7520,58,2,FOOD,3378
7521,51,2,FOOD,3379
7522,66,3,,4424
7523,55,4,WASTEMANAGEMENT,4858
7524,31,3,FOOD,4424
7525,55,2,FOOD,3379
7526,52,2,WASTEMANAGEMENT,3380
7527,85,4,,4858
7528,78,2,,3380
7529,77,1,,1271
7530,24,1,WASTEMANAGEMENT,1272
7531,1,1,,1273
7532,49,2,WASTEMANAGEMENT,3381
7533,98,2,,3381
7534,16,2,,3382
7535,60,4,FOOD,4859
7536,86,2,,3382
7537,39,3,FOOD,4425
7538,38,2,FOOD,3383
7539,76,2,,3383
7540,76,3,,4425
7541,26,2,FOOD,3384
7542,49,1,FOOD,1274
7543,68,4,,4859
7544,72,4,,4859
7545,72,2,,3384
7546,79,3,,4425
7547,67,2,,3385
7548,6,2,,3385
7549,55,2,Unemployed,3386
7550,53,4,WASTEMANAGEMENT,4859
7551,59,4,FOOD,4860
7552,6,3,,4426
7553,25,3,FOOD,4426
7554,70,1,,1275
7555,72,2,,3386
7556,67,4,,4860
7557,35,2,WASTEMANAGEMENT,3387
7558,15,4,,4860
7559,23,2,FOOD,3387
7560,60,2,FOOD,3388
7561,49,6,FOOD,5108
7562,57,2,FOOD,3388
7563,3,4,,4860
7564,42,2,FOOD,3389
7565,68,2,,3389
7566,31,3,FOOD,4426
7567,59,2,FOOD,3390
7568,12,3,,4427
7569,22,2,FOOD,3390
7570,65,3,WASTEMANAGEMENT,4427
7571,71,1,,1276
7572,67,2,,3391
7573,61,2,Unemployed,3391
7574,59,2,WASTEMANAGEMENT,3392
7575,46,4,FOOD,4861
7576,61,2,FOOD,3392
7577,57,4,FOOD,4861
7578,33,2,Unemployed,3393
7579,63,3,FOOD,4427
7580,69,5,,5046
7581,89,2,,3393
7582,76,3,,4428
7583,79,2,,3394
7584,60,2,FOOD,3394
7585,57,3,FOOD,4428
7586,56,2,WASTEMANAGEMENT,3395
7587,69,2,,3395
7588,77,4,,4861
7589,17,2,,3396
7590,38,3,FOOD,4428
7591,77,4,,4861
7592,72,2,,3396
7593,6,1,,1277
7594,61,4,FOOD,4862
7595,78,4,,4862
7596,70,3,,4429
7597,48,3,FOOD,4429
7598,38,2,FOOD,3397
7599,63,2,WASTEMANAGEMENT,3397
7600,71,3,,4429
7601,50,1,FOOD,1278
7602,58,2,FOOD,3398
7603,40,5,WASTEMANAGEMENT,5047
7604,91,1,,1279
7605,89,2,,3398
7606,79,2,,3399
7607,70,1,,1280
7608,5,2,,3399
7609,7,4,,4862
7610,49,2,Unemployed,3400
7611,91,4,,4862
7612,75,3,,4430
7613,52,3,FOOD,4430
7614,29,5,WASTEMANAGEMENT,5047
7615,34,4,FOOD,4863
7616,39,2,FOOD,3400
7617,62,1,FOOD,1281
7618,61,4,FOOD,4863
7619,30,1,FOOD,1282
7620,85,2,,3401
7621,58,3,FOOD,4430
7622,72,4,,4863
7623,61,2,FOOD,3401
7624,9,1,,1283
7625,5,2,,3402
7626,73,4,,4863
7627,51,5,FOOD,5047
7628,57,4,FOOD,4864
7629,28,2,FOOD,3402
7630,52,2,FOOD,3403
7631,51,4,WASTEMANAGEMENT,4864
7632,47,1,FOOD,1284
7633,15,2,,3403
7634,67,4,,4864
7635,78,1,,1285
7636,89,4,,4864
7637,52,1,FOOD,1286
7638,22,2,WASTEMANAGEMENT,3404
7639,20,2,FOOD,3404
7640,21,1,WASTEMANAGEMENT,1287
7641,35,4,FOOD,4865
7642,64,3,FOOD,4431
7643,67,5,,5047
7644,32,1,FOOD,1288
7645,100,3,,4431
7646,67,3,,4431
7647,31,5,FOOD,5047
7648,75,3,,4432
7649,34,3,FOOD,4432
7650,61,3,FOOD,4432
7651,89,3,,4433
7652,90,5,,5048
7653,57,4,FOOD,4865
7654,17,2,,3405
7655,70,2,,3405
7656,55,2,WASTEMANAGEMENT,3406
7657,78,3,,4433
7658,50,6,FOOD,5109
7659,75,3,,4433
7660,5,2,,3406
7661,13,4,,4865
7662,38,4,FOOD,4865
7663,33,2,FOOD,3407
7664,61,3,WASTEMANAGEMENT,4434
7665,69,2,,3407
7666,26,2,FOOD,3408
7667,75,3,,4434
7668,65,1,WASTEMANAGEMENT,1289
7669,67,2,,3408
7670,37,2,Unemployed,3409
7671,55,1,FOOD,1290
7672,48,6,FOOD,5109
7673,18,4,FOOD,4866
7674,37,2,WASTEMANAGEMENT,3409
7675,61,1,FOOD,1291
7676,28,4,WASTEMANAGEMENT,4866
7677,99,4,,4866
7678,38,5,FOOD,5048
7679,54,2,FOOD,3410
7680,39,2,WASTEMANAGEMENT,3410
7681,12,6,,5109
7682,38,5,FOOD,5048
7683,60,3,FOOD,4434
7684,58,2,FOOD,3411
7685,63,2,FOOD,3411
7686,73,1,,1292
7687,21,4,WASTEMANAGEMENT,4866
7688,65,3,FOOD,4435
7689,72,3,,4435
7690,73,4,,4867
7691,1,2,,3412
7692,79,3,,4435
7693,50,2,FOOD,3412
7694,76,2,,3413
7695,61,4,FOOD,4867
7696,70,3,,4436
7697,86,5,,5048
7698,53,2,FOOD,3413
7699,53,2,FOOD,3414
7700,99,4,,4867
7701,68,1,,1293
7702,85,2,,3414
7703,66,2,,3415
7704,58,4,WASTEMANAGEMENT,4867
7705,67,1,,1294
7706,51,2,FOOD,3415
7707,76,2,,3416
7708,15,2,,3416
7709,59,4,FOOD,4868
7710,76,4,,4868
7711,62,2,FOOD,3417
7712,59,4,FOOD,4868
7713,2,2,,3417
7714,50,3,FOOD,4436
7715,28,3,WASTEMANAGEMENT,4436
7716,38,1,FOOD,1295
7717,25,2,FOOD,3418
7718,73,6,,5109
7719,30,2,FOOD,3418
7720,69,4,,4868
7721,75,2,,3419
7722,53,2,FOOD,3419
7723,22,2,WASTEMANAGEMENT,3420
7724,90,4,,4869
7725,72,2,,3420
7726,72,1,,1296
7727,76,2,,3421
7728,12,3,,4437
7729,56,3,FOOD,4437
7730,37,2,FOOD,3421
7731,29,3,FOOD,4437
7732,66,2,,3422
7733,74,2,,3422
7734,26,2,FOOD,3423
7735,71,2,,3423
7736,59,1,FOOD,1297
7737,0,5,,5048
7738,2,2,,3424
7739,42,4,FOOD,4869
7740,44,1,FOOD,1298
7741,79,4,,4869
7742,73,5,,5049
7743,59,2,FOOD,3424
7744,44,2,FOOD,3425
7745,68,3,,4438
7746,51,4,WASTEMANAGEMENT,4869
7747,16,2,,3425
7748,50,2,FOOD,3426
7749,53,2,FOOD,3426
7750,32,4,FOOD,4870
7751,96,2,,3427
7752,51,1,WASTEMANAGEMENT,1299
7753,66,2,,3427
7754,50,2,FOOD,3428
7755,58,2,FOOD,3428
7756,14,3,,4438
7757,23,1,FOOD,1300
7758,56,2,WASTEMANAGEMENT,3429
7759,68,3,,4438
7760,39,6,FOOD,5109
7761,52,1,FOOD,1301
7762,72,2,,3429
7763,77,3,,4439
7764,77,2,,3430
7765,75,3,,4439
7766,13,1,,1302
7767,45,3,WASTEMANAGEMENT,4439
7768,42,2,FOOD,3430
7769,37,2,Unemployed,3431
7770,53,1,WASTEMANAGEMENT,1303
7771,77,2,,3431
7772,73,3,,4440
7773,48,2,FOOD,3432
7774,65,2,FOOD,3432
7775,69,2,,3433
7776,2,1,,1304
7777,40,3,FOOD,4440
7778,78,2,,3433
7779,90,1,,1305
7780,58,3,FOOD,4440
7781,66,2,,3434
7782,51,1,FOOD,1306
7783,69,2,,3434
7784,64,2,FOOD,3435
7785,17,4,,4870
7786,70,2,,3435
7787,28,2,WASTEMANAGEMENT,3436
7788,65,1,WASTEMANAGEMENT,1307
7789,8,3,,4441
7790,67,2,,3436
7791,27,2,FOOD,3437
7792,25,3,WASTEMANAGEMENT,4441
7793,37,4,FOOD,4870
7794,48,2,FOOD,3437
7795,37,4,WASTEMANAGEMENT,4870
7796,25,4,Unemployed,4871
7797,46,2,FOOD,3438
7798,63,2,FOOD,3438
7799,59,2,FOOD,3439
7800,39,3,WASTEMANAGEMENT,4441
7801,71,2,,3439
7802,62,2,FOOD,3440
7803,43,1,FOOD,1308
7804,74,2,,3440
7805,61,2,FOOD,3441
7806,67,2,,3441
7807,87,2,,3442
7808,64,2,WASTEMANAGEMENT,3442
7809,77,3,,4442
7810,48,3,WASTEMANAGEMENT,4442
7811,2,3,,4442
7812,18,2,FOOD,3443
7813,24,2,FOOD,3443
7814,38,2,Unemployed,3444
7815,52,5,Unemployed,5049
7816,61,2,FOOD,3444
7817,86,4,,4871
7818,40,1,FOOD,1309
7819,67,2,,3445
7820,79,4,,4871
7821,79,1,,1310
7822,11,2,,3445
7823,4,2,,3446
7824,7,2,,3446
7825,69,2,,3447
7826,6,2,,3447
7827,9,1,,1311
7828,11,1,,1312
7829,7,2,,3448
7830,46,1,WASTEMANAGEMENT,1313
7831,45,3,FOOD,4443
7832,29,4,WASTEMANAGEMENT,4871
7833,78,1,,1314
7834,98,2,,3448
7835,65,4,FOOD,4872
7836,73,2,,3449
7837,37,3,WASTEMANAGEMENT,4443
7838,73,4,,4872
7839,23,2,FOOD,3449
7840,0,2,,3450
7841,88,2,,3450
7842,63,4,FOOD,4872
7843,12,3,,4443
7844,71,1,,1315
7845,77,2,,3451
7846,56,2,WASTEMANAGEMENT,3451
7847,70,2,,3452
7848,60,4,FOOD,4872
7849,57,4,WASTEMANAGEMENT,4873
7850,66,2,,3452
7851,61,4,FOOD,4873
7852,19,2,FOOD,3453
7853,70,1,,1316
7854,86,2,,3453
7855,75,2,,3454
7856,60,2,WASTEMANAGEMENT,3454
7857,25,2,FOOD,3455
7858,71,3,,4444
7859,65,2,FOOD,3455
7860,51,2,FOOD,3456
7861,14,1,,1317
7862,87,1,,1318
7863,34,1,FOOD,1319
7864,24,4,FOOD,4873
7865,74,2,,3456
7866,100,4,,4873
7867,82,2,,3457
7868,97,3,,4444
7869,71,2,,3457
7870,90,4,,4874
7871,52,2,Unemployed,3458
7872,66,5,,5049
7873,40,4,FOOD,4874
7874,5,2,,3458
7875,67,4,,4874
7876,57,1,FOOD,1320
7877,38,3,FOOD,4444
7878,38,2,FOOD,3459
7879,55,2,FOOD,3459
7880,68,2,,3460
7881,69,1,,1321
7882,2,2,,3460
7883,9,1,,1322
7884,92,6,,5109
7885,10,3,,4445
7886,52,4,Unemployed,4874
7887,63,3,FOOD,4445
7888,56,1,FOOD,1323
7889,7,2,,3461
7890,60,4,FOOD,4875
7891,5,1,,1324
7892,64,6,FOOD,5110
7893,77,4,,4875
7894,69,2,,3461
7895,98,2,,3462
7896,5,3,,4445
7897,28,4,WASTEMANAGEMENT,4875
7898,14,2,,3462
7899,67,6,,5110
7900,44,4,Unemployed,4875
7901,94,4,,4876
7902,72,2,,3463
7903,71,1,,1325
7904,85,2,,3463
7905,85,4,,4876
7906,1,2,,3464
7907,19,2,FOOD,3464
7908,75,3,,4446
7909,21,1,Unemployed,1326
7910,76,4,,4876
7911,67,2,,3465
7912,20,5,FOOD,5049
7913,20,3,FOOD,4446
7914,88,1,,1327
7915,76,1,,1328
7916,71,2,,3465
7917,11,2,,3466
7918,31,1,FOOD,1329
7919,52,4,FOOD,4876
7920,63,2,FOOD,3466
7921,23,2,FOOD,3467
7922,0,2,,3467
7923,62,3,FOOD,4446
7924,71,1,,1330
7925,6,3,,4447
7926,73,2,,3468
7927,68,6,,5110
7928,66,3,,4447
7929,96,2,,3468
7930,54,4,FOOD,4877
7931,5,2,,3469
7932,49,5,FOOD,5049
7933,75,3,,4447
7934,20,2,FOOD,3469
7935,40,1,FOOD,1331
7936,48,5,FOOD,5050
7937,73,2,,3470
7938,63,6,FOOD,5110
7939,35,4,WASTEMANAGEMENT,4877
7940,64,4,Unemployed,4877
7941,69,2,,3470
7942,54,3,FOOD,4448
7943,69,2,,3471
7944,80,2,,3471
7945,49,2,WASTEMANAGEMENT,3472
7946,28,4,FOOD,4877
7947,56,2,WASTEMANAGEMENT,3472
7948,18,1,FOOD,1332
7949,75,2,,3473
7950,100,2,,3473
7951,29,1,FOOD,1333
7952,99,2,,3474
7953,78,2,,3474
7954,72,4,,4878
7955,41,6,FOOD,5110
7956,57,2,Unemployed,3475
7957,48,3,FOOD,4448
7958,84,4,,4878
7959,5,2,,3475
7960,65,4,WASTEMANAGEMENT,4878
7961,10,1,,1334
7962,67,2,,3476
7963,14,1,,1335
7964,74,2,,3476
7965,2,2,,3477
7966,96,2,,3477
7967,61,6,FOOD,5110
7968,73,4,,4878
7969,39,2,FOOD,3478
7970,69,5,,5050
7971,69,2,,3478
7972,65,1,FOOD,1336
7973,61,1,FOOD,1337
7974,10,1,,1338
7975,50,2,FOOD,3479
7976,62,2,FOOD,3479
7977,64,2,FOOD,3480
7978,67,2,,3480
7979,2,4,,4879
7980,73,2,,3481
7981,58,1,FOOD,1339
7982,3,2,,3481
7983,46,2,WASTEMANAGEMENT,3482
7984,66,2,,3482
7985,2,2,,3483
7986,45,1,FOOD,1340
7987,27,2,Unemployed,3483
7988,71,2,,3484
7989,78,2,,3484
7990,40,4,FOOD,4879
7991,74,4,,4879
7992,13,4,,4879
7993,53,2,FOOD,3485
7994,54,1,FOOD,1341
7995,50,3,FOOD,4448
7996,77,1,,1342
7997,42,4,FOOD,4880
7998,79,2,,3485
7999,60,4,FOOD,4880
8000,54,3,FOOD,4449
8001,42,4,WASTEMANAGEMENT,4880
8002,68,1,,1343
8003,13,2,,3486
8004,75,2,,3486
8005,53,2,FOOD,3487
8006,3,3,,4449
8007,62,2,FOOD,3487
8008,14,2,,3488
8009,51,1,WASTEMANAGEMENT,1344
8010,73,3,,4449
8011,31,1,FOOD,1345
8012,50,1,FOOD,1346
8013,21,2,FOOD,3488
8014,90,3,,4450
8015,0,4,,4880
8016,38,4,FOOD,4881
8017,63,2,FOOD,3489
8018,24,2,Unemployed,3489
8019,51,3,WASTEMANAGEMENT,4450
8020,75,1,,1347
8021,70,2,,3490
8022,13,4,,4881
8023,16,2,,3490
8024,36,2,FOOD,3491
8025,31,1,FOOD,1348
8026,51,3,Unemployed,4450
8027,55,3,FOOD,4451
8028,69,2,,3491
8029,30,2,FOOD,3492
8030,31,2,FOOD,3492
8031,17,4,,4881
8032,48,2,FOOD,3493
8033,60,4,FOOD,4881
8034,24,2,FOOD,3493
8035,19,2,FOOD,3494
8036,86,2,,3494
8037,67,3,,4451
8038,60,2,FOOD,3495
8039,6,2,,3495
8040,27,2,WASTEMANAGEMENT,3496
8041,77,2,,3496
8042,90,2,,3497
8043,40,1,FOOD,1349
8044,41,3,FOOD,4451
8045,18,3,FOOD,4452
8046,74,2,,3497
8047,78,3,,4452
8048,60,2,FOOD,3498
8049,66,2,,3498
8050,89,2,,3499
8051,72,3,,4452
8052,25,2,FOOD,3499
8053,68,1,,1350
8054,50,1,WASTEMANAGEMENT,1351
8055,66,3,,4453
8056,65,2,FOOD,3500
8057,38,5,FOOD,5050
8058,61,2,Unemployed,3500
8059,28,2,FOOD,3501
8060,23,3,FOOD,4453
8061,68,2,,3501
8062,1,2,,3502
8063,66,2,,3502
8064,77,3,,4453
8065,74,3,,4454
8066,24,2,FOOD,3503
8067,73,2,,3503
8068,24,2,FOOD,3504
8069,1,4,,4882
8070,57,2,WASTEMANAGEMENT,3504
8071,9,3,,4454
8072,92,3,,4454
8073,95,1,,1352
8074,10,2,,3505
8075,15,2,,3505
8076,60,3,FOOD,4455
8077,90,2,,3506
8078,68,2,,3506
8079,1,3,,4455
8080,18,1,FOOD,1353
8081,26,2,Unemployed,3507
8082,40,2,FOOD,3507
8083,5,2,,3508
8084,69,1,,1354
8085,44,1,FOOD,1355
8086,52,1,WASTEMANAGEMENT,1356
8087,54,1,FOOD,1357
8088,78,2,,3508
8089,46,2,FOOD,3509
8090,86,2,,3509
8091,3,2,,3510
8092,75,2,,3510
8093,78,4,,4882
8094,53,2,FOOD,3511
8095,77,5,,5050
8096,23,2,FOOD,3511
8097,34,4,WASTEMANAGEMENT,4882
8098,35,5,FOOD,5050
8099,18,1,WASTEMANAGEMENT,1358
8100,29,2,FOOD,3512
8101,89,4,,4882
8102,33,4,WASTEMANAGEMENT,4883
8103,59,2,FOOD,3512
8104,46,2,WASTEMANAGEMENT,3513
8105,51,1,FOOD,1359
8106,82,3,,4455
8107,71,3,,4456
8108,52,3,FOOD,4456
8109,63,2,FOOD,3513
8110,10,2,,3514
8111,7,1,,1360
8112,5,5,,5051
8113,91,2,,3514
8114,41,1,FOOD,1361
8115,13,3,,4456
8116,26,3,FOOD,4457
8117,58,2,WASTEMANAGEMENT,3515
8118,65,1,Unemployed,1362
8119,91,2,,3515
8120,17,5,,5051
8121,39,4,FOOD,4883
8122,97,4,,4883
8123,55,5,FOOD,5051
8124,48,3,FOOD,4457
8125,57,4,FOOD,4883
8126,71,2,,3516
8127,18,2,Unemployed,3516
8128,51,3,FOOD,4457
8129,42,6,FOOD,5111
8130,5,2,,3517
8131,12,3,,4458
8132,78,6,,5111
8133,22,2,WASTEMANAGEMENT,3517
8134,82,2,,3518
8135,52,4,FOOD,4884
8136,61,5,FOOD,5051
8137,49,2,FOOD,3518
8138,91,4,,4884
8139,67,1,,1363
8140,75,2,,3519
8141,33,3,FOOD,4458
8142,10,1,,1364
8143,18,5,FOOD,5051
8144,63,5,FOOD,5052
8145,72,3,,4458
8146,62,4,FOOD,4884
8147,21,2,FOOD,3519
8148,48,1,Unemployed,1365
8149,50,2,FOOD,3520
8150,56,1,FOOD,1366
8151,84,3,,4459
8152,36,2,WASTEMANAGEMENT,3520
8153,35,4,WASTEMANAGEMENT,4884
8154,35,3,FOOD,4459
8155,64,2,FOOD,3521
8156,67,3,,4459
8157,96,1,,1367
8158,48,3,Unemployed,4460
8159,54,3,FOOD,4460
8160,25,1,FOOD,1368
8161,36,5,FOOD,5052
8162,3,2,,3521
8163,4,2,,3522
8164,15,5,,5052
8165,77,4,,4885
8166,20,1,FOOD,1369
8167,52,1,FOOD,1370
8168,93,2,,3522
8169,99,3,,4460
8170,80,6,,5111
8171,46,2,FOOD,3523
8172,15,3,,4461
8173,92,5,,5052
8174,67,2,,3523
8175,61,1,FOOD,1371
8176,24,3,FOOD,4461
8177,65,2,FOOD,3524
8178,46,2,FOOD,3524
8179,7,2,,3525
8180,70,2,,3525
8181,11,3,,4461
8182,71,2,,3526
8183,7,6,,5111
8184,13,3,,4462
8185,59,2,FOOD,3526
8186,78,2,,3527
8187,76,2,,3527
8188,33,6,FOOD,5111
8189,49,2,FOOD,3528
8190,41,1,FOOD,1372
8191,62,4,FOOD,4885
8192,56,2,FOOD,3528
8193,43,2,WASTEMANAGEMENT,3529
8194,70,1,,1373
8195,67,1,,1374
8196,17,2,,3529
8197,58,2,FOOD,3530
8198,67,2,,3530
8199,51,4,FOOD,4885
8200,66,1,,1375
8201,55,2,FOOD,3531
8202,68,2,,3531
8203,79,3,,4462
8204,44,5,FOOD,5052
8205,73,2,,3532
8206,53,2,FOOD,3532
8207,62,2,FOOD,3533
8208,20,2,Unemployed,3533
8209,60,2,FOOD,3534
8210,22,1,Unemployed,1376
8211,70,2,,3534
8212,12,2,,3535
8213,12,2,,3535
8214,57,2,FOOD,3536
8215,55,2,WASTEMANAGEMENT,3536
8216,67,2,,3537
8217,63,4,Unemployed,4885
8218,18,3,FOOD,4462
8219,61,2,FOOD,3537
8220,65,6,WASTEMANAGEMENT,5111
8221,76,2,,3538
8222,63,4,FOOD,4886
8223,55,1,FOOD,1377
8224,60,2,FOOD,3538
8225,62,2,FOOD,3539
8226,52,2,WASTEMANAGEMENT,3539
8227,70,2,,3540
8228,27,2,FOOD,3540
8229,76,2,,3541
8230,47,2,WASTEMANAGEMENT,3541
8231,19,2,Unemployed,3542
8232,55,2,Unemployed,3542
8233,80,1,,1378
8234,78,2,,3543
8235,37,2,Unemployed,3543
8236,76,5,,5053
8237,75,4,,4886
8238,47,3,WASTEMANAGEMENT,4463
8239,83,1,,1379
8240,16,2,,3544
8241,63,4,Unemployed,4886
8242,97,2,,3544
8243,2,3,,4463
8244,58,3,FOOD,4463
8245,50,2,FOOD,3545
8246,59,2,FOOD,3545
8247,60,2,WASTEMANAGEMENT,3546
8248,10,4,,4886
8249,54,2,Unemployed,3546
8250,68,2,,3547
8251,63,1,WASTEMANAGEMENT,1380
8252,19,3,WASTEMANAGEMENT,4464
8253,64,1,FOOD,1381
8254,62,2,FOOD,3547
8255,4,3,,4464
8256,25,2,FOOD,3548
8257,77,5,,5053
8258,71,5,,5053
8259,62,4,FOOD,4887
8260,56,2,FOOD,3548
8261,45,2,WASTEMANAGEMENT,3549
8262,76,3,,4464
8263,18,2,FOOD,3549
8264,69,2,,3550
8265,1,1,,1382
8266,66,2,,3550
8267,28,4,FOOD,4887
8268,37,2,WASTEMANAGEMENT,3551
8269,38,5,WASTEMANAGEMENT,5053
8270,72,2,,3551
8271,66,2,,3552
8272,26,2,FOOD,3552
8273,9,4,,4887
8274,81,2,,3553
8275,4,4,,4887
8276,91,2,,3553
8277,72,3,,4465
8278,69,1,,1383
8279,65,1,WASTEMANAGEMENT,1384
8280,82,1,,1385
8281,99,2,,3554
8282,62,3,WASTEMANAGEMENT,4465
8283,75,4,,4888
8284,60,2,FOOD,3554
8285,73,2,,3555
8286,31,3,FOOD,4465
8287,10,1,,1386
8288,50,1,FOOD,1387
8289,41,3,WASTEMANAGEMENT,4466
8290,77,2,,3555
8291,72,4,,4888
8292,83,4,,4888
8293,23,5,FOOD,5053
8294,62,2,Unemployed,3556
8295,35,2,FOOD,3556
8296,64,5,FOOD,5054
8297,67,3,,4466
8298,19,2,FOOD,3557
8299,0,2,,3557
8300,56,1,FOOD,1388
8301,12,4,,4888
8302,68,4,,4889
8303,15,2,,3558
8304,90,2,,3558
8305,55,1,FOOD,1389
8306,17,2,,3559
8307,52,3,FOOD,4466
8308,78,2,,3559
8309,22,6,FOOD,5112
8310,1,2,,3560
8311,67,2,,3560
8312,72,2,,3561
8313,64,2,FOOD,3561
8314,75,2,,3562
8315,32,4,FOOD,4889
8316,70,2,,3562
8317,76,4,,4889
8318,64,5,FOOD,5054
8319,0,2,,3563
8320,36,4,FOOD,4889
8321,47,2,FOOD,3563
8322,60,2,FOOD,3564
8323,83,6,,5112
8324,96,4,,4890
8325,48,2,FOOD,3564
8326,57,2,FOOD,3565
8327,25,2,FOOD,3565
8328,76,1,,1390
8329,30,1,FOOD,1391
8330,8,4,,4890
8331,47,1,WASTEMANAGEMENT,1392
8332,1,2,,3566
8333,68,4,,4890
8334,53,2,FOOD,3566
8335,63,1,FOOD,1393
8336,49,4,Unemployed,4890
8337,5,4,,4891
8338,53,3,FOOD,4467
8339,44,3,FOOD,4467
8340,68,1,,1394
8341,75,2,,3567
8342,65,6,FOOD,5112
8343,73,5,,5054
8344,29,2,FOOD,3567
8345,54,2,FOOD,3568
8346,66,3,,4467
8347,58,2,FOOD,3568
8348,41,2,WASTEMANAGEMENT,3569
8349,96,5,,5054
8350,73,2,,3569
8351,62,4,Unemployed,4891
8352,56,2,Unemployed,3570
8353,0,4,,4891
8354,64,4,FOOD,4891
8355,16,2,,3570
8356,10,2,,3571
8357,77,2,,3571
8358,78,4,,4892
8359,22,4,FOOD,4892
8360,37,3,FOOD,4468
8361,51,2,FOOD,3572
8362,10,1,,1395
8363,71,2,,3572
8364,60,3,FOOD,4468
8365,2,2,,3573
8366,89,2,,3573
8367,57,4,WASTEMANAGEMENT,4892
8368,9,2,,3574
8369,88,2,,3574
8370,27,3,WASTEMANAGEMENT,4468
8371,69,3,,4469
8372,96,6,,5112
8373,79,2,,3575
8374,64,2,FOOD,3575
8375,75,2,,3576
8376,33,2,Unemployed,3576
8377,41,2,FOOD,3577
8378,72,4,,4892
8379,54,2,FOOD,3577
8380,35,1,FOOD,1396
8381,57,6,FOOD,5112
8382,86,2,,3578
8383,88,3,,4469
8384,28,2,FOOD,3578
8385,67,2,,3579
8386,88,2,,3579
8387,53,1,FOOD,1397
8388,58,1,FOOD,1398
8389,61,3,Unemployed,4469
8390,53,2,FOOD,3580
8391,59,4,FOOD,4893
8392,73,3,,4470
8393,72,3,,4470
8394,24,3,FOOD,4470
8395,4,4,,4893
8396,70,2,,3580
8397,51,1,FOOD,1399
8398,31,2,Unemployed,3581
8399,78,4,,4893
8400,4,1,,1400
8401,62,5,FOOD,5054
8402,51,2,FOOD,3581
8403,66,1,,1401
8404,55,4,FOOD,4893
8405,30,3,WASTEMANAGEMENT,4471
8406,64,4,FOOD,4894
8407,70,4,,4894
8408,19,2,FOOD,3582
8409,78,2,,3582
8410,69,4,,4894
8411,58,4,FOOD,4894
8412,63,2,FOOD,3583
8413,34,1,FOOD,1402
8414,26,1,FOOD,1403
8415,27,2,FOOD,3583
8416,52,2,FOOD,3584
8417,53,1,FOOD,1404
8418,59,4,FOOD,4895
8419,63,4,FOOD,4895
8420,33,2,FOOD,3584
8421,86,3,,4471
8422,71,2,,3585
8423,74,1,,1405
8424,57,2,FOOD,3585
8425,23,2,WASTEMANAGEMENT,3586
8426,65,1,Unemployed,1406
8427,17,4,,4895
8428,43,1,Unemployed,1407
8429,79,2,,3586
8430,64,1,FOOD,1408
8431,44,2,FOOD,3587
8432,36,2,WASTEMANAGEMENT,3587
8433,18,1,WASTEMANAGEMENT,1409
8434,99,2,,3588
8435,27,3,FOOD,4471
8436,73,2,,3588
8437,29,2,WASTEMANAGEMENT,3589
8438,24,3,FOOD,4472
8439,46,2,FOOD,3589
8440,67,6,,5112
8441,13,3,,4472
8442,64,3,Unemployed,4472
8443,6,2,,3590
8444,80,2,,3590
8445,78,2,,3591
8446,58,3,FOOD,4473
8447,55,2,FOOD,3591
8448,95,4,,4895
8449,51,1,FOOD,1410
8450,68,2,,3592
8451,64,1,WASTEMANAGEMENT,1411
8452,72,1,,1412
8453,18,2,WASTEMANAGEMENT,3592
8454,78,1,,1413
8455,14,2,,3593
8456,14,6,,5113
8457,78,3,,4473
8458,18,4,FOOD,4896
8459,22,2,WASTEMANAGEMENT,3593
8460,27,2,FOOD,3594
8461,62,5,FOOD,5055
8462,4,3,,4473
8463,68,2,,3594
8464,98,5,,5055
8465,4,4,,4896
8466,65,2,WASTEMANAGEMENT,3595
8467,42,2,FOOD,3595
8468,90,2,,3596
8469,77,3,,4474
8470,58,1,FOOD,1414
8471,69,5,,5055
8472,95,1,,1415
8473,54,2,FOOD,3596
8474,89,2,,3597
8475,75,2,,3597
8476,51,2,FOOD,3598
8477,36,6,FOOD,5113
8478,59,1,FOOD,1416
8479,66,2,,3598
8480,61,2,FOOD,3599
8481,17,2,,3599
8482,54,2,WASTEMANAGEMENT,3600
8483,64,3,WASTEMANAGEMENT,4474
8484,12,3,,4474
8485,68,2,,3600
8486,65,2,WASTEMANAGEMENT,3601
8487,63,3,FOOD,4475
8488,44,2,FOOD,3601
8489,62,2,FOOD,3602
8490,62,4,FOOD,4896
8491,58,2,FOOD,3602
8492,67,1,,1417
8493,72,4,,4896
8494,7,2,,3603
8495,36,3,FOOD,4475
8496,77,2,,3603
8497,40,2,FOOD,3604
8498,60,2,FOOD,3604
8499,67,2,,3605
8500,61,6,WASTEMANAGEMENT,5113
8501,86,2,,3605
8502,40,2,FOOD,3606
8503,76,2,,3606
8504,90,2,,3607
8505,41,2,FOOD,3607
8506,54,2,FOOD,3608
8507,90,4,,4897
8508,21,2,FOOD,3608
8509,61,1,FOOD,1418
8510,98,4,,4897
8511,56,3,FOOD,4475
8512,5,4,,4897
8513,70,3,,4476
8514,70,1,,1419
8515,51,2,FOOD,3609
8516,22,3,FOOD,4476
8517,83,3,,4476
8518,3,2,,3609
8519,4,5,,5055
8520,59,3,WASTEMANAGEMENT,4477
8521,6,3,,4477
8522,17,2,,3610
8523,41,2,FOOD,3610
8524,69,2,,3611
8525,66,3,,4477
8526,66,5,,5055
8527,78,2,,3611
8528,23,2,FOOD,3612
8529,8,2,,3612
8530,63,3,WASTEMANAGEMENT,4478
8531,37,3,WASTEMANAGEMENT,4478
8532,68,3,,4478
8533,78,3,,4479
8534,32,2,FOOD,3613
8535,69,2,,3613
8536,24,2,FOOD,3614
8537,76,2,,3614
8538,27,4,FOOD,4897
8539,42,2,FOOD,3615
8540,52,5,FOOD,5056
8541,56,4,FOOD,4898
8542,51,4,FOOD,4898
8543,7,5,,5056
8544,42,5,FOOD,5056
8545,60,3,FOOD,4479
8546,74,4,,4898
8547,21,2,FOOD,3615
8548,54,2,WASTEMANAGEMENT,3616
8549,68,2,,3616
8550,14,4,,4898
8551,69,2,,3617
8552,63,3,WASTEMANAGEMENT,4479
8553,65,2,FOOD,3617
8554,3,2,,3618
8555,59,3,WASTEMANAGEMENT,4480
8556,72,2,,3618
8557,58,2,FOOD,3619
8558,75,3,,4480
8559,63,1,FOOD,1420
8560,77,2,,3619
8561,15,3,,4480
8562,14,2,,3620
8563,33,3,Unemployed,4481
8564,53,4,FOOD,4899
8565,61,1,FOOD,1421
8566,74,3,,4481
8567,76,2,,3620
8568,2,2,,3621
8569,43,4,FOOD,4899
8570,45,2,FOOD,3621
8571,72,3,,4481
8572,62,3,FOOD,4482
8573,35,2,FOOD,3622
8574,68,2,,3622
8575,60,2,FOOD,3623
8576,42,2,FOOD,3623
8577,54,2,FOOD,3624
8578,64,1,WASTEMANAGEMENT,1422
8579,8,1,,1423
8580,50,2,FOOD,3624
8581,74,2,,3625
8582,53,3,FOOD,4482
8583,70,2,,3625
8584,5,2,,3626
8585,59,2,WASTEMANAGEMENT,3626
8586,18,2,Unemployed,3627
8587,96,1,,1424
8588,66,1,,1425
8589,54,2,FOOD,3627
8590,82,2,,3628
8591,49,4,FOOD,4899
8592,13,5,,5056
8593,60,4,FOOD,4899
8594,19,4,Unemployed,4900
8595,65,2,FOOD,3628
8596,60,2,FOOD,3629
8597,71,3,,4482
8598,57,3,FOOD,4483
8599,58,3,FOOD,4483
8600,61,4,WASTEMANAGEMENT,4900
8601,74,3,,4483
8602,68,1,,1426
8603,2,2,,3629
8604,72,5,,5056
8605,97,2,,3630
8606,68,4,,4900
8607,65,3,WASTEMANAGEMENT,4484
8608,41,3,FOOD,4484
8609,59,2,WASTEMANAGEMENT,3630
8610,58,2,FOOD,3631
8611,63,3,FOOD,4484
8612,68,2,,3631
8613,89,4,,4900
8614,55,2,Unemployed,3632
8615,76,2,,3632
8616,31,2,FOOD,3633
8617,15,3,,4485
8618,60,3,FOOD,4485
8619,11,5,,5057
8620,60,5,FOOD,5057
8621,79,3,,4485
8622,14,5,,5057
8623,4,2,,3633
8624,20,4,FOOD,4901
8625,13,2,,3634
8626,38,3,FOOD,4486
8627,1,3,,4486
8628,69,4,,4901
8629,62,2,FOOD,3634
8630,57,2,WASTEMANAGEMENT,3635
8631,61,2,FOOD,3635
8632,77,2,,3636
8633,39,4,FOOD,4901
8634,65,2,WASTEMANAGEMENT,3636
8635,12,4,,4901
8636,19,4,FOOD,4902
8637,66,3,,4486
8638,64,2,FOOD,3637
8639,63,2,WASTEMANAGEMENT,3637
8640,58,2,FOOD,3638
8641,38,2,WASTEMANAGEMENT,3638
8642,83,3,,4487
8643,53,2,Unemployed,3639
8644,11,3,,4487
8645,48,2,WASTEMANAGEMENT,3639
8646,71,2,,3640
8647,9,2,,3640
8648,26,1,FOOD,1427
8649,60,2,FOOD,3641
8650,80,2,,3641
8651,27,2,FOOD,3642
8652,79,2,,3642
8653,60,1,FOOD,1428
8654,14,1,,1429
8655,41,1,WASTEMANAGEMENT,1430
8656,67,2,,3643
8657,39,2,FOOD,3643
8658,69,5,,5057
8659,63,5,FOOD,5057
8660,50,4,WASTEMANAGEMENT,4902
8661,84,1,,1431
8662,79,4,,4902
8663,1,5,,5058
8664,50,4,FOOD,4902
8665,59,2,FOOD,3644
8666,46,4,FOOD,4903
8667,60,2,WASTEMANAGEMENT,3644
8668,39,4,FOOD,4903
8669,49,2,FOOD,3645
8670,15,1,,1432
8671,79,4,,4903
8672,71,4,,4903
8673,93,1,,1433
8674,21,2,WASTEMANAGEMENT,3645
8675,46,2,FOOD,3646
8676,22,1,FOOD,1434
8677,37,3,FOOD,4487
8678,21,2,WASTEMANAGEMENT,3646
8679,59,2,FOOD,3647
8680,44,3,FOOD,4488
8681,80,3,,4488
8682,13,1,,1435
8683,65,1,FOOD,1436
8684,50,2,FOOD,3647
8685,17,1,,1437
8686,11,6,,5113
8687,4,2,,3648
8688,16,3,,4488
8689,57,2,FOOD,3648
8690,68,2,,3649
8691,57,6,FOOD,5113
8692,12,2,,3649
8693,72,2,,3650
8694,32,3,FOOD,4489
8695,46,3,FOOD,4489
8696,13,3,,4489
8697,50,3,Unemployed,4490
8698,89,2,,3650
8699,57,1,FOOD,1438
8700,93,2,,3651
8701,75,3,,4490
8702,29,2,FOOD,3651
8703,31,1,WASTEMANAGEMENT,1439
8704,7,2,,3652
8705,90,6,,5113
8706,45,2,FOOD,3652
8707,23,3,FOOD,4490
8708,51,2,FOOD,3653
8709,79,3,,4491
8710,13,2,,3653
8711,59,2,WASTEMANAGEMENT,3654
8712,48,2,FOOD,3654
8713,91,5,,5058
8714,53,2,Unemployed,3655
8715,59,4,FOOD,4904
8716,51,5,FOOD,5058
8717,41,2,FOOD,3655
8718,66,2,,3656
8719,48,4,FOOD,4904
8720,77,3,,4491
8721,46,1,FOOD,1440
8722,67,1,,1441
8723,6,3,,4491
8724,90,1,,1442
8725,66,1,,1443
8726,67,2,,3656
8727,73,2,,3657
8728,85,1,,1444
8729,70,2,,3657
8730,45,4,FOOD,4904
8731,65,2,FOOD,3658
8732,49,2,FOOD,3658
8733,56,2,FOOD,3659
8734,68,4,,4904
8735,69,2,,3659
8736,60,4,FOOD,4905
8737,68,5,,5058
8738,75,4,,4905
8739,73,2,,3660
8740,92,4,,4905
8741,72,2,,3660
8742,92,4,,4905
8743,90,3,,4492
8744,66,2,,3661
8745,72,1,,1445
8746,82,2,,3661
8747,73,3,,4492
8748,63,2,FOOD,3662
8749,65,2,FOOD,3662
8750,78,2,,3663
8751,55,2,WASTEMANAGEMENT,3663
8752,50,2,FOOD,3664
8753,63,2,FOOD,3664
8754,52,1,FOOD,1446
8755,43,2,FOOD,3665
8756,63,1,FOOD,1447
8757,1,2,,3665
8758,97,4,,4906
8759,39,2,FOOD,3666
8760,3,2,,3666
8761,62,5,FOOD,5058
8762,32,2,FOOD,3667
8763,22,2,FOOD,3667
8764,40,4,WASTEMANAGEMENT,4906
8765,15,1,,1448
8766,60,1,FOOD,1449
8767,57,2,FOOD,3668
8768,37,4,FOOD,4906
8769,78,2,,3668
8770,55,2,FOOD,3669
8771,32,4,WASTEMANAGEMENT,4906
8772,38,2,FOOD,3669
8773,58,2,FOOD,3670
8774,63,1,FOOD,1450
8775,50,3,FOOD,4492
8776,55,3,FOOD,4493
8777,71,3,,4493
8778,54,3,WASTEMANAGEMENT,4493
8779,62,2,FOOD,3670
8780,22,2,WASTEMANAGEMENT,3671
8781,61,1,FOOD,1451
8782,52,2,FOOD,3671
8783,36,3,FOOD,4494
8784,60,4,FOOD,4907
8785,64,2,FOOD,3672
8786,50,3,FOOD,4494
8787,77,2,,3672
8788,63,2,FOOD,3673
8789,100,2,,3673
8790,91,3,,4494
8791,79,2,,3674
8792,61,3,FOOD,4495
8793,69,3,,4495
8794,64,3,WASTEMANAGEMENT,4495
8795,61,2,FOOD,3674
8796,49,2,WASTEMANAGEMENT,3675
8797,99,5,,5059
8798,55,1,Unemployed,1452
8799,72,2,,3675
8800,66,2,,3676
8801,69,2,,3676
8802,76,5,,5059
8803,7,1,,1453
8804,24,1,FOOD,1454
8805,34,2,WASTEMANAGEMENT,3677
8806,57,3,FOOD,4496
8807,40,3,FOOD,4496
8808,69,1,,1455
8809,45,2,FOOD,3677
8810,66,4,,4907
8811,30,1,FOOD,1456
8812,32,2,FOOD,3678
8813,69,1,,1457
8814,52,2,FOOD,3678
8815,59,1,FOOD,1458
8816,88,2,,3679
8817,61,3,FOOD,4496
8818,37,1,FOOD,1459
8819,41,2,FOOD,3679
8820,66,4,,4907
8821,90,1,,1460
8822,37,2,FOOD,3680
8823,39,4,WASTEMANAGEMENT,4907
8824,43,5,FOOD,5059
8825,54,3,FOOD,4497
8826,75,2,,3680
8827,100,5,,5059
8828,62,3,FOOD,4497
8829,18,2,FOOD,3681
8830,28,3,FOOD,4497
8831,30,1,WASTEMANAGEMENT,1461
8832,53,2,FOOD,3681
8833,70,1,,1462
8834,18,2,WASTEMANAGEMENT,3682
8835,77,3,,4498
8836,70,2,,3682
8837,48,2,Unemployed,3683
8838,9,4,,4908
8839,15,1,,1463
8840,40,2,FOOD,3683
8841,63,6,WASTEMANAGEMENT,5114
8842,70,2,,3684
8843,50,1,FOOD,1464
8844,9,6,,5114
8845,78,2,,3684
8846,54,2,WASTEMANAGEMENT,3685
8847,1,4,,4908
8848,79,2,,3685
8849,78,1,,1465
8850,73,2,,3686
8851,73,2,,3686
8852,96,1,,1466
8853,61,2,FOOD,3687
8854,61,1,FOOD,1467
8855,39,6,WASTEMANAGEMENT,5114
8856,41,2,FOOD,3687
8857,76,2,,3688
8858,50,4,FOOD,4908
8859,57,2,FOOD,3688
8860,100,3,,4498
8861,52,2,FOOD,3689
8862,49,2,FOOD,3689
8863,42,1,FOOD,1468
8864,3,4,,4908
8865,20,3,FOOD,4498
8866,19,4,WASTEMANAGEMENT,4909
8867,63,2,WASTEMANAGEMENT,3690
8868,76,2,,3690
8869,82,4,,4909
8870,46,2,FOOD,3691
8871,46,4,Unemployed,4909
8872,35,2,FOOD,3691
8873,65,3,FOOD,4499
8874,56,2,WASTEMANAGEMENT,3692
8875,5,5,,5059
8876,73,3,,4499
8877,77,3,,4499
8878,77,2,,3692
8879,52,1,FOOD,1469
8880,63,2,Unemployed,3693
8881,55,2,FOOD,3693
8882,66,2,,3694
8883,13,3,,4500
8884,61,2,FOOD,3694
8885,4,1,,1470
8886,97,1,,1471
8887,91,4,,4909
8888,61,5,FOOD,5060
8889,45,1,FOOD,1472
8890,12,4,,4910
8891,10,2,,3695
8892,75,1,,1473
8893,75,1,,1474
8894,32,2,WASTEMANAGEMENT,3695
8895,92,2,,3696
8896,59,1,FOOD,1475
8897,74,2,,3696
8898,69,4,,4910
8899,64,2,FOOD,3697
8900,23,2,FOOD,3697
8901,40,5,FOOD,5060
8902,66,2,,3698
8903,59,2,WASTEMANAGEMENT,3698
8904,61,2,FOOD,3699
8905,27,4,FOOD,4910
8906,15,4,,4910
8907,69,2,,3699
8908,60,4,WASTEMANAGEMENT,4911
8909,32,2,FOOD,3700
8910,66,2,,3700
8911,73,2,,3701
8912,18,2,FOOD,3701
8913,5,2,,3702
8914,74,4,,4911
8915,64,4,FOOD,4911
8916,29,3,FOOD,4500
8917,64,3,FOOD,4500
8918,73,2,,3702
8919,90,2,,3703
8920,100,5,,5060
8921,58,2,FOOD,3703
8922,50,4,FOOD,4911
8923,71,2,,3704
8924,56,4,FOOD,4912
8925,51,2,FOOD,3704
8926,32,3,FOOD,4501
8927,62,4,FOOD,4912
8928,71,2,,3705
8929,21,2,WASTEMANAGEMENT,3705
8930,60,1,FOOD,1476
8931,27,3,FOOD,4501
8932,50,2,WASTEMANAGEMENT,3706
8933,75,2,,3706
8934,2,2,,3707
8935,5,6,,5114
8936,72,5,,5060
8937,43,2,FOOD,3707
8938,44,3,WASTEMANAGEMENT,4501
8939,60,2,FOOD,3708
8940,44,2,WASTEMANAGEMENT,3708
8941,23,3,WASTEMANAGEMENT,4502
8942,43,2,FOOD,3709
8943,64,4,FOOD,4912
8944,11,3,,4502
8945,22,2,FOOD,3709
8946,16,3,,4502
8947,70,3,,4503
8948,52,4,FOOD,4912
8949,43,2,WASTEMANAGEMENT,3710
8950,48,2,FOOD,3710
8951,59,2,FOOD,3711
8952,60,2,WASTEMANAGEMENT,3711
8953,78,4,,4913
8954,4,2,,3712
8955,76,2,,3712
8956,53,2,FOOD,3713
8957,78,5,,5060
8958,26,2,Unemployed,3713
8959,13,2,,3714
8960,55,2,WASTEMANAGEMENT,3714
8961,80,1,,1477
8962,45,2,FOOD,3715
8963,43,3,FOOD,4503
8964,82,2,,3715
8965,45,2,FOOD,3716
8966,72,5,,5061
8967,66,4,,4913
8968,55,2,FOOD,3716
8969,58,2,WASTEMANAGEMENT,3717
8970,73,1,,1478
8971,42,4,FOOD,4913
8972,48,1,WASTEMANAGEMENT,1479
8973,66,3,,4503
8974,2,5,,5061
8975,40,2,FOOD,3717
8976,62,3,WASTEMANAGEMENT,4504
8977,42,3,FOOD,4504
8978,15,2,,3718
8979,54,1,FOOD,1480
8980,65,4,WASTEMANAGEMENT,4913
8981,18,6,FOOD,5114
8982,57,1,FOOD,1481
8983,60,5,FOOD,5061
8984,79,1,,1482
8985,29,2,WASTEMANAGEMENT,3718
8986,70,1,,1483
8987,61,4,FOOD,4914
8988,17,3,,4504
8989,57,4,FOOD,4914
8990,79,3,,4505
8991,41,2,FOOD,3719
8992,65,2,WASTEMANAGEMENT,3719
8993,45,6,FOOD,5114
8994,75,2,,3720
8995,56,2,FOOD,3720
8996,79,2,,3721
8997,40,1,FOOD,1484
8998,61,3,WASTEMANAGEMENT,4505
8999,23,3,FOOD,4505
9000,13,4,,4914
9001,32,2,FOOD,3721
9002,77,2,,3722
9003,64,5,FOOD,5061
9004,91,2,,3722
9005,69,1,,1485
9006,85,4,,4914
9007,8,1,,1486
9008,83,1,,1487
9009,70,4,,4915
9010,87,2,,3723
9011,74,2,,3723
9012,69,4,,4915
9013,44,2,FOOD,3724
9014,76,3,,4506
9015,74,4,,4915
9016,81,2,,3724
9017,65,1,FOOD,1488
9018,52,1,FOOD,1489
9019,33,2,FOOD,3725
9020,14,3,,4506
9021,92,2,,3725
9022,14,2,,3726
9023,1,4,,4915
9024,87,5,,5061
9025,52,3,FOOD,4506
9026,32,2,WASTEMANAGEMENT,3726
9027,9,3,,4507
9028,64,2,FOOD,3727
9029,73,4,,4916
9030,83,2,,3727
9031,63,1,WASTEMANAGEMENT,1490
9032,68,5,,5062
9033,64,1,FOOD,1491
9034,40,5,FOOD,5062
9035,14,2,,3728
9036,56,2,FOOD,3728
9037,57,4,FOOD,4916
9038,94,2,,3729
9039,17,2,,3729
9040,44,2,FOOD,3730
9041,77,2,,3730
9042,76,2,,3731
9043,78,4,,4916
9044,72,2,,3731
9045,56,2,FOOD,3732
9046,62,2,WASTEMANAGEMENT,3732
9047,68,2,,3733
9048,22,6,FOOD,5115
9049,87,1,,1492
9050,13,4,,4916
9051,30,2,FOOD,3733
9052,22,1,FOOD,1493
9053,67,2,,3734
9054,65,2,WASTEMANAGEMENT,3734
9055,27,1,FOOD,1494
9056,41,1,FOOD,1495
9057,53,1,FOOD,1496
9058,76,1,,1497
9059,65,3,FOOD,4507
9060,94,2,,3735
9061,28,2,FOOD,3735
9062,62,2,FOOD,3736
9063,51,1,FOOD,1498
9064,64,2,Unemployed,3736
9065,45,2,FOOD,3737
9066,77,4,,4917
9067,17,3,,4507
9068,70,2,,3737
9069,64,4,FOOD,4917
9070,4,2,,3738
9071,87,2,,3738
9072,49,2,FOOD,3739
9073,60,2,FOOD,3739
9074,71,5,,5062
9075,53,2,FOOD,3740
9076,50,2,WASTEMANAGEMENT,3740
9077,38,1,FOOD,1499
9078,76,1,,1500
9079,55,5,WASTEMANAGEMENT,5062
9080,100,5,,5062
9081,54,3,WASTEMANAGEMENT,4508
9082,61,1,FOOD,1501
9083,77,2,,3741
9084,30,2,Unemployed,3741
9085,90,3,,4508
9086,87,2,,3742
9087,45,2,FOOD,3742
9088,48,4,WASTEMANAGEMENT,4917
9089,48,4,WASTEMANAGEMENT,4917
9090,21,4,FOOD,4918
9091,64,5,FOOD,5063
9092,61,1,Unemployed,1502
9093,4,3,,4508
9094,32,4,FOOD,4918
9095,12,6,,5115
9096,42,2,FOOD,3743
9097,10,3,,4509
9098,65,2,FOOD,3743
9099,60,3,Unemployed,4509
9100,30,3,Unemployed,4509
9101,80,4,,4918
9102,65,2,FOOD,3744
9103,56,3,FOOD,4510
9104,42,3,FOOD,4510
9105,2,2,,3744
9106,67,2,,3745
9107,81,1,,1503
9108,10,1,,1504
9109,69,4,,4918
9110,42,2,WASTEMANAGEMENT,3745
9111,95,2,,3746
9112,88,2,,3746
9113,95,3,,4510
9114,80,4,,4919
9115,65,4,FOOD,4919
9116,13,6,,5115
9117,78,2,,3747
9118,35,1,FOOD,1505
9119,100,4,,4919
9120,70,4,,4919
9121,61,1,WASTEMANAGEMENT,1506
9122,48,2,WASTEMANAGEMENT,3747
9123,68,1,,1507
9124,69,2,,3748
9125,64,1,FOOD,1508
9126,27,4,FOOD,4920
9127,76,2,,3748
9128,60,2,FOOD,3749
9129,23,2,FOOD,3749
9130,89,2,,3750
9131,2,2,,3750
9132,71,4,,4920
9133,83,2,,3751
9134,53,2,Unemployed,3751
9135,62,2,FOOD,3752
9136,30,4,FOOD,4920
9137,21,3,FOOD,4511
9138,5,3,,4511
9139,53,2,FOOD,3752
9140,16,2,,3753
9141,37,1,FOOD,1509
9142,6,3,,4511
9143,75,2,,3753
9144,87,2,,3754
9145,20,2,WASTEMANAGEMENT,3754
9146,54,2,FOOD,3755
9147,79,4,,4920
9148,53,3,FOOD,4512
9149,79,2,,3755
9150,72,2,,3756
9151,85,1,,1510
9152,63,2,FOOD,3756
9153,42,4,FOOD,4921
9154,72,4,,4921
9155,27,4,FOOD,4921
9156,59,4,FOOD,4921
9157,2,4,,4922
9158,42,2,FOOD,3757
9159,16,4,,4922
9160,39,2,FOOD,3757
9161,74,5,,5063
9162,61,2,FOOD,3758
9163,67,2,,3758
9164,69,4,,4922
9165,51,2,Unemployed,3759
9166,96,2,,3759
9167,71,2,,3760
9168,89,1,,1511
9169,74,2,,3760
9170,45,2,FOOD,3761
9171,34,2,FOOD,3761
9172,64,3,FOOD,4512
9173,55,4,FOOD,4922
9174,25,2,FOOD,3762
9175,32,2,FOOD,3762
9176,60,1,FOOD,1512
9177,57,2,FOOD,3763
9178,5,2,,3763
9179,62,3,WASTEMANAGEMENT,4512
9180,50,2,FOOD,3764
9181,63,5,Unemployed,5063
9182,73,4,,4923
9183,45,5,WASTEMANAGEMENT,5063
9184,41,2,WASTEMANAGEMENT,3764
9185,19,3,FOOD,4513
9186,64,2,FOOD,3765
9187,79,3,,4513
9188,49,3,FOOD,4513
9189,78,3,,4514
9190,12,4,,4923
9191,0,2,,3765
9192,70,2,,3766
9193,24,5,FOOD,5063
9194,0,3,,4514
9195,18,4,FOOD,4923
9196,90,3,,4514
9197,30,2,FOOD,3766
9198,12,3,,4515
9199,70,1,,1513
9200,78,1,,1514
9201,74,2,,3767
9202,7,2,,3767
9203,32,1,WASTEMANAGEMENT,1515
9204,69,2,,3768
9205,58,3,Unemployed,4515
9206,67,2,,3768
9207,72,3,,4515
9208,57,4,FOOD,4923
9209,74,2,,3769
9210,70,4,,4924
9211,35,1,FOOD,1516
9212,44,2,FOOD,3769
9213,85,2,,3770
9214,81,4,,4924
9215,38,3,FOOD,4516
9216,74,3,,4516
9217,7,3,,4516
9218,65,3,Unemployed,4517
9219,7,2,,3770
9220,69,2,,3771
9221,50,2,FOOD,3771
9222,64,1,FOOD,1517
9223,67,3,,4517
9224,54,1,FOOD,1518
9225,88,3,,4517
9226,49,6,FOOD,5115
9227,98,2,,3772
9228,45,5,FOOD,5064
9229,79,3,,4518
9230,79,3,,4518
9231,78,2,,3772
9232,67,2,,3773
9233,4,1,,1519
9234,93,3,,4518
9235,19,1,FOOD,1520
9236,7,4,,4924
9237,57,3,FOOD,4519
9238,40,3,FOOD,4519
9239,72,1,,1521
9240,20,3,FOOD,4519
9241,13,2,,3773
9242,26,4,FOOD,4924
9243,14,2,,3774
9244,18,1,FOOD,1522
9245,2,4,,4925
9246,35,2,FOOD,3774
9247,66,1,,1523
9248,8,4,,4925
9249,1,3,,4520
9250,49,2,WASTEMANAGEMENT,3775
9251,72,1,,1524
9252,46,4,FOOD,4925
9253,69,2,,3775
9254,76,2,,3776
9255,63,2,FOOD,3776
9256,12,2,,3777
9257,58,3,FOOD,4520
9258,51,2,WASTEMANAGEMENT,3777
9259,64,2,FOOD,3778
9260,30,3,FOOD,4520
9261,77,2,,3778
9262,7,2,,3779
9263,46,1,FOOD,1525
9264,98,6,,5115
9265,63,4,FOOD,4925
9266,54,4,Unemployed,4926
9267,71,2,,3779
9268,19,2,FOOD,3780
9269,73,2,,3780
9270,60,2,FOOD,3781
9271,72,4,,4926
9272,69,3,,4521
9273,50,4,FOOD,4926
9274,99,2,,3781
9275,38,1,FOOD,1526
9276,58,2,FOOD,3782
9277,94,4,,4926
9278,12,3,,4521
9279,65,4,FOOD,4927
9280,21,2,FOOD,3782
9281,45,3,FOOD,4521
9282,40,3,FOOD,4522
9283,25,4,FOOD,4927
9284,77,2,,3783
9285,53,2,FOOD,3783
9286,82,2,,3784
9287,68,4,,4927
9288,38,1,FOOD,1527
9289,59,2,Unemployed,3784
9290,59,4,WASTEMANAGEMENT,4927
9291,35,2,FOOD,3785
9292,64,2,WASTEMANAGEMENT,3785
9293,1,2,,3786
9294,71,2,,3786
9295,11,4,,4928
9296,16,2,,3787
9297,52,3,FOOD,4522
9298,10,3,,4522
9299,20,3,Unemployed,4523
9300,36,1,Unemployed,1528
9301,39,2,FOOD,3787
9302,63,2,FOOD,3788
9303,44,6,FOOD,5115
9304,2,2,,3788
9305,32,2,FOOD,3789
9306,40,3,FOOD,4523
9307,99,2,,3789
9308,78,1,,1529
9309,70,1,,1530
9310,26,3,FOOD,4523
9311,81,2,,3790
9312,74,1,,1531
9313,67,2,,3790
9314,87,2,,3791
9315,16,2,,3791
9316,8,6,,5116
9317,64,1,WASTEMANAGEMENT,1532
9318,93,2,,3792
9319,63,2,Unemployed,3792
9320,31,5,FOOD,5064
9321,10,2,,3793
9322,43,2,FOOD,3793
9323,41,2,FOOD,3794
9324,80,2,,3794
9325,74,3,,4524
9326,63,1,FOOD,1533
9327,69,2,,3795
9328,74,2,,3795
9329,21,2,FOOD,3796
9330,18,1,Unemployed,1534
9331,48,3,Unemployed,4524
9332,87,1,,1535
9333,25,2,FOOD,3796
9334,42,5,FOOD,5064
9335,50,1,WASTEMANAGEMENT,1536
9336,68,3,,4524
9337,63,4,FOOD,4928
9338,61,4,FOOD,4928
9339,62,1,FOOD,1537
9340,39,2,FOOD,3797
9341,68,4,,4928
9342,55,1,WASTEMANAGEMENT,1538
9343,9,3,,4525
9344,57,4,FOOD,4929
9345,61,2,FOOD,3797
9346,63,1,FOOD,1539
9347,58,2,FOOD,3798
9348,56,2,FOOD,3798
9349,20,4,WASTEMANAGEMENT,4929
9350,67,4,,4929
9351,63,2,FOOD,3799
9352,65,4,FOOD,4929
9353,78,2,,3799
9354,78,3,,4525
9355,68,5,,5064
9356,71,5,,5064
9357,19,2,FOOD,3800
9358,38,4,WASTEMANAGEMENT,4930
9359,14,2,,3800
9360,72,3,,4525
9361,63,3,FOOD,4526
9362,70,3,,4526
9363,65,3,Unemployed,4526
9364,79,2,,3801
9365,72,4,,4930
9366,64,6,FOOD,5116
9367,59,2,FOOD,3801
9368,66,6,,5116
9369,66,3,,4527
9370,18,3,FOOD,4527
9371,51,2,Unemployed,3802
9372,84,5,,5065
9373,64,3,WASTEMANAGEMENT,4527
9374,78,1,,1540
9375,99,3,,4528
9376,16,2,,3802
9377,59,2,FOOD,3803
9378,59,5,WASTEMANAGEMENT,5065
9379,11,2,,3803
9380,66,3,,4528
9381,59,2,FOOD,3804
9382,4,5,,5065
9383,97,5,,5065
9384,59,2,FOOD,3804
9385,9,2,,3805
9386,55,3,FOOD,4528
9387,67,1,,1541
9388,59,5,WASTEMANAGEMENT,5065
9389,68,2,,3805
9390,47,4,FOOD,4930
9391,58,2,FOOD,3806
9392,21,2,WASTEMANAGEMENT,3806
9393,51,4,WASTEMANAGEMENT,4930
9394,43,3,FOOD,4529
9395,78,3,,4529
9396,49,1,WASTEMANAGEMENT,1542
9397,66,2,,3807
9398,49,2,FOOD,3807
9399,57,5,FOOD,5066
9400,49,1,WASTEMANAGEMENT,1543
9401,100,2,,3808
9402,54,3,WASTEMANAGEMENT,4529
9403,74,4,,4931
9404,3,2,,3808
9405,89,2,,3809
9406,69,3,,4530
9407,79,1,,1544
9408,25,3,FOOD,4530
9409,29,6,FOOD,5116
9410,23,1,WASTEMANAGEMENT,1545
9411,23,4,FOOD,4931
9412,64,5,FOOD,5066
9413,62,4,FOOD,4931
9414,52,2,FOOD,3809
9415,77,2,,3810
9416,84,4,,4931
9417,26,1,FOOD,1546
9418,24,2,FOOD,3810
9419,59,2,WASTEMANAGEMENT,3811
9420,83,3,,4530
9421,24,3,FOOD,4531
9422,62,1,FOOD,1547
9423,66,1,,1548
9424,52,3,FOOD,4531
9425,74,2,,3811
9426,100,1,,1549
9427,71,4,,4932
9428,58,2,FOOD,3812
9429,25,2,WASTEMANAGEMENT,3812
9430,1,3,,4531
9431,3,4,,4932
9432,62,4,WASTEMANAGEMENT,4932
9433,69,2,,3813
9434,66,2,,3813
9435,39,2,FOOD,3814
9436,96,5,,5066
9437,43,4,FOOD,4932
9438,25,2,FOOD,3814
9439,31,2,WASTEMANAGEMENT,3815
9440,59,2,FOOD,3815
9441,33,2,FOOD,3816
9442,0,2,,3816
9443,27,2,FOOD,3817
9444,63,4,FOOD,4933
9445,3,4,,4933
9446,91,2,,3817
9447,28,3,FOOD,4532
9448,79,2,,3818
9449,65,2,WASTEMANAGEMENT,3818
9450,64,4,FOOD,4933
9451,67,3,,4532
9452,7,4,,4933
9453,57,2,FOOD,3819
9454,65,2,WASTEMANAGEMENT,3819
9455,64,4,FOOD,4934
9456,61,3,FOOD,4532
9457,72,2,,3820
9458,33,5,WASTEMANAGEMENT,5066
9459,76,3,,4533
9460,66,1,,1550
9461,34,5,WASTEMANAGEMENT,5066
9462,53,2,FOOD,3820
9463,19,2,FOOD,3821
9464,35,5,FOOD,5067
9465,51,3,FOOD,4533
9466,64,3,FOOD,4533
9467,88,1,,1551
9468,55,3,FOOD,4534
9469,21,1,WASTEMANAGEMENT,1552
9470,55,2,FOOD,3821
9471,78,5,,5067
9472,61,2,FOOD,3822
9473,83,2,,3822
9474,16,1,,1553
9475,32,2,WASTEMANAGEMENT,3823
9476,46,4,WASTEMANAGEMENT,4934
9477,68,2,,3823
9478,5,2,,3824
9479,3,6,,5116
9480,90,2,,3824
9481,37,2,WASTEMANAGEMENT,3825
9482,33,2,FOOD,3825
9483,82,3,,4534
9484,98,2,,3826
9485,81,1,,1554
9486,22,2,FOOD,3826
9487,69,2,,3827
9488,53,4,FOOD,4934
9489,0,2,,3827
9490,22,2,WASTEMANAGEMENT,3828
9491,52,2,FOOD,3828
9492,72,4,,4934
9493,48,3,Unemployed,4534
9494,62,3,FOOD,4535
9495,0,2,,3829
9496,40,2,FOOD,3829
9497,59,1,WASTEMANAGEMENT,1555
9498,16,1,,1556
9499,92,2,,3830
9500,50,2,FOOD,3830
9501,57,3,FOOD,4535
9502,82,4,,4935
9503,42,4,FOOD,4935
9504,66,1,,1557
9505,21,3,FOOD,4535
9506,3,3,,4536
9507,51,1,WASTEMANAGEMENT,1558
9508,87,1,,1559
9509,39,4,FOOD,4935
9510,86,4,,4935
9511,51,2,FOOD,3831
9512,37,6,FOOD,5116
9513,43,2,FOOD,3831
9514,77,2,,3832
9515,41,3,FOOD,4536
9516,10,4,,4936
9517,46,2,FOOD,3832
9518,23,2,FOOD,3833
9519,38,3,FOOD,4536
9520,68,1,,1560
9521,52,2,FOOD,3833
9522,54,3,FOOD,4537
9523,93,2,,3834
9524,3,3,,4537
9525,30,4,FOOD,4936
9526,57,2,FOOD,3834
9527,10,4,,4936
9528,15,1,,1561
9529,20,3,FOOD,4537
9530,70,1,,1562
9531,49,2,FOOD,3835
9532,73,2,,3835
9533,18,4,FOOD,4936
9534,65,3,FOOD,4538
9535,63,2,FOOD,3836
9536,72,4,,4937
9537,89,2,,3836
9538,65,1,FOOD,1563
9539,61,1,FOOD,1564
9540,12,1,,1565
9541,60,2,Unemployed,3837
9542,54,2,FOOD,3837
9543,44,2,WASTEMANAGEMENT,3838
9544,70,4,,4937
9545,20,2,WASTEMANAGEMENT,3838
9546,89,2,,3839
9547,47,2,FOOD,3839
9548,57,2,WASTEMANAGEMENT,3840
9549,53,1,FOOD,1566
9550,58,2,FOOD,3840
9551,59,2,FOOD,3841
9552,46,1,Unemployed,1567
9553,96,4,,4937
9554,74,3,,4538
9555,1,3,,4538
9556,62,2,FOOD,3841
9557,83,2,,3842
9558,50,2,FOOD,3842
9559,39,4,WASTEMANAGEMENT,4937
9560,65,4,Unemployed,4938
9561,100,1,,1568
9562,65,4,FOOD,4938
9563,38,4,FOOD,4938
9564,52,1,FOOD,1569
9565,53,1,FOOD,1570
9566,59,5,FOOD,5067
9567,54,3,FOOD,4539
9568,78,2,,3843
9569,60,1,FOOD,1571
9570,87,3,,4539
9571,57,2,FOOD,3843
9572,97,4,,4938
9573,12,3,,4539
9574,20,4,FOOD,4939
9575,74,2,,3844
9576,59,2,FOOD,3844
9577,79,1,,1572
9578,72,2,,3845
9579,65,2,WASTEMANAGEMENT,3845
9580,77,2,,3846
9581,47,2,WASTEMANAGEMENT,3846
9582,46,1,WASTEMANAGEMENT,1573
9583,74,3,,4540
9584,59,4,FOOD,4939
9585,34,2,WASTEMANAGEMENT,3847
9586,68,2,,3847
9587,0,2,,3848
9588,47,1,WASTEMANAGEMENT,1574
9589,90,2,,3848
9590,41,1,FOOD,1575
9591,46,2,FOOD,3849
9592,58,2,FOOD,3849
9593,8,3,,4540
9594,22,1,WASTEMANAGEMENT,1576
9595,73,3,,4540
9596,70,2,,3850
9597,3,2,,3850
9598,9,2,,3851
9599,71,2,,3851
9600,56,2,FOOD,3852
9601,64,2,WASTEMANAGEMENT,3852
9602,17,4,,4939
9603,71,3,,4541
9604,79,2,,3853
9605,76,3,,4541
9606,64,3,WASTEMANAGEMENT,4541
9607,3,1,,1577
9608,94,2,,3853
9609,54,2,WASTEMANAGEMENT,3854
9610,60,1,FOOD,1578
9611,53,1,Unemployed,1579
9612,39,2,FOOD,3854
9613,67,2,,3855
9614,77,3,,4542
9615,51,3,Unemployed,4542
9616,65,1,WASTEMANAGEMENT,1580
9617,77,2,,3855
9618,62,2,FOOD,3856
9619,22,2,WASTEMANAGEMENT,3856
9620,2,2,,3857
9621,43,2,WASTEMANAGEMENT,3857
9622,55,2,FOOD,3858
9623,54,2,FOOD,3858
9624,64,1,FOOD,1581
9625,90,2,,3859
9626,12,6,,5117
9627,74,2,,3859
9628,38,3,FOOD,4542
9629,92,1,,1582
9630,42,1,FOOD,1583
9631,40,2,WASTEMANAGEMENT,3860
9632,96,4,,4939
9633,19,1,FOOD,1584
9634,61,4,WASTEMANAGEMENT,4940
9635,56,3,FOOD,4543
9636,32,6,Unemployed,5117
9637,43,2,FOOD,3860
9638,36,2,FOOD,3861
9639,58,2,FOOD,3861
9640,92,6,,5117
9641,68,2,,3862
9642,19,2,Unemployed,3862
9643,92,2,,3863
9644,31,1,WASTEMANAGEMENT,1585
9645,36,3,FOOD,4543
9646,73,2,,3863
9647,62,2,FOOD,3864
9648,64,1,Unemployed,1586
9649,66,3,,4543
9650,61,2,FOOD,3864
9651,5,2,,3865
9652,69,2,,3865
9653,2,3,,4544
9654,26,3,FOOD,4544
9655,9,3,,4544
9656,51,2,FOOD,3866
9657,71,3,,4545
9658,64,3,FOOD,4545
9659,8,2,,3866
9660,66,4,,4940
9661,64,3,WASTEMANAGEMENT,4545
9662,42,1,FOOD,1587
9663,78,4,,4940
9664,60,2,FOOD,3867
9665,30,4,FOOD,4940
9666,71,3,,4546
9667,98,4,,4941
9668,66,1,,1588
9669,72,2,,3867
9670,53,4,FOOD,4941
9671,54,1,Unemployed,1589
9672,6,2,,3868
9673,54,4,WASTEMANAGEMENT,4941
9674,85,1,,1590
9675,61,1,WASTEMANAGEMENT,1591
9676,83,2,,3868
9677,77,3,,4546
9678,16,1,,1592
9679,67,2,,3869
9680,36,2,Unemployed,3869
9681,67,6,,5117
9682,68,2,,3870
9683,52,2,FOOD,3870
9684,27,4,FOOD,4941
9685,55,2,Unemployed,3871
9686,54,2,WASTEMANAGEMENT,3871
9687,77,3,,4546
9688,82,1,,1593
9689,3,4,,4942
9690,85,2,,3872
9691,58,2,Unemployed,3872
9692,57,6,WASTEMANAGEMENT,5117
9693,65,2,FOOD,3873
9694,82,1,,1594
9695,2,1,,1595
9696,79,4,,4942
9697,50,3,FOOD,4547
9698,19,2,WASTEMANAGEMENT,3873
9699,77,2,,3874
9700,71,2,,3874
9701,47,5,WASTEMANAGEMENT,5067
9702,75,2,,3875
9703,30,6,FOOD,5117
9704,70,3,,4547
9705,40,1,FOOD,1596
9706,70,4,,4942
9707,70,3,,4547
9708,80,3,,4548
9709,46,1,FOOD,1597
9710,60,4,FOOD,4942
9711,53,3,Unemployed,4548
9712,64,2,FOOD,3875
9713,93,2,,3876
9714,5,2,,3876
9715,66,5,,5067
9716,89,5,,5068
9717,66,2,,3877
9718,55,2,FOOD,3877
9719,61,3,WASTEMANAGEMENT,4548
9720,51,5,Unemployed,5068
9721,69,5,,5068
9722,93,2,,3878
9723,61,3,FOOD,4549
9724,68,5,,5068
9725,72,2,,3878
9726,6,2,,3879
9727,71,2,,3879
9728,68,3,,4549
9729,31,2,FOOD,3880
9730,72,2,,3880
9731,26,2,FOOD,3881
9732,61,3,FOOD,4549
9733,47,2,FOOD,3881
9734,12,5,,5068
9735,71,2,,3882
9736,56,3,FOOD,4550
9737,66,2,,3882
9738,88,2,,3883
9739,66,1,,1598
9740,8,2,,3883
9741,23,3,FOOD,4550
9742,94,5,,5069
9743,77,2,,3884
9744,13,2,,3884
9745,3,1,,1599
9746,74,2,,3885
9747,67,2,,3885
9748,94,2,,3886
9749,68,1,,1600
9750,94,5,,5069
9751,35,1,FOOD,1601
9752,4,5,,5069
9753,87,5,,5069
9754,98,4,,4943
9755,0,1,,1602
9756,67,4,,4943
9757,52,3,FOOD,4550
9758,51,2,FOOD,3886
9759,89,3,,4551
9760,85,4,,4943
9761,62,3,FOOD,4551
9762,55,2,FOOD,3887
9763,75,3,,4551
9764,77,2,,3887
9765,83,3,,4552
9766,28,2,FOOD,3888
9767,73,1,,1603
9768,48,4,FOOD,4943
9769,37,2,FOOD,3888
9770,3,2,,3889
9771,76,5,,5069
9772,67,3,,4552
9773,17,2,,3889
9774,79,3,,4552
9775,69,3,,4553
9776,1,2,,3890
9777,49,3,WASTEMANAGEMENT,4553
9778,24,2,WASTEMANAGEMENT,3890
9779,71,1,,1604
9780,64,1,FOOD,1605
9781,62,4,FOOD,4944
9782,59,1,FOOD,1606
9783,53,4,Unemployed,4944
9784,76,2,,3891
9785,16,2,,3891
9786,57,4,WASTEMANAGEMENT,4944
9787,73,4,,4944
9788,70,6,,5118
9789,72,4,,4945
9790,68,2,,3892
9791,52,2,FOOD,3892
9792,3,6,,5118
9793,76,2,,3893
9794,90,3,,4553
9795,63,4,WASTEMANAGEMENT,4945
9796,36,2,FOOD,3893
9797,56,2,WASTEMANAGEMENT,3894
9798,75,3,,4554
9799,52,1,FOOD,1607
9800,11,3,,4554
9801,63,1,FOOD,1608
9802,18,5,WASTEMANAGEMENT,5070
9803,39,2,FOOD,3894
9804,76,4,,4945
9805,57,1,FOOD,1609
9806,77,2,,3895
9807,98,2,,3895
9808,62,1,FOOD,1610
9809,65,2,FOOD,3896
9810,79,2,,3896
9811,39,2,FOOD,3897
9812,64,6,FOOD,5118
9813,27,6,FOOD,5118
9814,54,2,FOOD,3897
9815,19,6,FOOD,5118
9816,22,2,FOOD,3898
9817,81,3,,4554
9818,76,5,,5070
9819,60,2,FOOD,3898
9820,68,3,,4555
9821,24,4,FOOD,4945
9822,30,2,FOOD,3899
9823,76,2,,3899
9824,77,5,,5070
9825,56,3,Unemployed,4555
9826,36,1,FOOD,1611
9827,56,2,WASTEMANAGEMENT,3900
9828,61,2,FOOD,3900
9829,46,1,WASTEMANAGEMENT,1612
9830,73,5,,5070
9831,64,1,FOOD,1613
9832,61,4,WASTEMANAGEMENT,4946
9833,50,2,FOOD,3901
9834,49,4,WASTEMANAGEMENT,4946
9835,0,2,,3901
9836,50,3,WASTEMANAGEMENT,4555
9837,87,2,,3902
9838,70,2,,3902
9839,77,2,,3903
9840,50,2,FOOD,3903
9841,12,2,,3904
9842,65,2,FOOD,3904
9843,51,2,Unemployed,3905
9844,6,2,,3905
9845,12,2,,3906
9846,39,1,FOOD,1614
9847,60,3,WASTEMANAGEMENT,4556
9848,78,5,,5070
9849,60,2,FOOD,3906
9850,60,2,WASTEMANAGEMENT,3907
9851,65,2,WASTEMANAGEMENT,3907
9852,61,2,WASTEMANAGEMENT,3908
9853,79,4,,4946
9854,30,4,FOOD,4946
9855,41,2,FOOD,3908
9856,52,4,WASTEMANAGEMENT,4947
9857,23,4,FOOD,4947
9858,75,4,,4947
9859,69,3,,4556
9860,16,1,,1615
9861,38,1,FOOD,1616
9862,66,2,,3909
9863,33,4,FOOD,4947
9864,1,3,,4556
9865,63,2,FOOD,3909
9866,18,4,FOOD,4948
9867,70,4,,4948
9868,57,2,FOOD,3910
9869,65,4,WASTEMANAGEMENT,4948
9870,72,2,,3910
9871,56,2,FOOD,3911
9872,29,5,FOOD,5071
9873,74,1,,1617
9874,84,2,,3911
9875,25,2,Unemployed,3912
9876,52,3,Unemployed,4557
9877,70,4,,4948
9878,23,3,Unemployed,4557
9879,60,1,Unemployed,1618
9880,50,3,WASTEMANAGEMENT,4557
9881,41,1,FOOD,1619
9882,64,1,FOOD,1620
9883,60,3,FOOD,4558
9884,57,2,FOOD,3912
9885,18,6,WASTEMANAGEMENT,5118
9886,96,1,,1621
9887,22,3,FOOD,4558
9888,53,2,FOOD,3913
9889,36,4,FOOD,4949
9890,50,1,FOOD,1622
9891,8,2,,3913
9892,47,6,FOOD,5119
9893,43,2,FOOD,3914
9894,62,4,FOOD,4949
9895,65,2,FOOD,3914
9896,67,3,,4558
9897,78,1,,1623
9898,54,2,WASTEMANAGEMENT,3915
9899,63,1,FOOD,1624
9900,56,3,FOOD,4559
9901,22,2,FOOD,3915
9902,71,2,,3916
9903,48,3,FOOD,4559
9904,71,3,,4559
9905,94,3,,4560
9906,29,2,WASTEMANAGEMENT,3916
9907,60,4,FOOD,4949
9908,68,1,,1625
9909,23,2,FOOD,3917
9910,70,3,,4560
9911,66,2,,3917
9912,28,1,WASTEMANAGEMENT,1626
9913,52,3,WASTEMANAGEMENT,4560
9914,79,1,,1627
9915,59,2,WASTEMANAGEMENT,3918
9916,66,5,,5071
9917,29,2,FOOD,3918
9918,73,1,,1628
9919,76,4,,4949
9920,75,2,,3919
9921,62,2,FOOD,3919
9922,12,3,,4561
9923,32,3,FOOD,4561
9924,40,2,FOOD,3920
9925,60,3,FOOD,4561
9926,73,4,,4950
9927,73,5,,5071
9928,22,4,FOOD,4950
9929,71,2,,3920
9930,20,2,FOOD,3921
9931,63,2,Unemployed,3921
9932,41,4,FOOD,4950
9933,67,2,,3922
9934,87,4,,4950
9935,79,4,,4951
9936,23,2,WASTEMANAGEMENT,3922
9937,36,3,FOOD,4562
9938,70,5,,5071
9939,51,2,WASTEMANAGEMENT,3923
9940,61,3,WASTEMANAGEMENT,4562
9941,7,5,,5071
9942,60,1,FOOD,1629
9943,46,3,WASTEMANAGEMENT,4562
9944,94,4,,4951
9945,78,5,,5072
9946,14,1,,1630
9947,23,4,FOOD,4951
9948,97,2,,3923
9949,65,2,WASTEMANAGEMENT,3924
9950,31,5,FOOD,5072
9951,17,1,,1631
9952,39,2,FOOD,3924
9953,78,2,,3925
9954,59,2,FOOD,3925
9955,68,2,,3926
9956,72,3,,4563
9957,37,1,FOOD,1632
9958,93,3,,4563
9959,11,4,,4951
9960,98,2,,3926
9961,59,2,FOOD,3927
9962,51,2,FOOD,3927
9963,86,2,,3928
9964,12,3,,4563
9965,1,2,,3928
9966,53,2,FOOD,3929
9967,2,2,,3929
9968,59,2,FOOD,3930
9969,50,2,FOOD,3930
9970,69,4,,4952
9971,58,2,FOOD,3931
9972,78,1,,1633
9973,88,2,,3931
9974,58,2,FOOD,3932
9975,23,1,Unemployed,1634
9976,58,1,FOOD,1635
9977,19,4,FOOD,4952
9978,66,2,,3932
9979,52,2,FOOD,3933
9980,63,5,WASTEMANAGEMENT,5072
9981,41,2,WASTEMANAGEMENT,3933
9982,73,2,,3934
9983,78,4,,4952
9984,53,3,WASTEMANAGEMENT,4564
9985,4,2,,3934
9986,7,2,,3935
9987,54,2,FOOD,3935
9988,62,1,FOOD,1636
9989,61,5,FOOD,5072
9990,7,2,,3936
9991,2,2,,3936
9992,63,3,FOOD,4564
9993,31,2,WASTEMANAGEMENT,3937
9994,71,2,,3937
9995,55,1,WASTEMANAGEMENT,1637
9996,54,1,FOOD,1638
9997,71,2,,3938
9998,16,1,,1639
9999,97,3,,4564
10000,55,6,FOOD,5119
10001,58,4,FOOD,4952
10002,53,3,FOOD,4565
10003,63,6,Unemployed,5119
10004,91,3,,4565
10005,60,3,FOOD,4565
10006,27,2,WASTEMANAGEMENT,3938
10007,44,2,FOOD,3939
10008,52,4,WASTEMANAGEMENT,4953
10009,2,3,,4566
10010,97,3,,4566
10011,19,2,FOOD,3939
10012,59,6,FOOD,5119
10013,62,1,FOOD,1640
10014,62,2,FOOD,3940
10015,78,2,,3940
10016,78,1,,1641
10017,42,2,FOOD,3941
10018,44,3,FOOD,4566
10019,62,2,FOOD,3941
10020,69,4,,4953
10021,98,1,,1642
10022,32,1,FOOD,1643
10023,59,2,FOOD,3942
10024,66,1,,1644
10025,60,1,FOOD,1645
10026,77,3,,4567
10027,86,2,,3942
10028,65,2,WASTEMANAGEMENT,3943
10029,66,1,,1646
10030,50,2,FOOD,3943
10031,95,2,,3944
10032,55,2,FOOD,3944
10033,73,3,,4567
10034,51,2,FOOD,3945
10035,77,2,,3945
10036,91,2,,3946
10037,60,6,FOOD,5119
10038,0,4,,4953
10039,57,1,FOOD,1647
10040,17,5,,5072
10041,65,2,FOOD,3946
10042,30,2,WASTEMANAGEMENT,3947
10043,7,2,,3947
10044,49,1,WASTEMANAGEMENT,1648
10045,11,1,,1649
10046,5,2,,3948
10047,62,5,WASTEMANAGEMENT,5073
10048,58,5,WASTEMANAGEMENT,5073
10049,16,2,,3948
10050,78,2,,3949
10051,54,2,WASTEMANAGEMENT,3949
10052,54,3,FOOD,4567
10053,19,1,FOOD,1650
10054,5,3,,4568
10055,68,3,,4568
10056,56,2,WASTEMANAGEMENT,3950
10057,87,1,,1651
10058,39,3,FOOD,4568
10059,3,4,,4953
10060,71,3,,4569
10061,11,4,,4954
10062,87,2,,3950
10063,77,3,,4569
10064,23,1,FOOD,1652
10065,28,3,FOOD,4569
10066,36,4,FOOD,4954
10067,82,2,,3951
10068,61,2,FOOD,3951
10069,0,2,,3952
10070,13,1,,1653
10071,59,1,WASTEMANAGEMENT,1654
10072,74,2,,3952
10073,78,2,,3953
10074,6,4,,4954
10075,87,3,,4570
10076,41,2,FOOD,3953
10077,42,1,FOOD,1655
10078,96,3,,4570
10079,42,1,FOOD,1656
10080,0,2,,3954
10081,69,2,,3954
10082,75,6,,5119
10083,54,4,Unemployed,4954
10084,57,3,FOOD,4570
10085,22,2,WASTEMANAGEMENT,3955
10086,63,4,Unemployed,4955
10087,69,1,,1657
10088,67,4,,4955
10089,71,1,,1658
10090,66,3,,4571
10091,68,2,,3955
10092,75,3,,4571
10093,50,2,FOOD,3956
10094,56,1,FOOD,1659
10095,60,2,FOOD,3956
10096,89,1,,1660
10097,57,3,FOOD,4571
10098,52,4,FOOD,4955
10099,63,5,WASTEMANAGEMENT,5073
10100,96,2,,3957
10101,71,4,,4955
10102,27,3,FOOD,4572
10103,21,2,FOOD,3957
10104,78,1,,1661
10105,71,1,,1662
10106,48,4,FOOD,4956
10107,0,2,,3958
10108,13,2,,3958
10109,71,2,,3959
10110,16,2,,3959
10111,69,5,,5073
10112,62,4,WASTEMANAGEMENT,4956
10113,50,3,WASTEMANAGEMENT,4572
10114,61,2,WASTEMANAGEMENT,3960
10115,63,3,FOOD,4572
10116,67,2,,3960
10117,64,2,WASTEMANAGEMENT,3961
10118,70,2,,3961
10119,18,2,WASTEMANAGEMENT,3962
10120,71,2,,3962
10121,58,1,FOOD,1663
10122,71,4,,4956
10123,75,3,,4573
10124,50,6,WASTEMANAGEMENT,5120
10125,16,2,,3963
10126,0,2,,3963
10127,24,2,WASTEMANAGEMENT,3964
10128,5,2,,3964
10129,43,2,Unemployed,3965
10130,9,2,,3965
10131,3,3,,4573
10132,91,2,,3966
10133,27,2,FOOD,3966
10134,74,2,,3967
10135,48,2,FOOD,3967
10136,69,2,,3968
10137,61,2,FOOD,3968
10138,61,3,WASTEMANAGEMENT,4573
10139,87,2,,3969
10140,66,3,,4574
10141,75,1,,1664
10142,40,3,FOOD,4574
10143,54,3,FOOD,4574
10144,62,2,FOOD,3969
10145,63,4,FOOD,4956
10146,67,1,,1665
10147,74,1,,1666
10148,66,2,,3970
10149,23,2,FOOD,3970
10150,66,2,,3971
10151,20,1,FOOD,1667
10152,53,2,FOOD,3971
10153,57,4,FOOD,4957
10154,85,3,,4575
10155,35,1,FOOD,1668
10156,57,1,FOOD,1669
10157,97,1,,1670
10158,72,5,,5073
10159,66,2,,3972
10160,69,2,,3972
10161,60,2,FOOD,3973
10162,7,2,,3973
10163,40,2,WASTEMANAGEMENT,3974
10164,59,6,WASTEMANAGEMENT,5120
10165,49,3,FOOD,4575
10166,74,1,,1671
10167,63,4,FOOD,4957
10168,77,1,,1672
10169,39,1,FOOD,1673
10170,34,2,Unemployed,3974
10171,23,6,WASTEMANAGEMENT,5120
10172,31,4,WASTEMANAGEMENT,4957
10173,63,1,FOOD,1674
10174,54,2,WASTEMANAGEMENT,3975
10175,4,4,,4957
10176,61,3,FOOD,4575
10177,54,1,FOOD,1675
10178,73,2,,3975
10179,77,4,,4958
10180,45,3,WASTEMANAGEMENT,4576
10181,51,4,FOOD,4958
10182,57,4,FOOD,4958
10183,79,2,,3976
10184,66,2,,3976
10185,12,2,,3977
10186,77,2,,3977
10187,77,3,,4576
10188,68,2,,3978
10189,48,2,FOOD,3978
10190,50,3,FOOD,4576
10191,66,5,,5074
10192,85,2,,3979
10193,26,3,WASTEMANAGEMENT,4577
10194,30,5,FOOD,5074
10195,7,2,,3979
10196,57,4,WASTEMANAGEMENT,4958
10197,66,2,,3980
10198,42,6,Unemployed,5120
10199,81,2,,3980
10200,21,2,FOOD,3981
10201,50,2,FOOD,3981
10202,46,2,Unemployed,3982
10203,11,2,,3982
10204,10,2,,3983
10205,76,4,,4959
10206,59,6,FOOD,5120
10207,20,2,FOOD,3983
10208,75,2,,3984
10209,70,2,,3984
10210,16,4,,4959
10211,86,2,,3985
10212,68,2,,3985
10213,37,5,WASTEMANAGEMENT,5074
10214,68,2,,3986
10215,44,2,FOOD,3986
10216,64,3,FOOD,4577
10217,76,2,,3987
10218,76,1,,1676
10219,2,1,,1677
10220,71,2,,3987
10221,67,2,,3988
10222,74,3,,4577
10223,65,1,FOOD,1678
10224,63,2,WASTEMANAGEMENT,3988
10225,9,3,,4578
10226,59,2,FOOD,3989
10227,77,2,,3989
10228,65,2,FOOD,3990
10229,24,2,FOOD,3990
10230,74,2,,3991
10231,18,4,WASTEMANAGEMENT,4959
10232,66,2,,3991
10233,78,4,,4959
10234,98,2,,3992
10235,77,3,,4578
10236,63,2,FOOD,3992
10237,52,4,WASTEMANAGEMENT,4960
10238,82,3,,4578
10239,55,4,Unemployed,4960
10240,57,2,WASTEMANAGEMENT,3993
10241,60,4,FOOD,4960
10242,29,2,FOOD,3993
10243,62,1,FOOD,1679
10244,34,2,FOOD,3994
10245,55,2,FOOD,3994
10246,59,1,FOOD,1680
10247,29,2,FOOD,3995
10248,98,3,,4579
10249,45,2,FOOD,3995
10250,2,4,,4960
10251,30,2,FOOD,3996
10252,50,4,FOOD,4961
10253,18,5,FOOD,5074
10254,39,1,WASTEMANAGEMENT,1681
10255,40,2,FOOD,3996
10256,73,5,,5074
10257,52,1,FOOD,1682
10258,41,2,WASTEMANAGEMENT,3997
10259,62,1,FOOD,1683
10260,94,2,,3997
10261,21,2,FOOD,3998
10262,31,3,FOOD,4579
10263,50,4,WASTEMANAGEMENT,4961
10264,9,3,,4579
10265,55,1,FOOD,1684
10266,69,2,,3998
10267,9,4,,4961
10268,90,2,,3999
10269,5,2,,3999
10270,55,2,FOOD,4000
10271,88,1,,1685
10272,49,5,Unemployed,5075
10273,74,6,,5120
10274,93,1,,1686
10275,30,4,FOOD,4961
10276,50,2,FOOD,4000
10277,63,2,FOOD,4001
10278,54,3,WASTEMANAGEMENT,4580
10279,67,3,,4580
10280,67,4,,4962
10281,82,1,,1687
10282,61,2,FOOD,4001
10283,64,2,FOOD,4002
10284,63,1,FOOD,1688
10285,12,2,,4002
10286,70,2,,4003
10287,16,2,,4003
10288,7,3,,4580
10289,63,3,FOOD,4581
10290,24,2,FOOD,4004
10291,16,1,,1689
10292,54,4,WASTEMANAGEMENT,4962
10293,63,4,Unemployed,4962
10294,63,3,FOOD,4581
10295,78,3,,4581
10296,62,2,FOOD,4004
10297,9,3,,4582
10298,62,2,Unemployed,4005
10299,63,3,FOOD,4582
10300,24,2,WASTEMANAGEMENT,4005
10301,47,5,FOOD,5075
10302,4,1,,1690
10303,19,3,FOOD,4582
10304,95,2,,4006
10305,76,4,,4962
10306,28,1,FOOD,1691
10307,60,2,FOOD,4006
10308,53,2,FOOD,4007
10309,98,3,,4583
10310,66,3,,4583
10311,87,2,,4007
10312,98,1,,1692
10313,28,1,FOOD,1693
10314,54,4,FOOD,4963
10315,2,2,,4008
10316,46,1,FOOD,1694
10317,59,5,FOOD,5075
10318,71,2,,4008
10319,55,3,FOOD,4583
10320,69,5,,5075
10321,34,4,Unemployed,4963
10322,78,3,,4584
10323,44,4,FOOD,4963
10324,47,2,FOOD,4009
10325,49,2,WASTEMANAGEMENT,4009
10326,8,2,,4010
10327,74,3,,4584
10328,67,2,,4010
10329,52,1,WASTEMANAGEMENT,1695
10330,62,1,FOOD,1696
10331,14,2,,4011
10332,44,2,FOOD,4011
10333,16,2,,4012
10334,23,2,WASTEMANAGEMENT,4012
10335,42,3,FOOD,4584
10336,7,1,,1697
10337,61,1,FOOD,1698
10338,58,2,WASTEMANAGEMENT,4013
10339,60,2,FOOD,4013
10340,91,2,,4014
10341,38,2,FOOD,4014
10342,67,3,,4585
10343,61,3,FOOD,4585
10344,4,1,,1699
10345,20,2,WASTEMANAGEMENT,4015
10346,61,5,Unemployed,5075
10347,78,2,,4015
10348,53,2,WASTEMANAGEMENT,4016
10349,75,4,,4963
10350,60,2,FOOD,4016
10351,26,2,WASTEMANAGEMENT,4017
10352,1,1,,1700
10353,43,1,FOOD,1701
10354,65,2,FOOD,4017
10355,26,3,FOOD,4585
10356,16,1,,1702
10357,42,1,WASTEMANAGEMENT,1703
