ID,Age,Household Size,Occupations,Household ID
1,39,1,WASTEMANAGEMENT,1
2,73,4,,5573
3,20,4,Unemployed,5573
4,67,2,,2061
5,13,2,,2061
6,0,2,,2062
7,14,4,,5573
8,28,4,FOOD,5573
9,64,2,HEALTHCARE,2062
10,42,1,HEALTHCARE,2
11,35,2,HEALTHCARE,2063
12,64,2,HEALTHCARE,2063
13,38,4,FOOD,5574
14,65,2,FOOD,2064
15,62,2,HEALTHCARE,2064
16,17,1,,3
17,19,4,FOOD,5574
18,60,5,FOOD,6182
19,18,3,FOOD,4819
20,58,4,Unemployed,5574
21,6,3,,4819
22,17,2,,2065
23,20,4,HEALTHCARE,5574
24,56,2,OTHER,2065
25,59,2,FOOD,2066
26,45,1,FINANCEINSURANCE,4
27,7,2,,2066
28,54,5,FINANCEINSURANCE,6182
29,30,2,FOOD,2067
30,31,1,FINANCEINSURANCE,5
31,55,2,HEALTHCARE,2067
32,40,2,OTHER,2068
33,0,5,,6182
34,54,5,FOOD,6182
35,48,2,FOOD,2068
36,70,1,,6
37,55,2,FINANCEINSURANCE,2069
38,77,5,,6182
39,5,2,,2069
40,62,2,HEALTHCARE,2070
41,55,2,Unemployed,2070
42,71,1,,7
43,73,2,,2071
44,94,4,,5575
45,12,2,,2071
46,12,4,,5575
47,21,2,FOOD,2072
48,34,1,FOOD,8
49,6,6,,6465
50,23,2,HEALTHCARE,2072
51,38,1,WASTEMANAGEMENT,9
52,29,2,FOOD,2073
53,11,2,,2073
54,55,2,FINANCEINSURANCE,2074
55,2,4,,5575
56,65,2,OTHER,2074
57,45,2,FOOD,2075
58,96,2,,2075
59,34,2,HEALTHCARE,2076
60,6,3,,4819
61,29,5,HEALTHCARE,6183
62,26,4,FOOD,5575
63,74,2,,2076
64,38,2,FOOD,2077
65,31,3,FOOD,4820
66,61,6,HEALTHCARE,6465
67,19,6,OTHER,6465
68,54,2,HEALTHCARE,2077
69,12,5,,6183
70,31,2,HEALTHCARE,2078
71,7,3,,4820
72,48,2,HEALTHCARE,2078
73,58,2,HEALTHCARE,2079
74,39,2,HEALTHCARE,2079
75,68,4,,5576
76,51,3,HEALTHCARE,4820
77,49,4,HEALTHCARE,5576
78,46,4,FOOD,5576
79,14,5,,6183
80,74,1,,10
81,58,4,FOOD,5576
82,33,6,FOOD,6465
83,85,5,,6183
84,20,2,FOOD,2080
85,36,1,HEALTHCARE,11
86,47,3,HEALTHCARE,4821
87,10,3,,4821
88,78,1,,12
89,24,1,FOOD,13
90,41,4,HEALTHCARE,5577
91,65,2,HEALTHCARE,2080
92,39,4,HEALTHCARE,5577
93,65,5,FOOD,6183
94,9,2,,2081
95,8,6,,6465
96,21,4,FINANCEINSURANCE,5577
97,80,3,,4821
98,10,2,,2081
99,47,5,HEALTHCARE,6184
100,82,2,,2082
101,18,2,FOOD,2082
102,77,2,,2083
103,38,2,HEALTHCARE,2083
104,37,3,HEALTHCARE,4822
105,57,2,HEALTHCARE,2084
106,6,6,,6465
107,51,4,HEALTHCARE,5577
108,48,1,HEALTHCARE,14
109,23,2,Unemployed,2084
110,28,2,FINANCEINSURANCE,2085
111,65,1,HEALTHCARE,15
112,82,5,,6184
113,31,4,Unemployed,5578
114,95,2,,2085
115,0,2,,2086
116,20,6,HEALTHCARE,6466
117,61,2,Unemployed,2086
118,68,4,,5578
119,99,2,,2087
120,51,3,FOOD,4822
121,60,2,FINANCEINSURANCE,2087
122,23,1,HEALTHCARE,16
123,1,5,,6184
124,57,5,FOOD,6184
125,68,1,,17
126,2,2,,2088
127,7,2,,2088
128,77,2,,2089
129,79,1,,18
130,47,1,FOOD,19
131,80,4,,5578
132,95,3,,4822
133,37,3,Unemployed,4823
134,34,2,HEALTHCARE,2089
135,21,2,HEALTHCARE,2090
136,38,2,FOOD,2090
137,7,2,,2091
138,42,5,FOOD,6184
139,36,3,OTHER,4823
140,56,1,FOOD,20
141,62,1,FOOD,21
142,38,4,HEALTHCARE,5578
143,26,4,HEALTHCARE,5579
144,59,2,FOOD,2091
145,55,5,FINANCEINSURANCE,6185
146,45,4,HEALTHCARE,5579
147,49,3,FINANCEINSURANCE,4823
148,58,2,HEALTHCARE,2092
149,41,5,FOOD,6185
150,19,2,FOOD,2092
151,85,4,,5579
152,51,2,HEALTHCARE,2093
153,63,2,FOOD,2093
154,63,2,HEALTHCARE,2094
155,66,4,,5579
156,53,2,FOOD,2094
157,32,3,HEALTHCARE,4824
158,34,5,FOOD,6185
159,11,4,,5580
160,66,4,,5580
161,41,2,FOOD,2095
162,4,4,,5580
163,69,2,,2095
164,17,2,,2096
165,11,2,,2096
166,41,5,HEALTHCARE,6185
167,58,4,WASTEMANAGEMENT,5580
168,11,2,,2097
169,49,4,OTHER,5581
170,87,5,,6185
171,67,2,,2097
172,42,1,HEALTHCARE,22
173,54,6,OTHER,6466
174,93,3,,4824
175,18,1,FOOD,23
176,31,4,Unemployed,5581
177,13,2,,2098
178,62,5,HEALTHCARE,6186
179,55,3,FOOD,4824
180,50,2,FOOD,2098
181,18,2,HEALTHCARE,2099
182,17,4,,5581
183,60,4,HEALTHCARE,5581
184,58,2,FINANCEINSURANCE,2099
185,56,1,FOOD,24
186,48,3,FOOD,4825
187,44,4,HEALTHCARE,5582
188,55,1,FOOD,25
189,57,2,HEALTHCARE,2100
190,20,4,FOOD,5582
191,42,5,HEALTHCARE,6186
192,24,5,FOOD,6186
193,45,2,FOOD,2100
194,55,4,HEALTHCARE,5582
195,67,4,,5582
196,78,2,,2101
197,13,2,,2101
198,24,5,HEALTHCARE,6186
199,60,2,FINANCEINSURANCE,2102
200,54,2,Unemployed,2102
201,70,1,,26
202,49,5,FINANCEINSURANCE,6186
203,48,4,HEALTHCARE,5583
204,50,5,HEALTHCARE,6187
205,54,6,FOOD,6466
206,53,4,HEALTHCARE,5583
207,34,1,FINANCEINSURANCE,27
208,16,2,,2103
209,47,4,WASTEMANAGEMENT,5583
210,54,2,FOOD,2103
211,70,4,,5583
212,58,4,Unemployed,5584
213,42,2,HEALTHCARE,2104
214,32,2,Unemployed,2104
215,42,3,HEALTHCARE,4825
216,9,5,,6187
217,61,5,HEALTHCARE,6187
218,23,2,FOOD,2105
219,44,2,HEALTHCARE,2105
220,66,2,,2106
221,60,2,FOOD,2106
222,7,4,,5584
223,14,2,,2107
224,78,2,,2107
225,29,2,HEALTHCARE,2108
226,65,2,HEALTHCARE,2108
227,78,2,,2109
228,69,2,,2109
229,29,4,HEALTHCARE,5584
230,32,2,HEALTHCARE,2110
231,49,4,FOOD,5584
232,2,2,,2110
233,15,5,,6187
234,52,6,HEALTHCARE,6466
235,72,3,,4825
236,93,2,,2111
237,11,2,,2111
238,48,3,HEALTHCARE,4826
239,33,2,FOOD,2112
240,44,3,FOOD,4826
241,23,2,HEALTHCARE,2112
242,29,2,Unemployed,2113
243,42,4,HEALTHCARE,5585
244,55,2,HEALTHCARE,2113
245,56,5,Unemployed,6187
246,62,4,FOOD,5585
247,94,3,,4826
248,23,2,HEALTHCARE,2114
249,61,3,Unemployed,4827
250,30,3,OTHER,4827
251,60,6,OTHER,6466
252,77,2,,2114
253,35,3,FOOD,4827
254,33,5,FINANCEINSURANCE,6188
255,71,3,,4828
256,57,4,FOOD,5585
257,90,2,,2115
258,58,2,FOOD,2115
259,65,5,FOOD,6188
260,46,2,HEALTHCARE,2116
261,59,2,HEALTHCARE,2116
262,2,1,,28
263,70,2,,2117
264,60,5,HEALTHCARE,6188
265,34,2,FINANCEINSURANCE,2117
266,8,3,,4828
267,41,2,OTHER,2118
268,64,2,HEALTHCARE,2118
269,64,2,HEALTHCARE,2119
270,9,6,,6466
271,51,2,FOOD,2119
272,2,3,,4828
273,37,2,FOOD,2120
274,13,4,,5585
275,58,3,FOOD,4829
276,68,1,,29
277,17,3,,4829
278,21,6,FOOD,6467
279,28,2,FOOD,2120
280,71,1,,30
281,24,1,HEALTHCARE,31
282,94,2,,2121
283,23,3,FOOD,4829
284,59,2,HEALTHCARE,2121
285,42,2,HEALTHCARE,2122
286,66,4,,5586
287,56,4,FOOD,5586
288,4,5,,6188
289,51,1,HEALTHCARE,32
290,12,2,,2122
291,61,1,HEALTHCARE,33
292,65,4,HEALTHCARE,5586
293,61,2,Unemployed,2123
294,10,1,,34
295,42,2,FOOD,2123
296,4,2,,2124
297,90,4,,5586
298,63,1,HEALTHCARE,35
299,12,2,,2124
300,65,4,FINANCEINSURANCE,5587
301,72,2,,2125
302,67,5,,6188
303,52,2,OTHER,2125
304,34,4,Unemployed,5587
305,79,4,,5587
306,63,5,HEALTHCARE,6189
307,6,2,,2126
308,38,1,Unemployed,36
309,35,2,FOOD,2126
310,83,1,,37
311,51,1,HEALTHCARE,38
312,11,1,,39
313,42,6,HEALTHCARE,6467
314,11,2,,2127
315,64,1,FINANCEINSURANCE,40
316,33,1,Unemployed,41
317,2,2,,2127
318,62,2,HEALTHCARE,2128
319,9,2,,2128
320,19,1,HEALTHCARE,42
321,63,4,FOOD,5587
322,5,2,,2129
323,23,3,WASTEMANAGEMENT,4830
324,22,2,WASTEMANAGEMENT,2129
325,95,2,,2130
326,58,2,HEALTHCARE,2130
327,83,2,,2131
328,51,5,HEALTHCARE,6189
329,46,4,HEALTHCARE,5588
330,39,1,FINANCEINSURANCE,43
331,17,4,,5588
332,50,1,FOOD,44
333,6,1,,45
334,72,3,,4830
335,55,2,HEALTHCARE,2131
336,21,1,FOOD,46
337,60,1,FOOD,47
338,65,2,FOOD,2132
339,43,2,WASTEMANAGEMENT,2132
340,57,4,OTHER,5588
341,57,3,HEALTHCARE,4830
342,74,2,,2133
343,58,3,Unemployed,4831
344,66,1,,48
345,82,2,,2133
346,46,4,FOOD,5588
347,69,1,,49
348,55,2,HEALTHCARE,2134
349,65,2,HEALTHCARE,2134
350,65,1,FOOD,50
351,10,5,,6189
352,60,2,HEALTHCARE,2135
353,39,2,FOOD,2135
354,57,5,HEALTHCARE,6189
355,64,2,FOOD,2136
356,55,1,FOOD,51
357,57,3,FOOD,4831
358,6,2,,2136
359,25,2,FOOD,2137
360,97,2,,2137
361,74,2,,2138
362,73,4,,5589
363,68,4,,5589
364,52,2,FOOD,2138
365,75,1,,52
366,50,4,FINANCEINSURANCE,5589
367,56,5,HEALTHCARE,6189
368,12,6,,6467
369,54,2,HEALTHCARE,2139
370,16,1,,53
371,62,2,HEALTHCARE,2139
372,29,4,HEALTHCARE,5589
373,16,1,,54
374,57,1,HEALTHCARE,55
375,68,1,,56
376,19,6,FOOD,6467
377,100,1,,57
378,2,6,,6467
379,67,2,,2140
380,86,2,,2140
381,2,2,,2141
382,79,6,,6467
383,27,6,HEALTHCARE,6468
384,62,1,HEALTHCARE,58
385,66,1,,59
386,30,2,Unemployed,2141
387,69,2,,2142
388,63,6,FOOD,6468
389,2,3,,4831
390,41,4,HEALTHCARE,5590
391,54,5,HEALTHCARE,6190
392,27,2,FOOD,2142
393,57,2,HEALTHCARE,2143
394,25,4,HEALTHCARE,5590
395,67,3,,4832
396,58,5,FOOD,6190
397,35,2,Unemployed,2143
398,75,2,,2144
399,58,5,FOOD,6190
400,21,2,HEALTHCARE,2144
401,66,2,,2145
402,40,5,FOOD,6190
403,72,3,,4832
404,9,2,,2145
405,90,4,,5590
406,35,3,HEALTHCARE,4832
407,62,6,FOOD,6468
408,59,5,Unemployed,6190
409,55,4,HEALTHCARE,5590
410,87,6,,6468
411,53,5,FOOD,6191
412,48,1,HEALTHCARE,60
413,20,4,HEALTHCARE,5591
414,63,2,HEALTHCARE,2146
415,78,2,,2146
416,31,2,HEALTHCARE,2147
417,77,4,,5591
418,59,5,FOOD,6191
419,11,2,,2147
420,41,2,HEALTHCARE,2148
421,56,2,FOOD,2148
422,68,1,,61
423,66,6,,6468
424,36,2,HEALTHCARE,2149
425,63,4,OTHER,5591
426,76,1,,62
427,4,3,,4833
428,68,2,,2149
429,72,4,,5591
430,54,5,HEALTHCARE,6191
431,61,2,FOOD,2150
432,65,5,FOOD,6191
433,18,1,HEALTHCARE,63
434,42,4,WASTEMANAGEMENT,5592
435,48,1,HEALTHCARE,64
436,37,4,HEALTHCARE,5592
437,77,4,,5592
438,73,2,,2150
439,36,1,FOOD,65
440,58,5,HEALTHCARE,6191
441,66,6,,6468
442,33,5,FINANCEINSURANCE,6192
443,5,3,,4833
444,16,3,,4833
445,7,4,,5592
446,30,1,OTHER,66
447,37,2,HEALTHCARE,2151
448,18,5,FOOD,6192
449,23,1,HEALTHCARE,67
450,65,1,WASTEMANAGEMENT,68
451,52,1,HEALTHCARE,69
452,0,3,,4834
453,53,1,FINANCEINSURANCE,70
454,16,3,,4834
455,59,6,FOOD,6469
456,72,3,,4834
457,76,5,,6192
458,78,2,,2151
459,1,2,,2152
460,37,1,FOOD,71
461,17,2,,2152
462,44,2,FOOD,2153
463,55,4,HEALTHCARE,5593
464,31,2,Unemployed,2153
465,78,2,,2154
466,44,5,HEALTHCARE,6192
467,6,2,,2154
468,62,2,FINANCEINSURANCE,2155
469,24,4,FOOD,5593
470,59,1,FOOD,72
471,64,2,FOOD,2155
472,66,2,,2156
473,57,5,FOOD,6192
474,28,2,HEALTHCARE,2156
475,34,3,HEALTHCARE,4835
476,63,2,FOOD,2157
477,41,4,HEALTHCARE,5593
478,93,5,,6193
479,63,1,OTHER,73
480,22,4,FOOD,5593
481,87,4,,5594
482,53,3,FOOD,4835
483,67,2,,2157
484,59,3,FINANCEINSURANCE,4835
485,1,2,,2158
486,30,3,OTHER,4836
487,26,5,Unemployed,6193
488,64,4,FOOD,5594
489,14,2,,2158
490,24,1,FOOD,74
491,8,3,,4836
492,34,2,FOOD,2159
493,19,2,HEALTHCARE,2159
494,14,4,,5594
495,21,5,FOOD,6193
496,45,5,HEALTHCARE,6193
497,61,4,FOOD,5594
498,73,2,,2160
499,4,2,,2160
500,9,2,,2161
501,71,2,,2161
502,13,4,,5595
503,72,3,,4836
504,18,1,OTHER,75
505,45,4,HEALTHCARE,5595
506,53,2,OTHER,2162
507,12,1,,76
508,47,1,FOOD,77
509,8,4,,5595
510,13,4,,5595
511,78,4,,5596
512,19,3,HEALTHCARE,4837
513,49,3,HEALTHCARE,4837
514,37,2,HEALTHCARE,2162
515,42,1,HEALTHCARE,78
516,41,3,OTHER,4837
517,62,4,HEALTHCARE,5596
518,46,1,FOOD,79
519,61,6,FOOD,6469
520,63,2,FINANCEINSURANCE,2163
521,23,2,FOOD,2163
522,56,3,HEALTHCARE,4838
523,71,3,,4838
524,24,2,Unemployed,2164
525,55,6,HEALTHCARE,6469
526,64,4,HEALTHCARE,5596
527,18,2,HEALTHCARE,2164
528,19,2,HEALTHCARE,2165
529,25,2,HEALTHCARE,2165
530,32,2,FOOD,2166
531,90,4,,5596
532,40,2,HEALTHCARE,2166
533,3,3,,4838
534,60,4,HEALTHCARE,5597
535,25,6,HEALTHCARE,6469
536,32,1,HEALTHCARE,80
537,66,2,,2167
538,3,2,,2167
539,65,5,HEALTHCARE,6193
540,50,3,HEALTHCARE,4839
541,78,1,,81
542,25,2,FINANCEINSURANCE,2168
543,62,5,HEALTHCARE,6194
544,54,2,FOOD,2168
545,70,2,,2169
546,54,2,Unemployed,2169
547,30,2,Unemployed,2170
548,25,4,HEALTHCARE,5597
549,83,2,,2170
550,40,3,FOOD,4839
551,61,5,OTHER,6194
552,58,3,HEALTHCARE,4839
553,50,3,FOOD,4840
554,19,1,HEALTHCARE,82
555,55,4,HEALTHCARE,5597
556,73,4,,5597
557,40,6,HEALTHCARE,6469
558,59,2,HEALTHCARE,2171
559,17,2,,2171
560,1,4,,5598
561,45,2,Unemployed,2172
562,79,3,,4840
563,55,1,HEALTHCARE,83
564,5,6,,6469
565,78,5,,6194
566,81,3,,4840
567,69,1,,84
568,5,3,,4841
569,17,2,,2172
570,46,4,FOOD,5598
571,73,4,,5598
572,58,1,HEALTHCARE,85
573,42,3,HEALTHCARE,4841
574,67,3,,4841
575,86,2,,2173
576,87,4,,5598
577,7,3,,4842
578,32,4,FOOD,5599
579,29,1,FOOD,86
580,46,4,FOOD,5599
581,9,2,,2173
582,72,2,,2174
583,61,2,FINANCEINSURANCE,2174
584,49,5,HEALTHCARE,6194
585,78,1,,87
586,61,4,HEALTHCARE,5599
587,78,2,,2175
588,52,2,FOOD,2175
589,67,2,,2176
590,55,3,FOOD,4842
591,42,2,FOOD,2176
592,14,2,,2177
593,57,2,Unemployed,2177
594,97,2,,2178
595,28,4,Unemployed,5599
596,37,2,HEALTHCARE,2178
597,84,2,,2179
598,15,1,,88
599,45,2,FINANCEINSURANCE,2179
600,54,2,FOOD,2180
601,4,3,,4842
602,72,6,,6470
603,22,3,HEALTHCARE,4843
604,68,3,,4843
605,99,4,,5600
606,10,4,,5600
607,69,2,,2180
608,28,4,HEALTHCARE,5600
609,30,2,HEALTHCARE,2181
610,10,3,,4843
611,96,5,,6194
612,39,2,Unemployed,2181
613,71,4,,5600
614,63,1,HEALTHCARE,89
615,54,3,HEALTHCARE,4844
616,56,3,FOOD,4844
617,57,6,HEALTHCARE,6470
618,73,3,,4844
619,20,2,HEALTHCARE,2182
620,69,1,,90
621,5,4,,5601
622,52,2,HEALTHCARE,2182
623,63,3,FINANCEINSURANCE,4845
624,14,2,,2183
625,24,2,HEALTHCARE,2183
626,50,3,FOOD,4845
627,60,2,WASTEMANAGEMENT,2184
628,27,3,FOOD,4845
629,78,2,,2184
630,56,2,FOOD,2185
631,75,5,,6195
632,83,4,,5601
633,74,2,,2185
634,57,2,HEALTHCARE,2186
635,70,2,,2186
636,50,4,Unemployed,5601
637,86,6,,6470
638,20,4,HEALTHCARE,5601
639,24,2,WASTEMANAGEMENT,2187
640,44,2,FOOD,2187
641,66,6,,6470
642,60,1,HEALTHCARE,91
643,59,1,HEALTHCARE,92
644,26,2,HEALTHCARE,2188
645,73,2,,2188
646,70,2,,2189
647,76,3,,4846
648,15,2,,2189
649,2,4,,5602
650,24,2,FOOD,2190
651,54,2,HEALTHCARE,2190
652,67,4,,5602
653,37,1,FOOD,93
654,43,3,FINANCEINSURANCE,4846
655,8,3,,4846
656,15,2,,2191
657,3,5,,6195
658,68,6,,6470
659,71,2,,2191
660,37,2,FOOD,2192
661,63,5,FOOD,6195
662,31,2,HEALTHCARE,2192
663,63,2,FOOD,2193
664,39,2,HEALTHCARE,2193
665,39,3,FOOD,4847
666,34,3,FOOD,4847
667,47,4,FOOD,5602
668,3,2,,2194
669,50,2,FOOD,2194
670,44,2,HEALTHCARE,2195
671,98,1,,94
672,66,4,,5602
673,69,1,,95
674,34,2,FOOD,2195
675,0,2,,2196
676,77,4,,5603
677,41,2,FOOD,2196
678,5,5,,6195
679,95,3,,4847
680,42,3,Unemployed,4848
681,47,4,HEALTHCARE,5603
682,86,2,,2197
683,13,2,,2197
684,45,2,FINANCEINSURANCE,2198
685,35,2,HEALTHCARE,2198
686,51,1,FOOD,96
687,81,1,,97
688,63,4,HEALTHCARE,5603
689,76,1,,98
690,16,2,,2199
691,42,2,HEALTHCARE,2199
692,46,1,HEALTHCARE,99
693,74,2,,2200
694,87,6,,6470
695,45,2,HEALTHCARE,2200
696,12,5,,6195
697,3,3,,4848
698,77,4,,5603
699,75,1,,100
700,77,2,,2201
701,14,2,,2201
702,17,2,,2202
703,27,3,FOOD,4848
704,66,2,,2202
705,57,3,FINANCEINSURANCE,4849
706,31,1,HEALTHCARE,101
707,48,4,WASTEMANAGEMENT,5604
708,70,6,,6471
709,76,3,,4849
710,29,3,HEALTHCARE,4849
711,72,2,,2203
712,96,2,,2203
713,73,1,,102
714,63,2,FOOD,2204
715,64,5,OTHER,6196
716,63,4,HEALTHCARE,5604
717,59,2,HEALTHCARE,2204
718,4,2,,2205
719,52,3,HEALTHCARE,4850
720,53,1,FOOD,103
721,79,1,,104
722,55,1,HEALTHCARE,105
723,53,4,HEALTHCARE,5604
724,42,4,HEALTHCARE,5604
725,78,4,,5605
726,24,3,HEALTHCARE,4850
727,76,6,,6471
728,65,2,HEALTHCARE,2205
729,43,3,HEALTHCARE,4850
730,50,4,HEALTHCARE,5605
731,38,2,HEALTHCARE,2206
732,69,4,,5605
733,59,1,Unemployed,106
734,61,4,FINANCEINSURANCE,5605
735,63,3,HEALTHCARE,4851
736,5,2,,2206
737,58,2,FOOD,2207
738,70,2,,2207
739,55,4,FOOD,5606
740,3,6,,6471
741,10,5,,6196
742,28,3,HEALTHCARE,4851
743,27,3,FOOD,4851
744,32,2,FOOD,2208
745,71,2,,2208
746,1,2,,2209
747,65,1,FOOD,107
748,76,3,,4852
749,72,2,,2209
750,60,2,WASTEMANAGEMENT,2210
751,67,1,,108
752,60,4,HEALTHCARE,5606
753,66,1,,109
754,41,1,HEALTHCARE,110
755,17,2,,2210
756,62,3,FOOD,4852
757,54,2,FOOD,2211
758,15,3,,4852
759,75,5,,6196
760,99,2,,2211
761,63,6,WASTEMANAGEMENT,6471
762,68,3,,4853
763,77,4,,5606
764,64,1,FOOD,111
765,63,4,HEALTHCARE,5606
766,48,3,HEALTHCARE,4853
767,39,2,FOOD,2212
768,58,2,HEALTHCARE,2212
769,26,4,FOOD,5607
770,75,2,,2213
771,10,2,,2213
772,96,2,,2214
773,26,2,HEALTHCARE,2214
774,40,5,Unemployed,6196
775,0,3,,4853
776,53,2,HEALTHCARE,2215
777,69,2,,2215
778,13,2,,2216
779,62,2,HEALTHCARE,2216
780,63,2,HEALTHCARE,2217
781,41,4,HEALTHCARE,5607
782,53,6,HEALTHCARE,6471
783,17,1,,112
784,30,2,HEALTHCARE,2217
785,39,4,HEALTHCARE,5607
786,33,2,FOOD,2218
787,65,2,HEALTHCARE,2218
788,51,2,HEALTHCARE,2219
789,13,5,,6196
790,60,4,Unemployed,5607
791,24,1,FINANCEINSURANCE,113
792,77,2,,2219
793,62,3,FOOD,4854
794,74,1,,114
795,51,5,HEALTHCARE,6197
796,77,2,,2220
797,64,2,HEALTHCARE,2220
798,49,2,HEALTHCARE,2221
799,81,3,,4854
800,52,5,HEALTHCARE,6197
801,53,1,FOOD,115
802,63,1,HEALTHCARE,116
803,46,2,FOOD,2221
804,95,2,,2222
805,41,3,HEALTHCARE,4854
806,28,2,FOOD,2222
807,63,3,OTHER,4855
808,60,3,FOOD,4855
809,53,5,FOOD,6197
810,65,2,HEALTHCARE,2223
811,13,4,,5608
812,56,4,FOOD,5608
813,51,2,FOOD,2223
814,3,2,,2224
815,65,1,FOOD,117
816,76,3,,4855
817,13,6,,6471
818,4,4,,5608
819,61,3,HEALTHCARE,4856
820,60,6,HEALTHCARE,6472
821,10,2,,2224
822,17,2,,2225
823,53,3,Unemployed,4856
824,9,5,,6197
825,84,1,,118
826,34,3,HEALTHCARE,4856
827,71,1,,119
828,38,5,HEALTHCARE,6197
829,56,4,Unemployed,5608
830,52,1,Unemployed,120
831,67,5,,6198
832,36,1,FOOD,121
833,2,2,,2225
834,45,3,FOOD,4857
835,15,1,,122
836,55,4,FOOD,5609
837,45,4,OTHER,5609
838,52,5,FOOD,6198
839,49,2,FINANCEINSURANCE,2226
840,34,4,Unemployed,5609
841,64,2,HEALTHCARE,2226
842,70,4,,5609
843,25,2,FOOD,2227
844,25,4,HEALTHCARE,5610
845,38,4,HEALTHCARE,5610
846,29,2,HEALTHCARE,2227
847,20,2,FOOD,2228
848,57,2,FOOD,2228
849,6,6,,6472
850,56,3,FINANCEINSURANCE,4857
851,72,3,,4857
852,70,2,,2229
853,0,3,,4858
854,99,2,,2229
855,24,5,FOOD,6198
856,19,3,HEALTHCARE,4858
857,31,2,FINANCEINSURANCE,2230
858,65,1,HEALTHCARE,123
859,100,1,,124
860,50,1,FOOD,125
861,25,3,HEALTHCARE,4858
862,53,5,HEALTHCARE,6198
863,53,2,FOOD,2230
864,100,4,,5610
865,6,3,,4859
866,16,6,,6472
867,60,2,FOOD,2231
868,62,2,HEALTHCARE,2231
869,46,6,HEALTHCARE,6472
870,45,2,HEALTHCARE,2232
871,61,4,HEALTHCARE,5610
872,2,4,,5611
873,39,3,Unemployed,4859
874,12,3,,4859
875,2,1,,126
876,72,2,,2232
877,88,4,,5611
878,24,2,HEALTHCARE,2233
879,70,2,,2233
880,46,6,HEALTHCARE,6472
881,23,2,Unemployed,2234
882,73,2,,2234
883,63,6,HEALTHCARE,6472
884,3,2,,2235
885,60,4,FOOD,5611
886,43,4,FOOD,5611
887,60,2,WASTEMANAGEMENT,2235
888,21,3,HEALTHCARE,4860
889,10,3,,4860
890,61,5,HEALTHCARE,6198
891,50,1,Unemployed,127
892,59,2,Unemployed,2236
893,4,1,,128
894,17,3,,4860
895,6,2,,2236
896,39,4,HEALTHCARE,5612
897,43,5,FOOD,6199
898,1,5,,6199
899,66,2,,2237
900,76,5,,6199
901,70,4,,5612
902,69,2,,2237
903,63,2,HEALTHCARE,2238
904,59,3,HEALTHCARE,4861
905,64,5,HEALTHCARE,6199
906,88,4,,5612
907,73,5,,6199
908,28,2,HEALTHCARE,2238
909,19,1,HEALTHCARE,129
910,65,1,HEALTHCARE,130
911,20,2,FINANCEINSURANCE,2239
912,76,4,,5612
913,54,2,FOOD,2239
914,63,3,HEALTHCARE,4861
915,12,4,,5613
916,18,2,Unemployed,2240
917,76,3,,4861
918,58,2,HEALTHCARE,2240
919,13,1,,131
920,56,1,HEALTHCARE,132
921,37,2,HEALTHCARE,2241
922,19,3,Unemployed,4862
923,52,2,HEALTHCARE,2241
924,65,2,HEALTHCARE,2242
925,67,1,,133
926,23,2,OTHER,2242
927,39,5,WASTEMANAGEMENT,6200
928,60,2,Unemployed,2243
929,2,2,,2243
930,78,4,,5613
931,7,4,,5613
932,78,3,,4862
933,8,4,,5613
934,66,2,,2244
935,95,1,,134
936,64,2,FOOD,2244
937,33,2,FOOD,2245
938,21,3,HEALTHCARE,4862
939,41,4,FOOD,5614
940,50,3,HEALTHCARE,4863
941,51,2,HEALTHCARE,2245
942,10,2,,2246
943,61,2,OTHER,2246
944,42,2,HEALTHCARE,2247
945,59,2,HEALTHCARE,2247
946,13,2,,2248
947,82,6,,6473
948,27,1,HEALTHCARE,135
949,36,2,HEALTHCARE,2248
950,13,2,,2249
951,65,3,FOOD,4863
952,11,2,,2249
953,97,4,,5614
954,50,2,HEALTHCARE,2250
955,54,2,FINANCEINSURANCE,2250
956,58,1,FOOD,136
957,30,3,FOOD,4863
958,66,6,,6473
959,28,2,HEALTHCARE,2251
960,14,2,,2251
961,83,4,,5614
962,93,2,,2252
963,86,2,,2252
964,37,2,FOOD,2253
965,70,2,,2253
966,20,4,FOOD,5614
967,64,1,HEALTHCARE,137
968,38,3,HEALTHCARE,4864
969,8,2,,2254
970,69,2,,2254
971,44,3,HEALTHCARE,4864
972,66,6,,6473
973,72,2,,2255
974,66,1,,138
975,31,1,FOOD,139
976,1,1,,140
977,55,3,Unemployed,4864
978,50,6,FINANCEINSURANCE,6473
979,26,2,HEALTHCARE,2255
980,43,2,FINANCEINSURANCE,2256
981,96,4,,5615
982,0,2,,2256
983,71,2,,2257
984,67,2,,2257
985,38,2,HEALTHCARE,2258
986,76,4,,5615
987,48,2,FOOD,2258
988,23,5,HEALTHCARE,6200
989,9,1,,141
990,41,4,FOOD,5615
991,78,3,,4865
992,53,2,FOOD,2259
993,49,5,HEALTHCARE,6200
994,94,2,,2259
995,72,2,,2260
996,75,1,,142
997,9,6,,6473
998,72,4,,5615
999,6,2,,2260
1000,3,1,,143
1001,55,2,HEALTHCARE,2261
1002,66,4,,5616
1003,14,2,,2261
1004,10,5,,6200
1005,49,2,FOOD,2262
1006,57,5,HEALTHCARE,6200
1007,32,2,HEALTHCARE,2262
1008,63,2,FOOD,2263
1009,14,2,,2263
1010,28,2,OTHER,2264
1011,5,6,,6473
1012,77,3,,4865
1013,69,2,,2264
1014,66,1,,144
1015,10,3,,4865
1016,81,2,,2265
1017,79,3,,4866
1018,45,1,FOOD,145
1019,46,4,FOOD,5616
1020,62,5,FOOD,6201
1021,79,2,,2265
1022,5,4,,5616
1023,68,2,,2266
1024,21,3,OTHER,4866
1025,28,4,HEALTHCARE,5616
1026,36,5,FOOD,6201
1027,4,1,,146
1028,65,4,HEALTHCARE,5617
1029,59,2,HEALTHCARE,2266
1030,68,2,,2267
1031,71,4,,5617
1032,67,4,,5617
1033,71,5,,6201
1034,42,4,FOOD,5617
1035,30,2,HEALTHCARE,2267
1036,54,2,HEALTHCARE,2268
1037,56,2,HEALTHCARE,2268
1038,53,3,FOOD,4866
1039,69,3,,4867
1040,19,3,HEALTHCARE,4867
1041,64,4,HEALTHCARE,5618
1042,9,3,,4867
1043,78,2,,2269
1044,9,2,,2269
1045,8,2,,2270
1046,44,3,FOOD,4868
1047,87,1,,147
1048,46,3,OTHER,4868
1049,7,3,,4868
1050,77,2,,2270
1051,34,1,FOOD,148
1052,11,2,,2271
1053,5,4,,5618
1054,7,4,,5618
1055,9,1,,149
1056,59,2,HEALTHCARE,2271
1057,40,3,FOOD,4869
1058,2,2,,2272
1059,55,1,HEALTHCARE,150
1060,65,2,FINANCEINSURANCE,2272
1061,65,2,FOOD,2273
1062,68,4,,5618
1063,30,2,FINANCEINSURANCE,2273
1064,2,2,,2274
1065,74,1,,151
1066,59,3,HEALTHCARE,4869
1067,96,4,,5619
1068,54,6,FOOD,6474
1069,8,3,,4869
1070,29,3,FOOD,4870
1071,65,2,FINANCEINSURANCE,2274
1072,37,2,HEALTHCARE,2275
1073,65,4,FOOD,5619
1074,94,2,,2275
1075,39,2,FOOD,2276
1076,55,2,HEALTHCARE,2276
1077,100,2,,2277
1078,58,6,FOOD,6474
1079,15,2,,2277
1080,6,5,,6201
1081,42,1,FOOD,152
1082,49,3,FOOD,4870
1083,56,4,HEALTHCARE,5619
1084,62,3,FOOD,4870
1085,60,2,WASTEMANAGEMENT,2278
1086,48,2,FOOD,2278
1087,96,2,,2279
1088,33,3,Unemployed,4871
1089,49,2,FOOD,2279
1090,64,1,HEALTHCARE,153
1091,40,4,HEALTHCARE,5619
1092,60,2,HEALTHCARE,2280
1093,2,5,,6201
1094,29,2,OTHER,2280
1095,46,2,HEALTHCARE,2281
1096,66,1,,154
1097,41,2,HEALTHCARE,2281
1098,19,2,HEALTHCARE,2282
1099,13,6,,6474
1100,54,3,HEALTHCARE,4871
1101,61,3,HEALTHCARE,4871
1102,31,2,HEALTHCARE,2282
1103,75,2,,2283
1104,0,2,,2283
1105,67,3,,4872
1106,64,2,HEALTHCARE,2284
1107,78,3,,4872
1108,63,2,FOOD,2284
1109,58,2,FOOD,2285
1110,4,1,,155
1111,63,5,FOOD,6202
1112,45,1,HEALTHCARE,156
1113,27,3,FOOD,4872
1114,79,2,,2285
1115,60,4,Unemployed,5620
1116,45,4,HEALTHCARE,5620
1117,31,2,FOOD,2286
1118,26,4,FINANCEINSURANCE,5620
1119,70,2,,2286
1120,67,2,,2287
1121,48,6,HEALTHCARE,6474
1122,62,2,FOOD,2287
1123,12,2,,2288
1124,2,4,,5620
1125,26,3,FOOD,4873
1126,57,1,FOOD,157
1127,64,5,OTHER,6202
1128,34,3,HEALTHCARE,4873
1129,79,5,,6202
1130,62,6,FOOD,6474
1131,85,2,,2288
1132,45,6,Unemployed,6474
1133,77,4,,5621
1134,35,2,HEALTHCARE,2289
1135,74,5,,6202
1136,63,4,HEALTHCARE,5621
1137,55,2,FOOD,2289
1138,54,6,HEALTHCARE,6475
1139,0,1,,158
1140,9,2,,2290
1141,27,2,FOOD,2290
1142,36,3,OTHER,4873
1143,26,2,Unemployed,2291
1144,70,1,,159
1145,9,2,,2291
1146,27,1,HEALTHCARE,160
1147,61,2,HEALTHCARE,2292
1148,19,1,HEALTHCARE,161
1149,17,4,,5621
1150,70,1,,162
1151,30,6,OTHER,6475
1152,37,6,HEALTHCARE,6475
1153,9,4,,5621
1154,46,3,WASTEMANAGEMENT,4874
1155,0,2,,2292
1156,36,2,HEALTHCARE,2293
1157,41,2,HEALTHCARE,2293
1158,44,3,HEALTHCARE,4874
1159,51,3,Unemployed,4874
1160,38,4,FINANCEINSURANCE,5622
1161,42,4,HEALTHCARE,5622
1162,75,1,,163
1163,8,4,,5622
1164,5,2,,2294
1165,12,5,,6202
1166,73,5,,6203
1167,28,2,OTHER,2294
1168,79,6,,6475
1169,21,2,Unemployed,2295
1170,13,3,,4875
1171,52,5,FOOD,6203
1172,77,6,,6475
1173,69,2,,2295
1174,57,2,HEALTHCARE,2296
1175,66,2,,2296
1176,63,1,HEALTHCARE,164
1177,90,2,,2297
1178,31,2,OTHER,2297
1179,53,2,FINANCEINSURANCE,2298
1180,66,1,,165
1181,30,2,FOOD,2298
1182,33,6,FINANCEINSURANCE,6475
1183,60,6,HEALTHCARE,6476
1184,52,4,Unemployed,5622
1185,79,3,,4875
1186,61,2,HEALTHCARE,2299
1187,43,3,FOOD,4875
1188,26,4,FOOD,5623
1189,11,2,,2299
1190,36,5,FOOD,6203
1191,20,1,HEALTHCARE,166
1192,5,6,,6476
1193,61,2,FOOD,2300
1194,49,2,HEALTHCARE,2300
1195,61,2,FOOD,2301
1196,49,2,FOOD,2301
1197,65,5,FOOD,6203
1198,52,1,HEALTHCARE,167
1199,27,2,OTHER,2302
1200,10,2,,2302
1201,66,2,,2303
1202,12,2,,2303
1203,23,2,FOOD,2304
1204,49,4,HEALTHCARE,5623
1205,84,2,,2304
1206,4,1,,168
1207,78,4,,5623
1208,57,2,FINANCEINSURANCE,2305
1209,1,2,,2305
1210,62,3,HEALTHCARE,4876
1211,29,5,OTHER,6203
1212,61,2,HEALTHCARE,2306
1213,58,3,Unemployed,4876
1214,61,2,HEALTHCARE,2306
1215,57,2,HEALTHCARE,2307
1216,26,3,FOOD,4876
1217,68,3,,4877
1218,69,2,,2307
1219,60,2,FOOD,2308
1220,20,3,HEALTHCARE,4877
1221,66,5,,6204
1222,45,2,FOOD,2308
1223,66,2,,2309
1224,32,2,FOOD,2309
1225,65,2,HEALTHCARE,2310
1226,50,3,OTHER,4877
1227,16,2,,2310
1228,17,2,,2311
1229,50,2,FOOD,2311
1230,19,2,HEALTHCARE,2312
1231,40,3,HEALTHCARE,4878
1232,53,4,HEALTHCARE,5623
1233,49,2,HEALTHCARE,2312
1234,61,3,FOOD,4878
1235,37,3,FOOD,4878
1236,20,1,FOOD,169
1237,93,4,,5624
1238,11,5,,6204
1239,32,2,FOOD,2313
1240,12,4,,5624
1241,52,5,HEALTHCARE,6204
1242,79,3,,4879
1243,29,4,HEALTHCARE,5624
1244,88,2,,2313
1245,57,2,HEALTHCARE,2314
1246,26,4,HEALTHCARE,5624
1247,56,2,FOOD,2314
1248,38,6,HEALTHCARE,6476
1249,6,2,,2315
1250,46,5,OTHER,6204
1251,25,6,FOOD,6476
1252,24,5,HEALTHCARE,6204
1253,4,4,,5625
1254,41,6,HEALTHCARE,6476
1255,40,1,OTHER,170
1256,54,6,FOOD,6476
1257,48,6,FOOD,6477
1258,36,2,HEALTHCARE,2315
1259,62,4,HEALTHCARE,5625
1260,74,3,,4879
1261,69,2,,2316
1262,7,3,,4879
1263,51,4,Unemployed,5625
1264,26,1,FOOD,171
1265,49,2,HEALTHCARE,2316
1266,8,2,,2317
1267,66,2,,2317
1268,56,2,FOOD,2318
1269,92,2,,2318
1270,48,1,HEALTHCARE,172
1271,29,2,HEALTHCARE,2319
1272,66,3,,4880
1273,78,1,,173
1274,69,2,,2319
1275,53,2,FOOD,2320
1276,78,2,,2320
1277,12,2,,2321
1278,77,2,,2321
1279,38,2,FOOD,2322
1280,76,2,,2322
1281,66,1,,174
1282,8,6,,6477
1283,39,2,OTHER,2323
1284,65,3,OTHER,4880
1285,50,2,OTHER,2323
1286,22,2,FOOD,2324
1287,58,1,HEALTHCARE,175
1288,22,5,HEALTHCARE,6205
1289,70,2,,2324
1290,5,5,,6205
1291,27,6,FOOD,6477
1292,66,3,,4880
1293,40,2,FINANCEINSURANCE,2325
1294,61,1,FOOD,176
1295,65,2,HEALTHCARE,2325
1296,13,2,,2326
1297,59,1,HEALTHCARE,177
1298,69,3,,4881
1299,63,2,FOOD,2326
1300,32,3,HEALTHCARE,4881
1301,37,2,FOOD,2327
1302,55,2,FOOD,2327
1303,38,2,HEALTHCARE,2328
1304,92,1,,178
1305,68,2,,2328
1306,0,4,,5625
1307,22,4,Unemployed,5626
1308,40,1,HEALTHCARE,179
1309,78,2,,2329
1310,9,1,,180
1311,28,3,HEALTHCARE,4881
1312,45,1,FOOD,181
1313,19,4,Unemployed,5626
1314,55,2,OTHER,2329
1315,32,6,HEALTHCARE,6477
1316,5,2,,2330
1317,70,5,,6205
1318,77,4,,5626
1319,62,4,FOOD,5626
1320,56,4,HEALTHCARE,5627
1321,41,1,FOOD,182
1322,31,2,FOOD,2330
1323,12,1,,183
1324,53,1,FOOD,184
1325,73,3,,4882
1326,83,2,,2331
1327,0,4,,5627
1328,51,4,OTHER,5627
1329,41,1,HEALTHCARE,185
1330,48,2,OTHER,2331
1331,17,1,,186
1332,65,1,HEALTHCARE,187
1333,69,5,,6205
1334,25,2,HEALTHCARE,2332
1335,88,6,,6477
1336,63,2,FOOD,2332
1337,7,4,,5627
1338,60,3,FOOD,4882
1339,23,2,WASTEMANAGEMENT,2333
1340,71,3,,4882
1341,21,2,HEALTHCARE,2333
1342,66,3,,4883
1343,46,1,HEALTHCARE,188
1344,10,3,,4883
1345,35,2,HEALTHCARE,2334
1346,35,3,FOOD,4883
1347,60,2,FOOD,2334
1348,32,2,WASTEMANAGEMENT,2335
1349,65,2,FOOD,2335
1350,65,1,FINANCEINSURANCE,189
1351,11,4,,5628
1352,54,1,HEALTHCARE,190
1353,72,3,,4884
1354,63,2,HEALTHCARE,2336
1355,22,2,FINANCEINSURANCE,2336
1356,60,2,HEALTHCARE,2337
1357,79,4,,5628
1358,78,4,,5628
1359,67,3,,4884
1360,38,1,FINANCEINSURANCE,191
1361,72,2,,2337
1362,84,5,,6205
1363,67,2,,2338
1364,73,2,,2338
1365,69,2,,2339
1366,20,6,OTHER,6477
1367,72,1,,192
1368,51,1,HEALTHCARE,193
1369,53,2,OTHER,2339
1370,9,1,,194
1371,67,6,,6478
1372,5,2,,2340
1373,45,1,FINANCEINSURANCE,195
1374,96,2,,2340
1375,42,4,HEALTHCARE,5628
1376,52,4,HEALTHCARE,5629
1377,16,2,,2341
1378,72,3,,4884
1379,95,3,,4885
1380,20,2,OTHER,2341
1381,61,2,FOOD,2342
1382,42,2,Unemployed,2342
1383,23,2,FOOD,2343
1384,65,2,FINANCEINSURANCE,2343
1385,77,3,,4885
1386,44,4,Unemployed,5629
1387,73,2,,2344
1388,48,3,FOOD,4885
1389,65,2,FINANCEINSURANCE,2344
1390,7,1,,196
1391,54,2,HEALTHCARE,2345
1392,71,3,,4886
1393,53,2,OTHER,2345
1394,53,2,FOOD,2346
1395,56,2,OTHER,2346
1396,11,2,,2347
1397,35,4,HEALTHCARE,5629
1398,18,1,HEALTHCARE,197
1399,29,3,FOOD,4886
1400,2,2,,2347
1401,22,2,HEALTHCARE,2348
1402,52,2,FOOD,2348
1403,30,1,OTHER,198
1404,32,5,FOOD,6206
1405,65,4,HEALTHCARE,5629
1406,66,2,,2349
1407,49,5,FOOD,6206
1408,47,6,FINANCEINSURANCE,6478
1409,30,2,FOOD,2349
1410,27,4,Unemployed,5630
1411,62,2,HEALTHCARE,2350
1412,1,2,,2350
1413,57,5,HEALTHCARE,6206
1414,20,2,HEALTHCARE,2351
1415,2,5,,6206
1416,30,3,Unemployed,4886
1417,36,2,HEALTHCARE,2351
1418,15,2,,2352
1419,88,6,,6478
1420,74,1,,199
1421,68,5,,6206
1422,47,1,FOOD,200
1423,61,4,FOOD,5630
1424,58,2,HEALTHCARE,2352
1425,68,3,,4887
1426,37,3,FOOD,4887
1427,51,4,FOOD,5630
1428,39,3,FOOD,4887
1429,42,1,FOOD,201
1430,79,3,,4888
1431,68,6,,6478
1432,15,4,,5630
1433,74,3,,4888
1434,2,2,,2353
1435,38,5,HEALTHCARE,6207
1436,15,2,,2353
1437,12,4,,5631
1438,59,2,HEALTHCARE,2354
1439,35,4,HEALTHCARE,5631
1440,9,3,,4888
1441,63,2,HEALTHCARE,2354
1442,72,1,,202
1443,31,4,HEALTHCARE,5631
1444,78,1,,203
1445,38,1,HEALTHCARE,204
1446,57,2,HEALTHCARE,2355
1447,38,5,HEALTHCARE,6207
1448,58,2,FOOD,2355
1449,56,6,HEALTHCARE,6478
1450,37,5,HEALTHCARE,6207
1451,60,2,FOOD,2356
1452,11,2,,2356
1453,51,2,HEALTHCARE,2357
1454,17,5,,6207
1455,60,5,HEALTHCARE,6207
1456,54,2,HEALTHCARE,2357
1457,29,2,FOOD,2358
1458,91,3,,4889
1459,45,4,FOOD,5631
1460,1,6,,6478
1461,58,2,FINANCEINSURANCE,2358
1462,36,1,OTHER,205
1463,59,3,Unemployed,4889
1464,41,2,FOOD,2359
1465,81,3,,4889
1466,1,3,,4890
1467,65,2,FOOD,2359
1468,73,2,,2360
1469,54,4,FOOD,5632
1470,29,2,HEALTHCARE,2360
1471,71,2,,2361
1472,95,1,,206
1473,37,5,HEALTHCARE,6208
1474,49,2,HEALTHCARE,2361
1475,35,2,HEALTHCARE,2362
1476,67,3,,4890
1477,57,2,FOOD,2362
1478,39,1,FOOD,207
1479,23,2,HEALTHCARE,2363
1480,83,2,,2363
1481,55,3,OTHER,4890
1482,0,3,,4891
1483,11,2,,2364
1484,79,2,,2364
1485,76,3,,4891
1486,17,3,,4891
1487,82,1,,208
1488,15,2,,2365
1489,19,5,FOOD,6208
1490,9,3,,4892
1491,68,2,,2365
1492,61,2,HEALTHCARE,2366
1493,34,4,WASTEMANAGEMENT,5632
1494,61,4,FOOD,5632
1495,47,2,HEALTHCARE,2366
1496,67,4,,5632
1497,74,1,,209
1498,17,5,,6208
1499,33,1,HEALTHCARE,210
1500,46,4,FOOD,5633
1501,70,2,,2367
1502,78,2,,2367
1503,20,3,FOOD,4892
1504,45,1,FOOD,211
1505,34,3,HEALTHCARE,4892
1506,65,2,HEALTHCARE,2368
1507,76,6,,6479
1508,60,3,HEALTHCARE,4893
1509,76,4,,5633
1510,70,5,,6208
1511,99,6,,6479
1512,50,4,OTHER,5633
1513,52,1,FOOD,212
1514,44,2,FOOD,2368
1515,66,6,,6479
1516,74,2,,2369
1517,54,1,HEALTHCARE,213
1518,75,2,,2369
1519,63,2,FOOD,2370
1520,65,1,Unemployed,214
1521,95,4,,5633
1522,91,1,,215
1523,60,2,Unemployed,2370
1524,5,3,,4893
1525,62,1,Unemployed,216
1526,33,3,FINANCEINSURANCE,4893
1527,66,2,,2371
1528,94,4,,5634
1529,76,4,,5634
1530,66,1,,217
1531,52,2,FOOD,2371
1532,18,2,OTHER,2372
1533,28,2,FOOD,2372
1534,51,2,Unemployed,2373
1535,6,3,,4894
1536,60,1,HEALTHCARE,218
1537,51,2,HEALTHCARE,2373
1538,69,2,,2374
1539,3,3,,4894
1540,68,3,,4894
1541,31,1,WASTEMANAGEMENT,219
1542,60,4,HEALTHCARE,5634
1543,59,4,HEALTHCARE,5634
1544,59,2,HEALTHCARE,2374
1545,44,4,HEALTHCARE,5635
1546,51,3,HEALTHCARE,4895
1547,10,2,,2375
1548,25,5,FOOD,6208
1549,51,2,OTHER,2375
1550,0,2,,2376
1551,38,4,HEALTHCARE,5635
1552,48,2,WASTEMANAGEMENT,2376
1553,50,6,HEALTHCARE,6479
1554,54,1,OTHER,220
1555,66,2,,2377
1556,53,1,FINANCEINSURANCE,221
1557,71,2,,2377
1558,68,4,,5635
1559,62,3,FOOD,4895
1560,68,6,,6479
1561,25,4,HEALTHCARE,5635
1562,61,2,HEALTHCARE,2378
1563,57,4,HEALTHCARE,5636
1564,42,6,FINANCEINSURANCE,6479
1565,46,5,Unemployed,6209
1566,64,4,FOOD,5636
1567,16,6,,6480
1568,17,2,,2378
1569,5,1,,222
1570,16,2,,2379
1571,15,3,,4895
1572,64,2,HEALTHCARE,2379
1573,30,4,HEALTHCARE,5636
1574,47,3,HEALTHCARE,4896
1575,27,4,HEALTHCARE,5636
1576,53,1,Unemployed,223
1577,53,4,HEALTHCARE,5637
1578,67,2,,2380
1579,76,5,,6209
1580,2,1,,224
1581,8,2,,2380
1582,69,2,,2381
1583,69,2,,2381
1584,69,2,,2382
1585,35,3,HEALTHCARE,4896
1586,42,2,HEALTHCARE,2382
1587,9,2,,2383
1588,55,1,FOOD,225
1589,78,1,,226
1590,60,6,HEALTHCARE,6480
1591,57,4,FOOD,5637
1592,69,3,,4896
1593,73,4,,5637
1594,79,4,,5637
1595,22,2,OTHER,2383
1596,68,3,,4897
1597,44,2,HEALTHCARE,2384
1598,72,3,,4897
1599,64,3,FOOD,4897
1600,69,2,,2384
1601,64,2,FOOD,2385
1602,69,2,,2385
1603,44,1,Unemployed,227
1604,76,3,,4898
1605,76,5,,6209
1606,70,1,,228
1607,63,2,HEALTHCARE,2386
1608,74,2,,2386
1609,69,2,,2387
1610,52,2,HEALTHCARE,2387
1611,76,4,,5638
1612,60,2,HEALTHCARE,2388
1613,48,3,FOOD,4898
1614,20,1,FOOD,229
1615,60,2,FINANCEINSURANCE,2388
1616,73,2,,2389
1617,61,2,FOOD,2389
1618,48,2,FOOD,2390
1619,62,1,FOOD,230
1620,65,2,FOOD,2390
1621,31,2,HEALTHCARE,2391
1622,33,4,FOOD,5638
1623,58,4,Unemployed,5638
1624,42,6,HEALTHCARE,6480
1625,24,2,HEALTHCARE,2391
1626,74,3,,4898
1627,10,2,,2392
1628,60,2,HEALTHCARE,2392
1629,57,1,FINANCEINSURANCE,231
1630,43,4,HEALTHCARE,5638
1631,28,3,Unemployed,4899
1632,53,1,FOOD,232
1633,63,3,FINANCEINSURANCE,4899
1634,53,6,FINANCEINSURANCE,6480
1635,28,4,FOOD,5639
1636,39,1,FOOD,233
1637,42,2,FINANCEINSURANCE,2393
1638,6,1,,234
1639,64,4,HEALTHCARE,5639
1640,7,4,,5639
1641,51,2,FOOD,2393
1642,24,4,HEALTHCARE,5639
1643,91,2,,2394
1644,33,2,HEALTHCARE,2394
1645,43,6,FINANCEINSURANCE,6480
1646,33,2,FOOD,2395
1647,65,4,HEALTHCARE,5640
1648,42,3,HEALTHCARE,4899
1649,35,2,FOOD,2395
1650,35,5,FOOD,6209
1651,68,1,,235
1652,78,3,,4900
1653,61,1,FOOD,236
1654,66,1,,237
1655,57,2,HEALTHCARE,2396
1656,2,4,,5640
1657,67,2,,2396
1658,95,2,,2397
1659,73,5,,6209
1660,62,6,HEALTHCARE,6480
1661,45,2,HEALTHCARE,2397
1662,67,4,,5640
1663,65,3,Unemployed,4900
1664,52,6,HEALTHCARE,6481
1665,20,1,Unemployed,238
1666,79,6,,6481
1667,28,1,HEALTHCARE,239
1668,42,5,FOOD,6210
1669,42,1,WASTEMANAGEMENT,240
1670,57,3,OTHER,4900
1671,59,1,FOOD,241
1672,70,2,,2398
1673,75,5,,6210
1674,59,3,FOOD,4901
1675,53,2,HEALTHCARE,2398
1676,9,2,,2399
1677,49,4,FOOD,5640
1678,35,2,HEALTHCARE,2399
1679,34,4,FOOD,5641
1680,3,2,,2400
1681,64,4,FOOD,5641
1682,63,3,HEALTHCARE,4901
1683,81,2,,2400
1684,44,2,HEALTHCARE,2401
1685,33,4,FOOD,5641
1686,98,2,,2401
1687,20,3,FOOD,4901
1688,30,1,HEALTHCARE,242
1689,9,5,,6210
1690,47,2,FOOD,2402
1691,94,2,,2402
1692,50,4,HEALTHCARE,5641
1693,26,4,HEALTHCARE,5642
1694,13,1,,243
1695,15,2,,2403
1696,2,1,,244
1697,65,2,HEALTHCARE,2403
1698,38,3,FINANCEINSURANCE,4902
1699,55,1,Unemployed,245
1700,66,1,,246
1701,57,4,HEALTHCARE,5642
1702,66,5,,6210
1703,68,2,,2404
1704,13,5,,6210
1705,29,2,FOOD,2404
1706,75,3,,4902
1707,68,2,,2405
1708,40,2,FOOD,2405
1709,42,2,FINANCEINSURANCE,2406
1710,65,4,HEALTHCARE,5642
1711,67,2,,2406
1712,48,2,FOOD,2407
1713,64,4,WASTEMANAGEMENT,5642
1714,54,5,FOOD,6211
1715,64,3,FOOD,4902
1716,21,5,FOOD,6211
1717,7,4,,5643
1718,24,6,HEALTHCARE,6481
1719,19,4,HEALTHCARE,5643
1720,55,4,HEALTHCARE,5643
1721,99,2,,2407
1722,37,4,HEALTHCARE,5643
1723,32,5,FOOD,6211
1724,60,3,HEALTHCARE,4903
1725,10,2,,2408
1726,61,4,FOOD,5644
1727,68,2,,2408
1728,13,4,,5644
1729,70,2,,2409
1730,24,5,FOOD,6211
1731,36,3,HEALTHCARE,4903
1732,74,6,,6481
1733,69,2,,2409
1734,28,2,HEALTHCARE,2410
1735,43,1,HEALTHCARE,247
1736,48,5,HEALTHCARE,6211
1737,62,6,FOOD,6481
1738,0,3,,4903
1739,53,2,FOOD,2410
1740,22,5,FOOD,6212
1741,80,3,,4904
1742,5,4,,5644
1743,16,2,,2411
1744,24,2,FOOD,2411
1745,18,2,FOOD,2412
1746,4,1,,248
1747,21,4,HEALTHCARE,5644
1748,45,4,HEALTHCARE,5645
1749,43,5,HEALTHCARE,6212
1750,13,2,,2412
1751,34,4,Unemployed,5645
1752,76,2,,2413
1753,12,2,,2413
1754,58,3,HEALTHCARE,4904
1755,37,1,HEALTHCARE,249
1756,48,5,FOOD,6212
1757,96,2,,2414
1758,46,3,HEALTHCARE,4904
1759,39,2,HEALTHCARE,2414
1760,63,4,FOOD,5645
1761,48,2,FINANCEINSURANCE,2415
1762,99,2,,2415
1763,47,2,HEALTHCARE,2416
1764,32,2,FINANCEINSURANCE,2416
1765,51,2,HEALTHCARE,2417
1766,31,2,Unemployed,2417
1767,57,2,HEALTHCARE,2418
1768,75,4,,5645
1769,14,1,,250
1770,14,4,,5646
1771,2,2,,2418
1772,23,2,FOOD,2419
1773,58,3,HEALTHCARE,4905
1774,44,1,HEALTHCARE,251
1775,46,3,HEALTHCARE,4905
1776,47,5,FOOD,6212
1777,47,4,HEALTHCARE,5646
1778,67,4,,5646
1779,20,3,HEALTHCARE,4905
1780,19,3,FOOD,4906
1781,23,3,HEALTHCARE,4906
1782,23,3,FINANCEINSURANCE,4906
1783,4,3,,4907
1784,8,2,,2419
1785,76,2,,2420
1786,32,2,HEALTHCARE,2420
1787,24,4,FOOD,5646
1788,66,4,,5647
1789,21,1,HEALTHCARE,252
1790,44,2,FOOD,2421
1791,29,6,FOOD,6481
1792,75,2,,2421
1793,27,1,OTHER,253
1794,60,2,HEALTHCARE,2422
1795,20,2,HEALTHCARE,2422
1796,43,2,HEALTHCARE,2423
1797,32,2,HEALTHCARE,2423
1798,65,2,HEALTHCARE,2424
1799,36,3,FOOD,4907
1800,62,2,Unemployed,2424
1801,29,3,FOOD,4907
1802,7,3,,4908
1803,45,2,HEALTHCARE,2425
1804,95,2,,2425
1805,69,6,,6482
1806,85,2,,2426
1807,30,4,OTHER,5647
1808,14,2,,2426
1809,14,1,,254
1810,4,2,,2427
1811,48,5,FINANCEINSURANCE,6212
1812,34,3,FOOD,4908
1813,50,3,HEALTHCARE,4908
1814,93,4,,5647
1815,38,2,FOOD,2427
1816,29,2,HEALTHCARE,2428
1817,12,5,,6213
1818,72,2,,2428
1819,61,6,HEALTHCARE,6482
1820,45,1,HEALTHCARE,255
1821,69,4,,5647
1822,17,2,,2429
1823,16,2,,2429
1824,86,1,,256
1825,73,2,,2430
1826,69,6,,6482
1827,76,2,,2430
1828,22,2,HEALTHCARE,2431
1829,95,2,,2431
1830,65,2,OTHER,2432
1831,77,2,,2432
1832,51,4,HEALTHCARE,5648
1833,68,2,,2433
1834,68,2,,2433
1835,62,6,HEALTHCARE,6482
1836,4,4,,5648
1837,30,5,OTHER,6213
1838,38,2,HEALTHCARE,2434
1839,68,4,,5648
1840,41,2,HEALTHCARE,2434
1841,44,2,HEALTHCARE,2435
1842,4,3,,4909
1843,68,5,,6213
1844,27,2,FOOD,2435
1845,47,4,FOOD,5648
1846,30,2,FOOD,2436
1847,61,4,HEALTHCARE,5649
1848,66,3,,4909
1849,96,2,,2436
1850,8,2,,2437
1851,47,3,HEALTHCARE,4909
1852,91,5,,6213
1853,49,2,FINANCEINSURANCE,2437
1854,36,4,FOOD,5649
1855,62,2,FOOD,2438
1856,84,2,,2438
1857,52,2,FOOD,2439
1858,42,3,HEALTHCARE,4910
1859,15,2,,2439
1860,40,2,FINANCEINSURANCE,2440
1861,69,1,,257
1862,52,2,OTHER,2440
1863,44,2,HEALTHCARE,2441
1864,50,2,HEALTHCARE,2441
1865,73,1,,258
1866,84,1,,259
1867,82,1,,260
1868,47,2,WASTEMANAGEMENT,2442
1869,67,4,,5649
1870,100,2,,2442
1871,9,2,,2443
1872,9,4,,5649
1873,69,2,,2443
1874,61,2,FOOD,2444
1875,1,1,,261
1876,57,3,HEALTHCARE,4910
1877,78,5,,6213
1878,51,6,HEALTHCARE,6482
1879,47,5,HEALTHCARE,6214
1880,52,2,HEALTHCARE,2444
1881,33,5,HEALTHCARE,6214
1882,26,4,FOOD,5650
1883,27,4,HEALTHCARE,5650
1884,8,3,,4910
1885,70,2,,2445
1886,63,4,FOOD,5650
1887,8,1,,262
1888,53,5,FOOD,6214
1889,67,3,,4911
1890,92,2,,2445
1891,69,4,,5650
1892,37,4,FINANCEINSURANCE,5651
1893,45,1,Unemployed,263
1894,47,2,FOOD,2446
1895,21,4,FOOD,5651
1896,47,2,OTHER,2446
1897,38,2,FOOD,2447
1898,62,4,HEALTHCARE,5651
1899,48,4,HEALTHCARE,5651
1900,17,1,,264
1901,69,3,,4911
1902,15,1,,265
1903,25,6,Unemployed,6482
1904,91,3,,4911
1905,13,4,,5652
1906,56,4,Unemployed,5652
1907,33,2,FOOD,2447
1908,93,2,,2448
1909,40,2,HEALTHCARE,2448
1910,0,2,,2449
1911,72,4,,5652
1912,79,4,,5652
1913,12,1,,266
1914,75,4,,5653
1915,57,1,HEALTHCARE,267
1916,52,4,HEALTHCARE,5653
1917,60,3,Unemployed,4912
1918,20,4,OTHER,5653
1919,24,2,FOOD,2449
1920,40,5,FINANCEINSURANCE,6214
1921,22,4,HEALTHCARE,5653
1922,35,4,FOOD,5654
1923,75,2,,2450
1924,92,2,,2450
1925,11,2,,2451
1926,59,2,HEALTHCARE,2451
1927,79,4,,5654
1928,72,6,,6483
1929,65,4,Unemployed,5654
1930,38,2,FINANCEINSURANCE,2452
1931,28,4,FOOD,5654
1932,43,5,FOOD,6214
1933,3,3,,4912
1934,38,6,HEALTHCARE,6483
1935,63,3,HEALTHCARE,4912
1936,67,2,,2452
1937,67,2,,2453
1938,19,4,Unemployed,5655
1939,12,1,,268
1940,20,2,OTHER,2453
1941,14,2,,2454
1942,25,4,OTHER,5655
1943,79,5,,6215
1944,16,2,,2454
1945,15,4,,5655
1946,68,4,,5655
1947,37,4,HEALTHCARE,5656
1948,50,5,HEALTHCARE,6215
1949,79,2,,2455
1950,96,2,,2455
1951,43,1,HEALTHCARE,269
1952,33,4,HEALTHCARE,5656
1953,30,1,HEALTHCARE,270
1954,15,1,,271
1955,45,3,FOOD,4913
1956,17,4,,5656
1957,42,4,FOOD,5656
1958,48,2,HEALTHCARE,2456
1959,94,1,,272
1960,46,1,HEALTHCARE,273
1961,64,2,HEALTHCARE,2456
1962,52,4,HEALTHCARE,5657
1963,38,4,Unemployed,5657
1964,52,5,HEALTHCARE,6215
1965,15,2,,2457
1966,41,4,FINANCEINSURANCE,5657
1967,6,4,,5657
1968,1,2,,2457
1969,8,2,,2458
1970,75,2,,2458
1971,50,2,FOOD,2459
1972,44,1,FOOD,274
1973,10,1,,275
1974,55,1,HEALTHCARE,276
1975,23,4,HEALTHCARE,5658
1976,15,3,,4913
1977,52,2,FOOD,2459
1978,62,4,HEALTHCARE,5658
1979,39,1,FINANCEINSURANCE,277
1980,11,2,,2460
1981,44,5,FOOD,6215
1982,56,5,FOOD,6215
1983,59,1,HEALTHCARE,278
1984,72,4,,5658
1985,64,2,FOOD,2460
1986,68,2,,2461
1987,78,4,,5658
1988,52,3,OTHER,4913
1989,54,5,HEALTHCARE,6216
1990,20,2,HEALTHCARE,2461
1991,69,5,,6216
1992,65,2,Unemployed,2462
1993,29,4,HEALTHCARE,5659
1994,64,1,HEALTHCARE,279
1995,49,3,HEALTHCARE,4914
1996,45,2,WASTEMANAGEMENT,2462
1997,61,4,FOOD,5659
1998,29,4,Unemployed,5659
1999,39,2,FOOD,2463
2000,22,4,HEALTHCARE,5659
2001,6,2,,2463
2002,55,3,FINANCEINSURANCE,4914
2003,54,2,Unemployed,2464
2004,50,2,OTHER,2464
2005,65,1,FINANCEINSURANCE,280
2006,63,4,HEALTHCARE,5660
2007,44,3,Unemployed,4914
2008,69,1,,281
2009,72,3,,4915
2010,54,5,HEALTHCARE,6216
2011,73,1,,282
2012,7,4,,5660
2013,29,5,FOOD,6216
2014,60,3,FOOD,4915
2015,52,2,HEALTHCARE,2465
2016,69,5,,6216
2017,73,2,,2465
2018,56,4,HEALTHCARE,5660
2019,65,4,FOOD,5660
2020,66,4,,5661
2021,8,5,,6217
2022,54,3,Unemployed,4915
2023,57,2,HEALTHCARE,2466
2024,61,2,HEALTHCARE,2466
2025,8,4,,5661
2026,0,4,,5661
2027,15,4,,5661
2028,50,2,FOOD,2467
2029,45,4,FOOD,5662
2030,64,5,FOOD,6217
2031,85,3,,4916
2032,24,2,HEALTHCARE,2467
2033,58,1,HEALTHCARE,283
2034,14,1,,284
2035,55,2,FOOD,2468
2036,29,5,HEALTHCARE,6217
2037,64,5,HEALTHCARE,6217
2038,20,4,HEALTHCARE,5662
2039,17,2,,2468
2040,62,2,HEALTHCARE,2469
2041,37,3,WASTEMANAGEMENT,4916
2042,82,2,,2469
2043,1,3,,4916
2044,76,1,,285
2045,49,2,FOOD,2470
2046,79,2,,2470
2047,68,2,,2471
2048,51,2,OTHER,2471
2049,54,4,HEALTHCARE,5662
2050,17,6,,6483
2051,12,1,,286
2052,69,2,,2472
2053,76,1,,287
2054,71,4,,5662
2055,31,4,FOOD,5663
2056,68,5,,6217
2057,6,3,,4917
2058,68,2,,2472
2059,57,6,FOOD,6483
2060,61,2,HEALTHCARE,2473
2061,40,2,HEALTHCARE,2473
2062,27,2,FOOD,2474
2063,51,1,FOOD,288
2064,46,5,HEALTHCARE,6218
2065,47,2,FOOD,2474
2066,29,2,FOOD,2475
2067,59,2,HEALTHCARE,2475
2068,54,5,HEALTHCARE,6218
2069,58,1,HEALTHCARE,289
2070,4,2,,2476
2071,28,2,HEALTHCARE,2476
2072,9,2,,2477
2073,42,3,FOOD,4917
2074,67,2,,2477
2075,79,4,,5663
2076,14,3,,4917
2077,53,3,HEALTHCARE,4918
2078,65,2,FOOD,2478
2079,68,6,,6483
2080,75,2,,2478
2081,26,1,OTHER,290
2082,2,3,,4918
2083,7,2,,2479
2084,24,2,HEALTHCARE,2479
2085,31,3,HEALTHCARE,4918
2086,52,6,HEALTHCARE,6483
2087,21,3,HEALTHCARE,4919
2088,11,2,,2480
2089,66,3,,4919
2090,58,3,HEALTHCARE,4919
2091,78,2,,2480
2092,73,2,,2481
2093,81,2,,2481
2094,24,1,FOOD,291
2095,78,5,,6218
2096,28,1,FINANCEINSURANCE,292
2097,45,4,HEALTHCARE,5663
2098,52,2,FOOD,2482
2099,65,2,HEALTHCARE,2482
2100,2,2,,2483
2101,50,1,FOOD,293
2102,46,2,HEALTHCARE,2483
2103,11,4,,5663
2104,57,2,OTHER,2484
2105,64,2,HEALTHCARE,2484
2106,33,2,FOOD,2485
2107,70,5,,6218
2108,22,3,HEALTHCARE,4920
2109,49,4,Unemployed,5664
2110,43,4,FOOD,5664
2111,8,5,,6218
2112,79,6,,6484
2113,14,2,,2485
2114,30,2,HEALTHCARE,2486
2115,40,4,FOOD,5664
2116,77,2,,2486
2117,46,2,FOOD,2487
2118,34,2,OTHER,2487
2119,49,2,FOOD,2488
2120,28,2,FOOD,2488
2121,73,1,,294
2122,26,2,HEALTHCARE,2489
2123,32,3,HEALTHCARE,4920
2124,38,2,OTHER,2489
2125,68,1,,295
2126,24,2,FOOD,2490
2127,95,3,,4920
2128,64,5,HEALTHCARE,6219
2129,56,5,HEALTHCARE,6219
2130,25,1,HEALTHCARE,296
2131,57,3,HEALTHCARE,4921
2132,80,2,,2490
2133,79,2,,2491
2134,77,4,,5664
2135,62,6,HEALTHCARE,6484
2136,80,3,,4921
2137,9,4,,5665
2138,34,1,HEALTHCARE,297
2139,44,2,FINANCEINSURANCE,2491
2140,62,3,FOOD,4921
2141,62,2,HEALTHCARE,2492
2142,41,5,HEALTHCARE,6219
2143,53,2,FOOD,2492
2144,69,2,,2493
2145,76,2,,2493
2146,10,3,,4922
2147,11,2,,2494
2148,7,2,,2494
2149,47,1,FOOD,298
2150,8,3,,4922
2151,1,1,,299
2152,54,5,HEALTHCARE,6219
2153,13,4,,5665
2154,60,6,Unemployed,6484
2155,56,2,HEALTHCARE,2495
2156,16,2,,2495
2157,45,5,HEALTHCARE,6219
2158,36,1,HEALTHCARE,300
2159,2,2,,2496
2160,71,2,,2496
2161,79,3,,4922
2162,65,2,FINANCEINSURANCE,2497
2163,79,1,,301
2164,48,5,FOOD,6220
2165,54,3,FOOD,4923
2166,35,2,Unemployed,2497
2167,78,4,,5665
2168,70,3,,4923
2169,5,2,,2498
2170,11,4,,5665
2171,61,2,FOOD,2498
2172,20,2,FOOD,2499
2173,31,3,HEALTHCARE,4923
2174,39,6,HEALTHCARE,6484
2175,68,3,,4924
2176,56,3,FOOD,4924
2177,56,6,FOOD,6484
2178,28,4,HEALTHCARE,5666
2179,38,2,OTHER,2499
2180,60,2,Unemployed,2500
2181,66,1,,302
2182,72,2,,2500
2183,3,4,,5666
2184,60,4,HEALTHCARE,5666
2185,13,1,,303
2186,72,4,,5666
2187,42,4,FOOD,5667
2188,80,5,,6220
2189,23,2,FOOD,2501
2190,53,1,FOOD,304
2191,26,4,FINANCEINSURANCE,5667
2192,76,5,,6220
2193,14,2,,2501
2194,69,1,,305
2195,6,5,,6220
2196,11,2,,2502
2197,5,2,,2502
2198,85,2,,2503
2199,67,5,,6220
2200,12,4,,5667
2201,44,3,HEALTHCARE,4924
2202,52,5,HEALTHCARE,6221
2203,13,4,,5667
2204,64,1,HEALTHCARE,306
2205,72,3,,4925
2206,48,5,OTHER,6221
2207,31,6,HEALTHCARE,6484
2208,32,3,FINANCEINSURANCE,4925
2209,53,2,HEALTHCARE,2503
2210,63,4,FOOD,5668
2211,69,2,,2504
2212,17,2,,2504
2213,5,4,,5668
2214,90,6,,6485
2215,10,2,,2505
2216,19,2,HEALTHCARE,2505
2217,67,4,,5668
2218,15,4,,5668
2219,38,6,FOOD,6485
2220,64,2,HEALTHCARE,2506
2221,20,4,HEALTHCARE,5669
2222,53,2,OTHER,2506
2223,59,4,FOOD,5669
2224,0,4,,5669
2225,62,2,HEALTHCARE,2507
2226,53,2,FOOD,2507
2227,35,2,HEALTHCARE,2508
2228,57,1,FINANCEINSURANCE,307
2229,48,2,HEALTHCARE,2508
2230,5,2,,2509
2231,50,4,FOOD,5669
2232,69,2,,2509
2233,56,3,FOOD,4925
2234,63,5,FOOD,6221
2235,78,2,,2510
2236,78,5,,6221
2237,79,4,,5670
2238,43,1,Unemployed,308
2239,54,1,HEALTHCARE,309
2240,20,1,FINANCEINSURANCE,310
2241,65,2,HEALTHCARE,2510
2242,2,4,,5670
2243,54,1,HEALTHCARE,311
2244,19,4,HEALTHCARE,5670
2245,69,1,,312
2246,50,3,HEALTHCARE,4926
2247,48,2,FINANCEINSURANCE,2511
2248,57,4,HEALTHCARE,5670
2249,56,4,HEALTHCARE,5671
2250,54,4,HEALTHCARE,5671
2251,31,1,FOOD,313
2252,16,4,,5671
2253,4,1,,314
2254,76,2,,2511
2255,9,5,,6221
2256,52,3,Unemployed,4926
2257,66,1,,315
2258,58,4,HEALTHCARE,5671
2259,15,4,,5672
2260,74,4,,5672
2261,34,3,FOOD,4926
2262,49,2,OTHER,2512
2263,3,2,,2512
2264,67,2,,2513
2265,13,1,,316
2266,69,1,,317
2267,40,6,HEALTHCARE,6485
2268,54,2,FOOD,2513
2269,61,3,FOOD,4927
2270,41,5,FOOD,6222
2271,67,1,,318
2272,52,2,FOOD,2514
2273,62,4,FOOD,5672
2274,65,5,HEALTHCARE,6222
2275,61,2,HEALTHCARE,2514
2276,15,4,,5672
2277,53,2,HEALTHCARE,2515
2278,16,4,,5673
2279,22,2,FOOD,2515
2280,32,5,HEALTHCARE,6222
2281,70,2,,2516
2282,11,2,,2516
2283,15,3,,4927
2284,58,4,FOOD,5673
2285,19,2,HEALTHCARE,2517
2286,11,2,,2517
2287,48,2,HEALTHCARE,2518
2288,71,2,,2518
2289,61,1,HEALTHCARE,319
2290,39,3,HEALTHCARE,4927
2291,67,2,,2519
2292,78,3,,4928
2293,79,3,,4928
2294,29,2,FOOD,2519
2295,39,6,HEALTHCARE,6485
2296,16,2,,2520
2297,24,4,FOOD,5673
2298,0,5,,6222
2299,60,4,FINANCEINSURANCE,5673
2300,22,2,FOOD,2520
2301,77,1,,320
2302,56,5,FOOD,6222
2303,64,1,OTHER,321
2304,1,3,,4928
2305,67,2,,2521
2306,76,5,,6223
2307,65,5,HEALTHCARE,6223
2308,58,2,FOOD,2521
2309,63,1,OTHER,322
2310,16,3,,4929
2311,31,2,Unemployed,2522
2312,35,3,FOOD,4929
2313,76,3,,4929
2314,60,2,HEALTHCARE,2522
2315,73,2,,2523
2316,75,1,,323
2317,51,3,HEALTHCARE,4930
2318,67,2,,2523
2319,96,2,,2524
2320,54,2,HEALTHCARE,2524
2321,11,2,,2525
2322,21,5,FOOD,6223
2323,63,2,HEALTHCARE,2525
2324,97,1,,324
2325,38,5,HEALTHCARE,6223
2326,49,2,HEALTHCARE,2526
2327,72,5,,6223
2328,26,3,FOOD,4930
2329,43,6,HEALTHCARE,6485
2330,44,3,OTHER,4930
2331,71,2,,2526
2332,53,6,FOOD,6485
2333,14,2,,2527
2334,23,4,OTHER,5674
2335,16,3,,4931
2336,54,4,FINANCEINSURANCE,5674
2337,69,5,,6224
2338,81,1,,325
2339,5,3,,4931
2340,8,2,,2527
2341,40,3,HEALTHCARE,4931
2342,70,6,,6486
2343,18,4,OTHER,5674
2344,20,2,OTHER,2528
2345,63,3,FOOD,4932
2346,57,2,FOOD,2528
2347,0,6,,6486
2348,55,2,FOOD,2529
2349,70,1,,326
2350,66,1,,327
2351,75,3,,4932
2352,76,3,,4932
2353,14,1,,328
2354,60,2,HEALTHCARE,2529
2355,73,2,,2530
2356,51,3,FOOD,4933
2357,66,4,,5674
2358,18,4,HEALTHCARE,5675
2359,59,2,FOOD,2530
2360,58,4,FINANCEINSURANCE,5675
2361,74,2,,2531
2362,34,1,HEALTHCARE,329
2363,42,5,Unemployed,6224
2364,30,4,FOOD,5675
2365,55,2,HEALTHCARE,2531
2366,75,1,,330
2367,58,4,HEALTHCARE,5675
2368,70,4,,5676
2369,39,3,HEALTHCARE,4933
2370,38,4,FINANCEINSURANCE,5676
2371,10,2,,2532
2372,1,2,,2532
2373,57,3,HEALTHCARE,4933
2374,10,4,,5676
2375,65,2,Unemployed,2533
2376,28,2,FINANCEINSURANCE,2533
2377,19,2,HEALTHCARE,2534
2378,54,1,HEALTHCARE,331
2379,57,5,FOOD,6224
2380,21,4,FOOD,5676
2381,60,3,HEALTHCARE,4934
2382,79,2,,2534
2383,9,4,,5677
2384,14,2,,2535
2385,64,2,HEALTHCARE,2535
2386,5,2,,2536
2387,53,1,FOOD,332
2388,73,3,,4934
2389,91,2,,2536
2390,11,3,,4934
2391,62,4,HEALTHCARE,5677
2392,71,2,,2537
2393,69,5,,6224
2394,29,4,Unemployed,5677
2395,63,3,HEALTHCARE,4935
2396,30,2,FOOD,2537
2397,62,5,HEALTHCARE,6224
2398,55,2,HEALTHCARE,2538
2399,45,4,FOOD,5677
2400,91,2,,2538
2401,11,4,,5678
2402,83,2,,2539
2403,34,4,HEALTHCARE,5678
2404,72,2,,2539
2405,65,5,HEALTHCARE,6225
2406,63,3,HEALTHCARE,4935
2407,62,2,FOOD,2540
2408,74,1,,333
2409,48,4,FOOD,5678
2410,27,1,FOOD,334
2411,7,6,,6486
2412,61,2,FOOD,2540
2413,41,6,FOOD,6486
2414,40,1,FOOD,335
2415,20,2,HEALTHCARE,2541
2416,43,2,HEALTHCARE,2541
2417,43,5,HEALTHCARE,6225
2418,54,2,FOOD,2542
2419,69,1,,336
2420,66,6,,6486
2421,40,5,HEALTHCARE,6225
2422,64,2,FOOD,2542
2423,14,2,,2543
2424,61,5,FOOD,6225
2425,67,2,,2543
2426,23,5,HEALTHCARE,6225
2427,42,2,HEALTHCARE,2544
2428,11,2,,2544
2429,75,3,,4935
2430,10,2,,2545
2431,43,6,HEALTHCARE,6486
2432,3,2,,2545
2433,60,2,FOOD,2546
2434,56,3,FOOD,4936
2435,70,2,,2546
2436,74,2,,2547
2437,65,6,HEALTHCARE,6487
2438,26,6,FOOD,6487
2439,48,4,Unemployed,5678
2440,20,2,HEALTHCARE,2547
2441,36,4,HEALTHCARE,5679
2442,79,5,,6226
2443,56,2,FOOD,2548
2444,5,2,,2548
2445,69,1,,337
2446,8,3,,4936
2447,9,3,,4936
2448,52,2,HEALTHCARE,2549
2449,73,2,,2549
2450,33,2,Unemployed,2550
2451,27,1,FOOD,338
2452,11,2,,2550
2453,35,5,HEALTHCARE,6226
2454,10,6,,6487
2455,35,3,HEALTHCARE,4937
2456,12,3,,4937
2457,34,1,FINANCEINSURANCE,339
2458,47,2,HEALTHCARE,2551
2459,67,4,,5679
2460,36,2,HEALTHCARE,2551
2461,78,3,,4937
2462,23,5,HEALTHCARE,6226
2463,7,3,,4938
2464,33,4,HEALTHCARE,5679
2465,77,3,,4938
2466,50,3,HEALTHCARE,4938
2467,60,2,HEALTHCARE,2552
2468,22,2,HEALTHCARE,2552
2469,70,4,,5679
2470,23,4,HEALTHCARE,5680
2471,10,2,,2553
2472,32,4,HEALTHCARE,5680
2473,69,2,,2553
2474,72,1,,340
2475,47,4,HEALTHCARE,5680
2476,53,3,FOOD,4939
2477,1,2,,2554
2478,66,2,,2554
2479,34,2,HEALTHCARE,2555
2480,67,3,,4939
2481,32,2,HEALTHCARE,2555
2482,51,2,FOOD,2556
2483,38,3,HEALTHCARE,4939
2484,6,2,,2556
2485,40,3,FOOD,4940
2486,68,2,,2557
2487,52,2,HEALTHCARE,2557
2488,49,2,FOOD,2558
2489,11,5,,6226
2490,27,4,FOOD,5680
2491,100,1,,341
2492,80,2,,2558
2493,73,4,,5681
2494,19,6,OTHER,6487
2495,48,3,WASTEMANAGEMENT,4940
2496,45,1,HEALTHCARE,342
2497,12,3,,4940
2498,8,1,,343
2499,2,3,,4941
2500,18,1,HEALTHCARE,344
2501,37,2,Unemployed,2559
2502,46,4,OTHER,5681
2503,65,2,HEALTHCARE,2559
2504,57,2,HEALTHCARE,2560
2505,24,1,HEALTHCARE,345
2506,56,4,FOOD,5681
2507,95,2,,2560
2508,76,4,,5681
2509,50,3,FOOD,4941
2510,31,1,FOOD,346
2511,91,2,,2561
2512,40,2,FOOD,2561
2513,95,1,,347
2514,78,1,,348
2515,22,2,FOOD,2562
2516,50,4,HEALTHCARE,5682
2517,12,4,,5682
2518,77,6,,6487
2519,78,2,,2562
2520,64,2,FOOD,2563
2521,60,2,WASTEMANAGEMENT,2563
2522,22,1,FINANCEINSURANCE,349
2523,72,1,,350
2524,28,2,HEALTHCARE,2564
2525,67,3,,4941
2526,58,1,HEALTHCARE,351
2527,78,2,,2564
2528,43,1,FOOD,352
2529,71,5,,6226
2530,51,5,FOOD,6227
2531,44,2,FOOD,2565
2532,55,3,HEALTHCARE,4942
2533,100,2,,2565
2534,15,2,,2566
2535,64,5,FOOD,6227
2536,51,2,FOOD,2566
2537,21,2,HEALTHCARE,2567
2538,60,4,FOOD,5682
2539,78,2,,2567
2540,52,2,FOOD,2568
2541,14,4,,5682
2542,59,2,FOOD,2568
2543,69,4,,5683
2544,53,2,HEALTHCARE,2569
2545,43,1,FOOD,353
2546,63,2,FOOD,2569
2547,30,3,HEALTHCARE,4942
2548,75,2,,2570
2549,10,3,,4942
2550,52,1,HEALTHCARE,354
2551,63,3,HEALTHCARE,4943
2552,63,2,FOOD,2570
2553,51,4,Unemployed,5683
2554,5,4,,5683
2555,4,2,,2571
2556,52,5,Unemployed,6227
2557,64,5,HEALTHCARE,6227
2558,37,1,HEALTHCARE,355
2559,26,1,OTHER,356
2560,17,1,,357
2561,46,6,HEALTHCARE,6487
2562,88,5,,6227
2563,61,4,FINANCEINSURANCE,5683
2564,77,5,,6228
2565,52,2,HEALTHCARE,2571
2566,65,6,HEALTHCARE,6488
2567,63,4,HEALTHCARE,5684
2568,79,1,,358
2569,39,2,FOOD,2572
2570,96,2,,2572
2571,36,6,FOOD,6488
2572,49,6,HEALTHCARE,6488
2573,34,1,OTHER,359
2574,78,5,,6228
2575,5,1,,360
2576,64,2,OTHER,2573
2577,22,2,HEALTHCARE,2573
2578,61,2,HEALTHCARE,2574
2579,34,1,HEALTHCARE,361
2580,71,2,,2574
2581,64,2,WASTEMANAGEMENT,2575
2582,37,2,HEALTHCARE,2575
2583,15,5,,6228
2584,78,1,,362
2585,1,6,,6488
2586,61,5,OTHER,6228
2587,69,2,,2576
2588,68,4,,5684
2589,45,2,HEALTHCARE,2576
2590,70,5,,6228
2591,26,3,FOOD,4943
2592,53,4,HEALTHCARE,5684
2593,57,5,HEALTHCARE,6229
2594,61,2,HEALTHCARE,2577
2595,69,2,,2577
2596,16,1,,363
2597,65,3,HEALTHCARE,4943
2598,36,5,Unemployed,6229
2599,78,4,,5684
2600,73,2,,2578
2601,56,2,FINANCEINSURANCE,2578
2602,53,2,HEALTHCARE,2579
2603,25,4,HEALTHCARE,5685
2604,1,4,,5685
2605,47,1,HEALTHCARE,364
2606,2,4,,5685
2607,41,2,HEALTHCARE,2579
2608,8,4,,5685
2609,23,4,FOOD,5686
2610,0,3,,4944
2611,28,2,HEALTHCARE,2580
2612,65,1,HEALTHCARE,365
2613,69,2,,2580
2614,74,2,,2581
2615,38,2,HEALTHCARE,2581
2616,51,4,FOOD,5686
2617,18,2,HEALTHCARE,2582
2618,66,5,,6229
2619,28,3,FOOD,4944
2620,17,2,,2582
2621,67,2,,2583
2622,70,3,,4944
2623,50,2,HEALTHCARE,2583
2624,27,4,HEALTHCARE,5686
2625,85,2,,2584
2626,32,2,FOOD,2584
2627,36,2,FOOD,2585
2628,35,2,FOOD,2585
2629,26,5,FINANCEINSURANCE,6229
2630,67,1,,366
2631,67,3,,4945
2632,32,6,FOOD,6488
2633,12,3,,4945
2634,68,1,,367
2635,28,2,FOOD,2586
2636,75,2,,2586
2637,11,2,,2587
2638,79,3,,4945
2639,31,2,HEALTHCARE,2587
2640,12,2,,2588
2641,49,3,HEALTHCARE,4946
2642,17,4,,5686
2643,76,3,,4946
2644,87,3,,4946
2645,49,2,HEALTHCARE,2588
2646,20,2,FOOD,2589
2647,13,2,,2589
2648,64,3,HEALTHCARE,4947
2649,55,2,FOOD,2590
2650,64,1,FINANCEINSURANCE,368
2651,53,1,HEALTHCARE,369
2652,59,2,FOOD,2590
2653,61,3,FOOD,4947
2654,3,2,,2591
2655,72,6,,6488
2656,69,3,,4947
2657,76,2,,2591
2658,54,3,HEALTHCARE,4948
2659,25,2,HEALTHCARE,2592
2660,48,2,FOOD,2592
2661,64,4,HEALTHCARE,5687
2662,78,2,,2593
2663,59,3,FINANCEINSURANCE,4948
2664,33,1,HEALTHCARE,370
2665,63,2,FOOD,2593
2666,25,1,FOOD,371
2667,33,2,HEALTHCARE,2594
2668,27,2,HEALTHCARE,2594
2669,49,4,FINANCEINSURANCE,5687
2670,4,4,,5687
2671,77,4,,5687
2672,14,2,,2595
2673,15,4,,5688
2674,10,4,,5688
2675,48,2,FOOD,2595
2676,31,2,FOOD,2596
2677,1,2,,2596
2678,68,3,,4948
2679,94,4,,5688
2680,64,3,HEALTHCARE,4949
2681,60,4,FINANCEINSURANCE,5688
2682,2,3,,4949
2683,43,3,HEALTHCARE,4949
2684,50,6,HEALTHCARE,6489
2685,62,2,FINANCEINSURANCE,2597
2686,47,2,FOOD,2597
2687,46,2,HEALTHCARE,2598
2688,60,2,FOOD,2598
2689,13,2,,2599
2690,64,4,FOOD,5689
2691,55,4,FOOD,5689
2692,44,2,FOOD,2599
2693,65,2,HEALTHCARE,2600
2694,26,3,FINANCEINSURANCE,4950
2695,12,4,,5689
2696,9,1,,372
2697,57,4,HEALTHCARE,5689
2698,5,2,,2600
2699,40,3,Unemployed,4950
2700,66,3,,4950
2701,49,2,HEALTHCARE,2601
2702,10,5,,6229
2703,17,5,,6230
2704,78,2,,2601
2705,6,2,,2602
2706,24,2,HEALTHCARE,2602
2707,66,2,,2603
2708,58,2,FOOD,2603
2709,79,4,,5690
2710,64,2,Unemployed,2604
2711,47,2,HEALTHCARE,2604
2712,18,5,HEALTHCARE,6230
2713,18,6,FOOD,6489
2714,7,2,,2605
2715,50,2,FOOD,2605
2716,67,4,,5690
2717,72,2,,2606
2718,0,4,,5690
2719,47,5,FOOD,6230
2720,54,2,HEALTHCARE,2606
2721,58,4,FOOD,5690
2722,10,5,,6230
2723,61,2,HEALTHCARE,2607
2724,78,2,,2607
2725,69,3,,4951
2726,38,4,HEALTHCARE,5691
2727,8,4,,5691
2728,69,1,,373
2729,64,2,HEALTHCARE,2608
2730,4,3,,4951
2731,35,2,HEALTHCARE,2608
2732,43,2,HEALTHCARE,2609
2733,63,1,HEALTHCARE,374
2734,24,1,HEALTHCARE,375
2735,97,2,,2609
2736,70,3,,4951
2737,11,1,,376
2738,67,2,,2610
2739,18,2,Unemployed,2610
2740,78,6,,6489
2741,20,1,Unemployed,377
2742,73,1,,378
2743,56,3,HEALTHCARE,4952
2744,78,5,,6230
2745,55,1,HEALTHCARE,379
2746,33,3,HEALTHCARE,4952
2747,65,4,FOOD,5691
2748,13,2,,2611
2749,65,3,HEALTHCARE,4952
2750,45,2,HEALTHCARE,2611
2751,59,2,FOOD,2612
2752,51,2,FINANCEINSURANCE,2612
2753,17,5,,6231
2754,45,2,FOOD,2613
2755,82,4,,5691
2756,77,2,,2613
2757,51,1,OTHER,380
2758,59,1,FOOD,381
2759,36,2,HEALTHCARE,2614
2760,12,2,,2614
2761,3,1,,382
2762,48,4,OTHER,5692
2763,44,2,FINANCEINSURANCE,2615
2764,61,5,HEALTHCARE,6231
2765,79,2,,2615
2766,53,4,FINANCEINSURANCE,5692
2767,2,3,,4953
2768,65,3,HEALTHCARE,4953
2769,22,3,FOOD,4953
2770,46,1,HEALTHCARE,383
2771,21,1,HEALTHCARE,384
2772,32,2,FOOD,2616
2773,47,4,FOOD,5692
2774,5,2,,2616
2775,51,1,FOOD,385
2776,63,5,HEALTHCARE,6231
2777,62,3,HEALTHCARE,4954
2778,28,2,HEALTHCARE,2617
2779,73,6,,6489
2780,45,3,HEALTHCARE,4954
2781,5,2,,2617
2782,35,2,HEALTHCARE,2618
2783,34,2,HEALTHCARE,2618
2784,28,1,Unemployed,386
2785,74,4,,5692
2786,32,2,Unemployed,2619
2787,83,6,,6489
2788,17,2,,2619
2789,0,1,,387
2790,69,2,,2620
2791,53,2,FOOD,2620
2792,68,2,,2621
2793,21,4,HEALTHCARE,5693
2794,52,2,OTHER,2621
2795,49,6,HEALTHCARE,6489
2796,68,2,,2622
2797,22,2,FOOD,2622
2798,59,4,HEALTHCARE,5693
2799,58,3,HEALTHCARE,4954
2800,40,5,FOOD,6231
2801,25,1,FOOD,388
2802,42,1,Unemployed,389
2803,36,2,HEALTHCARE,2623
2804,53,2,FOOD,2623
2805,67,2,,2624
2806,27,2,FOOD,2624
2807,69,3,,4955
2808,33,4,HEALTHCARE,5693
2809,61,3,FOOD,4955
2810,50,3,HEALTHCARE,4955
2811,38,3,FOOD,4956
2812,38,2,HEALTHCARE,2625
2813,56,2,OTHER,2625
2814,98,4,,5693
2815,52,1,HEALTHCARE,390
2816,14,2,,2626
2817,68,2,,2626
2818,54,3,HEALTHCARE,4956
2819,62,2,HEALTHCARE,2627
2820,50,3,FINANCEINSURANCE,4956
2821,32,2,HEALTHCARE,2627
2822,29,2,FOOD,2628
2823,54,6,FOOD,6490
2824,55,1,HEALTHCARE,391
2825,70,1,,392
2826,65,3,HEALTHCARE,4957
2827,74,2,,2628
2828,15,4,,5694
2829,63,3,FOOD,4957
2830,56,2,HEALTHCARE,2629
2831,52,1,HEALTHCARE,393
2832,49,2,FOOD,2629
2833,45,4,HEALTHCARE,5694
2834,42,2,HEALTHCARE,2630
2835,5,3,,4957
2836,63,3,OTHER,4958
2837,36,1,HEALTHCARE,394
2838,59,2,HEALTHCARE,2630
2839,39,5,FOOD,6231
2840,55,6,HEALTHCARE,6490
2841,7,6,,6490
2842,48,2,OTHER,2631
2843,44,1,FOOD,395
2844,25,5,FOOD,6232
2845,44,3,FOOD,4958
2846,97,6,,6490
2847,55,2,FOOD,2631
2848,7,4,,5694
2849,25,3,HEALTHCARE,4958
2850,62,2,FOOD,2632
2851,67,3,,4959
2852,11,2,,2632
2853,80,2,,2633
2854,27,2,HEALTHCARE,2633
2855,68,1,,396
2856,11,5,,6232
2857,95,1,,397
2858,16,2,,2634
2859,42,5,FOOD,6232
2860,74,3,,4959
2861,74,3,,4959
2862,50,2,FOOD,2634
2863,58,2,FINANCEINSURANCE,2635
2864,17,4,,5694
2865,51,6,Unemployed,6490
2866,12,2,,2635
2867,23,2,FOOD,2636
2868,69,1,,398
2869,62,3,HEALTHCARE,4960
2870,45,2,HEALTHCARE,2636
2871,11,2,,2637
2872,51,2,FINANCEINSURANCE,2637
2873,27,2,HEALTHCARE,2638
2874,0,4,,5695
2875,46,3,Unemployed,4960
2876,25,2,HEALTHCARE,2638
2877,15,3,,4960
2878,69,1,,399
2879,7,2,,2639
2880,30,4,HEALTHCARE,5695
2881,34,4,HEALTHCARE,5695
2882,25,2,HEALTHCARE,2639
2883,38,2,HEALTHCARE,2640
2884,18,5,OTHER,6232
2885,59,6,OTHER,6490
2886,70,4,,5695
2887,64,2,HEALTHCARE,2640
2888,68,2,,2641
2889,55,2,HEALTHCARE,2641
2890,62,5,Unemployed,6232
2891,61,2,HEALTHCARE,2642
2892,43,1,FOOD,400
2893,72,4,,5696
2894,18,3,FOOD,4961
2895,57,2,HEALTHCARE,2642
2896,69,5,,6233
2897,53,3,OTHER,4961
2898,60,2,HEALTHCARE,2643
2899,18,4,FOOD,5696
2900,66,3,,4961
2901,44,2,HEALTHCARE,2643
2902,1,5,,6233
2903,58,1,HEALTHCARE,401
2904,60,1,FOOD,402
2905,9,2,,2644
2906,87,4,,5696
2907,11,2,,2644
2908,6,3,,4962
2909,4,6,,6491
2910,67,5,,6233
2911,61,5,FOOD,6233
2912,26,6,FOOD,6491
2913,67,3,,4962
2914,21,2,HEALTHCARE,2645
2915,22,3,OTHER,4962
2916,49,3,FOOD,4963
2917,36,3,HEALTHCARE,4963
2918,24,2,WASTEMANAGEMENT,2645
2919,68,2,,2646
2920,52,2,HEALTHCARE,2646
2921,0,4,,5696
2922,17,2,,2647
2923,30,2,FOOD,2647
2924,27,2,Unemployed,2648
2925,2,3,,4963
2926,35,4,Unemployed,5697
2927,57,3,HEALTHCARE,4964
2928,11,6,,6491
2929,26,1,HEALTHCARE,403
2930,71,2,,2648
2931,18,1,FOOD,404
2932,48,3,HEALTHCARE,4964
2933,73,2,,2649
2934,17,2,,2649
2935,11,2,,2650
2936,20,1,HEALTHCARE,405
2937,60,1,HEALTHCARE,406
2938,33,4,HEALTHCARE,5697
2939,59,6,HEALTHCARE,6491
2940,48,1,FOOD,407
2941,40,2,HEALTHCARE,2650
2942,3,2,,2651
2943,74,5,,6233
2944,29,1,FOOD,408
2945,71,4,,5697
2946,58,3,OTHER,4964
2947,3,5,,6234
2948,8,4,,5697
2949,100,4,,5698
2950,3,2,,2651
2951,75,3,,4965
2952,24,3,FOOD,4965
2953,53,2,HEALTHCARE,2652
2954,18,4,FOOD,5698
2955,64,1,FOOD,409
2956,19,1,FOOD,410
2957,22,6,HEALTHCARE,6491
2958,12,6,,6491
2959,79,1,,411
2960,89,3,,4965
2961,66,2,,2652
2962,46,3,FOOD,4966
2963,64,2,HEALTHCARE,2653
2964,56,1,FINANCEINSURANCE,412
2965,62,2,FOOD,2653
2966,43,2,FOOD,2654
2967,42,2,FOOD,2654
2968,5,4,,5698
2969,57,3,FOOD,4966
2970,50,3,HEALTHCARE,4966
2971,45,6,FOOD,6492
2972,45,2,Unemployed,2655
2973,58,1,HEALTHCARE,413
2974,58,2,FOOD,2655
2975,27,6,HEALTHCARE,6492
2976,57,6,HEALTHCARE,6492
2977,17,2,,2656
2978,50,4,FOOD,5698
2979,43,3,HEALTHCARE,4967
2980,75,1,,414
2981,21,3,HEALTHCARE,4967
2982,9,4,,5699
2983,88,1,,415
2984,92,2,,2656
2985,16,3,,4967
2986,30,3,HEALTHCARE,4968
2987,4,1,,416
2988,37,2,HEALTHCARE,2657
2989,56,1,HEALTHCARE,417
2990,45,2,FOOD,2657
2991,30,6,HEALTHCARE,6492
2992,33,2,HEALTHCARE,2658
2993,30,1,HEALTHCARE,418
2994,1,2,,2658
2995,11,2,,2659
2996,69,5,,6234
2997,51,4,FOOD,5699
2998,46,5,FOOD,6234
2999,77,6,,6492
3000,10,3,,4968
3001,62,1,HEALTHCARE,419
3002,2,2,,2659
3003,16,2,,2660
3004,8,1,,420
3005,0,2,,2660
3006,74,2,,2661
3007,18,4,HEALTHCARE,5699
3008,4,5,,6234
3009,28,3,HEALTHCARE,4968
3010,50,3,HEALTHCARE,4969
3011,15,2,,2661
3012,62,3,FOOD,4969
3013,55,2,FOOD,2662
3014,13,1,,421
3015,40,1,FINANCEINSURANCE,422
3016,63,5,HEALTHCARE,6234
3017,62,2,HEALTHCARE,2662
3018,53,1,FOOD,423
3019,67,4,,5699
3020,28,5,FOOD,6235
3021,72,3,,4969
3022,18,4,HEALTHCARE,5700
3023,22,6,WASTEMANAGEMENT,6492
3024,68,1,,424
3025,15,5,,6235
3026,14,4,,5700
3027,32,1,Unemployed,425
3028,52,4,HEALTHCARE,5700
3029,27,1,Unemployed,426
3030,51,3,HEALTHCARE,4970
3031,93,5,,6235
3032,9,2,,2663
3033,69,4,,5700
3034,81,2,,2663
3035,61,3,FOOD,4970
3036,43,3,FOOD,4970
3037,8,2,,2664
3038,51,2,OTHER,2664
3039,25,3,FOOD,4971
3040,3,6,,6493
3041,4,2,,2665
3042,7,3,,4971
3043,27,2,HEALTHCARE,2665
3044,43,2,HEALTHCARE,2666
3045,76,4,,5701
3046,64,5,FOOD,6235
3047,68,4,,5701
3048,47,4,HEALTHCARE,5701
3049,59,2,HEALTHCARE,2666
3050,13,5,,6235
3051,30,4,FOOD,5701
3052,24,5,HEALTHCARE,6236
3053,0,1,,427
3054,20,2,HEALTHCARE,2667
3055,38,2,FOOD,2667
3056,21,6,FOOD,6493
3057,13,2,,2668
3058,38,4,HEALTHCARE,5702
3059,33,2,HEALTHCARE,2668
3060,72,2,,2669
3061,73,1,,428
3062,35,2,FINANCEINSURANCE,2669
3063,9,2,,2670
3064,19,4,FOOD,5702
3065,30,3,WASTEMANAGEMENT,4971
3066,24,3,HEALTHCARE,4972
3067,31,2,FOOD,2670
3068,52,1,HEALTHCARE,429
3069,60,4,Unemployed,5702
3070,97,3,,4972
3071,53,2,HEALTHCARE,2671
3072,8,1,,430
3073,58,5,Unemployed,6236
3074,63,4,HEALTHCARE,5702
3075,61,4,HEALTHCARE,5703
3076,73,4,,5703
3077,5,2,,2671
3078,55,3,Unemployed,4972
3079,92,3,,4973
3080,31,5,FOOD,6236
3081,16,2,,2672
3082,69,6,,6493
3083,8,4,,5703
3084,11,2,,2672
3085,51,3,Unemployed,4973
3086,8,2,,2673
3087,45,2,HEALTHCARE,2673
3088,47,2,OTHER,2674
3089,18,2,Unemployed,2674
3090,59,3,HEALTHCARE,4973
3091,55,2,FOOD,2675
3092,25,3,FOOD,4974
3093,19,2,FOOD,2675
3094,69,3,,4974
3095,48,5,HEALTHCARE,6236
3096,10,1,,431
3097,27,1,HEALTHCARE,432
3098,21,2,HEALTHCARE,2676
3099,68,2,,2676
3100,26,2,FOOD,2677
3101,55,4,HEALTHCARE,5703
3102,31,4,Unemployed,5704
3103,69,4,,5704
3104,16,2,,2677
3105,58,2,FOOD,2678
3106,8,5,,6236
3107,41,1,FOOD,433
3108,7,6,,6493
3109,37,2,FOOD,2678
3110,28,4,HEALTHCARE,5704
3111,73,2,,2679
3112,71,1,,434
3113,12,3,,4974
3114,27,5,HEALTHCARE,6237
3115,67,1,,435
3116,30,5,HEALTHCARE,6237
3117,69,4,,5704
3118,13,2,,2679
3119,38,6,HEALTHCARE,6493
3120,30,5,HEALTHCARE,6237
3121,68,5,,6237
3122,58,3,FOOD,4975
3123,28,5,FOOD,6237
3124,59,1,FOOD,436
3125,64,3,OTHER,4975
3126,62,1,HEALTHCARE,437
3127,64,3,FINANCEINSURANCE,4975
3128,53,6,HEALTHCARE,6493
3129,24,2,HEALTHCARE,2680
3130,65,1,HEALTHCARE,438
3131,85,2,,2680
3132,7,1,,439
3133,22,4,HEALTHCARE,5705
3134,35,3,FOOD,4976
3135,74,1,,440
3136,10,2,,2681
3137,41,2,FOOD,2681
3138,60,6,Unemployed,6494
3139,24,5,FOOD,6238
3140,55,2,HEALTHCARE,2682
3141,7,2,,2682
3142,22,1,FOOD,441
3143,63,2,HEALTHCARE,2683
3144,60,4,HEALTHCARE,5705
3145,51,3,FINANCEINSURANCE,4976
3146,19,4,FOOD,5705
3147,75,3,,4976
3148,48,2,HEALTHCARE,2683
3149,59,2,HEALTHCARE,2684
3150,77,1,,442
3151,68,3,,4977
3152,36,2,Unemployed,2684
3153,11,3,,4977
3154,26,2,FOOD,2685
3155,61,1,HEALTHCARE,443
3156,9,4,,5705
3157,45,2,HEALTHCARE,2685
3158,19,4,OTHER,5706
3159,66,1,,444
3160,56,2,FOOD,2686
3161,35,4,HEALTHCARE,5706
3162,64,2,HEALTHCARE,2686
3163,73,4,,5706
3164,26,2,HEALTHCARE,2687
3165,57,2,FINANCEINSURANCE,2687
3166,50,4,HEALTHCARE,5706
3167,64,3,FOOD,4977
3168,70,5,,6238
3169,24,4,Unemployed,5707
3170,28,1,FOOD,445
3171,6,2,,2688
3172,59,3,FOOD,4978
3173,20,1,FOOD,446
3174,78,5,,6238
3175,78,2,,2688
3176,3,2,,2689
3177,90,3,,4978
3178,71,2,,2689
3179,67,3,,4978
3180,84,3,,4979
3181,41,1,Unemployed,447
3182,66,1,,448
3183,9,5,,6238
3184,49,6,HEALTHCARE,6494
3185,54,2,Unemployed,2690
3186,49,2,FOOD,2690
3187,32,5,FOOD,6238
3188,48,1,WASTEMANAGEMENT,449
3189,14,2,,2691
3190,1,2,,2691
3191,49,1,HEALTHCARE,450
3192,83,3,,4979
3193,74,2,,2692
3194,76,2,,2692
3195,64,4,HEALTHCARE,5707
3196,25,1,FOOD,451
3197,34,4,HEALTHCARE,5707
3198,67,4,,5707
3199,36,2,FOOD,2693
3200,4,3,,4979
3201,73,2,,2693
3202,2,2,,2694
3203,28,2,HEALTHCARE,2694
3204,89,2,,2695
3205,23,1,FINANCEINSURANCE,452
3206,9,2,,2695
3207,0,2,,2696
3208,56,2,Unemployed,2696
3209,31,2,FINANCEINSURANCE,2697
3210,71,2,,2697
3211,55,3,FINANCEINSURANCE,4980
3212,61,5,HEALTHCARE,6239
3213,44,3,HEALTHCARE,4980
3214,56,1,HEALTHCARE,453
3215,24,3,HEALTHCARE,4980
3216,12,2,,2698
3217,57,1,Unemployed,454
3218,40,2,HEALTHCARE,2698
3219,75,5,,6239
3220,16,2,,2699
3221,57,3,FINANCEINSURANCE,4981
3222,64,2,OTHER,2699
3223,66,2,,2700
3224,94,1,,455
3225,82,2,,2700
3226,67,2,,2701
3227,62,5,FOOD,6239
3228,15,1,,456
3229,61,2,HEALTHCARE,2701
3230,29,2,FINANCEINSURANCE,2702
3231,75,3,,4981
3232,68,2,,2702
3233,81,3,,4981
3234,66,2,,2703
3235,60,2,WASTEMANAGEMENT,2703
3236,8,1,,457
3237,66,5,,6239
3238,49,1,FINANCEINSURANCE,458
3239,0,2,,2704
3240,49,1,HEALTHCARE,459
3241,30,2,Unemployed,2704
3242,7,2,,2705
3243,70,3,,4982
3244,43,3,Unemployed,4982
3245,59,6,HEALTHCARE,6494
3246,75,2,,2705
3247,39,5,HEALTHCARE,6239
3248,70,3,,4982
3249,15,1,,460
3250,87,2,,2706
3251,78,1,,461
3252,28,2,HEALTHCARE,2706
3253,70,4,,5708
3254,73,1,,462
3255,13,1,,463
3256,68,3,,4983
3257,5,4,,5708
3258,19,2,FOOD,2707
3259,6,5,,6240
3260,14,4,,5708
3261,55,2,OTHER,2707
3262,44,2,FOOD,2708
3263,21,5,FINANCEINSURANCE,6240
3264,27,3,HEALTHCARE,4983
3265,43,1,FOOD,464
3266,31,4,FOOD,5708
3267,63,5,HEALTHCARE,6240
3268,75,1,,465
3269,68,3,,4983
3270,61,1,HEALTHCARE,466
3271,4,3,,4984
3272,34,2,WASTEMANAGEMENT,2708
3273,73,6,,6494
3274,6,5,,6240
3275,60,2,FOOD,2709
3276,31,3,FOOD,4984
3277,6,2,,2709
3278,33,2,HEALTHCARE,2710
3279,26,5,HEALTHCARE,6240
3280,67,3,,4984
3281,61,3,Unemployed,4985
3282,65,1,HEALTHCARE,467
3283,14,2,,2710
3284,42,2,FINANCEINSURANCE,2711
3285,65,4,FOOD,5709
3286,9,4,,5709
3287,79,2,,2711
3288,67,5,,6241
3289,1,5,,6241
3290,12,2,,2712
3291,66,6,,6494
3292,28,5,HEALTHCARE,6241
3293,31,2,HEALTHCARE,2712
3294,38,2,FINANCEINSURANCE,2713
3295,32,2,HEALTHCARE,2713
3296,35,5,HEALTHCARE,6241
3297,91,2,,2714
3298,9,4,,5709
3299,52,2,HEALTHCARE,2714
3300,72,3,,4985
3301,0,1,,468
3302,56,4,HEALTHCARE,5709
3303,24,2,HEALTHCARE,2715
3304,53,4,FOOD,5710
3305,58,2,FOOD,2715
3306,18,4,HEALTHCARE,5710
3307,13,1,,469
3308,8,2,,2716
3309,61,3,OTHER,4985
3310,62,5,HEALTHCARE,6241
3311,18,2,FOOD,2716
3312,24,5,FOOD,6242
3313,89,3,,4986
3314,16,3,,4986
3315,24,2,WASTEMANAGEMENT,2717
3316,20,2,HEALTHCARE,2717
3317,47,2,FOOD,2718
3318,96,2,,2718
3319,99,3,,4986
3320,56,4,HEALTHCARE,5710
3321,73,2,,2719
3322,17,2,,2719
3323,16,1,,470
3324,3,2,,2720
3325,14,3,,4987
3326,56,2,HEALTHCARE,2720
3327,51,3,HEALTHCARE,4987
3328,99,1,,471
3329,57,3,HEALTHCARE,4987
3330,52,4,OTHER,5710
3331,67,6,,6494
3332,22,1,HEALTHCARE,472
3333,6,4,,5711
3334,79,2,,2721
3335,6,6,,6495
3336,62,2,Unemployed,2721
3337,39,2,Unemployed,2722
3338,64,4,OTHER,5711
3339,87,1,,473
3340,11,3,,4988
3341,76,2,,2722
3342,75,4,,5711
3343,27,5,OTHER,6242
3344,35,4,HEALTHCARE,5711
3345,15,2,,2723
3346,59,2,OTHER,2723
3347,23,5,HEALTHCARE,6242
3348,76,1,,474
3349,87,2,,2724
3350,62,2,FOOD,2724
3351,3,4,,5712
3352,38,3,FOOD,4988
3353,32,4,HEALTHCARE,5712
3354,71,4,,5712
3355,64,2,Unemployed,2725
3356,7,3,,4988
3357,51,6,FINANCEINSURANCE,6495
3358,31,2,FOOD,2725
3359,50,5,HEALTHCARE,6242
3360,46,2,Unemployed,2726
3361,1,4,,5712
3362,62,1,FOOD,475
3363,33,3,FOOD,4989
3364,52,1,FOOD,476
3365,63,3,HEALTHCARE,4989
3366,67,2,,2726
3367,71,2,,2727
3368,69,2,,2727
3369,89,4,,5713
3370,45,2,FOOD,2728
3371,77,2,,2728
3372,25,2,Unemployed,2729
3373,54,2,HEALTHCARE,2729
3374,40,2,HEALTHCARE,2730
3375,40,3,FOOD,4989
3376,69,3,,4990
3377,63,3,HEALTHCARE,4990
3378,54,3,HEALTHCARE,4990
3379,11,3,,4991
3380,79,5,,6242
3381,68,2,,2730
3382,70,2,,2731
3383,42,2,FOOD,2731
3384,83,1,,477
3385,60,6,FOOD,6495
3386,55,2,FINANCEINSURANCE,2732
3387,58,2,FOOD,2732
3388,28,2,FOOD,2733
3389,75,3,,4991
3390,56,2,HEALTHCARE,2733
3391,50,2,FOOD,2734
3392,54,3,HEALTHCARE,4991
3393,98,2,,2734
3394,74,3,,4992
3395,55,4,HEALTHCARE,5713
3396,67,2,,2735
3397,68,6,,6495
3398,19,2,FOOD,2735
3399,64,4,HEALTHCARE,5713
3400,8,5,,6243
3401,43,1,HEALTHCARE,478
3402,52,4,HEALTHCARE,5713
3403,26,2,WASTEMANAGEMENT,2736
3404,33,1,HEALTHCARE,479
3405,36,2,FOOD,2736
3406,66,2,,2737
3407,20,2,Unemployed,2737
3408,66,2,,2738
3409,50,6,OTHER,6495
3410,12,2,,2738
3411,71,1,,480
3412,60,3,HEALTHCARE,4992
3413,38,2,OTHER,2739
3414,16,4,,5714
3415,58,2,HEALTHCARE,2739
3416,67,1,,481
3417,66,2,,2740
3418,27,2,FOOD,2740
3419,7,3,,4992
3420,13,3,,4993
3421,48,1,FOOD,482
3422,67,3,,4993
3423,50,2,FOOD,2741
3424,97,1,,483
3425,66,4,,5714
3426,12,1,,484
3427,20,2,HEALTHCARE,2741
3428,45,1,HEALTHCARE,485
3429,46,2,HEALTHCARE,2742
3430,95,5,,6243
3431,61,4,OTHER,5714
3432,67,2,,2742
3433,6,3,,4993
3434,45,2,OTHER,2743
3435,21,1,HEALTHCARE,486
3436,45,5,FOOD,6243
3437,37,2,FOOD,2743
3438,62,2,HEALTHCARE,2744
3439,78,2,,2744
3440,63,3,HEALTHCARE,4994
3441,78,5,,6243
3442,2,2,,2745
3443,27,1,FOOD,487
3444,61,1,HEALTHCARE,488
3445,21,2,HEALTHCARE,2745
3446,53,1,FOOD,489
3447,68,2,,2746
3448,24,4,HEALTHCARE,5714
3449,11,3,,4994
3450,63,5,HEALTHCARE,6243
3451,52,1,HEALTHCARE,490
3452,26,3,FOOD,4994
3453,61,2,HEALTHCARE,2746
3454,82,5,,6244
3455,67,2,,2747
3456,39,2,FOOD,2747
3457,63,2,FOOD,2748
3458,61,3,FOOD,4995
3459,58,4,HEALTHCARE,5715
3460,16,2,,2748
3461,39,2,HEALTHCARE,2749
3462,52,2,Unemployed,2749
3463,63,3,HEALTHCARE,4995
3464,72,5,,6244
3465,28,2,FOOD,2750
3466,56,2,Unemployed,2750
3467,54,1,HEALTHCARE,491
3468,6,2,,2751
3469,45,6,FOOD,6495
3470,70,3,,4995
3471,98,2,,2751
3472,72,2,,2752
3473,23,1,HEALTHCARE,492
3474,67,6,,6496
3475,79,5,,6244
3476,9,2,,2752
3477,4,4,,5715
3478,55,1,FINANCEINSURANCE,493
3479,30,2,FOOD,2753
3480,57,1,FOOD,494
3481,25,2,HEALTHCARE,2753
3482,75,5,,6244
3483,50,2,WASTEMANAGEMENT,2754
3484,30,4,HEALTHCARE,5715
3485,72,4,,5715
3486,3,2,,2754
3487,10,3,,4996
3488,59,2,HEALTHCARE,2755
3489,31,3,FINANCEINSURANCE,4996
3490,13,3,,4996
3491,65,6,OTHER,6496
3492,42,3,HEALTHCARE,4997
3493,4,2,,2755
3494,68,5,,6244
3495,16,2,,2756
3496,56,2,FOOD,2756
3497,56,3,Unemployed,4997
3498,71,5,,6245
3499,1,4,,5716
3500,69,2,,2757
3501,61,1,OTHER,495
3502,32,3,HEALTHCARE,4997
3503,61,2,OTHER,2757
3504,13,1,,496
3505,30,4,FOOD,5716
3506,60,4,HEALTHCARE,5716
3507,97,5,,6245
3508,51,3,HEALTHCARE,4998
3509,2,2,,2758
3510,58,5,HEALTHCARE,6245
3511,64,4,HEALTHCARE,5716
3512,57,2,HEALTHCARE,2758
3513,10,3,,4998
3514,34,1,Unemployed,497
3515,47,3,HEALTHCARE,4998
3516,61,2,FINANCEINSURANCE,2759
3517,29,2,FOOD,2759
3518,60,2,FOOD,2760
3519,54,3,HEALTHCARE,4999
3520,44,6,HEALTHCARE,6496
3521,52,3,FOOD,4999
3522,61,6,Unemployed,6496
3523,74,6,,6496
3524,26,2,HEALTHCARE,2760
3525,1,2,,2761
3526,61,2,HEALTHCARE,2761
3527,54,3,HEALTHCARE,4999
3528,6,1,,498
3529,16,2,,2762
3530,62,5,FOOD,6245
3531,7,1,,499
3532,35,3,HEALTHCARE,5000
3533,14,1,,500
3534,58,4,HEALTHCARE,5717
3535,56,4,HEALTHCARE,5717
3536,42,2,HEALTHCARE,2762
3537,11,4,,5717
3538,3,2,,2763
3539,12,5,,6245
3540,19,2,WASTEMANAGEMENT,2763
3541,43,2,WASTEMANAGEMENT,2764
3542,100,5,,6246
3543,55,2,OTHER,2764
3544,61,1,HEALTHCARE,501
3545,28,3,HEALTHCARE,5000
3546,51,4,FOOD,5717
3547,32,2,HEALTHCARE,2765
3548,9,3,,5000
3549,11,6,,6496
3550,61,2,FOOD,2765
3551,37,2,FINANCEINSURANCE,2766
3552,37,2,HEALTHCARE,2766
3553,51,2,FOOD,2767
3554,51,1,HEALTHCARE,502
3555,64,3,FOOD,5001
3556,48,2,HEALTHCARE,2767
3557,3,3,,5001
3558,57,3,OTHER,5001
3559,23,3,FOOD,5002
3560,76,4,,5718
3561,46,2,HEALTHCARE,2768
3562,50,2,FINANCEINSURANCE,2768
3563,19,2,FOOD,2769
3564,25,2,HEALTHCARE,2769
3565,82,3,,5002
3566,72,4,,5718
3567,70,1,,503
3568,67,2,,2770
3569,4,5,,6246
3570,78,6,,6497
3571,6,1,,504
3572,65,6,HEALTHCARE,6497
3573,66,1,,505
3574,59,2,FINANCEINSURANCE,2770
3575,78,2,,2771
3576,71,4,,5718
3577,19,3,HEALTHCARE,5002
3578,99,4,,5718
3579,8,2,,2771
3580,61,2,FOOD,2772
3581,51,3,FOOD,5003
3582,29,1,FOOD,506
3583,29,6,HEALTHCARE,6497
3584,52,2,HEALTHCARE,2772
3585,78,2,,2773
3586,24,2,FOOD,2773
3587,17,2,,2774
3588,29,4,FOOD,5719
3589,56,6,HEALTHCARE,6497
3590,67,3,,5003
3591,56,2,HEALTHCARE,2774
3592,65,3,Unemployed,5003
3593,28,4,Unemployed,5719
3594,95,2,,2775
3595,6,2,,2775
3596,67,3,,5004
3597,44,5,Unemployed,6246
3598,61,2,OTHER,2776
3599,39,4,HEALTHCARE,5719
3600,69,3,,5004
3601,30,3,HEALTHCARE,5004
3602,68,2,,2776
3603,21,4,FOOD,5719
3604,69,5,,6246
3605,68,2,,2777
3606,68,2,,2777
3607,23,5,FOOD,6246
3608,80,2,,2778
3609,53,2,OTHER,2778
3610,1,2,,2779
3611,2,1,,507
3612,12,2,,2779
3613,60,1,Unemployed,508
3614,1,4,,5720
3615,44,4,Unemployed,5720
3616,67,5,,6247
3617,66,6,,6497
3618,30,5,WASTEMANAGEMENT,6247
3619,69,2,,2780
3620,68,2,,2780
3621,35,2,HEALTHCARE,2781
3622,2,5,,6247
3623,77,2,,2781
3624,15,2,,2782
3625,29,2,FOOD,2782
3626,12,1,,509
3627,43,4,FOOD,5720
3628,58,2,FOOD,2783
3629,10,3,,5005
3630,54,2,HEALTHCARE,2783
3631,30,5,WASTEMANAGEMENT,6247
3632,15,2,,2784
3633,62,1,WASTEMANAGEMENT,510
3634,51,2,FOOD,2784
3635,16,5,,6247
3636,57,2,FINANCEINSURANCE,2785
3637,50,4,HEALTHCARE,5720
3638,94,2,,2785
3639,53,3,FINANCEINSURANCE,5005
3640,67,2,,2786
3641,68,5,,6248
3642,69,4,,5721
3643,40,4,FOOD,5721
3644,2,2,,2786
3645,79,2,,2787
3646,78,2,,2787
3647,20,2,HEALTHCARE,2788
3648,79,4,,5721
3649,15,3,,5005
3650,62,1,Unemployed,511
3651,53,1,OTHER,512
3652,11,2,,2788
3653,75,4,,5721
3654,36,4,HEALTHCARE,5722
3655,59,2,HEALTHCARE,2789
3656,62,1,HEALTHCARE,513
3657,23,2,FOOD,2789
3658,90,2,,2790
3659,77,4,,5722
3660,37,2,FOOD,2790
3661,77,2,,2791
3662,9,2,,2791
3663,78,2,,2792
3664,62,2,HEALTHCARE,2792
3665,36,2,HEALTHCARE,2793
3666,52,2,HEALTHCARE,2793
3667,78,5,,6248
3668,34,5,Unemployed,6248
3669,30,4,FOOD,5722
3670,64,1,Unemployed,514
3671,12,2,,2794
3672,55,2,FOOD,2794
3673,66,2,,2795
3674,62,1,FOOD,515
3675,41,3,FOOD,5006
3676,99,6,,6497
3677,90,2,,2795
3678,78,2,,2796
3679,81,2,,2796
3680,3,4,,5722
3681,61,3,Unemployed,5006
3682,63,1,HEALTHCARE,516
3683,71,2,,2797
3684,23,1,FOOD,517
3685,39,3,WASTEMANAGEMENT,5006
3686,48,5,FOOD,6248
3687,74,3,,5007
3688,4,2,,2797
3689,41,3,Unemployed,5007
3690,95,3,,5007
3691,60,2,HEALTHCARE,2798
3692,25,5,FOOD,6248
3693,46,4,FOOD,5723
3694,79,1,,518
3695,41,6,FOOD,6498
3696,64,3,HEALTHCARE,5008
3697,64,4,FOOD,5723
3698,71,2,,2798
3699,65,1,HEALTHCARE,519
3700,63,1,FOOD,520
3701,74,2,,2799
3702,51,2,HEALTHCARE,2799
3703,7,1,,521
3704,57,3,FOOD,5008
3705,13,3,,5008
3706,9,6,,6498
3707,35,5,FOOD,6249
3708,11,4,,5723
3709,72,2,,2800
3710,68,1,,522
3711,68,4,,5723
3712,68,2,,2800
3713,56,2,HEALTHCARE,2801
3714,23,4,HEALTHCARE,5724
3715,29,3,FOOD,5009
3716,50,4,FOOD,5724
3717,32,2,HEALTHCARE,2801
3718,64,1,FOOD,523
3719,22,2,Unemployed,2802
3720,78,4,,5724
3721,70,1,,524
3722,1,2,,2802
3723,6,5,,6249
3724,86,2,,2803
3725,39,1,FOOD,525
3726,76,3,,5009
3727,75,5,,6249
3728,72,1,,526
3729,37,5,FINANCEINSURANCE,6249
3730,86,3,,5009
3731,15,6,,6498
3732,14,2,,2803
3733,42,2,HEALTHCARE,2804
3734,3,3,,5010
3735,24,2,Unemployed,2804
3736,25,3,HEALTHCARE,5010
3737,76,2,,2805
3738,74,2,,2805
3739,22,3,FOOD,5010
3740,50,2,OTHER,2806
3741,36,3,FOOD,5011
3742,36,5,HEALTHCARE,6249
3743,13,4,,5724
3744,59,1,Unemployed,527
3745,3,2,,2806
3746,65,2,HEALTHCARE,2807
3747,61,1,WASTEMANAGEMENT,528
3748,62,4,HEALTHCARE,5725
3749,93,2,,2807
3750,71,3,,5011
3751,35,2,FOOD,2808
3752,64,2,FOOD,2808
3753,32,6,FOOD,6498
3754,71,5,,6250
3755,57,2,Unemployed,2809
3756,61,2,HEALTHCARE,2809
3757,55,4,HEALTHCARE,5725
3758,1,1,,529
3759,48,1,Unemployed,530
3760,58,4,FOOD,5725
3761,91,3,,5011
3762,63,3,HEALTHCARE,5012
3763,61,3,HEALTHCARE,5012
3764,59,2,HEALTHCARE,2810
3765,63,1,HEALTHCARE,531
3766,69,5,,6250
3767,64,2,FOOD,2810
3768,52,3,FOOD,5012
3769,39,1,HEALTHCARE,532
3770,33,4,HEALTHCARE,5725
3771,23,2,FINANCEINSURANCE,2811
3772,95,2,,2811
3773,63,3,HEALTHCARE,5013
3774,27,2,FOOD,2812
3775,21,1,Unemployed,533
3776,9,2,,2812
3777,7,4,,5726
3778,75,2,,2813
3779,20,2,Unemployed,2813
3780,41,1,Unemployed,534
3781,52,2,HEALTHCARE,2814
3782,78,2,,2814
3783,52,3,HEALTHCARE,5013
3784,59,2,HEALTHCARE,2815
3785,29,2,HEALTHCARE,2815
3786,18,2,HEALTHCARE,2816
3787,52,3,FOOD,5013
3788,14,2,,2816
3789,61,1,Unemployed,535
3790,50,4,HEALTHCARE,5726
3791,75,2,,2817
3792,28,4,Unemployed,5726
3793,55,5,FOOD,6250
3794,69,2,,2817
3795,98,6,,6498
3796,25,5,FOOD,6250
3797,16,4,,5726
3798,78,4,,5727
3799,30,2,FOOD,2818
3800,66,2,,2818
3801,41,2,HEALTHCARE,2819
3802,74,1,,536
3803,63,3,FOOD,5014
3804,3,2,,2819
3805,21,2,HEALTHCARE,2820
3806,45,2,HEALTHCARE,2820
3807,38,1,FOOD,537
3808,52,4,HEALTHCARE,5727
3809,2,2,,2821
3810,58,5,FOOD,6250
3811,2,2,,2821
3812,91,2,,2822
3813,6,1,,538
3814,36,4,Unemployed,5727
3815,69,2,,2822
3816,20,4,FOOD,5727
3817,69,1,,539
3818,50,1,FOOD,540
3819,3,4,,5728
3820,55,3,HEALTHCARE,5014
3821,74,3,,5014
3822,49,3,FOOD,5015
3823,78,2,,2823
3824,67,2,,2823
3825,24,1,FOOD,541
3826,52,2,OTHER,2824
3827,26,2,FOOD,2824
3828,73,4,,5728
3829,72,2,,2825
3830,6,5,,6251
3831,17,4,,5728
3832,67,2,,2825
3833,74,6,,6498
3834,58,2,HEALTHCARE,2826
3835,0,2,,2826
3836,12,2,,2827
3837,73,2,,2827
3838,59,3,HEALTHCARE,5015
3839,64,1,FOOD,542
3840,24,3,FOOD,5015
3841,22,1,HEALTHCARE,543
3842,17,2,,2828
3843,34,2,FINANCEINSURANCE,2828
3844,30,2,OTHER,2829
3845,55,4,HEALTHCARE,5728
3846,38,4,HEALTHCARE,5729
3847,45,4,FINANCEINSURANCE,5729
3848,64,4,HEALTHCARE,5729
3849,63,2,HEALTHCARE,2829
3850,35,3,WASTEMANAGEMENT,5016
3851,39,2,HEALTHCARE,2830
3852,64,4,HEALTHCARE,5729
3853,61,2,OTHER,2830
3854,27,3,HEALTHCARE,5016
3855,11,4,,5730
3856,74,4,,5730
3857,45,5,FINANCEINSURANCE,6251
3858,16,4,,5730
3859,56,1,HEALTHCARE,544
3860,60,2,FOOD,2831
3861,60,3,HEALTHCARE,5016
3862,87,3,,5017
3863,44,5,FOOD,6251
3864,42,4,HEALTHCARE,5730
3865,57,3,FINANCEINSURANCE,5017
3866,89,1,,545
3867,6,6,,6499
3868,43,2,HEALTHCARE,2831
3869,29,2,FOOD,2832
3870,10,1,,546
3871,42,1,FOOD,547
3872,60,1,FOOD,548
3873,16,2,,2832
3874,41,1,HEALTHCARE,549
3875,34,2,HEALTHCARE,2833
3876,28,2,HEALTHCARE,2833
3877,59,4,FOOD,5731
3878,0,4,,5731
3879,61,4,HEALTHCARE,5731
3880,91,3,,5017
3881,42,2,FOOD,2834
3882,36,2,Unemployed,2834
3883,3,3,,5018
3884,28,5,HEALTHCARE,6251
3885,92,3,,5018
3886,10,2,,2835
3887,38,2,HEALTHCARE,2835
3888,15,2,,2836
3889,64,5,HEALTHCARE,6251
3890,74,2,,2836
3891,11,3,,5018
3892,50,3,FINANCEINSURANCE,5019
3893,26,1,Unemployed,550
3894,64,2,HEALTHCARE,2837
3895,18,3,HEALTHCARE,5019
3896,13,3,,5019
3897,61,2,HEALTHCARE,2837
3898,86,1,,551
3899,56,3,FOOD,5020
3900,65,2,HEALTHCARE,2838
3901,53,5,Unemployed,6252
3902,41,1,FOOD,552
3903,27,2,FOOD,2838
3904,78,2,,2839
3905,34,5,FOOD,6252
3906,62,2,Unemployed,2839
3907,61,2,HEALTHCARE,2840
3908,62,1,HEALTHCARE,553
3909,74,1,,554
3910,70,1,,555
3911,48,4,FINANCEINSURANCE,5731
3912,21,3,FOOD,5020
3913,49,3,FOOD,5020
3914,22,6,FOOD,6499
3915,63,2,HEALTHCARE,2840
3916,55,2,FINANCEINSURANCE,2841
3917,25,3,FOOD,5021
3918,64,3,HEALTHCARE,5021
3919,58,2,Unemployed,2841
3920,18,3,HEALTHCARE,5021
3921,42,3,HEALTHCARE,5022
3922,35,1,FINANCEINSURANCE,556
3923,55,2,HEALTHCARE,2842
3924,24,6,OTHER,6499
3925,70,5,,6252
3926,33,5,FOOD,6252
3927,7,4,,5732
3928,41,1,HEALTHCARE,557
3929,69,4,,5732
3930,12,4,,5732
3931,47,4,HEALTHCARE,5732
3932,26,4,HEALTHCARE,5733
3933,17,3,,5022
3934,52,2,HEALTHCARE,2842
3935,15,1,,558
3936,53,2,HEALTHCARE,2843
3937,14,1,,559
3938,16,1,,560
3939,51,2,HEALTHCARE,2843
3940,59,2,HEALTHCARE,2844
3941,65,3,Unemployed,5022
3942,31,2,HEALTHCARE,2844
3943,16,2,,2845
3944,24,2,HEALTHCARE,2845
3945,48,2,HEALTHCARE,2846
3946,26,5,HEALTHCARE,6252
3947,39,4,FOOD,5733
3948,35,2,HEALTHCARE,2846
3949,40,4,HEALTHCARE,5733
3950,32,4,FOOD,5733
3951,50,2,HEALTHCARE,2847
3952,37,2,FINANCEINSURANCE,2847
3953,38,4,HEALTHCARE,5734
3954,64,3,OTHER,5023
3955,69,2,,2848
3956,57,2,FOOD,2848
3957,48,2,HEALTHCARE,2849
3958,1,1,,561
3959,59,4,FOOD,5734
3960,35,2,HEALTHCARE,2849
3961,62,6,FOOD,6499
3962,34,2,FOOD,2850
3963,64,4,FOOD,5734
3964,16,3,,5023
3965,19,3,HEALTHCARE,5023
3966,54,2,Unemployed,2850
3967,14,2,,2851
3968,2,2,,2851
3969,25,2,HEALTHCARE,2852
3970,10,5,,6253
3971,14,1,,562
3972,58,2,HEALTHCARE,2852
3973,63,3,OTHER,5024
3974,45,2,HEALTHCARE,2853
3975,47,2,HEALTHCARE,2853
3976,8,2,,2854
3977,31,5,HEALTHCARE,6253
3978,65,2,FOOD,2854
3979,29,1,FOOD,563
3980,68,3,,5024
3981,82,1,,564
3982,77,3,,5024
3983,26,3,FOOD,5025
3984,19,2,OTHER,2855
3985,61,6,HEALTHCARE,6499
3986,73,1,,565
3987,67,1,,566
3988,65,4,HEALTHCARE,5734
3989,13,1,,567
3990,85,2,,2855
3991,51,2,HEALTHCARE,2856
3992,23,2,HEALTHCARE,2856
3993,11,3,,5025
3994,53,2,FOOD,2857
3995,74,2,,2857
3996,67,4,,5735
3997,62,1,HEALTHCARE,568
3998,73,2,,2858
3999,27,2,HEALTHCARE,2858
4000,58,4,OTHER,5735
4001,78,5,,6253
4002,63,3,OTHER,5025
4003,75,2,,2859
4004,10,3,,5026
4005,51,4,HEALTHCARE,5735
4006,46,2,HEALTHCARE,2859
4007,36,3,HEALTHCARE,5026
4008,6,3,,5026
4009,74,4,,5735
4010,79,1,,569
4011,51,2,HEALTHCARE,2860
4012,53,4,HEALTHCARE,5736
4013,43,2,OTHER,2860
4014,17,3,,5027
4015,63,2,HEALTHCARE,2861
4016,17,2,,2861
4017,66,2,,2862
4018,40,4,HEALTHCARE,5736
4019,94,4,,5736
4020,53,2,FOOD,2862
4021,69,4,,5736
4022,69,4,,5737
4023,54,1,HEALTHCARE,570
4024,64,3,Unemployed,5027
4025,24,2,FOOD,2863
4026,79,3,,5027
4027,65,4,HEALTHCARE,5737
4028,37,2,HEALTHCARE,2863
4029,19,3,HEALTHCARE,5028
4030,9,4,,5737
4031,53,1,FOOD,571
4032,2,3,,5028
4033,71,3,,5028
4034,2,1,,572
4035,76,2,,2864
4036,37,2,FOOD,2864
4037,9,2,,2865
4038,46,2,FOOD,2865
4039,70,1,,573
4040,13,2,,2866
4041,18,1,HEALTHCARE,574
4042,48,5,FOOD,6253
4043,60,2,HEALTHCARE,2866
4044,36,1,FOOD,575
4045,37,2,HEALTHCARE,2867
4046,98,2,,2867
4047,22,5,HEALTHCARE,6253
4048,54,2,HEALTHCARE,2868
4049,62,2,FINANCEINSURANCE,2868
4050,67,2,,2869
4051,51,3,FOOD,5029
4052,55,2,FINANCEINSURANCE,2869
4053,22,2,FOOD,2870
4054,4,4,,5737
4055,78,1,,576
4056,81,3,,5029
4057,58,5,HEALTHCARE,6254
4058,100,3,,5029
4059,67,3,,5030
4060,65,4,HEALTHCARE,5738
4061,74,3,,5030
4062,74,5,,6254
4063,7,2,,2870
4064,94,4,,5738
4065,17,2,,2871
4066,76,2,,2871
4067,51,4,HEALTHCARE,5738
4068,30,1,FOOD,577
4069,16,2,,2872
4070,9,2,,2872
4071,12,2,,2873
4072,74,4,,5738
4073,43,4,FOOD,5739
4074,37,2,HEALTHCARE,2873
4075,34,2,HEALTHCARE,2874
4076,0,3,,5030
4077,28,4,Unemployed,5739
4078,4,2,,2874
4079,14,2,,2875
4080,16,2,,2875
4081,54,2,HEALTHCARE,2876
4082,62,3,FOOD,5031
4083,59,2,HEALTHCARE,2876
4084,54,4,HEALTHCARE,5739
4085,19,1,Unemployed,578
4086,44,5,HEALTHCARE,6254
4087,53,2,HEALTHCARE,2877
4088,81,3,,5031
4089,39,3,HEALTHCARE,5031
4090,40,2,HEALTHCARE,2877
4091,68,2,,2878
4092,30,5,HEALTHCARE,6254
4093,27,2,FOOD,2878
4094,79,4,,5739
4095,0,2,,2879
4096,65,2,HEALTHCARE,2879
4097,37,4,HEALTHCARE,5740
4098,24,1,OTHER,579
4099,61,4,HEALTHCARE,5740
4100,7,1,,580
4101,62,2,FOOD,2880
4102,76,6,,6499
4103,60,3,HEALTHCARE,5032
4104,14,2,,2880
4105,66,2,,2881
4106,68,1,,581
4107,72,4,,5740
4108,13,2,,2881
4109,43,4,HEALTHCARE,5740
4110,19,2,Unemployed,2882
4111,61,2,HEALTHCARE,2882
4112,25,2,HEALTHCARE,2883
4113,58,1,HEALTHCARE,582
4114,64,3,HEALTHCARE,5032
4115,83,4,,5741
4116,61,2,Unemployed,2883
4117,62,6,HEALTHCARE,6500
4118,11,3,,5032
4119,51,4,FOOD,5741
4120,97,2,,2884
4121,66,2,,2884
4122,33,4,HEALTHCARE,5741
4123,5,1,,583
4124,19,3,Unemployed,5033
4125,65,3,FOOD,5033
4126,66,3,,5033
4127,89,4,,5741
4128,59,2,FOOD,2885
4129,51,2,HEALTHCARE,2885
4130,1,5,,6254
4131,14,4,,5742
4132,83,4,,5742
4133,67,3,,5034
4134,19,3,HEALTHCARE,5034
4135,18,4,HEALTHCARE,5742
4136,37,4,HEALTHCARE,5742
4137,26,1,HEALTHCARE,584
4138,74,3,,5034
4139,77,2,,2886
4140,63,1,HEALTHCARE,585
4141,65,2,Unemployed,2886
4142,38,5,HEALTHCARE,6255
4143,0,3,,5035
4144,21,1,HEALTHCARE,586
4145,96,5,,6255
4146,68,5,,6255
4147,3,2,,2887
4148,50,3,HEALTHCARE,5035
4149,3,1,,587
4150,0,2,,2887
4151,67,4,,5743
4152,6,1,,588
4153,9,2,,2888
4154,60,1,FOOD,589
4155,54,1,FINANCEINSURANCE,590
4156,25,1,FOOD,591
4157,1,2,,2888
4158,70,2,,2889
4159,61,6,FOOD,6500
4160,57,2,FOOD,2889
4161,72,3,,5035
4162,13,2,,2890
4163,74,5,,6255
4164,41,2,FOOD,2890
4165,52,2,FOOD,2891
4166,67,2,,2891
4167,11,2,,2892
4168,89,4,,5743
4169,41,3,HEALTHCARE,5036
4170,55,1,FOOD,592
4171,61,2,FOOD,2892
4172,91,5,,6255
4173,58,4,HEALTHCARE,5743
4174,69,4,,5743
4175,67,2,,2893
4176,56,2,HEALTHCARE,2893
4177,89,6,,6500
4178,68,3,,5036
4179,68,4,,5744
4180,66,2,,2894
4181,49,4,OTHER,5744
4182,20,4,Unemployed,5744
4183,89,2,,2894
4184,8,2,,2895
4185,68,3,,5036
4186,78,6,,6500
4187,3,3,,5037
4188,73,4,,5744
4189,28,2,OTHER,2895
4190,79,1,,593
4191,14,4,,5745
4192,88,3,,5037
4193,68,4,,5745
4194,57,3,FOOD,5037
4195,58,1,HEALTHCARE,594
4196,79,3,,5038
4197,40,6,FOOD,6500
4198,68,2,,2896
4199,49,6,HEALTHCARE,6500
4200,77,2,,2896
4201,75,3,,5038
4202,73,4,,5745
4203,42,2,FOOD,2897
4204,23,2,FOOD,2897
4205,71,2,,2898
4206,17,2,,2898
4207,41,5,FINANCEINSURANCE,6256
4208,5,2,,2899
4209,47,1,FINANCEINSURANCE,595
4210,3,4,,5745
4211,70,1,,596
4212,48,2,FINANCEINSURANCE,2899
4213,12,4,,5746
4214,12,1,,597
4215,58,2,HEALTHCARE,2900
4216,70,1,,598
4217,89,4,,5746
4218,33,1,FOOD,599
4219,59,2,HEALTHCARE,2900
4220,20,4,HEALTHCARE,5746
4221,13,2,,2901
4222,56,2,Unemployed,2901
4223,8,2,,2902
4224,81,4,,5746
4225,57,6,HEALTHCARE,6501
4226,68,3,,5038
4227,51,4,HEALTHCARE,5747
4228,39,3,FOOD,5039
4229,36,1,HEALTHCARE,600
4230,66,2,,2902
4231,4,4,,5747
4232,73,3,,5039
4233,60,5,FOOD,6256
4234,7,3,,5039
4235,34,2,FOOD,2903
4236,47,2,HEALTHCARE,2903
4237,41,3,HEALTHCARE,5040
4238,65,6,HEALTHCARE,6501
4239,9,3,,5040
4240,92,1,,601
4241,39,3,FOOD,5040
4242,35,5,HEALTHCARE,6256
4243,61,4,FINANCEINSURANCE,5747
4244,52,5,HEALTHCARE,6256
4245,18,2,HEALTHCARE,2904
4246,23,6,FINANCEINSURANCE,6501
4247,29,2,HEALTHCARE,2904
4248,42,3,FOOD,5041
4249,78,2,,2905
4250,80,2,,2905
4251,56,2,OTHER,2906
4252,42,2,FOOD,2906
4253,6,2,,2907
4254,1,3,,5041
4255,44,2,HEALTHCARE,2907
4256,95,1,,602
4257,20,2,HEALTHCARE,2908
4258,16,3,,5041
4259,56,1,FINANCEINSURANCE,603
4260,5,2,,2908
4261,23,3,Unemployed,5042
4262,23,1,FOOD,604
4263,66,4,,5747
4264,53,2,FINANCEINSURANCE,2909
4265,50,3,OTHER,5042
4266,12,4,,5748
4267,24,3,FOOD,5042
4268,88,5,,6256
4269,46,2,HEALTHCARE,2909
4270,6,5,,6257
4271,72,6,,6501
4272,6,2,,2910
4273,1,1,,605
4274,55,2,HEALTHCARE,2910
4275,77,4,,5748
4276,20,5,HEALTHCARE,6257
4277,9,2,,2911
4278,24,6,FOOD,6501
4279,18,4,Unemployed,5748
4280,5,1,,606
4281,50,5,HEALTHCARE,6257
4282,100,2,,2911
4283,35,2,HEALTHCARE,2912
4284,28,2,HEALTHCARE,2912
4285,94,3,,5043
4286,35,2,FOOD,2913
4287,66,5,,6257
4288,21,6,FOOD,6501
4289,16,3,,5043
4290,41,3,HEALTHCARE,5043
4291,18,2,HEALTHCARE,2913
4292,23,6,HEALTHCARE,6502
4293,34,4,FOOD,5748
4294,66,2,,2914
4295,96,5,,6257
4296,70,3,,5044
4297,28,1,FOOD,607
4298,6,1,,608
4299,46,2,HEALTHCARE,2914
4300,79,2,,2915
4301,16,2,,2915
4302,38,4,HEALTHCARE,5749
4303,68,4,,5749
4304,60,1,HEALTHCARE,609
4305,12,2,,2916
4306,39,6,HEALTHCARE,6502
4307,78,4,,5749
4308,79,3,,5044
4309,21,1,FOOD,610
4310,77,3,,5044
4311,69,2,,2916
4312,4,5,,6258
4313,48,3,Unemployed,5045
4314,66,5,,6258
4315,26,2,OTHER,2917
4316,56,4,Unemployed,5749
4317,34,6,HEALTHCARE,6502
4318,61,2,FINANCEINSURANCE,2917
4319,29,3,FINANCEINSURANCE,5045
4320,78,3,,5045
4321,9,1,,611
4322,74,1,,612
4323,27,2,HEALTHCARE,2918
4324,53,1,FOOD,613
4325,79,1,,614
4326,53,2,FOOD,2918
4327,53,2,FOOD,2919
4328,55,2,FOOD,2919
4329,28,2,HEALTHCARE,2920
4330,31,4,FOOD,5750
4331,9,3,,5046
4332,5,2,,2920
4333,54,3,Unemployed,5046
4334,49,2,HEALTHCARE,2921
4335,54,3,FOOD,5046
4336,28,3,FOOD,5047
4337,31,3,FOOD,5047
4338,81,2,,2921
4339,89,2,,2922
4340,66,1,,615
4341,55,2,FINANCEINSURANCE,2922
4342,13,6,,6502
4343,44,3,OTHER,5047
4344,75,2,,2923
4345,36,2,FOOD,2923
4346,19,3,FOOD,5048
4347,22,3,FOOD,5048
4348,40,1,HEALTHCARE,616
4349,52,2,FINANCEINSURANCE,2924
4350,18,2,HEALTHCARE,2924
4351,21,2,HEALTHCARE,2925
4352,79,4,,5750
4353,63,2,HEALTHCARE,2925
4354,61,3,HEALTHCARE,5048
4355,67,4,,5750
4356,21,2,HEALTHCARE,2926
4357,76,4,,5750
4358,31,1,FOOD,617
4359,67,4,,5751
4360,38,3,HEALTHCARE,5049
4361,70,5,,6258
4362,61,3,HEALTHCARE,5049
4363,72,1,,618
4364,44,2,Unemployed,2926
4365,61,2,HEALTHCARE,2927
4366,68,4,,5751
4367,75,2,,2927
4368,62,2,FOOD,2928
4369,83,4,,5751
4370,30,1,FOOD,619
4371,77,5,,6258
4372,49,5,OTHER,6258
4373,23,2,Unemployed,2928
4374,58,2,Unemployed,2929
4375,78,2,,2929
4376,41,5,HEALTHCARE,6259
4377,9,4,,5751
4378,38,2,FOOD,2930
4379,6,4,,5752
4380,55,2,FOOD,2930
4381,2,1,,620
4382,66,1,,621
4383,9,4,,5752
4384,42,5,FOOD,6259
4385,12,4,,5752
4386,33,2,HEALTHCARE,2931
4387,65,1,HEALTHCARE,622
4388,1,2,,2931
4389,79,2,,2932
4390,19,2,HEALTHCARE,2932
4391,68,3,,5049
4392,22,1,Unemployed,623
4393,38,2,FOOD,2933
4394,60,1,WASTEMANAGEMENT,624
4395,74,5,,6259
4396,79,3,,5050
4397,34,1,FOOD,625
4398,64,2,FOOD,2933
4399,16,1,,626
4400,60,3,FOOD,5050
4401,51,4,HEALTHCARE,5752
4402,69,1,,627
4403,39,4,HEALTHCARE,5753
4404,15,1,,628
4405,64,3,FOOD,5050
4406,36,1,HEALTHCARE,629
4407,33,4,HEALTHCARE,5753
4408,50,5,FOOD,6259
4409,7,4,,5753
4410,67,1,,630
4411,57,2,FINANCEINSURANCE,2934
4412,61,2,Unemployed,2934
4413,70,3,,5051
4414,2,2,,2935
4415,64,2,HEALTHCARE,2935
4416,48,2,WASTEMANAGEMENT,2936
4417,7,3,,5051
4418,53,3,FOOD,5051
4419,63,1,FOOD,631
4420,32,5,HEALTHCARE,6259
4421,78,1,,632
4422,60,2,HEALTHCARE,2936
4423,11,1,,633
4424,14,2,,2937
4425,66,3,,5052
4426,69,4,,5753
4427,62,5,FOOD,6260
4428,28,1,FOOD,634
4429,72,4,,5754
4430,28,4,HEALTHCARE,5754
4431,3,3,,5052
4432,17,2,,2937
4433,19,2,HEALTHCARE,2938
4434,26,1,Unemployed,635
4435,56,4,HEALTHCARE,5754
4436,67,2,,2938
4437,52,2,FOOD,2939
4438,34,2,OTHER,2939
4439,20,5,FOOD,6260
4440,1,4,,5754
4441,27,2,FOOD,2940
4442,44,2,HEALTHCARE,2940
4443,62,4,HEALTHCARE,5755
4444,31,6,FOOD,6502
4445,55,2,HEALTHCARE,2941
4446,21,4,HEALTHCARE,5755
4447,66,5,,6260
4448,34,4,Unemployed,5755
4449,2,2,,2941
4450,52,2,FOOD,2942
4451,75,3,,5052
4452,56,3,FOOD,5053
4453,53,2,HEALTHCARE,2942
4454,43,3,FOOD,5053
4455,27,3,FINANCEINSURANCE,5053
4456,32,3,HEALTHCARE,5054
4457,11,2,,2943
4458,17,1,,636
4459,28,2,HEALTHCARE,2943
4460,27,2,HEALTHCARE,2944
4461,67,5,,6260
4462,50,2,FOOD,2944
4463,58,3,HEALTHCARE,5054
4464,78,2,,2945
4465,32,5,FOOD,6260
4466,55,3,OTHER,5054
4467,64,5,FOOD,6261
4468,71,2,,2945
4469,15,1,,637
4470,72,2,,2946
4471,23,5,HEALTHCARE,6261
4472,15,5,,6261
4473,58,3,HEALTHCARE,5055
4474,63,3,WASTEMANAGEMENT,5055
4475,50,6,FOOD,6502
4476,49,2,FOOD,2946
4477,67,2,,2947
4478,10,4,,5755
4479,59,2,FOOD,2947
4480,3,1,,638
4481,24,6,HEALTHCARE,6503
4482,62,1,HEALTHCARE,639
4483,61,4,HEALTHCARE,5756
4484,51,3,FOOD,5055
4485,52,3,FOOD,5056
4486,28,2,FOOD,2948
4487,94,4,,5756
4488,35,4,Unemployed,5756
4489,23,2,Unemployed,2948
4490,52,3,OTHER,5056
4491,77,2,,2949
4492,10,2,,2949
4493,18,2,HEALTHCARE,2950
4494,38,1,FOOD,640
4495,4,6,,6503
4496,47,4,FOOD,5756
4497,40,2,HEALTHCARE,2950
4498,13,2,,2951
4499,34,1,HEALTHCARE,641
4500,71,2,,2951
4501,69,4,,5757
4502,15,1,,642
4503,52,1,HEALTHCARE,643
4504,83,3,,5056
4505,28,6,HEALTHCARE,6503
4506,78,2,,2952
4507,69,2,,2952
4508,2,3,,5057
4509,16,4,,5757
4510,0,2,,2953
4511,37,2,FOOD,2953
4512,66,2,,2954
4513,41,2,HEALTHCARE,2954
4514,66,4,,5757
4515,49,1,FOOD,644
4516,92,6,,6503
4517,15,4,,5757
4518,22,2,HEALTHCARE,2955
4519,65,2,Unemployed,2955
4520,20,1,OTHER,645
4521,65,3,HEALTHCARE,5057
4522,38,2,HEALTHCARE,2956
4523,37,1,FOOD,646
4524,40,1,FOOD,647
4525,45,2,HEALTHCARE,2956
4526,76,5,,6261
4527,77,3,,5057
4528,73,2,,2957
4529,96,5,,6261
4530,24,4,HEALTHCARE,5758
4531,5,2,,2957
4532,43,2,FINANCEINSURANCE,2958
4533,94,3,,5058
4534,50,2,FOOD,2958
4535,54,5,Unemployed,6262
4536,59,1,HEALTHCARE,648
4537,13,2,,2959
4538,66,2,,2959
4539,75,1,,649
4540,62,4,FOOD,5758
4541,74,2,,2960
4542,59,4,OTHER,5758
4543,0,2,,2960
4544,27,4,HEALTHCARE,5758
4545,41,3,FOOD,5058
4546,57,2,FOOD,2961
4547,73,4,,5759
4548,27,4,FOOD,5759
4549,40,2,FOOD,2961
4550,24,4,HEALTHCARE,5759
4551,52,5,FOOD,6262
4552,33,3,HEALTHCARE,5058
4553,35,2,WASTEMANAGEMENT,2962
4554,86,5,,6262
4555,58,3,FINANCEINSURANCE,5059
4556,57,2,HEALTHCARE,2962
4557,52,3,FOOD,5059
4558,58,1,HEALTHCARE,650
4559,56,2,HEALTHCARE,2963
4560,11,2,,2963
4561,56,2,OTHER,2964
4562,74,4,,5759
4563,12,5,,6262
4564,71,4,,5760
4565,64,2,FOOD,2964
4566,44,3,FOOD,5059
4567,3,2,,2965
4568,10,2,,2965
4569,7,1,,651
4570,23,5,Unemployed,6262
4571,63,5,FOOD,6263
4572,38,3,FINANCEINSURANCE,5060
4573,63,5,HEALTHCARE,6263
4574,91,1,,652
4575,75,2,,2966
4576,53,6,HEALTHCARE,6503
4577,70,4,,5760
4578,37,3,FOOD,5060
4579,89,2,,2966
4580,66,4,,5760
4581,18,3,HEALTHCARE,5060
4582,51,3,FOOD,5061
4583,10,2,,2967
4584,71,2,,2967
4585,46,4,FOOD,5760
4586,1,5,,6263
4587,62,2,FOOD,2968
4588,35,2,HEALTHCARE,2968
4589,70,2,,2969
4590,52,1,FOOD,653
4591,73,6,,6503
4592,24,2,HEALTHCARE,2969
4593,46,5,HEALTHCARE,6263
4594,78,3,,5061
4595,69,5,,6263
4596,33,4,Unemployed,5761
4597,17,2,,2970
4598,30,4,HEALTHCARE,5761
4599,43,3,OTHER,5061
4600,76,2,,2970
4601,18,2,HEALTHCARE,2971
4602,79,6,,6504
4603,60,5,HEALTHCARE,6264
4604,3,5,,6264
4605,46,4,Unemployed,5761
4606,40,1,HEALTHCARE,654
4607,17,5,,6264
4608,71,5,,6264
4609,69,1,,655
4610,86,2,,2971
4611,22,2,HEALTHCARE,2972
4612,96,2,,2972
4613,60,4,HEALTHCARE,5761
4614,51,1,FOOD,656
4615,36,2,FOOD,2973
4616,57,3,HEALTHCARE,5062
4617,7,2,,2973
4618,48,1,HEALTHCARE,657
4619,70,4,,5762
4620,2,1,,658
4621,72,2,,2974
4622,27,2,HEALTHCARE,2974
4623,71,3,,5062
4624,47,3,HEALTHCARE,5062
4625,54,4,Unemployed,5762
4626,96,3,,5063
4627,60,2,FOOD,2975
4628,50,2,Unemployed,2975
4629,19,5,HEALTHCARE,6264
4630,36,2,HEALTHCARE,2976
4631,52,4,FINANCEINSURANCE,5762
4632,79,1,,659
4633,3,2,,2976
4634,37,4,OTHER,5762
4635,37,1,HEALTHCARE,660
4636,73,2,,2977
4637,57,2,Unemployed,2977
4638,9,6,,6504
4639,48,4,HEALTHCARE,5763
4640,64,3,FOOD,5063
4641,2,3,,5063
4642,50,2,HEALTHCARE,2978
4643,23,5,HEALTHCARE,6265
4644,12,2,,2978
4645,0,3,,5064
4646,68,6,,6504
4647,64,1,HEALTHCARE,661
4648,99,1,,662
4649,58,4,FOOD,5763
4650,19,4,FOOD,5763
4651,22,3,HEALTHCARE,5064
4652,31,5,HEALTHCARE,6265
4653,33,4,HEALTHCARE,5763
4654,40,3,FOOD,5064
4655,15,2,,2979
4656,51,2,HEALTHCARE,2979
4657,78,3,,5065
4658,24,6,FINANCEINSURANCE,6504
4659,64,3,OTHER,5065
4660,7,3,,5065
4661,57,1,HEALTHCARE,663
4662,72,6,,6504
4663,38,2,HEALTHCARE,2980
4664,36,4,Unemployed,5764
4665,1,2,,2980
4666,24,4,FOOD,5764
4667,69,2,,2981
4668,65,3,HEALTHCARE,5066
4669,85,5,,6265
4670,54,2,FOOD,2981
4671,79,4,,5764
4672,31,2,FOOD,2982
4673,32,1,OTHER,664
4674,63,5,OTHER,6265
4675,99,2,,2982
4676,47,5,HEALTHCARE,6265
4677,76,2,,2983
4678,11,4,,5764
4679,57,4,HEALTHCARE,5765
4680,36,2,HEALTHCARE,2983
4681,18,1,FOOD,665
4682,13,1,,666
4683,50,2,HEALTHCARE,2984
4684,59,4,Unemployed,5765
4685,73,2,,2984
4686,61,2,HEALTHCARE,2985
4687,11,2,,2985
4688,10,5,,6266
4689,8,3,,5066
4690,25,5,FOOD,6266
4691,6,2,,2986
4692,68,4,,5765
4693,39,3,HEALTHCARE,5066
4694,10,2,,2986
4695,32,5,HEALTHCARE,6266
4696,67,3,,5067
4697,57,2,FOOD,2987
4698,61,4,FINANCEINSURANCE,5765
4699,50,5,HEALTHCARE,6266
4700,75,5,,6266
4701,67,2,,2987
4702,58,6,HEALTHCARE,6504
4703,56,5,HEALTHCARE,6267
4704,45,2,FOOD,2988
4705,68,4,,5766
4706,50,2,FOOD,2988
4707,41,6,HEALTHCARE,6505
4708,47,2,HEALTHCARE,2989
4709,68,2,,2989
4710,5,2,,2990
4711,18,4,HEALTHCARE,5766
4712,72,1,,667
4713,69,5,,6267
4714,22,2,FOOD,2990
4715,4,5,,6267
4716,57,2,FINANCEINSURANCE,2991
4717,91,1,,668
4718,55,2,Unemployed,2991
4719,58,3,HEALTHCARE,5067
4720,62,2,HEALTHCARE,2992
4721,68,4,,5766
4722,81,2,,2992
4723,44,2,HEALTHCARE,2993
4724,54,2,HEALTHCARE,2993
4725,92,2,,2994
4726,51,1,HEALTHCARE,669
4727,65,2,HEALTHCARE,2994
4728,3,2,,2995
4729,74,5,,6267
4730,67,4,,5766
4731,64,2,HEALTHCARE,2995
4732,4,3,,5067
4733,22,2,FOOD,2996
4734,11,3,,5068
4735,18,3,HEALTHCARE,5068
4736,18,5,FOOD,6267
4737,46,6,HEALTHCARE,6505
4738,12,5,,6268
4739,75,5,,6268
4740,90,4,,5767
4741,48,1,HEALTHCARE,670
4742,93,2,,2996
4743,2,5,,6268
4744,17,3,,5068
4745,62,2,HEALTHCARE,2997
4746,53,1,FOOD,671
4747,42,3,HEALTHCARE,5069
4748,5,2,,2997
4749,47,3,HEALTHCARE,5069
4750,70,4,,5767
4751,21,2,FOOD,2998
4752,5,1,,672
4753,55,1,HEALTHCARE,673
4754,29,3,Unemployed,5069
4755,53,2,Unemployed,2998
4756,2,4,,5767
4757,51,1,FOOD,674
4758,51,4,HEALTHCARE,5767
4759,32,2,HEALTHCARE,2999
4760,28,3,FINANCEINSURANCE,5070
4761,35,4,HEALTHCARE,5768
4762,55,4,WASTEMANAGEMENT,5768
4763,76,1,,675
4764,93,4,,5768
4765,32,2,WASTEMANAGEMENT,2999
4766,37,2,HEALTHCARE,3000
4767,74,2,,3000
4768,49,4,HEALTHCARE,5768
4769,96,2,,3001
4770,60,2,FINANCEINSURANCE,3001
4771,40,2,Unemployed,3002
4772,43,4,HEALTHCARE,5769
4773,39,1,FOOD,676
4774,16,2,,3002
4775,47,1,FOOD,677
4776,33,4,HEALTHCARE,5769
4777,67,5,,6268
4778,56,4,FOOD,5769
4779,39,2,HEALTHCARE,3003
4780,9,1,,678
4781,73,2,,3003
4782,8,2,,3004
4783,55,2,FOOD,3004
4784,57,3,FOOD,5070
4785,9,2,,3005
4786,69,1,,679
4787,62,2,FOOD,3005
4788,36,4,HEALTHCARE,5769
4789,48,3,FOOD,5070
4790,68,1,,680
4791,68,6,,6505
4792,38,2,HEALTHCARE,3006
4793,31,4,OTHER,5770
4794,46,5,HEALTHCARE,6268
4795,62,3,HEALTHCARE,5071
4796,42,6,HEALTHCARE,6505
4797,69,5,,6269
4798,65,1,HEALTHCARE,681
4799,24,1,Unemployed,682
4800,60,2,HEALTHCARE,3006
4801,78,2,,3007
4802,63,4,HEALTHCARE,5770
4803,64,5,FOOD,6269
4804,7,2,,3007
4805,66,2,,3008
4806,42,4,FOOD,5770
4807,37,1,FOOD,683
4808,29,1,HEALTHCARE,684
4809,50,2,Unemployed,3008
4810,20,2,Unemployed,3009
4811,30,3,HEALTHCARE,5071
4812,21,4,Unemployed,5770
4813,18,5,HEALTHCARE,6269
4814,27,6,HEALTHCARE,6505
4815,0,2,,3009
4816,2,3,,5071
4817,19,4,FOOD,5771
4818,16,2,,3010
4819,54,2,FOOD,3010
4820,2,5,,6269
4821,41,1,HEALTHCARE,685
4822,21,2,FOOD,3011
4823,31,4,FINANCEINSURANCE,5771
4824,42,5,FOOD,6269
4825,69,3,,5072
4826,58,2,HEALTHCARE,3011
4827,38,2,Unemployed,3012
4828,19,5,HEALTHCARE,6270
4829,24,2,HEALTHCARE,3012
4830,40,2,FOOD,3013
4831,18,3,FOOD,5072
4832,40,4,HEALTHCARE,5771
4833,39,6,FINANCEINSURANCE,6505
4834,70,2,,3013
4835,39,4,HEALTHCARE,5771
4836,41,2,HEALTHCARE,3014
4837,12,2,,3014
4838,32,1,HEALTHCARE,686
4839,13,3,,5072
4840,73,2,,3015
4841,73,4,,5772
4842,30,5,WASTEMANAGEMENT,6270
4843,43,6,Unemployed,6506
4844,74,1,,687
4845,11,2,,3015
4846,54,4,FOOD,5772
4847,41,5,HEALTHCARE,6270
4848,32,4,HEALTHCARE,5772
4849,51,6,FINANCEINSURANCE,6506
4850,77,4,,5772
4851,15,3,,5073
4852,61,4,HEALTHCARE,5773
4853,45,4,FOOD,5773
4854,79,3,,5073
4855,59,6,FOOD,6506
4856,69,1,,688
4857,16,2,,3016
4858,91,2,,3016
4859,73,4,,5773
4860,59,6,HEALTHCARE,6506
4861,79,2,,3017
4862,67,1,,689
4863,19,2,FOOD,3017
4864,21,1,HEALTHCARE,690
4865,16,1,,691
4866,68,4,,5773
4867,62,2,HEALTHCARE,3018
4868,65,4,HEALTHCARE,5774
4869,32,2,FINANCEINSURANCE,3018
4870,18,3,FOOD,5073
4871,91,3,,5074
4872,39,1,HEALTHCARE,692
4873,23,2,FOOD,3019
4874,12,4,,5774
4875,67,4,,5774
4876,51,2,HEALTHCARE,3019
4877,81,1,,693
4878,11,3,,5074
4879,51,4,HEALTHCARE,5774
4880,63,4,FOOD,5775
4881,48,4,FOOD,5775
4882,40,4,HEALTHCARE,5775
4883,67,1,,694
4884,52,2,Unemployed,3020
4885,14,1,,695
4886,9,5,,6270
4887,48,5,FOOD,6270
4888,63,4,Unemployed,5775
4889,70,1,,696
4890,15,5,,6271
4891,67,3,,5074
4892,34,3,FINANCEINSURANCE,5075
4893,64,2,FOOD,3020
4894,78,2,,3021
4895,61,1,FOOD,697
4896,13,6,,6506
4897,33,3,FINANCEINSURANCE,5075
4898,2,3,,5075
4899,83,4,,5776
4900,49,1,HEALTHCARE,698
4901,48,3,HEALTHCARE,5076
4902,44,1,HEALTHCARE,699
4903,8,3,,5076
4904,94,5,,6271
4905,8,5,,6271
4906,61,4,Unemployed,5776
4907,2,2,,3021
4908,97,2,,3022
4909,46,4,HEALTHCARE,5776
4910,63,6,OTHER,6506
4911,10,2,,3022
4912,65,2,FOOD,3023
4913,67,1,,700
4914,32,2,FINANCEINSURANCE,3023
4915,6,4,,5776
4916,69,2,,3024
4917,44,3,FOOD,5076
4918,68,4,,5777
4919,69,2,,3024
4920,45,2,HEALTHCARE,3025
4921,66,1,,701
4922,24,3,FOOD,5077
4923,74,5,,6271
4924,74,5,,6271
4925,66,2,,3025
4926,61,2,FOOD,3026
4927,44,3,Unemployed,5077
4928,7,1,,702
4929,10,2,,3026
4930,58,6,HEALTHCARE,6507
4931,4,6,,6507
4932,53,2,HEALTHCARE,3027
4933,19,2,HEALTHCARE,3027
4934,27,4,FOOD,5777
4935,52,2,FOOD,3028
4936,39,3,FINANCEINSURANCE,5077
4937,56,2,HEALTHCARE,3028
4938,59,2,FOOD,3029
4939,32,6,WASTEMANAGEMENT,6507
4940,25,2,HEALTHCARE,3029
4941,10,2,,3030
4942,78,1,,703
4943,18,6,FOOD,6507
4944,56,3,HEALTHCARE,5078
4945,75,5,,6272
4946,68,2,,3030
4947,23,2,FOOD,3031
4948,24,2,FOOD,3031
4949,78,1,,704
4950,44,2,HEALTHCARE,3032
4951,38,2,FOOD,3032
4952,40,1,HEALTHCARE,705
4953,47,3,HEALTHCARE,5078
4954,2,5,,6272
4955,42,3,HEALTHCARE,5078
4956,79,4,,5777
4957,54,3,FOOD,5079
4958,45,2,HEALTHCARE,3033
4959,16,2,,3033
4960,8,2,,3034
4961,72,1,,706
4962,60,4,OTHER,5777
4963,76,4,,5778
4964,79,4,,5778
4965,13,6,,6507
4966,54,3,OTHER,5079
4967,60,3,HEALTHCARE,5079
4968,78,4,,5778
4969,69,4,,5778
4970,7,3,,5080
4971,2,2,,3034
4972,5,5,,6272
4973,77,2,,3035
4974,66,2,,3035
4975,74,1,,707
4976,55,6,HEALTHCARE,6507
4977,16,2,,3036
4978,21,2,Unemployed,3036
4979,55,2,HEALTHCARE,3037
4980,72,2,,3037
4981,91,1,,708
4982,55,2,FOOD,3038
4983,39,2,OTHER,3038
4984,28,2,HEALTHCARE,3039
4985,12,3,,5080
4986,22,5,OTHER,6272
4987,50,2,HEALTHCARE,3039
4988,20,2,Unemployed,3040
4989,63,2,HEALTHCARE,3040
4990,10,3,,5080
4991,57,6,HEALTHCARE,6508
4992,34,2,HEALTHCARE,3041
4993,65,3,FOOD,5081
4994,8,4,,5779
4995,79,3,,5081
4996,13,1,,709
4997,61,2,HEALTHCARE,3041
4998,71,1,,710
4999,52,4,FOOD,5779
5000,50,1,HEALTHCARE,711
5001,8,2,,3042
5002,54,2,HEALTHCARE,3042
5003,48,2,FOOD,3043
5004,14,5,,6272
5005,74,6,,6508
5006,100,2,,3043
5007,60,2,HEALTHCARE,3044
5008,67,2,,3044
5009,15,2,,3045
5010,82,2,,3045
5011,59,5,HEALTHCARE,6273
5012,55,2,HEALTHCARE,3046
5013,4,2,,3046
5014,60,2,FOOD,3047
5015,23,2,FOOD,3047
5016,2,5,,6273
5017,23,1,FOOD,712
5018,76,1,,713
5019,62,5,OTHER,6273
5020,10,5,,6273
5021,59,1,FOOD,714
5022,68,1,,715
5023,67,2,,3048
5024,37,3,HEALTHCARE,5081
5025,51,2,FOOD,3048
5026,100,6,,6508
5027,18,6,FOOD,6508
5028,0,2,,3049
5029,19,2,HEALTHCARE,3049
5030,54,1,HEALTHCARE,716
5031,3,2,,3050
5032,79,2,,3050
5033,70,4,,5779
5034,63,2,FOOD,3051
5035,37,1,FOOD,717
5036,12,3,,5082
5037,55,3,HEALTHCARE,5082
5038,34,3,HEALTHCARE,5082
5039,51,2,HEALTHCARE,3051
5040,64,2,FOOD,3052
5041,66,2,,3052
5042,23,3,HEALTHCARE,5083
5043,65,4,HEALTHCARE,5779
5044,7,5,,6273
5045,33,3,HEALTHCARE,5083
5046,56,1,Unemployed,718
5047,58,2,FOOD,3053
5048,44,2,HEALTHCARE,3053
5049,48,1,HEALTHCARE,719
5050,65,1,Unemployed,720
5051,95,2,,3054
5052,56,2,HEALTHCARE,3054
5053,34,2,FOOD,3055
5054,2,2,,3055
5055,61,2,FOOD,3056
5056,73,3,,5083
5057,4,2,,3056
5058,91,5,,6274
5059,29,2,FINANCEINSURANCE,3057
5060,56,5,OTHER,6274
5061,66,2,,3057
5062,56,4,FOOD,5780
5063,88,4,,5780
5064,17,2,,3058
5065,47,6,HEALTHCARE,6508
5066,5,2,,3058
5067,60,2,HEALTHCARE,3059
5068,50,2,FOOD,3059
5069,68,2,,3060
5070,78,3,,5084
5071,21,2,FOOD,3060
5072,15,1,,721
5073,59,6,Unemployed,6508
5074,7,1,,722
5075,68,3,,5084
5076,6,1,,723
5077,62,2,HEALTHCARE,3061
5078,86,3,,5084
5079,44,4,HEALTHCARE,5780
5080,70,2,,3061
5081,27,6,HEALTHCARE,6509
5082,26,2,HEALTHCARE,3062
5083,24,2,HEALTHCARE,3062
5084,58,1,OTHER,724
5085,77,4,,5780
5086,38,3,HEALTHCARE,5085
5087,50,2,HEALTHCARE,3063
5088,41,3,HEALTHCARE,5085
5089,7,2,,3063
5090,24,6,Unemployed,6509
5091,75,2,,3064
5092,7,2,,3064
5093,52,2,HEALTHCARE,3065
5094,2,2,,3065
5095,4,3,,5085
5096,60,4,FOOD,5781
5097,95,2,,3066
5098,12,2,,3066
5099,65,4,HEALTHCARE,5781
5100,76,1,,725
5101,2,6,,6509
5102,3,4,,5781
5103,67,2,,3067
5104,32,3,HEALTHCARE,5086
5105,67,2,,3067
5106,41,2,HEALTHCARE,3068
5107,69,5,,6274
5108,50,2,FOOD,3068
5109,31,2,HEALTHCARE,3069
5110,58,4,HEALTHCARE,5781
5111,16,2,,3069
5112,49,5,HEALTHCARE,6274
5113,78,4,,5782
5114,97,2,,3070
5115,67,2,,3070
5116,77,2,,3071
5117,52,1,HEALTHCARE,726
5118,70,2,,3071
5119,65,1,FOOD,727
5120,11,5,,6274
5121,28,4,HEALTHCARE,5782
5122,68,5,,6275
5123,8,5,,6275
5124,21,3,FOOD,5086
5125,75,6,,6509
5126,58,6,HEALTHCARE,6509
5127,42,4,HEALTHCARE,5782
5128,65,2,HEALTHCARE,3072
5129,62,5,Unemployed,6275
5130,24,2,FINANCEINSURANCE,3072
5131,29,1,FOOD,728
5132,19,2,HEALTHCARE,3073
5133,1,1,,729
5134,23,1,HEALTHCARE,730
5135,27,2,FOOD,3073
5136,9,2,,3074
5137,22,2,HEALTHCARE,3074
5138,63,4,HEALTHCARE,5782
5139,57,5,HEALTHCARE,6275
5140,7,3,,5086
5141,93,1,,731
5142,24,2,HEALTHCARE,3075
5143,69,4,,5783
5144,22,4,HEALTHCARE,5783
5145,12,1,,732
5146,64,4,HEALTHCARE,5783
5147,58,1,HEALTHCARE,733
5148,38,1,HEALTHCARE,734
5149,66,4,,5783
5150,41,2,HEALTHCARE,3075
5151,82,2,,3076
5152,55,1,HEALTHCARE,735
5153,64,4,FINANCEINSURANCE,5784
5154,11,3,,5087
5155,63,4,OTHER,5784
5156,15,4,,5784
5157,67,2,,3076
5158,3,4,,5784
5159,5,1,,736
5160,70,1,,737
5161,65,6,FOOD,6509
5162,31,3,HEALTHCARE,5087
5163,44,5,HEALTHCARE,6275
5164,49,5,HEALTHCARE,6276
5165,60,2,HEALTHCARE,3077
5166,76,2,,3077
5167,67,4,,5785
5168,68,3,,5087
5169,67,5,,6276
5170,6,2,,3078
5171,56,4,HEALTHCARE,5785
5172,13,2,,3078
5173,62,2,FOOD,3079
5174,16,2,,3079
5175,73,3,,5088
5176,42,4,HEALTHCARE,5785
5177,9,5,,6276
5178,48,2,FOOD,3080
5179,22,1,HEALTHCARE,738
5180,70,3,,5088
5181,22,2,FOOD,3080
5182,78,2,,3081
5183,63,2,HEALTHCARE,3081
5184,47,2,HEALTHCARE,3082
5185,62,1,FOOD,739
5186,45,3,HEALTHCARE,5088
5187,98,2,,3082
5188,37,5,HEALTHCARE,6276
5189,56,3,FINANCEINSURANCE,5089
5190,83,4,,5785
5191,67,2,,3083
5192,8,1,,740
5193,10,3,,5089
5194,35,3,FOOD,5089
5195,2,3,,5090
5196,8,1,,741
5197,16,3,,5090
5198,30,1,Unemployed,742
5199,68,1,,743
5200,5,2,,3083
5201,41,2,HEALTHCARE,3084
5202,63,2,Unemployed,3084
5203,66,5,,6276
5204,14,2,,3085
5205,42,2,HEALTHCARE,3085
5206,63,2,HEALTHCARE,3086
5207,77,5,,6277
5208,42,5,HEALTHCARE,6277
5209,66,3,,5090
5210,12,2,,3086
5211,67,2,,3087
5212,75,3,,5091
5213,67,2,,3087
5214,80,4,,5786
5215,2,2,,3088
5216,63,4,HEALTHCARE,5786
5217,77,3,,5091
5218,70,5,,6277
5219,79,4,,5786
5220,2,2,,3088
5221,54,2,FOOD,3089
5222,27,5,HEALTHCARE,6277
5223,51,3,HEALTHCARE,5091
5224,78,2,,3089
5225,55,1,HEALTHCARE,744
5226,56,2,HEALTHCARE,3090
5227,47,2,FINANCEINSURANCE,3090
5228,35,2,FOOD,3091
5229,17,4,,5786
5230,17,6,,6510
5231,61,2,HEALTHCARE,3091
5232,55,6,HEALTHCARE,6510
5233,95,1,,745
5234,66,4,,5787
5235,60,5,FOOD,6277
5236,1,3,,5092
5237,10,6,,6510
5238,50,2,HEALTHCARE,3092
5239,74,1,,746
5240,48,4,Unemployed,5787
5241,30,1,HEALTHCARE,747
5242,64,4,Unemployed,5787
5243,41,6,FOOD,6510
5244,66,2,,3092
5245,74,2,,3093
5246,83,5,,6278
5247,12,2,,3093
5248,99,5,,6278
5249,60,2,HEALTHCARE,3094
5250,52,2,FINANCEINSURANCE,3094
5251,73,2,,3095
5252,5,6,,6510
5253,0,5,,6278
5254,87,4,,5787
5255,54,2,HEALTHCARE,3095
5256,36,2,WASTEMANAGEMENT,3096
5257,12,3,,5092
5258,76,1,,748
5259,24,1,HEALTHCARE,749
5260,52,2,FOOD,3096
5261,54,5,HEALTHCARE,6278
5262,52,4,HEALTHCARE,5788
5263,65,3,OTHER,5092
5264,43,2,HEALTHCARE,3097
5265,36,6,HEALTHCARE,6510
5266,30,4,OTHER,5788
5267,37,6,HEALTHCARE,6511
5268,49,1,FINANCEINSURANCE,750
5269,0,4,,5788
5270,11,2,,3097
5271,25,3,HEALTHCARE,5093
5272,60,5,HEALTHCARE,6278
5273,51,4,FINANCEINSURANCE,5788
5274,77,2,,3098
5275,61,5,HEALTHCARE,6279
5276,19,4,HEALTHCARE,5789
5277,51,3,HEALTHCARE,5093
5278,10,2,,3098
5279,55,1,HEALTHCARE,751
5280,32,3,OTHER,5093
5281,37,2,FOOD,3099
5282,79,1,,752
5283,50,3,OTHER,5094
5284,64,3,HEALTHCARE,5094
5285,73,1,,753
5286,65,1,HEALTHCARE,754
5287,3,5,,6279
5288,62,1,FINANCEINSURANCE,755
5289,45,2,HEALTHCARE,3099
5290,66,4,,5789
5291,74,2,,3100
5292,64,2,HEALTHCARE,3100
5293,29,3,HEALTHCARE,5094
5294,54,2,OTHER,3101
5295,30,3,HEALTHCARE,5095
5296,0,4,,5789
5297,68,2,,3101
5298,68,3,,5095
5299,9,2,,3102
5300,10,3,,5095
5301,54,1,HEALTHCARE,756
5302,74,2,,3102
5303,60,2,HEALTHCARE,3103
5304,55,2,FOOD,3103
5305,78,3,,5096
5306,55,1,HEALTHCARE,757
5307,60,5,HEALTHCARE,6279
5308,3,3,,5096
5309,90,2,,3104
5310,92,2,,3104
5311,14,4,,5789
5312,75,3,,5096
5313,73,4,,5790
5314,56,2,OTHER,3105
5315,59,2,HEALTHCARE,3105
5316,60,3,HEALTHCARE,5097
5317,74,3,,5097
5318,10,2,,3106
5319,19,2,FOOD,3106
5320,62,3,HEALTHCARE,5097
5321,22,2,Unemployed,3107
5322,69,2,,3107
5323,69,2,,3108
5324,62,1,HEALTHCARE,758
5325,73,5,,6279
5326,33,1,FOOD,759
5327,13,4,,5790
5328,62,4,FOOD,5790
5329,72,1,,760
5330,25,4,FOOD,5790
5331,62,2,FOOD,3108
5332,79,2,,3109
5333,75,5,,6279
5334,23,1,FOOD,761
5335,43,2,HEALTHCARE,3109
5336,64,5,HEALTHCARE,6280
5337,60,2,FOOD,3110
5338,55,3,OTHER,5098
5339,75,2,,3110
5340,91,2,,3111
5341,91,2,,3111
5342,74,2,,3112
5343,83,2,,3112
5344,1,2,,3113
5345,10,4,,5791
5346,35,4,HEALTHCARE,5791
5347,33,3,FINANCEINSURANCE,5098
5348,66,4,,5791
5349,75,1,,762
5350,31,1,FOOD,763
5351,33,3,Unemployed,5098
5352,49,3,HEALTHCARE,5099
5353,2,2,,3113
5354,59,2,HEALTHCARE,3114
5355,69,3,,5099
5356,63,2,FOOD,3114
5357,92,5,,6280
5358,17,2,,3115
5359,89,6,,6511
5360,69,4,,5791
5361,65,2,HEALTHCARE,3115
5362,28,4,HEALTHCARE,5792
5363,63,2,HEALTHCARE,3116
5364,19,4,HEALTHCARE,5792
5365,52,4,Unemployed,5792
5366,41,4,FOOD,5792
5367,2,4,,5793
5368,75,6,,6511
5369,67,2,,3116
5370,67,3,,5099
5371,41,4,FOOD,5793
5372,33,2,FOOD,3117
5373,73,2,,3117
5374,7,1,,764
5375,41,2,FINANCEINSURANCE,3118
5376,61,4,HEALTHCARE,5793
5377,24,2,HEALTHCARE,3118
5378,98,2,,3119
5379,6,1,,765
5380,13,2,,3119
5381,55,2,HEALTHCARE,3120
5382,59,4,FOOD,5793
5383,52,2,HEALTHCARE,3120
5384,89,2,,3121
5385,23,2,HEALTHCARE,3121
5386,29,2,HEALTHCARE,3122
5387,82,4,,5794
5388,9,2,,3122
5389,26,1,FINANCEINSURANCE,766
5390,67,2,,3123
5391,78,5,,6280
5392,57,5,HEALTHCARE,6280
5393,45,2,HEALTHCARE,3123
5394,77,1,,767
5395,76,4,,5794
5396,56,4,FOOD,5794
5397,37,6,FOOD,6511
5398,2,2,,3124
5399,69,1,,768
5400,18,1,HEALTHCARE,769
5401,71,4,,5794
5402,58,4,FOOD,5795
5403,19,2,HEALTHCARE,3124
5404,5,3,,5100
5405,15,2,,3125
5406,24,2,FOOD,3125
5407,79,2,,3126
5408,48,1,FINANCEINSURANCE,770
5409,77,6,,6511
5410,37,4,HEALTHCARE,5795
5411,11,3,,5100
5412,64,2,FOOD,3126
5413,15,4,,5795
5414,56,2,HEALTHCARE,3127
5415,65,1,FINANCEINSURANCE,771
5416,49,5,FOOD,6280
5417,9,3,,5100
5418,17,3,,5101
5419,39,5,HEALTHCARE,6281
5420,17,3,,5101
5421,68,6,,6511
5422,66,4,,5795
5423,33,2,OTHER,3127
5424,25,3,HEALTHCARE,5101
5425,49,4,HEALTHCARE,5796
5426,6,2,,3128
5427,51,3,HEALTHCARE,5102
5428,5,5,,6281
5429,21,2,FINANCEINSURANCE,3128
5430,55,4,FOOD,5796
5431,9,3,,5102
5432,41,4,HEALTHCARE,5796
5433,45,4,FOOD,5796
5434,69,2,,3129
5435,41,5,HEALTHCARE,6281
5436,18,2,FOOD,3129
5437,75,2,,3130
5438,62,3,HEALTHCARE,5102
5439,9,4,,5797
5440,40,2,HEALTHCARE,3130
5441,8,2,,3131
5442,99,2,,3131
5443,3,2,,3132
5444,72,2,,3132
5445,1,6,,6512
5446,82,2,,3133
5447,36,2,HEALTHCARE,3133
5448,61,2,HEALTHCARE,3134
5449,78,2,,3134
5450,16,5,,6281
5451,72,1,,772
5452,60,1,HEALTHCARE,773
5453,18,5,FOOD,6281
5454,54,2,FINANCEINSURANCE,3135
5455,66,6,,6512
5456,64,1,HEALTHCARE,774
5457,77,2,,3135
5458,53,2,HEALTHCARE,3136
5459,58,2,HEALTHCARE,3136
5460,7,2,,3137
5461,63,2,FOOD,3137
5462,52,2,FOOD,3138
5463,28,2,HEALTHCARE,3138
5464,39,2,HEALTHCARE,3139
5465,45,2,HEALTHCARE,3139
5466,67,2,,3140
5467,55,2,HEALTHCARE,3140
5468,70,1,,775
5469,37,1,HEALTHCARE,776
5470,54,1,FINANCEINSURANCE,777
5471,59,3,FOOD,5103
5472,48,2,OTHER,3141
5473,17,3,,5103
5474,61,3,HEALTHCARE,5103
5475,67,2,,3141
5476,46,3,HEALTHCARE,5104
5477,19,2,HEALTHCARE,3142
5478,81,3,,5104
5479,19,1,FOOD,778
5480,75,6,,6512
5481,26,4,HEALTHCARE,5797
5482,67,3,,5104
5483,61,4,Unemployed,5797
5484,57,5,OTHER,6282
5485,79,1,,779
5486,10,6,,6512
5487,51,1,HEALTHCARE,780
5488,89,2,,3142
5489,46,6,FOOD,6512
5490,76,2,,3143
5491,33,4,HEALTHCARE,5797
5492,14,3,,5105
5493,56,2,HEALTHCARE,3143
5494,51,2,OTHER,3144
5495,62,5,HEALTHCARE,6282
5496,2,5,,6282
5497,31,5,HEALTHCARE,6282
5498,24,2,FOOD,3144
5499,14,4,,5798
5500,89,1,,781
5501,48,1,FOOD,782
5502,41,2,FOOD,3145
5503,65,4,HEALTHCARE,5798
5504,40,1,FOOD,783
5505,51,5,Unemployed,6282
5506,63,2,FOOD,3145
5507,54,5,HEALTHCARE,6283
5508,40,4,HEALTHCARE,5798
5509,68,3,,5105
5510,58,6,FINANCEINSURANCE,6512
5511,34,2,OTHER,3146
5512,3,1,,784
5513,56,2,HEALTHCARE,3146
5514,44,3,Unemployed,5105
5515,74,6,,6513
5516,92,4,,5798
5517,46,1,HEALTHCARE,785
5518,3,1,,786
5519,17,1,,787
5520,64,4,FOOD,5799
5521,46,3,FINANCEINSURANCE,5106
5522,44,1,OTHER,788
5523,71,2,,3147
5524,34,4,OTHER,5799
5525,5,2,,3147
5526,29,4,OTHER,5799
5527,62,4,FOOD,5799
5528,72,3,,5106
5529,25,1,FOOD,789
5530,14,2,,3148
5531,13,1,,790
5532,45,5,HEALTHCARE,6283
5533,35,3,HEALTHCARE,5106
5534,62,4,HEALTHCARE,5800
5535,41,2,HEALTHCARE,3148
5536,35,4,HEALTHCARE,5800
5537,63,2,FOOD,3149
5538,58,5,FOOD,6283
5539,96,3,,5107
5540,62,2,HEALTHCARE,3149
5541,40,3,HEALTHCARE,5107
5542,66,3,,5107
5543,69,3,,5108
5544,27,1,FOOD,791
5545,53,3,HEALTHCARE,5108
5546,63,6,FOOD,6513
5547,64,4,HEALTHCARE,5800
5548,30,2,HEALTHCARE,3150
5549,25,3,HEALTHCARE,5108
5550,19,6,FINANCEINSURANCE,6513
5551,53,4,FINANCEINSURANCE,5800
5552,3,2,,3150
5553,18,2,Unemployed,3151
5554,42,2,FINANCEINSURANCE,3151
5555,67,5,,6283
5556,71,3,,5109
5557,23,2,FOOD,3152
5558,77,2,,3152
5559,46,3,HEALTHCARE,5109
5560,65,6,FOOD,6513
5561,58,5,HEALTHCARE,6283
5562,12,2,,3153
5563,61,4,HEALTHCARE,5801
5564,34,5,HEALTHCARE,6284
5565,11,2,,3153
5566,92,5,,6284
5567,71,5,,6284
5568,73,5,,6284
5569,25,2,HEALTHCARE,3154
5570,40,5,HEALTHCARE,6284
5571,36,3,HEALTHCARE,5109
5572,73,2,,3154
5573,63,5,Unemployed,6285
5574,60,4,HEALTHCARE,5801
5575,41,5,HEALTHCARE,6285
5576,41,6,HEALTHCARE,6513
5577,43,4,FOOD,5801
5578,63,3,HEALTHCARE,5110
5579,47,2,FOOD,3155
5580,22,2,HEALTHCARE,3155
5581,16,5,,6285
5582,61,2,FOOD,3156
5583,27,2,FOOD,3156
5584,67,2,,3157
5585,50,2,HEALTHCARE,3157
5586,18,1,FOOD,792
5587,47,1,FOOD,793
5588,53,3,FOOD,5110
5589,56,2,HEALTHCARE,3158
5590,37,2,FINANCEINSURANCE,3158
5591,43,1,HEALTHCARE,794
5592,40,2,FOOD,3159
5593,46,2,HEALTHCARE,3159
5594,59,5,FOOD,6285
5595,76,4,,5801
5596,12,2,,3160
5597,23,1,FOOD,795
5598,35,2,Unemployed,3160
5599,64,3,FOOD,5110
5600,18,4,FINANCEINSURANCE,5802
5601,40,3,HEALTHCARE,5111
5602,63,4,HEALTHCARE,5802
5603,8,2,,3161
5604,50,3,HEALTHCARE,5111
5605,72,1,,796
5606,63,3,FOOD,5111
5607,58,2,HEALTHCARE,3161
5608,37,3,OTHER,5112
5609,65,2,HEALTHCARE,3162
5610,73,3,,5112
5611,58,6,FINANCEINSURANCE,6513
5612,13,3,,5112
5613,82,5,,6285
5614,22,5,HEALTHCARE,6286
5615,70,4,,5802
5616,10,5,,6286
5617,12,3,,5113
5618,34,2,HEALTHCARE,3162
5619,51,2,FOOD,3163
5620,35,2,HEALTHCARE,3163
5621,74,4,,5802
5622,63,2,Unemployed,3164
5623,15,2,,3164
5624,64,2,HEALTHCARE,3165
5625,33,3,FINANCEINSURANCE,5113
5626,65,3,HEALTHCARE,5113
5627,98,5,,6286
5628,52,4,HEALTHCARE,5803
5629,30,4,HEALTHCARE,5803
5630,21,2,HEALTHCARE,3165
5631,45,1,FINANCEINSURANCE,797
5632,18,2,HEALTHCARE,3166
5633,52,3,FOOD,5114
5634,37,3,FOOD,5114
5635,34,3,HEALTHCARE,5114
5636,84,5,,6286
5637,76,2,,3166
5638,58,4,HEALTHCARE,5803
5639,79,3,,5115
5640,72,1,,798
5641,57,4,Unemployed,5803
5642,77,2,,3167
5643,2,1,,799
5644,60,3,FOOD,5115
5645,85,2,,3167
5646,56,3,HEALTHCARE,5115
5647,92,5,,6286
5648,19,4,OTHER,5804
5649,34,4,HEALTHCARE,5804
5650,6,2,,3168
5651,70,1,,800
5652,70,4,,5804
5653,30,4,Unemployed,5804
5654,33,1,OTHER,801
5655,30,2,HEALTHCARE,3168
5656,35,2,HEALTHCARE,3169
5657,77,1,,802
5658,17,2,,3169
5659,46,1,FINANCEINSURANCE,803
5660,71,4,,5805
5661,68,3,,5116
5662,61,2,HEALTHCARE,3170
5663,80,2,,3170
5664,65,4,FOOD,5805
5665,42,2,HEALTHCARE,3171
5666,73,2,,3171
5667,77,2,,3172
5668,64,3,FOOD,5116
5669,60,1,HEALTHCARE,804
5670,33,3,HEALTHCARE,5116
5671,29,3,HEALTHCARE,5117
5672,78,4,,5805
5673,36,6,HEALTHCARE,6514
5674,40,2,HEALTHCARE,3172
5675,71,2,,3173
5676,14,5,,6287
5677,52,2,HEALTHCARE,3173
5678,69,1,,805
5679,33,2,HEALTHCARE,3174
5680,16,4,,5805
5681,0,4,,5806
5682,29,2,FOOD,3174
5683,21,1,FOOD,806
5684,43,2,HEALTHCARE,3175
5685,56,1,FOOD,807
5686,90,5,,6287
5687,47,6,HEALTHCARE,6514
5688,45,5,FINANCEINSURANCE,6287
5689,50,3,FOOD,5117
5690,55,2,HEALTHCARE,3175
5691,43,2,OTHER,3176
5692,21,4,FOOD,5806
5693,80,3,,5117
5694,60,3,HEALTHCARE,5118
5695,52,6,FINANCEINSURANCE,6514
5696,61,2,FINANCEINSURANCE,3176
5697,10,2,,3177
5698,29,2,HEALTHCARE,3177
5699,0,5,,6287
5700,18,5,Unemployed,6287
5701,58,1,HEALTHCARE,808
5702,5,2,,3178
5703,54,2,HEALTHCARE,3178
5704,55,5,FOOD,6288
5705,47,2,FINANCEINSURANCE,3179
5706,67,4,,5806
5707,49,6,WASTEMANAGEMENT,6514
5708,92,4,,5806
5709,38,4,FOOD,5807
5710,67,3,,5118
5711,63,4,FOOD,5807
5712,54,5,FOOD,6288
5713,71,3,,5118
5714,69,2,,3179
5715,74,2,,3180
5716,45,1,HEALTHCARE,809
5717,18,4,FOOD,5807
5718,81,4,,5807
5719,13,4,,5808
5720,60,2,FOOD,3180
5721,75,1,,810
5722,2,3,,5119
5723,69,6,,6514
5724,32,5,FOOD,6288
5725,62,1,FOOD,811
5726,15,1,,812
5727,49,1,Unemployed,813
5728,16,2,,3181
5729,34,2,HEALTHCARE,3181
5730,18,1,Unemployed,814
5731,36,2,FINANCEINSURANCE,3182
5732,11,4,,5808
5733,16,3,,5119
5734,14,2,,3182
5735,62,2,HEALTHCARE,3183
5736,64,3,HEALTHCARE,5119
5737,50,1,FOOD,815
5738,24,4,HEALTHCARE,5808
5739,62,4,FOOD,5808
5740,11,2,,3183
5741,23,4,HEALTHCARE,5809
5742,72,2,,3184
5743,4,3,,5120
5744,68,4,,5809
5745,94,2,,3184
5746,65,1,FOOD,816
5747,40,2,FOOD,3185
5748,46,3,HEALTHCARE,5120
5749,63,4,HEALTHCARE,5809
5750,53,2,HEALTHCARE,3185
5751,56,2,HEALTHCARE,3186
5752,16,2,,3186
5753,2,6,,6514
5754,32,3,FOOD,5120
5755,31,3,HEALTHCARE,5121
5756,46,3,Unemployed,5121
5757,2,3,,5121
5758,73,3,,5122
5759,26,5,OTHER,6288
5760,77,6,,6515
5761,17,1,,817
5762,85,4,,5809
5763,68,1,,818
5764,60,2,OTHER,3187
5765,42,3,FOOD,5122
5766,49,2,FOOD,3187
5767,40,2,HEALTHCARE,3188
5768,65,1,FOOD,819
5769,84,3,,5122
5770,68,3,,5123
5771,79,2,,3188
5772,66,1,,820
5773,68,2,,3189
5774,40,2,HEALTHCARE,3189
5775,4,2,,3190
5776,60,2,HEALTHCARE,3190
5777,18,5,Unemployed,6288
5778,8,1,,821
5779,63,2,HEALTHCARE,3191
5780,37,5,OTHER,6289
5781,39,6,FOOD,6515
5782,1,6,,6515
5783,61,4,HEALTHCARE,5810
5784,0,3,,5123
5785,44,1,HEALTHCARE,822
5786,44,4,HEALTHCARE,5810
5787,40,2,FINANCEINSURANCE,3191
5788,57,2,FOOD,3192
5789,25,4,HEALTHCARE,5810
5790,73,1,,823
5791,68,6,,6515
5792,20,2,FOOD,3192
5793,34,3,HEALTHCARE,5123
5794,69,1,,824
5795,54,2,HEALTHCARE,3193
5796,56,2,HEALTHCARE,3193
5797,43,2,FOOD,3194
5798,58,2,FOOD,3194
5799,0,2,,3195
5800,56,3,HEALTHCARE,5124
5801,45,2,FINANCEINSURANCE,3195
5802,22,4,FOOD,5810
5803,32,2,FINANCEINSURANCE,3196
5804,44,3,HEALTHCARE,5124
5805,11,3,,5124
5806,25,3,HEALTHCARE,5125
5807,52,3,OTHER,5125
5808,23,6,OTHER,6515
5809,38,2,OTHER,3196
5810,69,2,,3197
5811,50,4,FINANCEINSURANCE,5811
5812,17,5,,6289
5813,53,3,FOOD,5125
5814,54,4,FOOD,5811
5815,10,4,,5811
5816,42,3,FINANCEINSURANCE,5126
5817,59,3,HEALTHCARE,5126
5818,68,4,,5811
5819,37,1,HEALTHCARE,825
5820,69,4,,5812
5821,60,2,FOOD,3197
5822,46,1,FOOD,826
5823,3,2,,3198
5824,36,4,HEALTHCARE,5812
5825,10,5,,6289
5826,27,4,FINANCEINSURANCE,5812
5827,22,4,FOOD,5812
5828,23,1,HEALTHCARE,827
5829,27,4,FOOD,5813
5830,65,2,HEALTHCARE,3198
5831,21,1,HEALTHCARE,828
5832,49,2,HEALTHCARE,3199
5833,77,1,,829
5834,33,6,FOOD,6515
5835,5,3,,5126
5836,51,2,OTHER,3199
5837,15,6,,6516
5838,51,6,HEALTHCARE,6516
5839,11,5,,6289
5840,44,2,FOOD,3200
5841,9,2,,3200
5842,22,6,HEALTHCARE,6516
5843,24,2,HEALTHCARE,3201
5844,20,1,HEALTHCARE,830
5845,4,2,,3201
5846,66,2,,3202
5847,69,2,,3202
5848,37,2,HEALTHCARE,3203
5849,36,2,Unemployed,3203
5850,23,2,FOOD,3204
5851,50,2,HEALTHCARE,3204
5852,1,2,,3205
5853,6,3,,5127
5854,55,1,HEALTHCARE,831
5855,61,2,FOOD,3205
5856,42,2,FOOD,3206
5857,42,4,HEALTHCARE,5813
5858,3,6,,6516
5859,10,2,,3206
5860,19,1,HEALTHCARE,832
5861,9,3,,5127
5862,3,1,,833
5863,30,4,FOOD,5813
5864,70,1,,834
5865,61,2,FOOD,3207
5866,79,5,,6289
5867,65,2,FOOD,3207
5868,7,2,,3208
5869,61,6,FOOD,6516
5870,64,3,HEALTHCARE,5127
5871,5,1,,835
5872,44,5,FOOD,6290
5873,9,3,,5128
5874,66,1,,836
5875,17,3,,5128
5876,24,2,FOOD,3208
5877,64,3,HEALTHCARE,5128
5878,0,3,,5129
5879,53,2,FOOD,3209
5880,72,3,,5129
5881,52,1,Unemployed,837
5882,59,2,FOOD,3209
5883,49,2,FOOD,3210
5884,2,2,,3210
5885,10,4,,5813
5886,22,1,FOOD,838
5887,54,2,HEALTHCARE,3211
5888,60,4,HEALTHCARE,5814
5889,67,4,,5814
5890,20,4,Unemployed,5814
5891,88,4,,5814
5892,16,1,,839
5893,69,2,,3211
5894,83,1,,840
5895,18,3,FOOD,5129
5896,41,2,HEALTHCARE,3212
5897,34,2,HEALTHCARE,3212
5898,10,4,,5815
5899,68,5,,6290
5900,89,1,,841
5901,35,6,FOOD,6516
5902,24,2,HEALTHCARE,3213
5903,46,3,HEALTHCARE,5130
5904,48,4,HEALTHCARE,5815
5905,72,2,,3213
5906,84,5,,6290
5907,24,4,FOOD,5815
5908,74,5,,6290
5909,27,4,Unemployed,5815
5910,35,2,HEALTHCARE,3214
5911,54,1,FOOD,842
5912,47,6,FOOD,6517
5913,20,5,HEALTHCARE,6290
5914,48,4,HEALTHCARE,5816
5915,0,2,,3214
5916,46,1,FOOD,843
5917,61,2,FOOD,3215
5918,5,4,,5816
5919,24,2,HEALTHCARE,3215
5920,25,2,FOOD,3216
5921,69,1,,844
5922,12,5,,6291
5923,45,6,FOOD,6517
5924,65,2,HEALTHCARE,3216
5925,19,3,HEALTHCARE,5130
5926,70,1,,845
5927,30,2,HEALTHCARE,3217
5928,38,2,FOOD,3217
5929,3,1,,846
5930,28,1,HEALTHCARE,847
5931,29,5,FOOD,6291
5932,18,3,HEALTHCARE,5130
5933,46,4,HEALTHCARE,5816
5934,0,3,,5131
5935,77,2,,3218
5936,33,3,HEALTHCARE,5131
5937,92,4,,5816
5938,35,5,FINANCEINSURANCE,6291
5939,47,4,HEALTHCARE,5817
5940,13,5,,6291
5941,45,4,FINANCEINSURANCE,5817
5942,17,3,,5131
5943,67,1,,848
5944,60,4,HEALTHCARE,5817
5945,11,6,,6517
5946,55,4,HEALTHCARE,5817
5947,14,2,,3218
5948,8,1,,849
5949,49,1,FOOD,850
5950,76,5,,6291
5951,75,6,,6517
5952,37,3,HEALTHCARE,5132
5953,95,2,,3219
5954,62,1,FOOD,851
5955,32,4,HEALTHCARE,5818
5956,77,4,,5818
5957,36,1,HEALTHCARE,852
5958,69,3,,5132
5959,25,2,HEALTHCARE,3219
5960,66,1,,853
5961,43,2,HEALTHCARE,3220
5962,30,2,WASTEMANAGEMENT,3220
5963,36,2,FOOD,3221
5964,17,5,,6292
5965,80,5,,6292
5966,75,6,,6517
5967,65,2,HEALTHCARE,3221
5968,78,5,,6292
5969,57,5,HEALTHCARE,6292
5970,16,4,,5818
5971,18,3,HEALTHCARE,5132
5972,3,5,,6292
5973,28,3,FOOD,5133
5974,69,2,,3222
5975,50,2,FINANCEINSURANCE,3222
5976,35,2,HEALTHCARE,3223
5977,6,2,,3223
5978,31,3,OTHER,5133
5979,52,4,FOOD,5818
5980,60,6,FINANCEINSURANCE,6517
5981,66,5,,6293
5982,26,4,FOOD,5819
5983,43,2,FOOD,3224
5984,64,6,FOOD,6518
5985,57,2,FOOD,3224
5986,78,2,,3225
5987,66,1,,854
5988,70,2,,3225
5989,68,2,,3226
5990,50,2,HEALTHCARE,3226
5991,6,2,,3227
5992,24,3,HEALTHCARE,5133
5993,30,2,Unemployed,3227
5994,41,3,HEALTHCARE,5134
5995,9,3,,5134
5996,37,4,HEALTHCARE,5819
5997,28,4,FOOD,5819
5998,14,2,,3228
5999,43,2,FOOD,3228
6000,26,2,HEALTHCARE,3229
6001,59,2,OTHER,3229
6002,22,2,FOOD,3230
6003,45,1,FOOD,855
6004,45,1,FOOD,856
6005,95,1,,857
6006,58,2,FOOD,3230
6007,47,4,FOOD,5819
6008,8,2,,3231
6009,53,4,HEALTHCARE,5820
6010,22,1,HEALTHCARE,858
6011,32,2,HEALTHCARE,3231
6012,14,1,,859
6013,37,3,HEALTHCARE,5134
6014,65,1,HEALTHCARE,860
6015,20,4,FOOD,5820
6016,16,3,,5135
6017,78,2,,3232
6018,49,5,FOOD,6293
6019,31,2,HEALTHCARE,3232
6020,63,6,FINANCEINSURANCE,6518
6021,60,1,FOOD,861
6022,37,2,HEALTHCARE,3233
6023,7,2,,3233
6024,66,1,,862
6025,71,6,,6518
6026,57,3,HEALTHCARE,5135
6027,82,5,,6293
6028,78,4,,5820
6029,21,4,FOOD,5820
6030,23,4,FOOD,5821
6031,57,3,FOOD,5135
6032,60,5,WASTEMANAGEMENT,6293
6033,49,5,HEALTHCARE,6293
6034,64,3,FOOD,5136
6035,52,6,HEALTHCARE,6518
6036,45,2,OTHER,3234
6037,28,2,HEALTHCARE,3234
6038,68,2,,3235
6039,69,5,,6294
6040,4,4,,5821
6041,68,5,,6294
6042,18,2,FOOD,3235
6043,47,1,HEALTHCARE,863
6044,50,2,HEALTHCARE,3236
6045,50,2,HEALTHCARE,3236
6046,51,5,FOOD,6294
6047,22,3,HEALTHCARE,5136
6048,24,1,FOOD,864
6049,46,5,FOOD,6294
6050,69,5,,6294
6051,47,4,WASTEMANAGEMENT,5821
6052,78,3,,5136
6053,74,1,,865
6054,22,5,HEALTHCARE,6295
6055,57,5,HEALTHCARE,6295
6056,65,4,FINANCEINSURANCE,5821
6057,59,1,Unemployed,866
6058,82,4,,5822
6059,46,4,HEALTHCARE,5822
6060,14,2,,3237
6061,69,4,,5822
6062,70,5,,6295
6063,57,6,FINANCEINSURANCE,6518
6064,39,2,HEALTHCARE,3237
6065,42,5,HEALTHCARE,6295
6066,27,4,FOOD,5822
6067,58,2,FOOD,3238
6068,60,3,HEALTHCARE,5137
6069,36,1,OTHER,867
6070,52,4,FOOD,5823
6071,44,2,HEALTHCARE,3238
6072,3,4,,5823
6073,87,2,,3239
6074,60,1,WASTEMANAGEMENT,868
6075,46,2,FINANCEINSURANCE,3239
6076,24,5,HEALTHCARE,6295
6077,15,3,,5137
6078,11,2,,3240
6079,3,4,,5823
6080,26,1,HEALTHCARE,869
6081,3,5,,6296
6082,92,4,,5823
6083,13,2,,3240
6084,32,3,WASTEMANAGEMENT,5137
6085,32,2,FOOD,3241
6086,18,5,HEALTHCARE,6296
6087,2,2,,3241
6088,78,4,,5824
6089,63,3,FOOD,5138
6090,37,2,FOOD,3242
6091,40,2,FOOD,3242
6092,16,2,,3243
6093,3,2,,3243
6094,79,2,,3244
6095,32,1,HEALTHCARE,870
6096,52,4,FOOD,5824
6097,29,2,WASTEMANAGEMENT,3244
6098,52,1,FOOD,871
6099,64,2,HEALTHCARE,3245
6100,30,2,FOOD,3245
6101,44,3,FOOD,5138
6102,72,6,,6518
6103,66,2,,3246
6104,55,2,FOOD,3246
6105,75,4,,5824
6106,52,1,FOOD,872
6107,51,4,HEALTHCARE,5824
6108,89,4,,5825
6109,14,4,,5825
6110,75,5,,6296
6111,72,2,,3247
6112,19,1,HEALTHCARE,873
6113,62,2,HEALTHCARE,3247
6114,48,1,HEALTHCARE,874
6115,54,2,FOOD,3248
6116,24,3,Unemployed,5138
6117,64,5,HEALTHCARE,6296
6118,8,4,,5825
6119,56,2,HEALTHCARE,3248
6120,70,2,,3249
6121,42,2,FOOD,3249
6122,68,4,,5825
6123,62,2,OTHER,3250
6124,9,2,,3250
6125,69,4,,5826
6126,0,4,,5826
6127,74,1,,875
6128,3,2,,3251
6129,79,4,,5826
6130,68,3,,5139
6131,81,1,,876
6132,53,1,HEALTHCARE,877
6133,55,2,FOOD,3251
6134,2,5,,6296
6135,32,2,HEALTHCARE,3252
6136,26,3,HEALTHCARE,5139
6137,6,2,,3252
6138,31,1,HEALTHCARE,878
6139,51,4,HEALTHCARE,5826
6140,51,2,FOOD,3253
6141,62,5,HEALTHCARE,6297
6142,10,3,,5139
6143,51,2,FINANCEINSURANCE,3253
6144,69,2,,3254
6145,40,3,HEALTHCARE,5140
6146,97,1,,879
6147,4,2,,3254
6148,48,5,HEALTHCARE,6297
6149,32,1,FINANCEINSURANCE,880
6150,60,6,FOOD,6519
6151,65,1,FOOD,881
6152,9,1,,882
6153,43,2,Unemployed,3255
6154,42,4,FOOD,5827
6155,52,5,FOOD,6297
6156,70,2,,3255
6157,10,2,,3256
6158,54,2,FOOD,3256
6159,52,6,FOOD,6519
6160,42,2,HEALTHCARE,3257
6161,51,2,FINANCEINSURANCE,3257
6162,6,3,,5140
6163,56,2,HEALTHCARE,3258
6164,66,3,,5140
6165,76,3,,5141
6166,15,2,,3258
6167,54,2,HEALTHCARE,3259
6168,11,2,,3259
6169,51,3,HEALTHCARE,5141
6170,25,2,OTHER,3260
6171,2,1,,883
6172,78,2,,3260
6173,60,1,FOOD,884
6174,60,1,HEALTHCARE,885
6175,11,2,,3261
6176,2,2,,3261
6177,96,3,,5141
6178,33,2,FOOD,3262
6179,76,4,,5827
6180,52,3,HEALTHCARE,5142
6181,61,2,FOOD,3262
6182,42,2,FOOD,3263
6183,66,5,,6297
6184,79,2,,3263
6185,39,5,FOOD,6297
6186,35,2,HEALTHCARE,3264
6187,37,1,HEALTHCARE,886
6188,61,1,FOOD,887
6189,13,2,,3264
6190,54,2,FINANCEINSURANCE,3265
6191,30,2,OTHER,3265
6192,56,5,HEALTHCARE,6298
6193,82,4,,5827
6194,30,6,FOOD,6519
6195,71,6,,6519
6196,63,3,HEALTHCARE,5142
6197,56,2,HEALTHCARE,3266
6198,96,3,,5142
6199,67,3,,5143
6200,5,4,,5827
6201,82,1,,888
6202,63,2,FOOD,3266
6203,11,2,,3267
6204,15,1,,889
6205,73,3,,5143
6206,13,2,,3267
6207,9,2,,3268
6208,52,2,HEALTHCARE,3268
6209,62,5,HEALTHCARE,6298
6210,18,1,FOOD,890
6211,36,3,HEALTHCARE,5143
6212,74,1,,891
6213,65,1,FOOD,892
6214,57,3,HEALTHCARE,5144
6215,1,1,,893
6216,65,3,OTHER,5144
6217,66,1,,894
6218,15,4,,5828
6219,53,2,HEALTHCARE,3269
6220,54,2,HEALTHCARE,3269
6221,58,6,HEALTHCARE,6519
6222,33,2,HEALTHCARE,3270
6223,1,3,,5144
6224,78,1,,895
6225,78,4,,5828
6226,46,2,HEALTHCARE,3270
6227,53,4,FOOD,5828
6228,61,3,HEALTHCARE,5145
6229,5,2,,3271
6230,34,2,HEALTHCARE,3271
6231,15,1,,896
6232,41,2,HEALTHCARE,3272
6233,6,2,,3272
6234,52,2,FOOD,3273
6235,16,1,,897
6236,71,2,,3273
6237,53,3,HEALTHCARE,5145
6238,54,2,FOOD,3274
6239,71,2,,3274
6240,62,2,Unemployed,3275
6241,55,4,HEALTHCARE,5828
6242,52,2,HEALTHCARE,3275
6243,75,3,,5145
6244,57,2,HEALTHCARE,3276
6245,36,5,FOOD,6298
6246,43,2,HEALTHCARE,3276
6247,20,5,FINANCEINSURANCE,6298
6248,51,4,FINANCEINSURANCE,5829
6249,56,3,WASTEMANAGEMENT,5146
6250,52,3,FINANCEINSURANCE,5146
6251,78,2,,3277
6252,14,1,,898
6253,24,2,HEALTHCARE,3277
6254,15,1,,899
6255,63,2,FOOD,3278
6256,24,1,FOOD,900
6257,74,6,,6519
6258,55,3,FOOD,5146
6259,43,2,HEALTHCARE,3278
6260,37,1,HEALTHCARE,901
6261,49,1,FOOD,902
6262,57,2,HEALTHCARE,3279
6263,30,5,FOOD,6298
6264,68,1,,903
6265,64,4,FOOD,5829
6266,58,4,OTHER,5829
6267,66,1,,904
6268,16,1,,905
6269,87,2,,3279
6270,35,2,HEALTHCARE,3280
6271,98,5,,6299
6272,12,3,,5147
6273,64,4,FINANCEINSURANCE,5829
6274,7,2,,3280
6275,29,6,HEALTHCARE,6520
6276,33,2,HEALTHCARE,3281
6277,17,5,,6299
6278,54,3,OTHER,5147
6279,89,4,,5830
6280,52,3,WASTEMANAGEMENT,5147
6281,4,2,,3281
6282,89,5,,6299
6283,30,2,FOOD,3282
6284,32,4,HEALTHCARE,5830
6285,60,6,FOOD,6520
6286,45,3,HEALTHCARE,5148
6287,25,5,FOOD,6299
6288,96,4,,5830
6289,35,4,FOOD,5830
6290,20,4,Unemployed,5831
6291,67,4,,5831
6292,66,4,,5831
6293,54,1,FOOD,906
6294,75,5,,6299
6295,34,2,HEALTHCARE,3282
6296,4,3,,5148
6297,43,2,HEALTHCARE,3283
6298,40,5,HEALTHCARE,6300
6299,69,2,,3283
6300,12,5,,6300
6301,7,4,,5831
6302,37,2,FOOD,3284
6303,13,2,,3284
6304,38,2,HEALTHCARE,3285
6305,36,2,Unemployed,3285
6306,11,4,,5832
6307,69,1,,907
6308,75,2,,3286
6309,70,3,,5148
6310,66,2,,3286
6311,29,2,HEALTHCARE,3287
6312,62,2,HEALTHCARE,3287
6313,41,2,FOOD,3288
6314,90,1,,908
6315,13,2,,3288
6316,51,4,HEALTHCARE,5832
6317,79,3,,5149
6318,64,1,HEALTHCARE,909
6319,38,2,HEALTHCARE,3289
6320,53,3,FOOD,5149
6321,63,4,FOOD,5832
6322,61,4,HEALTHCARE,5832
6323,69,2,,3289
6324,64,4,HEALTHCARE,5833
6325,51,2,HEALTHCARE,3290
6326,41,2,HEALTHCARE,3290
6327,44,4,HEALTHCARE,5833
6328,50,4,HEALTHCARE,5833
6329,42,4,FINANCEINSURANCE,5833
6330,36,3,FOOD,5149
6331,59,3,FOOD,5150
6332,41,3,HEALTHCARE,5150
6333,30,4,FOOD,5834
6334,88,5,,6300
6335,79,4,,5834
6336,44,2,HEALTHCARE,3291
6337,67,4,,5834
6338,4,2,,3291
6339,45,3,HEALTHCARE,5150
6340,16,1,,910
6341,18,3,HEALTHCARE,5151
6342,33,5,FOOD,6300
6343,57,5,FOOD,6300
6344,78,4,,5834
6345,43,2,FOOD,3292
6346,65,2,FINANCEINSURANCE,3292
6347,55,3,HEALTHCARE,5151
6348,86,5,,6301
6349,43,3,HEALTHCARE,5151
6350,63,2,Unemployed,3293
6351,11,1,,911
6352,14,2,,3293
6353,75,3,,5152
6354,64,2,FOOD,3294
6355,45,5,FOOD,6301
6356,48,3,HEALTHCARE,5152
6357,15,2,,3294
6358,14,2,,3295
6359,55,1,HEALTHCARE,912
6360,52,6,OTHER,6520
6361,28,1,FINANCEINSURANCE,913
6362,69,2,,3295
6363,13,2,,3296
6364,14,2,,3296
6365,60,1,Unemployed,914
6366,43,1,HEALTHCARE,915
6367,76,2,,3297
6368,57,2,FOOD,3297
6369,34,3,FOOD,5152
6370,68,3,,5153
6371,71,1,,916
6372,54,5,FOOD,6301
6373,8,3,,5153
6374,8,2,,3298
6375,74,3,,5153
6376,62,2,WASTEMANAGEMENT,3298
6377,51,3,FINANCEINSURANCE,5154
6378,36,3,HEALTHCARE,5154
6379,60,3,Unemployed,5154
6380,31,1,FOOD,917
6381,6,5,,6301
6382,73,4,,5835
6383,64,1,HEALTHCARE,918
6384,37,3,HEALTHCARE,5155
6385,66,2,,3299
6386,32,3,HEALTHCARE,5155
6387,41,2,FOOD,3299
6388,27,5,HEALTHCARE,6301
6389,13,5,,6302
6390,33,1,HEALTHCARE,919
6391,59,1,FOOD,920
6392,39,4,HEALTHCARE,5835
6393,79,5,,6302
6394,23,2,FOOD,3300
6395,46,5,FOOD,6302
6396,64,1,FOOD,921
6397,31,2,FOOD,3300
6398,29,4,OTHER,5835
6399,53,3,HEALTHCARE,5155
6400,58,2,Unemployed,3301
6401,52,2,HEALTHCARE,3301
6402,25,5,HEALTHCARE,6302
6403,8,3,,5156
6404,55,3,FOOD,5156
6405,56,4,HEALTHCARE,5835
6406,44,3,FOOD,5156
6407,30,2,FOOD,3302
6408,48,2,FOOD,3302
6409,70,5,,6302
6410,64,2,HEALTHCARE,3303
6411,10,3,,5157
6412,51,2,HEALTHCARE,3303
6413,72,4,,5836
6414,68,2,,3304
6415,45,4,WASTEMANAGEMENT,5836
6416,1,1,,922
6417,45,4,FOOD,5836
6418,12,1,,923
6419,15,2,,3304
6420,0,5,,6303
6421,60,2,HEALTHCARE,3305
6422,70,2,,3305
6423,1,5,,6303
6424,46,2,HEALTHCARE,3306
6425,61,4,HEALTHCARE,5836
6426,39,2,OTHER,3306
6427,96,2,,3307
6428,15,6,,6520
6429,19,2,HEALTHCARE,3307
6430,42,2,FOOD,3308
6431,62,3,FINANCEINSURANCE,5157
6432,58,2,HEALTHCARE,3308
6433,55,5,OTHER,6303
6434,63,3,HEALTHCARE,5157
6435,40,2,FOOD,3309
6436,76,1,,924
6437,51,4,FINANCEINSURANCE,5837
6438,8,3,,5158
6439,81,2,,3309
6440,63,4,FOOD,5837
6441,52,1,OTHER,925
6442,22,3,FOOD,5158
6443,60,2,FOOD,3310
6444,17,1,,926
6445,52,5,FOOD,6303
6446,29,4,WASTEMANAGEMENT,5837
6447,99,2,,3310
6448,42,4,FOOD,5837
6449,91,6,,6520
6450,61,2,HEALTHCARE,3311
6451,56,4,HEALTHCARE,5838
6452,4,4,,5838
6453,9,5,,6303
6454,64,1,HEALTHCARE,927
6455,80,6,,6520
6456,56,2,HEALTHCARE,3311
6457,63,4,FOOD,5838
6458,9,5,,6304
6459,69,4,,5838
6460,63,1,FOOD,928
6461,100,4,,5839
6462,37,1,OTHER,929
6463,67,4,,5839
6464,22,6,FOOD,6521
6465,73,4,,5839
6466,39,2,FOOD,3312
6467,54,3,OTHER,5158
6468,55,2,FOOD,3312
6469,7,3,,5159
6470,13,4,,5839
6471,51,6,HEALTHCARE,6521
6472,37,2,Unemployed,3313
6473,26,2,HEALTHCARE,3313
6474,2,2,,3314
6475,93,6,,6521
6476,57,4,HEALTHCARE,5840
6477,63,1,HEALTHCARE,930
6478,58,3,HEALTHCARE,5159
6479,33,3,FOOD,5159
6480,63,1,FOOD,931
6481,66,3,,5160
6482,68,5,,6304
6483,16,4,,5840
6484,45,1,HEALTHCARE,932
6485,81,4,,5840
6486,77,2,,3314
6487,65,2,FOOD,3315
6488,64,1,HEALTHCARE,933
6489,2,1,,934
6490,33,5,HEALTHCARE,6304
6491,12,4,,5840
6492,67,2,,3315
6493,32,4,HEALTHCARE,5841
6494,50,4,FOOD,5841
6495,50,3,FOOD,5160
6496,6,4,,5841
6497,60,1,HEALTHCARE,935
6498,78,2,,3316
6499,73,2,,3316
6500,57,2,FINANCEINSURANCE,3317
6501,43,2,HEALTHCARE,3317
6502,35,5,HEALTHCARE,6304
6503,64,2,FOOD,3318
6504,43,2,FINANCEINSURANCE,3318
6505,46,3,HEALTHCARE,5160
6506,59,5,OTHER,6304
6507,39,3,HEALTHCARE,5161
6508,49,2,HEALTHCARE,3319
6509,13,1,,936
6510,29,4,HEALTHCARE,5841
6511,58,1,HEALTHCARE,937
6512,25,1,HEALTHCARE,938
6513,55,1,Unemployed,939
6514,1,5,,6305
6515,34,3,FOOD,5161
6516,99,2,,3319
6517,20,6,FOOD,6521
6518,45,4,FOOD,5842
6519,39,2,HEALTHCARE,3320
6520,10,6,,6521
6521,35,5,HEALTHCARE,6305
6522,39,3,FOOD,5161
6523,50,5,HEALTHCARE,6305
6524,77,2,,3320
6525,37,1,HEALTHCARE,940
6526,90,5,,6305
6527,69,2,,3321
6528,16,3,,5162
6529,44,2,HEALTHCARE,3321
6530,39,2,HEALTHCARE,3322
6531,65,1,HEALTHCARE,941
6532,3,3,,5162
6533,94,2,,3322
6534,43,3,FINANCEINSURANCE,5162
6535,22,2,HEALTHCARE,3323
6536,18,5,FOOD,6305
6537,62,4,HEALTHCARE,5842
6538,11,2,,3323
6539,73,2,,3324
6540,64,1,FINANCEINSURANCE,942
6541,19,2,HEALTHCARE,3324
6542,68,2,,3325
6543,1,4,,5842
6544,37,2,HEALTHCARE,3325
6545,69,1,,943
6546,59,2,HEALTHCARE,3326
6547,94,4,,5842
6548,59,4,HEALTHCARE,5843
6549,5,2,,3326
6550,2,2,,3327
6551,3,2,,3327
6552,9,5,,6306
6553,62,1,HEALTHCARE,944
6554,56,2,Unemployed,3328
6555,56,4,HEALTHCARE,5843
6556,54,2,Unemployed,3328
6557,69,2,,3329
6558,22,2,FOOD,3329
6559,61,1,FOOD,945
6560,55,4,HEALTHCARE,5843
6561,56,5,FOOD,6306
6562,50,2,HEALTHCARE,3330
6563,54,2,FOOD,3330
6564,79,2,,3331
6565,7,5,,6306
6566,21,2,FOOD,3331
6567,88,3,,5163
6568,65,3,FOOD,5163
6569,46,6,HEALTHCARE,6521
6570,46,4,HEALTHCARE,5843
6571,42,4,FOOD,5844
6572,31,2,HEALTHCARE,3332
6573,3,6,,6522
6574,64,2,WASTEMANAGEMENT,3332
6575,64,1,HEALTHCARE,946
6576,12,2,,3333
6577,45,5,Unemployed,6306
6578,63,2,HEALTHCARE,3333
6579,74,5,,6306
6580,32,1,OTHER,947
6581,55,3,HEALTHCARE,5163
6582,6,5,,6307
6583,64,5,FOOD,6307
6584,42,1,Unemployed,948
6585,54,3,HEALTHCARE,5164
6586,7,2,,3334
6587,27,1,HEALTHCARE,949
6588,65,2,FOOD,3334
6589,8,2,,3335
6590,61,3,OTHER,5164
6591,64,2,FOOD,3335
6592,68,6,,6522
6593,39,1,OTHER,950
6594,23,3,HEALTHCARE,5164
6595,30,2,HEALTHCARE,3336
6596,36,5,FOOD,6307
6597,53,1,HEALTHCARE,951
6598,44,1,FOOD,952
6599,74,3,,5165
6600,14,1,,953
6601,0,2,,3336
6602,41,3,FOOD,5165
6603,77,3,,5165
6604,38,4,FINANCEINSURANCE,5844
6605,77,1,,954
6606,39,1,HEALTHCARE,955
6607,71,6,,6522
6608,34,4,FOOD,5844
6609,38,3,FOOD,5166
6610,53,6,HEALTHCARE,6522
6611,16,1,,956
6612,23,3,FOOD,5166
6613,13,2,,3337
6614,29,2,HEALTHCARE,3337
6615,26,3,HEALTHCARE,5166
6616,34,2,HEALTHCARE,3338
6617,43,2,FOOD,3338
6618,9,3,,5167
6619,60,3,FOOD,5167
6620,35,4,FOOD,5844
6621,9,2,,3339
6622,50,2,HEALTHCARE,3339
6623,5,6,,6522
6624,3,4,,5845
6625,9,5,,6307
6626,22,3,HEALTHCARE,5167
6627,41,3,HEALTHCARE,5168
6628,46,1,HEALTHCARE,957
6629,83,5,,6307
6630,15,1,,958
6631,45,2,FOOD,3340
6632,37,1,HEALTHCARE,959
6633,59,5,FOOD,6308
6634,3,2,,3340
6635,7,2,,3341
6636,21,2,HEALTHCARE,3341
6637,17,6,,6522
6638,78,4,,5845
6639,35,2,HEALTHCARE,3342
6640,69,2,,3342
6641,56,2,FOOD,3343
6642,3,3,,5168
6643,27,5,FOOD,6308
6644,52,2,FOOD,3343
6645,61,3,HEALTHCARE,5168
6646,95,4,,5845
6647,28,3,HEALTHCARE,5169
6648,34,6,HEALTHCARE,6523
6649,48,1,HEALTHCARE,960
6650,72,2,,3344
6651,37,2,HEALTHCARE,3344
6652,67,2,,3345
6653,70,3,,5169
6654,70,1,,961
6655,65,4,HEALTHCARE,5845
6656,42,3,HEALTHCARE,5169
6657,62,2,FOOD,3345
6658,71,2,,3346
6659,90,2,,3346
6660,38,2,FOOD,3347
6661,51,4,HEALTHCARE,5846
6662,60,2,FOOD,3347
6663,59,3,HEALTHCARE,5170
6664,34,3,OTHER,5170
6665,50,5,Unemployed,6308
6666,34,4,HEALTHCARE,5846
6667,75,3,,5170
6668,3,2,,3348
6669,10,3,,5171
6670,79,5,,6308
6671,45,2,HEALTHCARE,3348
6672,69,2,,3349
6673,8,2,,3349
6674,23,4,HEALTHCARE,5846
6675,17,3,,5171
6676,43,4,FOOD,5846
6677,23,5,OTHER,6308
6678,53,2,FOOD,3350
6679,69,4,,5847
6680,97,2,,3350
6681,44,3,HEALTHCARE,5171
6682,27,1,HEALTHCARE,962
6683,15,1,,963
6684,47,2,HEALTHCARE,3351
6685,20,1,FOOD,964
6686,71,2,,3351
6687,7,2,,3352
6688,99,3,,5172
6689,53,4,FOOD,5847
6690,29,5,OTHER,6309
6691,0,2,,3352
6692,1,2,,3353
6693,51,2,HEALTHCARE,3353
6694,93,4,,5847
6695,96,2,,3354
6696,64,4,HEALTHCARE,5847
6697,95,2,,3354
6698,68,6,,6523
6699,43,6,FINANCEINSURANCE,6523
6700,10,2,,3355
6701,69,3,,5172
6702,28,2,OTHER,3355
6703,80,2,,3356
6704,63,5,FOOD,6309
6705,7,5,,6309
6706,63,2,OTHER,3356
6707,2,2,,3357
6708,67,4,,5848
6709,65,4,Unemployed,5848
6710,84,2,,3357
6711,58,2,OTHER,3358
6712,53,4,FOOD,5848
6713,54,1,HEALTHCARE,965
6714,70,3,,5172
6715,67,5,,6309
6716,63,3,HEALTHCARE,5173
6717,57,3,FOOD,5173
6718,68,1,,966
6719,64,2,HEALTHCARE,3358
6720,4,2,,3359
6721,16,4,,5848
6722,95,2,,3359
6723,7,2,,3360
6724,69,4,,5849
6725,7,3,,5173
6726,14,4,,5849
6727,67,3,,5174
6728,44,3,FINANCEINSURANCE,5174
6729,37,5,FOOD,6309
6730,68,2,,3360
6731,66,2,,3361
6732,27,1,FOOD,967
6733,43,2,HEALTHCARE,3361
6734,24,1,FOOD,968
6735,67,5,,6310
6736,65,5,HEALTHCARE,6310
6737,75,1,,969
6738,67,2,,3362
6739,68,4,,5849
6740,43,5,HEALTHCARE,6310
6741,51,2,HEALTHCARE,3362
6742,11,2,,3363
6743,85,4,,5849
6744,0,1,,970
6745,56,3,FOOD,5174
6746,6,1,,971
6747,9,5,,6310
6748,86,2,,3363
6749,14,2,,3364
6750,47,2,HEALTHCARE,3364
6751,10,2,,3365
6752,16,2,,3365
6753,59,2,FOOD,3366
6754,47,2,FINANCEINSURANCE,3366
6755,58,1,HEALTHCARE,972
6756,53,5,FOOD,6310
6757,34,5,Unemployed,6311
6758,28,6,FOOD,6523
6759,76,1,,973
6760,26,4,HEALTHCARE,5850
6761,22,5,HEALTHCARE,6311
6762,60,1,HEALTHCARE,974
6763,35,1,HEALTHCARE,975
6764,26,3,FOOD,5175
6765,71,5,,6311
6766,23,3,FOOD,5175
6767,47,2,HEALTHCARE,3367
6768,62,4,FOOD,5850
6769,26,3,HEALTHCARE,5175
6770,77,4,,5850
6771,2,1,,976
6772,28,4,FOOD,5850
6773,37,5,Unemployed,6311
6774,64,3,HEALTHCARE,5176
6775,50,2,FOOD,3367
6776,53,4,FOOD,5851
6777,62,5,HEALTHCARE,6311
6778,12,2,,3368
6779,69,2,,3368
6780,31,2,HEALTHCARE,3369
6781,50,4,HEALTHCARE,5851
6782,10,4,,5851
6783,41,2,HEALTHCARE,3369
6784,65,2,FOOD,3370
6785,67,3,,5176
6786,52,2,WASTEMANAGEMENT,3370
6787,52,1,HEALTHCARE,977
6788,13,2,,3371
6789,48,3,Unemployed,5176
6790,58,2,FOOD,3371
6791,1,2,,3372
6792,45,1,FOOD,978
6793,55,4,Unemployed,5851
6794,20,5,OTHER,6312
6795,56,2,HEALTHCARE,3372
6796,14,3,,5177
6797,39,3,HEALTHCARE,5177
6798,45,2,HEALTHCARE,3373
6799,44,6,HEALTHCARE,6523
6800,37,5,Unemployed,6312
6801,49,2,FOOD,3373
6802,11,4,,5852
6803,15,2,,3374
6804,77,2,,3374
6805,66,2,,3375
6806,53,4,FOOD,5852
6807,42,4,FOOD,5852
6808,37,2,FOOD,3375
6809,65,2,HEALTHCARE,3376
6810,41,4,Unemployed,5852
6811,56,5,HEALTHCARE,6312
6812,34,4,Unemployed,5853
6813,3,4,,5853
6814,25,2,WASTEMANAGEMENT,3376
6815,37,1,FOOD,979
6816,78,2,,3377
6817,35,2,FOOD,3377
6818,24,4,FOOD,5853
6819,4,2,,3378
6820,31,2,FOOD,3378
6821,7,3,,5177
6822,9,2,,3379
6823,41,1,HEALTHCARE,980
6824,7,3,,5178
6825,65,2,HEALTHCARE,3379
6826,44,2,WASTEMANAGEMENT,3380
6827,56,2,FINANCEINSURANCE,3380
6828,35,3,Unemployed,5178
6829,85,1,,981
6830,77,1,,982
6831,59,1,HEALTHCARE,983
6832,15,6,,6523
6833,46,3,HEALTHCARE,5178
6834,9,1,,984
6835,53,2,FOOD,3381
6836,28,6,HEALTHCARE,6524
6837,79,6,,6524
6838,18,1,HEALTHCARE,985
6839,41,2,FOOD,3381
6840,81,5,,6312
6841,9,4,,5853
6842,37,2,HEALTHCARE,3382
6843,64,2,HEALTHCARE,3382
6844,42,2,FOOD,3383
6845,68,4,,5854
6846,8,5,,6312
6847,29,2,FINANCEINSURANCE,3383
6848,66,2,,3384
6849,56,4,Unemployed,5854
6850,11,1,,986
6851,58,2,Unemployed,3384
6852,36,2,Unemployed,3385
6853,93,2,,3385
6854,24,5,Unemployed,6313
6855,49,3,FOOD,5179
6856,70,2,,3386
6857,10,1,,987
6858,57,3,HEALTHCARE,5179
6859,61,4,Unemployed,5854
6860,4,2,,3386
6861,18,3,FOOD,5179
6862,8,2,,3387
6863,68,2,,3387
6864,10,3,,5180
6865,61,1,OTHER,988
6866,13,2,,3388
6867,50,3,HEALTHCARE,5180
6868,44,2,FOOD,3388
6869,35,2,OTHER,3389
6870,56,4,HEALTHCARE,5854
6871,46,1,HEALTHCARE,989
6872,58,3,FOOD,5180
6873,62,4,FINANCEINSURANCE,5855
6874,73,4,,5855
6875,0,3,,5181
6876,50,2,FOOD,3389
6877,55,2,HEALTHCARE,3390
6878,65,2,HEALTHCARE,3390
6879,50,2,HEALTHCARE,3391
6880,39,3,FOOD,5181
6881,37,1,FOOD,990
6882,28,2,OTHER,3391
6883,63,2,WASTEMANAGEMENT,3392
6884,22,3,OTHER,5181
6885,58,5,HEALTHCARE,6313
6886,35,2,OTHER,3392
6887,35,4,WASTEMANAGEMENT,5855
6888,72,3,,5182
6889,58,1,FOOD,991
6890,32,5,FINANCEINSURANCE,6313
6891,10,2,,3393
6892,30,5,HEALTHCARE,6313
6893,50,4,HEALTHCARE,5855
6894,89,2,,3393
6895,55,5,HEALTHCARE,6313
6896,26,2,HEALTHCARE,3394
6897,61,4,FOOD,5856
6898,82,2,,3394
6899,77,2,,3395
6900,13,6,,6524
6901,46,2,FOOD,3395
6902,1,3,,5182
6903,44,3,FOOD,5182
6904,66,2,,3396
6905,64,5,FOOD,6314
6906,58,4,FOOD,5856
6907,68,5,,6314
6908,1,2,,3396
6909,44,2,FOOD,3397
6910,54,3,HEALTHCARE,5183
6911,62,5,FINANCEINSURANCE,6314
6912,76,2,,3397
6913,67,2,,3398
6914,22,2,HEALTHCARE,3398
6915,93,4,,5856
6916,27,1,HEALTHCARE,992
6917,30,1,Unemployed,993
6918,40,1,FOOD,994
6919,38,2,WASTEMANAGEMENT,3399
6920,1,1,,995
6921,31,1,Unemployed,996
6922,69,3,,5183
6923,42,3,FOOD,5183
6924,65,2,FOOD,3399
6925,47,2,Unemployed,3400
6926,78,1,,997
6927,23,2,HEALTHCARE,3400
6928,69,4,,5856
6929,63,2,Unemployed,3401
6930,52,4,FOOD,5857
6931,6,4,,5857
6932,12,2,,3401
6933,30,3,HEALTHCARE,5184
6934,62,2,HEALTHCARE,3402
6935,59,2,HEALTHCARE,3402
6936,49,2,Unemployed,3403
6937,13,2,,3403
6938,68,1,,998
6939,19,2,FINANCEINSURANCE,3404
6940,15,6,,6524
6941,15,2,,3404
6942,66,2,,3405
6943,83,2,,3405
6944,66,4,,5857
6945,51,2,HEALTHCARE,3406
6946,22,3,FOOD,5184
6947,85,5,,6314
6948,12,2,,3406
6949,66,4,,5857
6950,60,4,HEALTHCARE,5858
6951,67,1,,999
6952,24,3,FINANCEINSURANCE,5184
6953,53,6,HEALTHCARE,6524
6954,17,1,,1000
6955,14,1,,1001
6956,59,4,HEALTHCARE,5858
6957,8,2,,3407
6958,54,4,OTHER,5858
6959,65,5,OTHER,6314
6960,57,5,OTHER,6315
6961,65,2,FINANCEINSURANCE,3407
6962,60,2,HEALTHCARE,3408
6963,31,1,FOOD,1002
6964,14,5,,6315
6965,17,1,,1003
6966,55,6,Unemployed,6524
6967,47,4,FOOD,5858
6968,33,1,HEALTHCARE,1004
6969,56,3,WASTEMANAGEMENT,5185
6970,79,1,,1005
6971,9,6,,6525
6972,79,2,,3408
6973,58,4,FOOD,5859
6974,74,1,,1006
6975,30,3,HEALTHCARE,5185
6976,58,1,HEALTHCARE,1007
6977,17,4,,5859
6978,42,1,HEALTHCARE,1008
6979,10,2,,3409
6980,55,2,HEALTHCARE,3409
6981,22,2,FOOD,3410
6982,73,2,,3410
6983,21,3,FOOD,5185
6984,57,3,HEALTHCARE,5186
6985,64,2,FOOD,3411
6986,95,2,,3411
6987,68,2,,3412
6988,36,4,FOOD,5859
6989,2,5,,6315
6990,58,2,FOOD,3412
6991,8,2,,3413
6992,64,2,FOOD,3413
6993,31,2,HEALTHCARE,3414
6994,58,2,HEALTHCARE,3414
6995,78,2,,3415
6996,23,3,HEALTHCARE,5186
6997,38,5,FOOD,6315
6998,29,1,Unemployed,1009
6999,64,3,FOOD,5186
7000,61,2,Unemployed,3415
7001,61,2,HEALTHCARE,3416
7002,75,4,,5859
7003,10,4,,5860
7004,61,4,FOOD,5860
7005,57,2,FOOD,3416
7006,25,5,HEALTHCARE,6315
7007,57,2,HEALTHCARE,3417
7008,17,2,,3417
7009,26,2,Unemployed,3418
7010,78,4,,5860
7011,16,2,,3418
7012,50,2,HEALTHCARE,3419
7013,54,1,WASTEMANAGEMENT,1010
7014,32,2,HEALTHCARE,3419
7015,28,5,HEALTHCARE,6316
7016,16,1,,1011
7017,57,1,HEALTHCARE,1012
7018,59,2,FOOD,3420
7019,47,1,HEALTHCARE,1013
7020,68,1,,1014
7021,62,2,HEALTHCARE,3420
7022,62,2,HEALTHCARE,3421
7023,64,1,FOOD,1015
7024,10,2,,3421
7025,68,1,,1016
7026,3,1,,1017
7027,12,6,,6525
7028,62,5,HEALTHCARE,6316
7029,54,2,OTHER,3422
7030,1,1,,1018
7031,63,3,HEALTHCARE,5187
7032,75,4,,5860
7033,26,5,HEALTHCARE,6316
7034,79,1,,1019
7035,68,2,,3422
7036,39,1,FOOD,1020
7037,36,2,HEALTHCARE,3423
7038,69,6,,6525
7039,30,5,HEALTHCARE,6316
7040,12,4,,5861
7041,74,5,,6316
7042,29,2,Unemployed,3423
7043,13,2,,3424
7044,25,3,HEALTHCARE,5187
7045,19,1,WASTEMANAGEMENT,1021
7046,33,5,HEALTHCARE,6317
7047,15,1,,1022
7048,67,2,,3424
7049,27,1,FOOD,1023
7050,77,2,,3425
7051,18,2,HEALTHCARE,3425
7052,59,3,FINANCEINSURANCE,5187
7053,19,4,OTHER,5861
7054,48,1,FOOD,1024
7055,38,2,HEALTHCARE,3426
7056,69,1,,1025
7057,64,2,FOOD,3426
7058,57,3,Unemployed,5188
7059,2,2,,3427
7060,16,2,,3427
7061,24,4,Unemployed,5861
7062,34,3,HEALTHCARE,5188
7063,31,2,HEALTHCARE,3428
7064,61,3,FOOD,5188
7065,66,1,,1026
7066,54,6,HEALTHCARE,6525
7067,27,2,HEALTHCARE,3428
7068,70,1,,1027
7069,36,3,HEALTHCARE,5189
7070,48,2,FOOD,3429
7071,72,2,,3429
7072,67,2,,3430
7073,51,4,FOOD,5861
7074,46,6,HEALTHCARE,6525
7075,7,4,,5862
7076,86,1,,1028
7077,43,4,FOOD,5862
7078,65,5,FOOD,6317
7079,61,4,HEALTHCARE,5862
7080,76,4,,5862
7081,61,4,FINANCEINSURANCE,5863
7082,17,6,,6525
7083,90,1,,1029
7084,77,1,,1030
7085,48,1,FOOD,1031
7086,57,1,HEALTHCARE,1032
7087,21,2,FOOD,3430
7088,14,2,,3431
7089,40,1,HEALTHCARE,1033
7090,24,2,HEALTHCARE,3431
7091,28,1,FOOD,1034
7092,64,2,FOOD,3432
7093,69,1,,1035
7094,10,4,,5863
7095,1,4,,5863
7096,50,2,HEALTHCARE,3432
7097,61,2,FOOD,3433
7098,45,2,FOOD,3433
7099,59,3,FOOD,5189
7100,23,3,HEALTHCARE,5189
7101,69,1,,1036
7102,6,5,,6317
7103,40,4,HEALTHCARE,5863
7104,67,3,,5190
7105,44,3,HEALTHCARE,5190
7106,50,2,FOOD,3434
7107,65,2,FOOD,3434
7108,18,2,HEALTHCARE,3435
7109,61,3,HEALTHCARE,5190
7110,74,1,,1037
7111,79,3,,5191
7112,27,1,FOOD,1038
7113,67,2,,3435
7114,26,4,FOOD,5864
7115,42,6,WASTEMANAGEMENT,6526
7116,58,2,FOOD,3436
7117,62,2,HEALTHCARE,3436
7118,55,3,HEALTHCARE,5191
7119,43,1,FOOD,1039
7120,70,4,,5864
7121,23,4,FOOD,5864
7122,69,4,,5864
7123,65,2,HEALTHCARE,3437
7124,29,4,FOOD,5865
7125,11,2,,3437
7126,35,4,FINANCEINSURANCE,5865
7127,16,6,,6526
7128,42,2,HEALTHCARE,3438
7129,42,5,HEALTHCARE,6317
7130,61,6,Unemployed,6526
7131,49,2,WASTEMANAGEMENT,3438
7132,22,2,FOOD,3439
7133,19,3,WASTEMANAGEMENT,5191
7134,58,3,FOOD,5192
7135,35,3,OTHER,5192
7136,42,2,FINANCEINSURANCE,3439
7137,36,4,HEALTHCARE,5865
7138,45,4,Unemployed,5865
7139,70,5,,6317
7140,19,2,FOOD,3440
7141,64,2,HEALTHCARE,3440
7142,8,1,,1040
7143,61,1,Unemployed,1041
7144,38,2,HEALTHCARE,3441
7145,43,4,FOOD,5866
7146,15,4,,5866
7147,55,2,HEALTHCARE,3441
7148,1,4,,5866
7149,15,2,,3442
7150,41,3,OTHER,5192
7151,50,4,FOOD,5866
7152,48,2,FINANCEINSURANCE,3442
7153,60,5,FOOD,6318
7154,73,3,,5193
7155,45,2,FOOD,3443
7156,45,5,HEALTHCARE,6318
7157,30,5,FOOD,6318
7158,44,4,HEALTHCARE,5867
7159,48,6,Unemployed,6526
7160,79,4,,5867
7161,76,5,,6318
7162,52,4,HEALTHCARE,5867
7163,4,1,,1042
7164,35,2,FOOD,3443
7165,39,2,FOOD,3444
7166,22,1,FINANCEINSURANCE,1043
7167,55,3,FINANCEINSURANCE,5193
7168,16,3,,5193
7169,28,2,HEALTHCARE,3444
7170,60,2,HEALTHCARE,3445
7171,86,3,,5194
7172,9,3,,5194
7173,46,6,HEALTHCARE,6526
7174,26,6,HEALTHCARE,6526
7175,51,6,OTHER,6527
7176,32,1,FOOD,1044
7177,60,3,HEALTHCARE,5194
7178,51,5,FINANCEINSURANCE,6318
7179,18,3,FOOD,5195
7180,35,2,FOOD,3445
7181,50,2,HEALTHCARE,3446
7182,66,4,,5867
7183,27,4,HEALTHCARE,5868
7184,15,1,,1045
7185,0,2,,3446
7186,29,1,HEALTHCARE,1046
7187,69,4,,5868
7188,77,4,,5868
7189,36,4,FINANCEINSURANCE,5868
7190,22,2,HEALTHCARE,3447
7191,47,4,HEALTHCARE,5869
7192,48,5,HEALTHCARE,6319
7193,51,2,HEALTHCARE,3447
7194,20,1,FOOD,1047
7195,53,1,FOOD,1048
7196,65,1,FOOD,1049
7197,2,4,,5869
7198,61,5,FOOD,6319
7199,77,1,,1050
7200,36,2,HEALTHCARE,3448
7201,61,5,FOOD,6319
7202,70,2,,3448
7203,13,2,,3449
7204,53,3,FOOD,5195
7205,27,5,HEALTHCARE,6319
7206,43,5,FINANCEINSURANCE,6319
7207,56,2,FOOD,3449
7208,68,3,,5195
7209,33,5,Unemployed,6320
7210,67,2,,3450
7211,2,2,,3450
7212,61,3,HEALTHCARE,5196
7213,39,5,HEALTHCARE,6320
7214,17,2,,3451
7215,83,2,,3451
7216,20,4,FINANCEINSURANCE,5869
7217,45,2,HEALTHCARE,3452
7218,68,2,,3452
7219,55,5,FOOD,6320
7220,34,6,FOOD,6527
7221,15,3,,5196
7222,13,2,,3453
7223,37,6,HEALTHCARE,6527
7224,70,5,,6320
7225,63,1,HEALTHCARE,1051
7226,57,2,OTHER,3453
7227,27,4,HEALTHCARE,5869
7228,57,3,FOOD,5196
7229,76,3,,5197
7230,28,3,HEALTHCARE,5197
7231,33,2,Unemployed,3454
7232,28,2,OTHER,3454
7233,15,3,,5197
7234,26,4,HEALTHCARE,5870
7235,13,2,,3455
7236,72,6,,6527
7237,57,2,HEALTHCARE,3455
7238,71,4,,5870
7239,26,1,FOOD,1052
7240,51,4,FINANCEINSURANCE,5870
7241,39,2,FOOD,3456
7242,18,2,Unemployed,3456
7243,61,4,FOOD,5870
7244,85,4,,5871
7245,34,2,HEALTHCARE,3457
7246,20,2,FOOD,3457
7247,77,5,,6320
7248,49,5,FOOD,6321
7249,23,3,HEALTHCARE,5198
7250,65,2,HEALTHCARE,3458
7251,62,2,HEALTHCARE,3458
7252,62,1,HEALTHCARE,1053
7253,26,4,FOOD,5871
7254,76,2,,3459
7255,4,2,,3459
7256,78,4,,5871
7257,61,5,FOOD,6321
7258,72,2,,3460
7259,29,1,HEALTHCARE,1054
7260,78,5,,6321
7261,35,4,HEALTHCARE,5871
7262,71,6,,6527
7263,51,3,HEALTHCARE,5198
7264,81,2,,3460
7265,10,5,,6321
7266,24,4,Unemployed,5872
7267,67,2,,3461
7268,54,1,HEALTHCARE,1055
7269,18,2,FOOD,3461
7270,5,2,,3462
7271,88,4,,5872
7272,37,6,Unemployed,6527
7273,49,2,HEALTHCARE,3462
7274,25,2,HEALTHCARE,3463
7275,15,2,,3463
7276,54,4,HEALTHCARE,5872
7277,46,1,HEALTHCARE,1056
7278,17,3,,5198
7279,77,4,,5872
7280,67,2,,3464
7281,76,5,,6321
7282,76,5,,6322
7283,65,5,FOOD,6322
7284,46,2,Unemployed,3464
7285,46,2,HEALTHCARE,3465
7286,32,2,HEALTHCARE,3465
7287,56,4,FOOD,5873
7288,1,2,,3466
7289,33,1,HEALTHCARE,1057
7290,41,2,FOOD,3466
7291,44,1,HEALTHCARE,1058
7292,75,3,,5199
7293,40,1,FOOD,1059
7294,64,5,OTHER,6322
7295,76,3,,5199
7296,64,2,HEALTHCARE,3467
7297,55,4,HEALTHCARE,5873
7298,11,4,,5873
7299,67,1,,1060
7300,71,4,,5873
7301,58,4,HEALTHCARE,5874
7302,70,5,,6322
7303,19,4,FOOD,5874
7304,52,2,FOOD,3467
7305,2,2,,3468
7306,56,4,HEALTHCARE,5874
7307,51,2,FOOD,3468
7308,27,4,HEALTHCARE,5874
7309,39,1,HEALTHCARE,1061
7310,15,4,,5875
7311,13,2,,3469
7312,55,2,WASTEMANAGEMENT,3469
7313,88,1,,1062
7314,60,5,FINANCEINSURANCE,6322
7315,64,1,HEALTHCARE,1063
7316,0,1,,1064
7317,56,1,FOOD,1065
7318,63,2,HEALTHCARE,3470
7319,32,4,HEALTHCARE,5875
7320,65,2,HEALTHCARE,3470
7321,73,2,,3471
7322,10,1,,1066
7323,62,2,HEALTHCARE,3471
7324,68,3,,5199
7325,100,1,,1067
7326,75,6,,6528
7327,14,1,,1068
7328,12,6,,6528
7329,73,2,,3472
7330,62,4,HEALTHCARE,5875
7331,79,1,,1069
7332,67,2,,3472
7333,99,4,,5875
7334,8,2,,3473
7335,7,3,,5200
7336,63,1,OTHER,1070
7337,37,3,Unemployed,5200
7338,19,4,FOOD,5876
7339,2,2,,3473
7340,31,2,OTHER,3474
7341,43,2,HEALTHCARE,3474
7342,64,2,FINANCEINSURANCE,3475
7343,66,4,,5876
7344,40,2,HEALTHCARE,3475
7345,50,1,HEALTHCARE,1071
7346,56,2,HEALTHCARE,3476
7347,13,4,,5876
7348,3,2,,3476
7349,35,1,HEALTHCARE,1072
7350,21,3,FOOD,5200
7351,40,1,Unemployed,1073
7352,69,2,,3477
7353,30,1,HEALTHCARE,1074
7354,80,2,,3477
7355,40,1,FINANCEINSURANCE,1075
7356,11,6,,6528
7357,36,3,FINANCEINSURANCE,5201
7358,59,4,FOOD,5876
7359,77,1,,1076
7360,39,2,FOOD,3478
7361,70,2,,3478
7362,36,2,HEALTHCARE,3479
7363,21,5,HEALTHCARE,6323
7364,26,3,HEALTHCARE,5201
7365,13,1,,1077
7366,64,4,HEALTHCARE,5877
7367,57,5,HEALTHCARE,6323
7368,23,2,HEALTHCARE,3479
7369,6,4,,5877
7370,11,1,,1078
7371,13,5,,6323
7372,4,4,,5877
7373,16,2,,3480
7374,46,2,OTHER,3480
7375,98,4,,5877
7376,9,2,,3481
7377,35,6,OTHER,6528
7378,0,4,,5878
7379,63,1,FINANCEINSURANCE,1079
7380,38,4,FOOD,5878
7381,76,2,,3481
7382,63,5,HEALTHCARE,6323
7383,77,3,,5201
7384,21,3,HEALTHCARE,5202
7385,61,5,WASTEMANAGEMENT,6323
7386,50,3,HEALTHCARE,5202
7387,51,4,HEALTHCARE,5878
7388,83,3,,5202
7389,38,1,FOOD,1080
7390,82,1,,1081
7391,55,2,HEALTHCARE,3482
7392,67,2,,3482
7393,19,2,FOOD,3483
7394,6,2,,3483
7395,40,2,WASTEMANAGEMENT,3484
7396,18,1,HEALTHCARE,1082
7397,49,6,HEALTHCARE,6528
7398,47,2,HEALTHCARE,3484
7399,77,3,,5203
7400,26,6,HEALTHCARE,6528
7401,33,2,HEALTHCARE,3485
7402,38,2,FOOD,3485
7403,10,3,,5203
7404,54,2,HEALTHCARE,3486
7405,25,3,HEALTHCARE,5203
7406,20,4,FOOD,5878
7407,12,4,,5879
7408,12,1,,1083
7409,84,3,,5204
7410,45,5,HEALTHCARE,6324
7411,9,2,,3486
7412,1,3,,5204
7413,43,2,FOOD,3487
7414,37,3,HEALTHCARE,5204
7415,68,2,,3487
7416,50,5,HEALTHCARE,6324
7417,69,4,,5879
7418,49,4,HEALTHCARE,5879
7419,97,6,,6529
7420,40,2,FOOD,3488
7421,78,1,,1084
7422,10,2,,3488
7423,76,2,,3489
7424,13,2,,3489
7425,24,2,HEALTHCARE,3490
7426,96,2,,3490
7427,44,2,FOOD,3491
7428,58,2,HEALTHCARE,3491
7429,70,2,,3492
7430,46,3,FINANCEINSURANCE,5205
7431,56,6,Unemployed,6529
7432,18,3,HEALTHCARE,5205
7433,92,1,,1085
7434,64,3,FOOD,5205
7435,65,5,HEALTHCARE,6324
7436,9,4,,5879
7437,37,2,FOOD,3492
7438,3,2,,3493
7439,77,1,,1086
7440,39,4,FOOD,5880
7441,56,2,HEALTHCARE,3493
7442,0,2,,3494
7443,67,2,,3494
7444,50,4,FOOD,5880
7445,35,2,FOOD,3495
7446,4,2,,3495
7447,62,6,HEALTHCARE,6529
7448,32,3,HEALTHCARE,5206
7449,13,5,,6324
7450,19,2,Unemployed,3496
7451,2,1,,1087
7452,8,2,,3496
7453,10,2,,3497
7454,6,2,,3497
7455,27,6,FOOD,6529
7456,61,6,HEALTHCARE,6529
7457,87,3,,5206
7458,91,4,,5880
7459,85,2,,3498
7460,57,2,FOOD,3498
7461,32,3,FOOD,5206
7462,43,5,HEALTHCARE,6324
7463,9,5,,6325
7464,6,6,,6529
7465,31,4,FOOD,5880
7466,39,2,FOOD,3499
7467,5,2,,3499
7468,6,3,,5207
7469,53,1,FINANCEINSURANCE,1088
7470,70,2,,3500
7471,68,3,,5207
7472,21,2,HEALTHCARE,3500
7473,11,1,,1089
7474,21,3,Unemployed,5207
7475,3,6,,6530
7476,47,4,HEALTHCARE,5881
7477,8,2,,3501
7478,13,2,,3501
7479,18,2,HEALTHCARE,3502
7480,27,5,HEALTHCARE,6325
7481,70,1,,1090
7482,15,3,,5208
7483,4,4,,5881
7484,17,2,,3502
7485,31,2,Unemployed,3503
7486,17,4,,5881
7487,79,5,,6325
7488,57,2,HEALTHCARE,3503
7489,22,2,FOOD,3504
7490,31,2,OTHER,3504
7491,47,1,FOOD,1091
7492,70,1,,1092
7493,29,1,Unemployed,1093
7494,62,2,HEALTHCARE,3505
7495,64,5,FOOD,6325
7496,79,3,,5208
7497,90,6,,6530
7498,54,2,FINANCEINSURANCE,3505
7499,76,2,,3506
7500,27,5,FOOD,6325
7501,52,4,HEALTHCARE,5881
7502,10,2,,3506
7503,27,4,HEALTHCARE,5882
7504,71,2,,3507
7505,58,2,HEALTHCARE,3507
7506,61,2,HEALTHCARE,3508
7507,65,2,FINANCEINSURANCE,3508
7508,57,5,Unemployed,6326
7509,76,5,,6326
7510,79,3,,5208
7511,68,4,,5882
7512,60,1,Unemployed,1094
7513,53,1,FINANCEINSURANCE,1095
7514,66,2,,3509
7515,52,4,HEALTHCARE,5882
7516,47,4,FOOD,5882
7517,60,2,Unemployed,3509
7518,56,2,OTHER,3510
7519,58,1,FOOD,1096
7520,18,4,HEALTHCARE,5883
7521,46,3,FOOD,5209
7522,23,1,FOOD,1097
7523,31,2,HEALTHCARE,3510
7524,65,4,FOOD,5883
7525,61,5,OTHER,6326
7526,55,1,Unemployed,1098
7527,21,4,HEALTHCARE,5883
7528,49,2,HEALTHCARE,3511
7529,20,2,HEALTHCARE,3511
7530,65,1,HEALTHCARE,1099
7531,24,5,FOOD,6326
7532,44,2,FOOD,3512
7533,59,1,HEALTHCARE,1100
7534,75,4,,5883
7535,61,1,HEALTHCARE,1101
7536,68,3,,5209
7537,16,2,,3512
7538,90,2,,3513
7539,68,2,,3513
7540,53,3,FINANCEINSURANCE,5209
7541,50,1,HEALTHCARE,1102
7542,65,2,HEALTHCARE,3514
7543,43,4,HEALTHCARE,5884
7544,39,2,HEALTHCARE,3514
7545,64,3,HEALTHCARE,5210
7546,51,4,FOOD,5884
7547,37,2,HEALTHCARE,3515
7548,97,5,,6326
7549,5,2,,3515
7550,44,3,FOOD,5210
7551,27,2,HEALTHCARE,3516
7552,30,2,OTHER,3516
7553,63,4,HEALTHCARE,5884
7554,67,2,,3517
7555,76,2,,3517
7556,20,3,HEALTHCARE,5210
7557,7,5,,6327
7558,18,3,FOOD,5211
7559,71,2,,3518
7560,78,6,,6530
7561,76,4,,5884
7562,68,2,,3518
7563,4,2,,3519
7564,12,3,,5211
7565,59,3,FOOD,5211
7566,57,5,HEALTHCARE,6327
7567,95,3,,5212
7568,58,2,FINANCEINSURANCE,3519
7569,28,6,HEALTHCARE,6530
7570,39,2,FINANCEINSURANCE,3520
7571,60,2,HEALTHCARE,3520
7572,66,1,,1103
7573,47,3,HEALTHCARE,5212
7574,0,2,,3521
7575,40,5,FOOD,6327
7576,64,4,HEALTHCARE,5885
7577,11,2,,3521
7578,57,5,HEALTHCARE,6327
7579,52,1,HEALTHCARE,1104
7580,14,2,,3522
7581,50,2,WASTEMANAGEMENT,3522
7582,20,5,Unemployed,6327
7583,14,1,,1105
7584,52,5,HEALTHCARE,6328
7585,71,1,,1106
7586,46,2,HEALTHCARE,3523
7587,56,2,HEALTHCARE,3523
7588,27,2,HEALTHCARE,3524
7589,62,5,FOOD,6328
7590,10,2,,3524
7591,44,5,OTHER,6328
7592,32,3,HEALTHCARE,5212
7593,60,3,HEALTHCARE,5213
7594,10,2,,3525
7595,43,4,FOOD,5885
7596,74,5,,6328
7597,62,5,FINANCEINSURANCE,6328
7598,21,2,WASTEMANAGEMENT,3525
7599,64,5,HEALTHCARE,6329
7600,68,4,,5885
7601,23,2,FOOD,3526
7602,57,4,HEALTHCARE,5885
7603,0,2,,3526
7604,98,4,,5886
7605,42,5,FOOD,6329
7606,83,5,,6329
7607,7,2,,3527
7608,44,1,HEALTHCARE,1107
7609,61,2,HEALTHCARE,3527
7610,63,3,FINANCEINSURANCE,5213
7611,40,3,HEALTHCARE,5213
7612,50,5,HEALTHCARE,6329
7613,72,4,,5886
7614,38,2,HEALTHCARE,3528
7615,91,3,,5214
7616,4,5,,6329
7617,65,2,FOOD,3528
7618,66,4,,5886
7619,8,1,,1108
7620,99,1,,1109
7621,27,2,FOOD,3529
7622,1,1,,1110
7623,23,2,HEALTHCARE,3529
7624,2,3,,5214
7625,71,2,,3530
7626,12,2,,3530
7627,33,2,HEALTHCARE,3531
7628,37,2,HEALTHCARE,3531
7629,27,2,FOOD,3532
7630,8,2,,3532
7631,68,3,,5214
7632,22,1,HEALTHCARE,1111
7633,42,1,HEALTHCARE,1112
7634,38,5,Unemployed,6330
7635,82,2,,3533
7636,10,2,,3533
7637,39,4,FOOD,5886
7638,68,4,,5887
7639,40,2,FINANCEINSURANCE,3534
7640,44,4,HEALTHCARE,5887
7641,50,4,FINANCEINSURANCE,5887
7642,33,6,FINANCEINSURANCE,6530
7643,39,2,FINANCEINSURANCE,3534
7644,47,2,HEALTHCARE,3535
7645,65,1,FOOD,1113
7646,69,2,,3535
7647,18,2,FOOD,3536
7648,59,4,Unemployed,5887
7649,53,2,HEALTHCARE,3536
7650,50,3,FOOD,5215
7651,11,3,,5215
7652,76,2,,3537
7653,23,4,HEALTHCARE,5888
7654,40,5,HEALTHCARE,6330
7655,34,2,HEALTHCARE,3537
7656,67,2,,3538
7657,88,2,,3538
7658,59,4,HEALTHCARE,5888
7659,26,2,FOOD,3539
7660,38,4,FOOD,5888
7661,66,4,,5888
7662,72,3,,5215
7663,69,1,,1114
7664,13,1,,1115
7665,73,3,,5216
7666,64,2,FOOD,3539
7667,15,4,,5889
7668,24,4,FOOD,5889
7669,67,3,,5216
7670,66,5,,6330
7671,78,2,,3540
7672,72,1,,1116
7673,48,2,Unemployed,3540
7674,3,5,,6330
7675,20,1,FOOD,1117
7676,90,5,,6330
7677,33,4,FOOD,5889
7678,59,2,HEALTHCARE,3541
7679,10,5,,6331
7680,53,2,WASTEMANAGEMENT,3541
7681,39,6,FOOD,6530
7682,48,4,HEALTHCARE,5889
7683,14,6,,6531
7684,17,3,,5216
7685,25,3,FOOD,5217
7686,59,2,HEALTHCARE,3542
7687,17,2,,3542
7688,29,3,HEALTHCARE,5217
7689,31,5,WASTEMANAGEMENT,6331
7690,67,2,,3543
7691,56,3,FINANCEINSURANCE,5217
7692,6,2,,3543
7693,33,3,FOOD,5218
7694,67,2,,3544
7695,78,2,,3544
7696,6,2,,3545
7697,11,2,,3545
7698,76,2,,3546
7699,23,5,HEALTHCARE,6331
7700,62,2,WASTEMANAGEMENT,3546
7701,58,1,FOOD,1118
7702,18,3,Unemployed,5218
7703,28,3,HEALTHCARE,5218
7704,29,2,HEALTHCARE,3547
7705,44,1,HEALTHCARE,1119
7706,73,3,,5219
7707,25,4,Unemployed,5890
7708,61,1,HEALTHCARE,1120
7709,60,6,HEALTHCARE,6531
7710,76,2,,3547
7711,63,2,HEALTHCARE,3548
7712,40,4,HEALTHCARE,5890
7713,66,2,,3548
7714,15,4,,5890
7715,41,1,WASTEMANAGEMENT,1121
7716,48,3,HEALTHCARE,5219
7717,12,5,,6331
7718,33,4,FOOD,5890
7719,45,2,HEALTHCARE,3549
7720,60,2,FOOD,3549
7721,28,4,FOOD,5891
7722,56,2,Unemployed,3550
7723,36,1,FINANCEINSURANCE,1122
7724,58,3,FOOD,5219
7725,21,2,OTHER,3550
7726,67,5,,6331
7727,21,3,HEALTHCARE,5220
7728,24,1,Unemployed,1123
7729,88,6,,6531
7730,40,2,HEALTHCARE,3551
7731,51,4,FOOD,5891
7732,54,2,FOOD,3551
7733,34,2,HEALTHCARE,3552
7734,48,2,OTHER,3552
7735,42,1,HEALTHCARE,1124
7736,77,2,,3553
7737,57,4,HEALTHCARE,5891
7738,62,1,FOOD,1125
7739,15,2,,3553
7740,3,4,,5891
7741,46,2,HEALTHCARE,3554
7742,59,2,HEALTHCARE,3554
7743,47,4,HEALTHCARE,5892
7744,32,3,FOOD,5220
7745,24,1,HEALTHCARE,1126
7746,70,4,,5892
7747,56,4,WASTEMANAGEMENT,5892
7748,57,3,HEALTHCARE,5220
7749,55,3,Unemployed,5221
7750,32,6,HEALTHCARE,6531
7751,3,4,,5892
7752,54,2,FOOD,3555
7753,68,5,,6332
7754,65,1,HEALTHCARE,1127
7755,31,2,HEALTHCARE,3555
7756,52,1,HEALTHCARE,1128
7757,40,6,HEALTHCARE,6531
7758,74,4,,5893
7759,55,3,HEALTHCARE,5221
7760,34,1,FOOD,1129
7761,11,3,,5221
7762,5,4,,5893
7763,54,6,FINANCEINSURANCE,6531
7764,47,2,HEALTHCARE,3556
7765,38,2,FOOD,3556
7766,1,3,,5222
7767,1,2,,3557
7768,91,6,,6532
7769,4,5,,6332
7770,30,4,FOOD,5893
7771,6,2,,3557
7772,30,1,HEALTHCARE,1130
7773,26,2,HEALTHCARE,3558
7774,54,5,HEALTHCARE,6332
7775,3,4,,5893
7776,62,3,OTHER,5222
7777,74,5,,6332
7778,23,5,HEALTHCARE,6332
7779,34,4,FOOD,5894
7780,41,2,OTHER,3558
7781,75,3,,5222
7782,77,6,,6532
7783,52,5,FOOD,6333
7784,68,3,,5223
7785,65,2,HEALTHCARE,3559
7786,68,3,,5223
7787,5,2,,3559
7788,2,4,,5894
7789,77,4,,5894
7790,74,3,,5223
7791,4,2,,3560
7792,69,2,,3560
7793,51,2,FINANCEINSURANCE,3561
7794,41,2,FOOD,3561
7795,88,1,,1131
7796,18,4,HEALTHCARE,5894
7797,42,2,WASTEMANAGEMENT,3562
7798,48,4,FOOD,5895
7799,16,1,,1132
7800,60,4,HEALTHCARE,5895
7801,23,4,HEALTHCARE,5895
7802,68,5,,6333
7803,65,2,FOOD,3562
7804,46,2,HEALTHCARE,3563
7805,20,2,FOOD,3563
7806,61,4,FOOD,5895
7807,42,2,OTHER,3564
7808,1,4,,5896
7809,35,5,FOOD,6333
7810,62,2,FOOD,3564
7811,77,1,,1133
7812,37,3,WASTEMANAGEMENT,5224
7813,67,2,,3565
7814,78,2,,3565
7815,64,2,FOOD,3566
7816,62,3,FOOD,5224
7817,71,2,,3566
7818,26,1,FOOD,1134
7819,2,2,,3567
7820,35,3,FOOD,5224
7821,68,3,,5225
7822,44,2,OTHER,3567
7823,2,2,,3568
7824,97,1,,1135
7825,9,2,,3568
7826,61,2,HEALTHCARE,3569
7827,10,2,,3569
7828,55,2,FOOD,3570
7829,73,4,,5896
7830,79,2,,3570
7831,55,2,HEALTHCARE,3571
7832,67,3,,5225
7833,27,4,FINANCEINSURANCE,5896
7834,16,1,,1136
7835,32,4,FINANCEINSURANCE,5896
7836,70,2,,3571
7837,34,2,HEALTHCARE,3572
7838,48,2,OTHER,3572
7839,11,4,,5897
7840,60,2,FOOD,3573
7841,17,2,,3573
7842,78,6,,6532
7843,53,2,HEALTHCARE,3574
7844,62,4,HEALTHCARE,5897
7845,21,2,Unemployed,3574
7846,0,4,,5897
7847,2,2,,3575
7848,65,3,HEALTHCARE,5225
7849,69,1,,1137
7850,42,3,HEALTHCARE,5226
7851,72,2,,3575
7852,72,3,,5226
7853,78,2,,3576
7854,60,2,HEALTHCARE,3576
7855,32,4,HEALTHCARE,5897
7856,61,4,HEALTHCARE,5898
7857,79,4,,5898
7858,77,2,,3577
7859,38,1,Unemployed,1138
7860,80,5,,6333
7861,2,4,,5898
7862,61,4,OTHER,5898
7863,28,2,Unemployed,3577
7864,69,3,,5226
7865,19,1,FOOD,1139
7866,25,6,HEALTHCARE,6532
7867,10,4,,5899
7868,8,1,,1140
7869,22,1,HEALTHCARE,1141
7870,38,5,HEALTHCARE,6333
7871,73,5,,6334
7872,28,2,FOOD,3578
7873,66,5,,6334
7874,60,2,FOOD,3578
7875,70,1,,1142
7876,56,2,HEALTHCARE,3579
7877,63,4,HEALTHCARE,5899
7878,0,3,,5227
7879,70,2,,3579
7880,53,2,FOOD,3580
7881,46,2,HEALTHCARE,3580
7882,3,5,,6334
7883,10,2,,3581
7884,52,3,FOOD,5227
7885,86,3,,5227
7886,35,3,HEALTHCARE,5228
7887,11,5,,6334
7888,75,2,,3581
7889,20,4,HEALTHCARE,5899
7890,68,2,,3582
7891,31,3,FINANCEINSURANCE,5228
7892,19,2,FOOD,3582
7893,3,2,,3583
7894,64,5,HEALTHCARE,6334
7895,54,2,FOOD,3583
7896,53,3,FOOD,5228
7897,39,6,HEALTHCARE,6532
7898,71,4,,5899
7899,74,2,,3584
7900,21,4,HEALTHCARE,5900
7901,26,2,HEALTHCARE,3584
7902,45,2,FOOD,3585
7903,2,6,,6532
7904,77,3,,5229
7905,32,2,HEALTHCARE,3585
7906,64,5,HEALTHCARE,6335
7907,10,3,,5229
7908,3,3,,5229
7909,0,4,,5900
7910,21,3,FOOD,5230
7911,61,2,Unemployed,3586
7912,90,1,,1143
7913,16,4,,5900
7914,24,3,FINANCEINSURANCE,5230
7915,57,2,FOOD,3586
7916,78,6,,6533
7917,66,2,,3587
7918,41,4,HEALTHCARE,5900
7919,61,3,HEALTHCARE,5230
7920,54,3,Unemployed,5231
7921,23,2,FOOD,3587
7922,63,4,FINANCEINSURANCE,5901
7923,43,2,OTHER,3588
7924,63,5,HEALTHCARE,6335
7925,6,2,,3588
7926,33,4,FOOD,5901
7927,54,3,FOOD,5231
7928,53,1,HEALTHCARE,1144
7929,21,5,HEALTHCARE,6335
7930,30,4,FOOD,5901
7931,24,6,Unemployed,6533
7932,73,3,,5231
7933,74,2,,3589
7934,93,3,,5232
7935,58,2,HEALTHCARE,3589
7936,53,2,FOOD,3590
7937,4,2,,3590
7938,36,3,HEALTHCARE,5232
7939,50,2,HEALTHCARE,3591
7940,70,2,,3591
7941,58,2,FOOD,3592
7942,48,4,FOOD,5901
7943,58,3,HEALTHCARE,5232
7944,67,1,,1145
7945,50,2,HEALTHCARE,3592
7946,46,5,HEALTHCARE,6335
7947,44,2,FOOD,3593
7948,61,3,FINANCEINSURANCE,5233
7949,26,5,HEALTHCARE,6335
7950,19,2,HEALTHCARE,3593
7951,55,2,HEALTHCARE,3594
7952,9,2,,3594
7953,49,2,FOOD,3595
7954,82,2,,3595
7955,64,1,HEALTHCARE,1146
7956,57,2,HEALTHCARE,3596
7957,82,2,,3596
7958,27,2,HEALTHCARE,3597
7959,14,2,,3597
7960,79,3,,5233
7961,37,6,HEALTHCARE,6533
7962,60,2,HEALTHCARE,3598
7963,30,1,HEALTHCARE,1147
7964,80,2,,3598
7965,73,1,,1148
7966,63,1,FINANCEINSURANCE,1149
7967,37,2,FOOD,3599
7968,57,5,FOOD,6336
7969,62,5,HEALTHCARE,6336
7970,29,2,HEALTHCARE,3599
7971,21,3,HEALTHCARE,5233
7972,33,2,FOOD,3600
7973,41,1,HEALTHCARE,1150
7974,29,4,HEALTHCARE,5902
7975,35,6,FOOD,6533
7976,29,4,Unemployed,5902
7977,58,3,Unemployed,5234
7978,79,2,,3600
7979,72,5,,6336
7980,64,2,HEALTHCARE,3601
7981,78,2,,3601
7982,60,3,Unemployed,5234
7983,62,5,HEALTHCARE,6336
7984,77,2,,3602
7985,57,1,OTHER,1151
7986,61,5,FOOD,6336
7987,6,2,,3602
7988,66,3,,5234
7989,78,4,,5902
7990,57,5,FOOD,6337
7991,44,2,FOOD,3603
7992,47,1,Unemployed,1152
7993,62,4,HEALTHCARE,5902
7994,51,2,HEALTHCARE,3603
7995,69,1,,1153
7996,72,2,,3604
7997,41,5,OTHER,6337
7998,29,2,OTHER,3604
7999,46,2,FOOD,3605
8000,20,4,WASTEMANAGEMENT,5903
8001,50,4,FOOD,5903
8002,99,1,,1154
8003,0,4,,5903
8004,7,4,,5903
8005,36,5,HEALTHCARE,6337
8006,66,4,,5904
8007,78,2,,3605
8008,16,1,,1155
8009,9,5,,6337
8010,1,2,,3606
8011,46,3,HEALTHCARE,5235
8012,67,2,,3606
8013,21,2,FOOD,3607
8014,71,3,,5235
8015,52,2,FOOD,3607
8016,14,2,,3608
8017,68,2,,3608
8018,21,2,FOOD,3609
8019,9,3,,5235
8020,18,2,HEALTHCARE,3609
8021,60,2,HEALTHCARE,3610
8022,74,6,,6533
8023,33,6,FINANCEINSURANCE,6533
8024,9,3,,5236
8025,21,4,Unemployed,5904
8026,72,2,,3610
8027,22,2,HEALTHCARE,3611
8028,10,2,,3611
8029,45,4,HEALTHCARE,5904
8030,23,5,HEALTHCARE,6337
8031,33,2,HEALTHCARE,3612
8032,36,5,FOOD,6338
8033,69,2,,3612
8034,73,2,,3613
8035,57,3,WASTEMANAGEMENT,5236
8036,12,3,,5236
8037,78,2,,3613
8038,60,4,HEALTHCARE,5904
8039,64,4,HEALTHCARE,5905
8040,18,3,HEALTHCARE,5237
8041,25,2,FOOD,3614
8042,19,2,FOOD,3614
8043,69,4,,5905
8044,64,2,FOOD,3615
8045,78,2,,3615
8046,73,4,,5905
8047,12,1,,1156
8048,46,2,FOOD,3616
8049,12,1,,1157
8050,1,6,,6534
8051,23,2,HEALTHCARE,3616
8052,60,2,Unemployed,3617
8053,44,2,FOOD,3617
8054,58,3,FOOD,5237
8055,57,1,HEALTHCARE,1158
8056,67,1,,1159
8057,99,1,,1160
8058,16,2,,3618
8059,61,3,Unemployed,5237
8060,47,2,HEALTHCARE,3618
8061,42,6,HEALTHCARE,6534
8062,78,2,,3619
8063,24,6,HEALTHCARE,6534
8064,8,2,,3619
8065,66,6,,6534
8066,56,2,HEALTHCARE,3620
8067,0,2,,3620
8068,78,4,,5905
8069,19,2,HEALTHCARE,3621
8070,4,3,,5238
8071,78,4,,5906
8072,38,4,OTHER,5906
8073,64,4,FINANCEINSURANCE,5906
8074,79,6,,6534
8075,61,4,HEALTHCARE,5906
8076,61,1,HEALTHCARE,1161
8077,71,2,,3621
8078,65,2,HEALTHCARE,3622
8079,78,4,,5907
8080,62,4,HEALTHCARE,5907
8081,40,2,FOOD,3622
8082,14,2,,3623
8083,16,2,,3623
8084,3,2,,3624
8085,66,1,,1162
8086,37,5,FINANCEINSURANCE,6338
8087,46,1,HEALTHCARE,1163
8088,3,2,,3624
8089,69,2,,3625
8090,69,3,,5238
8091,45,4,HEALTHCARE,5907
8092,95,2,,3625
8093,57,5,HEALTHCARE,6338
8094,25,4,FINANCEINSURANCE,5907
8095,37,1,HEALTHCARE,1164
8096,35,4,HEALTHCARE,5908
8097,66,2,,3626
8098,20,1,HEALTHCARE,1165
8099,47,6,FINANCEINSURANCE,6534
8100,36,5,FOOD,6338
8101,67,2,,3626
8102,68,2,,3627
8103,4,2,,3627
8104,5,4,,5908
8105,58,4,FOOD,5908
8106,65,1,HEALTHCARE,1166
8107,63,1,HEALTHCARE,1167
8108,52,3,FOOD,5238
8109,31,5,FOOD,6338
8110,18,4,HEALTHCARE,5908
8111,29,2,HEALTHCARE,3628
8112,38,3,HEALTHCARE,5239
8113,69,3,,5239
8114,50,2,HEALTHCARE,3628
8115,35,3,FOOD,5239
8116,70,2,,3629
8117,38,3,HEALTHCARE,5240
8118,1,1,,1168
8119,59,2,HEALTHCARE,3629
8120,67,2,,3630
8121,70,3,,5240
8122,34,2,FINANCEINSURANCE,3630
8123,89,2,,3631
8124,68,4,,5909
8125,37,1,OTHER,1169
8126,62,3,HEALTHCARE,5240
8127,39,2,Unemployed,3631
8128,52,4,HEALTHCARE,5909
8129,62,4,FOOD,5909
8130,10,1,,1170
8131,65,2,FOOD,3632
8132,37,4,HEALTHCARE,5909
8133,54,4,HEALTHCARE,5910
8134,92,4,,5910
8135,57,1,FOOD,1171
8136,27,4,HEALTHCARE,5910
8137,32,2,HEALTHCARE,3632
8138,14,1,,1172
8139,61,4,HEALTHCARE,5910
8140,50,1,FOOD,1173
8141,63,2,HEALTHCARE,3633
8142,51,1,Unemployed,1174
8143,15,2,,3633
8144,55,1,HEALTHCARE,1175
8145,23,1,FINANCEINSURANCE,1176
8146,32,2,HEALTHCARE,3634
8147,8,1,,1177
8148,20,4,HEALTHCARE,5911
8149,53,2,FINANCEINSURANCE,3634
8150,76,5,,6339
8151,17,6,,6535
8152,62,2,HEALTHCARE,3635
8153,28,3,HEALTHCARE,5241
8154,63,4,HEALTHCARE,5911
8155,74,3,,5241
8156,71,5,,6339
8157,17,1,,1178
8158,59,1,HEALTHCARE,1179
8159,56,3,FOOD,5241
8160,51,4,FOOD,5911
8161,61,2,HEALTHCARE,3635
8162,16,3,,5242
8163,40,2,HEALTHCARE,3636
8164,38,1,FINANCEINSURANCE,1180
8165,27,3,FOOD,5242
8166,56,3,HEALTHCARE,5242
8167,59,5,FOOD,6339
8168,66,2,,3636
8169,71,2,,3637
8170,6,2,,3637
8171,27,2,FOOD,3638
8172,55,2,FOOD,3638
8173,67,4,,5911
8174,71,3,,5243
8175,27,2,FOOD,3639
8176,19,2,HEALTHCARE,3639
8177,67,4,,5912
8178,19,5,FOOD,6339
8179,92,4,,5912
8180,50,6,HEALTHCARE,6535
8181,60,3,HEALTHCARE,5243
8182,13,3,,5243
8183,43,3,HEALTHCARE,5244
8184,70,3,,5244
8185,14,2,,3640
8186,30,4,FOOD,5912
8187,39,2,OTHER,3640
8188,15,2,,3641
8189,80,6,,6535
8190,49,4,FOOD,5912
8191,13,3,,5244
8192,54,5,FINANCEINSURANCE,6339
8193,6,4,,5913
8194,6,2,,3641
8195,18,2,FOOD,3642
8196,76,2,,3642
8197,8,4,,5913
8198,6,2,,3643
8199,8,6,,6535
8200,45,2,HEALTHCARE,3643
8201,39,3,FOOD,5245
8202,33,2,HEALTHCARE,3644
8203,77,1,,1181
8204,44,4,FINANCEINSURANCE,5913
8205,53,3,FOOD,5245
8206,67,1,,1182
8207,68,5,,6340
8208,83,6,,6535
8209,67,5,,6340
8210,57,4,HEALTHCARE,5913
8211,51,2,FOOD,3644
8212,93,2,,3645
8213,78,2,,3645
8214,30,2,FINANCEINSURANCE,3646
8215,93,2,,3646
8216,62,2,HEALTHCARE,3647
8217,46,4,HEALTHCARE,5914
8218,26,6,HEALTHCARE,6535
8219,62,2,HEALTHCARE,3647
8220,1,2,,3648
8221,74,4,,5914
8222,18,6,FOOD,6536
8223,86,3,,5245
8224,0,3,,5246
8225,42,4,HEALTHCARE,5914
8226,28,2,FOOD,3648
8227,17,4,,5914
8228,7,4,,5915
8229,62,2,WASTEMANAGEMENT,3649
8230,60,4,HEALTHCARE,5915
8231,16,1,,1183
8232,65,2,HEALTHCARE,3649
8233,86,5,,6340
8234,45,3,FINANCEINSURANCE,5246
8235,59,3,HEALTHCARE,5246
8236,74,1,,1184
8237,6,5,,6340
8238,71,6,,6536
8239,4,5,,6340
8240,1,1,,1185
8241,45,6,HEALTHCARE,6536
8242,57,2,FOOD,3650
8243,27,3,FOOD,5247
8244,69,2,,3650
8245,52,2,HEALTHCARE,3651
8246,39,2,FOOD,3651
8247,44,5,HEALTHCARE,6341
8248,62,2,Unemployed,3652
8249,43,3,HEALTHCARE,5247
8250,52,2,FOOD,3652
8251,88,5,,6341
8252,99,5,,6341
8253,37,2,FOOD,3653
8254,72,2,,3653
8255,3,5,,6341
8256,28,4,OTHER,5915
8257,59,2,HEALTHCARE,3654
8258,79,1,,1186
8259,4,5,,6341
8260,49,4,FINANCEINSURANCE,5915
8261,37,3,FOOD,5247
8262,18,4,OTHER,5916
8263,49,3,HEALTHCARE,5248
8264,51,1,Unemployed,1187
8265,10,2,,3654
8266,69,6,,6536
8267,56,4,HEALTHCARE,5916
8268,62,4,FINANCEINSURANCE,5916
8269,46,2,HEALTHCARE,3655
8270,52,2,Unemployed,3655
8271,61,1,HEALTHCARE,1188
8272,72,4,,5916
8273,56,6,HEALTHCARE,6536
8274,43,5,HEALTHCARE,6342
8275,63,4,WASTEMANAGEMENT,5917
8276,62,1,HEALTHCARE,1189
8277,52,2,HEALTHCARE,3656
8278,71,1,,1190
8279,12,2,,3656
8280,80,3,,5248
8281,57,2,HEALTHCARE,3657
8282,43,1,FOOD,1191
8283,55,2,FOOD,3657
8284,1,2,,3658
8285,21,3,HEALTHCARE,5248
8286,73,4,,5917
8287,15,6,,6536
8288,61,2,HEALTHCARE,3658
8289,5,3,,5249
8290,20,3,OTHER,5249
8291,27,3,HEALTHCARE,5249
8292,29,3,Unemployed,5250
8293,60,6,HEALTHCARE,6537
8294,63,2,HEALTHCARE,3659
8295,66,4,,5917
8296,15,2,,3659
8297,79,4,,5917
8298,19,4,HEALTHCARE,5918
8299,65,1,HEALTHCARE,1192
8300,69,5,,6342
8301,62,2,FOOD,3660
8302,66,2,,3660
8303,13,2,,3661
8304,56,1,FOOD,1193
8305,42,1,FOOD,1194
8306,5,2,,3661
8307,8,2,,3662
8308,58,2,HEALTHCARE,3662
8309,1,1,,1195
8310,68,5,,6342
8311,6,2,,3663
8312,54,3,FOOD,5250
8313,69,3,,5250
8314,77,2,,3663
8315,2,3,,5251
8316,28,1,Unemployed,1196
8317,57,3,FINANCEINSURANCE,5251
8318,3,6,,6537
8319,69,1,,1197
8320,2,1,,1198
8321,67,2,,3664
8322,51,2,HEALTHCARE,3664
8323,56,1,FOOD,1199
8324,38,6,Unemployed,6537
8325,18,3,FOOD,5251
8326,67,2,,3665
8327,42,2,FOOD,3665
8328,64,4,HEALTHCARE,5918
8329,74,3,,5252
8330,43,3,HEALTHCARE,5252
8331,11,6,,6537
8332,63,2,FOOD,3666
8333,21,2,FOOD,3666
8334,62,1,Unemployed,1200
8335,75,6,,6537
8336,36,3,HEALTHCARE,5252
8337,46,2,HEALTHCARE,3667
8338,33,1,FINANCEINSURANCE,1201
8339,1,2,,3667
8340,45,4,FOOD,5918
8341,11,6,,6537
8342,73,6,,6538
8343,40,2,WASTEMANAGEMENT,3668
8344,63,2,FOOD,3668
8345,79,6,,6538
8346,11,5,,6342
8347,46,2,HEALTHCARE,3669
8348,8,2,,3669
8349,89,1,,1202
8350,37,2,HEALTHCARE,3670
8351,57,2,HEALTHCARE,3670
8352,64,5,FOOD,6342
8353,61,2,FOOD,3671
8354,58,3,OTHER,5253
8355,18,3,FINANCEINSURANCE,5253
8356,68,2,,3671
8357,24,2,HEALTHCARE,3672
8358,48,2,HEALTHCARE,3672
8359,27,4,HEALTHCARE,5918
8360,68,4,,5919
8361,9,4,,5919
8362,64,4,FOOD,5919
8363,73,2,,3673
8364,37,6,WASTEMANAGEMENT,6538
8365,85,3,,5253
8366,61,1,HEALTHCARE,1203
8367,26,3,OTHER,5254
8368,63,2,FINANCEINSURANCE,3673
8369,8,4,,5919
8370,43,2,FOOD,3674
8371,47,2,HEALTHCARE,3674
8372,4,4,,5920
8373,33,2,FOOD,3675
8374,41,3,FOOD,5254
8375,27,6,HEALTHCARE,6538
8376,48,2,HEALTHCARE,3675
8377,72,1,,1204
8378,17,1,,1205
8379,29,2,FOOD,3676
8380,2,2,,3676
8381,34,3,Unemployed,5254
8382,62,2,HEALTHCARE,3677
8383,16,1,,1206
8384,77,2,,3677
8385,43,5,HEALTHCARE,6343
8386,62,5,HEALTHCARE,6343
8387,35,3,HEALTHCARE,5255
8388,53,4,FOOD,5920
8389,67,4,,5920
8390,77,1,,1207
8391,70,5,,6343
8392,29,1,OTHER,1208
8393,52,3,OTHER,5255
8394,62,2,FOOD,3678
8395,75,3,,5255
8396,47,2,HEALTHCARE,3678
8397,27,2,OTHER,3679
8398,53,3,FOOD,5256
8399,64,6,HEALTHCARE,6538
8400,20,4,Unemployed,5920
8401,29,3,HEALTHCARE,5256
8402,49,2,HEALTHCARE,3679
8403,53,3,HEALTHCARE,5256
8404,9,1,,1209
8405,74,5,,6343
8406,3,2,,3680
8407,57,5,HEALTHCARE,6343
8408,46,3,HEALTHCARE,5257
8409,78,4,,5921
8410,43,2,HEALTHCARE,3680
8411,49,1,WASTEMANAGEMENT,1210
8412,71,5,,6344
8413,0,4,,5921
8414,94,6,,6538
8415,47,3,OTHER,5257
8416,61,4,FOOD,5921
8417,19,4,HEALTHCARE,5921
8418,19,2,Unemployed,3681
8419,6,4,,5922
8420,16,2,,3681
8421,42,1,HEALTHCARE,1211
8422,35,2,FOOD,3682
8423,41,4,FOOD,5922
8424,72,4,,5922
8425,56,4,HEALTHCARE,5922
8426,30,1,HEALTHCARE,1212
8427,67,1,,1213
8428,16,2,,3682
8429,56,5,HEALTHCARE,6344
8430,77,5,,6344
8431,1,1,,1214
8432,68,4,,5923
8433,79,3,,5257
8434,66,3,,5258
8435,73,3,,5258
8436,54,2,Unemployed,3683
8437,40,5,FOOD,6344
8438,59,2,FOOD,3683
8439,82,2,,3684
8440,55,1,HEALTHCARE,1215
8441,62,6,HEALTHCARE,6539
8442,68,3,,5258
8443,63,2,Unemployed,3684
8444,14,4,,5923
8445,66,5,,6344
8446,7,4,,5923
8447,35,3,HEALTHCARE,5259
8448,63,4,FOOD,5923
8449,69,5,,6345
8450,52,2,FINANCEINSURANCE,3685
8451,89,4,,5924
8452,4,1,,1216
8453,11,4,,5924
8454,59,2,HEALTHCARE,3685
8455,34,2,WASTEMANAGEMENT,3686
8456,17,2,,3686
8457,50,4,HEALTHCARE,5924
8458,71,3,,5259
8459,62,2,HEALTHCARE,3687
8460,61,3,OTHER,5259
8461,60,2,FINANCEINSURANCE,3687
8462,49,2,OTHER,3688
8463,41,2,HEALTHCARE,3688
8464,74,4,,5924
8465,24,1,FOOD,1217
8466,40,1,HEALTHCARE,1218
8467,58,2,Unemployed,3689
8468,67,4,,5925
8469,72,3,,5260
8470,53,2,FOOD,3689
8471,24,5,HEALTHCARE,6345
8472,78,1,,1219
8473,53,1,Unemployed,1220
8474,67,1,,1221
8475,11,2,,3690
8476,45,3,HEALTHCARE,5260
8477,63,6,OTHER,6539
8478,66,3,,5260
8479,70,2,,3690
8480,39,4,HEALTHCARE,5925
8481,4,6,,6539
8482,37,3,HEALTHCARE,5261
8483,23,4,FOOD,5925
8484,34,3,HEALTHCARE,5261
8485,4,5,,6345
8486,12,3,,5261
8487,19,3,HEALTHCARE,5262
8488,36,3,HEALTHCARE,5262
8489,83,5,,6345
8490,48,3,HEALTHCARE,5262
8491,49,2,HEALTHCARE,3691
8492,37,1,FOOD,1222
8493,52,2,HEALTHCARE,3691
8494,21,2,FOOD,3692
8495,67,2,,3692
8496,18,2,FOOD,3693
8497,44,1,FINANCEINSURANCE,1223
8498,64,2,FOOD,3693
8499,64,2,HEALTHCARE,3694
8500,60,2,Unemployed,3694
8501,41,1,HEALTHCARE,1224
8502,12,5,,6345
8503,56,4,FOOD,5925
8504,57,5,FOOD,6346
8505,17,2,,3695
8506,9,2,,3695
8507,68,3,,5263
8508,56,1,HEALTHCARE,1225
8509,29,1,Unemployed,1226
8510,66,2,,3696
8511,11,1,,1227
8512,96,6,,6539
8513,61,2,HEALTHCARE,3696
8514,25,1,HEALTHCARE,1228
8515,25,2,HEALTHCARE,3697
8516,27,4,FOOD,5926
8517,26,4,HEALTHCARE,5926
8518,66,4,,5926
8519,62,4,FOOD,5926
8520,46,2,HEALTHCARE,3697
8521,47,6,OTHER,6539
8522,79,3,,5263
8523,19,2,FOOD,3698
8524,15,1,,1229
8525,14,4,,5927
8526,43,2,HEALTHCARE,3698
8527,41,2,FINANCEINSURANCE,3699
8528,78,2,,3699
8529,38,6,FOOD,6539
8530,33,2,HEALTHCARE,3700
8531,55,5,FOOD,6346
8532,62,3,FOOD,5263
8533,62,2,FOOD,3700
8534,55,5,HEALTHCARE,6346
8535,34,2,HEALTHCARE,3701
8536,64,1,HEALTHCARE,1230
8537,95,3,,5264
8538,75,3,,5264
8539,48,3,FOOD,5264
8540,55,2,HEALTHCARE,3701
8541,69,2,,3702
8542,33,4,FOOD,5927
8543,54,2,HEALTHCARE,3702
8544,61,2,HEALTHCARE,3703
8545,33,4,HEALTHCARE,5927
8546,18,2,HEALTHCARE,3703
8547,52,3,FOOD,5265
8548,45,2,FOOD,3704
8549,48,3,WASTEMANAGEMENT,5265
8550,77,2,,3704
8551,75,1,,1231
8552,63,2,HEALTHCARE,3705
8553,57,2,HEALTHCARE,3705
8554,28,2,HEALTHCARE,3706
8555,15,4,,5927
8556,30,1,FOOD,1232
8557,10,2,,3706
8558,69,3,,5265
8559,3,3,,5266
8560,35,2,FOOD,3707
8561,40,1,HEALTHCARE,1233
8562,57,4,FOOD,5928
8563,48,2,FINANCEINSURANCE,3707
8564,14,4,,5928
8565,79,2,,3708
8566,34,5,HEALTHCARE,6346
8567,63,4,FOOD,5928
8568,95,2,,3708
8569,68,4,,5928
8570,68,2,,3709
8571,55,4,HEALTHCARE,5929
8572,64,5,HEALTHCARE,6346
8573,43,3,FOOD,5266
8574,63,2,FOOD,3709
8575,55,2,FOOD,3710
8576,64,1,HEALTHCARE,1234
8577,73,2,,3710
8578,24,2,HEALTHCARE,3711
8579,56,2,HEALTHCARE,3711
8580,48,2,Unemployed,3712
8581,7,2,,3712
8582,93,1,,1235
8583,7,4,,5929
8584,75,2,,3713
8585,35,5,FOOD,6347
8586,18,3,FINANCEINSURANCE,5266
8587,60,2,FOOD,3713
8588,19,1,HEALTHCARE,1236
8589,11,2,,3714
8590,47,3,Unemployed,5267
8591,44,3,HEALTHCARE,5267
8592,46,2,Unemployed,3714
8593,60,4,HEALTHCARE,5929
8594,44,1,FOOD,1237
8595,79,3,,5267
8596,11,3,,5268
8597,60,2,FOOD,3715
8598,69,2,,3715
8599,41,6,HEALTHCARE,6540
8600,68,5,,6347
8601,61,6,FOOD,6540
8602,30,4,FINANCEINSURANCE,5929
8603,77,5,,6347
8604,59,5,FINANCEINSURANCE,6347
8605,42,3,HEALTHCARE,5268
8606,59,3,FOOD,5268
8607,53,4,FOOD,5930
8608,3,4,,5930
8609,45,4,HEALTHCARE,5930
8610,52,5,OTHER,6347
8611,24,5,FOOD,6348
8612,9,3,,5269
8613,44,1,FOOD,1238
8614,54,3,HEALTHCARE,5269
8615,96,2,,3716
8616,62,2,FOOD,3716
8617,69,1,,1239
8618,60,2,HEALTHCARE,3717
8619,0,4,,5930
8620,9,2,,3717
8621,34,5,HEALTHCARE,6348
8622,73,2,,3718
8623,4,2,,3718
8624,12,2,,3719
8625,64,6,HEALTHCARE,6540
8626,39,2,FOOD,3719
8627,3,1,,1240
8628,67,3,,5269
8629,68,3,,5270
8630,50,3,HEALTHCARE,5270
8631,32,2,HEALTHCARE,3720
8632,28,3,HEALTHCARE,5270
8633,14,2,,3720
8634,7,2,,3721
8635,42,2,HEALTHCARE,3721
8636,48,2,FOOD,3722
8637,76,2,,3722
8638,61,2,HEALTHCARE,3723
8639,18,5,FOOD,6348
8640,19,5,FOOD,6348
8641,58,2,OTHER,3723
8642,33,3,FOOD,5271
8643,13,2,,3724
8644,20,2,HEALTHCARE,3724
8645,92,1,,1241
8646,69,1,,1242
8647,9,2,,3725
8648,53,4,OTHER,5931
8649,3,4,,5931
8650,48,2,HEALTHCARE,3725
8651,2,1,,1243
8652,15,2,,3726
8653,42,2,HEALTHCARE,3726
8654,63,2,HEALTHCARE,3727
8655,95,1,,1244
8656,8,5,,6348
8657,21,2,HEALTHCARE,3727
8658,36,3,HEALTHCARE,5271
8659,47,2,FOOD,3728
8660,94,1,,1245
8661,10,4,,5931
8662,19,4,FINANCEINSURANCE,5931
8663,16,2,,3728
8664,39,5,FOOD,6349
8665,3,2,,3729
8666,57,5,FOOD,6349
8667,64,2,HEALTHCARE,3729
8668,43,3,FOOD,5271
8669,59,3,HEALTHCARE,5272
8670,65,4,WASTEMANAGEMENT,5932
8671,66,2,,3730
8672,24,3,HEALTHCARE,5272
8673,10,4,,5932
8674,10,4,,5932
8675,14,4,,5932
8676,20,2,HEALTHCARE,3730
8677,24,4,OTHER,5933
8678,58,1,FOOD,1246
8679,87,4,,5933
8680,42,4,FOOD,5933
8681,17,4,,5933
8682,38,3,Unemployed,5272
8683,60,4,FOOD,5934
8684,59,3,FOOD,5273
8685,94,2,,3731
8686,77,2,,3731
8687,0,2,,3732
8688,68,2,,3732
8689,23,4,HEALTHCARE,5934
8690,45,2,FOOD,3733
8691,58,4,OTHER,5934
8692,76,3,,5273
8693,53,1,FOOD,1247
8694,21,2,HEALTHCARE,3733
8695,33,5,FOOD,6349
8696,11,6,,6540
8697,40,4,FOOD,5934
8698,5,4,,5935
8699,55,4,HEALTHCARE,5935
8700,92,4,,5935
8701,16,2,,3734
8702,24,4,FOOD,5935
8703,27,6,FINANCEINSURANCE,6540
8704,64,2,FINANCEINSURANCE,3734
8705,23,3,HEALTHCARE,5273
8706,13,2,,3735
8707,99,3,,5274
8708,57,2,HEALTHCARE,3735
8709,4,3,,5274
8710,30,2,HEALTHCARE,3736
8711,91,2,,3736
8712,51,1,HEALTHCARE,1248
8713,59,2,HEALTHCARE,3737
8714,45,5,HEALTHCARE,6349
8715,9,2,,3737
8716,53,1,FINANCEINSURANCE,1249
8717,37,3,FOOD,5274
8718,47,2,HEALTHCARE,3738
8719,17,4,,5936
8720,73,1,,1250
8721,73,3,,5275
8722,79,2,,3738
8723,64,3,HEALTHCARE,5275
8724,46,2,HEALTHCARE,3739
8725,21,2,HEALTHCARE,3739
8726,73,1,,1251
8727,14,3,,5275
8728,27,5,OTHER,6349
8729,68,3,,5276
8730,52,3,FOOD,5276
8731,0,4,,5936
8732,5,2,,3740
8733,46,1,FOOD,1252
8734,34,3,FOOD,5276
8735,56,5,HEALTHCARE,6350
8736,58,6,HEALTHCARE,6540
8737,70,1,,1253
8738,0,2,,3740
8739,52,1,FINANCEINSURANCE,1254
8740,60,3,HEALTHCARE,5277
8741,42,1,FINANCEINSURANCE,1255
8742,12,1,,1256
8743,63,4,HEALTHCARE,5936
8744,60,1,HEALTHCARE,1257
8745,68,2,,3741
8746,54,3,HEALTHCARE,5277
8747,48,1,OTHER,1258
8748,68,4,,5936
8749,21,4,FOOD,5937
8750,45,2,HEALTHCARE,3741
8751,81,2,,3742
8752,34,2,HEALTHCARE,3742
8753,47,5,FOOD,6350
8754,64,1,Unemployed,1259
8755,31,5,FOOD,6350
8756,40,2,FOOD,3743
8757,59,2,FOOD,3743
8758,32,2,HEALTHCARE,3744
8759,64,4,HEALTHCARE,5937
8760,34,2,HEALTHCARE,3744
8761,93,5,,6350
8762,55,4,HEALTHCARE,5937
8763,25,2,OTHER,3745
8764,51,2,HEALTHCARE,3745
8765,8,1,,1260
8766,66,1,,1261
8767,61,3,FOOD,5277
8768,64,4,HEALTHCARE,5937
8769,53,2,HEALTHCARE,3746
8770,93,5,,6350
8771,69,5,,6351
8772,67,3,,5278
8773,37,4,OTHER,5938
8774,35,2,HEALTHCARE,3746
8775,60,4,FOOD,5938
8776,44,3,FOOD,5278
8777,53,2,HEALTHCARE,3747
8778,0,2,,3747
8779,55,1,HEALTHCARE,1262
8780,21,5,OTHER,6351
8781,15,6,,6541
8782,61,5,HEALTHCARE,6351
8783,19,5,FOOD,6351
8784,21,4,FOOD,5938
8785,58,4,HEALTHCARE,5938
8786,37,4,HEALTHCARE,5939
8787,19,5,FOOD,6351
8788,14,2,,3748
8789,79,1,,1263
8790,62,1,FOOD,1264
8791,72,4,,5939
8792,14,5,,6352
8793,14,2,,3748
8794,30,4,FOOD,5939
8795,99,3,,5278
8796,1,5,,6352
8797,77,1,,1265
8798,25,3,HEALTHCARE,5279
8799,38,4,HEALTHCARE,5939
8800,62,6,FOOD,6541
8801,68,3,,5279
8802,1,2,,3749
8803,2,2,,3749
8804,17,2,,3750
8805,73,6,,6541
8806,42,2,FOOD,3750
8807,66,5,,6352
8808,65,2,HEALTHCARE,3751
8809,0,5,,6352
8810,29,2,Unemployed,3751
8811,9,5,,6352
8812,9,2,,3752
8813,97,2,,3752
8814,79,2,,3753
8815,13,2,,3753
8816,76,2,,3754
8817,23,2,FOOD,3754
8818,75,1,,1266
8819,45,5,FOOD,6353
8820,12,2,,3755
8821,73,2,,3755
8822,60,4,Unemployed,5940
8823,41,6,FOOD,6541
8824,73,5,,6353
8825,92,2,,3756
8826,13,3,,5279
8827,21,2,Unemployed,3756
8828,21,3,HEALTHCARE,5280
8829,39,3,HEALTHCARE,5280
8830,52,5,FOOD,6353
8831,44,2,Unemployed,3757
8832,19,2,WASTEMANAGEMENT,3757
8833,55,2,HEALTHCARE,3758
8834,6,1,,1267
8835,69,1,,1268
8836,0,3,,5280
8837,38,4,Unemployed,5940
8838,60,2,WASTEMANAGEMENT,3758
8839,32,5,FOOD,6353
8840,13,1,,1269
8841,55,2,HEALTHCARE,3759
8842,1,5,,6353
8843,45,6,FOOD,6541
8844,46,2,FOOD,3759
8845,51,1,HEALTHCARE,1270
8846,7,6,,6541
8847,29,2,WASTEMANAGEMENT,3760
8848,12,5,,6354
8849,43,2,HEALTHCARE,3760
8850,22,2,HEALTHCARE,3761
8851,19,3,FOOD,5281
8852,94,1,,1271
8853,70,3,,5281
8854,8,4,,5940
8855,35,2,FOOD,3761
8856,4,4,,5940
8857,30,4,FOOD,5941
8858,48,3,HEALTHCARE,5281
8859,65,4,FINANCEINSURANCE,5941
8860,30,3,HEALTHCARE,5282
8861,76,2,,3762
8862,72,6,,6542
8863,72,1,,1272
8864,1,3,,5282
8865,52,2,Unemployed,3762
8866,33,2,FOOD,3763
8867,54,4,FOOD,5941
8868,62,2,HEALTHCARE,3763
8869,72,1,,1273
8870,72,1,,1274
8871,23,5,HEALTHCARE,6354
8872,52,5,FOOD,6354
8873,50,6,HEALTHCARE,6542
8874,63,3,FOOD,5282
8875,8,2,,3764
8876,60,3,FOOD,5283
8877,72,2,,3764
8878,44,4,HEALTHCARE,5941
8879,64,4,Unemployed,5942
8880,59,2,FOOD,3765
8881,54,3,Unemployed,5283
8882,39,2,FOOD,3765
8883,60,2,Unemployed,3766
8884,75,2,,3766
8885,47,2,OTHER,3767
8886,51,2,FOOD,3767
8887,46,2,FOOD,3768
8888,75,2,,3768
8889,43,2,HEALTHCARE,3769
8890,25,3,FINANCEINSURANCE,5283
8891,91,5,,6354
8892,75,2,,3769
8893,66,4,,5942
8894,78,2,,3770
8895,94,4,,5942
8896,28,2,HEALTHCARE,3770
8897,56,6,FOOD,6542
8898,53,2,FOOD,3771
8899,78,3,,5284
8900,0,4,,5942
8901,69,6,,6542
8902,18,5,FINANCEINSURANCE,6354
8903,72,6,,6542
8904,6,3,,5284
8905,40,3,FOOD,5284
8906,38,2,FOOD,3771
8907,13,3,,5285
8908,76,4,,5943
8909,77,2,,3772
8910,14,4,,5943
8911,62,5,FOOD,6355
8912,91,5,,6355
8913,41,4,OTHER,5943
8914,56,1,HEALTHCARE,1275
8915,37,2,HEALTHCARE,3772
8916,1,1,,1276
8917,16,2,,3773
8918,30,3,FINANCEINSURANCE,5285
8919,21,3,HEALTHCARE,5285
8920,34,4,HEALTHCARE,5943
8921,70,2,,3773
8922,32,4,HEALTHCARE,5944
8923,78,4,,5944
8924,31,4,FOOD,5944
8925,62,2,FOOD,3774
8926,26,2,FOOD,3774
8927,84,2,,3775
8928,73,3,,5286
8929,66,4,,5944
8930,5,5,,6355
8931,69,2,,3775
8932,64,2,HEALTHCARE,3776
8933,47,2,HEALTHCARE,3776
8934,10,5,,6355
8935,48,2,FINANCEINSURANCE,3777
8936,76,4,,5945
8937,65,3,Unemployed,5286
8938,55,4,FOOD,5945
8939,83,5,,6355
8940,39,1,FOOD,1277
8941,73,2,,3777
8942,57,3,FOOD,5286
8943,62,2,HEALTHCARE,3778
8944,68,2,,3778
8945,43,2,HEALTHCARE,3779
8946,79,2,,3779
8947,71,3,,5287
8948,66,3,,5287
8949,66,2,,3780
8950,26,2,Unemployed,3780
8951,77,1,,1278
8952,58,5,HEALTHCARE,6356
8953,41,3,OTHER,5287
8954,59,6,HEALTHCARE,6542
8955,56,2,HEALTHCARE,3781
8956,76,4,,5945
8957,60,4,HEALTHCARE,5945
8958,22,4,FOOD,5946
8959,32,2,HEALTHCARE,3781
8960,31,2,HEALTHCARE,3782
8961,59,5,WASTEMANAGEMENT,6356
8962,59,4,Unemployed,5946
8963,38,3,FOOD,5288
8964,97,1,,1279
8965,68,2,,3782
8966,55,2,FINANCEINSURANCE,3783
8967,64,4,HEALTHCARE,5946
8968,88,5,,6356
8969,35,2,FOOD,3783
8970,1,2,,3784
8971,48,3,HEALTHCARE,5288
8972,31,3,HEALTHCARE,5288
8973,21,3,HEALTHCARE,5289
8974,94,1,,1280
8975,79,2,,3784
8976,62,1,FINANCEINSURANCE,1281
8977,6,4,,5946
8978,97,4,,5947
8979,15,6,,6543
8980,24,6,FOOD,6543
8981,98,3,,5289
8982,44,3,FINANCEINSURANCE,5289
8983,32,5,HEALTHCARE,6356
8984,32,2,Unemployed,3785
8985,60,1,FINANCEINSURANCE,1282
8986,1,3,,5290
8987,67,3,,5290
8988,31,5,FOOD,6356
8989,60,2,FINANCEINSURANCE,3785
8990,14,4,,5947
8991,4,6,,6543
8992,76,6,,6543
8993,48,2,FINANCEINSURANCE,3786
8994,20,5,FOOD,6357
8995,67,3,,5290
8996,34,3,HEALTHCARE,5291
8997,27,2,WASTEMANAGEMENT,3786
8998,32,3,HEALTHCARE,5291
8999,16,6,,6543
9000,60,2,HEALTHCARE,3787
9001,56,1,HEALTHCARE,1283
9002,75,5,,6357
9003,24,2,HEALTHCARE,3787
9004,23,4,HEALTHCARE,5947
9005,25,2,FOOD,3788
9006,59,3,FOOD,5291
9007,8,2,,3788
9008,3,3,,5292
9009,31,3,FOOD,5292
9010,81,2,,3789
9011,55,2,HEALTHCARE,3789
9012,63,5,FINANCEINSURANCE,6357
9013,62,3,FOOD,5292
9014,48,4,FINANCEINSURANCE,5947
9015,57,4,FOOD,5948
9016,3,2,,3790
9017,19,3,HEALTHCARE,5293
9018,19,5,HEALTHCARE,6357
9019,15,4,,5948
9020,53,2,FOOD,3790
9021,68,4,,5948
9022,0,2,,3791
9023,56,4,OTHER,5948
9024,3,2,,3791
9025,62,4,HEALTHCARE,5949
9026,20,2,HEALTHCARE,3792
9027,62,2,FOOD,3792
9028,63,1,HEALTHCARE,1284
9029,69,2,,3793
9030,50,2,OTHER,3793
9031,62,2,HEALTHCARE,3794
9032,66,2,,3794
9033,55,1,FOOD,1285
9034,89,2,,3795
9035,58,4,FOOD,5949
9036,42,1,HEALTHCARE,1286
9037,10,4,,5949
9038,67,3,,5293
9039,4,2,,3795
9040,62,5,HEALTHCARE,6357
9041,60,3,FOOD,5293
9042,39,2,HEALTHCARE,3796
9043,46,5,OTHER,6358
9044,43,3,OTHER,5294
9045,12,2,,3796
9046,74,2,,3797
9047,26,2,HEALTHCARE,3797
9048,65,4,HEALTHCARE,5949
9049,98,2,,3798
9050,51,5,FOOD,6358
9051,11,2,,3798
9052,14,1,,1287
9053,61,2,FINANCEINSURANCE,3799
9054,41,2,OTHER,3799
9055,22,4,HEALTHCARE,5950
9056,55,4,HEALTHCARE,5950
9057,3,3,,5294
9058,52,6,HEALTHCARE,6543
9059,59,3,OTHER,5294
9060,59,1,Unemployed,1288
9061,75,2,,3800
9062,61,2,FOOD,3800
9063,46,6,HEALTHCARE,6544
9064,65,3,FOOD,5295
9065,50,6,FOOD,6544
9066,60,2,FOOD,3801
9067,6,3,,5295
9068,13,2,,3801
9069,42,3,HEALTHCARE,5295
9070,21,2,FINANCEINSURANCE,3802
9071,32,2,Unemployed,3802
9072,46,2,FOOD,3803
9073,7,3,,5296
9074,87,1,,1289
9075,65,2,FINANCEINSURANCE,3803
9076,78,2,,3804
9077,70,1,,1290
9078,68,2,,3804
9079,57,1,HEALTHCARE,1291
9080,21,6,HEALTHCARE,6544
9081,34,1,WASTEMANAGEMENT,1292
9082,59,5,Unemployed,6358
9083,53,5,FOOD,6358
9084,73,2,,3805
9085,34,2,FINANCEINSURANCE,3805
9086,67,4,,5950
9087,69,1,,1293
9088,85,4,,5950
9089,54,2,HEALTHCARE,3806
9090,52,2,Unemployed,3806
9091,22,2,HEALTHCARE,3807
9092,32,2,FOOD,3807
9093,36,3,HEALTHCARE,5296
9094,63,2,HEALTHCARE,3808
9095,4,2,,3808
9096,56,6,FOOD,6544
9097,62,2,WASTEMANAGEMENT,3809
9098,31,2,FOOD,3809
9099,62,2,HEALTHCARE,3810
9100,35,2,FINANCEINSURANCE,3810
9101,22,5,HEALTHCARE,6358
9102,18,3,FOOD,5296
9103,22,4,FOOD,5951
9104,38,3,HEALTHCARE,5297
9105,77,4,,5951
9106,40,4,FOOD,5951
9107,79,1,,1294
9108,31,2,HEALTHCARE,3811
9109,56,3,HEALTHCARE,5297
9110,17,2,,3811
9111,15,6,,6544
9112,57,3,HEALTHCARE,5297
9113,60,1,HEALTHCARE,1295
9114,35,3,HEALTHCARE,5298
9115,62,4,HEALTHCARE,5951
9116,31,4,FOOD,5952
9117,72,4,,5952
9118,49,2,FOOD,3812
9119,69,6,,6544
9120,63,1,HEALTHCARE,1296
9121,14,4,,5952
9122,69,6,,6545
9123,19,1,HEALTHCARE,1297
9124,55,3,FOOD,5298
9125,51,2,OTHER,3812
9126,62,4,HEALTHCARE,5952
9127,48,4,FOOD,5953
9128,9,5,,6359
9129,75,2,,3813
9130,47,4,HEALTHCARE,5953
9131,50,3,FOOD,5298
9132,68,3,,5299
9133,26,2,Unemployed,3813
9134,95,5,,6359
9135,35,4,FOOD,5953
9136,40,2,FOOD,3814
9137,75,3,,5299
9138,1,2,,3814
9139,4,1,,1298
9140,72,4,,5953
9141,73,3,,5299
9142,68,4,,5954
9143,89,2,,3815
9144,78,2,,3815
9145,13,6,,6545
9146,23,3,HEALTHCARE,5300
9147,67,2,,3816
9148,35,2,HEALTHCARE,3816
9149,72,4,,5954
9150,49,4,HEALTHCARE,5954
9151,43,2,HEALTHCARE,3817
9152,61,3,HEALTHCARE,5300
9153,67,5,,6359
9154,1,4,,5954
9155,14,4,,5955
9156,52,5,OTHER,6359
9157,61,6,FOOD,6545
9158,7,1,,1299
9159,71,2,,3817
9160,48,2,WASTEMANAGEMENT,3818
9161,34,2,FOOD,3818
9162,65,3,HEALTHCARE,5300
9163,22,4,HEALTHCARE,5955
9164,26,2,HEALTHCARE,3819
9165,3,2,,3819
9166,49,3,FOOD,5301
9167,69,3,,5301
9168,41,4,HEALTHCARE,5955
9169,27,2,HEALTHCARE,3820
9170,82,3,,5301
9171,70,4,,5955
9172,29,2,FOOD,3820
9173,44,5,HEALTHCARE,6359
9174,72,1,,1300
9175,69,6,,6545
9176,61,1,Unemployed,1301
9177,28,6,HEALTHCARE,6545
9178,74,2,,3821
9179,68,2,,3821
9180,8,2,,3822
9181,64,1,Unemployed,1302
9182,66,2,,3822
9183,26,5,FOOD,6360
9184,68,2,,3823
9185,19,4,OTHER,5956
9186,99,5,,6360
9187,41,3,Unemployed,5302
9188,14,2,,3823
9189,17,3,,5302
9190,69,5,,6360
9191,53,1,HEALTHCARE,1303
9192,68,2,,3824
9193,63,3,FOOD,5302
9194,54,2,HEALTHCARE,3824
9195,32,4,HEALTHCARE,5956
9196,63,4,HEALTHCARE,5956
9197,71,4,,5956
9198,1,2,,3825
9199,66,4,,5957
9200,17,3,,5303
9201,65,2,HEALTHCARE,3825
9202,86,2,,3826
9203,75,2,,3826
9204,10,5,,6360
9205,53,2,HEALTHCARE,3827
9206,10,4,,5957
9207,75,2,,3827
9208,64,2,FOOD,3828
9209,55,1,OTHER,1304
9210,22,3,HEALTHCARE,5303
9211,2,4,,5957
9212,13,2,,3828
9213,66,4,,5957
9214,0,2,,3829
9215,2,2,,3829
9216,62,2,FOOD,3830
9217,58,2,Unemployed,3830
9218,99,3,,5303
9219,39,5,Unemployed,6360
9220,57,4,HEALTHCARE,5958
9221,8,2,,3831
9222,74,3,,5304
9223,13,5,,6361
9224,63,3,FOOD,5304
9225,12,3,,5304
9226,91,2,,3831
9227,50,2,FOOD,3832
9228,59,1,FOOD,1305
9229,60,4,FOOD,5958
9230,67,3,,5305
9231,17,2,,3832
9232,62,2,HEALTHCARE,3833
9233,30,2,FINANCEINSURANCE,3833
9234,50,4,FOOD,5958
9235,69,5,,6361
9236,39,2,FOOD,3834
9237,86,1,,1306
9238,37,5,FOOD,6361
9239,29,4,FOOD,5958
9240,59,6,FOOD,6545
9241,55,6,FOOD,6546
9242,2,1,,1307
9243,79,3,,5305
9244,51,5,FOOD,6361
9245,21,2,FOOD,3834
9246,42,1,HEALTHCARE,1308
9247,21,3,HEALTHCARE,5305
9248,75,6,,6546
9249,73,5,,6361
9250,41,1,HEALTHCARE,1309
9251,13,4,,5959
9252,29,2,OTHER,3835
9253,0,1,,1310
9254,5,6,,6546
9255,28,5,Unemployed,6362
9256,50,2,HEALTHCARE,3835
9257,42,2,HEALTHCARE,3836
9258,6,2,,3836
9259,59,4,HEALTHCARE,5959
9260,51,4,FOOD,5959
9261,36,4,HEALTHCARE,5959
9262,59,2,FOOD,3837
9263,21,2,HEALTHCARE,3837
9264,77,2,,3838
9265,11,2,,3838
9266,22,3,HEALTHCARE,5306
9267,60,2,FOOD,3839
9268,71,4,,5960
9269,72,4,,5960
9270,26,2,FOOD,3839
9271,67,4,,5960
9272,75,3,,5306
9273,77,2,,3840
9274,73,5,,6362
9275,21,3,HEALTHCARE,5306
9276,24,4,Unemployed,5960
9277,69,1,,1311
9278,7,1,,1312
9279,58,4,FOOD,5961
9280,26,2,HEALTHCARE,3840
9281,51,2,FOOD,3841
9282,63,4,FOOD,5961
9283,73,2,,3841
9284,43,2,HEALTHCARE,3842
9285,65,2,HEALTHCARE,3842
9286,51,1,FOOD,1313
9287,75,2,,3843
9288,54,2,OTHER,3843
9289,43,2,OTHER,3844
9290,15,2,,3844
9291,29,2,HEALTHCARE,3845
9292,4,2,,3845
9293,72,6,,6546
9294,94,1,,1314
9295,68,1,,1315
9296,75,4,,5961
9297,40,5,FINANCEINSURANCE,6362
9298,57,2,HEALTHCARE,3846
9299,1,2,,3846
9300,65,2,FOOD,3847
9301,56,3,FOOD,5307
9302,66,2,,3847
9303,18,5,FOOD,6362
9304,50,1,FOOD,1316
9305,27,1,HEALTHCARE,1317
9306,21,1,HEALTHCARE,1318
9307,25,5,FINANCEINSURANCE,6362
9308,1,3,,5307
9309,18,2,FOOD,3848
9310,21,2,OTHER,3848
9311,72,4,,5961
9312,19,2,FOOD,3849
9313,17,2,,3849
9314,21,4,FOOD,5962
9315,54,2,HEALTHCARE,3850
9316,8,4,,5962
9317,4,2,,3850
9318,15,2,,3851
9319,27,4,HEALTHCARE,5962
9320,56,2,FOOD,3851
9321,35,4,FOOD,5962
9322,38,3,FOOD,5307
9323,50,4,Unemployed,5963
9324,65,2,FOOD,3852
9325,54,6,Unemployed,6546
9326,91,2,,3852
9327,0,2,,3853
9328,50,2,FOOD,3853
9329,62,6,HEALTHCARE,6546
9330,73,3,,5308
9331,64,4,HEALTHCARE,5963
9332,71,2,,3854
9333,70,2,,3854
9334,13,2,,3855
9335,68,2,,3855
9336,58,4,HEALTHCARE,5963
9337,44,4,FOOD,5963
9338,66,4,,5964
9339,55,1,FOOD,1319
9340,60,4,HEALTHCARE,5964
9341,51,3,FOOD,5308
9342,42,5,FOOD,6363
9343,58,5,HEALTHCARE,6363
9344,73,4,,5964
9345,92,4,,5964
9346,55,2,OTHER,3856
9347,76,2,,3856
9348,64,4,HEALTHCARE,5965
9349,7,1,,1320
9350,12,4,,5965
9351,29,3,FOOD,5308
9352,71,1,,1321
9353,58,3,FOOD,5309
9354,50,5,FOOD,6363
9355,17,3,,5309
9356,40,2,HEALTHCARE,3857
9357,75,2,,3857
9358,62,1,HEALTHCARE,1322
9359,89,1,,1323
9360,71,2,,3858
9361,66,2,,3858
9362,48,2,FOOD,3859
9363,4,3,,5309
9364,76,6,,6547
9365,74,5,,6363
9366,68,3,,5310
9367,64,6,HEALTHCARE,6547
9368,67,2,,3859
9369,9,4,,5965
9370,45,2,FINANCEINSURANCE,3860
9371,12,2,,3860
9372,62,3,HEALTHCARE,5310
9373,6,5,,6363
9374,64,2,HEALTHCARE,3861
9375,62,2,HEALTHCARE,3861
9376,50,4,HEALTHCARE,5965
9377,62,1,FOOD,1324
9378,34,4,FOOD,5966
9379,56,1,HEALTHCARE,1325
9380,37,4,FOOD,5966
9381,13,4,,5966
9382,51,5,HEALTHCARE,6364
9383,20,1,HEALTHCARE,1326
9384,16,3,,5310
9385,79,4,,5966
9386,53,6,FOOD,6547
9387,54,1,HEALTHCARE,1327
9388,16,3,,5311
9389,79,3,,5311
9390,27,1,FOOD,1328
9391,73,2,,3862
9392,7,1,,1329
9393,90,2,,3862
9394,73,3,,5311
9395,73,3,,5312
9396,66,3,,5312
9397,14,1,,1330
9398,16,1,,1331
9399,68,2,,3863
9400,55,2,FOOD,3863
9401,45,3,FOOD,5312
9402,73,2,,3864
9403,38,2,HEALTHCARE,3864
9404,47,4,HEALTHCARE,5967
9405,59,4,HEALTHCARE,5967
9406,77,5,,6364
9407,19,3,HEALTHCARE,5313
9408,74,5,,6364
9409,3,3,,5313
9410,77,5,,6364
9411,48,3,FOOD,5313
9412,52,2,FOOD,3865
9413,30,2,FOOD,3865
9414,34,2,Unemployed,3866
9415,65,2,HEALTHCARE,3866
9416,4,4,,5967
9417,15,2,,3867
9418,71,4,,5967
9419,53,6,OTHER,6547
9420,33,3,FOOD,5314
9421,72,1,,1332
9422,52,4,HEALTHCARE,5968
9423,64,2,FOOD,3867
9424,38,2,HEALTHCARE,3868
9425,95,2,,3868
9426,68,2,,3869
9427,24,1,FOOD,1333
9428,25,2,FOOD,3869
9429,61,2,HEALTHCARE,3870
9430,72,2,,3870
9431,65,2,HEALTHCARE,3871
9432,4,5,,6364
9433,24,2,HEALTHCARE,3871
9434,23,1,WASTEMANAGEMENT,1334
9435,70,3,,5314
9436,11,4,,5968
9437,40,2,FOOD,3872
9438,59,6,HEALTHCARE,6547
9439,59,2,HEALTHCARE,3872
9440,75,3,,5314
9441,67,2,,3873
9442,21,2,OTHER,3873
9443,7,1,,1335
9444,20,3,HEALTHCARE,5315
9445,3,2,,3874
9446,10,2,,3874
9447,13,1,,1336
9448,35,3,HEALTHCARE,5315
9449,64,4,FOOD,5968
9450,52,2,FOOD,3875
9451,53,3,FOOD,5315
9452,78,2,,3875
9453,75,1,,1337
9454,56,2,HEALTHCARE,3876
9455,50,1,OTHER,1338
9456,53,1,HEALTHCARE,1339
9457,2,4,,5968
9458,39,2,HEALTHCARE,3876
9459,66,1,,1340
9460,83,4,,5969
9461,55,2,HEALTHCARE,3877
9462,30,2,HEALTHCARE,3877
9463,33,4,FOOD,5969
9464,41,4,FOOD,5969
9465,93,1,,1341
9466,40,1,FOOD,1342
9467,53,2,HEALTHCARE,3878
9468,59,3,HEALTHCARE,5316
9469,23,4,FOOD,5969
9470,64,2,FOOD,3878
9471,0,6,,6547
9472,54,2,Unemployed,3879
9473,23,2,HEALTHCARE,3879
9474,77,2,,3880
9475,43,1,FOOD,1343
9476,34,2,Unemployed,3880
9477,28,4,HEALTHCARE,5970
9478,59,5,FINANCEINSURANCE,6365
9479,35,4,HEALTHCARE,5970
9480,76,2,,3881
9481,23,4,Unemployed,5970
9482,15,1,,1344
9483,69,5,,6365
9484,64,4,FOOD,5970
9485,86,2,,3881
9486,36,4,HEALTHCARE,5971
9487,51,2,HEALTHCARE,3882
9488,53,4,HEALTHCARE,5971
9489,90,3,,5316
9490,54,4,FINANCEINSURANCE,5971
9491,36,2,FOOD,3882
9492,49,3,FOOD,5316
9493,67,2,,3883
9494,14,2,,3883
9495,39,3,FOOD,5317
9496,48,5,HEALTHCARE,6365
9497,74,2,,3884
9498,40,3,HEALTHCARE,5317
9499,20,4,HEALTHCARE,5971
9500,61,1,HEALTHCARE,1345
9501,69,4,,5972
9502,36,4,HEALTHCARE,5972
9503,65,4,HEALTHCARE,5972
9504,59,2,HEALTHCARE,3884
9505,50,1,FINANCEINSURANCE,1346
9506,30,1,HEALTHCARE,1347
9507,66,2,,3885
9508,65,2,FOOD,3885
9509,1,3,,5317
9510,4,3,,5318
9511,75,3,,5318
9512,47,1,FOOD,1348
9513,30,2,FOOD,3886
9514,65,6,HEALTHCARE,6548
9515,48,4,FOOD,5972
9516,59,3,FOOD,5318
9517,37,5,FOOD,6365
9518,50,4,FOOD,5973
9519,71,2,,3886
9520,16,3,,5319
9521,68,2,,3887
9522,64,4,Unemployed,5973
9523,59,2,HEALTHCARE,3887
9524,0,2,,3888
9525,50,1,HEALTHCARE,1349
9526,24,4,FOOD,5973
9527,45,4,HEALTHCARE,5973
9528,26,4,FOOD,5974
9529,57,1,FOOD,1350
9530,41,1,Unemployed,1351
9531,38,4,HEALTHCARE,5974
9532,2,2,,3888
9533,27,5,FOOD,6365
9534,37,2,FINANCEINSURANCE,3889
9535,62,1,HEALTHCARE,1352
9536,65,2,FINANCEINSURANCE,3889
9537,63,5,HEALTHCARE,6366
9538,62,2,HEALTHCARE,3890
9539,4,3,,5319
9540,66,6,,6548
9541,33,1,FOOD,1353
9542,50,3,FOOD,5319
9543,100,5,,6366
9544,12,2,,3890
9545,42,3,HEALTHCARE,5320
9546,65,6,Unemployed,6548
9547,4,2,,3891
9548,46,2,FOOD,3891
9549,40,3,HEALTHCARE,5320
9550,59,5,OTHER,6366
9551,46,2,FOOD,3892
9552,25,5,FOOD,6366
9553,61,2,HEALTHCARE,3892
9554,50,2,OTHER,3893
9555,75,4,,5974
9556,24,3,FOOD,5320
9557,66,5,,6366
9558,22,4,Unemployed,5974
9559,79,3,,5321
9560,23,2,HEALTHCARE,3893
9561,51,6,HEALTHCARE,6548
9562,35,2,HEALTHCARE,3894
9563,62,4,HEALTHCARE,5975
9564,4,5,,6367
9565,50,2,FINANCEINSURANCE,3894
9566,71,3,,5321
9567,43,1,FOOD,1354
9568,49,4,HEALTHCARE,5975
9569,45,3,FOOD,5321
9570,46,2,FINANCEINSURANCE,3895
9571,16,6,,6548
9572,24,5,HEALTHCARE,6367
9573,3,2,,3895
9574,18,2,FOOD,3896
9575,69,3,,5322
9576,55,2,HEALTHCARE,3896
9577,33,3,HEALTHCARE,5322
9578,59,2,FINANCEINSURANCE,3897
9579,15,2,,3897
9580,3,2,,3898
9581,66,1,,1355
9582,19,6,WASTEMANAGEMENT,6548
9583,25,3,HEALTHCARE,5322
9584,69,2,,3898
9585,80,4,,5975
9586,63,2,OTHER,3899
9587,69,2,,3899
9588,25,2,HEALTHCARE,3900
9589,41,5,FOOD,6367
9590,27,2,HEALTHCARE,3900
9591,98,2,,3901
9592,32,1,HEALTHCARE,1356
9593,93,2,,3901
9594,54,3,HEALTHCARE,5323
9595,39,2,HEALTHCARE,3902
9596,82,2,,3902
9597,69,2,,3903
9598,8,5,,6367
9599,17,4,,5975
9600,45,1,FOOD,1357
9601,34,1,FOOD,1358
9602,42,5,HEALTHCARE,6367
9603,79,2,,3903
9604,9,4,,5976
9605,21,6,FOOD,6549
9606,69,4,,5976
9607,68,1,,1359
9608,69,3,,5323
9609,99,3,,5323
9610,38,2,HEALTHCARE,3904
9611,56,2,FOOD,3904
9612,78,3,,5324
9613,82,3,,5324
9614,2,1,,1360
9615,65,2,HEALTHCARE,3905
9616,15,4,,5976
9617,51,2,HEALTHCARE,3905
9618,18,2,HEALTHCARE,3906
9619,10,3,,5324
9620,6,6,,6549
9621,47,1,FOOD,1361
9622,92,2,,3906
9623,16,1,,1362
9624,43,2,HEALTHCARE,3907
9625,31,3,Unemployed,5325
9626,68,3,,5325
9627,71,2,,3907
9628,71,5,,6368
9629,59,4,WASTEMANAGEMENT,5976
9630,66,2,,3908
9631,70,3,,5325
9632,10,1,,1363
9633,76,3,,5326
9634,66,6,,6549
9635,63,2,FINANCEINSURANCE,3908
9636,23,1,HEALTHCARE,1364
9637,11,2,,3909
9638,7,1,,1365
9639,55,4,FOOD,5977
9640,50,3,Unemployed,5326
9641,40,2,FOOD,3909
9642,34,2,FOOD,3910
9643,58,1,FOOD,1366
9644,35,4,HEALTHCARE,5977
9645,47,5,HEALTHCARE,6368
9646,65,5,HEALTHCARE,6368
9647,76,2,,3910
9648,15,1,,1367
9649,18,2,FOOD,3911
9650,63,2,FOOD,3911
9651,61,3,FINANCEINSURANCE,5326
9652,17,1,,1368
9653,68,5,,6368
9654,52,5,FINANCEINSURANCE,6368
9655,63,5,HEALTHCARE,6369
9656,15,5,,6369
9657,6,5,,6369
9658,52,5,FOOD,6369
9659,36,5,HEALTHCARE,6369
9660,41,1,HEALTHCARE,1369
9661,71,4,,5977
9662,78,3,,5327
9663,66,3,,5327
9664,46,3,FOOD,5327
9665,49,4,HEALTHCARE,5977
9666,1,2,,3912
9667,4,2,,3912
9668,48,1,HEALTHCARE,1370
9669,86,5,,6370
9670,26,3,HEALTHCARE,5328
9671,22,5,FOOD,6370
9672,1,2,,3913
9673,42,2,WASTEMANAGEMENT,3913
9674,55,4,FOOD,5978
9675,67,2,,3914
9676,12,2,,3914
9677,63,4,FOOD,5978
9678,48,4,HEALTHCARE,5978
9679,1,1,,1371
9680,33,1,HEALTHCARE,1372
9681,12,1,,1373
9682,59,2,HEALTHCARE,3915
9683,44,2,HEALTHCARE,3915
9684,65,1,HEALTHCARE,1374
9685,63,4,HEALTHCARE,5978
9686,76,3,,5328
9687,19,6,HEALTHCARE,6549
9688,4,2,,3916
9689,40,2,FOOD,3916
9690,62,3,HEALTHCARE,5328
9691,60,3,HEALTHCARE,5329
9692,24,4,FINANCEINSURANCE,5979
9693,19,2,Unemployed,3917
9694,53,2,HEALTHCARE,3917
9695,65,1,HEALTHCARE,1375
9696,67,2,,3918
9697,69,4,,5979
9698,44,5,Unemployed,6370
9699,59,4,HEALTHCARE,5979
9700,16,6,,6549
9701,64,1,HEALTHCARE,1376
9702,60,3,Unemployed,5329
9703,13,2,,3918
9704,90,4,,5979
9705,51,1,HEALTHCARE,1377
9706,68,4,,5980
9707,42,1,FOOD,1378
9708,61,3,Unemployed,5329
9709,65,4,FOOD,5980
9710,92,2,,3919
9711,93,3,,5330
9712,60,2,FOOD,3919
9713,9,2,,3920
9714,59,2,HEALTHCARE,3920
9715,1,4,,5980
9716,67,4,,5980
9717,66,1,,1379
9718,76,2,,3921
9719,66,5,,6370
9720,5,5,,6370
9721,15,5,,6371
9722,5,4,,5981
9723,63,2,FINANCEINSURANCE,3921
9724,64,2,FOOD,3922
9725,5,2,,3922
9726,22,5,HEALTHCARE,6371
9727,62,3,HEALTHCARE,5330
9728,15,6,,6549
9729,52,4,Unemployed,5981
9730,88,2,,3923
9731,80,4,,5981
9732,14,1,,1380
9733,62,5,FOOD,6371
9734,57,2,HEALTHCARE,3923
9735,77,4,,5981
9736,31,2,FOOD,3924
9737,19,4,FOOD,5982
9738,51,4,Unemployed,5982
9739,75,3,,5330
9740,24,6,FINANCEINSURANCE,6550
9741,90,2,,3924
9742,69,2,,3925
9743,59,1,Unemployed,1381
9744,62,1,HEALTHCARE,1382
9745,43,2,FOOD,3925
9746,66,2,,3926
9747,69,6,,6550
9748,22,3,HEALTHCARE,5331
9749,34,3,OTHER,5331
9750,24,5,WASTEMANAGEMENT,6371
9751,70,2,,3926
9752,18,2,OTHER,3927
9753,26,1,FOOD,1383
9754,23,2,FINANCEINSURANCE,3927
9755,67,2,,3928
9756,22,6,OTHER,6550
9757,52,2,OTHER,3928
9758,62,4,FOOD,5982
9759,36,4,HEALTHCARE,5982
9760,4,2,,3929
9761,73,4,,5983
9762,28,3,HEALTHCARE,5331
9763,13,1,,1384
9764,48,3,FOOD,5332
9765,0,2,,3929
9766,4,2,,3930
9767,9,2,,3930
9768,49,2,WASTEMANAGEMENT,3931
9769,58,2,HEALTHCARE,3931
9770,99,1,,1385
9771,46,4,OTHER,5983
9772,10,3,,5332
9773,53,2,Unemployed,3932
9774,46,5,HEALTHCARE,6371
9775,49,4,HEALTHCARE,5983
9776,58,1,HEALTHCARE,1386
9777,20,6,HEALTHCARE,6550
9778,76,2,,3932
9779,75,6,,6550
9780,58,2,HEALTHCARE,3933
9781,27,2,FOOD,3933
9782,18,2,HEALTHCARE,3934
9783,40,2,HEALTHCARE,3934
9784,29,4,OTHER,5983
9785,27,5,HEALTHCARE,6372
9786,51,1,HEALTHCARE,1387
9787,73,1,,1388
9788,33,2,FOOD,3935
9789,62,5,HEALTHCARE,6372
9790,22,2,HEALTHCARE,3935
9791,37,2,FOOD,3936
9792,57,2,FINANCEINSURANCE,3936
9793,56,4,HEALTHCARE,5984
9794,48,4,FINANCEINSURANCE,5984
9795,34,4,WASTEMANAGEMENT,5984
9796,9,6,,6550
9797,32,1,HEALTHCARE,1389
9798,34,3,HEALTHCARE,5332
9799,35,1,FOOD,1390
9800,30,5,HEALTHCARE,6372
9801,18,2,FOOD,3937
9802,32,2,HEALTHCARE,3937
9803,4,5,,6372
9804,26,6,FOOD,6551
9805,42,5,FOOD,6372
9806,91,3,,5333
9807,56,2,FOOD,3938
9808,24,3,OTHER,5333
9809,88,4,,5984
9810,73,5,,6373
9811,69,2,,3938
9812,48,5,HEALTHCARE,6373
9813,50,4,FOOD,5985
9814,22,5,FOOD,6373
9815,32,5,HEALTHCARE,6373
9816,2,2,,3939
9817,40,2,Unemployed,3939
9818,16,2,,3940
9819,44,2,HEALTHCARE,3940
9820,0,5,,6373
9821,70,4,,5985
9822,84,1,,1391
9823,52,2,FOOD,3941
9824,63,3,HEALTHCARE,5333
9825,42,2,FOOD,3941
9826,22,1,HEALTHCARE,1392
9827,30,2,HEALTHCARE,3942
9828,1,2,,3942
9829,74,5,,6374
9830,56,4,FOOD,5985
9831,52,4,FOOD,5985
9832,52,5,HEALTHCARE,6374
9833,18,2,HEALTHCARE,3943
9834,69,2,,3943
9835,81,2,,3944
9836,28,2,FOOD,3944
9837,65,4,FOOD,5986
9838,16,2,,3945
9839,28,1,FOOD,1393
9840,59,1,HEALTHCARE,1394
9841,32,4,OTHER,5986
9842,68,1,,1395
9843,60,2,FOOD,3945
9844,36,1,HEALTHCARE,1396
9845,5,2,,3946
9846,30,4,FOOD,5986
9847,32,5,FINANCEINSURANCE,6374
9848,39,3,HEALTHCARE,5334
9849,28,2,OTHER,3946
9850,34,4,HEALTHCARE,5986
9851,64,4,HEALTHCARE,5987
9852,74,3,,5334
9853,43,1,HEALTHCARE,1397
9854,61,1,OTHER,1398
9855,58,4,HEALTHCARE,5987
9856,67,6,,6551
9857,36,4,HEALTHCARE,5987
9858,78,2,,3947
9859,64,2,FOOD,3947
9860,58,4,HEALTHCARE,5987
9861,69,2,,3948
9862,39,1,FOOD,1399
9863,53,2,FOOD,3948
9864,24,2,FOOD,3949
9865,32,1,HEALTHCARE,1400
9866,18,6,FOOD,6551
9867,59,2,FINANCEINSURANCE,3949
9868,66,5,,6374
9869,61,4,HEALTHCARE,5988
9870,6,4,,5988
9871,35,1,FOOD,1401
9872,25,4,HEALTHCARE,5988
9873,61,2,FOOD,3950
9874,18,3,FOOD,5334
9875,6,2,,3950
9876,16,6,,6551
9877,66,1,,1402
9878,20,4,Unemployed,5988
9879,45,2,HEALTHCARE,3951
9880,59,3,FOOD,5335
9881,67,4,,5989
9882,8,5,,6374
9883,77,3,,5335
9884,89,2,,3951
9885,23,2,Unemployed,3952
9886,56,4,HEALTHCARE,5989
9887,41,1,HEALTHCARE,1403
9888,72,2,,3952
9889,85,3,,5335
9890,22,2,FOOD,3953
9891,31,4,FOOD,5989
9892,67,3,,5336
9893,34,6,FOOD,6551
9894,74,1,,1404
9895,34,4,HEALTHCARE,5989
9896,69,3,,5336
9897,21,6,OTHER,6551
9898,9,4,,5990
9899,19,4,HEALTHCARE,5990
9900,13,1,,1405
9901,46,2,HEALTHCARE,3953
9902,23,3,FOOD,5336
9903,44,6,HEALTHCARE,6552
9904,50,3,HEALTHCARE,5337
9905,56,2,HEALTHCARE,3954
9906,65,2,HEALTHCARE,3954
9907,74,3,,5337
9908,50,4,HEALTHCARE,5990
9909,67,6,,6552
9910,20,2,FOOD,3955
9911,29,2,HEALTHCARE,3955
9912,69,1,,1406
9913,34,4,HEALTHCARE,5990
9914,42,2,FOOD,3956
9915,0,3,,5337
9916,97,4,,5991
9917,36,5,FOOD,6375
9918,29,4,FOOD,5991
9919,19,4,FOOD,5991
9920,20,4,FOOD,5991
9921,69,2,,3956
9922,25,2,FOOD,3957
9923,2,3,,5338
9924,7,4,,5992
9925,12,2,,3957
9926,44,5,FOOD,6375
9927,73,6,,6552
9928,50,4,FOOD,5992
9929,65,4,HEALTHCARE,5992
9930,13,4,,5992
9931,37,2,FOOD,3958
9932,77,4,,5993
9933,47,1,FOOD,1407
9934,4,4,,5993
9935,51,3,HEALTHCARE,5338
9936,12,3,,5338
9937,55,3,HEALTHCARE,5339
9938,23,3,FOOD,5339
9939,39,2,OTHER,3958
9940,53,1,HEALTHCARE,1408
9941,55,5,FOOD,6375
9942,61,2,FINANCEINSURANCE,3959
9943,47,3,HEALTHCARE,5339
9944,14,2,,3959
9945,59,1,HEALTHCARE,1409
9946,8,3,,5340
9947,48,4,FOOD,5993
9948,34,5,HEALTHCARE,6375
9949,58,4,HEALTHCARE,5993
9950,11,3,,5340
9951,7,2,,3960
9952,73,3,,5340
9953,14,3,,5341
9954,5,3,,5341
9955,15,2,,3960
9956,2,2,,3961
9957,14,4,,5994
9958,52,2,WASTEMANAGEMENT,3961
9959,10,2,,3962
9960,42,4,HEALTHCARE,5994
9961,38,1,HEALTHCARE,1410
9962,37,5,FOOD,6375
9963,55,2,FOOD,3962
9964,55,2,HEALTHCARE,3963
9965,73,6,,6552
9966,31,4,HEALTHCARE,5994
9967,37,4,Unemployed,5994
9968,7,1,,1411
9969,32,3,FINANCEINSURANCE,5341
9970,64,2,Unemployed,3963
9971,28,5,FOOD,6376
9972,81,2,,3964
9973,43,2,FOOD,3964
9974,88,5,,6376
9975,30,3,HEALTHCARE,5342
9976,36,4,FOOD,5995
9977,18,1,HEALTHCARE,1412
9978,20,5,FOOD,6376
9979,38,3,HEALTHCARE,5342
9980,73,3,,5342
9981,61,2,HEALTHCARE,3965
9982,27,2,FOOD,3965
9983,26,3,FOOD,5343
9984,57,1,HEALTHCARE,1413
9985,100,1,,1414
9986,47,4,FOOD,5995
9987,78,4,,5995
9988,57,3,FOOD,5343
9989,56,2,FOOD,3966
9990,39,5,HEALTHCARE,6376
9991,63,2,HEALTHCARE,3966
9992,46,3,HEALTHCARE,5343
9993,21,2,HEALTHCARE,3967
9994,57,3,HEALTHCARE,5344
9995,79,4,,5995
9996,42,4,HEALTHCARE,5996
9997,59,5,HEALTHCARE,6376
9998,68,5,,6377
9999,59,2,FOOD,3967
10000,66,2,,3968
10001,29,2,HEALTHCARE,3968
10002,38,1,HEALTHCARE,1415
10003,69,3,,5344
10004,0,3,,5344
10005,61,3,HEALTHCARE,5345
10006,43,2,FOOD,3969
10007,63,5,HEALTHCARE,6377
10008,67,1,,1416
10009,59,2,HEALTHCARE,3969
10010,31,5,FOOD,6377
10011,6,4,,5996
10012,16,4,,5996
10013,64,2,HEALTHCARE,3970
10014,71,2,,3970
10015,87,1,,1417
10016,47,2,FOOD,3971
10017,34,4,FOOD,5996
10018,55,2,FOOD,3971
10019,46,3,HEALTHCARE,5345
10020,11,2,,3972
10021,32,2,Unemployed,3972
10022,12,1,,1418
10023,82,5,,6377
10024,17,2,,3973
10025,59,1,Unemployed,1419
10026,71,5,,6377
10027,20,1,HEALTHCARE,1420
10028,92,2,,3973
10029,73,1,,1421
10030,67,3,,5345
10031,44,2,HEALTHCARE,3974
10032,64,5,HEALTHCARE,6378
10033,22,2,FOOD,3974
10034,27,2,Unemployed,3975
10035,38,2,FOOD,3975
10036,58,3,HEALTHCARE,5346
10037,2,5,,6378
10038,61,2,FOOD,3976
10039,66,1,,1422
10040,53,5,Unemployed,6378
10041,36,2,FOOD,3976
10042,65,4,HEALTHCARE,5997
10043,12,1,,1423
10044,63,2,HEALTHCARE,3977
10045,74,1,,1424
10046,20,4,HEALTHCARE,5997
10047,55,2,FOOD,3977
10048,5,2,,3978
10049,45,6,HEALTHCARE,6552
10050,45,1,HEALTHCARE,1425
10051,76,2,,3978
10052,42,2,HEALTHCARE,3979
10053,10,2,,3979
10054,64,1,HEALTHCARE,1426
10055,38,4,FINANCEINSURANCE,5997
10056,14,3,,5346
10057,31,2,FOOD,3980
10058,26,3,FOOD,5346
10059,34,3,FOOD,5347
10060,64,2,FINANCEINSURANCE,3980
10061,6,3,,5347
10062,57,3,FOOD,5347
10063,55,4,FOOD,5997
10064,20,3,HEALTHCARE,5348
10065,72,2,,3981
10066,47,2,FOOD,3981
10067,27,5,FINANCEINSURANCE,6378
10068,42,1,HEALTHCARE,1427
10069,57,2,HEALTHCARE,3982
10070,58,2,WASTEMANAGEMENT,3982
10071,93,2,,3983
10072,59,2,FOOD,3983
10073,98,3,,5348
10074,17,1,,1428
10075,49,5,WASTEMANAGEMENT,6378
10076,13,3,,5348
10077,71,4,,5998
10078,16,6,,6552
10079,78,2,,3984
10080,74,2,,3984
10081,10,5,,6379
10082,61,5,FOOD,6379
10083,61,4,WASTEMANAGEMENT,5998
10084,97,1,,1429
10085,6,3,,5349
10086,66,4,,5998
10087,78,2,,3985
10088,9,2,,3985
10089,57,5,HEALTHCARE,6379
10090,40,6,HEALTHCARE,6553
10091,52,6,FOOD,6553
10092,29,3,HEALTHCARE,5349
10093,47,3,OTHER,5349
10094,84,2,,3986
10095,34,2,FINANCEINSURANCE,3986
10096,10,5,,6379
10097,54,2,HEALTHCARE,3987
10098,46,2,HEALTHCARE,3987
10099,21,2,FOOD,3988
10100,9,2,,3988
10101,5,1,,1430
10102,72,5,,6379
10103,75,2,,3989
10104,5,3,,5350
10105,41,2,HEALTHCARE,3989
10106,28,4,HEALTHCARE,5998
10107,66,2,,3990
10108,75,4,,5999
10109,57,1,HEALTHCARE,1431
10110,11,2,,3990
10111,40,3,HEALTHCARE,5350
10112,11,2,,3991
10113,11,2,,3991
10114,61,2,HEALTHCARE,3992
10115,1,4,,5999
10116,66,2,,3992
10117,56,3,FOOD,5350
10118,28,4,HEALTHCARE,5999
10119,35,4,FOOD,5999
10120,28,2,HEALTHCARE,3993
10121,74,1,,1432
10122,1,2,,3993
10123,17,3,,5351
10124,44,1,FINANCEINSURANCE,1433
10125,76,4,,6000
10126,65,5,HEALTHCARE,6380
10127,66,2,,3994
10128,62,1,HEALTHCARE,1434
10129,60,6,Unemployed,6553
10130,8,4,,6000
10131,9,6,,6553
10132,54,3,HEALTHCARE,5351
10133,57,2,OTHER,3994
10134,12,4,,6000
10135,68,4,,6000
10136,81,2,,3995
10137,77,4,,6001
10138,4,2,,3995
10139,44,1,FOOD,1435
10140,53,2,HEALTHCARE,3996
10141,56,4,HEALTHCARE,6001
10142,47,5,FOOD,6380
10143,70,4,,6001
10144,63,2,FOOD,3996
10145,14,4,,6001
10146,50,1,FOOD,1436
10147,64,5,HEALTHCARE,6380
10148,68,2,,3997
10149,34,5,FOOD,6380
10150,12,2,,3997
10151,43,2,Unemployed,3998
10152,63,5,FOOD,6380
10153,66,3,,5351
10154,40,3,Unemployed,5352
10155,63,6,HEALTHCARE,6553
10156,68,1,,1437
10157,74,4,,6002
10158,65,3,HEALTHCARE,5352
10159,69,1,,1438
10160,61,4,HEALTHCARE,6002
10161,59,3,OTHER,5352
10162,28,2,FOOD,3998
10163,78,3,,5353
10164,47,6,Unemployed,6553
10165,72,2,,3999
10166,57,1,HEALTHCARE,1439
10167,6,3,,5353
10168,44,2,FOOD,3999
10169,77,1,,1440
10170,54,3,HEALTHCARE,5353
10171,70,2,,4000
10172,21,5,FOOD,6381
10173,60,4,FOOD,6002
10174,47,3,HEALTHCARE,5354
10175,29,2,HEALTHCARE,4000
10176,76,1,,1441
10177,23,3,HEALTHCARE,5354
10178,6,3,,5354
10179,62,4,FOOD,6002
10180,62,6,FOOD,6554
10181,62,3,HEALTHCARE,5355
10182,2,3,,5355
10183,65,2,HEALTHCARE,4001
10184,21,2,HEALTHCARE,4001
10185,62,2,HEALTHCARE,4002
10186,8,4,,6003
10187,47,2,HEALTHCARE,4002
10188,54,1,FOOD,1442
10189,68,4,,6003
10190,49,5,FOOD,6381
10191,0,2,,4003
10192,54,2,FOOD,4003
10193,48,6,HEALTHCARE,6554
10194,12,1,,1443
10195,62,1,FOOD,1444
10196,72,4,,6003
10197,68,2,,4004
10198,24,2,FINANCEINSURANCE,4004
10199,24,5,FOOD,6381
10200,50,3,FOOD,5355
10201,18,1,HEALTHCARE,1445
10202,17,2,,4005
10203,29,2,FOOD,4005
10204,67,2,,4006
10205,58,5,FOOD,6381
10206,58,2,HEALTHCARE,4006
10207,3,1,,1446
10208,47,2,HEALTHCARE,4007
10209,23,1,FOOD,1447
10210,41,5,HEALTHCARE,6381
10211,8,4,,6003
10212,2,1,,1448
10213,92,4,,6004
10214,78,4,,6004
10215,39,2,OTHER,4007
10216,60,2,FOOD,4008
10217,45,1,FINANCEINSURANCE,1449
10218,25,5,FOOD,6382
10219,92,1,,1450
10220,43,4,Unemployed,6004
10221,63,2,FOOD,4008
10222,70,4,,6004
10223,27,2,FINANCEINSURANCE,4009
10224,76,3,,5356
10225,0,3,,5356
10226,77,5,,6382
10227,73,1,,1451
10228,78,4,,6005
10229,69,2,,4009
10230,70,4,,6005
10231,18,4,FOOD,6005
10232,67,2,,4010
10233,31,1,HEALTHCARE,1452
10234,32,5,FOOD,6382
10235,27,3,HEALTHCARE,5356
10236,73,4,,6005
10237,79,5,,6382
10238,53,2,FOOD,4010
10239,29,2,HEALTHCARE,4011
10240,45,5,HEALTHCARE,6382
10241,35,4,FOOD,6006
10242,43,2,FOOD,4011
10243,65,3,HEALTHCARE,5357
10244,66,4,,6006
10245,67,4,,6006
10246,32,2,FOOD,4012
10247,61,2,HEALTHCARE,4012
10248,32,2,FOOD,4013
10249,90,3,,5357
10250,44,1,HEALTHCARE,1453
10251,14,5,,6383
10252,48,3,FINANCEINSURANCE,5357
10253,69,2,,4013
10254,52,5,HEALTHCARE,6383
10255,56,2,OTHER,4014
10256,6,2,,4014
10257,32,2,WASTEMANAGEMENT,4015
10258,90,2,,4015
10259,66,1,,1454
10260,75,2,,4016
10261,76,2,,4016
10262,53,2,HEALTHCARE,4017
10263,76,3,,5358
10264,2,2,,4017
10265,52,4,FOOD,6006
10266,66,3,,5358
10267,51,6,FOOD,6554
10268,68,2,,4018
10269,19,2,Unemployed,4018
10270,71,2,,4019
10271,2,2,,4019
10272,65,4,HEALTHCARE,6007
10273,16,1,,1455
10274,78,4,,6007
10275,68,4,,6007
10276,1,2,,4020
10277,60,3,HEALTHCARE,5358
10278,89,4,,6007
10279,63,2,HEALTHCARE,4020
10280,57,4,HEALTHCARE,6008
10281,47,6,Unemployed,6554
10282,18,3,FOOD,5359
10283,0,3,,5359
10284,19,2,Unemployed,4021
10285,3,2,,4021
10286,14,2,,4022
10287,69,2,,4022
10288,25,2,HEALTHCARE,4023
10289,42,5,FOOD,6383
10290,56,2,OTHER,4023
10291,15,3,,5359
10292,46,2,HEALTHCARE,4024
10293,55,2,HEALTHCARE,4024
10294,66,4,,6008
10295,18,1,HEALTHCARE,1456
10296,37,4,FOOD,6008
10297,53,2,HEALTHCARE,4025
10298,64,2,FOOD,4025
10299,49,3,FOOD,5360
10300,72,6,,6554
10301,7,4,,6008
10302,53,2,HEALTHCARE,4026
10303,66,2,,4026
10304,41,2,FOOD,4027
10305,61,6,Unemployed,6554
10306,61,1,HEALTHCARE,1457
10307,13,3,,5360
10308,42,2,HEALTHCARE,4027
10309,60,2,HEALTHCARE,4028
10310,50,6,HEALTHCARE,6555
10311,74,2,,4028
10312,31,2,HEALTHCARE,4029
10313,63,5,Unemployed,6383
10314,49,2,HEALTHCARE,4029
10315,68,2,,4030
10316,17,2,,4030
10317,40,2,FOOD,4031
10318,62,2,FOOD,4031
10319,60,4,HEALTHCARE,6009
10320,11,3,,5360
10321,66,2,,4032
10322,74,4,,6009
10323,11,2,,4032
10324,18,1,FOOD,1458
10325,35,3,FOOD,5361
10326,50,2,HEALTHCARE,4033
10327,25,4,FINANCEINSURANCE,6009
10328,38,3,WASTEMANAGEMENT,5361
10329,37,2,FOOD,4033
10330,67,5,,6383
10331,31,2,HEALTHCARE,4034
10332,12,3,,5361
10333,11,2,,4034
10334,51,4,HEALTHCARE,6009
10335,34,2,FOOD,4035
10336,33,4,Unemployed,6010
10337,5,1,,1459
10338,79,2,,4035
10339,63,2,HEALTHCARE,4036
10340,78,3,,5362
10341,31,3,HEALTHCARE,5362
10342,48,2,HEALTHCARE,4036
10343,21,2,HEALTHCARE,4037
10344,55,2,HEALTHCARE,4037
10345,64,1,FOOD,1460
10346,25,2,FOOD,4038
10347,19,3,HEALTHCARE,5362
10348,70,2,,4038
10349,9,3,,5363
10350,22,4,FOOD,6010
10351,25,1,HEALTHCARE,1461
10352,57,2,FOOD,4039
10353,50,3,HEALTHCARE,5363
10354,20,2,HEALTHCARE,4039
10355,15,3,,5363
10356,48,6,FOOD,6555
10357,36,4,HEALTHCARE,6010
10358,2,2,,4040
10359,57,4,HEALTHCARE,6010
10360,76,2,,4040
10361,61,5,FOOD,6384
10362,37,4,FOOD,6011
10363,17,1,,1462
10364,27,4,FOOD,6011
10365,4,1,,1463
10366,12,2,,4041
10367,79,2,,4041
10368,64,2,HEALTHCARE,4042
10369,16,4,,6011
10370,40,2,FOOD,4042
10371,77,3,,5364
10372,0,4,,6011
10373,62,4,FOOD,6012
10374,24,1,OTHER,1464
10375,63,1,FOOD,1465
10376,55,1,HEALTHCARE,1466
10377,31,1,HEALTHCARE,1467
10378,76,3,,5364
10379,66,1,,1468
10380,72,2,,4043
10381,73,3,,5364
10382,9,2,,4043
10383,35,2,OTHER,4044
10384,63,2,HEALTHCARE,4044
10385,55,2,OTHER,4045
10386,58,3,HEALTHCARE,5365
10387,21,1,FOOD,1469
10388,87,2,,4045
10389,63,2,HEALTHCARE,4046
10390,66,4,,6012
10391,13,1,,1470
10392,61,2,HEALTHCARE,4046
10393,76,1,,1471
10394,8,1,,1472
10395,26,2,HEALTHCARE,4047
10396,89,6,,6555
10397,51,3,HEALTHCARE,5365
10398,7,1,,1473
10399,45,3,HEALTHCARE,5365
10400,44,1,FINANCEINSURANCE,1474
10401,19,1,HEALTHCARE,1475
10402,40,2,FOOD,4047
10403,6,6,,6555
10404,69,1,,1476
10405,99,4,,6012
10406,50,2,FOOD,4048
10407,35,4,HEALTHCARE,6012
10408,28,2,FOOD,4048
10409,45,6,FOOD,6555
10410,69,2,,4049
10411,39,3,HEALTHCARE,5366
10412,38,2,HEALTHCARE,4049
10413,68,2,,4050
10414,65,4,FOOD,6013
10415,54,2,OTHER,4050
10416,61,2,FOOD,4051
10417,52,3,HEALTHCARE,5366
10418,52,2,FOOD,4051
10419,23,4,HEALTHCARE,6013
10420,0,2,,4052
10421,8,2,,4052
10422,44,5,HEALTHCARE,6384
10423,17,3,,5366
10424,62,1,OTHER,1477
10425,61,2,FOOD,4053
10426,20,4,FOOD,6013
10427,64,5,HEALTHCARE,6384
10428,27,1,HEALTHCARE,1478
10429,10,6,,6555
10430,13,4,,6013
10431,37,2,Unemployed,4053
10432,55,2,HEALTHCARE,4054
10433,19,5,HEALTHCARE,6384
10434,51,1,FOOD,1479
10435,49,2,FOOD,4054
10436,64,2,HEALTHCARE,4055
10437,54,1,FOOD,1480
10438,11,2,,4055
10439,65,2,Unemployed,4056
10440,40,2,FOOD,4056
10441,19,4,HEALTHCARE,6014
10442,42,3,FINANCEINSURANCE,5367
10443,37,4,WASTEMANAGEMENT,6014
10444,68,1,,1481
10445,17,4,,6014
10446,29,2,HEALTHCARE,4057
10447,0,2,,4057
10448,64,1,HEALTHCARE,1482
10449,7,2,,4058
10450,0,2,,4058
10451,65,2,FOOD,4059
10452,1,6,,6556
10453,78,4,,6014
10454,17,3,,5367
10455,60,2,HEALTHCARE,4059
10456,50,3,FOOD,5367
10457,67,5,,6384
10458,62,1,FOOD,1483
10459,76,3,,5368
10460,0,5,,6385
10461,63,2,FOOD,4060
10462,39,3,WASTEMANAGEMENT,5368
10463,69,4,,6015
10464,53,6,FOOD,6556
10465,66,2,,4060
10466,33,4,OTHER,6015
10467,20,4,Unemployed,6015
10468,32,2,HEALTHCARE,4061
10469,78,4,,6015
10470,76,2,,4061
10471,98,3,,5368
10472,29,1,HEALTHCARE,1484
10473,69,2,,4062
10474,30,2,HEALTHCARE,4062
10475,78,5,,6385
10476,27,5,FOOD,6385
10477,44,1,FOOD,1485
10478,73,3,,5369
10479,59,2,HEALTHCARE,4063
10480,20,3,HEALTHCARE,5369
10481,30,1,FOOD,1486
10482,15,4,,6016
10483,33,3,Unemployed,5369
10484,12,1,,1487
10485,57,2,FINANCEINSURANCE,4063
10486,78,2,,4064
10487,55,2,HEALTHCARE,4064
10488,66,4,,6016
10489,73,2,,4065
10490,9,2,,4065
10491,9,2,,4066
10492,60,1,FOOD,1488
10493,27,3,FOOD,5370
10494,14,2,,4066
10495,5,3,,5370
10496,54,3,HEALTHCARE,5370
10497,93,4,,6016
10498,60,2,HEALTHCARE,4067
10499,79,2,,4067
10500,59,2,HEALTHCARE,4068
10501,48,4,HEALTHCARE,6016
10502,23,3,Unemployed,5371
10503,86,4,,6017
10504,69,1,,1489
10505,60,2,FOOD,4068
10506,53,5,HEALTHCARE,6385
10507,14,1,,1490
10508,27,2,HEALTHCARE,4069
10509,19,2,FINANCEINSURANCE,4069
10510,74,6,,6556
10511,62,1,FOOD,1491
10512,57,2,HEALTHCARE,4070
10513,53,4,HEALTHCARE,6017
10514,61,2,FOOD,4070
10515,48,3,FINANCEINSURANCE,5371
10516,60,4,FOOD,6017
10517,78,1,,1492
10518,61,4,Unemployed,6017
10519,12,2,,4071
10520,53,4,HEALTHCARE,6018
10521,23,5,HEALTHCARE,6385
10522,3,2,,4071
10523,54,2,FOOD,4072
10524,4,3,,5371
10525,58,2,FOOD,4072
10526,61,3,HEALTHCARE,5372
10527,10,1,,1493
10528,94,5,,6386
10529,52,1,FOOD,1494
10530,41,2,HEALTHCARE,4073
10531,31,4,FOOD,6018
10532,68,3,,5372
10533,22,4,Unemployed,6018
10534,33,3,FOOD,5372
10535,57,1,HEALTHCARE,1495
10536,60,2,Unemployed,4073
10537,50,1,FOOD,1496
10538,40,4,FOOD,6018
10539,28,2,FOOD,4074
10540,59,2,FOOD,4074
10541,55,4,FOOD,6019
10542,62,2,WASTEMANAGEMENT,4075
10543,49,6,HEALTHCARE,6556
10544,8,2,,4075
10545,54,4,FINANCEINSURANCE,6019
10546,84,6,,6556
10547,0,6,,6556
10548,13,6,,6557
10549,88,3,,5373
10550,55,2,HEALTHCARE,4076
10551,86,2,,4076
10552,5,2,,4077
10553,43,4,FOOD,6019
10554,65,6,FOOD,6557
10555,49,2,HEALTHCARE,4077
10556,56,2,HEALTHCARE,4078
10557,21,4,FINANCEINSURANCE,6019
10558,26,1,FOOD,1497
10559,71,1,,1498
10560,65,5,FOOD,6386
10561,41,2,OTHER,4078
10562,62,1,HEALTHCARE,1499
10563,60,3,HEALTHCARE,5373
10564,54,2,HEALTHCARE,4079
10565,34,1,HEALTHCARE,1500
10566,74,5,,6386
10567,14,1,,1501
10568,13,3,,5373
10569,53,4,HEALTHCARE,6020
10570,75,6,,6557
10571,23,1,FINANCEINSURANCE,1502
10572,48,2,HEALTHCARE,4079
10573,15,1,,1503
10574,51,5,Unemployed,6386
10575,2,4,,6020
10576,90,2,,4080
10577,74,1,,1504
10578,18,1,HEALTHCARE,1505
10579,54,2,FOOD,4080
10580,11,5,,6386
10581,67,6,,6557
10582,66,4,,6020
10583,41,2,Unemployed,4081
10584,47,2,FOOD,4081
10585,34,2,HEALTHCARE,4082
10586,45,3,HEALTHCARE,5374
10587,22,2,HEALTHCARE,4082
10588,54,2,HEALTHCARE,4083
10589,37,2,FINANCEINSURANCE,4083
10590,13,3,,5374
10591,63,6,FOOD,6557
10592,52,3,FINANCEINSURANCE,5374
10593,58,2,HEALTHCARE,4084
10594,62,1,HEALTHCARE,1506
10595,66,5,,6387
10596,24,1,FOOD,1507
10597,49,3,FINANCEINSURANCE,5375
10598,15,2,,4084
10599,58,4,FOOD,6020
10600,10,3,,5375
10601,8,1,,1508
10602,38,5,FOOD,6387
10603,2,5,,6387
10604,19,2,FOOD,4085
10605,71,6,,6557
10606,66,2,,4085
10607,54,5,HEALTHCARE,6387
10608,24,1,OTHER,1509
10609,92,3,,5375
10610,71,3,,5376
10611,69,3,,5376
10612,92,4,,6021
10613,3,4,,6021
10614,10,2,,4086
10615,2,6,,6558
10616,18,1,FINANCEINSURANCE,1510
10617,12,2,,4086
10618,67,1,,1511
10619,72,3,,5376
10620,88,3,,5377
10621,100,2,,4087
10622,93,2,,4087
10623,16,2,,4088
10624,43,2,HEALTHCARE,4088
10625,83,4,,6021
10626,62,4,HEALTHCARE,6021
10627,21,2,HEALTHCARE,4089
10628,53,2,HEALTHCARE,4089
10629,19,5,HEALTHCARE,6387
10630,40,2,FOOD,4090
10631,65,3,FOOD,5377
10632,6,1,,1512
10633,64,3,FOOD,5377
10634,73,2,,4090
10635,48,4,HEALTHCARE,6022
10636,75,6,,6558
10637,50,1,OTHER,1513
10638,72,4,,6022
10639,92,2,,4091
10640,84,3,,5378
10641,46,5,HEALTHCARE,6388
10642,93,4,,6022
10643,71,1,,1514
10644,76,3,,5378
10645,51,1,FOOD,1515
10646,18,2,FOOD,4091
10647,2,1,,1516
10648,56,3,OTHER,5378
10649,42,4,HEALTHCARE,6022
10650,72,2,,4092
10651,17,3,,5379
10652,13,2,,4092
10653,41,3,Unemployed,5379
10654,83,2,,4093
10655,58,2,FOOD,4093
10656,20,1,HEALTHCARE,1517
10657,43,2,FOOD,4094
10658,64,2,HEALTHCARE,4094
10659,55,5,HEALTHCARE,6388
10660,8,3,,5379
10661,25,2,FOOD,4095
10662,54,2,HEALTHCARE,4095
10663,72,2,,4096
10664,62,2,HEALTHCARE,4096
10665,76,2,,4097
10666,57,2,FOOD,4097
10667,83,4,,6023
10668,53,4,HEALTHCARE,6023
10669,46,4,FOOD,6023
10670,41,2,Unemployed,4098
10671,51,1,HEALTHCARE,1518
10672,62,5,HEALTHCARE,6388
10673,12,2,,4098
10674,12,1,,1519
10675,44,5,FOOD,6388
10676,2,4,,6023
10677,41,4,HEALTHCARE,6024
10678,36,1,FOOD,1520
10679,69,5,,6388
10680,78,1,,1521
10681,64,3,HEALTHCARE,5380
10682,38,2,WASTEMANAGEMENT,4099
10683,70,3,,5380
10684,36,1,HEALTHCARE,1522
10685,5,5,,6389
10686,31,4,HEALTHCARE,6024
10687,62,2,FOOD,4099
10688,16,4,,6024
10689,78,1,,1523
10690,63,4,FINANCEINSURANCE,6024
10691,39,4,HEALTHCARE,6025
10692,17,3,,5380
10693,76,3,,5381
10694,15,4,,6025
10695,21,2,HEALTHCARE,4100
10696,36,2,FOOD,4100
10697,47,6,FOOD,6558
10698,50,4,FOOD,6025
10699,73,2,,4101
10700,79,4,,6025
10701,0,2,,4101
10702,25,3,HEALTHCARE,5381
10703,64,1,HEALTHCARE,1524
10704,28,2,HEALTHCARE,4102
10705,54,2,FOOD,4102
10706,64,2,HEALTHCARE,4103
10707,68,2,,4103
10708,61,2,OTHER,4104
10709,17,2,,4104
10710,3,2,,4105
10711,98,4,,6026
10712,63,3,FOOD,5381
10713,66,4,,6026
10714,45,5,HEALTHCARE,6389
10715,49,2,FINANCEINSURANCE,4105
10716,72,2,,4106
10717,42,2,Unemployed,4106
10718,76,6,,6558
10719,74,1,,1525
10720,21,2,OTHER,4107
10721,37,2,HEALTHCARE,4107
10722,12,4,,6026
10723,32,3,FOOD,5382
10724,68,2,,4108
10725,55,4,FOOD,6026
10726,33,2,FOOD,4108
10727,16,2,,4109
10728,6,4,,6027
10729,61,1,HEALTHCARE,1526
10730,77,2,,4109
10731,9,1,,1527
10732,10,4,,6027
10733,66,2,,4110
10734,60,2,WASTEMANAGEMENT,4110
10735,36,1,HEALTHCARE,1528
10736,21,2,FINANCEINSURANCE,4111
10737,0,5,,6389
10738,57,6,FOOD,6558
10739,50,6,HEALTHCARE,6558
10740,66,2,,4111
10741,70,2,,4112
10742,45,3,FOOD,5382
10743,48,2,OTHER,4112
10744,73,1,,1529
10745,43,2,FOOD,4113
10746,52,1,HEALTHCARE,1530
10747,2,2,,4113
10748,56,5,Unemployed,6389
10749,39,1,HEALTHCARE,1531
10750,42,4,HEALTHCARE,6027
10751,28,2,HEALTHCARE,4114
10752,60,2,FOOD,4114
10753,0,4,,6027
10754,22,2,HEALTHCARE,4115
10755,92,1,,1532
10756,60,3,FOOD,5382
10757,73,6,,6559
10758,45,2,HEALTHCARE,4115
10759,66,2,,4116
10760,56,1,FOOD,1533
10761,13,2,,4116
10762,13,6,,6559
10763,96,4,,6028
10764,68,2,,4117
10765,43,2,HEALTHCARE,4117
10766,77,2,,4118
10767,50,4,FOOD,6028
10768,61,3,Unemployed,5383
10769,55,1,HEALTHCARE,1534
10770,50,2,HEALTHCARE,4118
10771,12,5,,6389
10772,30,2,FOOD,4119
10773,57,3,HEALTHCARE,5383
10774,67,5,,6390
10775,4,5,,6390
10776,67,2,,4119
10777,22,1,OTHER,1535
10778,35,2,HEALTHCARE,4120
10779,37,2,HEALTHCARE,4120
10780,51,4,HEALTHCARE,6028
10781,51,2,HEALTHCARE,4121
10782,6,3,,5383
10783,11,4,,6028
10784,34,5,HEALTHCARE,6390
10785,97,3,,5384
10786,68,4,,6029
10787,78,2,,4121
10788,58,2,HEALTHCARE,4122
10789,65,5,HEALTHCARE,6390
10790,79,2,,4122
10791,56,1,HEALTHCARE,1536
10792,98,3,,5384
10793,51,4,FOOD,6029
10794,29,2,HEALTHCARE,4123
10795,78,2,,4123
10796,31,3,FOOD,5384
10797,44,1,FOOD,1537
10798,69,3,,5385
10799,24,2,FOOD,4124
10800,21,3,WASTEMANAGEMENT,5385
10801,35,4,FOOD,6029
10802,66,3,,5385
10803,22,2,FOOD,4124
10804,63,2,HEALTHCARE,4125
10805,15,2,,4125
10806,51,2,FOOD,4126
10807,63,2,HEALTHCARE,4126
10808,17,2,,4127
10809,51,3,Unemployed,5386
10810,40,1,FOOD,1538
10811,21,4,FOOD,6029
10812,33,2,HEALTHCARE,4127
10813,0,2,,4128
10814,31,2,Unemployed,4128
10815,76,2,,4129
10816,39,1,FOOD,1539
10817,79,2,,4129
10818,69,2,,4130
10819,22,2,FOOD,4130
10820,76,1,,1540
10821,40,3,Unemployed,5386
10822,13,5,,6390
10823,35,5,HEALTHCARE,6391
10824,2,6,,6559
10825,59,1,HEALTHCARE,1541
10826,57,4,HEALTHCARE,6030
10827,58,3,FOOD,5386
10828,63,2,FOOD,4131
10829,17,4,,6030
10830,36,2,FOOD,4131
10831,2,2,,4132
10832,41,2,FINANCEINSURANCE,4132
10833,65,2,FOOD,4133
10834,13,2,,4133
10835,18,2,WASTEMANAGEMENT,4134
10836,19,3,FOOD,5387
10837,16,4,,6030
10838,60,5,FINANCEINSURANCE,6391
10839,68,4,,6030
10840,75,4,,6031
10841,47,5,Unemployed,6391
10842,69,3,,5387
10843,63,2,HEALTHCARE,4134
10844,8,6,,6559
10845,11,3,,5387
10846,46,4,HEALTHCARE,6031
10847,36,2,WASTEMANAGEMENT,4135
10848,63,5,FOOD,6391
10849,43,2,FOOD,4135
10850,43,4,HEALTHCARE,6031
10851,52,2,FOOD,4136
10852,64,5,OTHER,6391
10853,43,5,Unemployed,6392
10854,79,2,,4136
10855,18,2,FOOD,4137
10856,64,2,FOOD,4137
10857,24,2,HEALTHCARE,4138
10858,47,3,HEALTHCARE,5388
10859,18,1,HEALTHCARE,1542
10860,28,4,HEALTHCARE,6031
10861,17,3,,5388
10862,58,2,HEALTHCARE,4138
10863,64,4,HEALTHCARE,6032
10864,26,1,FOOD,1543
10865,72,2,,4139
10866,60,2,HEALTHCARE,4139
10867,72,3,,5388
10868,45,5,WASTEMANAGEMENT,6392
10869,42,3,FOOD,5389
10870,68,3,,5389
10871,38,2,HEALTHCARE,4140
10872,63,2,HEALTHCARE,4140
10873,26,2,HEALTHCARE,4141
10874,63,1,HEALTHCARE,1544
10875,81,1,,1545
10876,84,2,,4141
10877,10,4,,6032
10878,68,3,,5389
10879,36,2,OTHER,4142
10880,57,2,FOOD,4142
10881,56,2,HEALTHCARE,4143
10882,30,2,FOOD,4143
10883,89,2,,4144
10884,64,1,HEALTHCARE,1546
10885,5,2,,4144
10886,21,1,FINANCEINSURANCE,1547
10887,27,4,HEALTHCARE,6032
10888,67,3,,5390
10889,65,2,FOOD,4145
10890,50,5,FOOD,6392
10891,52,1,FOOD,1548
10892,63,1,HEALTHCARE,1549
10893,35,2,FINANCEINSURANCE,4145
10894,28,1,FINANCEINSURANCE,1550
10895,56,4,FOOD,6032
10896,68,2,,4146
10897,36,2,HEALTHCARE,4146
10898,62,2,FOOD,4147
10899,57,2,HEALTHCARE,4147
10900,45,2,HEALTHCARE,4148
10901,66,5,,6392
10902,16,2,,4148
10903,70,4,,6033
10904,16,3,,5390
10905,63,1,FOOD,1551
10906,100,1,,1552
10907,46,1,HEALTHCARE,1553
10908,64,2,HEALTHCARE,4149
10909,66,4,,6033
10910,70,1,,1554
10911,9,4,,6033
10912,68,1,,1555
10913,63,5,HEALTHCARE,6392
10914,96,1,,1556
10915,29,2,HEALTHCARE,4149
10916,27,2,OTHER,4150
10917,5,6,,6559
10918,77,1,,1557
10919,58,2,Unemployed,4150
10920,54,3,FOOD,5390
10921,3,2,,4151
10922,55,4,HEALTHCARE,6033
10923,65,5,HEALTHCARE,6393
10924,19,3,OTHER,5391
10925,69,1,,1558
10926,26,3,FINANCEINSURANCE,5391
10927,2,2,,4151
10928,61,4,FOOD,6034
10929,32,3,HEALTHCARE,5391
10930,65,5,HEALTHCARE,6393
10931,0,1,,1559
10932,51,2,FOOD,4152
10933,55,2,FINANCEINSURANCE,4152
10934,8,2,,4153
10935,12,2,,4153
10936,39,1,FOOD,1560
10937,18,3,HEALTHCARE,5392
10938,47,2,FOOD,4154
10939,62,3,OTHER,5392
10940,47,2,HEALTHCARE,4154
10941,69,2,,4155
10942,63,1,HEALTHCARE,1561
10943,28,2,FINANCEINSURANCE,4155
10944,76,5,,6393
10945,22,3,FOOD,5392
10946,35,6,HEALTHCARE,6559
10947,68,6,,6560
10948,31,4,HEALTHCARE,6034
10949,32,1,HEALTHCARE,1562
10950,64,2,HEALTHCARE,4156
10951,14,2,,4156
10952,26,3,FOOD,5393
10953,81,4,,6034
10954,14,3,,5393
10955,68,2,,4157
10956,32,3,HEALTHCARE,5393
10957,62,2,HEALTHCARE,4157
10958,17,2,,4158
10959,87,6,,6560
10960,55,2,FOOD,4158
10961,20,4,FOOD,6034
10962,50,2,FOOD,4159
10963,9,5,,6393
10964,19,1,Unemployed,1563
10965,3,2,,4159
10966,14,5,,6393
10967,30,2,HEALTHCARE,4160
10968,62,1,FOOD,1564
10969,60,1,FOOD,1565
10970,40,2,HEALTHCARE,4160
10971,7,6,,6560
10972,19,3,HEALTHCARE,5394
10973,63,4,FINANCEINSURANCE,6035
10974,51,2,HEALTHCARE,4161
10975,73,3,,5394
10976,55,2,Unemployed,4161
10977,37,2,HEALTHCARE,4162
10978,0,5,,6394
10979,58,1,FOOD,1566
10980,31,6,HEALTHCARE,6560
10981,66,3,,5394
10982,47,3,HEALTHCARE,5395
10983,1,1,,1567
10984,41,2,HEALTHCARE,4162
10985,54,2,FOOD,4163
10986,1,2,,4163
10987,76,2,,4164
10988,33,6,HEALTHCARE,6560
10989,50,6,HEALTHCARE,6560
10990,10,4,,6035
10991,63,4,FOOD,6035
10992,53,2,HEALTHCARE,4164
10993,34,2,FOOD,4165
10994,37,4,HEALTHCARE,6035
10995,14,1,,1568
10996,30,1,FOOD,1569
10997,59,3,OTHER,5395
10998,65,2,FOOD,4165
10999,21,1,FINANCEINSURANCE,1570
11000,0,2,,4166
11001,14,3,,5395
11002,67,2,,4166
11003,33,2,FOOD,4167
11004,95,1,,1571
11005,2,5,,6394
11006,52,2,FOOD,4167
11007,69,4,,6036
11008,32,3,FOOD,5396
11009,61,4,FOOD,6036
11010,24,1,HEALTHCARE,1572
11011,39,2,HEALTHCARE,4168
11012,41,1,Unemployed,1573
11013,15,3,,5396
11014,32,3,HEALTHCARE,5396
11015,70,4,,6036
11016,35,2,FOOD,4168
11017,31,4,HEALTHCARE,6036
11018,36,1,HEALTHCARE,1574
11019,9,3,,5397
11020,35,1,HEALTHCARE,1575
11021,13,5,,6394
11022,12,2,,4169
11023,69,1,,1576
11024,63,6,FOOD,6561
11025,14,1,,1577
11026,61,2,WASTEMANAGEMENT,4169
11027,3,2,,4170
11028,67,3,,5397
11029,60,1,Unemployed,1578
11030,17,5,,6394
11031,27,2,Unemployed,4170
11032,0,1,,1579
11033,58,1,HEALTHCARE,1580
11034,38,2,FOOD,4171
11035,74,1,,1581
11036,34,3,Unemployed,5397
11037,62,2,HEALTHCARE,4171
11038,38,4,HEALTHCARE,6037
11039,48,2,FOOD,4172
11040,9,2,,4172
11041,21,3,FOOD,5398
11042,48,2,OTHER,4173
11043,11,4,,6037
11044,61,5,HEALTHCARE,6394
11045,60,2,FOOD,4173
11046,40,2,HEALTHCARE,4174
11047,63,6,Unemployed,6561
11048,71,1,,1582
11049,61,2,HEALTHCARE,4174
11050,64,5,OTHER,6395
11051,51,1,FOOD,1583
11052,38,5,HEALTHCARE,6395
11053,61,2,FOOD,4175
11054,50,4,HEALTHCARE,6037
11055,26,4,HEALTHCARE,6037
11056,40,4,HEALTHCARE,6038
11057,63,4,HEALTHCARE,6038
11058,82,1,,1584
11059,12,3,,5398
11060,56,2,FOOD,4175
11061,61,2,HEALTHCARE,4176
11062,83,4,,6038
11063,22,6,FOOD,6561
11064,44,3,FOOD,5398
11065,31,2,Unemployed,4176
11066,43,5,FOOD,6395
11067,32,4,FOOD,6038
11068,66,5,,6395
11069,85,4,,6039
11070,50,4,FINANCEINSURANCE,6039
11071,41,4,OTHER,6039
11072,53,2,HEALTHCARE,4177
11073,2,3,,5399
11074,11,2,,4177
11075,12,5,,6395
11076,72,5,,6396
11077,26,6,FOOD,6561
11078,61,1,HEALTHCARE,1585
11079,8,6,,6561
11080,62,4,FOOD,6039
11081,47,3,FINANCEINSURANCE,5399
11082,34,2,HEALTHCARE,4178
11083,54,2,WASTEMANAGEMENT,4178
11084,24,6,OTHER,6561
11085,14,2,,4179
11086,33,4,FINANCEINSURANCE,6040
11087,49,2,HEALTHCARE,4179
11088,26,5,FOOD,6396
11089,60,1,HEALTHCARE,1586
11090,54,1,FOOD,1587
11091,32,2,OTHER,4180
11092,60,2,FOOD,4180
11093,57,5,HEALTHCARE,6396
11094,55,2,HEALTHCARE,4181
11095,60,2,FINANCEINSURANCE,4181
11096,27,2,FOOD,4182
11097,70,4,,6040
11098,30,1,HEALTHCARE,1588
11099,44,2,HEALTHCARE,4182
11100,27,2,OTHER,4183
11101,54,3,Unemployed,5399
11102,24,2,HEALTHCARE,4183
11103,80,2,,4184
11104,52,2,HEALTHCARE,4184
11105,56,1,FOOD,1589
11106,45,6,HEALTHCARE,6562
11107,44,2,FOOD,4185
11108,27,3,HEALTHCARE,5400
11109,2,3,,5400
11110,63,3,FINANCEINSURANCE,5400
11111,23,5,HEALTHCARE,6396
11112,30,5,FOOD,6396
11113,77,3,,5401
11114,49,2,HEALTHCARE,4185
11115,53,3,FINANCEINSURANCE,5401
11116,58,2,FINANCEINSURANCE,4186
11117,2,2,,4186
11118,21,5,FOOD,6397
11119,52,6,HEALTHCARE,6562
11120,87,2,,4187
11121,61,4,OTHER,6040
11122,65,3,FOOD,5401
11123,15,1,,1590
11124,64,3,FOOD,5402
11125,27,4,HEALTHCARE,6040
11126,29,3,HEALTHCARE,5402
11127,37,1,HEALTHCARE,1591
11128,17,4,,6041
11129,13,5,,6397
11130,76,6,,6562
11131,48,5,HEALTHCARE,6397
11132,77,3,,5402
11133,66,2,,4187
11134,61,4,FOOD,6041
11135,33,5,HEALTHCARE,6397
11136,66,3,,5403
11137,50,2,HEALTHCARE,4188
11138,66,4,,6041
11139,34,1,HEALTHCARE,1592
11140,56,2,HEALTHCARE,4188
11141,11,1,,1593
11142,46,5,FINANCEINSURANCE,6397
11143,29,3,FOOD,5403
11144,70,6,,6562
11145,61,5,FINANCEINSURANCE,6398
11146,55,1,HEALTHCARE,1594
11147,75,2,,4189
11148,54,1,FINANCEINSURANCE,1595
11149,64,5,HEALTHCARE,6398
11150,31,3,HEALTHCARE,5403
11151,98,2,,4189
11152,48,4,HEALTHCARE,6041
11153,11,2,,4190
11154,72,1,,1596
11155,53,4,HEALTHCARE,6042
11156,67,6,,6562
11157,12,6,,6562
11158,85,1,,1597
11159,78,6,,6563
11160,57,1,WASTEMANAGEMENT,1598
11161,38,5,HEALTHCARE,6398
11162,88,2,,4190
11163,63,2,HEALTHCARE,4191
11164,48,4,HEALTHCARE,6042
11165,63,4,FOOD,6042
11166,65,3,Unemployed,5404
11167,68,4,,6042
11168,69,2,,4191
11169,63,6,OTHER,6563
11170,57,3,HEALTHCARE,5404
11171,7,4,,6043
11172,58,2,FOOD,4192
11173,79,5,,6398
11174,47,3,FOOD,5404
11175,89,1,,1599
11176,50,4,FOOD,6043
11177,47,4,HEALTHCARE,6043
11178,67,2,,4192
11179,59,2,HEALTHCARE,4193
11180,14,4,,6043
11181,11,4,,6044
11182,49,5,FINANCEINSURANCE,6398
11183,52,4,HEALTHCARE,6044
11184,50,2,FOOD,4193
11185,18,2,FOOD,4194
11186,70,2,,4194
11187,44,5,HEALTHCARE,6399
11188,46,1,HEALTHCARE,1600
11189,13,2,,4195
11190,56,1,FOOD,1601
11191,42,5,FOOD,6399
11192,13,1,,1602
11193,62,2,Unemployed,4195
11194,96,3,,5405
11195,66,2,,4196
11196,82,4,,6044
11197,68,2,,4196
11198,19,5,Unemployed,6399
11199,22,2,HEALTHCARE,4197
11200,52,4,HEALTHCARE,6044
11201,58,4,FOOD,6045
11202,29,2,FOOD,4197
11203,100,1,,1603
11204,1,5,,6399
11205,54,4,FINANCEINSURANCE,6045
11206,15,2,,4198
11207,26,2,FINANCEINSURANCE,4198
11208,25,2,FOOD,4199
11209,6,2,,4199
11210,5,5,,6399
11211,59,3,FOOD,5405
11212,79,1,,1604
11213,61,3,FINANCEINSURANCE,5405
11214,7,4,,6045
11215,46,5,FOOD,6400
11216,67,6,,6563
11217,18,1,OTHER,1605
11218,65,1,HEALTHCARE,1606
11219,69,3,,5406
11220,68,2,,4200
11221,63,2,FOOD,4200
11222,69,4,,6045
11223,36,4,HEALTHCARE,6046
11224,15,2,,4201
11225,2,1,,1607
11226,21,3,FOOD,5406
11227,53,5,HEALTHCARE,6400
11228,67,3,,5406
11229,14,4,,6046
11230,71,2,,4201
11231,4,2,,4202
11232,70,2,,4202
11233,29,1,HEALTHCARE,1608
11234,6,1,,1609
11235,6,5,,6400
11236,65,3,HEALTHCARE,5407
11237,21,1,HEALTHCARE,1610
11238,25,3,FOOD,5407
11239,7,3,,5407
11240,73,2,,4203
11241,17,2,,4203
11242,2,2,,4204
11243,52,2,WASTEMANAGEMENT,4204
11244,21,4,FOOD,6046
11245,13,4,,6046
11246,20,2,FOOD,4205
11247,42,4,FOOD,6047
11248,78,1,,1611
11249,55,2,FOOD,4205
11250,67,5,,6400
11251,40,4,HEALTHCARE,6047
11252,51,3,FINANCEINSURANCE,5408
11253,52,1,FOOD,1612
11254,91,2,,4206
11255,23,1,HEALTHCARE,1613
11256,25,6,HEALTHCARE,6563
11257,27,5,Unemployed,6400
11258,46,3,HEALTHCARE,5408
11259,16,1,,1614
11260,49,2,FINANCEINSURANCE,4206
11261,57,4,FOOD,6047
11262,0,2,,4207
11263,59,3,HEALTHCARE,5408
11264,74,3,,5409
11265,49,2,Unemployed,4207
11266,59,4,FOOD,6047
11267,11,4,,6048
11268,80,2,,4208
11269,26,2,HEALTHCARE,4208
11270,47,6,HEALTHCARE,6563
11271,8,2,,4209
11272,36,2,FOOD,4209
11273,83,2,,4210
11274,30,2,HEALTHCARE,4210
11275,91,2,,4211
11276,77,3,,5409
11277,40,6,FOOD,6563
11278,64,4,FINANCEINSURANCE,6048
11279,5,4,,6048
11280,72,2,,4211
11281,62,5,HEALTHCARE,6401
11282,46,3,HEALTHCARE,5409
11283,43,3,FOOD,5410
11284,6,1,,1615
11285,55,2,WASTEMANAGEMENT,4212
11286,23,2,Unemployed,4212
11287,47,2,OTHER,4213
11288,75,2,,4213
11289,38,3,FOOD,5410
11290,36,5,FINANCEINSURANCE,6401
11291,51,4,Unemployed,6048
11292,21,5,HEALTHCARE,6401
11293,41,5,Unemployed,6401
11294,3,3,,5410
11295,27,2,FOOD,4214
11296,73,3,,5411
11297,77,3,,5411
11298,57,4,FOOD,6049
11299,47,4,HEALTHCARE,6049
11300,60,3,FOOD,5411
11301,43,2,HEALTHCARE,4214
11302,13,1,,1616
11303,78,2,,4215
11304,57,2,FINANCEINSURANCE,4215
11305,0,6,,6564
11306,63,5,Unemployed,6401
11307,55,3,HEALTHCARE,5412
11308,65,3,FINANCEINSURANCE,5412
11309,64,2,HEALTHCARE,4216
11310,27,4,FOOD,6049
11311,66,3,,5412
11312,1,3,,5413
11313,65,4,FOOD,6049
11314,38,5,FOOD,6402
11315,47,2,HEALTHCARE,4216
11316,76,6,,6564
11317,64,2,FINANCEINSURANCE,4217
11318,19,2,HEALTHCARE,4217
11319,55,4,FINANCEINSURANCE,6050
11320,67,3,,5413
11321,11,2,,4218
11322,65,6,HEALTHCARE,6564
11323,68,4,,6050
11324,70,1,,1617
11325,56,2,FINANCEINSURANCE,4218
11326,15,3,,5413
11327,23,3,FOOD,5414
11328,32,1,FOOD,1618
11329,35,1,HEALTHCARE,1619
11330,28,2,FINANCEINSURANCE,4219
11331,33,4,HEALTHCARE,6050
11332,79,2,,4219
11333,31,4,HEALTHCARE,6050
11334,41,1,HEALTHCARE,1620
11335,71,5,,6402
11336,56,6,FINANCEINSURANCE,6564
11337,44,2,HEALTHCARE,4220
11338,65,1,FOOD,1621
11339,53,2,HEALTHCARE,4220
11340,43,2,HEALTHCARE,4221
11341,32,6,FOOD,6564
11342,17,2,,4221
11343,38,1,HEALTHCARE,1622
11344,57,4,Unemployed,6051
11345,65,3,FOOD,5414
11346,55,2,FOOD,4222
11347,50,2,HEALTHCARE,4222
11348,51,4,HEALTHCARE,6051
11349,36,1,FOOD,1623
11350,50,3,HEALTHCARE,5414
11351,26,3,FOOD,5415
11352,62,4,HEALTHCARE,6051
11353,70,5,,6402
11354,27,2,Unemployed,4223
11355,41,2,HEALTHCARE,4223
11356,95,2,,4224
11357,83,2,,4224
11358,11,1,,1624
11359,55,2,FOOD,4225
11360,61,4,FOOD,6051
11361,18,3,HEALTHCARE,5415
11362,49,5,FINANCEINSURANCE,6402
11363,65,5,HEALTHCARE,6402
11364,35,6,HEALTHCARE,6564
11365,29,2,FOOD,4225
11366,50,5,FOOD,6403
11367,39,3,FOOD,5415
11368,41,3,HEALTHCARE,5416
11369,75,1,,1625
11370,20,2,FOOD,4226
11371,56,2,HEALTHCARE,4226
11372,49,4,HEALTHCARE,6052
11373,3,4,,6052
11374,34,4,HEALTHCARE,6052
11375,83,6,,6565
11376,11,2,,4227
11377,76,1,,1626
11378,63,2,FOOD,4227
11379,1,4,,6052
11380,20,2,HEALTHCARE,4228
11381,51,1,FOOD,1627
11382,58,5,HEALTHCARE,6403
11383,78,4,,6053
11384,47,2,HEALTHCARE,4228
11385,17,4,,6053
11386,61,4,FOOD,6053
11387,8,2,,4229
11388,10,5,,6403
11389,69,2,,4229
11390,56,3,FOOD,5416
11391,77,4,,6053
11392,70,4,,6054
11393,44,3,Unemployed,5416
11394,24,2,HEALTHCARE,4230
11395,43,2,HEALTHCARE,4230
11396,78,4,,6054
11397,50,1,Unemployed,1628
11398,9,3,,5417
11399,30,2,FINANCEINSURANCE,4231
11400,16,4,,6054
11401,57,2,Unemployed,4231
11402,16,4,,6054
11403,63,1,FOOD,1629
11404,62,4,HEALTHCARE,6055
11405,40,3,HEALTHCARE,5417
11406,20,2,FOOD,4232
11407,44,5,Unemployed,6403
11408,65,5,FOOD,6403
11409,44,5,HEALTHCARE,6404
11410,62,6,FINANCEINSURANCE,6565
11411,82,3,,5417
11412,4,3,,5418
11413,62,4,HEALTHCARE,6055
11414,62,5,FOOD,6404
11415,74,2,,4232
11416,52,1,FOOD,1630
11417,51,4,HEALTHCARE,6055
11418,46,3,FOOD,5418
11419,61,3,FOOD,5418
11420,18,3,HEALTHCARE,5419
11421,50,2,Unemployed,4233
11422,2,2,,4233
11423,47,2,FINANCEINSURANCE,4234
11424,51,2,FINANCEINSURANCE,4234
11425,45,3,HEALTHCARE,5419
11426,58,2,HEALTHCARE,4235
11427,7,2,,4235
11428,80,1,,1631
11429,22,5,HEALTHCARE,6404
11430,47,5,HEALTHCARE,6404
11431,63,4,WASTEMANAGEMENT,6055
11432,53,2,FOOD,4236
11433,74,5,,6404
11434,98,4,,6056
11435,63,2,HEALTHCARE,4236
11436,60,2,FOOD,4237
11437,79,3,,5419
11438,32,2,HEALTHCARE,4237
11439,12,2,,4238
11440,65,4,FOOD,6056
11441,12,1,,1632
11442,3,4,,6056
11443,62,2,FOOD,4238
11444,54,4,HEALTHCARE,6056
11445,21,2,HEALTHCARE,4239
11446,62,4,FOOD,6057
11447,6,2,,4239
11448,21,1,HEALTHCARE,1633
11449,10,3,,5420
11450,3,5,,6405
11451,64,2,Unemployed,4240
11452,36,6,HEALTHCARE,6565
11453,28,2,HEALTHCARE,4240
11454,45,3,FOOD,5420
11455,58,1,HEALTHCARE,1634
11456,31,2,HEALTHCARE,4241
11457,43,1,HEALTHCARE,1635
11458,78,1,,1636
11459,8,6,,6565
11460,67,2,,4241
11461,70,2,,4242
11462,51,6,HEALTHCARE,6565
11463,53,2,OTHER,4242
11464,85,1,,1637
11465,60,6,HEALTHCARE,6565
11466,47,2,FINANCEINSURANCE,4243
11467,52,5,HEALTHCARE,6405
11468,62,2,FOOD,4243
11469,13,2,,4244
11470,52,1,HEALTHCARE,1638
11471,36,2,HEALTHCARE,4244
11472,27,2,HEALTHCARE,4245
11473,7,2,,4245
11474,73,2,,4246
11475,29,5,FOOD,6405
11476,55,4,FINANCEINSURANCE,6057
11477,68,2,,4246
11478,6,5,,6405
11479,49,4,HEALTHCARE,6057
11480,19,3,FOOD,5420
11481,71,3,,5421
11482,42,2,HEALTHCARE,4247
11483,11,5,,6405
11484,54,2,HEALTHCARE,4247
11485,60,2,FINANCEINSURANCE,4248
11486,69,4,,6057
11487,61,4,HEALTHCARE,6058
11488,10,2,,4248
11489,42,2,FOOD,4249
11490,28,2,HEALTHCARE,4249
11491,57,3,FOOD,5421
11492,57,2,HEALTHCARE,4250
11493,19,2,Unemployed,4250
11494,100,3,,5421
11495,59,2,HEALTHCARE,4251
11496,49,3,Unemployed,5422
11497,22,2,Unemployed,4251
11498,7,4,,6058
11499,75,1,,1639
11500,60,2,HEALTHCARE,4252
11501,30,6,OTHER,6566
11502,13,5,,6406
11503,68,2,,4252
11504,64,2,HEALTHCARE,4253
11505,6,2,,4253
11506,78,2,,4254
11507,30,1,HEALTHCARE,1640
11508,55,4,HEALTHCARE,6058
11509,62,1,HEALTHCARE,1641
11510,75,1,,1642
11511,63,2,FOOD,4254
11512,65,2,HEALTHCARE,4255
11513,52,6,FOOD,6566
11514,41,5,FOOD,6406
11515,4,2,,4255
11516,70,2,,4256
11517,56,3,FOOD,5422
11518,74,2,,4256
11519,20,4,Unemployed,6058
11520,53,2,HEALTHCARE,4257
11521,51,3,Unemployed,5422
11522,54,2,FOOD,4257
11523,31,2,FOOD,4258
11524,7,2,,4258
11525,0,6,,6566
11526,71,2,,4259
11527,34,2,FOOD,4259
11528,55,1,HEALTHCARE,1643
11529,51,1,FOOD,1644
11530,29,2,FOOD,4260
11531,61,2,OTHER,4260
11532,1,3,,5423
11533,8,2,,4261
11534,2,2,,4261
11535,41,4,Unemployed,6059
11536,49,1,HEALTHCARE,1645
11537,0,1,,1646
11538,66,2,,4262
11539,65,4,FOOD,6059
11540,59,2,FOOD,4262
11541,19,4,FOOD,6059
11542,62,4,FOOD,6059
11543,53,2,FOOD,4263
11544,6,2,,4263
11545,69,5,,6406
11546,62,1,FOOD,1647
11547,66,2,,4264
11548,41,2,HEALTHCARE,4264
11549,48,3,FOOD,5423
11550,8,5,,6406
11551,52,4,Unemployed,6060
11552,74,1,,1648
11553,35,3,FOOD,5423
11554,60,4,FOOD,6060
11555,60,5,FOOD,6406
11556,36,4,HEALTHCARE,6060
11557,52,6,FOOD,6566
11558,59,3,HEALTHCARE,5424
11559,12,2,,4265
11560,38,4,HEALTHCARE,6060
11561,65,4,HEALTHCARE,6061
11562,56,3,HEALTHCARE,5424
11563,36,4,OTHER,6061
11564,5,2,,4265
11565,99,1,,1649
11566,48,2,FOOD,4266
11567,46,2,Unemployed,4266
11568,42,2,OTHER,4267
11569,65,4,FOOD,6061
11570,40,2,FINANCEINSURANCE,4267
11571,99,4,,6061
11572,63,2,HEALTHCARE,4268
11573,66,3,,5424
11574,26,2,OTHER,4268
11575,50,6,HEALTHCARE,6566
11576,18,3,HEALTHCARE,5425
11577,19,2,FOOD,4269
11578,93,2,,4269
11579,49,2,HEALTHCARE,4270
11580,21,2,FOOD,4270
11581,46,3,OTHER,5425
11582,19,4,HEALTHCARE,6062
11583,29,3,HEALTHCARE,5425
11584,71,3,,5426
11585,1,1,,1650
11586,67,1,,1651
11587,42,4,FINANCEINSURANCE,6062
11588,79,4,,6062
11589,79,2,,4271
11590,23,1,HEALTHCARE,1652
11591,0,2,,4271
11592,50,4,FOOD,6062
11593,48,1,Unemployed,1653
11594,12,5,,6407
11595,45,2,HEALTHCARE,4272
11596,46,3,FOOD,5426
11597,69,2,,4272
11598,45,3,HEALTHCARE,5426
11599,48,4,FINANCEINSURANCE,6063
11600,68,1,,1654
11601,49,2,HEALTHCARE,4273
11602,40,2,FINANCEINSURANCE,4273
11603,36,2,HEALTHCARE,4274
11604,61,2,FOOD,4274
11605,73,6,,6566
11606,68,4,,6063
11607,69,5,,6407
11608,95,6,,6567
11609,61,3,HEALTHCARE,5427
11610,2,3,,5427
11611,61,3,HEALTHCARE,5427
11612,54,4,FOOD,6063
11613,51,2,FOOD,4275
11614,43,6,HEALTHCARE,6567
11615,96,1,,1655
11616,45,2,FOOD,4275
11617,69,4,,6063
11618,56,2,FOOD,4276
11619,18,2,HEALTHCARE,4276
11620,69,1,,1656
11621,63,3,HEALTHCARE,5428
11622,14,3,,5428
11623,50,2,FOOD,4277
11624,76,2,,4277
11625,66,5,,6407
11626,30,3,OTHER,5428
11627,3,4,,6064
11628,53,2,HEALTHCARE,4278
11629,46,6,FINANCEINSURANCE,6567
11630,7,3,,5429
11631,67,5,,6407
11632,48,5,HEALTHCARE,6407
11633,73,1,,1657
11634,60,3,FOOD,5429
11635,12,4,,6064
11636,67,2,,4278
11637,51,2,FOOD,4279
11638,69,4,,6064
11639,6,2,,4279
11640,6,3,,5429
11641,78,2,,4280
11642,68,3,,5430
11643,37,3,FOOD,5430
11644,48,6,HEALTHCARE,6567
11645,60,2,HEALTHCARE,4280
11646,5,2,,4281
11647,57,4,HEALTHCARE,6064
11648,77,1,,1658
11649,77,3,,5430
11650,55,1,FOOD,1659
11651,8,2,,4281
11652,69,3,,5431
11653,73,3,,5431
11654,64,2,FOOD,4282
11655,33,3,HEALTHCARE,5431
11656,82,2,,4282
11657,62,5,HEALTHCARE,6408
11658,40,1,FOOD,1660
11659,73,4,,6065
11660,49,3,FOOD,5432
11661,21,4,FOOD,6065
11662,74,3,,5432
11663,68,2,,4283
11664,11,4,,6065
11665,6,3,,5432
11666,38,3,FOOD,5433
11667,57,5,Unemployed,6408
11668,79,1,,1661
11669,32,1,HEALTHCARE,1662
11670,89,1,,1663
11671,63,2,HEALTHCARE,4283
11672,14,2,,4284
11673,54,2,OTHER,4284
11674,68,4,,6065
11675,30,3,HEALTHCARE,5433
11676,63,4,HEALTHCARE,6066
11677,24,2,HEALTHCARE,4285
11678,99,1,,1664
11679,77,2,,4285
11680,82,2,,4286
11681,69,3,,5433
11682,77,5,,6408
11683,91,3,,5434
11684,62,4,OTHER,6066
11685,35,1,FOOD,1665
11686,37,1,HEALTHCARE,1666
11687,38,4,HEALTHCARE,6066
11688,78,3,,5434
11689,65,6,FOOD,6567
11690,3,2,,4286
11691,66,5,,6408
11692,52,3,FINANCEINSURANCE,5434
11693,20,1,HEALTHCARE,1667
11694,54,1,HEALTHCARE,1668
11695,67,2,,4287
11696,37,2,FOOD,4287
11697,54,3,HEALTHCARE,5435
11698,18,5,FOOD,6408
11699,8,3,,5435
11700,59,2,FOOD,4288
11701,27,2,FINANCEINSURANCE,4288
11702,15,2,,4289
11703,35,2,HEALTHCARE,4289
11704,38,2,FOOD,4290
11705,56,3,OTHER,5435
11706,34,1,FOOD,1669
11707,90,2,,4290
11708,93,6,,6567
11709,10,3,,5436
11710,68,2,,4291
11711,24,4,HEALTHCARE,6066
11712,50,2,FOOD,4291
11713,63,2,FOOD,4292
11714,25,2,HEALTHCARE,4292
11715,67,2,,4293
11716,66,3,,5436
11717,53,4,HEALTHCARE,6067
11718,59,4,FOOD,6067
11719,29,1,FOOD,1670
11720,65,2,FOOD,4293
11721,4,1,,1671
11722,42,5,OTHER,6409
11723,66,2,,4294
11724,78,4,,6067
11725,65,3,WASTEMANAGEMENT,5436
11726,76,4,,6067
11727,52,2,HEALTHCARE,4294
11728,65,3,FOOD,5437
11729,26,4,FOOD,6068
11730,58,4,HEALTHCARE,6068
11731,43,2,HEALTHCARE,4295
11732,63,2,HEALTHCARE,4295
11733,42,2,Unemployed,4296
11734,50,3,FOOD,5437
11735,11,5,,6409
11736,64,2,HEALTHCARE,4296
11737,99,2,,4297
11738,0,4,,6068
11739,2,3,,5437
11740,50,5,HEALTHCARE,6409
11741,29,2,Unemployed,4297
11742,68,4,,6068
11743,26,2,HEALTHCARE,4298
11744,62,4,FOOD,6069
11745,61,5,FOOD,6409
11746,58,3,HEALTHCARE,5438
11747,22,2,HEALTHCARE,4298
11748,58,6,FOOD,6568
11749,39,2,FINANCEINSURANCE,4299
11750,74,2,,4299
11751,91,2,,4300
11752,68,5,,6409
11753,64,2,HEALTHCARE,4300
11754,55,3,WASTEMANAGEMENT,5438
11755,56,6,OTHER,6568
11756,73,5,,6410
11757,30,2,HEALTHCARE,4301
11758,60,2,HEALTHCARE,4301
11759,69,1,,1672
11760,46,4,HEALTHCARE,6069
11761,50,5,HEALTHCARE,6410
11762,22,2,HEALTHCARE,4302
11763,69,3,,5438
11764,70,3,,5439
11765,22,1,FOOD,1673
11766,57,2,Unemployed,4302
11767,24,2,HEALTHCARE,4303
11768,15,2,,4303
11769,55,4,HEALTHCARE,6069
11770,31,6,FOOD,6568
11771,17,6,,6568
11772,51,3,FOOD,5439
11773,67,2,,4304
11774,7,1,,1674
11775,51,4,HEALTHCARE,6069
11776,10,5,,6410
11777,42,1,HEALTHCARE,1675
11778,25,5,FOOD,6410
11779,44,3,FINANCEINSURANCE,5439
11780,71,4,,6070
11781,78,1,,1676
11782,61,2,OTHER,4304
11783,66,3,,5440
11784,23,4,Unemployed,6070
11785,97,4,,6070
11786,80,3,,5440
11787,57,2,HEALTHCARE,4305
11788,70,3,,5440
11789,4,6,,6568
11790,60,2,FOOD,4305
11791,29,1,FOOD,1677
11792,15,1,,1678
11793,61,1,HEALTHCARE,1679
11794,84,1,,1680
11795,23,4,FOOD,6070
11796,1,4,,6071
11797,89,5,,6410
11798,47,4,HEALTHCARE,6071
11799,70,5,,6411
11800,48,3,HEALTHCARE,5441
11801,76,5,,6411
11802,17,3,,5441
11803,40,1,OTHER,1681
11804,54,2,HEALTHCARE,4306
11805,3,5,,6411
11806,45,5,HEALTHCARE,6411
11807,75,2,,4306
11808,34,2,FOOD,4307
11809,33,1,FOOD,1682
11810,81,2,,4307
11811,28,1,OTHER,1683
11812,63,2,HEALTHCARE,4308
11813,38,2,OTHER,4308
11814,79,3,,5441
11815,69,1,,1684
11816,50,5,HEALTHCARE,6411
11817,11,1,,1685
11818,33,3,FOOD,5442
11819,35,2,HEALTHCARE,4309
11820,42,2,FOOD,4309
11821,19,2,HEALTHCARE,4310
11822,97,3,,5442
11823,54,4,FOOD,6071
11824,36,5,HEALTHCARE,6412
11825,15,4,,6071
11826,15,3,,5442
11827,13,3,,5443
11828,74,5,,6412
11829,45,2,HEALTHCARE,4310
11830,32,3,FOOD,5443
11831,73,2,,4311
11832,8,2,,4311
11833,37,1,HEALTHCARE,1686
11834,20,1,HEALTHCARE,1687
11835,13,2,,4312
11836,45,6,HEALTHCARE,6568
11837,44,2,FOOD,4312
11838,17,2,,4313
11839,4,3,,5443
11840,61,3,FOOD,5444
11841,23,5,FINANCEINSURANCE,6412
11842,31,2,HEALTHCARE,4313
11843,49,1,FOOD,1688
11844,75,2,,4314
11845,24,2,FOOD,4314
11846,66,4,,6072
11847,72,2,,4315
11848,32,6,FOOD,6569
11849,67,3,,5444
11850,95,4,,6072
11851,48,3,HEALTHCARE,5444
11852,64,4,HEALTHCARE,6072
11853,58,1,HEALTHCARE,1689
11854,66,4,,6072
11855,33,2,FOOD,4315
11856,69,4,,6073
11857,31,2,Unemployed,4316
11858,25,3,FINANCEINSURANCE,5445
11859,79,2,,4316
11860,7,4,,6073
11861,65,3,FINANCEINSURANCE,5445
11862,14,5,,6412
11863,16,1,,1690
11864,62,2,HEALTHCARE,4317
11865,53,5,FOOD,6412
11866,67,1,,1691
11867,18,3,OTHER,5445
11868,63,2,HEALTHCARE,4317
11869,6,3,,5446
11870,80,2,,4318
11871,34,2,FOOD,4318
11872,66,3,,5446
11873,46,2,Unemployed,4319
11874,61,4,FOOD,6073
11875,68,2,,4319
11876,79,4,,6073
11877,33,2,HEALTHCARE,4320
11878,21,1,FOOD,1692
11879,29,1,Unemployed,1693
11880,39,2,FOOD,4320
11881,29,4,HEALTHCARE,6074
11882,24,2,HEALTHCARE,4321
11883,2,3,,5446
11884,45,3,FOOD,5447
11885,3,2,,4321
11886,46,3,HEALTHCARE,5447
11887,75,4,,6074
11888,48,2,HEALTHCARE,4322
11889,76,2,,4322
11890,42,4,HEALTHCARE,6074
11891,52,4,WASTEMANAGEMENT,6074
11892,43,2,HEALTHCARE,4323
11893,38,2,HEALTHCARE,4323
11894,29,3,FOOD,5447
11895,88,2,,4324
11896,20,5,HEALTHCARE,6413
11897,54,3,HEALTHCARE,5448
11898,50,4,FOOD,6075
11899,21,2,FINANCEINSURANCE,4324
11900,61,2,HEALTHCARE,4325
11901,34,4,HEALTHCARE,6075
11902,11,4,,6075
11903,42,2,HEALTHCARE,4325
11904,66,3,,5448
11905,23,4,Unemployed,6075
11906,70,3,,5448
11907,17,1,,1694
11908,67,3,,5449
11909,46,6,HEALTHCARE,6569
11910,64,2,FOOD,4326
11911,3,1,,1695
11912,76,2,,4326
11913,77,2,,4327
11914,41,2,FOOD,4327
11915,62,2,FINANCEINSURANCE,4328
11916,36,4,FOOD,6076
11917,36,2,FOOD,4328
11918,40,2,FOOD,4329
11919,61,5,FOOD,6413
11920,54,4,HEALTHCARE,6076
11921,75,3,,5449
11922,86,3,,5449
11923,22,2,FOOD,4329
11924,5,1,,1696
11925,71,1,,1697
11926,69,3,,5450
11927,63,4,HEALTHCARE,6076
11928,73,2,,4330
11929,55,2,FOOD,4330
11930,1,5,,6413
11931,47,5,HEALTHCARE,6413
11932,21,2,HEALTHCARE,4331
11933,57,3,FOOD,5450
11934,58,2,OTHER,4331
11935,24,2,HEALTHCARE,4332
11936,63,2,HEALTHCARE,4332
11937,62,2,FINANCEINSURANCE,4333
11938,69,5,,6413
11939,65,5,HEALTHCARE,6414
11940,62,2,Unemployed,4333
11941,46,4,WASTEMANAGEMENT,6076
11942,55,4,Unemployed,6077
11943,41,3,HEALTHCARE,5450
11944,18,2,FOOD,4334
11945,64,2,FOOD,4334
11946,60,2,OTHER,4335
11947,59,1,FINANCEINSURANCE,1698
11948,49,5,FOOD,6414
11949,56,1,HEALTHCARE,1699
11950,37,3,FOOD,5451
11951,72,3,,5451
11952,49,3,OTHER,5451
11953,29,1,WASTEMANAGEMENT,1700
11954,23,2,HEALTHCARE,4335
11955,87,2,,4336
11956,65,1,FOOD,1701
11957,63,4,HEALTHCARE,6077
11958,86,1,,1702
11959,60,2,FOOD,4336
11960,64,4,FOOD,6077
11961,53,2,WASTEMANAGEMENT,4337
11962,28,2,HEALTHCARE,4337
11963,68,5,,6414
11964,76,2,,4338
11965,48,1,HEALTHCARE,1703
11966,34,2,HEALTHCARE,4338
11967,58,4,HEALTHCARE,6077
11968,55,2,FOOD,4339
11969,50,3,HEALTHCARE,5452
11970,78,1,,1704
11971,77,4,,6078
11972,52,2,HEALTHCARE,4339
11973,54,3,WASTEMANAGEMENT,5452
11974,11,1,,1705
11975,51,3,HEALTHCARE,5452
11976,12,4,,6078
11977,66,3,,5453
11978,84,3,,5453
11979,14,2,,4340
11980,68,2,,4340
11981,48,4,HEALTHCARE,6078
11982,19,2,HEALTHCARE,4341
11983,40,4,Unemployed,6078
11984,78,5,,6414
11985,65,2,HEALTHCARE,4341
11986,67,3,,5453
11987,49,2,FOOD,4342
11988,56,2,FOOD,4342
11989,64,4,HEALTHCARE,6079
11990,49,2,Unemployed,4343
11991,46,2,HEALTHCARE,4343
11992,26,2,FINANCEINSURANCE,4344
11993,1,3,,5454
11994,20,5,HEALTHCARE,6414
11995,3,1,,1706
11996,6,5,,6415
11997,75,4,,6079
11998,16,6,,6569
11999,41,2,OTHER,4344
12000,64,3,HEALTHCARE,5454
12001,48,5,FOOD,6415
12002,41,6,HEALTHCARE,6569
12003,57,2,Unemployed,4345
12004,38,4,HEALTHCARE,6079
12005,11,3,,5454
12006,93,4,,6079
12007,36,3,Unemployed,5455
12008,62,1,HEALTHCARE,1707
12009,47,5,HEALTHCARE,6415
12010,54,5,OTHER,6415
12011,42,2,OTHER,4345
12012,31,1,FINANCEINSURANCE,1708
12013,59,2,HEALTHCARE,4346
12014,77,5,,6415
12015,63,5,HEALTHCARE,6416
12016,39,4,FOOD,6080
12017,45,2,HEALTHCARE,4346
12018,27,3,FINANCEINSURANCE,5455
12019,73,5,,6416
12020,45,6,FOOD,6569
12021,7,3,,5455
12022,60,2,FOOD,4347
12023,1,6,,6569
12024,4,3,,5456
12025,75,1,,1709
12026,5,2,,4347
12027,64,2,Unemployed,4348
12028,54,4,FOOD,6080
12029,54,2,HEALTHCARE,4348
12030,29,4,HEALTHCARE,6080
12031,7,2,,4349
12032,18,1,Unemployed,1710
12033,50,2,HEALTHCARE,4349
12034,18,2,HEALTHCARE,4350
12035,37,2,FINANCEINSURANCE,4350
12036,39,2,FOOD,4351
12037,52,2,HEALTHCARE,4351
12038,60,2,FOOD,4352
12039,68,2,,4352
12040,62,1,FINANCEINSURANCE,1711
12041,59,2,OTHER,4353
12042,0,3,,5456
12043,7,4,,6080
12044,35,4,HEALTHCARE,6081
12045,32,3,FOOD,5456
12046,16,2,,4353
12047,74,5,,6416
12048,69,1,,1712
12049,3,2,,4354
12050,73,3,,5457
12051,57,2,HEALTHCARE,4354
12052,62,5,FOOD,6416
12053,57,4,FOOD,6081
12054,21,5,FOOD,6416
12055,0,2,,4355
12056,24,3,FINANCEINSURANCE,5457
12057,17,2,,4355
12058,8,2,,4356
12059,70,5,,6417
12060,49,1,FINANCEINSURANCE,1713
12061,55,2,HEALTHCARE,4356
12062,48,3,HEALTHCARE,5457
12063,77,3,,5458
12064,56,4,FOOD,6081
12065,48,2,HEALTHCARE,4357
12066,36,2,FOOD,4357
12067,12,4,,6081
12068,51,5,HEALTHCARE,6417
12069,57,5,HEALTHCARE,6417
12070,61,2,Unemployed,4358
12071,53,1,Unemployed,1714
12072,24,5,FOOD,6417
12073,68,6,,6570
12074,9,1,,1715
12075,13,2,,4358
12076,74,6,,6570
12077,62,1,HEALTHCARE,1716
12078,41,1,FOOD,1717
12079,75,4,,6082
12080,27,4,HEALTHCARE,6082
12081,53,4,WASTEMANAGEMENT,6082
12082,76,4,,6082
12083,5,2,,4359
12084,61,4,HEALTHCARE,6083
12085,24,2,FOOD,4359
12086,67,2,,4360
12087,18,2,HEALTHCARE,4360
12088,63,3,FOOD,5458
12089,76,3,,5458
12090,57,4,HEALTHCARE,6083
12091,67,4,,6083
12092,31,6,HEALTHCARE,6570
12093,1,2,,4361
12094,56,2,FOOD,4361
12095,42,2,OTHER,4362
12096,3,6,,6570
12097,71,4,,6083
12098,92,1,,1718
12099,29,2,FOOD,4362
12100,54,1,FOOD,1719
12101,73,3,,5459
12102,18,4,FOOD,6084
12103,53,5,HEALTHCARE,6417
12104,63,2,OTHER,4363
12105,0,2,,4363
12106,12,6,,6570
12107,35,2,HEALTHCARE,4364
12108,7,2,,4364
12109,97,1,,1720
12110,40,5,FOOD,6418
12111,31,6,HEALTHCARE,6570
12112,79,3,,5459
12113,16,5,,6418
12114,24,3,FOOD,5459
12115,30,2,HEALTHCARE,4365
12116,34,1,FINANCEINSURANCE,1721
12117,59,3,WASTEMANAGEMENT,5460
12118,58,4,HEALTHCARE,6084
12119,49,4,FOOD,6084
12120,60,4,HEALTHCARE,6084
12121,66,2,,4365
12122,25,5,OTHER,6418
12123,53,4,HEALTHCARE,6085
12124,4,2,,4366
12125,56,2,FOOD,4366
12126,80,2,,4367
12127,6,5,,6418
12128,42,2,FOOD,4367
12129,34,4,FINANCEINSURANCE,6085
12130,34,1,HEALTHCARE,1722
12131,17,1,,1723
12132,46,2,HEALTHCARE,4368
12133,99,2,,4368
12134,58,6,HEALTHCARE,6571
12135,27,2,Unemployed,4369
12136,65,3,HEALTHCARE,5460
12137,100,2,,4369
12138,57,4,HEALTHCARE,6085
12139,59,2,FOOD,4370
12140,12,2,,4370
12141,38,2,FOOD,4371
12142,29,5,FOOD,6418
12143,64,2,HEALTHCARE,4371
12144,26,2,FOOD,4372
12145,48,1,HEALTHCARE,1724
12146,67,1,,1725
12147,69,2,,4372
12148,15,2,,4373
12149,13,1,,1726
12150,38,6,HEALTHCARE,6571
12151,43,2,FOOD,4373
12152,15,4,,6085
12153,68,3,,5460
12154,23,2,HEALTHCARE,4374
12155,74,3,,5461
12156,56,1,HEALTHCARE,1727
12157,66,2,,4374
12158,57,2,HEALTHCARE,4375
12159,45,4,HEALTHCARE,6086
12160,39,2,HEALTHCARE,4375
12161,63,3,FOOD,5461
12162,7,2,,4376
12163,66,2,,4376
12164,39,1,HEALTHCARE,1728
12165,55,2,Unemployed,4377
12166,51,4,HEALTHCARE,6086
12167,40,2,FOOD,4377
12168,33,5,FOOD,6419
12169,46,2,FINANCEINSURANCE,4378
12170,74,2,,4378
12171,39,3,OTHER,5461
12172,56,6,FOOD,6571
12173,17,2,,4379
12174,31,5,HEALTHCARE,6419
12175,41,1,HEALTHCARE,1729
12176,60,5,FOOD,6419
12177,78,3,,5462
12178,10,4,,6086
12179,39,2,Unemployed,4379
12180,56,5,Unemployed,6419
12181,20,2,FOOD,4380
12182,75,2,,4380
12183,10,2,,4381
12184,87,3,,5462
12185,35,3,FOOD,5462
12186,49,2,HEALTHCARE,4381
12187,81,5,,6419
12188,19,2,FOOD,4382
12189,76,2,,4382
12190,47,6,HEALTHCARE,6571
12191,62,2,FOOD,4383
12192,16,4,,6086
12193,75,4,,6087
12194,50,5,FOOD,6420
12195,13,2,,4383
12196,77,2,,4384
12197,100,4,,6087
12198,38,3,FOOD,5463
12199,56,2,FOOD,4384
12200,60,2,HEALTHCARE,4385
12201,6,3,,5463
12202,28,2,FOOD,4385
12203,67,6,,6571
12204,69,5,,6420
12205,66,4,,6087
12206,21,5,HEALTHCARE,6420
12207,51,2,FOOD,4386
12208,56,3,FOOD,5463
12209,51,4,WASTEMANAGEMENT,6087
12210,87,2,,4386
12211,76,4,,6088
12212,60,1,FOOD,1730
12213,31,2,HEALTHCARE,4387
12214,25,5,FINANCEINSURANCE,6420
12215,67,4,,6088
12216,55,1,FOOD,1731
12217,1,1,,1732
12218,70,5,,6420
12219,58,2,FINANCEINSURANCE,4387
12220,49,2,Unemployed,4388
12221,23,4,FINANCEINSURANCE,6088
12222,60,2,HEALTHCARE,4388
12223,20,2,FOOD,4389
12224,76,3,,5464
12225,26,5,HEALTHCARE,6421
12226,41,2,HEALTHCARE,4389
12227,26,3,FINANCEINSURANCE,5464
12228,5,4,,6088
12229,33,2,HEALTHCARE,4390
12230,65,5,Unemployed,6421
12231,74,2,,4390
12232,44,3,OTHER,5464
12233,64,2,HEALTHCARE,4391
12234,51,2,HEALTHCARE,4391
12235,52,1,HEALTHCARE,1733
12236,30,4,FOOD,6089
12237,43,3,FOOD,5465
12238,23,4,HEALTHCARE,6089
12239,91,4,,6089
12240,41,2,HEALTHCARE,4392
12241,14,2,,4392
12242,30,2,HEALTHCARE,4393
12243,59,1,FOOD,1734
12244,42,2,HEALTHCARE,4393
12245,16,1,,1735
12246,66,2,,4394
12247,68,4,,6089
12248,4,2,,4394
12249,39,2,HEALTHCARE,4395
12250,76,3,,5465
12251,63,2,FOOD,4395
12252,6,1,,1736
12253,57,2,HEALTHCARE,4396
12254,66,2,,4396
12255,73,5,,6421
12256,73,3,,5465
12257,62,3,WASTEMANAGEMENT,5466
12258,56,5,FOOD,6421
12259,36,2,FOOD,4397
12260,79,1,,1737
12261,35,2,HEALTHCARE,4397
12262,61,4,OTHER,6090
12263,5,5,,6421
12264,61,2,FOOD,4398
12265,29,2,HEALTHCARE,4398
12266,17,2,,4399
12267,66,2,,4399
12268,30,1,HEALTHCARE,1738
12269,68,1,,1739
12270,42,4,HEALTHCARE,6090
12271,72,1,,1740
12272,49,2,HEALTHCARE,4400
12273,45,2,Unemployed,4400
12274,68,1,,1741
12275,5,4,,6090
12276,52,2,FOOD,4401
12277,65,2,FINANCEINSURANCE,4401
12278,9,2,,4402
12279,88,2,,4402
12280,29,2,FOOD,4403
12281,69,2,,4403
12282,10,5,,6422
12283,49,5,FOOD,6422
12284,65,3,FOOD,5466
12285,42,2,HEALTHCARE,4404
12286,40,1,FOOD,1742
12287,56,4,HEALTHCARE,6090
12288,7,2,,4404
12289,48,2,FOOD,4405
12290,42,2,HEALTHCARE,4405
12291,32,5,HEALTHCARE,6422
12292,68,2,,4406
12293,56,3,HEALTHCARE,5466
12294,75,2,,4406
12295,11,3,,5467
12296,52,5,FOOD,6422
12297,16,1,,1743
12298,63,3,HEALTHCARE,5467
12299,0,2,,4407
12300,7,4,,6091
12301,77,3,,5467
12302,55,2,OTHER,4407
12303,45,3,HEALTHCARE,5468
12304,4,3,,5468
12305,78,3,,5468
12306,38,3,FOOD,5469
12307,71,4,,6091
12308,60,4,WASTEMANAGEMENT,6091
12309,63,3,WASTEMANAGEMENT,5469
12310,74,5,,6422
12311,60,2,Unemployed,4408
12312,77,4,,6091
12313,61,2,HEALTHCARE,4408
12314,79,2,,4409
12315,27,2,Unemployed,4409
12316,64,2,HEALTHCARE,4410
12317,19,3,HEALTHCARE,5469
12318,72,4,,6092
12319,74,4,,6092
12320,68,2,,4410
12321,35,2,HEALTHCARE,4411
12322,28,2,HEALTHCARE,4411
12323,99,6,,6571
12324,83,1,,1744
12325,60,2,FOOD,4412
12326,65,2,FINANCEINSURANCE,4412
12327,92,2,,4413
12328,30,2,FOOD,4413
12329,40,5,Unemployed,6423
12330,79,2,,4414
12331,32,2,FINANCEINSURANCE,4414
12332,61,3,FOOD,5470
12333,67,2,,4415
12334,75,2,,4415
12335,93,2,,4416
12336,46,6,HEALTHCARE,6572
12337,88,4,,6092
12338,9,2,,4416
12339,76,5,,6423
12340,6,2,,4417
12341,73,4,,6092
12342,69,1,,1745
12343,42,2,HEALTHCARE,4417
12344,64,2,HEALTHCARE,4418
12345,1,3,,5470
12346,30,2,Unemployed,4418
12347,6,2,,4419
12348,3,5,,6423
12349,64,2,HEALTHCARE,4419
12350,70,2,,4420
12351,67,1,,1746
12352,32,3,Unemployed,5470
12353,66,2,,4420
12354,62,2,HEALTHCARE,4421
12355,57,2,FOOD,4421
12356,57,4,FOOD,6093
12357,76,6,,6572
12358,59,4,FINANCEINSURANCE,6093
12359,4,1,,1747
12360,26,2,Unemployed,4422
12361,68,1,,1748
12362,17,2,,4422
12363,48,3,FOOD,5471
12364,7,3,,5471
12365,52,5,FOOD,6423
12366,48,2,HEALTHCARE,4423
12367,35,6,WASTEMANAGEMENT,6572
12368,68,2,,4423
12369,35,2,HEALTHCARE,4424
12370,54,1,FOOD,1749
12371,24,5,FOOD,6423
12372,57,5,FOOD,6424
12373,29,6,HEALTHCARE,6572
12374,58,5,WASTEMANAGEMENT,6424
12375,69,2,,4424
12376,63,3,HEALTHCARE,5471
12377,63,2,FOOD,4425
12378,59,1,FINANCEINSURANCE,1750
12379,1,1,,1751
12380,41,1,Unemployed,1752
12381,60,4,FOOD,6093
12382,63,3,HEALTHCARE,5472
12383,53,1,Unemployed,1753
12384,78,3,,5472
12385,23,4,HEALTHCARE,6093
12386,1,4,,6094
12387,68,2,,4425
12388,3,2,,4426
12389,33,4,FOOD,6094
12390,40,4,HEALTHCARE,6094
12391,58,2,FOOD,4426
12392,29,1,HEALTHCARE,1754
12393,11,4,,6094
12394,72,1,,1755
12395,26,1,WASTEMANAGEMENT,1756
12396,34,3,FOOD,5472
12397,55,2,FOOD,4427
12398,63,2,HEALTHCARE,4427
12399,22,1,OTHER,1757
12400,50,1,FOOD,1758
12401,10,1,,1759
12402,86,2,,4428
12403,71,2,,4428
12404,44,5,HEALTHCARE,6424
12405,79,2,,4429
12406,68,4,,6095
12407,29,2,HEALTHCARE,4429
12408,18,2,FOOD,4430
12409,19,4,HEALTHCARE,6095
12410,41,5,FOOD,6424
12411,28,5,FINANCEINSURANCE,6424
12412,60,1,HEALTHCARE,1760
12413,60,5,HEALTHCARE,6425
12414,73,3,,5473
12415,64,4,HEALTHCARE,6095
12416,79,1,,1761
12417,76,2,,4430
12418,0,2,,4431
12419,38,2,HEALTHCARE,4431
12420,37,4,FOOD,6095
12421,75,6,,6572
12422,3,4,,6096
12423,55,2,FOOD,4432
12424,15,4,,6096
12425,50,2,FOOD,4432
12426,53,6,HEALTHCARE,6572
12427,53,2,HEALTHCARE,4433
12428,43,2,FOOD,4433
12429,20,6,FOOD,6573
12430,19,2,HEALTHCARE,4434
12431,83,2,,4434
12432,43,2,FOOD,4435
12433,51,4,HEALTHCARE,6096
12434,10,2,,4435
12435,66,6,,6573
12436,58,2,HEALTHCARE,4436
12437,26,2,HEALTHCARE,4436
12438,4,5,,6425
12439,83,4,,6096
12440,5,2,,4437
12441,10,5,,6425
12442,72,2,,4437
12443,61,3,FOOD,5473
12444,55,3,FINANCEINSURANCE,5473
12445,79,5,,6425
12446,51,4,FOOD,6097
12447,31,4,HEALTHCARE,6097
12448,7,3,,5474
12449,77,2,,4438
12450,23,2,FOOD,4438
12451,8,1,,1762
12452,42,2,HEALTHCARE,4439
12453,55,1,FOOD,1763
12454,40,2,HEALTHCARE,4439
12455,65,6,WASTEMANAGEMENT,6573
12456,68,3,,5474
12457,46,2,HEALTHCARE,4440
12458,50,2,HEALTHCARE,4440
12459,47,4,HEALTHCARE,6097
12460,69,4,,6097
12461,58,4,HEALTHCARE,6098
12462,58,1,HEALTHCARE,1764
12463,56,5,HEALTHCARE,6425
12464,62,2,FOOD,4441
12465,71,4,,6098
12466,42,6,HEALTHCARE,6573
12467,75,1,,1765
12468,68,4,,6098
12469,73,6,,6573
12470,27,2,FOOD,4441
12471,62,3,Unemployed,5474
12472,11,2,,4442
12473,83,5,,6426
12474,11,2,,4442
12475,75,1,,1766
12476,67,5,,6426
12477,50,4,HEALTHCARE,6098
12478,48,2,FOOD,4443
12479,34,6,HEALTHCARE,6573
12480,48,5,FOOD,6426
12481,10,2,,4443
12482,76,4,,6099
12483,58,5,HEALTHCARE,6426
12484,9,2,,4444
12485,55,1,FOOD,1767
12486,50,5,FOOD,6426
12487,55,5,HEALTHCARE,6427
12488,19,6,HEALTHCARE,6574
12489,46,1,HEALTHCARE,1768
12490,40,3,HEALTHCARE,5475
12491,35,3,HEALTHCARE,5475
12492,57,4,HEALTHCARE,6099
12493,81,5,,6427
12494,11,2,,4444
12495,72,2,,4445
12496,66,2,,4445
12497,27,2,FOOD,4446
12498,48,1,HEALTHCARE,1769
12499,65,4,FINANCEINSURANCE,6099
12500,31,2,Unemployed,4446
12501,62,2,HEALTHCARE,4447
12502,54,2,OTHER,4447
12503,43,4,Unemployed,6099
12504,38,5,HEALTHCARE,6427
12505,35,3,HEALTHCARE,5475
12506,16,3,,5476
12507,67,5,,6427
12508,12,2,,4448
12509,59,1,HEALTHCARE,1770
12510,19,2,FINANCEINSURANCE,4448
12511,46,4,FOOD,6100
12512,46,4,FOOD,6100
12513,8,3,,5476
12514,46,2,HEALTHCARE,4449
12515,2,2,,4449
12516,71,1,,1771
12517,65,3,HEALTHCARE,5476
12518,75,3,,5477
12519,30,4,HEALTHCARE,6100
12520,62,2,HEALTHCARE,4450
12521,36,1,HEALTHCARE,1772
12522,34,2,HEALTHCARE,4450
12523,74,6,,6574
12524,48,2,FOOD,4451
12525,52,3,Unemployed,5477
12526,18,2,HEALTHCARE,4451
12527,88,1,,1773
12528,45,4,HEALTHCARE,6100
12529,17,3,,5477
12530,29,4,FOOD,6101
12531,35,2,Unemployed,4452
12532,64,1,FOOD,1774
12533,35,2,FOOD,4452
12534,35,6,Unemployed,6574
12535,5,5,,6427
12536,48,4,HEALTHCARE,6101
12537,69,2,,4453
12538,9,3,,5478
12539,70,1,,1775
12540,60,1,FOOD,1776
12541,63,4,FOOD,6101
12542,30,5,HEALTHCARE,6428
12543,68,2,,4453
12544,61,2,Unemployed,4454
12545,46,2,HEALTHCARE,4454
12546,37,2,FOOD,4455
12547,9,3,,5478
12548,32,2,FINANCEINSURANCE,4455
12549,60,1,HEALTHCARE,1777
12550,11,2,,4456
12551,57,4,FOOD,6101
12552,76,5,,6428
12553,17,6,,6574
12554,12,2,,4456
12555,64,5,HEALTHCARE,6428
12556,70,3,,5478
12557,79,4,,6102
12558,69,6,,6574
12559,9,2,,4457
12560,43,3,FOOD,5479
12561,61,5,WASTEMANAGEMENT,6428
12562,77,3,,5479
12563,72,4,,6102
12564,34,3,FOOD,5479
12565,60,3,FOOD,5480
12566,65,6,HEALTHCARE,6574
12567,50,2,Unemployed,4457
12568,51,2,FOOD,4458
12569,76,4,,6102
12570,17,1,,1778
12571,70,3,,5480
12572,86,1,,1779
12573,47,4,FOOD,6102
12574,66,2,,4458
12575,18,6,HEALTHCARE,6575
12576,68,4,,6103
12577,53,4,FOOD,6103
12578,72,5,,6428
12579,58,2,FOOD,4459
12580,1,1,,1780
12581,64,1,FOOD,1781
12582,47,2,HEALTHCARE,4459
12583,66,2,,4460
12584,43,2,OTHER,4460
12585,47,4,FOOD,6103
12586,24,2,HEALTHCARE,4461
12587,52,1,HEALTHCARE,1782
12588,66,4,,6103
12589,7,5,,6429
12590,49,2,OTHER,4461
12591,52,4,FOOD,6104
12592,69,2,,4462
12593,21,2,Unemployed,4462
12594,46,2,FOOD,4463
12595,56,2,HEALTHCARE,4463
12596,72,3,,5480
12597,15,5,,6429
12598,27,2,HEALTHCARE,4464
12599,27,2,HEALTHCARE,4464
12600,61,4,FOOD,6104
12601,76,2,,4465
12602,17,6,,6575
12603,78,4,,6104
12604,38,2,HEALTHCARE,4465
12605,62,4,HEALTHCARE,6104
12606,50,4,FINANCEINSURANCE,6105
12607,59,2,HEALTHCARE,4466
12608,98,4,,6105
12609,64,2,FOOD,4466
12610,38,1,FOOD,1783
12611,2,4,,6105
12612,80,2,,4467
12613,50,4,FOOD,6105
12614,17,2,,4467
12615,56,2,WASTEMANAGEMENT,4468
12616,29,2,FOOD,4468
12617,38,5,HEALTHCARE,6429
12618,5,3,,5481
12619,51,3,FOOD,5481
12620,46,4,OTHER,6106
12621,14,2,,4469
12622,25,4,FOOD,6106
12623,11,4,,6106
12624,18,5,FINANCEINSURANCE,6429
12625,0,1,,1784
12626,67,5,,6429
12627,39,1,FOOD,1785
12628,10,4,,6106
12629,11,1,,1786
12630,76,4,,6107
12631,20,5,HEALTHCARE,6430
12632,27,2,HEALTHCARE,4469
12633,12,2,,4470
12634,49,3,OTHER,5481
12635,69,1,,1787
12636,42,1,FOOD,1788
12637,58,2,FOOD,4470
12638,35,4,FOOD,6107
12639,40,2,HEALTHCARE,4471
12640,48,4,HEALTHCARE,6107
12641,46,1,OTHER,1789
12642,98,1,,1790
12643,16,3,,5482
12644,19,2,HEALTHCARE,4471
12645,16,4,,6107
12646,33,1,HEALTHCARE,1791
12647,69,1,,1792
12648,70,2,,4472
12649,67,4,,6108
12650,78,2,,4472
12651,73,4,,6108
12652,88,1,,1793
12653,53,3,WASTEMANAGEMENT,5482
12654,39,1,FOOD,1794
12655,66,2,,4473
12656,38,4,Unemployed,6108
12657,74,3,,5482
12658,19,6,HEALTHCARE,6575
12659,66,3,,5483
12660,22,2,HEALTHCARE,4473
12661,29,2,HEALTHCARE,4474
12662,54,2,HEALTHCARE,4474
12663,35,1,HEALTHCARE,1795
12664,1,1,,1796
12665,39,4,Unemployed,6108
12666,28,2,FINANCEINSURANCE,4475
12667,71,2,,4475
12668,29,2,FOOD,4476
12669,77,5,,6430
12670,40,4,HEALTHCARE,6109
12671,4,4,,6109
12672,51,3,FOOD,5483
12673,47,6,OTHER,6575
12674,7,3,,5483
12675,13,6,,6575
12676,96,2,,4476
12677,42,4,OTHER,6109
12678,69,1,,1797
12679,3,4,,6109
12680,58,5,HEALTHCARE,6430
12681,45,2,FOOD,4477
12682,64,2,HEALTHCARE,4477
12683,21,5,FOOD,6430
12684,44,4,FOOD,6110
12685,69,3,,5484
12686,71,2,,4478
12687,57,1,HEALTHCARE,1798
12688,23,4,HEALTHCARE,6110
12689,69,6,,6575
12690,27,4,FINANCEINSURANCE,6110
12691,20,2,HEALTHCARE,4478
12692,14,1,,1799
12693,49,2,HEALTHCARE,4479
12694,69,4,,6110
12695,68,2,,4479
12696,9,5,,6430
12697,51,1,FINANCEINSURANCE,1800
12698,44,6,HEALTHCARE,6576
12699,55,5,HEALTHCARE,6431
12700,30,4,HEALTHCARE,6111
12701,1,1,,1801
12702,52,3,OTHER,5484
12703,3,2,,4480
12704,58,4,HEALTHCARE,6111
12705,9,4,,6111
12706,37,4,HEALTHCARE,6111
12707,33,1,HEALTHCARE,1802
12708,44,2,FOOD,4480
12709,23,4,FOOD,6112
12710,47,4,FOOD,6112
12711,79,2,,4481
12712,18,2,FINANCEINSURANCE,4481
12713,71,2,,4482
12714,67,5,,6431
12715,67,1,,1803
12716,62,1,OTHER,1804
12717,71,3,,5484
12718,24,2,HEALTHCARE,4482
12719,54,3,FOOD,5485
12720,58,1,FOOD,1805
12721,69,1,,1806
12722,55,3,HEALTHCARE,5485
12723,58,1,HEALTHCARE,1807
12724,59,1,FOOD,1808
12725,37,4,FOOD,6112
12726,42,1,FINANCEINSURANCE,1809
12727,77,5,,6431
12728,56,6,HEALTHCARE,6576
12729,10,2,,4483
12730,55,1,FOOD,1810
12731,20,2,HEALTHCARE,4483
12732,7,3,,5485
12733,0,5,,6431
12734,61,5,FOOD,6431
12735,61,3,FOOD,5486
12736,68,1,,1811
12737,14,4,,6112
12738,62,1,HEALTHCARE,1812
12739,35,3,FOOD,5486
12740,63,3,FINANCEINSURANCE,5486
12741,64,2,HEALTHCARE,4484
12742,52,2,HEALTHCARE,4484
12743,51,2,FOOD,4485
12744,58,6,FOOD,6576
12745,5,3,,5487
12746,19,2,HEALTHCARE,4485
12747,58,2,FINANCEINSURANCE,4486
12748,13,2,,4486
12749,22,2,FINANCEINSURANCE,4487
12750,26,4,FOOD,6113
12751,94,3,,5487
12752,75,1,,1813
12753,10,2,,4487
12754,83,4,,6113
12755,72,2,,4488
12756,31,1,HEALTHCARE,1814
12757,57,2,WASTEMANAGEMENT,4488
12758,29,2,HEALTHCARE,4489
12759,50,4,HEALTHCARE,6113
12760,70,2,,4489
12761,56,1,FINANCEINSURANCE,1815
12762,73,5,,6432
12763,63,2,FOOD,4490
12764,57,2,Unemployed,4490
12765,51,1,HEALTHCARE,1816
12766,13,4,,6113
12767,43,5,FOOD,6432
12768,31,1,HEALTHCARE,1817
12769,12,6,,6576
12770,61,6,HEALTHCARE,6576
12771,36,2,HEALTHCARE,4491
12772,58,1,Unemployed,1818
12773,15,2,,4491
12774,49,4,HEALTHCARE,6114
12775,13,4,,6114
12776,6,2,,4492
12777,19,5,HEALTHCARE,6432
12778,11,2,,4492
12779,28,2,HEALTHCARE,4493
12780,39,2,FINANCEINSURANCE,4493
12781,43,5,HEALTHCARE,6432
12782,65,5,HEALTHCARE,6432
12783,33,2,HEALTHCARE,4494
12784,4,6,,6576
12785,10,2,,4494
12786,45,2,HEALTHCARE,4495
12787,65,3,FINANCEINSURANCE,5487
12788,11,1,,1819
12789,41,2,FINANCEINSURANCE,4495
12790,67,4,,6114
12791,34,1,FOOD,1820
12792,79,2,,4496
12793,82,3,,5488
12794,75,1,,1821
12795,76,4,,6114
12796,31,4,FOOD,6115
12797,71,3,,5488
12798,80,2,,4496
12799,65,1,HEALTHCARE,1822
12800,10,4,,6115
12801,67,2,,4497
12802,54,4,WASTEMANAGEMENT,6115
12803,75,4,,6115
12804,32,2,Unemployed,4497
12805,14,1,,1823
12806,40,5,FOOD,6433
12807,74,4,,6116
12808,68,3,,5488
12809,33,3,FOOD,5489
12810,3,2,,4498
12811,0,4,,6116
12812,54,3,HEALTHCARE,5489
12813,62,2,HEALTHCARE,4498
12814,77,1,,1824
12815,13,3,,5489
12816,58,2,FOOD,4499
12817,96,6,,6577
12818,14,3,,5490
12819,83,6,,6577
12820,62,1,HEALTHCARE,1825
12821,76,4,,6116
12822,73,3,,5490
12823,68,2,,4499
12824,3,4,,6116
12825,38,1,FOOD,1826
12826,18,2,HEALTHCARE,4500
12827,12,2,,4500
12828,55,1,HEALTHCARE,1827
12829,20,1,FINANCEINSURANCE,1828
12830,78,5,,6433
12831,28,2,HEALTHCARE,4501
12832,11,3,,5490
12833,55,2,FOOD,4501
12834,22,2,FOOD,4502
12835,59,4,HEALTHCARE,6117
12836,52,1,FOOD,1829
12837,22,2,HEALTHCARE,4502
12838,59,2,HEALTHCARE,4503
12839,5,6,,6577
12840,59,1,Unemployed,1830
12841,65,2,FOOD,4503
12842,5,3,,5491
12843,26,2,HEALTHCARE,4504
12844,79,2,,4504
12845,77,2,,4505
12846,92,2,,4505
12847,22,1,HEALTHCARE,1831
12848,37,4,HEALTHCARE,6117
12849,38,3,HEALTHCARE,5491
12850,68,2,,4506
12851,48,5,HEALTHCARE,6433
12852,18,2,OTHER,4506
12853,57,3,HEALTHCARE,5491
12854,64,2,FOOD,4507
12855,73,3,,5492
12856,30,2,FOOD,4507
12857,45,5,FINANCEINSURANCE,6433
12858,57,4,FOOD,6117
12859,10,6,,6577
12860,18,4,FINANCEINSURANCE,6117
12861,19,2,HEALTHCARE,4508
12862,60,2,FOOD,4508
12863,13,4,,6118
12864,29,4,FOOD,6118
12865,60,4,HEALTHCARE,6118
12866,28,5,FOOD,6433
12867,81,2,,4509
12868,56,4,FOOD,6118
12869,24,2,FINANCEINSURANCE,4509
12870,36,2,FOOD,4510
12871,42,3,FOOD,5492
12872,51,6,FOOD,6577
12873,23,4,HEALTHCARE,6119
12874,6,3,,5492
12875,53,4,HEALTHCARE,6119
12876,79,2,,4510
12877,4,4,,6119
12878,25,4,HEALTHCARE,6119
12879,45,2,FOOD,4511
12880,56,2,HEALTHCARE,4511
12881,23,5,OTHER,6434
12882,47,2,HEALTHCARE,4512
12883,30,1,HEALTHCARE,1832
12884,5,3,,5493
12885,69,2,,4512
12886,79,2,,4513
12887,9,2,,4513
12888,77,2,,4514
12889,64,2,HEALTHCARE,4514
12890,1,5,,6434
12891,72,2,,4515
12892,65,2,FOOD,4515
12893,2,2,,4516
12894,1,2,,4516
12895,53,6,HEALTHCARE,6577
12896,74,2,,4517
12897,63,2,Unemployed,4517
12898,26,2,Unemployed,4518
12899,0,4,,6120
12900,56,3,HEALTHCARE,5493
12901,70,3,,5493
12902,7,4,,6120
12903,69,2,,4518
12904,59,2,HEALTHCARE,4519
12905,68,2,,4519
12906,6,2,,4520
12907,2,2,,4520
12908,59,3,HEALTHCARE,5494
12909,4,2,,4521
12910,14,5,,6434
12911,38,3,HEALTHCARE,5494
12912,31,2,HEALTHCARE,4521
12913,20,1,HEALTHCARE,1833
12914,78,4,,6120
12915,64,5,HEALTHCARE,6434
12916,73,1,,1834
12917,44,5,HEALTHCARE,6434
12918,30,2,HEALTHCARE,4522
12919,21,2,FOOD,4522
12920,22,2,HEALTHCARE,4523
12921,57,2,Unemployed,4523
12922,63,2,HEALTHCARE,4524
12923,31,2,HEALTHCARE,4524
12924,56,6,HEALTHCARE,6578
12925,99,2,,4525
12926,56,2,FOOD,4525
12927,61,2,HEALTHCARE,4526
12928,51,5,FOOD,6435
12929,12,1,,1835
12930,80,1,,1836
12931,58,3,FOOD,5494
12932,33,6,HEALTHCARE,6578
12933,63,2,HEALTHCARE,4526
12934,65,2,OTHER,4527
12935,78,2,,4527
12936,18,4,HEALTHCARE,6120
12937,72,2,,4528
12938,54,5,FOOD,6435
12939,55,2,FOOD,4528
12940,8,3,,5495
12941,86,2,,4529
12942,10,2,,4529
12943,61,1,FOOD,1837
12944,41,1,FOOD,1838
12945,20,2,HEALTHCARE,4530
12946,72,1,,1839
12947,44,4,HEALTHCARE,6121
12948,6,1,,1840
12949,3,1,,1841
12950,22,2,Unemployed,4530
12951,42,1,FINANCEINSURANCE,1842
12952,11,2,,4531
12953,6,2,,4531
12954,22,4,FOOD,6121
12955,74,4,,6121
12956,97,2,,4532
12957,37,6,HEALTHCARE,6578
12958,9,4,,6121
12959,75,2,,4532
12960,14,2,,4533
12961,72,4,,6122
12962,9,6,,6578
12963,25,3,FOOD,5495
12964,72,3,,5495
12965,40,5,Unemployed,6435
12966,50,1,FOOD,1843
12967,34,4,HEALTHCARE,6122
12968,47,2,FOOD,4533
12969,85,2,,4534
12970,71,6,,6578
12971,76,4,,6122
12972,42,2,FOOD,4534
12973,12,4,,6122
12974,40,2,HEALTHCARE,4535
12975,45,5,FOOD,6435
12976,68,5,,6435
12977,78,2,,4535
12978,64,1,HEALTHCARE,1844
12979,64,2,HEALTHCARE,4536
12980,69,3,,5496
12981,49,2,FOOD,4536
12982,60,4,Unemployed,6123
12983,3,3,,5496
12984,62,4,HEALTHCARE,6123
12985,61,1,FOOD,1845
12986,16,2,,4537
12987,38,2,HEALTHCARE,4537
12988,56,3,HEALTHCARE,5496
12989,51,2,FOOD,4538
12990,16,2,,4538
12991,41,6,HEALTHCARE,6578
12992,49,1,HEALTHCARE,1846
12993,57,6,Unemployed,6579
12994,77,5,,6436
12995,19,2,WASTEMANAGEMENT,4539
12996,76,5,,6436
12997,21,6,FOOD,6579
12998,44,4,HEALTHCARE,6123
12999,11,4,,6123
13000,71,3,,5497
13001,50,6,HEALTHCARE,6579
13002,72,4,,6124
13003,52,2,Unemployed,4539
13004,5,2,,4540
13005,29,5,HEALTHCARE,6436
13006,99,2,,4540
13007,97,2,,4541
13008,4,1,,1847
13009,68,2,,4541
13010,43,1,FINANCEINSURANCE,1848
13011,39,2,Unemployed,4542
13012,16,4,,6124
13013,61,4,HEALTHCARE,6124
13014,67,1,,1849
13015,2,3,,5497
13016,15,4,,6124
13017,56,3,OTHER,5497
13018,8,5,,6436
13019,32,2,HEALTHCARE,4542
13020,64,2,HEALTHCARE,4543
13021,67,2,,4543
13022,56,2,FINANCEINSURANCE,4544
13023,65,1,FOOD,1850
13024,8,3,,5498
13025,76,2,,4544
13026,95,2,,4545
13027,64,2,Unemployed,4545
13028,65,1,FOOD,1851
13029,68,6,,6579
13030,51,5,FINANCEINSURANCE,6436
13031,53,2,FOOD,4546
13032,79,2,,4546
13033,35,5,FOOD,6437
13034,33,3,HEALTHCARE,5498
13035,1,4,,6125
13036,69,5,,6437
13037,16,2,,4547
13038,23,4,FOOD,6125
13039,12,2,,4547
13040,78,1,,1852
13041,72,1,,1853
13042,17,2,,4548
13043,75,4,,6125
13044,49,4,FINANCEINSURANCE,6125
13045,73,3,,5498
13046,25,5,HEALTHCARE,6437
13047,52,2,FOOD,4548
13048,68,1,,1854
13049,25,4,HEALTHCARE,6126
13050,96,4,,6126
13051,16,5,,6437
13052,33,4,HEALTHCARE,6126
13053,75,4,,6126
13054,31,2,OTHER,4549
13055,74,4,,6127
13056,76,6,,6579
13057,17,1,,1855
13058,64,2,HEALTHCARE,4549
13059,35,4,HEALTHCARE,6127
13060,19,2,HEALTHCARE,4550
13061,63,2,FOOD,4550
13062,47,1,OTHER,1856
13063,32,1,FINANCEINSURANCE,1857
13064,95,2,,4551
13065,70,2,,4551
13066,34,2,FOOD,4552
13067,27,2,HEALTHCARE,4552
13068,1,3,,5499
13069,12,2,,4553
13070,62,4,FINANCEINSURANCE,6127
13071,19,2,Unemployed,4553
13072,47,4,HEALTHCARE,6127
13073,38,1,FOOD,1858
13074,63,2,Unemployed,4554
13075,0,1,,1859
13076,76,2,,4554
13077,56,5,HEALTHCARE,6437
13078,33,2,FOOD,4555
13079,10,2,,4555
13080,66,5,,6438
13081,61,4,HEALTHCARE,6128
13082,68,3,,5499
13083,64,2,FOOD,4556
13084,58,6,HEALTHCARE,6579
13085,65,6,HEALTHCARE,6580
13086,6,3,,5499
13087,13,3,,5500
13088,54,1,FOOD,1860
13089,58,2,FOOD,4556
13090,29,4,HEALTHCARE,6128
13091,19,2,FOOD,4557
13092,51,2,HEALTHCARE,4557
13093,48,2,HEALTHCARE,4558
13094,38,1,HEALTHCARE,1861
13095,97,2,,4558
13096,59,2,HEALTHCARE,4559
13097,7,3,,5500
13098,79,3,,5500
13099,34,2,FOOD,4559
13100,39,4,HEALTHCARE,6128
13101,56,4,FOOD,6128
13102,2,2,,4560
13103,65,2,FOOD,4560
13104,94,1,,1862
13105,73,2,,4561
13106,42,2,WASTEMANAGEMENT,4561
13107,30,2,HEALTHCARE,4562
13108,12,1,,1863
13109,68,5,,6438
13110,1,3,,5501
13111,68,2,,4562
13112,51,2,HEALTHCARE,4563
13113,39,2,HEALTHCARE,4563
13114,52,5,FOOD,6438
13115,50,2,HEALTHCARE,4564
13116,41,4,HEALTHCARE,6129
13117,21,3,HEALTHCARE,5501
13118,24,3,FOOD,5501
13119,21,3,FOOD,5502
13120,87,3,,5502
13121,70,2,,4564
13122,11,2,,4565
13123,55,2,FOOD,4565
13124,57,6,FINANCEINSURANCE,6580
13125,2,3,,5502
13126,48,2,HEALTHCARE,4566
13127,75,1,,1864
13128,69,4,,6129
13129,55,2,HEALTHCARE,4566
13130,55,2,FOOD,4567
13131,2,1,,1865
13132,6,2,,4567
13133,15,1,,1866
13134,55,3,FOOD,5503
13135,28,3,FOOD,5503
13136,18,3,HEALTHCARE,5503
13137,16,2,,4568
13138,1,4,,6129
13139,22,1,HEALTHCARE,1867
13140,44,2,FOOD,4568
13141,70,3,,5504
13142,48,1,OTHER,1868
13143,32,2,Unemployed,4569
13144,38,6,HEALTHCARE,6580
13145,59,2,HEALTHCARE,4569
13146,7,5,,6438
13147,53,2,HEALTHCARE,4570
13148,5,5,,6438
13149,11,1,,1869
13150,5,5,,6439
13151,19,2,FOOD,4570
13152,12,2,,4571
13153,50,2,HEALTHCARE,4571
13154,69,5,,6439
13155,87,1,,1870
13156,21,2,FOOD,4572
13157,61,1,HEALTHCARE,1871
13158,60,2,HEALTHCARE,4572
13159,57,1,HEALTHCARE,1872
13160,70,4,,6129
13161,56,3,HEALTHCARE,5504
13162,45,1,HEALTHCARE,1873
13163,30,2,FOOD,4573
13164,61,3,FOOD,5504
13165,18,2,FOOD,4573
13166,77,2,,4574
13167,77,3,,5505
13168,30,1,FOOD,1874
13169,19,3,HEALTHCARE,5505
13170,72,4,,6130
13171,77,4,,6130
13172,49,5,FOOD,6439
13173,59,2,OTHER,4574
13174,51,3,HEALTHCARE,5505
13175,64,5,FOOD,6439
13176,38,2,HEALTHCARE,4575
13177,77,3,,5506
13178,54,4,HEALTHCARE,6130
13179,60,3,FOOD,5506
13180,53,4,HEALTHCARE,6130
13181,45,2,HEALTHCARE,4575
13182,74,1,,1875
13183,58,3,HEALTHCARE,5506
13184,41,5,HEALTHCARE,6439
13185,13,2,,4576
13186,21,4,HEALTHCARE,6131
13187,71,2,,4576
13188,83,4,,6131
13189,46,3,FINANCEINSURANCE,5507
13190,19,2,FOOD,4577
13191,21,2,FOOD,4577
13192,1,4,,6131
13193,78,4,,6131
13194,83,2,,4578
13195,54,4,FOOD,6132
13196,71,2,,4578
13197,6,2,,4579
13198,45,4,HEALTHCARE,6132
13199,19,2,HEALTHCARE,4579
13200,65,2,OTHER,4580
13201,50,3,FOOD,5507
13202,43,4,HEALTHCARE,6132
13203,57,5,OTHER,6440
13204,62,5,HEALTHCARE,6440
13205,66,3,,5507
13206,98,6,,6580
13207,12,2,,4580
13208,21,2,HEALTHCARE,4581
13209,3,1,,1876
13210,2,2,,4581
13211,48,6,HEALTHCARE,6580
13212,65,3,FOOD,5508
13213,25,2,FOOD,4582
13214,5,4,,6132
13215,67,1,,1877
13216,64,4,FOOD,6133
13217,30,6,Unemployed,6580
13218,23,4,OTHER,6133
13219,56,5,HEALTHCARE,6440
13220,35,3,HEALTHCARE,5508
13221,1,4,,6133
13222,1,1,,1878
13223,71,2,,4582
13224,30,1,HEALTHCARE,1879
13225,63,2,HEALTHCARE,4583
13226,51,1,HEALTHCARE,1880
13227,0,2,,4583
13228,42,1,HEALTHCARE,1881
13229,54,5,FOOD,6440
13230,64,1,HEALTHCARE,1882
13231,62,2,HEALTHCARE,4584
13232,62,3,HEALTHCARE,5508
13233,71,2,,4584
13234,32,3,FOOD,5509
13235,39,2,HEALTHCARE,4585
13236,30,3,HEALTHCARE,5509
13237,45,1,FOOD,1883
13238,55,2,HEALTHCARE,4585
13239,96,2,,4586
13240,67,2,,4586
13241,19,6,HEALTHCARE,6581
13242,47,4,FOOD,6133
13243,36,2,FINANCEINSURANCE,4587
13244,69,4,,6134
13245,18,2,FOOD,4587
13246,47,6,Unemployed,6581
13247,64,2,HEALTHCARE,4588
13248,78,2,,4588
13249,41,2,Unemployed,4589
13250,53,3,HEALTHCARE,5509
13251,0,4,,6134
13252,52,2,FOOD,4589
13253,58,6,HEALTHCARE,6581
13254,76,6,,6581
13255,96,2,,4590
13256,5,2,,4590
13257,90,5,,6440
13258,81,1,,1884
13259,36,2,HEALTHCARE,4591
13260,24,4,HEALTHCARE,6134
13261,38,2,HEALTHCARE,4591
13262,42,2,FOOD,4592
13263,28,4,FOOD,6134
13264,16,4,,6135
13265,31,4,Unemployed,6135
13266,61,2,HEALTHCARE,4592
13267,73,3,,5510
13268,37,3,FOOD,5510
13269,68,3,,5510
13270,15,4,,6135
13271,64,2,Unemployed,4593
13272,50,2,HEALTHCARE,4593
13273,57,1,FOOD,1885
13274,54,2,HEALTHCARE,4594
13275,58,2,HEALTHCARE,4594
13276,8,2,,4595
13277,50,2,HEALTHCARE,4595
13278,21,2,HEALTHCARE,4596
13279,75,1,,1886
13280,20,5,FOOD,6441
13281,75,3,,5511
13282,96,3,,5511
13283,42,2,FOOD,4596
13284,61,4,HEALTHCARE,6135
13285,35,1,HEALTHCARE,1887
13286,29,4,HEALTHCARE,6136
13287,78,2,,4597
13288,88,5,,6441
13289,22,3,HEALTHCARE,5511
13290,9,2,,4597
13291,21,3,HEALTHCARE,5512
13292,41,2,HEALTHCARE,4598
13293,97,4,,6136
13294,90,3,,5512
13295,58,2,OTHER,4598
13296,25,1,FOOD,1888
13297,39,6,FOOD,6581
13298,75,1,,1889
13299,16,2,,4599
13300,76,2,,4599
13301,45,2,FOOD,4600
13302,3,3,,5512
13303,56,4,FOOD,6136
13304,18,5,FOOD,6441
13305,59,2,FOOD,4600
13306,52,1,FOOD,1890
13307,28,2,HEALTHCARE,4601
13308,52,5,HEALTHCARE,6441
13309,10,4,,6136
13310,53,4,FOOD,6137
13311,88,2,,4601
13312,45,3,HEALTHCARE,5513
13313,34,6,FOOD,6581
13314,48,2,FINANCEINSURANCE,4602
13315,61,6,HEALTHCARE,6582
13316,59,2,Unemployed,4602
13317,38,2,FOOD,4603
13318,41,5,HEALTHCARE,6441
13319,9,4,,6137
13320,47,2,HEALTHCARE,4603
13321,62,2,FINANCEINSURANCE,4604
13322,45,2,HEALTHCARE,4604
13323,1,4,,6137
13324,67,1,,1891
13325,77,5,,6442
13326,56,4,HEALTHCARE,6137
13327,1,1,,1892
13328,24,2,FOOD,4605
13329,88,4,,6138
13330,11,5,,6442
13331,22,3,FINANCEINSURANCE,5513
13332,49,3,HEALTHCARE,5513
13333,11,2,,4605
13334,10,2,,4606
13335,69,1,,1893
13336,2,1,,1894
13337,43,5,FOOD,6442
13338,21,2,FOOD,4606
13339,74,3,,5514
13340,51,4,HEALTHCARE,6138
13341,42,2,FOOD,4607
13342,17,2,,4607
13343,41,1,HEALTHCARE,1895
13344,55,3,HEALTHCARE,5514
13345,5,4,,6138
13346,35,1,HEALTHCARE,1896
13347,44,4,Unemployed,6138
13348,1,2,,4608
13349,59,3,HEALTHCARE,5514
13350,15,2,,4608
13351,35,2,FOOD,4609
13352,69,5,,6442
13353,17,5,,6442
13354,66,4,,6139
13355,26,3,FOOD,5515
13356,91,3,,5515
13357,86,4,,6139
13358,4,5,,6443
13359,56,1,FOOD,1897
13360,99,3,,5515
13361,38,5,FOOD,6443
13362,33,4,FOOD,6139
13363,41,2,FINANCEINSURANCE,4609
13364,16,4,,6139
13365,34,2,FOOD,4610
13366,6,2,,4610
13367,77,5,,6443
13368,1,6,,6582
13369,10,5,,6443
13370,55,2,OTHER,4611
13371,18,3,Unemployed,5516
13372,43,2,FOOD,4611
13373,36,2,FINANCEINSURANCE,4612
13374,11,2,,4612
13375,51,1,FOOD,1898
13376,83,1,,1899
13377,65,4,FOOD,6140
13378,27,1,HEALTHCARE,1900
13379,48,4,FOOD,6140
13380,68,2,,4613
13381,18,5,HEALTHCARE,6443
13382,79,3,,5516
13383,36,2,HEALTHCARE,4613
13384,0,6,,6582
13385,72,4,,6140
13386,43,5,HEALTHCARE,6444
13387,59,2,FOOD,4614
13388,3,2,,4614
13389,75,2,,4615
13390,23,4,Unemployed,6140
13391,43,4,HEALTHCARE,6141
13392,61,1,FOOD,1901
13393,62,2,HEALTHCARE,4615
13394,43,4,HEALTHCARE,6141
13395,25,1,HEALTHCARE,1902
13396,78,5,,6444
13397,53,3,FOOD,5516
13398,16,2,,4616
13399,23,2,HEALTHCARE,4616
13400,44,1,FOOD,1903
13401,74,4,,6141
13402,69,2,,4617
13403,28,6,FOOD,6582
13404,40,2,WASTEMANAGEMENT,4617
13405,22,2,FINANCEINSURANCE,4618
13406,45,6,WASTEMANAGEMENT,6582
13407,55,2,FOOD,4618
13408,67,2,,4619
13409,69,2,,4619
13410,45,2,HEALTHCARE,4620
13411,22,1,HEALTHCARE,1904
13412,78,4,,6141
13413,49,2,FOOD,4620
13414,38,1,HEALTHCARE,1905
13415,56,2,FOOD,4621
13416,16,4,,6142
13417,69,1,,1906
13418,69,2,,4621
13419,25,4,FOOD,6142
13420,71,1,,1907
13421,63,2,FOOD,4622
13422,2,4,,6142
13423,77,3,,5517
13424,14,1,,1908
13425,1,3,,5517
13426,48,5,FOOD,6444
13427,54,3,HEALTHCARE,5517
13428,44,2,HEALTHCARE,4622
13429,77,5,,6444
13430,23,2,HEALTHCARE,4623
13431,62,3,FOOD,5518
13432,27,5,FOOD,6444
13433,65,1,HEALTHCARE,1909
13434,76,4,,6142
13435,20,3,HEALTHCARE,5518
13436,11,3,,5518
13437,24,4,HEALTHCARE,6143
13438,58,2,OTHER,4623
13439,48,5,FINANCEINSURANCE,6445
13440,23,2,FOOD,4624
13441,76,3,,5519
13442,65,1,FOOD,1910
13443,69,5,,6445
13444,90,2,,4624
13445,9,3,,5519
13446,68,5,,6445
13447,54,3,FOOD,5519
13448,21,3,FOOD,5520
13449,77,4,,6143
13450,31,3,FOOD,5520
13451,45,1,HEALTHCARE,1911
13452,36,1,HEALTHCARE,1912
13453,41,3,OTHER,5520
13454,10,1,,1913
13455,50,2,FOOD,4625
13456,34,2,FOOD,4625
13457,83,2,,4626
13458,77,2,,4626
13459,72,2,,4627
13460,39,3,HEALTHCARE,5521
13461,33,3,HEALTHCARE,5521
13462,46,1,HEALTHCARE,1914
13463,41,2,HEALTHCARE,4627
13464,85,2,,4628
13465,65,2,FOOD,4628
13466,14,5,,6445
13467,71,3,,5521
13468,50,6,OTHER,6582
13469,11,2,,4629
13470,16,3,,5522
13471,68,3,,5522
13472,13,1,,1915
13473,61,3,FOOD,5522
13474,78,3,,5523
13475,7,3,,5523
13476,64,2,FINANCEINSURANCE,4629
13477,21,1,HEALTHCARE,1916
13478,35,2,HEALTHCARE,4630
13479,41,2,HEALTHCARE,4630
13480,53,4,FOOD,6143
13481,76,2,,4631
13482,45,6,OTHER,6583
13483,46,2,FOOD,4631
13484,40,2,HEALTHCARE,4632
13485,72,2,,4632
13486,6,2,,4633
13487,42,6,HEALTHCARE,6583
13488,1,2,,4633
13489,61,4,HEALTHCARE,6143
13490,51,3,Unemployed,5523
13491,32,2,HEALTHCARE,4634
13492,12,4,,6144
13493,65,1,FOOD,1917
13494,64,4,FOOD,6144
13495,61,2,HEALTHCARE,4634
13496,66,3,,5524
13497,57,2,OTHER,4635
13498,23,2,HEALTHCARE,4635
13499,2,4,,6144
13500,74,4,,6144
13501,75,6,,6583
13502,43,1,FOOD,1918
13503,41,2,FOOD,4636
13504,53,2,FOOD,4636
13505,51,3,FOOD,5524
13506,14,2,,4637
13507,58,1,FOOD,1919
13508,66,4,,6145
13509,98,2,,4637
13510,52,1,Unemployed,1920
13511,48,5,FOOD,6445
13512,92,5,,6446
13513,11,2,,4638
13514,97,1,,1921
13515,3,2,,4638
13516,38,1,HEALTHCARE,1922
13517,58,4,HEALTHCARE,6145
13518,87,5,,6446
13519,55,2,HEALTHCARE,4639
13520,49,2,FOOD,4639
13521,56,3,HEALTHCARE,5524
13522,32,5,HEALTHCARE,6446
13523,58,2,HEALTHCARE,4640
13524,67,4,,6145
13525,9,2,,4640
13526,7,6,,6583
13527,23,5,FINANCEINSURANCE,6446
13528,65,5,HEALTHCARE,6446
13529,33,1,HEALTHCARE,1923
13530,23,4,OTHER,6145
13531,48,5,FINANCEINSURANCE,6447
13532,55,5,FINANCEINSURANCE,6447
13533,44,1,FOOD,1924
13534,59,5,HEALTHCARE,6447
13535,69,2,,4641
13536,65,2,FOOD,4641
13537,54,6,FOOD,6583
13538,72,4,,6146
13539,58,4,HEALTHCARE,6146
13540,62,6,HEALTHCARE,6583
13541,59,2,OTHER,4642
13542,14,4,,6146
13543,67,2,,4642
13544,57,1,FOOD,1925
13545,8,3,,5525
13546,75,2,,4643
13547,68,4,,6146
13548,48,1,FOOD,1926
13549,0,6,,6584
13550,73,1,,1927
13551,27,4,HEALTHCARE,6147
13552,68,2,,4643
13553,3,5,,6447
13554,15,4,,6147
13555,36,1,WASTEMANAGEMENT,1928
13556,29,5,HEALTHCARE,6447
13557,44,5,FOOD,6448
13558,40,1,HEALTHCARE,1929
13559,86,3,,5525
13560,75,1,,1930
13561,4,4,,6147
13562,55,2,HEALTHCARE,4644
13563,59,6,HEALTHCARE,6584
13564,49,1,HEALTHCARE,1931
13565,36,2,HEALTHCARE,4644
13566,62,2,HEALTHCARE,4645
13567,58,3,Unemployed,5525
13568,41,2,HEALTHCARE,4645
13569,6,1,,1932
13570,22,5,FOOD,6448
13571,5,1,,1933
13572,77,2,,4646
13573,19,5,Unemployed,6448
13574,55,1,FOOD,1934
13575,47,2,FOOD,4646
13576,31,2,FINANCEINSURANCE,4647
13577,72,3,,5526
13578,61,2,FOOD,4647
13579,10,2,,4648
13580,60,2,FOOD,4648
13581,54,1,OTHER,1935
13582,74,2,,4649
13583,58,2,FOOD,4649
13584,50,2,FOOD,4650
13585,17,4,,6147
13586,76,5,,6448
13587,67,2,,4650
13588,44,2,FOOD,4651
13589,55,4,FOOD,6148
13590,53,2,HEALTHCARE,4651
13591,42,2,FOOD,4652
13592,57,4,HEALTHCARE,6148
13593,67,1,,1936
13594,93,5,,6448
13595,68,2,,4652
13596,70,2,,4653
13597,36,2,Unemployed,4653
13598,51,2,FINANCEINSURANCE,4654
13599,63,5,HEALTHCARE,6449
13600,23,4,HEALTHCARE,6148
13601,68,4,,6148
13602,63,4,WASTEMANAGEMENT,6149
13603,54,4,HEALTHCARE,6149
13604,22,5,FOOD,6449
13605,79,3,,5526
13606,78,2,,4654
13607,78,1,,1937
13608,51,4,HEALTHCARE,6149
13609,30,2,HEALTHCARE,4655
13610,73,1,,1938
13611,56,1,FOOD,1939
13612,78,2,,4655
13613,75,1,,1940
13614,28,1,FINANCEINSURANCE,1941
13615,61,2,HEALTHCARE,4656
13616,51,2,HEALTHCARE,4656
13617,3,4,,6149
13618,60,2,HEALTHCARE,4657
13619,47,2,FOOD,4657
13620,64,1,HEALTHCARE,1942
13621,37,2,OTHER,4658
13622,5,2,,4658
13623,66,2,,4659
13624,30,2,HEALTHCARE,4659
13625,39,2,FOOD,4660
13626,78,2,,4660
13627,43,2,HEALTHCARE,4661
13628,28,1,OTHER,1943
13629,22,6,HEALTHCARE,6584
13630,10,4,,6150
13631,64,2,WASTEMANAGEMENT,4661
13632,10,2,,4662
13633,9,3,,5526
13634,44,1,HEALTHCARE,1944
13635,27,5,HEALTHCARE,6449
13636,74,5,,6449
13637,53,2,HEALTHCARE,4662
13638,32,4,HEALTHCARE,6150
13639,51,3,FINANCEINSURANCE,5527
13640,51,1,FOOD,1945
13641,80,2,,4663
13642,3,2,,4663
13643,46,2,FINANCEINSURANCE,4664
13644,32,3,HEALTHCARE,5527
13645,46,6,HEALTHCARE,6584
13646,14,4,,6150
13647,20,1,HEALTHCARE,1946
13648,78,5,,6449
13649,49,1,HEALTHCARE,1947
13650,56,3,FINANCEINSURANCE,5527
13651,37,2,FOOD,4664
13652,48,4,HEALTHCARE,6150
13653,81,5,,6450
13654,10,4,,6151
13655,38,4,Unemployed,6151
13656,62,1,HEALTHCARE,1948
13657,33,3,FOOD,5528
13658,55,2,FOOD,4665
13659,67,2,,4665
13660,18,2,OTHER,4666
13661,6,2,,4666
13662,74,2,,4667
13663,3,2,,4667
13664,57,2,FINANCEINSURANCE,4668
13665,42,5,HEALTHCARE,6450
13666,52,1,HEALTHCARE,1949
13667,75,3,,5528
13668,35,2,Unemployed,4668
13669,59,3,FINANCEINSURANCE,5528
13670,63,1,HEALTHCARE,1950
13671,44,3,FOOD,5529
13672,84,3,,5529
13673,43,3,FOOD,5529
13674,29,5,HEALTHCARE,6450
13675,61,6,FOOD,6584
13676,33,4,HEALTHCARE,6151
13677,56,3,HEALTHCARE,5530
13678,78,2,,4669
13679,45,1,HEALTHCARE,1951
13680,75,2,,4669
13681,69,5,,6450
13682,1,2,,4670
13683,62,4,HEALTHCARE,6151
13684,50,4,FOOD,6152
13685,26,3,FINANCEINSURANCE,5530
13686,2,1,,1952
13687,45,2,FOOD,4670
13688,70,2,,4671
13689,60,4,Unemployed,6152
13690,45,3,FOOD,5530
13691,44,1,HEALTHCARE,1953
13692,65,4,FINANCEINSURANCE,6152
13693,23,2,HEALTHCARE,4671
13694,69,4,,6152
13695,62,2,FOOD,4672
13696,8,2,,4672
13697,51,5,HEALTHCARE,6450
13698,63,1,HEALTHCARE,1954
13699,60,3,HEALTHCARE,5531
13700,62,4,HEALTHCARE,6153
13701,72,4,,6153
13702,53,3,FOOD,5531
13703,32,1,FINANCEINSURANCE,1955
13704,46,2,WASTEMANAGEMENT,4673
13705,74,2,,4673
13706,54,4,FOOD,6153
13707,54,2,FOOD,4674
13708,51,6,Unemployed,6584
13709,41,6,HEALTHCARE,6585
13710,89,4,,6153
13711,29,1,Unemployed,1956
13712,67,2,,4674
13713,6,4,,6154
13714,67,1,,1957
13715,10,3,,5531
13716,72,2,,4675
13717,1,2,,4675
13718,55,3,HEALTHCARE,5532
13719,96,2,,4676
13720,59,2,HEALTHCARE,4676
13721,68,2,,4677
13722,78,6,,6585
13723,56,1,HEALTHCARE,1958
13724,24,2,Unemployed,4677
13725,58,1,FOOD,1959
13726,63,4,HEALTHCARE,6154
13727,60,1,HEALTHCARE,1960
13728,63,6,FOOD,6585
13729,44,2,HEALTHCARE,4678
13730,62,3,HEALTHCARE,5532
13731,26,6,HEALTHCARE,6585
13732,12,1,,1961
13733,87,2,,4678
13734,8,2,,4679
13735,64,1,OTHER,1962
13736,39,6,WASTEMANAGEMENT,6585
13737,66,1,,1963
13738,39,4,HEALTHCARE,6154
13739,66,1,,1964
13740,40,4,FOOD,6154
13741,80,4,,6155
13742,41,2,HEALTHCARE,4679
13743,84,2,,4680
13744,36,2,HEALTHCARE,4680
13745,65,4,HEALTHCARE,6155
13746,68,4,,6155
13747,28,3,HEALTHCARE,5532
13748,74,4,,6155
13749,76,3,,5533
13750,60,5,HEALTHCARE,6451
13751,47,3,HEALTHCARE,5533
13752,65,3,FOOD,5533
13753,66,1,,1965
13754,24,2,FOOD,4681
13755,98,6,,6585
13756,86,5,,6451
13757,17,2,,4681
13758,37,5,FOOD,6451
13759,61,4,HEALTHCARE,6156
13760,9,2,,4682
13761,4,3,,5534
13762,28,2,HEALTHCARE,4682
13763,7,6,,6586
13764,30,4,FOOD,6156
13765,91,4,,6156
13766,31,3,FOOD,5534
13767,35,2,FOOD,4683
13768,57,2,FINANCEINSURANCE,4683
13769,8,2,,4684
13770,73,3,,5534
13771,73,2,,4684
13772,58,4,HEALTHCARE,6156
13773,59,2,FOOD,4685
13774,16,3,,5535
13775,43,2,FOOD,4685
13776,13,5,,6451
13777,76,4,,6157
13778,14,2,,4686
13779,7,2,,4686
13780,15,3,,5535
13781,69,3,,5535
13782,19,2,HEALTHCARE,4687
13783,67,1,,1966
13784,26,2,FOOD,4687
13785,90,5,,6451
13786,46,2,FOOD,4688
13787,16,2,,4688
13788,86,2,,4689
13789,64,2,HEALTHCARE,4689
13790,47,4,FOOD,6157
13791,34,2,HEALTHCARE,4690
13792,55,1,HEALTHCARE,1967
13793,0,2,,4690
13794,45,2,HEALTHCARE,4691
13795,21,5,FOOD,6452
13796,22,3,FOOD,5536
13797,97,4,,6157
13798,80,5,,6452
13799,48,2,HEALTHCARE,4691
13800,17,2,,4692
13801,79,5,,6452
13802,40,1,HEALTHCARE,1968
13803,62,2,WASTEMANAGEMENT,4692
13804,9,2,,4693
13805,74,2,,4693
13806,60,2,FOOD,4694
13807,72,2,,4694
13808,43,3,FOOD,5536
13809,61,2,OTHER,4695
13810,32,3,FOOD,5536
13811,24,5,OTHER,6452
13812,16,2,,4695
13813,29,4,HEALTHCARE,6157
13814,70,1,,1969
13815,79,1,,1970
13816,5,4,,6158
13817,22,1,HEALTHCARE,1971
13818,54,2,FOOD,4696
13819,24,4,FOOD,6158
13820,15,4,,6158
13821,46,3,FOOD,5537
13822,52,2,HEALTHCARE,4696
13823,34,3,FOOD,5537
13824,69,2,,4697
13825,64,1,FOOD,1972
13826,53,2,FOOD,4697
13827,67,1,,1973
13828,61,2,HEALTHCARE,4698
13829,42,2,HEALTHCARE,4698
13830,52,1,FOOD,1974
13831,56,5,HEALTHCARE,6452
13832,84,4,,6158
13833,77,2,,4699
13834,77,1,,1975
13835,52,3,WASTEMANAGEMENT,5537
13836,16,3,,5538
13837,52,2,HEALTHCARE,4699
13838,15,5,,6453
13839,48,2,FOOD,4700
13840,12,4,,6159
13841,16,3,,5538
13842,6,1,,1976
13843,62,3,HEALTHCARE,5538
13844,69,5,,6453
13845,60,2,FOOD,4700
13846,69,2,,4701
13847,46,4,FOOD,6159
13848,63,3,FOOD,5539
13849,64,1,HEALTHCARE,1977
13850,6,1,,1978
13851,67,2,,4701
13852,47,3,OTHER,5539
13853,16,6,,6586
13854,14,1,,1979
13855,28,5,HEALTHCARE,6453
13856,52,2,WASTEMANAGEMENT,4702
13857,78,2,,4702
13858,22,1,HEALTHCARE,1980
13859,28,1,HEALTHCARE,1981
13860,54,2,HEALTHCARE,4703
13861,10,1,,1982
13862,60,2,FINANCEINSURANCE,4703
13863,77,3,,5539
13864,48,5,HEALTHCARE,6453
13865,62,2,FOOD,4704
13866,54,2,FOOD,4704
13867,95,2,,4705
13868,60,1,FOOD,1983
13869,71,2,,4705
13870,26,2,HEALTHCARE,4706
13871,19,3,Unemployed,5540
13872,60,6,HEALTHCARE,6586
13873,70,1,,1984
13874,64,5,HEALTHCARE,6453
13875,81,1,,1985
13876,67,1,,1986
13877,68,4,,6159
13878,13,2,,4706
13879,53,2,FOOD,4707
13880,68,2,,4707
13881,11,2,,4708
13882,4,2,,4708
13883,40,1,FOOD,1987
13884,70,3,,5540
13885,60,3,HEALTHCARE,5540
13886,69,2,,4709
13887,66,6,,6586
13888,11,2,,4709
13889,66,2,,4710
13890,60,1,FOOD,1988
13891,28,1,HEALTHCARE,1989
13892,66,4,,6159
13893,19,2,HEALTHCARE,4710
13894,0,2,,4711
13895,34,3,HEALTHCARE,5541
13896,63,2,Unemployed,4711
13897,17,1,,1990
13898,58,4,HEALTHCARE,6160
13899,63,1,FOOD,1991
13900,78,2,,4712
13901,59,2,HEALTHCARE,4712
13902,69,2,,4713
13903,21,2,HEALTHCARE,4713
13904,51,2,HEALTHCARE,4714
13905,27,5,FOOD,6454
13906,78,3,,5541
13907,4,5,,6454
13908,33,4,Unemployed,6160
13909,39,4,FINANCEINSURANCE,6160
13910,36,1,HEALTHCARE,1992
13911,62,4,HEALTHCARE,6160
13912,16,3,,5541
13913,33,2,FINANCEINSURANCE,4714
13914,59,4,FOOD,6161
13915,38,2,FOOD,4715
13916,49,3,Unemployed,5542
13917,91,3,,5542
13918,58,2,Unemployed,4715
13919,24,6,WASTEMANAGEMENT,6586
13920,60,1,Unemployed,1993
13921,0,2,,4716
13922,48,2,FOOD,4716
13923,47,4,HEALTHCARE,6161
13924,4,4,,6161
13925,69,4,,6161
13926,63,1,FOOD,1994
13927,53,2,WASTEMANAGEMENT,4717
13928,25,4,HEALTHCARE,6162
13929,5,2,,4717
13930,29,2,HEALTHCARE,4718
13931,65,2,WASTEMANAGEMENT,4718
13932,21,3,HEALTHCARE,5542
13933,67,2,,4719
13934,37,1,HEALTHCARE,1995
13935,41,3,FOOD,5543
13936,68,3,,5543
13937,30,2,HEALTHCARE,4719
13938,63,1,OTHER,1996
13939,77,4,,6162
13940,56,3,HEALTHCARE,5543
13941,53,2,HEALTHCARE,4720
13942,6,2,,4720
13943,30,5,FOOD,6454
13944,62,2,HEALTHCARE,4721
13945,50,3,HEALTHCARE,5544
13946,63,1,HEALTHCARE,1997
13947,71,2,,4721
13948,36,3,HEALTHCARE,5544
13949,59,3,HEALTHCARE,5544
13950,9,1,,1998
13951,50,3,FOOD,5545
13952,10,1,,1999
13953,56,3,HEALTHCARE,5545
13954,69,2,,4722
13955,34,3,HEALTHCARE,5545
13956,50,3,FOOD,5546
13957,61,4,OTHER,6162
13958,28,2,HEALTHCARE,4722
13959,43,1,OTHER,2000
13960,70,3,,5546
13961,50,1,FOOD,2001
13962,52,2,HEALTHCARE,4723
13963,45,5,HEALTHCARE,6454
13964,51,5,FOOD,6454
13965,5,2,,4723
13966,61,5,HEALTHCARE,6455
13967,16,2,,4724
13968,69,5,,6455
13969,10,2,,4724
13970,72,2,,4725
13971,11,1,,2002
13972,26,5,HEALTHCARE,6455
13973,6,1,,2003
13974,13,2,,4725
13975,49,5,FINANCEINSURANCE,6455
13976,66,2,,4726
13977,30,2,Unemployed,4726
13978,92,2,,4727
13979,45,2,OTHER,4727
13980,65,3,FOOD,5546
13981,31,2,OTHER,4728
13982,60,6,WASTEMANAGEMENT,6586
13983,22,3,HEALTHCARE,5547
13984,82,4,,6162
13985,1,5,,6455
13986,65,2,FOOD,4728
13987,44,3,HEALTHCARE,5547
13988,61,3,HEALTHCARE,5547
13989,48,6,HEALTHCARE,6587
13990,9,4,,6163
13991,24,2,HEALTHCARE,4729
13992,54,3,FOOD,5548
13993,52,1,Unemployed,2004
13994,71,2,,4729
13995,4,6,,6587
13996,37,2,HEALTHCARE,4730
13997,8,1,,2005
13998,73,5,,6456
13999,32,4,Unemployed,6163
14000,6,3,,5548
14001,97,2,,4730
14002,56,6,Unemployed,6587
14003,38,4,HEALTHCARE,6163
14004,48,1,HEALTHCARE,2006
14005,79,4,,6163
14006,50,2,HEALTHCARE,4731
14007,20,3,WASTEMANAGEMENT,5548
14008,24,2,OTHER,4731
14009,43,3,FOOD,5549
14010,17,1,,2007
14011,54,5,WASTEMANAGEMENT,6456
14012,20,5,HEALTHCARE,6456
14013,17,2,,4732
14014,18,2,HEALTHCARE,4732
14015,18,3,HEALTHCARE,5549
14016,32,4,FOOD,6164
14017,52,5,HEALTHCARE,6456
14018,41,6,Unemployed,6587
14019,15,2,,4733
14020,20,2,WASTEMANAGEMENT,4733
14021,40,4,HEALTHCARE,6164
14022,46,6,HEALTHCARE,6587
14023,45,2,HEALTHCARE,4734
14024,27,2,HEALTHCARE,4734
14025,20,2,WASTEMANAGEMENT,4735
14026,71,6,,6587
14027,58,5,FOOD,6456
14028,61,3,HEALTHCARE,5549
14029,7,4,,6164
14030,17,5,,6457
14031,23,2,HEALTHCARE,4735
14032,45,1,HEALTHCARE,2008
14033,55,2,FOOD,4736
14034,17,2,,4736
14035,49,2,FOOD,4737
14036,0,4,,6164
14037,50,2,HEALTHCARE,4737
14038,45,5,HEALTHCARE,6457
14039,34,1,HEALTHCARE,2009
14040,64,3,HEALTHCARE,5550
14041,54,3,FOOD,5550
14042,64,4,HEALTHCARE,6165
14043,66,2,,4738
14044,89,2,,4738
14045,68,3,,5550
14046,90,2,,4739
14047,73,4,,6165
14048,70,3,,5551
14049,27,2,HEALTHCARE,4739
14050,31,5,FOOD,6457
14051,27,5,FOOD,6457
14052,20,2,HEALTHCARE,4740
14053,19,4,FINANCEINSURANCE,6165
14054,24,4,OTHER,6165
14055,44,3,HEALTHCARE,5551
14056,70,3,,5551
14057,67,1,,2010
14058,11,3,,5552
14059,15,2,,4740
14060,44,1,Unemployed,2011
14061,0,1,,2012
14062,2,3,,5552
14063,65,4,HEALTHCARE,6166
14064,60,4,HEALTHCARE,6166
14065,41,1,HEALTHCARE,2013
14066,10,1,,2014
14067,14,4,,6166
14068,73,6,,6588
14069,46,2,HEALTHCARE,4741
14070,42,2,HEALTHCARE,4741
14071,55,2,FOOD,4742
14072,22,2,FOOD,4742
14073,50,1,HEALTHCARE,2015
14074,60,5,HEALTHCARE,6457
14075,48,2,FOOD,4743
14076,72,3,,5552
14077,23,3,HEALTHCARE,5553
14078,78,5,,6458
14079,62,1,HEALTHCARE,2016
14080,52,2,HEALTHCARE,4743
14081,0,4,,6166
14082,19,2,HEALTHCARE,4744
14083,50,4,FINANCEINSURANCE,6167
14084,10,2,,4744
14085,68,1,,2017
14086,60,2,HEALTHCARE,4745
14087,28,4,FINANCEINSURANCE,6167
14088,59,2,HEALTHCARE,4745
14089,38,4,HEALTHCARE,6167
14090,52,4,FOOD,6167
14091,20,2,FOOD,4746
14092,40,2,FOOD,4746
14093,52,3,HEALTHCARE,5553
14094,45,2,HEALTHCARE,4747
14095,68,2,,4747
14096,52,2,FINANCEINSURANCE,4748
14097,55,2,HEALTHCARE,4748
14098,60,3,HEALTHCARE,5553
14099,39,2,FINANCEINSURANCE,4749
14100,53,4,HEALTHCARE,6168
14101,15,3,,5554
14102,8,2,,4749
14103,18,6,OTHER,6588
14104,73,2,,4750
14105,15,3,,5554
14106,54,4,HEALTHCARE,6168
14107,6,2,,4750
14108,48,2,FOOD,4751
14109,42,1,FOOD,2018
14110,66,2,,4751
14111,54,4,FOOD,6168
14112,44,2,FINANCEINSURANCE,4752
14113,55,4,FINANCEINSURANCE,6168
14114,59,2,HEALTHCARE,4752
14115,67,2,,4753
14116,46,1,FOOD,2019
14117,93,2,,4753
14118,70,1,,2020
14119,12,6,,6588
14120,41,2,HEALTHCARE,4754
14121,39,4,HEALTHCARE,6169
14122,8,2,,4754
14123,18,3,Unemployed,5554
14124,28,1,HEALTHCARE,2021
14125,30,3,HEALTHCARE,5555
14126,9,1,,2022
14127,19,5,FOOD,6458
14128,56,4,HEALTHCARE,6169
14129,9,6,,6588
14130,98,5,,6458
14131,52,2,Unemployed,4755
14132,64,1,FOOD,2023
14133,71,2,,4755
14134,38,1,HEALTHCARE,2024
14135,44,1,FOOD,2025
14136,32,3,HEALTHCARE,5555
14137,59,3,FOOD,5555
14138,44,2,HEALTHCARE,4756
14139,53,1,HEALTHCARE,2026
14140,27,2,FOOD,4756
14141,75,1,,2027
14142,61,4,FOOD,6169
14143,29,2,FOOD,4757
14144,54,4,HEALTHCARE,6169
14145,59,3,HEALTHCARE,5556
14146,52,4,FOOD,6170
14147,25,2,Unemployed,4757
14148,78,3,,5556
14149,2,4,,6170
14150,16,2,,4758
14151,29,2,FINANCEINSURANCE,4758
14152,64,2,OTHER,4759
14153,50,3,HEALTHCARE,5556
14154,95,2,,4759
14155,43,4,FOOD,6170
14156,56,3,FOOD,5557
14157,86,2,,4760
14158,59,2,HEALTHCARE,4760
14159,44,4,HEALTHCARE,6170
14160,48,4,FOOD,6171
14161,78,5,,6458
14162,45,2,FOOD,4761
14163,99,6,,6588
14164,40,5,FOOD,6458
14165,1,2,,4761
14166,6,2,,4762
14167,72,3,,5557
14168,89,2,,4762
14169,43,5,FOOD,6459
14170,40,5,OTHER,6459
14171,29,2,HEALTHCARE,4763
14172,18,2,HEALTHCARE,4763
14173,98,2,,4764
14174,11,1,,2028
14175,10,1,,2029
14176,64,2,FINANCEINSURANCE,4764
14177,32,5,HEALTHCARE,6459
14178,52,1,FOOD,2030
14179,89,2,,4765
14180,81,2,,4765
14181,73,4,,6171
14182,61,2,FOOD,4766
14183,15,1,,2031
14184,1,2,,4766
14185,47,3,HEALTHCARE,5557
14186,35,2,HEALTHCARE,4767
14187,23,2,OTHER,4767
14188,43,1,FOOD,2032
14189,20,4,OTHER,6171
14190,66,6,,6588
14191,77,3,,5558
14192,38,1,HEALTHCARE,2033
14193,65,2,HEALTHCARE,4768
14194,62,1,HEALTHCARE,2034
14195,17,4,,6171
14196,1,2,,4768
14197,22,5,FOOD,6459
14198,41,2,WASTEMANAGEMENT,4769
14199,60,1,HEALTHCARE,2035
14200,35,2,HEALTHCARE,4769
14201,38,2,FOOD,4770
14202,14,2,,4770
14203,4,6,,6589
14204,77,2,,4771
14205,89,1,,2036
14206,44,1,HEALTHCARE,2037
14207,58,2,FOOD,4771
14208,37,1,HEALTHCARE,2038
14209,64,4,Unemployed,6172
14210,10,2,,4772
14211,51,2,HEALTHCARE,4772
14212,52,2,FOOD,4773
14213,74,2,,4773
14214,58,2,FOOD,4774
14215,49,5,HEALTHCARE,6459
14216,60,3,HEALTHCARE,5558
14217,53,6,FOOD,6589
14218,52,5,FOOD,6460
14219,41,1,FOOD,2039
14220,28,1,Unemployed,2040
14221,22,2,FOOD,4774
14222,28,2,FINANCEINSURANCE,4775
14223,48,1,FOOD,2041
14224,63,3,OTHER,5558
14225,7,4,,6172
14226,8,5,,6460
14227,78,2,,4775
14228,58,2,FOOD,4776
14229,44,4,FOOD,6172
14230,8,3,,5559
14231,52,2,Unemployed,4776
14232,9,2,,4777
14233,72,4,,6172
14234,51,2,FOOD,4777
14235,56,1,HEALTHCARE,2042
14236,55,2,FOOD,4778
14237,67,2,,4778
14238,12,1,,2043
14239,43,6,FOOD,6589
14240,69,3,,5559
14241,17,5,,6460
14242,32,4,HEALTHCARE,6173
14243,80,5,,6460
14244,1,6,,6589
14245,52,3,HEALTHCARE,5559
14246,57,5,FOOD,6460
14247,21,4,FOOD,6173
14248,15,2,,4779
14249,72,2,,4779
14250,6,2,,4780
14251,45,2,FOOD,4780
14252,24,2,FINANCEINSURANCE,4781
14253,53,2,OTHER,4781
14254,28,4,HEALTHCARE,6173
14255,68,2,,4782
14256,76,2,,4782
14257,92,5,,6461
14258,51,6,FOOD,6589
14259,54,2,HEALTHCARE,4783
14260,97,2,,4783
14261,63,3,FOOD,5560
14262,72,1,,2044
14263,58,4,HEALTHCARE,6173
14264,64,1,HEALTHCARE,2045
14265,67,3,,5560
14266,62,3,HEALTHCARE,5560
14267,27,2,FOOD,4784
14268,65,3,HEALTHCARE,5561
14269,60,5,FOOD,6461
14270,1,2,,4784
14271,43,3,HEALTHCARE,5561
14272,28,6,FOOD,6589
14273,17,5,,6461
14274,85,2,,4785
14275,78,2,,4785
14276,44,3,HEALTHCARE,5561
14277,25,2,FOOD,4786
14278,68,1,,2046
14279,60,2,Unemployed,4786
14280,41,2,Unemployed,4787
14281,0,5,,6461
14282,66,5,,6461
14283,54,5,FOOD,6462
14284,57,4,FOOD,6174
14285,67,5,,6462
14286,54,2,OTHER,4787
14287,44,2,HEALTHCARE,4788
14288,4,6,,6590
14289,59,4,HEALTHCARE,6174
14290,70,5,,6462
14291,26,2,OTHER,4788
14292,36,2,Unemployed,4789
14293,38,3,FOOD,5562
14294,61,2,FOOD,4789
14295,67,2,,4790
14296,91,3,,5562
14297,1,3,,5562
14298,9,1,,2047
14299,27,2,FOOD,4790
14300,61,4,FOOD,6174
14301,56,3,HEALTHCARE,5563
14302,4,2,,4791
14303,67,4,,6174
14304,40,3,OTHER,5563
14305,20,1,HEALTHCARE,2048
14306,52,2,FOOD,4791
14307,54,2,Unemployed,4792
14308,4,2,,4792
14309,69,2,,4793
14310,94,2,,4793
14311,19,6,FINANCEINSURANCE,6590
14312,70,5,,6462
14313,73,1,,2049
14314,63,1,FOOD,2050
14315,17,2,,4794
14316,14,2,,4794
14317,55,2,FOOD,4795
14318,41,2,HEALTHCARE,4795
14319,34,5,HEALTHCARE,6462
14320,71,4,,6175
14321,69,3,,5563
14322,56,3,HEALTHCARE,5564
14323,74,3,,5564
14324,15,1,,2051
14325,10,2,,4796
14326,65,2,OTHER,4796
14327,30,2,FOOD,4797
14328,25,4,HEALTHCARE,6175
14329,31,4,FINANCEINSURANCE,6175
14330,39,2,FOOD,4797
14331,22,2,FINANCEINSURANCE,4798
14332,46,2,FINANCEINSURANCE,4798
14333,58,2,OTHER,4799
14334,70,4,,6175
14335,32,2,WASTEMANAGEMENT,4799
14336,7,2,,4800
14337,55,6,HEALTHCARE,6590
14338,64,2,FOOD,4800
14339,41,2,HEALTHCARE,4801
14340,63,4,Unemployed,6176
14341,58,3,FOOD,5564
14342,65,4,FOOD,6176
14343,47,2,HEALTHCARE,4801
14344,22,1,FOOD,2052
14345,30,2,HEALTHCARE,4802
14346,38,2,FOOD,4802
14347,17,3,,5565
14348,47,2,WASTEMANAGEMENT,4803
14349,41,4,FOOD,6176
14350,74,4,,6176
14351,13,4,,6177
14352,59,2,FOOD,4803
14353,18,5,FOOD,6463
14354,45,3,HEALTHCARE,5565
14355,75,3,,5565
14356,27,2,FOOD,4804
14357,19,3,HEALTHCARE,5566
14358,16,1,,2053
14359,18,4,WASTEMANAGEMENT,6177
14360,1,4,,6177
14361,52,3,FOOD,5566
14362,42,6,HEALTHCARE,6590
14363,54,2,FOOD,4804
14364,65,4,HEALTHCARE,6177
14365,63,3,FOOD,5566
14366,2,4,,6178
14367,42,3,OTHER,5567
14368,40,2,FOOD,4805
14369,71,3,,5567
14370,52,4,HEALTHCARE,6178
14371,37,2,HEALTHCARE,4805
14372,16,2,,4806
14373,1,2,,4806
14374,77,2,,4807
14375,15,4,,6178
14376,70,2,,4807
14377,89,2,,4808
14378,79,2,,4808
14379,30,2,Unemployed,4809
14380,79,3,,5567
14381,42,3,FOOD,5568
14382,79,3,,5568
14383,1,2,,4809
14384,69,3,,5568
14385,35,3,HEALTHCARE,5569
14386,16,3,,5569
14387,58,4,FOOD,6178
14388,57,2,HEALTHCARE,4810
14389,21,2,FINANCEINSURANCE,4810
14390,10,3,,5569
14391,61,2,FOOD,4811
14392,84,1,,2054
14393,3,2,,4811
14394,28,3,FOOD,5570
14395,75,1,,2055
14396,53,4,HEALTHCARE,6179
14397,46,4,HEALTHCARE,6179
14398,21,2,HEALTHCARE,4812
14399,63,2,FOOD,4812
14400,27,5,FINANCEINSURANCE,6463
14401,76,2,,4813
14402,84,2,,4813
14403,43,6,HEALTHCARE,6590
14404,67,2,,4814
14405,97,2,,4814
14406,7,5,,6463
14407,31,4,FOOD,6179
14408,92,3,,5570
14409,31,4,FOOD,6179
14410,72,3,,5570
14411,18,4,FOOD,6180
14412,45,6,HEALTHCARE,6590
14413,21,3,FOOD,5571
14414,38,2,FOOD,4815
14415,57,3,FINANCEINSURANCE,5571
14416,9,2,,4815
14417,51,3,FINANCEINSURANCE,5571
14418,67,1,,2056
14419,13,5,,6463
14420,61,2,HEALTHCARE,4816
14421,10,2,,4816
14422,32,5,FOOD,6463
14423,34,4,FOOD,6180
14424,69,1,,2057
14425,41,2,Unemployed,4817
14426,55,4,HEALTHCARE,6180
14427,56,1,FOOD,2058
14428,66,2,,4817
14429,20,4,HEALTHCARE,6180
14430,68,1,,2059
